group_id,strategy_id,portfolio_mode,variant_id,cost_bps,borrow_fee_annual,reference_strategy_id,comparison_type,metric,estimate
G21,G21__mom_12_1__top10__monthly__long_only__rev20,long_only,rev20,0.0,0.0,G00__mom_12_1__top10__monthly__long_only,delta_vs_same_scenario_G00,cagr,-0.03536405015390737
G21,G21__mom_12_1__top10__monthly__long_only__rev20,long_only,rev20,0.0,0.0,G00__mom_12_1__top10__monthly__long_only,delta_vs_same_scenario_G00,sharpe_excess_rf,-0.11593044614896952
G21,G21__mom_12_1__top10__monthly__long_only__rev20,long_only,rev20,0.0,0.0,G00__mom_12_1__top10__monthly__long_only,delta_vs_same_scenario_G00,max_drawdown,-0.16685224064733561
G21,G21__mom_12_1__top10__monthly__long_only__rev20,long_only,rev20,0.0,0.0,G00__mom_12_1__top10__monthly__long_only,delta_vs_same_scenario_G00,annualized_volatility,0.05263760208255197
G21,G21__mom_12_1__top10__monthly__long_only__rev20,long_only,rev20,0.0,0.0,G00__mom_12_1__top10__monthly__long_only,delta_vs_same_scenario_G00,annualized_l1_turnover,4.766682727359365
G21,G21__mom_12_1__top10__monthly__long_only__rev20,long_only,rev20,5.0,0.0,G00__mom_12_1__top10__monthly__long_only,delta_vs_same_scenario_G00,cagr,-0.03803497683050988
G21,G21__mom_12_1__top10__monthly__long_only__rev20,long_only,rev20,5.0,0.0,G00__mom_12_1__top10__monthly__long_only,delta_vs_same_scenario_G00,sharpe_excess_rf,-0.12021649708796511
G21,G21__mom_12_1__top10__monthly__long_only__rev20,long_only,rev20,5.0,0.0,G00__mom_12_1__top10__monthly__long_only,delta_vs_same_scenario_G00,max_drawdown,-0.16238668493287323
G21,G21__mom_12_1__top10__monthly__long_only__rev20,long_only,rev20,5.0,0.0,G00__mom_12_1__top10__monthly__long_only,delta_vs_same_scenario_G00,annualized_volatility,0.05261326113262549
G21,G21__mom_12_1__top10__monthly__long_only__rev20,long_only,rev20,5.0,0.0,G00__mom_12_1__top10__monthly__long_only,delta_vs_same_scenario_G00,annualized_l1_turnover,4.766682727359365
G21,G21__mom_12_1__top10__monthly__long_only__rev20,long_only,rev20,10.0,0.0,G00__mom_12_1__top10__monthly__long_only,delta_vs_same_scenario_G00,cagr,-0.04067841783193327
G21,G21__mom_12_1__top10__monthly__long_only__rev20,long_only,rev20,10.0,0.0,G00__mom_12_1__top10__monthly__long_only,delta_vs_same_scenario_G00,sharpe_excess_rf,-0.12451155130251201
G21,G21__mom_12_1__top10__monthly__long_only__rev20,long_only,rev20,10.0,0.0,G00__mom_12_1__top10__monthly__long_only,delta_vs_same_scenario_G00,max_drawdown,-0.1579616379781052
G21,G21__mom_12_1__top10__monthly__long_only__rev20,long_only,rev20,10.0,0.0,G00__mom_12_1__top10__monthly__long_only,delta_vs_same_scenario_G00,annualized_volatility,0.05259606935412098
G21,G21__mom_12_1__top10__monthly__long_only__rev20,long_only,rev20,10.0,0.0,G00__mom_12_1__top10__monthly__long_only,delta_vs_same_scenario_G00,annualized_l1_turnover,4.766682727359367
G21,G21__mom_12_1__top10__monthly__long_only__rev20,long_only,rev20,20.0,0.0,G00__mom_12_1__top10__monthly__long_only,delta_vs_same_scenario_G00,cagr,-0.04588358977808976
G21,G21__mom_12_1__top10__monthly__long_only__rev20,long_only,rev20,20.0,0.0,G00__mom_12_1__top10__monthly__long_only,delta_vs_same_scenario_G00,sharpe_excess_rf,-0.13312458028753205
G21,G21__mom_12_1__top10__monthly__long_only__rev20,long_only,rev20,20.0,0.0,G00__mom_12_1__top10__monthly__long_only,delta_vs_same_scenario_G00,max_drawdown,-0.14923179127548042
G21,G21__mom_12_1__top10__monthly__long_only__rev20,long_only,rev20,20.0,0.0,G00__mom_12_1__top10__monthly__long_only,delta_vs_same_scenario_G00,annualized_volatility,0.05258313864399017
G21,G21__mom_12_1__top10__monthly__long_only__rev20,long_only,rev20,20.0,0.0,G00__mom_12_1__top10__monthly__long_only,delta_vs_same_scenario_G00,annualized_l1_turnover,4.766682727359365
G21,G21__mom_12_1__top10__monthly__long_only__rev5,long_only,rev5,0.0,0.0,G00__mom_12_1__top10__monthly__long_only,delta_vs_same_scenario_G00,cagr,-0.006461294093611458
G21,G21__mom_12_1__top10__monthly__long_only__rev5,long_only,rev5,0.0,0.0,G00__mom_12_1__top10__monthly__long_only,delta_vs_same_scenario_G00,sharpe_excess_rf,-0.046041435871422065
G21,G21__mom_12_1__top10__monthly__long_only__rev5,long_only,rev5,0.0,0.0,G00__mom_12_1__top10__monthly__long_only,delta_vs_same_scenario_G00,max_drawdown,-0.18193224280058828
G21,G21__mom_12_1__top10__monthly__long_only__rev5,long_only,rev5,0.0,0.0,G00__mom_12_1__top10__monthly__long_only,delta_vs_same_scenario_G00,annualized_volatility,0.037668457837347624
G21,G21__mom_12_1__top10__monthly__long_only__rev5,long_only,rev5,0.0,0.0,G00__mom_12_1__top10__monthly__long_only,delta_vs_same_scenario_G00,annualized_l1_turnover,4.607555479578053
G21,G21__mom_12_1__top10__monthly__long_only__rev5,long_only,rev5,5.0,0.0,G00__mom_12_1__top10__monthly__long_only,delta_vs_same_scenario_G00,cagr,-0.00923265747276475
G21,G21__mom_12_1__top10__monthly__long_only__rev5,long_only,rev5,5.0,0.0,G00__mom_12_1__top10__monthly__long_only,delta_vs_same_scenario_G00,sharpe_excess_rf,-0.05081851968699258
G21,G21__mom_12_1__top10__monthly__long_only__rev5,long_only,rev5,5.0,0.0,G00__mom_12_1__top10__monthly__long_only,delta_vs_same_scenario_G00,max_drawdown,-0.17745160708397278
G21,G21__mom_12_1__top10__monthly__long_only__rev5,long_only,rev5,5.0,0.0,G00__mom_12_1__top10__monthly__long_only,delta_vs_same_scenario_G00,annualized_volatility,0.037681996607738466
G21,G21__mom_12_1__top10__monthly__long_only__rev5,long_only,rev5,5.0,0.0,G00__mom_12_1__top10__monthly__long_only,delta_vs_same_scenario_G00,annualized_l1_turnover,4.607555479578053
G21,G21__mom_12_1__top10__monthly__long_only__rev5,long_only,rev5,10.0,0.0,G00__mom_12_1__top10__monthly__long_only,delta_vs_same_scenario_G00,cagr,-0.011976526039931823
G21,G21__mom_12_1__top10__monthly__long_only__rev5,long_only,rev5,10.0,0.0,G00__mom_12_1__top10__monthly__long_only,delta_vs_same_scenario_G00,sharpe_excess_rf,-0.05560437601257684
G21,G21__mom_12_1__top10__monthly__long_only__rev5,long_only,rev5,10.0,0.0,G00__mom_12_1__top10__monthly__long_only,delta_vs_same_scenario_G00,max_drawdown,-0.17301148012705142
G21,G21__mom_12_1__top10__monthly__long_only__rev5,long_only,rev5,10.0,0.0,G00__mom_12_1__top10__monthly__long_only,delta_vs_same_scenario_G00,annualized_volatility,0.037702841973059675
G21,G21__mom_12_1__top10__monthly__long_only__rev5,long_only,rev5,10.0,0.0,G00__mom_12_1__top10__monthly__long_only,delta_vs_same_scenario_G00,annualized_l1_turnover,4.607555479578055
G21,G21__mom_12_1__top10__monthly__long_only__rev5,long_only,rev5,20.0,0.0,G00__mom_12_1__top10__monthly__long_only,delta_vs_same_scenario_G00,cagr,-0.017382512791195237
G21,G21__mom_12_1__top10__monthly__long_only__rev5,long_only,rev5,20.0,0.0,G00__mom_12_1__top10__monthly__long_only,delta_vs_same_scenario_G00,sharpe_excess_rf,-0.065197745932005
G21,G21__mom_12_1__top10__monthly__long_only__rev5,long_only,rev5,20.0,0.0,G00__mom_12_1__top10__monthly__long_only,delta_vs_same_scenario_G00,max_drawdown,-0.17107366280141828
G21,G21__mom_12_1__top10__monthly__long_only__rev5,long_only,rev5,20.0,0.0,G00__mom_12_1__top10__monthly__long_only,delta_vs_same_scenario_G00,annualized_volatility,0.03776644318623773
G21,G21__mom_12_1__top10__monthly__long_only__rev5,long_only,rev5,20.0,0.0,G00__mom_12_1__top10__monthly__long_only,delta_vs_same_scenario_G00,annualized_l1_turnover,4.607555479578053
G21,G21__mom_12_1__top10__monthly__long_short__rev20,long_short,rev20,0.0,0.0,G00__mom_12_1__top10__monthly__long_short,delta_vs_same_scenario_G00,cagr,0.014372098405635497
G21,G21__mom_12_1__top10__monthly__long_short__rev20,long_short,rev20,0.0,0.0,G00__mom_12_1__top10__monthly__long_short,delta_vs_same_scenario_G00,sharpe_excess_rf,0.06552501469286515
G21,G21__mom_12_1__top10__monthly__long_short__rev20,long_short,rev20,0.0,0.0,G00__mom_12_1__top10__monthly__long_short,delta_vs_same_scenario_G00,max_drawdown,-0.028885246590837133
G21,G21__mom_12_1__top10__monthly__long_short__rev20,long_short,rev20,0.0,0.0,G00__mom_12_1__top10__monthly__long_short,delta_vs_same_scenario_G00,annualized_volatility,-0.015898208490278898
G21,G21__mom_12_1__top10__monthly__long_short__rev20,long_short,rev20,0.0,0.0,G00__mom_12_1__top10__monthly__long_short,delta_vs_same_scenario_G00,annualized_l1_turnover,4.361101461789048
G21,G21__mom_12_1__top10__monthly__long_short__rev20,long_short,rev20,0.0,0.01,G00__mom_12_1__top10__monthly__long_short,delta_vs_same_scenario_G00,cagr,0.014320910245000429
G21,G21__mom_12_1__top10__monthly__long_short__rev20,long_short,rev20,0.0,0.01,G00__mom_12_1__top10__monthly__long_short,delta_vs_same_scenario_G00,sharpe_excess_rf,0.06401415867915183
G21,G21__mom_12_1__top10__monthly__long_short__rev20,long_short,rev20,0.0,0.01,G00__mom_12_1__top10__monthly__long_short,delta_vs_same_scenario_G00,max_drawdown,-0.02723238769904146
G21,G21__mom_12_1__top10__monthly__long_short__rev20,long_short,rev20,0.0,0.01,G00__mom_12_1__top10__monthly__long_short,delta_vs_same_scenario_G00,annualized_volatility,-0.015903536283174674
G21,G21__mom_12_1__top10__monthly__long_short__rev20,long_short,rev20,0.0,0.01,G00__mom_12_1__top10__monthly__long_short,delta_vs_same_scenario_G00,annualized_l1_turnover,4.362020959682885
G21,G21__mom_12_1__top10__monthly__long_short__rev20,long_short,rev20,0.0,0.03,G00__mom_12_1__top10__monthly__long_short,delta_vs_same_scenario_G00,cagr,0.014220367575710935
G21,G21__mom_12_1__top10__monthly__long_short__rev20,long_short,rev20,0.0,0.03,G00__mom_12_1__top10__monthly__long_short,delta_vs_same_scenario_G00,sharpe_excess_rf,0.06103536355202707
G21,G21__mom_12_1__top10__monthly__long_short__rev20,long_short,rev20,0.0,0.03,G00__mom_12_1__top10__monthly__long_short,delta_vs_same_scenario_G00,max_drawdown,-0.022496201217702905
G21,G21__mom_12_1__top10__monthly__long_short__rev20,long_short,rev20,0.0,0.03,G00__mom_12_1__top10__monthly__long_short,delta_vs_same_scenario_G00,annualized_volatility,-0.015914050459644363
G21,G21__mom_12_1__top10__monthly__long_short__rev20,long_short,rev20,0.0,0.03,G00__mom_12_1__top10__monthly__long_short,delta_vs_same_scenario_G00,annualized_l1_turnover,4.363835163231613
G21,G21__mom_12_1__top10__monthly__long_short__rev20,long_short,rev20,5.0,0.0,G00__mom_12_1__top10__monthly__long_short,delta_vs_same_scenario_G00,cagr,0.01195671400205224
G21,G21__mom_12_1__top10__monthly__long_short__rev20,long_short,rev20,5.0,0.0,G00__mom_12_1__top10__monthly__long_short,delta_vs_same_scenario_G00,sharpe_excess_rf,0.053963174205197084
G21,G21__mom_12_1__top10__monthly__long_short__rev20,long_short,rev20,5.0,0.0,G00__mom_12_1__top10__monthly__long_short,delta_vs_same_scenario_G00,max_drawdown,-0.02809811171021781
G21,G21__mom_12_1__top10__monthly__long_short__rev20,long_short,rev20,5.0,0.0,G00__mom_12_1__top10__monthly__long_short,delta_vs_same_scenario_G00,annualized_volatility,-0.015915424027646702
G21,G21__mom_12_1__top10__monthly__long_short__rev20,long_short,rev20,5.0,0.0,G00__mom_12_1__top10__monthly__long_short,delta_vs_same_scenario_G00,annualized_l1_turnover,4.361101461789048
G21,G21__mom_12_1__top10__monthly__long_short__rev20,long_short,rev20,5.0,0.01,G00__mom_12_1__top10__monthly__long_short,delta_vs_same_scenario_G00,cagr,0.011916943039492145
G21,G21__mom_12_1__top10__monthly__long_short__rev20,long_short,rev20,5.0,0.01,G00__mom_12_1__top10__monthly__long_short,delta_vs_same_scenario_G00,sharpe_excess_rf,0.05245034695504494
G21,G21__mom_12_1__top10__monthly__long_short__rev20,long_short,rev20,5.0,0.01,G00__mom_12_1__top10__monthly__long_short,delta_vs_same_scenario_G00,max_drawdown,-0.025664807960816383
G21,G21__mom_12_1__top10__monthly__long_short__rev20,long_short,rev20,5.0,0.01,G00__mom_12_1__top10__monthly__long_short,delta_vs_same_scenario_G00,annualized_volatility,-0.015920742920574882
G21,G21__mom_12_1__top10__monthly__long_short__rev20,long_short,rev20,5.0,0.01,G00__mom_12_1__top10__monthly__long_short,delta_vs_same_scenario_G00,annualized_l1_turnover,4.362020959682885
G21,G21__mom_12_1__top10__monthly__long_short__rev20,long_short,rev20,5.0,0.03,G00__mom_12_1__top10__monthly__long_short,delta_vs_same_scenario_G00,cagr,0.01183875715177729
G21,G21__mom_12_1__top10__monthly__long_short__rev20,long_short,rev20,5.0,0.03,G00__mom_12_1__top10__monthly__long_short,delta_vs_same_scenario_G00,sharpe_excess_rf,0.049467673361942216
G21,G21__mom_12_1__top10__monthly__long_short__rev20,long_short,rev20,5.0,0.03,G00__mom_12_1__top10__monthly__long_short,delta_vs_same_scenario_G00,max_drawdown,-0.02100761377584409
G21,G21__mom_12_1__top10__monthly__long_short__rev20,long_short,rev20,5.0,0.03,G00__mom_12_1__top10__monthly__long_short,delta_vs_same_scenario_G00,annualized_volatility,-0.015931239783121054
G21,G21__mom_12_1__top10__monthly__long_short__rev20,long_short,rev20,5.0,0.03,G00__mom_12_1__top10__monthly__long_short,delta_vs_same_scenario_G00,annualized_l1_turnover,4.363835163231613
G21,G21__mom_12_1__top10__monthly__long_short__rev20,long_short,rev20,10.0,0.0,G00__mom_12_1__top10__monthly__long_short,delta_vs_same_scenario_G00,cagr,0.009565663122454993
G21,G21__mom_12_1__top10__monthly__long_short__rev20,long_short,rev20,10.0,0.0,G00__mom_12_1__top10__monthly__long_short,delta_vs_same_scenario_G00,sharpe_excess_rf,0.042375396945042804
G21,G21__mom_12_1__top10__monthly__long_short__rev20,long_short,rev20,10.0,0.0,G00__mom_12_1__top10__monthly__long_short,delta_vs_same_scenario_G00,max_drawdown,-0.026522281649135004
G21,G21__mom_12_1__top10__monthly__long_short__rev20,long_short,rev20,10.0,0.0,G00__mom_12_1__top10__monthly__long_short,delta_vs_same_scenario_G00,annualized_volatility,-0.01591871731834249
G21,G21__mom_12_1__top10__monthly__long_short__rev20,long_short,rev20,10.0,0.0,G00__mom_12_1__top10__monthly__long_short,delta_vs_same_scenario_G00,annualized_l1_turnover,4.361101461789048
G21,G21__mom_12_1__top10__monthly__long_short__rev20,long_short,rev20,10.0,0.01,G00__mom_12_1__top10__monthly__long_short,delta_vs_same_scenario_G00,cagr,0.009537199897545333
G21,G21__mom_12_1__top10__monthly__long_short__rev20,long_short,rev20,10.0,0.01,G00__mom_12_1__top10__monthly__long_short,delta_vs_same_scenario_G00,sharpe_excess_rf,0.04086219846626607
G21,G21__mom_12_1__top10__monthly__long_short__rev20,long_short,rev20,10.0,0.01,G00__mom_12_1__top10__monthly__long_short,delta_vs_same_scenario_G00,max_drawdown,-0.02412944431981745
G21,G21__mom_12_1__top10__monthly__long_short__rev20,long_short,rev20,10.0,0.01,G00__mom_12_1__top10__monthly__long_short,delta_vs_same_scenario_G00,annualized_volatility,-0.01592402509365387
G21,G21__mom_12_1__top10__monthly__long_short__rev20,long_short,rev20,10.0,0.01,G00__mom_12_1__top10__monthly__long_short,delta_vs_same_scenario_G00,annualized_l1_turnover,4.362020959682885
G21,G21__mom_12_1__top10__monthly__long_short__rev20,long_short,rev20,10.0,0.03,G00__mom_12_1__top10__monthly__long_short,delta_vs_same_scenario_G00,cagr,0.00948115638198551
G21,G21__mom_12_1__top10__monthly__long_short__rev20,long_short,rev20,10.0,0.03,G00__mom_12_1__top10__monthly__long_short,delta_vs_same_scenario_G00,sharpe_excess_rf,0.037878799159145465
G21,G21__mom_12_1__top10__monthly__long_short__rev20,long_short,rev20,10.0,0.03,G00__mom_12_1__top10__monthly__long_short,delta_vs_same_scenario_G00,max_drawdown,-0.021278244741234964
G21,G21__mom_12_1__top10__monthly__long_short__rev20,long_short,rev20,10.0,0.03,G00__mom_12_1__top10__monthly__long_short,delta_vs_same_scenario_G00,annualized_volatility,-0.01593450026568602
G21,G21__mom_12_1__top10__monthly__long_short__rev20,long_short,rev20,10.0,0.03,G00__mom_12_1__top10__monthly__long_short,delta_vs_same_scenario_G00,annualized_l1_turnover,4.363835163231613
G21,G21__mom_12_1__top10__monthly__long_short__rev20,long_short,rev20,20.0,0.0,G00__mom_12_1__top10__monthly__long_short,delta_vs_same_scenario_G00,cagr,0.004855891118239107
G21,G21__mom_12_1__top10__monthly__long_short__rev20,long_short,rev20,20.0,0.0,G00__mom_12_1__top10__monthly__long_short,delta_vs_same_scenario_G00,sharpe_excess_rf,0.019152567218775562
G21,G21__mom_12_1__top10__monthly__long_short__rev20,long_short,rev20,20.0,0.0,G00__mom_12_1__top10__monthly__long_short,delta_vs_same_scenario_G00,max_drawdown,-0.027144186892769206
G21,G21__mom_12_1__top10__monthly__long_short__rev20,long_short,rev20,20.0,0.0,G00__mom_12_1__top10__monthly__long_short,delta_vs_same_scenario_G00,annualized_volatility,-0.015883542529267103
G21,G21__mom_12_1__top10__monthly__long_short__rev20,long_short,rev20,20.0,0.0,G00__mom_12_1__top10__monthly__long_short,delta_vs_same_scenario_G00,annualized_l1_turnover,4.361101461789048
G21,G21__mom_12_1__top10__monthly__long_short__rev20,long_short,rev20,20.0,0.01,G00__mom_12_1__top10__monthly__long_short,delta_vs_same_scenario_G00,cagr,0.004849717840660656
G21,G21__mom_12_1__top10__monthly__long_short__rev20,long_short,rev20,20.0,0.01,G00__mom_12_1__top10__monthly__long_short,delta_vs_same_scenario_G00,sharpe_excess_rf,0.017643424279641884
G21,G21__mom_12_1__top10__monthly__long_short__rev20,long_short,rev20,20.0,0.01,G00__mom_12_1__top10__monthly__long_short,delta_vs_same_scenario_G00,max_drawdown,-0.026095283034733407
G21,G21__mom_12_1__top10__monthly__long_short__rev20,long_short,rev20,20.0,0.01,G00__mom_12_1__top10__monthly__long_short,delta_vs_same_scenario_G00,annualized_volatility,-0.015888821426912142
G21,G21__mom_12_1__top10__monthly__long_short__rev20,long_short,rev20,20.0,0.01,G00__mom_12_1__top10__monthly__long_short,delta_vs_same_scenario_G00,annualized_l1_turnover,4.362020959682885
G21,G21__mom_12_1__top10__monthly__long_short__rev20,long_short,rev20,20.0,0.03,G00__mom_12_1__top10__monthly__long_short,delta_vs_same_scenario_G00,cagr,0.004837321432092728
G21,G21__mom_12_1__top10__monthly__long_short__rev20,long_short,rev20,20.0,0.03,G00__mom_12_1__top10__monthly__long_short,delta_vs_same_scenario_G00,sharpe_excess_rf,0.014668027799617483
G21,G21__mom_12_1__top10__monthly__long_short__rev20,long_short,rev20,20.0,0.03,G00__mom_12_1__top10__monthly__long_short,delta_vs_same_scenario_G00,max_drawdown,-0.024088123839305253
G21,G21__mom_12_1__top10__monthly__long_short__rev20,long_short,rev20,20.0,0.03,G00__mom_12_1__top10__monthly__long_short,delta_vs_same_scenario_G00,annualized_volatility,-0.01589924010822158
G21,G21__mom_12_1__top10__monthly__long_short__rev20,long_short,rev20,20.0,0.03,G00__mom_12_1__top10__monthly__long_short,delta_vs_same_scenario_G00,annualized_l1_turnover,4.363835163231613
G21,G21__mom_12_1__top10__monthly__long_short__rev5,long_short,rev5,0.0,0.0,G00__mom_12_1__top10__monthly__long_short,delta_vs_same_scenario_G00,cagr,0.006656542520178804
G21,G21__mom_12_1__top10__monthly__long_short__rev5,long_short,rev5,0.0,0.0,G00__mom_12_1__top10__monthly__long_short,delta_vs_same_scenario_G00,sharpe_excess_rf,0.037760378910890346
G21,G21__mom_12_1__top10__monthly__long_short__rev5,long_short,rev5,0.0,0.0,G00__mom_12_1__top10__monthly__long_short,delta_vs_same_scenario_G00,max_drawdown,-0.0030218726199044976
G21,G21__mom_12_1__top10__monthly__long_short__rev5,long_short,rev5,0.0,0.0,G00__mom_12_1__top10__monthly__long_short,delta_vs_same_scenario_G00,annualized_volatility,-0.026302946790912107
G21,G21__mom_12_1__top10__monthly__long_short__rev5,long_short,rev5,0.0,0.0,G00__mom_12_1__top10__monthly__long_short,delta_vs_same_scenario_G00,annualized_l1_turnover,4.292790820222665
G21,G21__mom_12_1__top10__monthly__long_short__rev5,long_short,rev5,0.0,0.01,G00__mom_12_1__top10__monthly__long_short,delta_vs_same_scenario_G00,cagr,0.006630402427904747
G21,G21__mom_12_1__top10__monthly__long_short__rev5,long_short,rev5,0.0,0.01,G00__mom_12_1__top10__monthly__long_short,delta_vs_same_scenario_G00,sharpe_excess_rf,0.03502828973443828
G21,G21__mom_12_1__top10__monthly__long_short__rev5,long_short,rev5,0.0,0.01,G00__mom_12_1__top10__monthly__long_short,delta_vs_same_scenario_G00,max_drawdown,-0.0015342719268396365
G21,G21__mom_12_1__top10__monthly__long_short__rev5,long_short,rev5,0.0,0.01,G00__mom_12_1__top10__monthly__long_short,delta_vs_same_scenario_G00,annualized_volatility,-0.026310076509095615
G21,G21__mom_12_1__top10__monthly__long_short__rev5,long_short,rev5,0.0,0.01,G00__mom_12_1__top10__monthly__long_short,delta_vs_same_scenario_G00,annualized_l1_turnover,4.293717757874999
G21,G21__mom_12_1__top10__monthly__long_short__rev5,long_short,rev5,0.0,0.03,G00__mom_12_1__top10__monthly__long_short,delta_vs_same_scenario_G00,cagr,0.006579079651836628
G21,G21__mom_12_1__top10__monthly__long_short__rev5,long_short,rev5,0.0,0.03,G00__mom_12_1__top10__monthly__long_short,delta_vs_same_scenario_G00,sharpe_excess_rf,0.029643014005699686
G21,G21__mom_12_1__top10__monthly__long_short__rev5,long_short,rev5,0.0,0.03,G00__mom_12_1__top10__monthly__long_short,delta_vs_same_scenario_G00,max_drawdown,0.0004724901287100902
G21,G21__mom_12_1__top10__monthly__long_short__rev5,long_short,rev5,0.0,0.03,G00__mom_12_1__top10__monthly__long_short,delta_vs_same_scenario_G00,annualized_volatility,-0.02632414574960454
G21,G21__mom_12_1__top10__monthly__long_short__rev5,long_short,rev5,0.0,0.03,G00__mom_12_1__top10__monthly__long_short,delta_vs_same_scenario_G00,annualized_l1_turnover,4.2955466601181005
G21,G21__mom_12_1__top10__monthly__long_short__rev5,long_short,rev5,5.0,0.0,G00__mom_12_1__top10__monthly__long_short,delta_vs_same_scenario_G00,cagr,0.004330703611974865
G21,G21__mom_12_1__top10__monthly__long_short__rev5,long_short,rev5,5.0,0.0,G00__mom_12_1__top10__monthly__long_short,delta_vs_same_scenario_G00,sharpe_excess_rf,0.024734042783695842
G21,G21__mom_12_1__top10__monthly__long_short__rev5,long_short,rev5,5.0,0.0,G00__mom_12_1__top10__monthly__long_short,delta_vs_same_scenario_G00,max_drawdown,-0.0033298913946094855
G21,G21__mom_12_1__top10__monthly__long_short__rev5,long_short,rev5,5.0,0.0,G00__mom_12_1__top10__monthly__long_short,delta_vs_same_scenario_G00,annualized_volatility,-0.02628010070358222
G21,G21__mom_12_1__top10__monthly__long_short__rev5,long_short,rev5,5.0,0.0,G00__mom_12_1__top10__monthly__long_short,delta_vs_same_scenario_G00,annualized_l1_turnover,4.292790820222665
G21,G21__mom_12_1__top10__monthly__long_short__rev5,long_short,rev5,5.0,0.01,G00__mom_12_1__top10__monthly__long_short,delta_vs_same_scenario_G00,cagr,0.00431563514637473
G21,G21__mom_12_1__top10__monthly__long_short__rev5,long_short,rev5,5.0,0.01,G00__mom_12_1__top10__monthly__long_short,delta_vs_same_scenario_G00,sharpe_excess_rf,0.022004445445299087
G21,G21__mom_12_1__top10__monthly__long_short__rev5,long_short,rev5,5.0,0.01,G00__mom_12_1__top10__monthly__long_short,delta_vs_same_scenario_G00,max_drawdown,-0.002658903022124015
G21,G21__mom_12_1__top10__monthly__long_short__rev5,long_short,rev5,5.0,0.01,G00__mom_12_1__top10__monthly__long_short,delta_vs_same_scenario_G00,annualized_volatility,-0.026287215922608465
G21,G21__mom_12_1__top10__monthly__long_short__rev5,long_short,rev5,5.0,0.01,G00__mom_12_1__top10__monthly__long_short,delta_vs_same_scenario_G00,annualized_l1_turnover,4.293717757874999
G21,G21__mom_12_1__top10__monthly__long_short__rev5,long_short,rev5,5.0,0.03,G00__mom_12_1__top10__monthly__long_short,delta_vs_same_scenario_G00,cagr,0.004285991421919544
G21,G21__mom_12_1__top10__monthly__long_short__rev5,long_short,rev5,5.0,0.03,G00__mom_12_1__top10__monthly__long_short,delta_vs_same_scenario_G00,sharpe_excess_rf,0.016624084832128794
G21,G21__mom_12_1__top10__monthly__long_short__rev5,long_short,rev5,5.0,0.03,G00__mom_12_1__top10__monthly__long_short,delta_vs_same_scenario_G00,max_drawdown,-0.004713668830203688
G21,G21__mom_12_1__top10__monthly__long_short__rev5,long_short,rev5,5.0,0.03,G00__mom_12_1__top10__monthly__long_short,delta_vs_same_scenario_G00,annualized_volatility,-0.026301256833772407
G21,G21__mom_12_1__top10__monthly__long_short__rev5,long_short,rev5,5.0,0.03,G00__mom_12_1__top10__monthly__long_short,delta_vs_same_scenario_G00,annualized_l1_turnover,4.2955466601181005
G21,G21__mom_12_1__top10__monthly__long_short__rev5,long_short,rev5,10.0,0.0,G00__mom_12_1__top10__monthly__long_short,delta_vs_same_scenario_G00,cagr,0.002028411102471761
G21,G21__mom_12_1__top10__monthly__long_short__rev5,long_short,rev5,10.0,0.0,G00__mom_12_1__top10__monthly__long_short,delta_vs_same_scenario_G00,sharpe_excess_rf,0.011694911966575322
G21,G21__mom_12_1__top10__monthly__long_short__rev5,long_short,rev5,10.0,0.0,G00__mom_12_1__top10__monthly__long_short,delta_vs_same_scenario_G00,max_drawdown,-0.006848263100649732
G21,G21__mom_12_1__top10__monthly__long_short__rev5,long_short,rev5,10.0,0.0,G00__mom_12_1__top10__monthly__long_short,delta_vs_same_scenario_G00,annualized_volatility,-0.02624249193417491
G21,G21__mom_12_1__top10__monthly__long_short__rev5,long_short,rev5,10.0,0.0,G00__mom_12_1__top10__monthly__long_short,delta_vs_same_scenario_G00,annualized_l1_turnover,4.292790820222665
G21,G21__mom_12_1__top10__monthly__long_short__rev5,long_short,rev5,10.0,0.01,G00__mom_12_1__top10__monthly__long_short,delta_vs_same_scenario_G00,cagr,0.0020243079270063843
G21,G21__mom_12_1__top10__monthly__long_short__rev5,long_short,rev5,10.0,0.01,G00__mom_12_1__top10__monthly__long_short,delta_vs_same_scenario_G00,sharpe_excess_rf,0.008969753350176773
G21,G21__mom_12_1__top10__monthly__long_short__rev5,long_short,rev5,10.0,0.01,G00__mom_12_1__top10__monthly__long_short,delta_vs_same_scenario_G00,max_drawdown,-0.007844652876573543
G21,G21__mom_12_1__top10__monthly__long_short__rev5,long_short,rev5,10.0,0.01,G00__mom_12_1__top10__monthly__long_short,delta_vs_same_scenario_G00,annualized_volatility,-0.026249590186220667
G21,G21__mom_12_1__top10__monthly__long_short__rev5,long_short,rev5,10.0,0.01,G00__mom_12_1__top10__monthly__long_short,delta_vs_same_scenario_G00,annualized_l1_turnover,4.293717757874999
G21,G21__mom_12_1__top10__monthly__long_short__rev5,long_short,rev5,10.0,0.03,G00__mom_12_1__top10__monthly__long_short,delta_vs_same_scenario_G00,cagr,0.002016134969076676
G21,G21__mom_12_1__top10__monthly__long_short__rev5,long_short,rev5,10.0,0.03,G00__mom_12_1__top10__monthly__long_short,delta_vs_same_scenario_G00,sharpe_excess_rf,0.003598144164903533
G21,G21__mom_12_1__top10__monthly__long_short__rev5,long_short,rev5,10.0,0.03,G00__mom_12_1__top10__monthly__long_short,delta_vs_same_scenario_G00,max_drawdown,-0.00972708782162457
G21,G21__mom_12_1__top10__monthly__long_short__rev5,long_short,rev5,10.0,0.03,G00__mom_12_1__top10__monthly__long_short,delta_vs_same_scenario_G00,annualized_volatility,-0.026263597897096785
G21,G21__mom_12_1__top10__monthly__long_short__rev5,long_short,rev5,10.0,0.03,G00__mom_12_1__top10__monthly__long_short,delta_vs_same_scenario_G00,annualized_l1_turnover,4.2955466601181005
G21,G21__mom_12_1__top10__monthly__long_short__rev5,long_short,rev5,20.0,0.0,G00__mom_12_1__top10__monthly__long_short,delta_vs_same_scenario_G00,cagr,-0.002506183073692027
G21,G21__mom_12_1__top10__monthly__long_short__rev5,long_short,rev5,20.0,0.0,G00__mom_12_1__top10__monthly__long_short,delta_vs_same_scenario_G00,sharpe_excess_rf,-0.01438566052914414
G21,G21__mom_12_1__top10__monthly__long_short__rev5,long_short,rev5,20.0,0.0,G00__mom_12_1__top10__monthly__long_short,delta_vs_same_scenario_G00,max_drawdown,-0.01687453762583846
G21,G21__mom_12_1__top10__monthly__long_short__rev5,long_short,rev5,20.0,0.0,G00__mom_12_1__top10__monthly__long_short,delta_vs_same_scenario_G00,annualized_volatility,-0.026123047316909093
G21,G21__mom_12_1__top10__monthly__long_short__rev5,long_short,rev5,20.0,0.0,G00__mom_12_1__top10__monthly__long_short,delta_vs_same_scenario_G00,annualized_l1_turnover,4.292790820222665
G21,G21__mom_12_1__top10__monthly__long_short__rev5,long_short,rev5,20.0,0.01,G00__mom_12_1__top10__monthly__long_short,delta_vs_same_scenario_G00,cagr,-0.0024886719129177115
G21,G21__mom_12_1__top10__monthly__long_short__rev5,long_short,rev5,20.0,0.01,G00__mom_12_1__top10__monthly__long_short,delta_vs_same_scenario_G00,sharpe_excess_rf,-0.017096122827460647
G21,G21__mom_12_1__top10__monthly__long_short__rev5,long_short,rev5,20.0,0.01,G00__mom_12_1__top10__monthly__long_short,delta_vs_same_scenario_G00,max_drawdown,-0.01769972659391361
G21,G21__mom_12_1__top10__monthly__long_short__rev5,long_short,rev5,20.0,0.01,G00__mom_12_1__top10__monthly__long_short,delta_vs_same_scenario_G00,annualized_volatility,-0.026130104250640468
G21,G21__mom_12_1__top10__monthly__long_short__rev5,long_short,rev5,20.0,0.01,G00__mom_12_1__top10__monthly__long_short,delta_vs_same_scenario_G00,annualized_l1_turnover,4.293717757874999
G21,G21__mom_12_1__top10__monthly__long_short__rev5,long_short,rev5,20.0,0.03,G00__mom_12_1__top10__monthly__long_short,delta_vs_same_scenario_G00,cagr,-0.002454522774096829
G21,G21__mom_12_1__top10__monthly__long_short__rev5,long_short,rev5,20.0,0.03,G00__mom_12_1__top10__monthly__long_short,delta_vs_same_scenario_G00,sharpe_excess_rf,-0.022438763134312492
G21,G21__mom_12_1__top10__monthly__long_short__rev5,long_short,rev5,20.0,0.03,G00__mom_12_1__top10__monthly__long_short,delta_vs_same_scenario_G00,max_drawdown,-0.01925268288037818
G21,G21__mom_12_1__top10__monthly__long_short__rev5,long_short,rev5,20.0,0.03,G00__mom_12_1__top10__monthly__long_short,delta_vs_same_scenario_G00,annualized_volatility,-0.02614403098506321
G21,G21__mom_12_1__top10__monthly__long_short__rev5,long_short,rev5,20.0,0.03,G00__mom_12_1__top10__monthly__long_short,delta_vs_same_scenario_G00,annualized_l1_turnover,4.2955466601181005
G21,G21__mom_12_1__top10__weekly__long_only__rev20,long_only,rev20,0.0,0.0,G00__mom_12_1__top10__weekly__long_only,delta_vs_same_scenario_G00,cagr,-0.0235085674687196
G21,G21__mom_12_1__top10__weekly__long_only__rev20,long_only,rev20,0.0,0.0,G00__mom_12_1__top10__weekly__long_only,delta_vs_same_scenario_G00,sharpe_excess_rf,-0.1038056347181806
G21,G21__mom_12_1__top10__weekly__long_only__rev20,long_only,rev20,0.0,0.0,G00__mom_12_1__top10__weekly__long_only,delta_vs_same_scenario_G00,max_drawdown,-0.31471660814738617
G21,G21__mom_12_1__top10__weekly__long_only__rev20,long_only,rev20,0.0,0.0,G00__mom_12_1__top10__weekly__long_only,delta_vs_same_scenario_G00,annualized_volatility,0.06372016454800172
G21,G21__mom_12_1__top10__weekly__long_only__rev20,long_only,rev20,0.0,0.0,G00__mom_12_1__top10__weekly__long_only,delta_vs_same_scenario_G00,annualized_l1_turnover,17.445838646129012
G21,G21__mom_12_1__top10__weekly__long_only__rev20,long_only,rev20,5.0,0.0,G00__mom_12_1__top10__weekly__long_only,delta_vs_same_scenario_G00,cagr,-0.03397204020603617
G21,G21__mom_12_1__top10__weekly__long_only__rev20,long_only,rev20,5.0,0.0,G00__mom_12_1__top10__weekly__long_only,delta_vs_same_scenario_G00,sharpe_excess_rf,-0.12287329264897462
G21,G21__mom_12_1__top10__weekly__long_only__rev20,long_only,rev20,5.0,0.0,G00__mom_12_1__top10__weekly__long_only,delta_vs_same_scenario_G00,max_drawdown,-0.3150213224319889
G21,G21__mom_12_1__top10__weekly__long_only__rev20,long_only,rev20,5.0,0.0,G00__mom_12_1__top10__weekly__long_only,delta_vs_same_scenario_G00,annualized_volatility,0.0637126950162537
G21,G21__mom_12_1__top10__weekly__long_only__rev20,long_only,rev20,5.0,0.0,G00__mom_12_1__top10__weekly__long_only,delta_vs_same_scenario_G00,annualized_l1_turnover,17.445838646129012
G21,G21__mom_12_1__top10__weekly__long_only__rev20,long_only,rev20,10.0,0.0,G00__mom_12_1__top10__weekly__long_only,delta_vs_same_scenario_G00,cagr,-0.044240285483082925
G21,G21__mom_12_1__top10__weekly__long_only__rev20,long_only,rev20,10.0,0.0,G00__mom_12_1__top10__weekly__long_only,delta_vs_same_scenario_G00,sharpe_excess_rf,-0.14195824862310424
G21,G21__mom_12_1__top10__weekly__long_only__rev20,long_only,rev20,10.0,0.0,G00__mom_12_1__top10__weekly__long_only,delta_vs_same_scenario_G00,max_drawdown,-0.3153249983494371
G21,G21__mom_12_1__top10__weekly__long_only__rev20,long_only,rev20,10.0,0.0,G00__mom_12_1__top10__weekly__long_only,delta_vs_same_scenario_G00,annualized_volatility,0.06372005341325693
G21,G21__mom_12_1__top10__weekly__long_only__rev20,long_only,rev20,10.0,0.0,G00__mom_12_1__top10__weekly__long_only,delta_vs_same_scenario_G00,annualized_l1_turnover,17.445838646129012
G21,G21__mom_12_1__top10__weekly__long_only__rev20,long_only,rev20,20.0,0.0,G00__mom_12_1__top10__weekly__long_only,delta_vs_same_scenario_G00,cagr,-0.06420208915622827
G21,G21__mom_12_1__top10__weekly__long_only__rev20,long_only,rev20,20.0,0.0,G00__mom_12_1__top10__weekly__long_only,delta_vs_same_scenario_G00,sharpe_excess_rf,-0.1801624414455928
G21,G21__mom_12_1__top10__weekly__long_only__rev20,long_only,rev20,20.0,0.0,G00__mom_12_1__top10__weekly__long_only,delta_vs_same_scenario_G00,max_drawdown,-0.31592923948013063
G21,G21__mom_12_1__top10__weekly__long_only__rev20,long_only,rev20,20.0,0.0,G00__mom_12_1__top10__weekly__long_only,delta_vs_same_scenario_G00,annualized_volatility,0.06377923658073265
G21,G21__mom_12_1__top10__weekly__long_only__rev20,long_only,rev20,20.0,0.0,G00__mom_12_1__top10__weekly__long_only,delta_vs_same_scenario_G00,annualized_l1_turnover,17.445838646129012
G21,G21__mom_12_1__top10__weekly__long_only__rev5,long_only,rev5,0.0,0.0,G00__mom_12_1__top10__weekly__long_only,delta_vs_same_scenario_G00,cagr,0.04177080772657288
G21,G21__mom_12_1__top10__weekly__long_only__rev5,long_only,rev5,0.0,0.0,G00__mom_12_1__top10__weekly__long_only,delta_vs_same_scenario_G00,sharpe_excess_rf,0.037545240891651344
G21,G21__mom_12_1__top10__weekly__long_only__rev5,long_only,rev5,0.0,0.0,G00__mom_12_1__top10__weekly__long_only,delta_vs_same_scenario_G00,max_drawdown,-0.3107802380368791
G21,G21__mom_12_1__top10__weekly__long_only__rev5,long_only,rev5,0.0,0.0,G00__mom_12_1__top10__weekly__long_only,delta_vs_same_scenario_G00,annualized_volatility,0.050659728364576107
G21,G21__mom_12_1__top10__weekly__long_only__rev5,long_only,rev5,0.0,0.0,G00__mom_12_1__top10__weekly__long_only,delta_vs_same_scenario_G00,annualized_l1_turnover,27.220768058907105
G21,G21__mom_12_1__top10__weekly__long_only__rev5,long_only,rev5,5.0,0.0,G00__mom_12_1__top10__weekly__long_only,delta_vs_same_scenario_G00,cagr,0.024187658048711036
G21,G21__mom_12_1__top10__weekly__long_only__rev5,long_only,rev5,5.0,0.0,G00__mom_12_1__top10__weekly__long_only,delta_vs_same_scenario_G00,sharpe_excess_rf,0.004929089567798028
G21,G21__mom_12_1__top10__weekly__long_only__rev5,long_only,rev5,5.0,0.0,G00__mom_12_1__top10__weekly__long_only,delta_vs_same_scenario_G00,max_drawdown,-0.3113219937989711
G21,G21__mom_12_1__top10__weekly__long_only__rev5,long_only,rev5,5.0,0.0,G00__mom_12_1__top10__weekly__long_only,delta_vs_same_scenario_G00,annualized_volatility,0.05054307076730796
G21,G21__mom_12_1__top10__weekly__long_only__rev5,long_only,rev5,5.0,0.0,G00__mom_12_1__top10__weekly__long_only,delta_vs_same_scenario_G00,annualized_l1_turnover,27.220768058907105
G21,G21__mom_12_1__top10__weekly__long_only__rev5,long_only,rev5,10.0,0.0,G00__mom_12_1__top10__weekly__long_only,delta_vs_same_scenario_G00,cagr,0.007006572081824286
G21,G21__mom_12_1__top10__weekly__long_only__rev5,long_only,rev5,10.0,0.0,G00__mom_12_1__top10__weekly__long_only,delta_vs_same_scenario_G00,sharpe_excess_rf,-0.027766729526166767
G21,G21__mom_12_1__top10__weekly__long_only__rev5,long_only,rev5,10.0,0.0,G00__mom_12_1__top10__weekly__long_only,delta_vs_same_scenario_G00,max_drawdown,-0.31186168772225714
G21,G21__mom_12_1__top10__weekly__long_only__rev5,long_only,rev5,10.0,0.0,G00__mom_12_1__top10__weekly__long_only,delta_vs_same_scenario_G00,annualized_volatility,0.05045825564422701
G21,G21__mom_12_1__top10__weekly__long_only__rev5,long_only,rev5,10.0,0.0,G00__mom_12_1__top10__weekly__long_only,delta_vs_same_scenario_G00,annualized_l1_turnover,27.220768058907105
G21,G21__mom_12_1__top10__weekly__long_only__rev5,long_only,rev5,20.0,0.0,G00__mom_12_1__top10__weekly__long_only,delta_vs_same_scenario_G00,cagr,-0.026178552644326558
G21,G21__mom_12_1__top10__weekly__long_only__rev5,long_only,rev5,20.0,0.0,G00__mom_12_1__top10__weekly__long_only,delta_vs_same_scenario_G00,sharpe_excess_rf,-0.09334592217975723
G21,G21__mom_12_1__top10__weekly__long_only__rev5,long_only,rev5,20.0,0.0,G00__mom_12_1__top10__weekly__long_only,delta_vs_same_scenario_G00,max_drawdown,-0.3129349031050451
G21,G21__mom_12_1__top10__weekly__long_only__rev5,long_only,rev5,20.0,0.0,G00__mom_12_1__top10__weekly__long_only,delta_vs_same_scenario_G00,annualized_volatility,0.05038421379492275
G21,G21__mom_12_1__top10__weekly__long_only__rev5,long_only,rev5,20.0,0.0,G00__mom_12_1__top10__weekly__long_only,delta_vs_same_scenario_G00,annualized_l1_turnover,27.220768058907105
G21,G21__mom_12_1__top10__weekly__long_short__rev20,long_short,rev20,0.0,0.0,G00__mom_12_1__top10__weekly__long_short,delta_vs_same_scenario_G00,cagr,0.0661718235651701
G21,G21__mom_12_1__top10__weekly__long_short__rev20,long_short,rev20,0.0,0.0,G00__mom_12_1__top10__weekly__long_short,delta_vs_same_scenario_G00,sharpe_excess_rf,0.27338787043368007
G21,G21__mom_12_1__top10__weekly__long_short__rev20,long_short,rev20,0.0,0.0,G00__mom_12_1__top10__weekly__long_short,delta_vs_same_scenario_G00,max_drawdown,0.16513614602272098
G21,G21__mom_12_1__top10__weekly__long_short__rev20,long_short,rev20,0.0,0.0,G00__mom_12_1__top10__weekly__long_short,delta_vs_same_scenario_G00,annualized_volatility,-0.006883370111050946
G21,G21__mom_12_1__top10__weekly__long_short__rev20,long_short,rev20,0.0,0.0,G00__mom_12_1__top10__weekly__long_short,delta_vs_same_scenario_G00,annualized_l1_turnover,17.59578497999864
G21,G21__mom_12_1__top10__weekly__long_short__rev20,long_short,rev20,0.0,0.01,G00__mom_12_1__top10__weekly__long_short,delta_vs_same_scenario_G00,cagr,0.06586162393467788
G21,G21__mom_12_1__top10__weekly__long_short__rev20,long_short,rev20,0.0,0.01,G00__mom_12_1__top10__weekly__long_short,delta_vs_same_scenario_G00,sharpe_excess_rf,0.27277480444111846
G21,G21__mom_12_1__top10__weekly__long_short__rev20,long_short,rev20,0.0,0.01,G00__mom_12_1__top10__weekly__long_short,delta_vs_same_scenario_G00,max_drawdown,0.17112600814009193
G21,G21__mom_12_1__top10__weekly__long_short__rev20,long_short,rev20,0.0,0.01,G00__mom_12_1__top10__weekly__long_short,delta_vs_same_scenario_G00,annualized_volatility,-0.006886179249322832
G21,G21__mom_12_1__top10__weekly__long_short__rev20,long_short,rev20,0.0,0.01,G00__mom_12_1__top10__weekly__long_short,delta_vs_same_scenario_G00,annualized_l1_turnover,17.59644963546662
G21,G21__mom_12_1__top10__weekly__long_short__rev20,long_short,rev20,0.0,0.03,G00__mom_12_1__top10__weekly__long_short,delta_vs_same_scenario_G00,cagr,0.06525446045356835
G21,G21__mom_12_1__top10__weekly__long_short__rev20,long_short,rev20,0.0,0.03,G00__mom_12_1__top10__weekly__long_short,delta_vs_same_scenario_G00,sharpe_excess_rf,0.27156535830557826
G21,G21__mom_12_1__top10__weekly__long_short__rev20,long_short,rev20,0.0,0.03,G00__mom_12_1__top10__weekly__long_short,delta_vs_same_scenario_G00,max_drawdown,0.18267342441839263
G21,G21__mom_12_1__top10__weekly__long_short__rev20,long_short,rev20,0.0,0.03,G00__mom_12_1__top10__weekly__long_short,delta_vs_same_scenario_G00,annualized_volatility,-0.006891717510775802
G21,G21__mom_12_1__top10__weekly__long_short__rev20,long_short,rev20,0.0,0.03,G00__mom_12_1__top10__weekly__long_short,delta_vs_same_scenario_G00,annualized_l1_turnover,17.597751748439972
G21,G21__mom_12_1__top10__weekly__long_short__rev20,long_short,rev20,5.0,0.0,G00__mom_12_1__top10__weekly__long_short,delta_vs_same_scenario_G00,cagr,0.0561106766119375
G21,G21__mom_12_1__top10__weekly__long_short__rev20,long_short,rev20,5.0,0.0,G00__mom_12_1__top10__weekly__long_short,delta_vs_same_scenario_G00,sharpe_excess_rf,0.23298845237411936
G21,G21__mom_12_1__top10__weekly__long_short__rev20,long_short,rev20,5.0,0.0,G00__mom_12_1__top10__weekly__long_short,delta_vs_same_scenario_G00,max_drawdown,0.17128754439338312
G21,G21__mom_12_1__top10__weekly__long_short__rev20,long_short,rev20,5.0,0.0,G00__mom_12_1__top10__weekly__long_short,delta_vs_same_scenario_G00,annualized_volatility,-0.006885554742633471
G21,G21__mom_12_1__top10__weekly__long_short__rev20,long_short,rev20,5.0,0.0,G00__mom_12_1__top10__weekly__long_short,delta_vs_same_scenario_G00,annualized_l1_turnover,17.595784979998633
G21,G21__mom_12_1__top10__weekly__long_short__rev20,long_short,rev20,5.0,0.01,G00__mom_12_1__top10__weekly__long_short,delta_vs_same_scenario_G00,cagr,0.055849770388526856
G21,G21__mom_12_1__top10__weekly__long_short__rev20,long_short,rev20,5.0,0.01,G00__mom_12_1__top10__weekly__long_short,delta_vs_same_scenario_G00,sharpe_excess_rf,0.2323765341829712
G21,G21__mom_12_1__top10__weekly__long_short__rev20,long_short,rev20,5.0,0.01,G00__mom_12_1__top10__weekly__long_short,delta_vs_same_scenario_G00,max_drawdown,0.17717010936909938
G21,G21__mom_12_1__top10__weekly__long_short__rev20,long_short,rev20,5.0,0.01,G00__mom_12_1__top10__weekly__long_short,delta_vs_same_scenario_G00,annualized_volatility,-0.006888367327418543
G21,G21__mom_12_1__top10__weekly__long_short__rev20,long_short,rev20,5.0,0.01,G00__mom_12_1__top10__weekly__long_short,delta_vs_same_scenario_G00,annualized_l1_turnover,17.59644963546662
G21,G21__mom_12_1__top10__weekly__long_short__rev20,long_short,rev20,5.0,0.03,G00__mom_12_1__top10__weekly__long_short,delta_vs_same_scenario_G00,cagr,0.055339063462029735
G21,G21__mom_12_1__top10__weekly__long_short__rev20,long_short,rev20,5.0,0.03,G00__mom_12_1__top10__weekly__long_short,delta_vs_same_scenario_G00,sharpe_excess_rf,0.2311693666321818
G21,G21__mom_12_1__top10__weekly__long_short__rev20,long_short,rev20,5.0,0.03,G00__mom_12_1__top10__weekly__long_short,delta_vs_same_scenario_G00,max_drawdown,0.18545400436059856
G21,G21__mom_12_1__top10__weekly__long_short__rev20,long_short,rev20,5.0,0.03,G00__mom_12_1__top10__weekly__long_short,delta_vs_same_scenario_G00,annualized_volatility,-0.006893912290643456
G21,G21__mom_12_1__top10__weekly__long_short__rev20,long_short,rev20,5.0,0.03,G00__mom_12_1__top10__weekly__long_short,delta_vs_same_scenario_G00,annualized_l1_turnover,17.597751748439975
G21,G21__mom_12_1__top10__weekly__long_short__rev20,long_short,rev20,10.0,0.0,G00__mom_12_1__top10__weekly__long_short,delta_vs_same_scenario_G00,cagr,0.04624139783852996
G21,G21__mom_12_1__top10__weekly__long_short__rev20,long_short,rev20,10.0,0.0,G00__mom_12_1__top10__weekly__long_short,delta_vs_same_scenario_G00,sharpe_excess_rf,0.19256114120370926
G21,G21__mom_12_1__top10__weekly__long_short__rev20,long_short,rev20,10.0,0.0,G00__mom_12_1__top10__weekly__long_short,delta_vs_same_scenario_G00,max_drawdown,0.17217951972641432
G21,G21__mom_12_1__top10__weekly__long_short__rev20,long_short,rev20,10.0,0.0,G00__mom_12_1__top10__weekly__long_short,delta_vs_same_scenario_G00,annualized_volatility,-0.0068588373427444504
G21,G21__mom_12_1__top10__weekly__long_short__rev20,long_short,rev20,10.0,0.0,G00__mom_12_1__top10__weekly__long_short,delta_vs_same_scenario_G00,annualized_l1_turnover,17.59578497999864
G21,G21__mom_12_1__top10__weekly__long_short__rev20,long_short,rev20,10.0,0.01,G00__mom_12_1__top10__weekly__long_short,delta_vs_same_scenario_G00,cagr,0.046028855541379254
G21,G21__mom_12_1__top10__weekly__long_short__rev20,long_short,rev20,10.0,0.01,G00__mom_12_1__top10__weekly__long_short,delta_vs_same_scenario_G00,sharpe_excess_rf,0.19195330682416564
G21,G21__mom_12_1__top10__weekly__long_short__rev20,long_short,rev20,10.0,0.01,G00__mom_12_1__top10__weekly__long_short,delta_vs_same_scenario_G00,max_drawdown,0.17105172394194013
G21,G21__mom_12_1__top10__weekly__long_short__rev20,long_short,rev20,10.0,0.01,G00__mom_12_1__top10__weekly__long_short,delta_vs_same_scenario_G00,annualized_volatility,-0.006861653402209039
G21,G21__mom_12_1__top10__weekly__long_short__rev20,long_short,rev20,10.0,0.01,G00__mom_12_1__top10__weekly__long_short,delta_vs_same_scenario_G00,annualized_l1_turnover,17.59644963546662
G21,G21__mom_12_1__top10__weekly__long_short__rev20,long_short,rev20,10.0,0.03,G00__mom_12_1__top10__weekly__long_short,delta_vs_same_scenario_G00,cagr,0.045612786403923605
G21,G21__mom_12_1__top10__weekly__long_short__rev20,long_short,rev20,10.0,0.03,G00__mom_12_1__top10__weekly__long_short,delta_vs_same_scenario_G00,sharpe_excess_rf,0.19075420276533292
G21,G21__mom_12_1__top10__weekly__long_short__rev20,long_short,rev20,10.0,0.03,G00__mom_12_1__top10__weekly__long_short,delta_vs_same_scenario_G00,max_drawdown,0.16882959171309098
G21,G21__mom_12_1__top10__weekly__long_short__rev20,long_short,rev20,10.0,0.03,G00__mom_12_1__top10__weekly__long_short,delta_vs_same_scenario_G00,annualized_volatility,-0.006867205126769332
G21,G21__mom_12_1__top10__weekly__long_short__rev20,long_short,rev20,10.0,0.03,G00__mom_12_1__top10__weekly__long_short,delta_vs_same_scenario_G00,annualized_l1_turnover,17.597751748439975
G21,G21__mom_12_1__top10__weekly__long_short__rev20,long_short,rev20,20.0,0.0,G00__mom_12_1__top10__weekly__long_short,delta_vs_same_scenario_G00,cagr,0.027067121237795096
G21,G21__mom_12_1__top10__weekly__long_short__rev20,long_short,rev20,20.0,0.0,G00__mom_12_1__top10__weekly__long_short,delta_vs_same_scenario_G00,sharpe_excess_rf,0.11174189994856225
G21,G21__mom_12_1__top10__weekly__long_short__rev20,long_short,rev20,20.0,0.0,G00__mom_12_1__top10__weekly__long_short,delta_vs_same_scenario_G00,max_drawdown,0.14029718145740488
G21,G21__mom_12_1__top10__weekly__long_short__rev20,long_short,rev20,20.0,0.0,G00__mom_12_1__top10__weekly__long_short,delta_vs_same_scenario_G00,annualized_volatility,-0.006718874061110047
G21,G21__mom_12_1__top10__weekly__long_short__rev20,long_short,rev20,20.0,0.0,G00__mom_12_1__top10__weekly__long_short,delta_vs_same_scenario_G00,annualized_l1_turnover,17.59578497999864
G21,G21__mom_12_1__top10__weekly__long_short__rev20,long_short,rev20,20.0,0.01,G00__mom_12_1__top10__weekly__long_short,delta_vs_same_scenario_G00,cagr,0.026948572542993217
G21,G21__mom_12_1__top10__weekly__long_short__rev20,long_short,rev20,20.0,0.01,G00__mom_12_1__top10__weekly__long_short,delta_vs_same_scenario_G00,sharpe_excess_rf,0.11115097968452459
G21,G21__mom_12_1__top10__weekly__long_short__rev20,long_short,rev20,20.0,0.01,G00__mom_12_1__top10__weekly__long_short,delta_vs_same_scenario_G00,max_drawdown,0.13951869248440474
G21,G21__mom_12_1__top10__weekly__long_short__rev20,long_short,rev20,20.0,0.01,G00__mom_12_1__top10__weekly__long_short,delta_vs_same_scenario_G00,annualized_volatility,-0.006721697158009021
G21,G21__mom_12_1__top10__weekly__long_short__rev20,long_short,rev20,20.0,0.01,G00__mom_12_1__top10__weekly__long_short,delta_vs_same_scenario_G00,annualized_l1_turnover,17.59644963546662
G21,G21__mom_12_1__top10__weekly__long_short__rev20,long_short,rev20,20.0,0.03,G00__mom_12_1__top10__weekly__long_short,delta_vs_same_scenario_G00,cagr,0.026716428727410695
G21,G21__mom_12_1__top10__weekly__long_short__rev20,long_short,rev20,20.0,0.03,G00__mom_12_1__top10__weekly__long_short,delta_vs_same_scenario_G00,sharpe_excess_rf,0.10998523611515167
G21,G21__mom_12_1__top10__weekly__long_short__rev20,long_short,rev20,20.0,0.03,G00__mom_12_1__top10__weekly__long_short,delta_vs_same_scenario_G00,max_drawdown,0.1379741881559008
G21,G21__mom_12_1__top10__weekly__long_short__rev20,long_short,rev20,20.0,0.03,G00__mom_12_1__top10__weekly__long_short,delta_vs_same_scenario_G00,annualized_volatility,-0.006727262590507627
G21,G21__mom_12_1__top10__weekly__long_short__rev20,long_short,rev20,20.0,0.03,G00__mom_12_1__top10__weekly__long_short,delta_vs_same_scenario_G00,annualized_l1_turnover,17.597751748439975
G21,G21__mom_12_1__top10__weekly__long_short__rev5,long_short,rev5,0.0,0.0,G00__mom_12_1__top10__weekly__long_short,delta_vs_same_scenario_G00,cagr,0.10658804935876237
G21,G21__mom_12_1__top10__weekly__long_short__rev5,long_short,rev5,0.0,0.0,G00__mom_12_1__top10__weekly__long_short,delta_vs_same_scenario_G00,sharpe_excess_rf,0.45022787667108677
G21,G21__mom_12_1__top10__weekly__long_short__rev5,long_short,rev5,0.0,0.0,G00__mom_12_1__top10__weekly__long_short,delta_vs_same_scenario_G00,max_drawdown,0.20197245583764212
G21,G21__mom_12_1__top10__weekly__long_short__rev5,long_short,rev5,0.0,0.0,G00__mom_12_1__top10__weekly__long_short,delta_vs_same_scenario_G00,annualized_volatility,-0.01553086681963381
G21,G21__mom_12_1__top10__weekly__long_short__rev5,long_short,rev5,0.0,0.0,G00__mom_12_1__top10__weekly__long_short,delta_vs_same_scenario_G00,annualized_l1_turnover,26.21847333400836
G21,G21__mom_12_1__top10__weekly__long_short__rev5,long_short,rev5,0.0,0.01,G00__mom_12_1__top10__weekly__long_short,delta_vs_same_scenario_G00,cagr,0.10608577271390264
G21,G21__mom_12_1__top10__weekly__long_short__rev5,long_short,rev5,0.0,0.01,G00__mom_12_1__top10__weekly__long_short,delta_vs_same_scenario_G00,sharpe_excess_rf,0.4487319967264416
G21,G21__mom_12_1__top10__weekly__long_short__rev5,long_short,rev5,0.0,0.01,G00__mom_12_1__top10__weekly__long_short,delta_vs_same_scenario_G00,max_drawdown,0.20795353602786737
G21,G21__mom_12_1__top10__weekly__long_short__rev5,long_short,rev5,0.0,0.01,G00__mom_12_1__top10__weekly__long_short,delta_vs_same_scenario_G00,annualized_volatility,-0.01553380043023389
G21,G21__mom_12_1__top10__weekly__long_short__rev5,long_short,rev5,0.0,0.01,G00__mom_12_1__top10__weekly__long_short,delta_vs_same_scenario_G00,annualized_l1_turnover,26.21956595483563
G21,G21__mom_12_1__top10__weekly__long_short__rev5,long_short,rev5,0.0,0.03,G00__mom_12_1__top10__weekly__long_short,delta_vs_same_scenario_G00,cagr,0.10510267050653214
G21,G21__mom_12_1__top10__weekly__long_short__rev5,long_short,rev5,0.0,0.03,G00__mom_12_1__top10__weekly__long_short,delta_vs_same_scenario_G00,sharpe_excess_rf,0.4457829865948214
G21,G21__mom_12_1__top10__weekly__long_short__rev5,long_short,rev5,0.0,0.03,G00__mom_12_1__top10__weekly__long_short,delta_vs_same_scenario_G00,max_drawdown,0.21948364622579775
G21,G21__mom_12_1__top10__weekly__long_short__rev5,long_short,rev5,0.0,0.03,G00__mom_12_1__top10__weekly__long_short,delta_vs_same_scenario_G00,annualized_volatility,-0.015539582970751503
G21,G21__mom_12_1__top10__weekly__long_short__rev5,long_short,rev5,0.0,0.03,G00__mom_12_1__top10__weekly__long_short,delta_vs_same_scenario_G00,annualized_l1_turnover,26.221710617956468
G21,G21__mom_12_1__top10__weekly__long_short__rev5,long_short,rev5,5.0,0.0,G00__mom_12_1__top10__weekly__long_short,delta_vs_same_scenario_G00,cagr,0.09105558681778206
G21,G21__mom_12_1__top10__weekly__long_short__rev5,long_short,rev5,5.0,0.0,G00__mom_12_1__top10__weekly__long_short,delta_vs_same_scenario_G00,sharpe_excess_rf,0.38716079455929064
G21,G21__mom_12_1__top10__weekly__long_short__rev5,long_short,rev5,5.0,0.0,G00__mom_12_1__top10__weekly__long_short,delta_vs_same_scenario_G00,max_drawdown,0.20747307412185123
G21,G21__mom_12_1__top10__weekly__long_short__rev5,long_short,rev5,5.0,0.0,G00__mom_12_1__top10__weekly__long_short,delta_vs_same_scenario_G00,annualized_volatility,-0.015675704848741256
G21,G21__mom_12_1__top10__weekly__long_short__rev5,long_short,rev5,5.0,0.0,G00__mom_12_1__top10__weekly__long_short,delta_vs_same_scenario_G00,annualized_l1_turnover,26.218473334008358
G21,G21__mom_12_1__top10__weekly__long_short__rev5,long_short,rev5,5.0,0.01,G00__mom_12_1__top10__weekly__long_short,delta_vs_same_scenario_G00,cagr,0.0906292582494402
G21,G21__mom_12_1__top10__weekly__long_short__rev5,long_short,rev5,5.0,0.01,G00__mom_12_1__top10__weekly__long_short,delta_vs_same_scenario_G00,sharpe_excess_rf,0.3856516703330187
G21,G21__mom_12_1__top10__weekly__long_short__rev5,long_short,rev5,5.0,0.01,G00__mom_12_1__top10__weekly__long_short,delta_vs_same_scenario_G00,max_drawdown,0.21334708031309713
G21,G21__mom_12_1__top10__weekly__long_short__rev5,long_short,rev5,5.0,0.01,G00__mom_12_1__top10__weekly__long_short,delta_vs_same_scenario_G00,annualized_volatility,-0.01567863763896238
G21,G21__mom_12_1__top10__weekly__long_short__rev5,long_short,rev5,5.0,0.01,G00__mom_12_1__top10__weekly__long_short,delta_vs_same_scenario_G00,annualized_l1_turnover,26.21956595483563
G21,G21__mom_12_1__top10__weekly__long_short__rev5,long_short,rev5,5.0,0.03,G00__mom_12_1__top10__weekly__long_short,delta_vs_same_scenario_G00,cagr,0.08979477080512263
G21,G21__mom_12_1__top10__weekly__long_short__rev5,long_short,rev5,5.0,0.03,G00__mom_12_1__top10__weekly__long_short,delta_vs_same_scenario_G00,sharpe_excess_rf,0.3826765872463674
G21,G21__mom_12_1__top10__weekly__long_short__rev5,long_short,rev5,5.0,0.03,G00__mom_12_1__top10__weekly__long_short,delta_vs_same_scenario_G00,max_drawdown,0.22467059900322062
G21,G21__mom_12_1__top10__weekly__long_short__rev5,long_short,rev5,5.0,0.03,G00__mom_12_1__top10__weekly__long_short,delta_vs_same_scenario_G00,annualized_volatility,-0.01568441851701205
G21,G21__mom_12_1__top10__weekly__long_short__rev5,long_short,rev5,5.0,0.03,G00__mom_12_1__top10__weekly__long_short,delta_vs_same_scenario_G00,annualized_l1_turnover,26.221710617956468
G21,G21__mom_12_1__top10__weekly__long_short__rev5,long_short,rev5,10.0,0.0,G00__mom_12_1__top10__weekly__long_short,delta_vs_same_scenario_G00,cagr,0.07587889925994826
G21,G21__mom_12_1__top10__weekly__long_short__rev5,long_short,rev5,10.0,0.0,G00__mom_12_1__top10__weekly__long_short,delta_vs_same_scenario_G00,sharpe_excess_rf,0.3238730627544211
G21,G21__mom_12_1__top10__weekly__long_short__rev5,long_short,rev5,10.0,0.0,G00__mom_12_1__top10__weekly__long_short,delta_vs_same_scenario_G00,max_drawdown,0.21284862341349253
G21,G21__mom_12_1__top10__weekly__long_short__rev5,long_short,rev5,10.0,0.0,G00__mom_12_1__top10__weekly__long_short,delta_vs_same_scenario_G00,annualized_volatility,-0.015761956350356904
G21,G21__mom_12_1__top10__weekly__long_short__rev5,long_short,rev5,10.0,0.0,G00__mom_12_1__top10__weekly__long_short,delta_vs_same_scenario_G00,annualized_l1_turnover,26.21847333400836
G21,G21__mom_12_1__top10__weekly__long_short__rev5,long_short,rev5,10.0,0.01,G00__mom_12_1__top10__weekly__long_short,delta_vs_same_scenario_G00,cagr,0.07552679789126793
G21,G21__mom_12_1__top10__weekly__long_short__rev5,long_short,rev5,10.0,0.01,G00__mom_12_1__top10__weekly__long_short,delta_vs_same_scenario_G00,sharpe_excess_rf,0.3223571694864593
G21,G21__mom_12_1__top10__weekly__long_short__rev5,long_short,rev5,10.0,0.01,G00__mom_12_1__top10__weekly__long_short,delta_vs_same_scenario_G00,max_drawdown,0.21861737924478086
G21,G21__mom_12_1__top10__weekly__long_short__rev5,long_short,rev5,10.0,0.01,G00__mom_12_1__top10__weekly__long_short,delta_vs_same_scenario_G00,annualized_volatility,-0.015764888372206687
G21,G21__mom_12_1__top10__weekly__long_short__rev5,long_short,rev5,10.0,0.01,G00__mom_12_1__top10__weekly__long_short,delta_vs_same_scenario_G00,annualized_l1_turnover,26.21956595483563
G21,G21__mom_12_1__top10__weekly__long_short__rev5,long_short,rev5,10.0,0.03,G00__mom_12_1__top10__weekly__long_short,delta_vs_same_scenario_G00,cagr,0.0748375578049115
G21,G21__mom_12_1__top10__weekly__long_short__rev5,long_short,rev5,10.0,0.03,G00__mom_12_1__top10__weekly__long_short,delta_vs_same_scenario_G00,sharpe_excess_rf,0.31936877158019017
G21,G21__mom_12_1__top10__weekly__long_short__rev5,long_short,rev5,10.0,0.03,G00__mom_12_1__top10__weekly__long_short,delta_vs_same_scenario_G00,max_drawdown,0.22882314858786612
G21,G21__mom_12_1__top10__weekly__long_short__rev5,long_short,rev5,10.0,0.03,G00__mom_12_1__top10__weekly__long_short,delta_vs_same_scenario_G00,annualized_volatility,-0.015770667698540936
G21,G21__mom_12_1__top10__weekly__long_short__rev5,long_short,rev5,10.0,0.03,G00__mom_12_1__top10__weekly__long_short,delta_vs_same_scenario_G00,annualized_l1_turnover,26.221710617956468
G21,G21__mom_12_1__top10__weekly__long_short__rev5,long_short,rev5,20.0,0.0,G00__mom_12_1__top10__weekly__long_short,delta_vs_same_scenario_G00,cagr,0.046566836393304285
G21,G21__mom_12_1__top10__weekly__long_short__rev5,long_short,rev5,20.0,0.0,G00__mom_12_1__top10__weekly__long_short,delta_vs_same_scenario_G00,sharpe_excess_rf,0.19695422407401458
G21,G21__mom_12_1__top10__weekly__long_short__rev5,long_short,rev5,20.0,0.0,G00__mom_12_1__top10__weekly__long_short,delta_vs_same_scenario_G00,max_drawdown,0.19790814145203006
G21,G21__mom_12_1__top10__weekly__long_short__rev5,long_short,rev5,20.0,0.0,G00__mom_12_1__top10__weekly__long_short,delta_vs_same_scenario_G00,annualized_volatility,-0.015758670874947894
G21,G21__mom_12_1__top10__weekly__long_short__rev5,long_short,rev5,20.0,0.0,G00__mom_12_1__top10__weekly__long_short,delta_vs_same_scenario_G00,annualized_l1_turnover,26.21847333400836
G21,G21__mom_12_1__top10__weekly__long_short__rev5,long_short,rev5,20.0,0.01,G00__mom_12_1__top10__weekly__long_short,delta_vs_same_scenario_G00,cagr,0.0463581511621547
G21,G21__mom_12_1__top10__weekly__long_short__rev5,long_short,rev5,20.0,0.01,G00__mom_12_1__top10__weekly__long_short,delta_vs_same_scenario_G00,sharpe_excess_rf,0.19544420454404335
G21,G21__mom_12_1__top10__weekly__long_short__rev5,long_short,rev5,20.0,0.01,G00__mom_12_1__top10__weekly__long_short,delta_vs_same_scenario_G00,max_drawdown,0.19644623610755063
G21,G21__mom_12_1__top10__weekly__long_short__rev5,long_short,rev5,20.0,0.01,G00__mom_12_1__top10__weekly__long_short,delta_vs_same_scenario_G00,annualized_volatility,-0.015761601562177485
G21,G21__mom_12_1__top10__weekly__long_short__rev5,long_short,rev5,20.0,0.01,G00__mom_12_1__top10__weekly__long_short,delta_vs_same_scenario_G00,annualized_l1_turnover,26.21956595483563
G21,G21__mom_12_1__top10__weekly__long_short__rev5,long_short,rev5,20.0,0.03,G00__mom_12_1__top10__weekly__long_short,delta_vs_same_scenario_G00,cagr,0.045949546944565704
G21,G21__mom_12_1__top10__weekly__long_short__rev5,long_short,rev5,20.0,0.03,G00__mom_12_1__top10__weekly__long_short,delta_vs_same_scenario_G00,sharpe_excess_rf,0.19246742399389363
G21,G21__mom_12_1__top10__weekly__long_short__rev5,long_short,rev5,20.0,0.03,G00__mom_12_1__top10__weekly__long_short,delta_vs_same_scenario_G00,max_drawdown,0.19357827905554903
G21,G21__mom_12_1__top10__weekly__long_short__rev5,long_short,rev5,20.0,0.03,G00__mom_12_1__top10__weekly__long_short,delta_vs_same_scenario_G00,annualized_volatility,-0.01576737820696794
G21,G21__mom_12_1__top10__weekly__long_short__rev5,long_short,rev5,20.0,0.03,G00__mom_12_1__top10__weekly__long_short,delta_vs_same_scenario_G00,annualized_l1_turnover,26.221710617956468
G21,G21__mom_12_1__top20__monthly__long_only__rev20,long_only,rev20,0.0,0.0,G00__mom_12_1__top20__monthly__long_only,delta_vs_same_scenario_G00,cagr,-0.02485049326781011
G21,G21__mom_12_1__top20__monthly__long_only__rev20,long_only,rev20,0.0,0.0,G00__mom_12_1__top20__monthly__long_only,delta_vs_same_scenario_G00,sharpe_excess_rf,-0.10737551808339674
G21,G21__mom_12_1__top20__monthly__long_only__rev20,long_only,rev20,0.0,0.0,G00__mom_12_1__top20__monthly__long_only,delta_vs_same_scenario_G00,max_drawdown,-0.18345416341574322
G21,G21__mom_12_1__top20__monthly__long_only__rev20,long_only,rev20,0.0,0.0,G00__mom_12_1__top20__monthly__long_only,delta_vs_same_scenario_G00,annualized_volatility,0.04652809249780676
G21,G21__mom_12_1__top20__monthly__long_only__rev20,long_only,rev20,0.0,0.0,G00__mom_12_1__top20__monthly__long_only,delta_vs_same_scenario_G00,annualized_l1_turnover,5.209603493649448
G21,G21__mom_12_1__top20__monthly__long_only__rev20,long_only,rev20,5.0,0.0,G00__mom_12_1__top20__monthly__long_only,delta_vs_same_scenario_G00,cagr,-0.02779304087644857
G21,G21__mom_12_1__top20__monthly__long_only__rev20,long_only,rev20,5.0,0.0,G00__mom_12_1__top20__monthly__long_only,delta_vs_same_scenario_G00,sharpe_excess_rf,-0.11309535081047917
G21,G21__mom_12_1__top20__monthly__long_only__rev20,long_only,rev20,5.0,0.0,G00__mom_12_1__top20__monthly__long_only,delta_vs_same_scenario_G00,max_drawdown,-0.18254051471825355
G21,G21__mom_12_1__top20__monthly__long_only__rev20,long_only,rev20,5.0,0.0,G00__mom_12_1__top20__monthly__long_only,delta_vs_same_scenario_G00,annualized_volatility,0.046488320659015314
G21,G21__mom_12_1__top20__monthly__long_only__rev20,long_only,rev20,5.0,0.0,G00__mom_12_1__top20__monthly__long_only,delta_vs_same_scenario_G00,annualized_l1_turnover,5.209603493649448
G21,G21__mom_12_1__top20__monthly__long_only__rev20,long_only,rev20,10.0,0.0,G00__mom_12_1__top20__monthly__long_only,delta_vs_same_scenario_G00,cagr,-0.030707328898053637
G21,G21__mom_12_1__top20__monthly__long_only__rev20,long_only,rev20,10.0,0.0,G00__mom_12_1__top20__monthly__long_only,delta_vs_same_scenario_G00,sharpe_excess_rf,-0.11882996047036276
G21,G21__mom_12_1__top20__monthly__long_only__rev20,long_only,rev20,10.0,0.0,G00__mom_12_1__top20__monthly__long_only,delta_vs_same_scenario_G00,max_drawdown,-0.1783090123743623
G21,G21__mom_12_1__top20__monthly__long_only__rev20,long_only,rev20,10.0,0.0,G00__mom_12_1__top20__monthly__long_only,delta_vs_same_scenario_G00,annualized_volatility,0.046457298825804016
G21,G21__mom_12_1__top20__monthly__long_only__rev20,long_only,rev20,10.0,0.0,G00__mom_12_1__top20__monthly__long_only,delta_vs_same_scenario_G00,annualized_l1_turnover,5.209603493649448
G21,G21__mom_12_1__top20__monthly__long_only__rev20,long_only,rev20,20.0,0.0,G00__mom_12_1__top20__monthly__long_only,delta_vs_same_scenario_G00,cagr,-0.03645185238325685
G21,G21__mom_12_1__top20__monthly__long_only__rev20,long_only,rev20,20.0,0.0,G00__mom_12_1__top20__monthly__long_only,delta_vs_same_scenario_G00,sharpe_excess_rf,-0.13033702985719475
G21,G21__mom_12_1__top20__monthly__long_only__rev20,long_only,rev20,20.0,0.0,G00__mom_12_1__top20__monthly__long_only,delta_vs_same_scenario_G00,max_drawdown,-0.16994615999483587
G21,G21__mom_12_1__top20__monthly__long_only__rev20,long_only,rev20,20.0,0.0,G00__mom_12_1__top20__monthly__long_only,delta_vs_same_scenario_G00,annualized_volatility,0.04642151893392632
G21,G21__mom_12_1__top20__monthly__long_only__rev20,long_only,rev20,20.0,0.0,G00__mom_12_1__top20__monthly__long_only,delta_vs_same_scenario_G00,annualized_l1_turnover,5.209603493649446
G21,G21__mom_12_1__top20__monthly__long_only__rev5,long_only,rev5,0.0,0.0,G00__mom_12_1__top20__monthly__long_only,delta_vs_same_scenario_G00,cagr,-0.0326063877036559
G21,G21__mom_12_1__top20__monthly__long_only__rev5,long_only,rev5,0.0,0.0,G00__mom_12_1__top20__monthly__long_only,delta_vs_same_scenario_G00,sharpe_excess_rf,-0.12377216266821933
G21,G21__mom_12_1__top20__monthly__long_only__rev5,long_only,rev5,0.0,0.0,G00__mom_12_1__top20__monthly__long_only,delta_vs_same_scenario_G00,max_drawdown,-0.22988181719314743
G21,G21__mom_12_1__top20__monthly__long_only__rev5,long_only,rev5,0.0,0.0,G00__mom_12_1__top20__monthly__long_only,delta_vs_same_scenario_G00,annualized_volatility,0.0423670296744626
G21,G21__mom_12_1__top20__monthly__long_only__rev5,long_only,rev5,0.0,0.0,G00__mom_12_1__top20__monthly__long_only,delta_vs_same_scenario_G00,annualized_l1_turnover,5.048282527307322
G21,G21__mom_12_1__top20__monthly__long_only__rev5,long_only,rev5,5.0,0.0,G00__mom_12_1__top20__monthly__long_only,delta_vs_same_scenario_G00,cagr,-0.03540404004770242
G21,G21__mom_12_1__top20__monthly__long_only__rev5,long_only,rev5,5.0,0.0,G00__mom_12_1__top20__monthly__long_only,delta_vs_same_scenario_G00,sharpe_excess_rf,-0.12952460328180448
G21,G21__mom_12_1__top20__monthly__long_only__rev5,long_only,rev5,5.0,0.0,G00__mom_12_1__top20__monthly__long_only,delta_vs_same_scenario_G00,max_drawdown,-0.2289217408418805
G21,G21__mom_12_1__top20__monthly__long_only__rev5,long_only,rev5,5.0,0.0,G00__mom_12_1__top20__monthly__long_only,delta_vs_same_scenario_G00,annualized_volatility,0.042384292340295615
G21,G21__mom_12_1__top20__monthly__long_only__rev5,long_only,rev5,5.0,0.0,G00__mom_12_1__top20__monthly__long_only,delta_vs_same_scenario_G00,annualized_l1_turnover,5.048282527307322
G21,G21__mom_12_1__top20__monthly__long_only__rev5,long_only,rev5,10.0,0.0,G00__mom_12_1__top20__monthly__long_only,delta_vs_same_scenario_G00,cagr,-0.03817485196686579
G21,G21__mom_12_1__top20__monthly__long_only__rev5,long_only,rev5,10.0,0.0,G00__mom_12_1__top20__monthly__long_only,delta_vs_same_scenario_G00,sharpe_excess_rf,-0.1352846263047658
G21,G21__mom_12_1__top20__monthly__long_only__rev5,long_only,rev5,10.0,0.0,G00__mom_12_1__top20__monthly__long_only,delta_vs_same_scenario_G00,max_drawdown,-0.22464381084421153
G21,G21__mom_12_1__top20__monthly__long_only__rev5,long_only,rev5,10.0,0.0,G00__mom_12_1__top20__monthly__long_only,delta_vs_same_scenario_G00,annualized_volatility,0.04241006737702707
G21,G21__mom_12_1__top20__monthly__long_only__rev5,long_only,rev5,10.0,0.0,G00__mom_12_1__top20__monthly__long_only,delta_vs_same_scenario_G00,annualized_l1_turnover,5.048282527307322
G21,G21__mom_12_1__top20__monthly__long_only__rev5,long_only,rev5,20.0,0.0,G00__mom_12_1__top20__monthly__long_only,delta_vs_same_scenario_G00,cagr,-0.043636639386186865
G21,G21__mom_12_1__top20__monthly__long_only__rev5,long_only,rev5,20.0,0.0,G00__mom_12_1__top20__monthly__long_only,delta_vs_same_scenario_G00,sharpe_excess_rf,-0.1468209023676758
G21,G21__mom_12_1__top20__monthly__long_only__rev5,long_only,rev5,20.0,0.0,G00__mom_12_1__top20__monthly__long_only,delta_vs_same_scenario_G00,max_drawdown,-0.21618810315713055
G21,G21__mom_12_1__top20__monthly__long_only__rev5,long_only,rev5,20.0,0.0,G00__mom_12_1__top20__monthly__long_only,delta_vs_same_scenario_G00,annualized_volatility,0.04248714149164323
G21,G21__mom_12_1__top20__monthly__long_only__rev5,long_only,rev5,20.0,0.0,G00__mom_12_1__top20__monthly__long_only,delta_vs_same_scenario_G00,annualized_l1_turnover,5.04828252730732
G21,G21__mom_12_1__top20__monthly__long_short__rev20,long_short,rev20,0.0,0.0,G00__mom_12_1__top20__monthly__long_short,delta_vs_same_scenario_G00,cagr,0.009858516882552036
G21,G21__mom_12_1__top20__monthly__long_short__rev20,long_short,rev20,0.0,0.0,G00__mom_12_1__top20__monthly__long_short,delta_vs_same_scenario_G00,sharpe_excess_rf,0.053460175797546916
G21,G21__mom_12_1__top20__monthly__long_short__rev20,long_short,rev20,0.0,0.0,G00__mom_12_1__top20__monthly__long_short,delta_vs_same_scenario_G00,max_drawdown,-0.03881055790523391
G21,G21__mom_12_1__top20__monthly__long_short__rev20,long_short,rev20,0.0,0.0,G00__mom_12_1__top20__monthly__long_short,delta_vs_same_scenario_G00,annualized_volatility,-0.012465683457885013
G21,G21__mom_12_1__top20__monthly__long_short__rev20,long_short,rev20,0.0,0.0,G00__mom_12_1__top20__monthly__long_short,delta_vs_same_scenario_G00,annualized_l1_turnover,4.770626671149712
G21,G21__mom_12_1__top20__monthly__long_short__rev20,long_short,rev20,0.0,0.01,G00__mom_12_1__top20__monthly__long_short,delta_vs_same_scenario_G00,cagr,0.009827625621195185
G21,G21__mom_12_1__top20__monthly__long_short__rev20,long_short,rev20,0.0,0.01,G00__mom_12_1__top20__monthly__long_short,delta_vs_same_scenario_G00,sharpe_excess_rf,0.05178555337277496
G21,G21__mom_12_1__top20__monthly__long_short__rev20,long_short,rev20,0.0,0.01,G00__mom_12_1__top20__monthly__long_short,delta_vs_same_scenario_G00,max_drawdown,-0.03785626683420973
G21,G21__mom_12_1__top20__monthly__long_short__rev20,long_short,rev20,0.0,0.01,G00__mom_12_1__top20__monthly__long_short,delta_vs_same_scenario_G00,annualized_volatility,-0.012469274778048128
G21,G21__mom_12_1__top20__monthly__long_short__rev20,long_short,rev20,0.0,0.01,G00__mom_12_1__top20__monthly__long_short,delta_vs_same_scenario_G00,annualized_l1_turnover,4.77158313729605
G21,G21__mom_12_1__top20__monthly__long_short__rev20,long_short,rev20,0.0,0.03,G00__mom_12_1__top20__monthly__long_short,delta_vs_same_scenario_G00,cagr,0.009766840549039688
G21,G21__mom_12_1__top20__monthly__long_short__rev20,long_short,rev20,0.0,0.03,G00__mom_12_1__top20__monthly__long_short,delta_vs_same_scenario_G00,sharpe_excess_rf,0.04848434919008354
G21,G21__mom_12_1__top20__monthly__long_short__rev20,long_short,rev20,0.0,0.03,G00__mom_12_1__top20__monthly__long_short,delta_vs_same_scenario_G00,max_drawdown,-0.03601589237972658
G21,G21__mom_12_1__top20__monthly__long_short__rev20,long_short,rev20,0.0,0.03,G00__mom_12_1__top20__monthly__long_short,delta_vs_same_scenario_G00,annualized_volatility,-0.012476361203034247
G21,G21__mom_12_1__top20__monthly__long_short__rev20,long_short,rev20,0.0,0.03,G00__mom_12_1__top20__monthly__long_short,delta_vs_same_scenario_G00,annualized_l1_turnover,4.77346226905874
G21,G21__mom_12_1__top20__monthly__long_short__rev20,long_short,rev20,5.0,0.0,G00__mom_12_1__top20__monthly__long_short,delta_vs_same_scenario_G00,cagr,0.007289115013561963
G21,G21__mom_12_1__top20__monthly__long_short__rev20,long_short,rev20,5.0,0.0,G00__mom_12_1__top20__monthly__long_short,delta_vs_same_scenario_G00,sharpe_excess_rf,0.038898644863010784
G21,G21__mom_12_1__top20__monthly__long_short__rev20,long_short,rev20,5.0,0.0,G00__mom_12_1__top20__monthly__long_short,delta_vs_same_scenario_G00,max_drawdown,-0.039176921306177726
G21,G21__mom_12_1__top20__monthly__long_short__rev20,long_short,rev20,5.0,0.0,G00__mom_12_1__top20__monthly__long_short,delta_vs_same_scenario_G00,annualized_volatility,-0.01250200814454483
G21,G21__mom_12_1__top20__monthly__long_short__rev20,long_short,rev20,5.0,0.0,G00__mom_12_1__top20__monthly__long_short,delta_vs_same_scenario_G00,annualized_l1_turnover,4.770626671149712
G21,G21__mom_12_1__top20__monthly__long_short__rev20,long_short,rev20,5.0,0.01,G00__mom_12_1__top20__monthly__long_short,delta_vs_same_scenario_G00,cagr,0.007270437833838857
G21,G21__mom_12_1__top20__monthly__long_short__rev20,long_short,rev20,5.0,0.01,G00__mom_12_1__top20__monthly__long_short,delta_vs_same_scenario_G00,sharpe_excess_rf,0.03721864392163679
G21,G21__mom_12_1__top20__monthly__long_short__rev20,long_short,rev20,5.0,0.01,G00__mom_12_1__top20__monthly__long_short,delta_vs_same_scenario_G00,max_drawdown,-0.038224638402010735
G21,G21__mom_12_1__top20__monthly__long_short__rev20,long_short,rev20,5.0,0.01,G00__mom_12_1__top20__monthly__long_short,delta_vs_same_scenario_G00,annualized_volatility,-0.012505601313626435
G21,G21__mom_12_1__top20__monthly__long_short__rev20,long_short,rev20,5.0,0.01,G00__mom_12_1__top20__monthly__long_short,delta_vs_same_scenario_G00,annualized_l1_turnover,4.77158313729605
G21,G21__mom_12_1__top20__monthly__long_short__rev20,long_short,rev20,5.0,0.03,G00__mom_12_1__top20__monthly__long_short,delta_vs_same_scenario_G00,cagr,0.0072335730165576095
G21,G21__mom_12_1__top20__monthly__long_short__rev20,long_short,rev20,5.0,0.03,G00__mom_12_1__top20__monthly__long_short,delta_vs_same_scenario_G00,sharpe_excess_rf,0.03390686086222697
G21,G21__mom_12_1__top20__monthly__long_short__rev20,long_short,rev20,5.0,0.03,G00__mom_12_1__top20__monthly__long_short,delta_vs_same_scenario_G00,max_drawdown,-0.036388027946526735
G21,G21__mom_12_1__top20__monthly__long_short__rev20,long_short,rev20,5.0,0.03,G00__mom_12_1__top20__monthly__long_short,delta_vs_same_scenario_G00,annualized_volatility,-0.012512691769690054
G21,G21__mom_12_1__top20__monthly__long_short__rev20,long_short,rev20,5.0,0.03,G00__mom_12_1__top20__monthly__long_short,delta_vs_same_scenario_G00,annualized_l1_turnover,4.77346226905874
G21,G21__mom_12_1__top20__monthly__long_short__rev20,long_short,rev20,10.0,0.0,G00__mom_12_1__top20__monthly__long_short,delta_vs_same_scenario_G00,cagr,0.00474415460305494
G21,G21__mom_12_1__top20__monthly__long_short__rev20,long_short,rev20,10.0,0.0,G00__mom_12_1__top20__monthly__long_short,delta_vs_same_scenario_G00,sharpe_excess_rf,0.024300355157678255
G21,G21__mom_12_1__top20__monthly__long_short__rev20,long_short,rev20,10.0,0.0,G00__mom_12_1__top20__monthly__long_short,delta_vs_same_scenario_G00,max_drawdown,-0.03953461265571773
G21,G21__mom_12_1__top20__monthly__long_short__rev20,long_short,rev20,10.0,0.0,G00__mom_12_1__top20__monthly__long_short,delta_vs_same_scenario_G00,annualized_volatility,-0.012521318687311878
G21,G21__mom_12_1__top20__monthly__long_short__rev20,long_short,rev20,10.0,0.0,G00__mom_12_1__top20__monthly__long_short,delta_vs_same_scenario_G00,annualized_l1_turnover,4.770626671149712
G21,G21__mom_12_1__top20__monthly__long_short__rev20,long_short,rev20,10.0,0.01,G00__mom_12_1__top20__monthly__long_short,delta_vs_same_scenario_G00,cagr,0.004737580994187265
G21,G21__mom_12_1__top20__monthly__long_short__rev20,long_short,rev20,10.0,0.01,G00__mom_12_1__top20__monthly__long_short,delta_vs_same_scenario_G00,sharpe_excess_rf,0.022617679353908182
G21,G21__mom_12_1__top20__monthly__long_short__rev20,long_short,rev20,10.0,0.01,G00__mom_12_1__top20__monthly__long_short,delta_vs_same_scenario_G00,max_drawdown,-0.03858436783687097
G21,G21__mom_12_1__top20__monthly__long_short__rev20,long_short,rev20,10.0,0.01,G00__mom_12_1__top20__monthly__long_short,delta_vs_same_scenario_G00,annualized_volatility,-0.012524910995605043
G21,G21__mom_12_1__top20__monthly__long_short__rev20,long_short,rev20,10.0,0.01,G00__mom_12_1__top20__monthly__long_short,delta_vs_same_scenario_G00,annualized_l1_turnover,4.77158313729605
G21,G21__mom_12_1__top20__monthly__long_short__rev20,long_short,rev20,10.0,0.03,G00__mom_12_1__top20__monthly__long_short,delta_vs_same_scenario_G00,cagr,0.004724420004568918
G21,G21__mom_12_1__top20__monthly__long_short__rev20,long_short,rev20,10.0,0.03,G00__mom_12_1__top20__monthly__long_short,delta_vs_same_scenario_G00,sharpe_excess_rf,0.019300644663383743
G21,G21__mom_12_1__top20__monthly__long_short__rev20,long_short,rev20,10.0,0.03,G00__mom_12_1__top20__monthly__long_short,delta_vs_same_scenario_G00,max_drawdown,-0.04020990969722088
G21,G21__mom_12_1__top20__monthly__long_short__rev20,long_short,rev20,10.0,0.03,G00__mom_12_1__top20__monthly__long_short,delta_vs_same_scenario_G00,annualized_volatility,-0.01253200014382666
G21,G21__mom_12_1__top20__monthly__long_short__rev20,long_short,rev20,10.0,0.03,G00__mom_12_1__top20__monthly__long_short,delta_vs_same_scenario_G00,annualized_l1_turnover,4.77346226905874
G21,G21__mom_12_1__top20__monthly__long_short__rev20,long_short,rev20,20.0,0.0,G00__mom_12_1__top20__monthly__long_short,delta_vs_same_scenario_G00,cagr,-0.0002730763586484275
G21,G21__mom_12_1__top20__monthly__long_short__rev20,long_short,rev20,20.0,0.0,G00__mom_12_1__top20__monthly__long_short,delta_vs_same_scenario_G00,sharpe_excess_rf,-0.004957274100000214
G21,G21__mom_12_1__top20__monthly__long_short__rev20,long_short,rev20,20.0,0.0,G00__mom_12_1__top20__monthly__long_short,delta_vs_same_scenario_G00,max_drawdown,-0.04616029513424674
G21,G21__mom_12_1__top20__monthly__long_short__rev20,long_short,rev20,20.0,0.0,G00__mom_12_1__top20__monthly__long_short,delta_vs_same_scenario_G00,annualized_volatility,-0.012508877941106694
G21,G21__mom_12_1__top20__monthly__long_short__rev20,long_short,rev20,20.0,0.0,G00__mom_12_1__top20__monthly__long_short,delta_vs_same_scenario_G00,annualized_l1_turnover,4.770626671149712
G21,G21__mom_12_1__top20__monthly__long_short__rev20,long_short,rev20,20.0,0.01,G00__mom_12_1__top20__monthly__long_short,delta_vs_same_scenario_G00,cagr,-0.00025577164485564297
G21,G21__mom_12_1__top20__monthly__long_short__rev20,long_short,rev20,20.0,0.01,G00__mom_12_1__top20__monthly__long_short,delta_vs_same_scenario_G00,sharpe_excess_rf,-0.006637180972320231
G21,G21__mom_12_1__top20__monthly__long_short__rev20,long_short,rev20,20.0,0.01,G00__mom_12_1__top20__monthly__long_short,delta_vs_same_scenario_G00,max_drawdown,-0.047712194761392324
G21,G21__mom_12_1__top20__monthly__long_short__rev20,long_short,rev20,20.0,0.01,G00__mom_12_1__top20__monthly__long_short,delta_vs_same_scenario_G00,annualized_volatility,-0.012512460407904491
G21,G21__mom_12_1__top20__monthly__long_short__rev20,long_short,rev20,20.0,0.01,G00__mom_12_1__top20__monthly__long_short,delta_vs_same_scenario_G00,annualized_l1_turnover,4.77158313729605
G21,G21__mom_12_1__top20__monthly__long_short__rev20,long_short,rev20,20.0,0.03,G00__mom_12_1__top20__monthly__long_short,delta_vs_same_scenario_G00,cagr,-0.0002221689471770226
G21,G21__mom_12_1__top20__monthly__long_short__rev20,long_short,rev20,20.0,0.03,G00__mom_12_1__top20__monthly__long_short,delta_vs_same_scenario_G00,sharpe_excess_rf,-0.009948721941662256
G21,G21__mom_12_1__top20__monthly__long_short__rev20,long_short,rev20,20.0,0.03,G00__mom_12_1__top20__monthly__long_short,delta_vs_same_scenario_G00,max_drawdown,-0.05064844492519083
G21,G21__mom_12_1__top20__monthly__long_short__rev20,long_short,rev20,20.0,0.03,G00__mom_12_1__top20__monthly__long_short,delta_vs_same_scenario_G00,annualized_volatility,-0.012519530940872159
G21,G21__mom_12_1__top20__monthly__long_short__rev20,long_short,rev20,20.0,0.03,G00__mom_12_1__top20__monthly__long_short,delta_vs_same_scenario_G00,annualized_l1_turnover,4.77346226905874
G21,G21__mom_12_1__top20__monthly__long_short__rev5,long_short,rev5,0.0,0.0,G00__mom_12_1__top20__monthly__long_short,delta_vs_same_scenario_G00,cagr,-0.010297888436424187
G21,G21__mom_12_1__top20__monthly__long_short__rev5,long_short,rev5,0.0,0.0,G00__mom_12_1__top20__monthly__long_short,delta_vs_same_scenario_G00,sharpe_excess_rf,-0.051104601087053086
G21,G21__mom_12_1__top20__monthly__long_short__rev5,long_short,rev5,0.0,0.0,G00__mom_12_1__top20__monthly__long_short,delta_vs_same_scenario_G00,max_drawdown,-0.03277768139033188
G21,G21__mom_12_1__top20__monthly__long_short__rev5,long_short,rev5,0.0,0.0,G00__mom_12_1__top20__monthly__long_short,delta_vs_same_scenario_G00,annualized_volatility,-0.018697958231614326
G21,G21__mom_12_1__top20__monthly__long_short__rev5,long_short,rev5,0.0,0.0,G00__mom_12_1__top20__monthly__long_short,delta_vs_same_scenario_G00,annualized_l1_turnover,4.676599542115328
G21,G21__mom_12_1__top20__monthly__long_short__rev5,long_short,rev5,0.0,0.01,G00__mom_12_1__top20__monthly__long_short,delta_vs_same_scenario_G00,cagr,-0.010246687626843581
G21,G21__mom_12_1__top20__monthly__long_short__rev5,long_short,rev5,0.0,0.01,G00__mom_12_1__top20__monthly__long_short,delta_vs_same_scenario_G00,sharpe_excess_rf,-0.05382652177011016
G21,G21__mom_12_1__top20__monthly__long_short__rev5,long_short,rev5,0.0,0.01,G00__mom_12_1__top20__monthly__long_short,delta_vs_same_scenario_G00,max_drawdown,-0.03396514423796826
G21,G21__mom_12_1__top20__monthly__long_short__rev5,long_short,rev5,0.0,0.01,G00__mom_12_1__top20__monthly__long_short,delta_vs_same_scenario_G00,annualized_volatility,-0.01870276901184692
G21,G21__mom_12_1__top20__monthly__long_short__rev5,long_short,rev5,0.0,0.01,G00__mom_12_1__top20__monthly__long_short,delta_vs_same_scenario_G00,annualized_l1_turnover,4.677560997597439
G21,G21__mom_12_1__top20__monthly__long_short__rev5,long_short,rev5,0.0,0.03,G00__mom_12_1__top20__monthly__long_short,delta_vs_same_scenario_G00,cagr,-0.010146531653839788
G21,G21__mom_12_1__top20__monthly__long_short__rev5,long_short,rev5,0.0,0.03,G00__mom_12_1__top20__monthly__long_short,delta_vs_same_scenario_G00,sharpe_excess_rf,-0.0591916196710956
G21,G21__mom_12_1__top20__monthly__long_short__rev5,long_short,rev5,0.0,0.03,G00__mom_12_1__top20__monthly__long_short,delta_vs_same_scenario_G00,max_drawdown,-0.03621805284177504
G21,G21__mom_12_1__top20__monthly__long_short__rev5,long_short,rev5,0.0,0.03,G00__mom_12_1__top20__monthly__long_short,delta_vs_same_scenario_G00,annualized_volatility,-0.018712262386490847
G21,G21__mom_12_1__top20__monthly__long_short__rev5,long_short,rev5,0.0,0.03,G00__mom_12_1__top20__monthly__long_short,delta_vs_same_scenario_G00,annualized_l1_turnover,4.679458031792251
G21,G21__mom_12_1__top20__monthly__long_short__rev5,long_short,rev5,5.0,0.0,G00__mom_12_1__top20__monthly__long_short,delta_vs_same_scenario_G00,cagr,-0.012684805864660621
G21,G21__mom_12_1__top20__monthly__long_short__rev5,long_short,rev5,5.0,0.0,G00__mom_12_1__top20__monthly__long_short,delta_vs_same_scenario_G00,sharpe_excess_rf,-0.06670154981234594
G21,G21__mom_12_1__top20__monthly__long_short__rev5,long_short,rev5,5.0,0.0,G00__mom_12_1__top20__monthly__long_short,delta_vs_same_scenario_G00,max_drawdown,-0.0366067838991983
G21,G21__mom_12_1__top20__monthly__long_short__rev5,long_short,rev5,5.0,0.0,G00__mom_12_1__top20__monthly__long_short,delta_vs_same_scenario_G00,annualized_volatility,-0.018676265093723998
G21,G21__mom_12_1__top20__monthly__long_short__rev5,long_short,rev5,5.0,0.0,G00__mom_12_1__top20__monthly__long_short,delta_vs_same_scenario_G00,annualized_l1_turnover,4.676599542115328
G21,G21__mom_12_1__top20__monthly__long_short__rev5,long_short,rev5,5.0,0.01,G00__mom_12_1__top20__monthly__long_short,delta_vs_same_scenario_G00,cagr,-0.01262215052480186
G21,G21__mom_12_1__top20__monthly__long_short__rev5,long_short,rev5,5.0,0.01,G00__mom_12_1__top20__monthly__long_short,delta_vs_same_scenario_G00,sharpe_excess_rf,-0.06942001555614354
G21,G21__mom_12_1__top20__monthly__long_short__rev5,long_short,rev5,5.0,0.01,G00__mom_12_1__top20__monthly__long_short,delta_vs_same_scenario_G00,max_drawdown,-0.03773347185147213
G21,G21__mom_12_1__top20__monthly__long_short__rev5,long_short,rev5,5.0,0.01,G00__mom_12_1__top20__monthly__long_short,delta_vs_same_scenario_G00,annualized_volatility,-0.01868107293932411
G21,G21__mom_12_1__top20__monthly__long_short__rev5,long_short,rev5,5.0,0.01,G00__mom_12_1__top20__monthly__long_short,delta_vs_same_scenario_G00,annualized_l1_turnover,4.677560997597439
G21,G21__mom_12_1__top20__monthly__long_short__rev5,long_short,rev5,5.0,0.03,G00__mom_12_1__top20__monthly__long_short,delta_vs_same_scenario_G00,cagr,-0.01249956680095396
G21,G21__mom_12_1__top20__monthly__long_short__rev5,long_short,rev5,5.0,0.03,G00__mom_12_1__top20__monthly__long_short,delta_vs_same_scenario_G00,sharpe_excess_rf,-0.07477831668110595
G21,G21__mom_12_1__top20__monthly__long_short__rev5,long_short,rev5,5.0,0.03,G00__mom_12_1__top20__monthly__long_short,delta_vs_same_scenario_G00,max_drawdown,-0.03986908248342602
G21,G21__mom_12_1__top20__monthly__long_short__rev5,long_short,rev5,5.0,0.03,G00__mom_12_1__top20__monthly__long_short,delta_vs_same_scenario_G00,annualized_volatility,-0.01869056072429734
G21,G21__mom_12_1__top20__monthly__long_short__rev5,long_short,rev5,5.0,0.03,G00__mom_12_1__top20__monthly__long_short,delta_vs_same_scenario_G00,annualized_l1_turnover,4.679458031792251
G21,G21__mom_12_1__top20__monthly__long_short__rev5,long_short,rev5,10.0,0.0,G00__mom_12_1__top20__monthly__long_short,delta_vs_same_scenario_G00,cagr,-0.015048642542904334
G21,G21__mom_12_1__top20__monthly__long_short__rev5,long_short,rev5,10.0,0.0,G00__mom_12_1__top20__monthly__long_short,delta_vs_same_scenario_G00,sharpe_excess_rf,-0.0822977541901167
G21,G21__mom_12_1__top20__monthly__long_short__rev5,long_short,rev5,10.0,0.0,G00__mom_12_1__top20__monthly__long_short,delta_vs_same_scenario_G00,max_drawdown,-0.040341167161127844
G21,G21__mom_12_1__top20__monthly__long_short__rev5,long_short,rev5,10.0,0.0,G00__mom_12_1__top20__monthly__long_short,delta_vs_same_scenario_G00,annualized_volatility,-0.018637221887053412
G21,G21__mom_12_1__top20__monthly__long_short__rev5,long_short,rev5,10.0,0.0,G00__mom_12_1__top20__monthly__long_short,delta_vs_same_scenario_G00,annualized_l1_turnover,4.676599542115328
G21,G21__mom_12_1__top20__monthly__long_short__rev5,long_short,rev5,10.0,0.01,G00__mom_12_1__top20__monthly__long_short,delta_vs_same_scenario_G00,cagr,-0.014974637609939265
G21,G21__mom_12_1__top20__monthly__long_short__rev5,long_short,rev5,10.0,0.01,G00__mom_12_1__top20__monthly__long_short,delta_vs_same_scenario_G00,sharpe_excess_rf,-0.08500973054808905
G21,G21__mom_12_1__top20__monthly__long_short__rev5,long_short,rev5,10.0,0.01,G00__mom_12_1__top20__monthly__long_short,delta_vs_same_scenario_G00,max_drawdown,-0.04140832732257388
G21,G21__mom_12_1__top20__monthly__long_short__rev5,long_short,rev5,10.0,0.01,G00__mom_12_1__top20__monthly__long_short,delta_vs_same_scenario_G00,annualized_volatility,-0.018642023868122137
G21,G21__mom_12_1__top20__monthly__long_short__rev5,long_short,rev5,10.0,0.01,G00__mom_12_1__top20__monthly__long_short,delta_vs_same_scenario_G00,annualized_l1_turnover,4.677560997597439
G21,G21__mom_12_1__top20__monthly__long_short__rev5,long_short,rev5,10.0,0.03,G00__mom_12_1__top20__monthly__long_short,delta_vs_same_scenario_G00,cagr,-0.014829831596109889
G21,G21__mom_12_1__top20__monthly__long_short__rev5,long_short,rev5,10.0,0.03,G00__mom_12_1__top20__monthly__long_short,delta_vs_same_scenario_G00,sharpe_excess_rf,-0.0903552555128756
G21,G21__mom_12_1__top20__monthly__long_short__rev5,long_short,rev5,10.0,0.03,G00__mom_12_1__top20__monthly__long_short,delta_vs_same_scenario_G00,max_drawdown,-0.047775578071189984
G21,G21__mom_12_1__top20__monthly__long_short__rev5,long_short,rev5,10.0,0.03,G00__mom_12_1__top20__monthly__long_short,delta_vs_same_scenario_G00,annualized_volatility,-0.01865150024778331
G21,G21__mom_12_1__top20__monthly__long_short__rev5,long_short,rev5,10.0,0.03,G00__mom_12_1__top20__monthly__long_short,delta_vs_same_scenario_G00,annualized_l1_turnover,4.679458031792251
G21,G21__mom_12_1__top20__monthly__long_short__rev5,long_short,rev5,20.0,0.0,G00__mom_12_1__top20__monthly__long_short,delta_vs_same_scenario_G00,cagr,-0.019707674060855662
G21,G21__mom_12_1__top20__monthly__long_short__rev5,long_short,rev5,20.0,0.0,G00__mom_12_1__top20__monthly__long_short,delta_vs_same_scenario_G00,sharpe_excess_rf,-0.11343402857821211
G21,G21__mom_12_1__top20__monthly__long_short__rev5,long_short,rev5,20.0,0.0,G00__mom_12_1__top20__monthly__long_short,delta_vs_same_scenario_G00,max_drawdown,-0.05408106885747149
G21,G21__mom_12_1__top20__monthly__long_short__rev5,long_short,rev5,20.0,0.0,G00__mom_12_1__top20__monthly__long_short,delta_vs_same_scenario_G00,annualized_volatility,-0.018507165754193006
G21,G21__mom_12_1__top20__monthly__long_short__rev5,long_short,rev5,20.0,0.0,G00__mom_12_1__top20__monthly__long_short,delta_vs_same_scenario_G00,annualized_l1_turnover,4.676599542115328
G21,G21__mom_12_1__top20__monthly__long_short__rev5,long_short,rev5,20.0,0.01,G00__mom_12_1__top20__monthly__long_short,delta_vs_same_scenario_G00,cagr,-0.019611282174828618
G21,G21__mom_12_1__top20__monthly__long_short__rev5,long_short,rev5,20.0,0.01,G00__mom_12_1__top20__monthly__long_short,delta_vs_same_scenario_G00,sharpe_excess_rf,-0.11612396242775691
G21,G21__mom_12_1__top20__monthly__long_short__rev5,long_short,rev5,20.0,0.01,G00__mom_12_1__top20__monthly__long_short,delta_vs_same_scenario_G00,max_drawdown,-0.057192248439918325
G21,G21__mom_12_1__top20__monthly__long_short__rev5,long_short,rev5,20.0,0.01,G00__mom_12_1__top20__monthly__long_short,delta_vs_same_scenario_G00,annualized_volatility,-0.018511947234153503
G21,G21__mom_12_1__top20__monthly__long_short__rev5,long_short,rev5,20.0,0.01,G00__mom_12_1__top20__monthly__long_short,delta_vs_same_scenario_G00,annualized_l1_turnover,4.677560997597439
G21,G21__mom_12_1__top20__monthly__long_short__rev5,long_short,rev5,20.0,0.03,G00__mom_12_1__top20__monthly__long_short,delta_vs_same_scenario_G00,cagr,-0.01942264291571066
G21,G21__mom_12_1__top20__monthly__long_short__rev5,long_short,rev5,20.0,0.03,G00__mom_12_1__top20__monthly__long_short,delta_vs_same_scenario_G00,sharpe_excess_rf,-0.12142607467920277
G21,G21__mom_12_1__top20__monthly__long_short__rev5,long_short,rev5,20.0,0.03,G00__mom_12_1__top20__monthly__long_short,delta_vs_same_scenario_G00,max_drawdown,-0.06305856519602349
G21,G21__mom_12_1__top20__monthly__long_short__rev5,long_short,rev5,20.0,0.03,G00__mom_12_1__top20__monthly__long_short,delta_vs_same_scenario_G00,annualized_volatility,-0.01852138339081469
G21,G21__mom_12_1__top20__monthly__long_short__rev5,long_short,rev5,20.0,0.03,G00__mom_12_1__top20__monthly__long_short,delta_vs_same_scenario_G00,annualized_l1_turnover,4.679458031792251
G21,G21__mom_12_1__top20__weekly__long_only__rev20,long_only,rev20,0.0,0.0,G00__mom_12_1__top20__weekly__long_only,delta_vs_same_scenario_G00,cagr,-0.01121053224989163
G21,G21__mom_12_1__top20__weekly__long_only__rev20,long_only,rev20,0.0,0.0,G00__mom_12_1__top20__weekly__long_only,delta_vs_same_scenario_G00,sharpe_excess_rf,-0.09394008152336708
G21,G21__mom_12_1__top20__weekly__long_only__rev20,long_only,rev20,0.0,0.0,G00__mom_12_1__top20__weekly__long_only,delta_vs_same_scenario_G00,max_drawdown,-0.25544394969713985
G21,G21__mom_12_1__top20__weekly__long_only__rev20,long_only,rev20,0.0,0.0,G00__mom_12_1__top20__weekly__long_only,delta_vs_same_scenario_G00,annualized_volatility,0.061189862724990385
G21,G21__mom_12_1__top20__weekly__long_only__rev20,long_only,rev20,0.0,0.0,G00__mom_12_1__top20__weekly__long_only,delta_vs_same_scenario_G00,annualized_l1_turnover,17.107694416955685
G21,G21__mom_12_1__top20__weekly__long_only__rev20,long_only,rev20,5.0,0.0,G00__mom_12_1__top20__weekly__long_only,delta_vs_same_scenario_G00,cagr,-0.021387309402602916
G21,G21__mom_12_1__top20__weekly__long_only__rev20,long_only,rev20,5.0,0.0,G00__mom_12_1__top20__weekly__long_only,delta_vs_same_scenario_G00,sharpe_excess_rf,-0.11515621949324473
G21,G21__mom_12_1__top20__weekly__long_only__rev20,long_only,rev20,5.0,0.0,G00__mom_12_1__top20__weekly__long_only,delta_vs_same_scenario_G00,max_drawdown,-0.25601304081783055
G21,G21__mom_12_1__top20__weekly__long_only__rev20,long_only,rev20,5.0,0.0,G00__mom_12_1__top20__weekly__long_only,delta_vs_same_scenario_G00,annualized_volatility,0.061162793440686425
G21,G21__mom_12_1__top20__weekly__long_only__rev20,long_only,rev20,5.0,0.0,G00__mom_12_1__top20__weekly__long_only,delta_vs_same_scenario_G00,annualized_l1_turnover,17.107694416955685
G21,G21__mom_12_1__top20__weekly__long_only__rev20,long_only,rev20,10.0,0.0,G00__mom_12_1__top20__weekly__long_only,delta_vs_same_scenario_G00,cagr,-0.03138809739420281
G21,G21__mom_12_1__top20__weekly__long_only__rev20,long_only,rev20,10.0,0.0,G00__mom_12_1__top20__weekly__long_only,delta_vs_same_scenario_G00,sharpe_excess_rf,-0.13639804443136538
G21,G21__mom_12_1__top20__weekly__long_only__rev20,long_only,rev20,10.0,0.0,G00__mom_12_1__top20__weekly__long_only,delta_vs_same_scenario_G00,max_drawdown,-0.2565808035827872
G21,G21__mom_12_1__top20__weekly__long_only__rev20,long_only,rev20,10.0,0.0,G00__mom_12_1__top20__weekly__long_only,delta_vs_same_scenario_G00,annualized_volatility,0.06115146752613809
G21,G21__mom_12_1__top20__weekly__long_only__rev20,long_only,rev20,10.0,0.0,G00__mom_12_1__top20__weekly__long_only,delta_vs_same_scenario_G00,annualized_l1_turnover,17.107694416955685
G21,G21__mom_12_1__top20__weekly__long_only__rev20,long_only,rev20,20.0,0.0,G00__mom_12_1__top20__weekly__long_only,delta_vs_same_scenario_G00,cagr,-0.05087099043105198
G21,G21__mom_12_1__top20__weekly__long_only__rev20,long_only,rev20,20.0,0.0,G00__mom_12_1__top20__weekly__long_only,delta_vs_same_scenario_G00,sharpe_excess_rf,-0.1789362466752233
G21,G21__mom_12_1__top20__weekly__long_only__rev20,long_only,rev20,20.0,0.0,G00__mom_12_1__top20__weekly__long_only,delta_vs_same_scenario_G00,max_drawdown,-0.25771234988212866
G21,G21__mom_12_1__top20__weekly__long_only__rev20,long_only,rev20,20.0,0.0,G00__mom_12_1__top20__weekly__long_only,delta_vs_same_scenario_G00,annualized_volatility,0.06117604268954241
G21,G21__mom_12_1__top20__weekly__long_only__rev20,long_only,rev20,20.0,0.0,G00__mom_12_1__top20__weekly__long_only,delta_vs_same_scenario_G00,annualized_l1_turnover,17.107694416955685
G21,G21__mom_12_1__top20__weekly__long_only__rev5,long_only,rev5,0.0,0.0,G00__mom_12_1__top20__weekly__long_only,delta_vs_same_scenario_G00,cagr,0.006236544959516116
G21,G21__mom_12_1__top20__weekly__long_only__rev5,long_only,rev5,0.0,0.0,G00__mom_12_1__top20__weekly__long_only,delta_vs_same_scenario_G00,sharpe_excess_rf,-0.03987958881582632
G21,G21__mom_12_1__top20__weekly__long_only__rev5,long_only,rev5,0.0,0.0,G00__mom_12_1__top20__weekly__long_only,delta_vs_same_scenario_G00,max_drawdown,-0.26365317748071687
G21,G21__mom_12_1__top20__weekly__long_only__rev5,long_only,rev5,0.0,0.0,G00__mom_12_1__top20__weekly__long_only,delta_vs_same_scenario_G00,annualized_volatility,0.04724134628484156
G21,G21__mom_12_1__top20__weekly__long_only__rev5,long_only,rev5,0.0,0.0,G00__mom_12_1__top20__weekly__long_only,delta_vs_same_scenario_G00,annualized_l1_turnover,26.95216732729493
G21,G21__mom_12_1__top20__weekly__long_only__rev5,long_only,rev5,5.0,0.0,G00__mom_12_1__top20__weekly__long_only,delta_vs_same_scenario_G00,cagr,-0.010104610552757132
G21,G21__mom_12_1__top20__weekly__long_only__rev5,long_only,rev5,5.0,0.0,G00__mom_12_1__top20__weekly__long_only,delta_vs_same_scenario_G00,sharpe_excess_rf,-0.07693389938259809
G21,G21__mom_12_1__top20__weekly__long_only__rev5,long_only,rev5,5.0,0.0,G00__mom_12_1__top20__weekly__long_only,delta_vs_same_scenario_G00,max_drawdown,-0.26429066110876526
G21,G21__mom_12_1__top20__weekly__long_only__rev5,long_only,rev5,5.0,0.0,G00__mom_12_1__top20__weekly__long_only,delta_vs_same_scenario_G00,annualized_volatility,0.047126058141734095
G21,G21__mom_12_1__top20__weekly__long_only__rev5,long_only,rev5,5.0,0.0,G00__mom_12_1__top20__weekly__long_only,delta_vs_same_scenario_G00,annualized_l1_turnover,26.95216732729493
G21,G21__mom_12_1__top20__weekly__long_only__rev5,long_only,rev5,10.0,0.0,G00__mom_12_1__top20__weekly__long_only,delta_vs_same_scenario_G00,cagr,-0.026089234573425962
G21,G21__mom_12_1__top20__weekly__long_only__rev5,long_only,rev5,10.0,0.0,G00__mom_12_1__top20__weekly__long_only,delta_vs_same_scenario_G00,sharpe_excess_rf,-0.11407848677621746
G21,G21__mom_12_1__top20__weekly__long_only__rev5,long_only,rev5,10.0,0.0,G00__mom_12_1__top20__weekly__long_only,delta_vs_same_scenario_G00,max_drawdown,-0.2649264989034604
G21,G21__mom_12_1__top20__weekly__long_only__rev5,long_only,rev5,10.0,0.0,G00__mom_12_1__top20__weekly__long_only,delta_vs_same_scenario_G00,annualized_volatility,0.047045959968532836
G21,G21__mom_12_1__top20__weekly__long_only__rev5,long_only,rev5,10.0,0.0,G00__mom_12_1__top20__weekly__long_only,delta_vs_same_scenario_G00,annualized_l1_turnover,26.95216732729493
G21,G21__mom_12_1__top20__weekly__long_only__rev5,long_only,rev5,20.0,0.0,G00__mom_12_1__top20__weekly__long_only,delta_vs_same_scenario_G00,cagr,-0.05701358768357018
G21,G21__mom_12_1__top20__weekly__long_only__rev5,long_only,rev5,20.0,0.0,G00__mom_12_1__top20__weekly__long_only,delta_vs_same_scenario_G00,sharpe_excess_rf,-0.18856762341167194
G21,G21__mom_12_1__top20__weekly__long_only__rev5,long_only,rev5,20.0,0.0,G00__mom_12_1__top20__weekly__long_only,delta_vs_same_scenario_G00,max_drawdown,-0.2853208160985605
G21,G21__mom_12_1__top20__weekly__long_only__rev5,long_only,rev5,20.0,0.0,G00__mom_12_1__top20__weekly__long_only,delta_vs_same_scenario_G00,annualized_volatility,0.04699141292509318
G21,G21__mom_12_1__top20__weekly__long_only__rev5,long_only,rev5,20.0,0.0,G00__mom_12_1__top20__weekly__long_only,delta_vs_same_scenario_G00,annualized_l1_turnover,26.95216732729493
G21,G21__mom_12_1__top20__weekly__long_short__rev20,long_short,rev20,0.0,0.0,G00__mom_12_1__top20__weekly__long_short,delta_vs_same_scenario_G00,cagr,0.03811253063623625
G21,G21__mom_12_1__top20__weekly__long_short__rev20,long_short,rev20,0.0,0.0,G00__mom_12_1__top20__weekly__long_short,delta_vs_same_scenario_G00,sharpe_excess_rf,0.18975838847916598
G21,G21__mom_12_1__top20__weekly__long_short__rev20,long_short,rev20,0.0,0.0,G00__mom_12_1__top20__weekly__long_short,delta_vs_same_scenario_G00,max_drawdown,0.16430014757982858
G21,G21__mom_12_1__top20__weekly__long_short__rev20,long_short,rev20,0.0,0.0,G00__mom_12_1__top20__weekly__long_short,delta_vs_same_scenario_G00,annualized_volatility,-0.007247118687964543
G21,G21__mom_12_1__top20__weekly__long_short__rev20,long_short,rev20,0.0,0.0,G00__mom_12_1__top20__weekly__long_short,delta_vs_same_scenario_G00,annualized_l1_turnover,17.09669091380911
G21,G21__mom_12_1__top20__weekly__long_short__rev20,long_short,rev20,0.0,0.01,G00__mom_12_1__top20__weekly__long_short,delta_vs_same_scenario_G00,cagr,0.03793194618873155
G21,G21__mom_12_1__top20__weekly__long_short__rev20,long_short,rev20,0.0,0.01,G00__mom_12_1__top20__weekly__long_short,delta_vs_same_scenario_G00,sharpe_excess_rf,0.1888041586531412
G21,G21__mom_12_1__top20__weekly__long_short__rev20,long_short,rev20,0.0,0.01,G00__mom_12_1__top20__weekly__long_short,delta_vs_same_scenario_G00,max_drawdown,0.16920373275551304
G21,G21__mom_12_1__top20__weekly__long_short__rev20,long_short,rev20,0.0,0.01,G00__mom_12_1__top20__weekly__long_short,delta_vs_same_scenario_G00,annualized_volatility,-0.007250035158542362
G21,G21__mom_12_1__top20__weekly__long_short__rev20,long_short,rev20,0.0,0.01,G00__mom_12_1__top20__weekly__long_short,delta_vs_same_scenario_G00,annualized_l1_turnover,17.09740882621245
G21,G21__mom_12_1__top20__weekly__long_short__rev20,long_short,rev20,0.0,0.03,G00__mom_12_1__top20__weekly__long_short,delta_vs_same_scenario_G00,cagr,0.037578523303095454
G21,G21__mom_12_1__top20__weekly__long_short__rev20,long_short,rev20,0.0,0.03,G00__mom_12_1__top20__weekly__long_short,delta_vs_same_scenario_G00,sharpe_excess_rf,0.18692183586190667
G21,G21__mom_12_1__top20__weekly__long_short__rev20,long_short,rev20,0.0,0.03,G00__mom_12_1__top20__weekly__long_short,delta_vs_same_scenario_G00,max_drawdown,0.18229182550984768
G21,G21__mom_12_1__top20__weekly__long_short__rev20,long_short,rev20,0.0,0.03,G00__mom_12_1__top20__weekly__long_short,delta_vs_same_scenario_G00,annualized_volatility,-0.007255783648763586
G21,G21__mom_12_1__top20__weekly__long_short__rev20,long_short,rev20,0.0,0.03,G00__mom_12_1__top20__weekly__long_short,delta_vs_same_scenario_G00,annualized_l1_turnover,17.098820148572287
G21,G21__mom_12_1__top20__weekly__long_short__rev20,long_short,rev20,5.0,0.0,G00__mom_12_1__top20__weekly__long_short,delta_vs_same_scenario_G00,cagr,0.028695741566331222
G21,G21__mom_12_1__top20__weekly__long_short__rev20,long_short,rev20,5.0,0.0,G00__mom_12_1__top20__weekly__long_short,delta_vs_same_scenario_G00,sharpe_excess_rf,0.14304724598030957
G21,G21__mom_12_1__top20__weekly__long_short__rev20,long_short,rev20,5.0,0.0,G00__mom_12_1__top20__weekly__long_short,delta_vs_same_scenario_G00,max_drawdown,0.1681964164647889
G21,G21__mom_12_1__top20__weekly__long_short__rev20,long_short,rev20,5.0,0.0,G00__mom_12_1__top20__weekly__long_short,delta_vs_same_scenario_G00,annualized_volatility,-0.007244281389417295
G21,G21__mom_12_1__top20__weekly__long_short__rev20,long_short,rev20,5.0,0.0,G00__mom_12_1__top20__weekly__long_short,delta_vs_same_scenario_G00,annualized_l1_turnover,17.09669091380911
G21,G21__mom_12_1__top20__weekly__long_short__rev20,long_short,rev20,5.0,0.01,G00__mom_12_1__top20__weekly__long_short,delta_vs_same_scenario_G00,cagr,0.0285613946607753
G21,G21__mom_12_1__top20__weekly__long_short__rev20,long_short,rev20,5.0,0.01,G00__mom_12_1__top20__weekly__long_short,delta_vs_same_scenario_G00,sharpe_excess_rf,0.14209470454509834
G21,G21__mom_12_1__top20__weekly__long_short__rev20,long_short,rev20,5.0,0.01,G00__mom_12_1__top20__weekly__long_short,delta_vs_same_scenario_G00,max_drawdown,0.17488245113149337
G21,G21__mom_12_1__top20__weekly__long_short__rev20,long_short,rev20,5.0,0.01,G00__mom_12_1__top20__weekly__long_short,delta_vs_same_scenario_G00,annualized_volatility,-0.007247202440844203
G21,G21__mom_12_1__top20__weekly__long_short__rev20,long_short,rev20,5.0,0.01,G00__mom_12_1__top20__weekly__long_short,delta_vs_same_scenario_G00,annualized_l1_turnover,17.09740882621245
G21,G21__mom_12_1__top20__weekly__long_short__rev20,long_short,rev20,5.0,0.03,G00__mom_12_1__top20__weekly__long_short,delta_vs_same_scenario_G00,cagr,0.028298445657603498
G21,G21__mom_12_1__top20__weekly__long_short__rev20,long_short,rev20,5.0,0.03,G00__mom_12_1__top20__weekly__long_short,delta_vs_same_scenario_G00,sharpe_excess_rf,0.14021571565149776
G21,G21__mom_12_1__top20__weekly__long_short__rev20,long_short,rev20,5.0,0.03,G00__mom_12_1__top20__weekly__long_short,delta_vs_same_scenario_G00,max_drawdown,0.1787642077949212
G21,G21__mom_12_1__top20__weekly__long_short__rev20,long_short,rev20,5.0,0.03,G00__mom_12_1__top20__weekly__long_short,delta_vs_same_scenario_G00,annualized_volatility,-0.007252960219217425
G21,G21__mom_12_1__top20__weekly__long_short__rev20,long_short,rev20,5.0,0.03,G00__mom_12_1__top20__weekly__long_short,delta_vs_same_scenario_G00,annualized_l1_turnover,17.098820148572287
G21,G21__mom_12_1__top20__weekly__long_short__rev20,long_short,rev20,10.0,0.0,G00__mom_12_1__top20__weekly__long_short,delta_vs_same_scenario_G00,cagr,0.01944712957557032
G21,G21__mom_12_1__top20__weekly__long_short__rev20,long_short,rev20,10.0,0.0,G00__mom_12_1__top20__weekly__long_short,delta_vs_same_scenario_G00,sharpe_excess_rf,0.09631262072681879
G21,G21__mom_12_1__top20__weekly__long_short__rev20,long_short,rev20,10.0,0.0,G00__mom_12_1__top20__weekly__long_short,delta_vs_same_scenario_G00,max_drawdown,0.16550682196629185
G21,G21__mom_12_1__top20__weekly__long_short__rev20,long_short,rev20,10.0,0.0,G00__mom_12_1__top20__weekly__long_short,delta_vs_same_scenario_G00,annualized_volatility,-0.0072094339585353495
G21,G21__mom_12_1__top20__weekly__long_short__rev20,long_short,rev20,10.0,0.0,G00__mom_12_1__top20__weekly__long_short,delta_vs_same_scenario_G00,annualized_l1_turnover,17.09669091380911
G21,G21__mom_12_1__top20__weekly__long_short__rev20,long_short,rev20,10.0,0.01,G00__mom_12_1__top20__weekly__long_short,delta_vs_same_scenario_G00,cagr,0.01935820480715813
G21,G21__mom_12_1__top20__weekly__long_short__rev20,long_short,rev20,10.0,0.01,G00__mom_12_1__top20__weekly__long_short,delta_vs_same_scenario_G00,sharpe_excess_rf,0.09536636744898028
G21,G21__mom_12_1__top20__weekly__long_short__rev20,long_short,rev20,10.0,0.01,G00__mom_12_1__top20__weekly__long_short,delta_vs_same_scenario_G00,max_drawdown,0.16430851378332467
G21,G21__mom_12_1__top20__weekly__long_short__rev20,long_short,rev20,10.0,0.01,G00__mom_12_1__top20__weekly__long_short,delta_vs_same_scenario_G00,annualized_volatility,-0.007212359402915786
G21,G21__mom_12_1__top20__weekly__long_short__rev20,long_short,rev20,10.0,0.01,G00__mom_12_1__top20__weekly__long_short,delta_vs_same_scenario_G00,annualized_l1_turnover,17.09740882621245
G21,G21__mom_12_1__top20__weekly__long_short__rev20,long_short,rev20,10.0,0.03,G00__mom_12_1__top20__weekly__long_short,delta_vs_same_scenario_G00,cagr,0.019184134203385845
G21,G21__mom_12_1__top20__weekly__long_short__rev20,long_short,rev20,10.0,0.03,G00__mom_12_1__top20__weekly__long_short,delta_vs_same_scenario_G00,sharpe_excess_rf,0.09349977567960686
G21,G21__mom_12_1__top20__weekly__long_short__rev20,long_short,rev20,10.0,0.03,G00__mom_12_1__top20__weekly__long_short,delta_vs_same_scenario_G00,max_drawdown,0.16195462864299504
G21,G21__mom_12_1__top20__weekly__long_short__rev20,long_short,rev20,10.0,0.03,G00__mom_12_1__top20__weekly__long_short,delta_vs_same_scenario_G00,annualized_volatility,-0.007218126099623773
G21,G21__mom_12_1__top20__weekly__long_short__rev20,long_short,rev20,10.0,0.03,G00__mom_12_1__top20__weekly__long_short,delta_vs_same_scenario_G00,annualized_l1_turnover,17.098820148572287
G21,G21__mom_12_1__top20__weekly__long_short__rev20,long_short,rev20,20.0,0.0,G00__mom_12_1__top20__weekly__long_short,delta_vs_same_scenario_G00,cagr,0.0014451784266607502
G21,G21__mom_12_1__top20__weekly__long_short__rev20,long_short,rev20,20.0,0.0,G00__mom_12_1__top20__weekly__long_short,delta_vs_same_scenario_G00,sharpe_excess_rf,0.0029450662016528018
G21,G21__mom_12_1__top20__weekly__long_short__rev20,long_short,rev20,20.0,0.0,G00__mom_12_1__top20__weekly__long_short,delta_vs_same_scenario_G00,max_drawdown,0.1330121221014453
G21,G21__mom_12_1__top20__weekly__long_short__rev20,long_short,rev20,20.0,0.0,G00__mom_12_1__top20__weekly__long_short,delta_vs_same_scenario_G00,annualized_volatility,-0.007043922113455114
G21,G21__mom_12_1__top20__weekly__long_short__rev20,long_short,rev20,20.0,0.0,G00__mom_12_1__top20__weekly__long_short,delta_vs_same_scenario_G00,annualized_l1_turnover,17.09669091380911
G21,G21__mom_12_1__top20__weekly__long_short__rev20,long_short,rev20,20.0,0.01,G00__mom_12_1__top20__weekly__long_short,delta_vs_same_scenario_G00,cagr,0.0014446960310453005
G21,G21__mom_12_1__top20__weekly__long_short__rev20,long_short,rev20,20.0,0.01,G00__mom_12_1__top20__weekly__long_short,delta_vs_same_scenario_G00,sharpe_excess_rf,0.0020250883308532697
G21,G21__mom_12_1__top20__weekly__long_short__rev20,long_short,rev20,20.0,0.01,G00__mom_12_1__top20__weekly__long_short,delta_vs_same_scenario_G00,max_drawdown,0.1321916517464261
G21,G21__mom_12_1__top20__weekly__long_short__rev20,long_short,rev20,20.0,0.01,G00__mom_12_1__top20__weekly__long_short,delta_vs_same_scenario_G00,annualized_volatility,-0.0070468557843666735
G21,G21__mom_12_1__top20__weekly__long_short__rev20,long_short,rev20,20.0,0.01,G00__mom_12_1__top20__weekly__long_short,delta_vs_same_scenario_G00,annualized_l1_turnover,17.09740882621245
G21,G21__mom_12_1__top20__weekly__long_short__rev20,long_short,rev20,20.0,0.03,G00__mom_12_1__top20__weekly__long_short,delta_vs_same_scenario_G00,cagr,0.0014436824815349265
G21,G21__mom_12_1__top20__weekly__long_short__rev20,long_short,rev20,20.0,0.03,G00__mom_12_1__top20__weekly__long_short,delta_vs_same_scenario_G00,sharpe_excess_rf,0.0002102831620047485
G21,G21__mom_12_1__top20__weekly__long_short__rev20,long_short,rev20,20.0,0.03,G00__mom_12_1__top20__weekly__long_short,delta_vs_same_scenario_G00,max_drawdown,0.13056986103583468
G21,G21__mom_12_1__top20__weekly__long_short__rev20,long_short,rev20,20.0,0.03,G00__mom_12_1__top20__weekly__long_short,delta_vs_same_scenario_G00,annualized_volatility,-0.007052639216028445
G21,G21__mom_12_1__top20__weekly__long_short__rev20,long_short,rev20,20.0,0.03,G00__mom_12_1__top20__weekly__long_short,delta_vs_same_scenario_G00,annualized_l1_turnover,17.098820148572287
G21,G21__mom_12_1__top20__weekly__long_short__rev5,long_short,rev5,0.0,0.0,G00__mom_12_1__top20__weekly__long_short,delta_vs_same_scenario_G00,cagr,0.06331658464067629
G21,G21__mom_12_1__top20__weekly__long_short__rev5,long_short,rev5,0.0,0.0,G00__mom_12_1__top20__weekly__long_short,delta_vs_same_scenario_G00,sharpe_excess_rf,0.32783787344253124
G21,G21__mom_12_1__top20__weekly__long_short__rev5,long_short,rev5,0.0,0.0,G00__mom_12_1__top20__weekly__long_short,delta_vs_same_scenario_G00,max_drawdown,0.18427331573406291
G21,G21__mom_12_1__top20__weekly__long_short__rev5,long_short,rev5,0.0,0.0,G00__mom_12_1__top20__weekly__long_short,delta_vs_same_scenario_G00,annualized_volatility,-0.01570268643495079
G21,G21__mom_12_1__top20__weekly__long_short__rev5,long_short,rev5,0.0,0.0,G00__mom_12_1__top20__weekly__long_short,delta_vs_same_scenario_G00,annualized_l1_turnover,26.10283942245419
G21,G21__mom_12_1__top20__weekly__long_short__rev5,long_short,rev5,0.0,0.01,G00__mom_12_1__top20__weekly__long_short,delta_vs_same_scenario_G00,cagr,0.06301872426315994
G21,G21__mom_12_1__top20__weekly__long_short__rev5,long_short,rev5,0.0,0.01,G00__mom_12_1__top20__weekly__long_short,delta_vs_same_scenario_G00,sharpe_excess_rf,0.3256579224886237
G21,G21__mom_12_1__top20__weekly__long_short__rev5,long_short,rev5,0.0,0.01,G00__mom_12_1__top20__weekly__long_short,delta_vs_same_scenario_G00,max_drawdown,0.18575658903228698
G21,G21__mom_12_1__top20__weekly__long_short__rev5,long_short,rev5,0.0,0.01,G00__mom_12_1__top20__weekly__long_short,delta_vs_same_scenario_G00,annualized_volatility,-0.015705771532486285
G21,G21__mom_12_1__top20__weekly__long_short__rev5,long_short,rev5,0.0,0.01,G00__mom_12_1__top20__weekly__long_short,delta_vs_same_scenario_G00,annualized_l1_turnover,26.10397775772607
G21,G21__mom_12_1__top20__weekly__long_short__rev5,long_short,rev5,0.0,0.03,G00__mom_12_1__top20__weekly__long_short,delta_vs_same_scenario_G00,cagr,0.06243572386557754
G21,G21__mom_12_1__top20__weekly__long_short__rev5,long_short,rev5,0.0,0.03,G00__mom_12_1__top20__weekly__long_short,delta_vs_same_scenario_G00,sharpe_excess_rf,0.3213603080686248
G21,G21__mom_12_1__top20__weekly__long_short__rev5,long_short,rev5,0.0,0.03,G00__mom_12_1__top20__weekly__long_short,delta_vs_same_scenario_G00,max_drawdown,0.19216212490140994
G21,G21__mom_12_1__top20__weekly__long_short__rev5,long_short,rev5,0.0,0.03,G00__mom_12_1__top20__weekly__long_short,delta_vs_same_scenario_G00,annualized_volatility,-0.015711851586385384
G21,G21__mom_12_1__top20__weekly__long_short__rev5,long_short,rev5,0.0,0.03,G00__mom_12_1__top20__weekly__long_short,delta_vs_same_scenario_G00,annualized_l1_turnover,26.106216341503924
G21,G21__mom_12_1__top20__weekly__long_short__rev5,long_short,rev5,5.0,0.0,G00__mom_12_1__top20__weekly__long_short,delta_vs_same_scenario_G00,cagr,0.04861720819887768
G21,G21__mom_12_1__top20__weekly__long_short__rev5,long_short,rev5,5.0,0.0,G00__mom_12_1__top20__weekly__long_short,delta_vs_same_scenario_G00,sharpe_excess_rf,0.2526007098801367
G21,G21__mom_12_1__top20__weekly__long_short__rev5,long_short,rev5,5.0,0.0,G00__mom_12_1__top20__weekly__long_short,delta_vs_same_scenario_G00,max_drawdown,0.17883169411821143
G21,G21__mom_12_1__top20__weekly__long_short__rev5,long_short,rev5,5.0,0.0,G00__mom_12_1__top20__weekly__long_short,delta_vs_same_scenario_G00,annualized_volatility,-0.01582414112739733
G21,G21__mom_12_1__top20__weekly__long_short__rev5,long_short,rev5,5.0,0.0,G00__mom_12_1__top20__weekly__long_short,delta_vs_same_scenario_G00,annualized_l1_turnover,26.10283942245419
G21,G21__mom_12_1__top20__weekly__long_short__rev5,long_short,rev5,5.0,0.01,G00__mom_12_1__top20__weekly__long_short,delta_vs_same_scenario_G00,cagr,0.04839138656525595
G21,G21__mom_12_1__top20__weekly__long_short__rev5,long_short,rev5,5.0,0.01,G00__mom_12_1__top20__weekly__long_short,delta_vs_same_scenario_G00,sharpe_excess_rf,0.250404490142511
G21,G21__mom_12_1__top20__weekly__long_short__rev5,long_short,rev5,5.0,0.01,G00__mom_12_1__top20__weekly__long_short,delta_vs_same_scenario_G00,max_drawdown,0.18215551889264636
G21,G21__mom_12_1__top20__weekly__long_short__rev5,long_short,rev5,5.0,0.01,G00__mom_12_1__top20__weekly__long_short,delta_vs_same_scenario_G00,annualized_volatility,-0.01582722789398816
G21,G21__mom_12_1__top20__weekly__long_short__rev5,long_short,rev5,5.0,0.01,G00__mom_12_1__top20__weekly__long_short,delta_vs_same_scenario_G00,annualized_l1_turnover,26.10397775772607
G21,G21__mom_12_1__top20__weekly__long_short__rev5,long_short,rev5,5.0,0.03,G00__mom_12_1__top20__weekly__long_short,delta_vs_same_scenario_G00,cagr,0.04794934763048272
G21,G21__mom_12_1__top20__weekly__long_short__rev5,long_short,rev5,5.0,0.03,G00__mom_12_1__top20__weekly__long_short,delta_vs_same_scenario_G00,sharpe_excess_rf,0.24607483454051032
G21,G21__mom_12_1__top20__weekly__long_short__rev5,long_short,rev5,5.0,0.03,G00__mom_12_1__top20__weekly__long_short,delta_vs_same_scenario_G00,max_drawdown,0.18553107750201991
G21,G21__mom_12_1__top20__weekly__long_short__rev5,long_short,rev5,5.0,0.03,G00__mom_12_1__top20__weekly__long_short,delta_vs_same_scenario_G00,annualized_volatility,-0.015833311636998
G21,G21__mom_12_1__top20__weekly__long_short__rev5,long_short,rev5,5.0,0.03,G00__mom_12_1__top20__weekly__long_short,delta_vs_same_scenario_G00,annualized_l1_turnover,26.106216341503924
G21,G21__mom_12_1__top20__weekly__long_short__rev5,long_short,rev5,10.0,0.0,G00__mom_12_1__top20__weekly__long_short,delta_vs_same_scenario_G00,cagr,0.03424055733472958
G21,G21__mom_12_1__top20__weekly__long_short__rev5,long_short,rev5,10.0,0.0,G00__mom_12_1__top20__weekly__long_short,delta_vs_same_scenario_G00,sharpe_excess_rf,0.1771269069296256
G21,G21__mom_12_1__top20__weekly__long_short__rev5,long_short,rev5,10.0,0.0,G00__mom_12_1__top20__weekly__long_short,delta_vs_same_scenario_G00,max_drawdown,0.17310820166912622
G21,G21__mom_12_1__top20__weekly__long_short__rev5,long_short,rev5,10.0,0.0,G00__mom_12_1__top20__weekly__long_short,delta_vs_same_scenario_G00,annualized_volatility,-0.015877879827702862
G21,G21__mom_12_1__top20__weekly__long_short__rev5,long_short,rev5,10.0,0.0,G00__mom_12_1__top20__weekly__long_short,delta_vs_same_scenario_G00,annualized_l1_turnover,26.10283942245419
G21,G21__mom_12_1__top20__weekly__long_short__rev5,long_short,rev5,10.0,0.01,G00__mom_12_1__top20__weekly__long_short,delta_vs_same_scenario_G00,cagr,0.03408521120315557
G21,G21__mom_12_1__top20__weekly__long_short__rev5,long_short,rev5,10.0,0.01,G00__mom_12_1__top20__weekly__long_short,delta_vs_same_scenario_G00,sharpe_excess_rf,0.17492511806713018
G21,G21__mom_12_1__top20__weekly__long_short__rev5,long_short,rev5,10.0,0.01,G00__mom_12_1__top20__weekly__long_short,delta_vs_same_scenario_G00,max_drawdown,0.1743367791034226
G21,G21__mom_12_1__top20__weekly__long_short__rev5,long_short,rev5,10.0,0.01,G00__mom_12_1__top20__weekly__long_short,delta_vs_same_scenario_G00,annualized_volatility,-0.01588096814493259
G21,G21__mom_12_1__top20__weekly__long_short__rev5,long_short,rev5,10.0,0.01,G00__mom_12_1__top20__weekly__long_short,delta_vs_same_scenario_G00,annualized_l1_turnover,26.10397775772607
G21,G21__mom_12_1__top20__weekly__long_short__rev5,long_short,rev5,10.0,0.03,G00__mom_12_1__top20__weekly__long_short,delta_vs_same_scenario_G00,cagr,0.03378107487640271
G21,G21__mom_12_1__top20__weekly__long_short__rev5,long_short,rev5,10.0,0.03,G00__mom_12_1__top20__weekly__long_short,delta_vs_same_scenario_G00,sharpe_excess_rf,0.17058450291202026
G21,G21__mom_12_1__top20__weekly__long_short__rev5,long_short,rev5,10.0,0.03,G00__mom_12_1__top20__weekly__long_short,delta_vs_same_scenario_G00,max_drawdown,0.17608369509754618
G21,G21__mom_12_1__top20__weekly__long_short__rev5,long_short,rev5,10.0,0.03,G00__mom_12_1__top20__weekly__long_short,delta_vs_same_scenario_G00,annualized_volatility,-0.01588705535022439
G21,G21__mom_12_1__top20__weekly__long_short__rev5,long_short,rev5,10.0,0.03,G00__mom_12_1__top20__weekly__long_short,delta_vs_same_scenario_G00,annualized_l1_turnover,26.106216341503924
G21,G21__mom_12_1__top20__weekly__long_short__rev5,long_short,rev5,20.0,0.0,G00__mom_12_1__top20__weekly__long_short,delta_vs_same_scenario_G00,cagr,0.00643285861553072
G21,G21__mom_12_1__top20__weekly__long_short__rev5,long_short,rev5,20.0,0.0,G00__mom_12_1__top20__weekly__long_short,delta_vs_same_scenario_G00,sharpe_excess_rf,0.02597075477953134
G21,G21__mom_12_1__top20__weekly__long_short__rev5,long_short,rev5,20.0,0.0,G00__mom_12_1__top20__weekly__long_short,delta_vs_same_scenario_G00,max_drawdown,0.1273943594113508
G21,G21__mom_12_1__top20__weekly__long_short__rev5,long_short,rev5,20.0,0.0,G00__mom_12_1__top20__weekly__long_short,delta_vs_same_scenario_G00,annualized_volatility,-0.01578226135304442
G21,G21__mom_12_1__top20__weekly__long_short__rev5,long_short,rev5,20.0,0.0,G00__mom_12_1__top20__weekly__long_short,delta_vs_same_scenario_G00,annualized_l1_turnover,26.10283942245419
G21,G21__mom_12_1__top20__weekly__long_short__rev5,long_short,rev5,20.0,0.01,G00__mom_12_1__top20__weekly__long_short,delta_vs_same_scenario_G00,cagr,0.006413881801504762
G21,G21__mom_12_1__top20__weekly__long_short__rev5,long_short,rev5,20.0,0.01,G00__mom_12_1__top20__weekly__long_short,delta_vs_same_scenario_G00,sharpe_excess_rf,0.02378987011995644
G21,G21__mom_12_1__top20__weekly__long_short__rev5,long_short,rev5,20.0,0.01,G00__mom_12_1__top20__weekly__long_short,delta_vs_same_scenario_G00,max_drawdown,0.12626465841292867
G21,G21__mom_12_1__top20__weekly__long_short__rev5,long_short,rev5,20.0,0.01,G00__mom_12_1__top20__weekly__long_short,delta_vs_same_scenario_G00,annualized_volatility,-0.01578535246137716
G21,G21__mom_12_1__top20__weekly__long_short__rev5,long_short,rev5,20.0,0.01,G00__mom_12_1__top20__weekly__long_short,delta_vs_same_scenario_G00,annualized_l1_turnover,26.10397775772607
G21,G21__mom_12_1__top20__weekly__long_short__rev5,long_short,rev5,20.0,0.03,G00__mom_12_1__top20__weekly__long_short,delta_vs_same_scenario_G00,cagr,0.0063765855322366356
G21,G21__mom_12_1__top20__weekly__long_short__rev5,long_short,rev5,20.0,0.03,G00__mom_12_1__top20__weekly__long_short,delta_vs_same_scenario_G00,sharpe_excess_rf,0.019490469450865164
G21,G21__mom_12_1__top20__weekly__long_short__rev5,long_short,rev5,20.0,0.03,G00__mom_12_1__top20__weekly__long_short,delta_vs_same_scenario_G00,max_drawdown,0.12405891642658562
G21,G21__mom_12_1__top20__weekly__long_short__rev5,long_short,rev5,20.0,0.03,G00__mom_12_1__top20__weekly__long_short,delta_vs_same_scenario_G00,annualized_volatility,-0.01579144599718954
G21,G21__mom_12_1__top20__weekly__long_short__rev5,long_short,rev5,20.0,0.03,G00__mom_12_1__top20__weekly__long_short,delta_vs_same_scenario_G00,annualized_l1_turnover,26.106216341503924
G21,G21__mom_12_1__top50__monthly__long_only__rev20,long_only,rev20,0.0,0.0,G00__mom_12_1__top50__monthly__long_only,delta_vs_same_scenario_G00,cagr,-0.032674224312666755
G21,G21__mom_12_1__top50__monthly__long_only__rev20,long_only,rev20,0.0,0.0,G00__mom_12_1__top50__monthly__long_only,delta_vs_same_scenario_G00,sharpe_excess_rf,-0.15989291813004608
G21,G21__mom_12_1__top50__monthly__long_only__rev20,long_only,rev20,0.0,0.0,G00__mom_12_1__top50__monthly__long_only,delta_vs_same_scenario_G00,max_drawdown,-0.16994473909813274
G21,G21__mom_12_1__top50__monthly__long_only__rev20,long_only,rev20,0.0,0.0,G00__mom_12_1__top50__monthly__long_only,delta_vs_same_scenario_G00,annualized_volatility,0.04629276124581874
G21,G21__mom_12_1__top50__monthly__long_only__rev20,long_only,rev20,0.0,0.0,G00__mom_12_1__top50__monthly__long_only,delta_vs_same_scenario_G00,annualized_l1_turnover,5.031020765634122
G21,G21__mom_12_1__top50__monthly__long_only__rev20,long_only,rev20,5.0,0.0,G00__mom_12_1__top50__monthly__long_only,delta_vs_same_scenario_G00,cagr,-0.0353852446414471
G21,G21__mom_12_1__top50__monthly__long_only__rev20,long_only,rev20,5.0,0.0,G00__mom_12_1__top50__monthly__long_only,delta_vs_same_scenario_G00,sharpe_excess_rf,-0.16609747426464694
G21,G21__mom_12_1__top50__monthly__long_only__rev20,long_only,rev20,5.0,0.0,G00__mom_12_1__top50__monthly__long_only,delta_vs_same_scenario_G00,max_drawdown,-0.1701989173908191
G21,G21__mom_12_1__top50__monthly__long_only__rev20,long_only,rev20,5.0,0.0,G00__mom_12_1__top50__monthly__long_only,delta_vs_same_scenario_G00,annualized_volatility,0.04626441291120667
G21,G21__mom_12_1__top50__monthly__long_only__rev20,long_only,rev20,5.0,0.0,G00__mom_12_1__top50__monthly__long_only,delta_vs_same_scenario_G00,annualized_l1_turnover,5.031020765634122
G21,G21__mom_12_1__top50__monthly__long_only__rev20,long_only,rev20,10.0,0.0,G00__mom_12_1__top50__monthly__long_only,delta_vs_same_scenario_G00,cagr,-0.03807139255220976
G21,G21__mom_12_1__top50__monthly__long_only__rev20,long_only,rev20,10.0,0.0,G00__mom_12_1__top50__monthly__long_only,delta_vs_same_scenario_G00,sharpe_excess_rf,-0.17231593499690373
G21,G21__mom_12_1__top50__monthly__long_only__rev20,long_only,rev20,10.0,0.0,G00__mom_12_1__top50__monthly__long_only,delta_vs_same_scenario_G00,max_drawdown,-0.17045309568350558
G21,G21__mom_12_1__top50__monthly__long_only__rev20,long_only,rev20,10.0,0.0,G00__mom_12_1__top50__monthly__long_only,delta_vs_same_scenario_G00,annualized_volatility,0.046245573361332865
G21,G21__mom_12_1__top50__monthly__long_only__rev20,long_only,rev20,10.0,0.0,G00__mom_12_1__top50__monthly__long_only,delta_vs_same_scenario_G00,annualized_l1_turnover,5.031020765634122
G21,G21__mom_12_1__top50__monthly__long_only__rev20,long_only,rev20,20.0,0.0,G00__mom_12_1__top50__monthly__long_only,delta_vs_same_scenario_G00,cagr,-0.04336968038783581
G21,G21__mom_12_1__top50__monthly__long_only__rev20,long_only,rev20,20.0,0.0,G00__mom_12_1__top50__monthly__long_only,delta_vs_same_scenario_G00,sharpe_excess_rf,-0.18478512653840273
G21,G21__mom_12_1__top50__monthly__long_only__rev20,long_only,rev20,20.0,0.0,G00__mom_12_1__top50__monthly__long_only,delta_vs_same_scenario_G00,max_drawdown,-0.17096145226887788
G21,G21__mom_12_1__top50__monthly__long_only__rev20,long_only,rev20,20.0,0.0,G00__mom_12_1__top50__monthly__long_only,delta_vs_same_scenario_G00,annualized_volatility,0.04623643145403045
G21,G21__mom_12_1__top50__monthly__long_only__rev20,long_only,rev20,20.0,0.0,G00__mom_12_1__top50__monthly__long_only,delta_vs_same_scenario_G00,annualized_l1_turnover,5.031020765634122
G21,G21__mom_12_1__top50__monthly__long_only__rev5,long_only,rev5,0.0,0.0,G00__mom_12_1__top50__monthly__long_only,delta_vs_same_scenario_G00,cagr,-0.030098588625786515
G21,G21__mom_12_1__top50__monthly__long_only__rev5,long_only,rev5,0.0,0.0,G00__mom_12_1__top50__monthly__long_only,delta_vs_same_scenario_G00,sharpe_excess_rf,-0.1454474711400447
G21,G21__mom_12_1__top50__monthly__long_only__rev5,long_only,rev5,0.0,0.0,G00__mom_12_1__top50__monthly__long_only,delta_vs_same_scenario_G00,max_drawdown,-0.17799345844558506
G21,G21__mom_12_1__top50__monthly__long_only__rev5,long_only,rev5,0.0,0.0,G00__mom_12_1__top50__monthly__long_only,delta_vs_same_scenario_G00,annualized_volatility,0.038037053761304424
G21,G21__mom_12_1__top50__monthly__long_only__rev5,long_only,rev5,0.0,0.0,G00__mom_12_1__top50__monthly__long_only,delta_vs_same_scenario_G00,annualized_l1_turnover,4.916037513969298
G21,G21__mom_12_1__top50__monthly__long_only__rev5,long_only,rev5,5.0,0.0,G00__mom_12_1__top50__monthly__long_only,delta_vs_same_scenario_G00,cagr,-0.03276099231613605
G21,G21__mom_12_1__top50__monthly__long_only__rev5,long_only,rev5,5.0,0.0,G00__mom_12_1__top50__monthly__long_only,delta_vs_same_scenario_G00,sharpe_excess_rf,-0.15211841093244466
G21,G21__mom_12_1__top50__monthly__long_only__rev5,long_only,rev5,5.0,0.0,G00__mom_12_1__top50__monthly__long_only,delta_vs_same_scenario_G00,max_drawdown,-0.17825551771066722
G21,G21__mom_12_1__top50__monthly__long_only__rev5,long_only,rev5,5.0,0.0,G00__mom_12_1__top50__monthly__long_only,delta_vs_same_scenario_G00,annualized_volatility,0.03803629189181065
G21,G21__mom_12_1__top50__monthly__long_only__rev5,long_only,rev5,5.0,0.0,G00__mom_12_1__top50__monthly__long_only,delta_vs_same_scenario_G00,annualized_l1_turnover,4.916037513969298
G21,G21__mom_12_1__top50__monthly__long_only__rev5,long_only,rev5,10.0,0.0,G00__mom_12_1__top50__monthly__long_only,delta_vs_same_scenario_G00,cagr,-0.035399159626315624
G21,G21__mom_12_1__top50__monthly__long_only__rev5,long_only,rev5,10.0,0.0,G00__mom_12_1__top50__monthly__long_only,delta_vs_same_scenario_G00,sharpe_excess_rf,-0.15880062394878636
G21,G21__mom_12_1__top50__monthly__long_only__rev5,long_only,rev5,10.0,0.0,G00__mom_12_1__top50__monthly__long_only,delta_vs_same_scenario_G00,max_drawdown,-0.17851757697574994
G21,G21__mom_12_1__top50__monthly__long_only__rev5,long_only,rev5,10.0,0.0,G00__mom_12_1__top50__monthly__long_only,delta_vs_same_scenario_G00,annualized_volatility,0.038045147129803364
G21,G21__mom_12_1__top50__monthly__long_only__rev5,long_only,rev5,10.0,0.0,G00__mom_12_1__top50__monthly__long_only,delta_vs_same_scenario_G00,annualized_l1_turnover,4.916037513969298
G21,G21__mom_12_1__top50__monthly__long_only__rev5,long_only,rev5,20.0,0.0,G00__mom_12_1__top50__monthly__long_only,delta_vs_same_scenario_G00,cagr,-0.04060337469627992
G21,G21__mom_12_1__top50__monthly__long_only__rev5,long_only,rev5,20.0,0.0,G00__mom_12_1__top50__monthly__long_only,delta_vs_same_scenario_G00,sharpe_excess_rf,-0.17218857747434274
G21,G21__mom_12_1__top50__monthly__long_only__rev5,long_only,rev5,20.0,0.0,G00__mom_12_1__top50__monthly__long_only,delta_vs_same_scenario_G00,max_drawdown,-0.17904169550591426
G21,G21__mom_12_1__top50__monthly__long_only__rev5,long_only,rev5,20.0,0.0,G00__mom_12_1__top50__monthly__long_only,delta_vs_same_scenario_G00,annualized_volatility,0.03809170260604161
G21,G21__mom_12_1__top50__monthly__long_only__rev5,long_only,rev5,20.0,0.0,G00__mom_12_1__top50__monthly__long_only,delta_vs_same_scenario_G00,annualized_l1_turnover,4.916037513969298
G21,G21__mom_12_1__top50__monthly__long_short__rev20,long_short,rev20,0.0,0.0,G00__mom_12_1__top50__monthly__long_short,delta_vs_same_scenario_G00,cagr,-0.0025551583340083436
G21,G21__mom_12_1__top50__monthly__long_short__rev20,long_short,rev20,0.0,0.0,G00__mom_12_1__top50__monthly__long_short,delta_vs_same_scenario_G00,sharpe_excess_rf,-0.01436279068891394
G21,G21__mom_12_1__top50__monthly__long_short__rev20,long_short,rev20,0.0,0.0,G00__mom_12_1__top50__monthly__long_short,delta_vs_same_scenario_G00,max_drawdown,-0.032940981501278
G21,G21__mom_12_1__top50__monthly__long_short__rev20,long_short,rev20,0.0,0.0,G00__mom_12_1__top50__monthly__long_short,delta_vs_same_scenario_G00,annualized_volatility,-0.008901441157482676
G21,G21__mom_12_1__top50__monthly__long_short__rev20,long_short,rev20,0.0,0.0,G00__mom_12_1__top50__monthly__long_short,delta_vs_same_scenario_G00,annualized_l1_turnover,4.5291231258214895
G21,G21__mom_12_1__top50__monthly__long_short__rev20,long_short,rev20,0.0,0.01,G00__mom_12_1__top50__monthly__long_short,delta_vs_same_scenario_G00,cagr,-0.002531273247078268
G21,G21__mom_12_1__top50__monthly__long_short__rev20,long_short,rev20,0.0,0.01,G00__mom_12_1__top50__monthly__long_short,delta_vs_same_scenario_G00,sharpe_excess_rf,-0.016456963806326996
G21,G21__mom_12_1__top50__monthly__long_short__rev20,long_short,rev20,0.0,0.01,G00__mom_12_1__top50__monthly__long_short,delta_vs_same_scenario_G00,max_drawdown,-0.03307714347318491
G21,G21__mom_12_1__top50__monthly__long_short__rev20,long_short,rev20,0.0,0.01,G00__mom_12_1__top50__monthly__long_short,delta_vs_same_scenario_G00,annualized_volatility,-0.008903872285881409
G21,G21__mom_12_1__top50__monthly__long_short__rev20,long_short,rev20,0.0,0.01,G00__mom_12_1__top50__monthly__long_short,delta_vs_same_scenario_G00,annualized_l1_turnover,4.5301302133833925
G21,G21__mom_12_1__top50__monthly__long_short__rev20,long_short,rev20,0.0,0.03,G00__mom_12_1__top50__monthly__long_short,delta_vs_same_scenario_G00,cagr,-0.0024848572423528045
G21,G21__mom_12_1__top50__monthly__long_short__rev20,long_short,rev20,0.0,0.03,G00__mom_12_1__top50__monthly__long_short,delta_vs_same_scenario_G00,sharpe_excess_rf,-0.020586012937314754
G21,G21__mom_12_1__top50__monthly__long_short__rev20,long_short,rev20,0.0,0.03,G00__mom_12_1__top50__monthly__long_short,delta_vs_same_scenario_G00,max_drawdown,-0.03332891490819201
G21,G21__mom_12_1__top50__monthly__long_short__rev20,long_short,rev20,0.0,0.03,G00__mom_12_1__top50__monthly__long_short,delta_vs_same_scenario_G00,annualized_volatility,-0.008908671818320169
G21,G21__mom_12_1__top50__monthly__long_short__rev20,long_short,rev20,0.0,0.03,G00__mom_12_1__top50__monthly__long_short,delta_vs_same_scenario_G00,annualized_l1_turnover,4.532103622250771
G21,G21__mom_12_1__top50__monthly__long_short__rev20,long_short,rev20,5.0,0.0,G00__mom_12_1__top50__monthly__long_short,delta_vs_same_scenario_G00,cagr,-0.004900327797035357
G21,G21__mom_12_1__top50__monthly__long_short__rev20,long_short,rev20,5.0,0.0,G00__mom_12_1__top50__monthly__long_short,delta_vs_same_scenario_G00,sharpe_excess_rf,-0.032344940523776594
G21,G21__mom_12_1__top50__monthly__long_short__rev20,long_short,rev20,5.0,0.0,G00__mom_12_1__top50__monthly__long_short,delta_vs_same_scenario_G00,max_drawdown,-0.035836199000341795
G21,G21__mom_12_1__top50__monthly__long_short__rev20,long_short,rev20,5.0,0.0,G00__mom_12_1__top50__monthly__long_short,delta_vs_same_scenario_G00,annualized_volatility,-0.008916480152107331
G21,G21__mom_12_1__top50__monthly__long_short__rev20,long_short,rev20,5.0,0.0,G00__mom_12_1__top50__monthly__long_short,delta_vs_same_scenario_G00,annualized_l1_turnover,4.5291231258214895
G21,G21__mom_12_1__top50__monthly__long_short__rev20,long_short,rev20,5.0,0.01,G00__mom_12_1__top50__monthly__long_short,delta_vs_same_scenario_G00,cagr,-0.004865319374201357
G21,G21__mom_12_1__top50__monthly__long_short__rev20,long_short,rev20,5.0,0.01,G00__mom_12_1__top50__monthly__long_short,delta_vs_same_scenario_G00,sharpe_excess_rf,-0.034443506562375215
G21,G21__mom_12_1__top50__monthly__long_short__rev20,long_short,rev20,5.0,0.01,G00__mom_12_1__top50__monthly__long_short,delta_vs_same_scenario_G00,max_drawdown,-0.03594069096922242
G21,G21__mom_12_1__top50__monthly__long_short__rev20,long_short,rev20,5.0,0.01,G00__mom_12_1__top50__monthly__long_short,delta_vs_same_scenario_G00,annualized_volatility,-0.008918909978529677
G21,G21__mom_12_1__top50__monthly__long_short__rev20,long_short,rev20,5.0,0.01,G00__mom_12_1__top50__monthly__long_short,delta_vs_same_scenario_G00,annualized_l1_turnover,4.5301302133833925
G21,G21__mom_12_1__top50__monthly__long_short__rev20,long_short,rev20,5.0,0.03,G00__mom_12_1__top50__monthly__long_short,delta_vs_same_scenario_G00,cagr,-0.004797114576883029
G21,G21__mom_12_1__top50__monthly__long_short__rev20,long_short,rev20,5.0,0.03,G00__mom_12_1__top50__monthly__long_short,delta_vs_same_scenario_G00,sharpe_excess_rf,-0.03858116882718391
G21,G21__mom_12_1__top50__monthly__long_short__rev20,long_short,rev20,5.0,0.03,G00__mom_12_1__top50__monthly__long_short,delta_vs_same_scenario_G00,max_drawdown,-0.03613099476170906
G21,G21__mom_12_1__top50__monthly__long_short__rev20,long_short,rev20,5.0,0.03,G00__mom_12_1__top50__monthly__long_short,delta_vs_same_scenario_G00,annualized_volatility,-0.0089237074173934
G21,G21__mom_12_1__top50__monthly__long_short__rev20,long_short,rev20,5.0,0.03,G00__mom_12_1__top50__monthly__long_short,delta_vs_same_scenario_G00,annualized_l1_turnover,4.532103622250771
G21,G21__mom_12_1__top50__monthly__long_short__rev20,long_short,rev20,10.0,0.0,G00__mom_12_1__top50__monthly__long_short,delta_vs_same_scenario_G00,cagr,-0.007225318724094237
G21,G21__mom_12_1__top50__monthly__long_short__rev20,long_short,rev20,10.0,0.0,G00__mom_12_1__top50__monthly__long_short,delta_vs_same_scenario_G00,sharpe_excess_rf,-0.05035096123892474
G21,G21__mom_12_1__top50__monthly__long_short__rev20,long_short,rev20,10.0,0.0,G00__mom_12_1__top50__monthly__long_short,delta_vs_same_scenario_G00,max_drawdown,-0.0386789553594184
G21,G21__mom_12_1__top50__monthly__long_short__rev20,long_short,rev20,10.0,0.0,G00__mom_12_1__top50__monthly__long_short,delta_vs_same_scenario_G00,annualized_volatility,-0.008911398162296774
G21,G21__mom_12_1__top50__monthly__long_short__rev20,long_short,rev20,10.0,0.0,G00__mom_12_1__top50__monthly__long_short,delta_vs_same_scenario_G00,annualized_l1_turnover,4.5291231258214895
G21,G21__mom_12_1__top50__monthly__long_short__rev20,long_short,rev20,10.0,0.01,G00__mom_12_1__top50__monthly__long_short,delta_vs_same_scenario_G00,cagr,-0.007179277737197065
G21,G21__mom_12_1__top50__monthly__long_short__rev20,long_short,rev20,10.0,0.01,G00__mom_12_1__top50__monthly__long_short,delta_vs_same_scenario_G00,sharpe_excess_rf,-0.05244844469180849
G21,G21__mom_12_1__top50__monthly__long_short__rev20,long_short,rev20,10.0,0.01,G00__mom_12_1__top50__monthly__long_short,delta_vs_same_scenario_G00,max_drawdown,-0.03875229622606813
G21,G21__mom_12_1__top50__monthly__long_short__rev20,long_short,rev20,10.0,0.01,G00__mom_12_1__top50__monthly__long_short,delta_vs_same_scenario_G00,annualized_volatility,-0.008913822910896096
G21,G21__mom_12_1__top50__monthly__long_short__rev20,long_short,rev20,10.0,0.01,G00__mom_12_1__top50__monthly__long_short,delta_vs_same_scenario_G00,annualized_l1_turnover,4.5301302133833925
G21,G21__mom_12_1__top50__monthly__long_short__rev20,long_short,rev20,10.0,0.03,G00__mom_12_1__top50__monthly__long_short,delta_vs_same_scenario_G00,cagr,-0.007089461934278927
G21,G21__mom_12_1__top50__monthly__long_short__rev20,long_short,rev20,10.0,0.03,G00__mom_12_1__top50__monthly__long_short,delta_vs_same_scenario_G00,sharpe_excess_rf,-0.05658392988714292
G21,G21__mom_12_1__top50__monthly__long_short__rev20,long_short,rev20,10.0,0.03,G00__mom_12_1__top50__monthly__long_short,delta_vs_same_scenario_G00,max_drawdown,-0.0364546345116758
G21,G21__mom_12_1__top50__monthly__long_short__rev20,long_short,rev20,10.0,0.03,G00__mom_12_1__top50__monthly__long_short,delta_vs_same_scenario_G00,annualized_volatility,-0.008918610824821455
G21,G21__mom_12_1__top50__monthly__long_short__rev20,long_short,rev20,10.0,0.03,G00__mom_12_1__top50__monthly__long_short,delta_vs_same_scenario_G00,annualized_l1_turnover,4.532103622250773
G21,G21__mom_12_1__top50__monthly__long_short__rev20,long_short,rev20,20.0,0.0,G00__mom_12_1__top50__monthly__long_short,delta_vs_same_scenario_G00,cagr,-0.011815233855596324
G21,G21__mom_12_1__top50__monthly__long_short__rev20,long_short,rev20,20.0,0.0,G00__mom_12_1__top50__monthly__long_short,delta_vs_same_scenario_G00,sharpe_excess_rf,-0.08634467915551551
G21,G21__mom_12_1__top50__monthly__long_short__rev20,long_short,rev20,20.0,0.0,G00__mom_12_1__top50__monthly__long_short,delta_vs_same_scenario_G00,max_drawdown,-0.044209736624789775
G21,G21__mom_12_1__top50__monthly__long_short__rev20,long_short,rev20,20.0,0.0,G00__mom_12_1__top50__monthly__long_short,delta_vs_same_scenario_G00,annualized_volatility,-0.008840896118339353
G21,G21__mom_12_1__top50__monthly__long_short__rev20,long_short,rev20,20.0,0.0,G00__mom_12_1__top50__monthly__long_short,delta_vs_same_scenario_G00,annualized_l1_turnover,4.5291231258214895
G21,G21__mom_12_1__top50__monthly__long_short__rev20,long_short,rev20,20.0,0.01,G00__mom_12_1__top50__monthly__long_short,delta_vs_same_scenario_G00,cagr,-0.0117473980653919
G21,G21__mom_12_1__top50__monthly__long_short__rev20,long_short,rev20,20.0,0.01,G00__mom_12_1__top50__monthly__long_short,delta_vs_same_scenario_G00,sharpe_excess_rf,-0.08842358837308528
G21,G21__mom_12_1__top50__monthly__long_short__rev20,long_short,rev20,20.0,0.01,G00__mom_12_1__top50__monthly__long_short,delta_vs_same_scenario_G00,max_drawdown,-0.04328355332297834
G21,G21__mom_12_1__top50__monthly__long_short__rev20,long_short,rev20,20.0,0.01,G00__mom_12_1__top50__monthly__long_short,delta_vs_same_scenario_G00,annualized_volatility,-0.008843299408820449
G21,G21__mom_12_1__top50__monthly__long_short__rev20,long_short,rev20,20.0,0.01,G00__mom_12_1__top50__monthly__long_short,delta_vs_same_scenario_G00,annualized_l1_turnover,4.530130213383391
G21,G21__mom_12_1__top50__monthly__long_short__rev20,long_short,rev20,20.0,0.03,G00__mom_12_1__top50__monthly__long_short,delta_vs_same_scenario_G00,cagr,-0.011614889713863433
G21,G21__mom_12_1__top50__monthly__long_short__rev20,long_short,rev20,20.0,0.03,G00__mom_12_1__top50__monthly__long_short,delta_vs_same_scenario_G00,sharpe_excess_rf,-0.09252238303600566
G21,G21__mom_12_1__top50__monthly__long_short__rev20,long_short,rev20,20.0,0.03,G00__mom_12_1__top50__monthly__long_short,delta_vs_same_scenario_G00,max_drawdown,-0.039759059689935206
G21,G21__mom_12_1__top50__monthly__long_short__rev20,long_short,rev20,20.0,0.03,G00__mom_12_1__top50__monthly__long_short,delta_vs_same_scenario_G00,annualized_volatility,-0.008848046026653816
G21,G21__mom_12_1__top50__monthly__long_short__rev20,long_short,rev20,20.0,0.03,G00__mom_12_1__top50__monthly__long_short,delta_vs_same_scenario_G00,annualized_l1_turnover,4.532103622250771
G21,G21__mom_12_1__top50__monthly__long_short__rev5,long_short,rev5,0.0,0.0,G00__mom_12_1__top50__monthly__long_short,delta_vs_same_scenario_G00,cagr,-0.010977659011392936
G21,G21__mom_12_1__top50__monthly__long_short__rev5,long_short,rev5,0.0,0.0,G00__mom_12_1__top50__monthly__long_short,delta_vs_same_scenario_G00,sharpe_excess_rf,-0.07320747035392064
G21,G21__mom_12_1__top50__monthly__long_short__rev5,long_short,rev5,0.0,0.0,G00__mom_12_1__top50__monthly__long_short,delta_vs_same_scenario_G00,max_drawdown,-0.04341633947493795
G21,G21__mom_12_1__top50__monthly__long_short__rev5,long_short,rev5,0.0,0.0,G00__mom_12_1__top50__monthly__long_short,delta_vs_same_scenario_G00,annualized_volatility,-0.01541556078997841
G21,G21__mom_12_1__top50__monthly__long_short__rev5,long_short,rev5,0.0,0.0,G00__mom_12_1__top50__monthly__long_short,delta_vs_same_scenario_G00,annualized_l1_turnover,4.659565994776222
G21,G21__mom_12_1__top50__monthly__long_short__rev5,long_short,rev5,0.0,0.01,G00__mom_12_1__top50__monthly__long_short,delta_vs_same_scenario_G00,cagr,-0.010924596999621582
G21,G21__mom_12_1__top50__monthly__long_short__rev5,long_short,rev5,0.0,0.01,G00__mom_12_1__top50__monthly__long_short,delta_vs_same_scenario_G00,sharpe_excess_rf,-0.07715941042455846
G21,G21__mom_12_1__top50__monthly__long_short__rev5,long_short,rev5,0.0,0.01,G00__mom_12_1__top50__monthly__long_short,delta_vs_same_scenario_G00,max_drawdown,-0.046411268977922915
G21,G21__mom_12_1__top50__monthly__long_short__rev5,long_short,rev5,0.0,0.01,G00__mom_12_1__top50__monthly__long_short,delta_vs_same_scenario_G00,annualized_volatility,-0.015419728080080186
G21,G21__mom_12_1__top50__monthly__long_short__rev5,long_short,rev5,0.0,0.01,G00__mom_12_1__top50__monthly__long_short,delta_vs_same_scenario_G00,annualized_l1_turnover,4.660558370947525
G21,G21__mom_12_1__top50__monthly__long_short__rev5,long_short,rev5,0.0,0.03,G00__mom_12_1__top50__monthly__long_short,delta_vs_same_scenario_G00,cagr,-0.010820785776008084
G21,G21__mom_12_1__top50__monthly__long_short__rev5,long_short,rev5,0.0,0.03,G00__mom_12_1__top50__monthly__long_short,delta_vs_same_scenario_G00,sharpe_excess_rf,-0.08494959097518834
G21,G21__mom_12_1__top50__monthly__long_short__rev5,long_short,rev5,0.0,0.03,G00__mom_12_1__top50__monthly__long_short,delta_vs_same_scenario_G00,max_drawdown,-0.05484688320045117
G21,G21__mom_12_1__top50__monthly__long_short__rev5,long_short,rev5,0.0,0.03,G00__mom_12_1__top50__monthly__long_short,delta_vs_same_scenario_G00,annualized_volatility,-0.015427953392856741
G21,G21__mom_12_1__top50__monthly__long_short__rev5,long_short,rev5,0.0,0.03,G00__mom_12_1__top50__monthly__long_short,delta_vs_same_scenario_G00,annualized_l1_turnover,4.662502796464722
G21,G21__mom_12_1__top50__monthly__long_short__rev5,long_short,rev5,5.0,0.0,G00__mom_12_1__top50__monthly__long_short,delta_vs_same_scenario_G00,cagr,-0.013339199114541893
G21,G21__mom_12_1__top50__monthly__long_short__rev5,long_short,rev5,5.0,0.0,G00__mom_12_1__top50__monthly__long_short,delta_vs_same_scenario_G00,sharpe_excess_rf,-0.09383740682058844
G21,G21__mom_12_1__top50__monthly__long_short__rev5,long_short,rev5,5.0,0.0,G00__mom_12_1__top50__monthly__long_short,delta_vs_same_scenario_G00,max_drawdown,-0.05205969432219332
G21,G21__mom_12_1__top50__monthly__long_short__rev5,long_short,rev5,5.0,0.0,G00__mom_12_1__top50__monthly__long_short,delta_vs_same_scenario_G00,annualized_volatility,-0.0154115586322853
G21,G21__mom_12_1__top50__monthly__long_short__rev5,long_short,rev5,5.0,0.0,G00__mom_12_1__top50__monthly__long_short,delta_vs_same_scenario_G00,annualized_l1_turnover,4.659565994776222
G21,G21__mom_12_1__top50__monthly__long_short__rev5,long_short,rev5,5.0,0.01,G00__mom_12_1__top50__monthly__long_short,delta_vs_same_scenario_G00,cagr,-0.013274834297095126
G21,G21__mom_12_1__top50__monthly__long_short__rev5,long_short,rev5,5.0,0.01,G00__mom_12_1__top50__monthly__long_short,delta_vs_same_scenario_G00,sharpe_excess_rf,-0.09778899532833804
G21,G21__mom_12_1__top50__monthly__long_short__rev5,long_short,rev5,5.0,0.01,G00__mom_12_1__top50__monthly__long_short,delta_vs_same_scenario_G00,max_drawdown,-0.056315875758357226
G21,G21__mom_12_1__top50__monthly__long_short__rev5,long_short,rev5,5.0,0.01,G00__mom_12_1__top50__monthly__long_short,delta_vs_same_scenario_G00,annualized_volatility,-0.01541572383874898
G21,G21__mom_12_1__top50__monthly__long_short__rev5,long_short,rev5,5.0,0.01,G00__mom_12_1__top50__monthly__long_short,delta_vs_same_scenario_G00,annualized_l1_turnover,4.660558370947525
G21,G21__mom_12_1__top50__monthly__long_short__rev5,long_short,rev5,5.0,0.03,G00__mom_12_1__top50__monthly__long_short,delta_vs_same_scenario_G00,cagr,-0.013148884751515762
G21,G21__mom_12_1__top50__monthly__long_short__rev5,long_short,rev5,5.0,0.03,G00__mom_12_1__top50__monthly__long_short,delta_vs_same_scenario_G00,sharpe_excess_rf,-0.10557844936434566
G21,G21__mom_12_1__top50__monthly__long_short__rev5,long_short,rev5,5.0,0.03,G00__mom_12_1__top50__monthly__long_short,delta_vs_same_scenario_G00,max_drawdown,-0.06436087971875853
G21,G21__mom_12_1__top50__monthly__long_short__rev5,long_short,rev5,5.0,0.03,G00__mom_12_1__top50__monthly__long_short,delta_vs_same_scenario_G00,annualized_volatility,-0.015423945563154434
G21,G21__mom_12_1__top50__monthly__long_short__rev5,long_short,rev5,5.0,0.03,G00__mom_12_1__top50__monthly__long_short,delta_vs_same_scenario_G00,annualized_l1_turnover,4.662502796464722
G21,G21__mom_12_1__top50__monthly__long_short__rev5,long_short,rev5,10.0,0.0,G00__mom_12_1__top50__monthly__long_short,delta_vs_same_scenario_G00,cagr,-0.01568004578335966
G21,G21__mom_12_1__top50__monthly__long_short__rev5,long_short,rev5,10.0,0.0,G00__mom_12_1__top50__monthly__long_short,delta_vs_same_scenario_G00,sharpe_excess_rf,-0.1144673060909221
G21,G21__mom_12_1__top50__monthly__long_short__rev5,long_short,rev5,10.0,0.0,G00__mom_12_1__top50__monthly__long_short,delta_vs_same_scenario_G00,max_drawdown,-0.061869353217811784
G21,G21__mom_12_1__top50__monthly__long_short__rev5,long_short,rev5,10.0,0.0,G00__mom_12_1__top50__monthly__long_short,delta_vs_same_scenario_G00,annualized_volatility,-0.015385909703382217
G21,G21__mom_12_1__top50__monthly__long_short__rev5,long_short,rev5,10.0,0.0,G00__mom_12_1__top50__monthly__long_short,delta_vs_same_scenario_G00,annualized_l1_turnover,4.659565994776222
G21,G21__mom_12_1__top50__monthly__long_short__rev5,long_short,rev5,10.0,0.01,G00__mom_12_1__top50__monthly__long_short,delta_vs_same_scenario_G00,cagr,-0.015604471933524211
G21,G21__mom_12_1__top50__monthly__long_short__rev5,long_short,rev5,10.0,0.01,G00__mom_12_1__top50__monthly__long_short,delta_vs_same_scenario_G00,sharpe_excess_rf,-0.11841187103402899
G21,G21__mom_12_1__top50__monthly__long_short__rev5,long_short,rev5,10.0,0.01,G00__mom_12_1__top50__monthly__long_short,delta_vs_same_scenario_G00,max_drawdown,-0.06592710320396544
G21,G21__mom_12_1__top50__monthly__long_short__rev5,long_short,rev5,10.0,0.01,G00__mom_12_1__top50__monthly__long_short,delta_vs_same_scenario_G00,annualized_volatility,-0.015390068843017607
G21,G21__mom_12_1__top50__monthly__long_short__rev5,long_short,rev5,10.0,0.01,G00__mom_12_1__top50__monthly__long_short,delta_vs_same_scenario_G00,annualized_l1_turnover,4.660558370947525
G21,G21__mom_12_1__top50__monthly__long_short__rev5,long_short,rev5,10.0,0.03,G00__mom_12_1__top50__monthly__long_short,delta_vs_same_scenario_G00,cagr,-0.015456567719218859
G21,G21__mom_12_1__top50__monthly__long_short__rev5,long_short,rev5,10.0,0.03,G00__mom_12_1__top50__monthly__long_short,delta_vs_same_scenario_G00,sharpe_excess_rf,-0.12618745038290857
G21,G21__mom_12_1__top50__monthly__long_short__rev5,long_short,rev5,10.0,0.03,G00__mom_12_1__top50__monthly__long_short,delta_vs_same_scenario_G00,max_drawdown,-0.07116382826811146
G21,G21__mom_12_1__top50__monthly__long_short__rev5,long_short,rev5,10.0,0.03,G00__mom_12_1__top50__monthly__long_short,delta_vs_same_scenario_G00,annualized_volatility,-0.015398279134449244
G21,G21__mom_12_1__top50__monthly__long_short__rev5,long_short,rev5,10.0,0.03,G00__mom_12_1__top50__monthly__long_short,delta_vs_same_scenario_G00,annualized_l1_turnover,4.662502796464723
G21,G21__mom_12_1__top50__monthly__long_short__rev5,long_short,rev5,20.0,0.0,G00__mom_12_1__top50__monthly__long_short,delta_vs_same_scenario_G00,cagr,-0.020300146910319866
G21,G21__mom_12_1__top50__monthly__long_short__rev5,long_short,rev5,20.0,0.0,G00__mom_12_1__top50__monthly__long_short,delta_vs_same_scenario_G00,sharpe_excess_rf,-0.1556187408623389
G21,G21__mom_12_1__top50__monthly__long_short__rev5,long_short,rev5,20.0,0.0,G00__mom_12_1__top50__monthly__long_short,delta_vs_same_scenario_G00,max_drawdown,-0.08062063541756215
G21,G21__mom_12_1__top50__monthly__long_short__rev5,long_short,rev5,20.0,0.0,G00__mom_12_1__top50__monthly__long_short,delta_vs_same_scenario_G00,annualized_volatility,-0.015269755792157502
G21,G21__mom_12_1__top50__monthly__long_short__rev5,long_short,rev5,20.0,0.0,G00__mom_12_1__top50__monthly__long_short,delta_vs_same_scenario_G00,annualized_l1_turnover,4.659565994776222
G21,G21__mom_12_1__top50__monthly__long_short__rev5,long_short,rev5,20.0,0.01,G00__mom_12_1__top50__monthly__long_short,delta_vs_same_scenario_G00,cagr,-0.02020243422757214
G21,G21__mom_12_1__top50__monthly__long_short__rev5,long_short,rev5,20.0,0.01,G00__mom_12_1__top50__monthly__long_short,delta_vs_same_scenario_G00,sharpe_excess_rf,-0.15952931258385536
G21,G21__mom_12_1__top50__monthly__long_short__rev5,long_short,rev5,20.0,0.01,G00__mom_12_1__top50__monthly__long_short,delta_vs_same_scenario_G00,max_drawdown,-0.0833576682819504
G21,G21__mom_12_1__top50__monthly__long_short__rev5,long_short,rev5,20.0,0.01,G00__mom_12_1__top50__monthly__long_short,delta_vs_same_scenario_G00,annualized_volatility,-0.01527389087985534
G21,G21__mom_12_1__top50__monthly__long_short__rev5,long_short,rev5,20.0,0.01,G00__mom_12_1__top50__monthly__long_short,delta_vs_same_scenario_G00,annualized_l1_turnover,4.660558370947523
G21,G21__mom_12_1__top50__monthly__long_short__rev5,long_short,rev5,20.0,0.03,G00__mom_12_1__top50__monthly__long_short,delta_vs_same_scenario_G00,cagr,-0.020011167546869216
G21,G21__mom_12_1__top50__monthly__long_short__rev5,long_short,rev5,20.0,0.03,G00__mom_12_1__top50__monthly__long_short,delta_vs_same_scenario_G00,sharpe_excess_rf,-0.16723783551444868
G21,G21__mom_12_1__top50__monthly__long_short__rev5,long_short,rev5,20.0,0.03,G00__mom_12_1__top50__monthly__long_short,delta_vs_same_scenario_G00,max_drawdown,-0.08355683579705053
G21,G21__mom_12_1__top50__monthly__long_short__rev5,long_short,rev5,20.0,0.03,G00__mom_12_1__top50__monthly__long_short,delta_vs_same_scenario_G00,annualized_volatility,-0.01528205483153447
G21,G21__mom_12_1__top50__monthly__long_short__rev5,long_short,rev5,20.0,0.03,G00__mom_12_1__top50__monthly__long_short,delta_vs_same_scenario_G00,annualized_l1_turnover,4.662502796464722
G21,G21__mom_12_1__top50__weekly__long_only__rev20,long_only,rev20,0.0,0.0,G00__mom_12_1__top50__weekly__long_only,delta_vs_same_scenario_G00,cagr,0.012423018415838538
G21,G21__mom_12_1__top50__weekly__long_only__rev20,long_only,rev20,0.0,0.0,G00__mom_12_1__top50__weekly__long_only,delta_vs_same_scenario_G00,sharpe_excess_rf,-0.03418249793685313
G21,G21__mom_12_1__top50__weekly__long_only__rev20,long_only,rev20,0.0,0.0,G00__mom_12_1__top50__weekly__long_only,delta_vs_same_scenario_G00,max_drawdown,-0.243190215411223
G21,G21__mom_12_1__top50__weekly__long_only__rev20,long_only,rev20,0.0,0.0,G00__mom_12_1__top50__weekly__long_only,delta_vs_same_scenario_G00,annualized_volatility,0.06311925025497878
G21,G21__mom_12_1__top50__weekly__long_only__rev20,long_only,rev20,0.0,0.0,G00__mom_12_1__top50__weekly__long_only,delta_vs_same_scenario_G00,annualized_l1_turnover,15.514823154223478
G21,G21__mom_12_1__top50__weekly__long_only__rev20,long_only,rev20,5.0,0.0,G00__mom_12_1__top50__weekly__long_only,delta_vs_same_scenario_G00,cagr,0.00340687239776874
G21,G21__mom_12_1__top50__weekly__long_only__rev20,long_only,rev20,5.0,0.0,G00__mom_12_1__top50__weekly__long_only,delta_vs_same_scenario_G00,sharpe_excess_rf,-0.05619532105806302
G21,G21__mom_12_1__top50__weekly__long_only__rev20,long_only,rev20,5.0,0.0,G00__mom_12_1__top50__weekly__long_only,delta_vs_same_scenario_G00,max_drawdown,-0.24387803491441107
G21,G21__mom_12_1__top50__weekly__long_only__rev20,long_only,rev20,5.0,0.0,G00__mom_12_1__top50__weekly__long_only,delta_vs_same_scenario_G00,annualized_volatility,0.06311105948921905
G21,G21__mom_12_1__top50__weekly__long_only__rev20,long_only,rev20,5.0,0.0,G00__mom_12_1__top50__weekly__long_only,delta_vs_same_scenario_G00,annualized_l1_turnover,15.514823154223478
G21,G21__mom_12_1__top50__weekly__long_only__rev20,long_only,rev20,10.0,0.0,G00__mom_12_1__top50__weekly__long_only,delta_vs_same_scenario_G00,cagr,-0.00546791163464122
G21,G21__mom_12_1__top50__weekly__long_only__rev20,long_only,rev20,10.0,0.0,G00__mom_12_1__top50__weekly__long_only,delta_vs_same_scenario_G00,sharpe_excess_rf,-0.0782313348178243
G21,G21__mom_12_1__top50__weekly__long_only__rev20,long_only,rev20,10.0,0.0,G00__mom_12_1__top50__weekly__long_only,delta_vs_same_scenario_G00,max_drawdown,-0.24456432180173143
G21,G21__mom_12_1__top50__weekly__long_only__rev20,long_only,rev20,10.0,0.0,G00__mom_12_1__top50__weekly__long_only,delta_vs_same_scenario_G00,annualized_volatility,0.06311849366653494
G21,G21__mom_12_1__top50__weekly__long_only__rev20,long_only,rev20,10.0,0.0,G00__mom_12_1__top50__weekly__long_only,delta_vs_same_scenario_G00,annualized_l1_turnover,15.514823154223478
G21,G21__mom_12_1__top50__weekly__long_only__rev20,long_only,rev20,20.0,0.0,G00__mom_12_1__top50__weekly__long_only,delta_vs_same_scenario_G00,cagr,-0.022800189160407908
G21,G21__mom_12_1__top50__weekly__long_only__rev20,long_only,rev20,20.0,0.0,G00__mom_12_1__top50__weekly__long_only,delta_vs_same_scenario_G00,sharpe_excess_rf,-0.1223442097496652
G21,G21__mom_12_1__top50__weekly__long_only__rev20,long_only,rev20,20.0,0.0,G00__mom_12_1__top50__weekly__long_only,delta_vs_same_scenario_G00,max_drawdown,-0.2459323044677681
G21,G21__mom_12_1__top50__weekly__long_only__rev20,long_only,rev20,20.0,0.0,G00__mom_12_1__top50__weekly__long_only,delta_vs_same_scenario_G00,annualized_volatility,0.06318021903156001
G21,G21__mom_12_1__top50__weekly__long_only__rev20,long_only,rev20,20.0,0.0,G00__mom_12_1__top50__weekly__long_only,delta_vs_same_scenario_G00,annualized_l1_turnover,15.514823154223478
G21,G21__mom_12_1__top50__weekly__long_only__rev5,long_only,rev5,0.0,0.0,G00__mom_12_1__top50__weekly__long_only,delta_vs_same_scenario_G00,cagr,0.021648928545231982
G21,G21__mom_12_1__top50__weekly__long_only__rev5,long_only,rev5,0.0,0.0,G00__mom_12_1__top50__weekly__long_only,delta_vs_same_scenario_G00,sharpe_excess_rf,0.003097693271088886
G21,G21__mom_12_1__top50__weekly__long_only__rev5,long_only,rev5,0.0,0.0,G00__mom_12_1__top50__weekly__long_only,delta_vs_same_scenario_G00,max_drawdown,-0.2446582063844941
G21,G21__mom_12_1__top50__weekly__long_only__rev5,long_only,rev5,0.0,0.0,G00__mom_12_1__top50__weekly__long_only,delta_vs_same_scenario_G00,annualized_volatility,0.05310548381124519
G21,G21__mom_12_1__top50__weekly__long_only__rev5,long_only,rev5,0.0,0.0,G00__mom_12_1__top50__weekly__long_only,delta_vs_same_scenario_G00,annualized_l1_turnover,25.053300211343313
G21,G21__mom_12_1__top50__weekly__long_only__rev5,long_only,rev5,5.0,0.0,G00__mom_12_1__top50__weekly__long_only,delta_vs_same_scenario_G00,cagr,0.007001066646328075
G21,G21__mom_12_1__top50__weekly__long_only__rev5,long_only,rev5,5.0,0.0,G00__mom_12_1__top50__weekly__long_only,delta_vs_same_scenario_G00,sharpe_excess_rf,-0.036761307025567125
G21,G21__mom_12_1__top50__weekly__long_only__rev5,long_only,rev5,5.0,0.0,G00__mom_12_1__top50__weekly__long_only,delta_vs_same_scenario_G00,max_drawdown,-0.24556491023314164
G21,G21__mom_12_1__top50__weekly__long_only__rev5,long_only,rev5,5.0,0.0,G00__mom_12_1__top50__weekly__long_only,delta_vs_same_scenario_G00,annualized_volatility,0.05301387289132434
G21,G21__mom_12_1__top50__weekly__long_only__rev5,long_only,rev5,5.0,0.0,G00__mom_12_1__top50__weekly__long_only,delta_vs_same_scenario_G00,annualized_l1_turnover,25.053300211343313
G21,G21__mom_12_1__top50__weekly__long_only__rev5,long_only,rev5,10.0,0.0,G00__mom_12_1__top50__weekly__long_only,delta_vs_same_scenario_G00,cagr,-0.0073520367804171816
G21,G21__mom_12_1__top50__weekly__long_only__rev5,long_only,rev5,10.0,0.0,G00__mom_12_1__top50__weekly__long_only,delta_vs_same_scenario_G00,sharpe_excess_rf,-0.07671388289036829
G21,G21__mom_12_1__top50__weekly__long_only__rev5,long_only,rev5,10.0,0.0,G00__mom_12_1__top50__weekly__long_only,delta_vs_same_scenario_G00,max_drawdown,-0.24646920153008006
G21,G21__mom_12_1__top50__weekly__long_only__rev5,long_only,rev5,10.0,0.0,G00__mom_12_1__top50__weekly__long_only,delta_vs_same_scenario_G00,annualized_volatility,0.05295873834052223
G21,G21__mom_12_1__top50__weekly__long_only__rev5,long_only,rev5,10.0,0.0,G00__mom_12_1__top50__weekly__long_only,delta_vs_same_scenario_G00,annualized_l1_turnover,25.053300211343313
G21,G21__mom_12_1__top50__weekly__long_only__rev5,long_only,rev5,20.0,0.0,G00__mom_12_1__top50__weekly__long_only,delta_vs_same_scenario_G00,cagr,-0.035192864127036455
G21,G21__mom_12_1__top50__weekly__long_only__rev5,long_only,rev5,20.0,0.0,G00__mom_12_1__top50__weekly__long_only,delta_vs_same_scenario_G00,sharpe_excess_rf,-0.15680428371596206
G21,G21__mom_12_1__top50__weekly__long_only__rev5,long_only,rev5,20.0,0.0,G00__mom_12_1__top50__weekly__long_only,delta_vs_same_scenario_G00,max_drawdown,-0.25350662095449944
G21,G21__mom_12_1__top50__weekly__long_only__rev5,long_only,rev5,20.0,0.0,G00__mom_12_1__top50__weekly__long_only,delta_vs_same_scenario_G00,annualized_volatility,0.052957955111124555
G21,G21__mom_12_1__top50__weekly__long_only__rev5,long_only,rev5,20.0,0.0,G00__mom_12_1__top50__weekly__long_only,delta_vs_same_scenario_G00,annualized_l1_turnover,25.053300211343313
G21,G21__mom_12_1__top50__weekly__long_short__rev20,long_short,rev20,0.0,0.0,G00__mom_12_1__top50__weekly__long_short,delta_vs_same_scenario_G00,cagr,0.038121395557862536
G21,G21__mom_12_1__top50__weekly__long_short__rev20,long_short,rev20,0.0,0.0,G00__mom_12_1__top50__weekly__long_short,delta_vs_same_scenario_G00,sharpe_excess_rf,0.25232289720126855
G21,G21__mom_12_1__top50__weekly__long_short__rev20,long_short,rev20,0.0,0.0,G00__mom_12_1__top50__weekly__long_short,delta_vs_same_scenario_G00,max_drawdown,0.1635893043297928
G21,G21__mom_12_1__top50__weekly__long_short__rev20,long_short,rev20,0.0,0.0,G00__mom_12_1__top50__weekly__long_short,delta_vs_same_scenario_G00,annualized_volatility,-0.0072211007230458535
G21,G21__mom_12_1__top50__weekly__long_short__rev20,long_short,rev20,0.0,0.0,G00__mom_12_1__top50__weekly__long_short,delta_vs_same_scenario_G00,annualized_l1_turnover,15.447369946060412
G21,G21__mom_12_1__top50__weekly__long_short__rev20,long_short,rev20,0.0,0.01,G00__mom_12_1__top50__weekly__long_short,delta_vs_same_scenario_G00,cagr,0.03793997147583268
G21,G21__mom_12_1__top50__weekly__long_short__rev20,long_short,rev20,0.0,0.01,G00__mom_12_1__top50__weekly__long_short,delta_vs_same_scenario_G00,sharpe_excess_rf,0.25066942716586116
G21,G21__mom_12_1__top50__weekly__long_short__rev20,long_short,rev20,0.0,0.01,G00__mom_12_1__top50__weekly__long_short,delta_vs_same_scenario_G00,max_drawdown,0.16715076583962962
G21,G21__mom_12_1__top50__weekly__long_short__rev20,long_short,rev20,0.0,0.01,G00__mom_12_1__top50__weekly__long_short,delta_vs_same_scenario_G00,annualized_volatility,-0.007224035584307953
G21,G21__mom_12_1__top50__weekly__long_short__rev20,long_short,rev20,0.0,0.01,G00__mom_12_1__top50__weekly__long_short,delta_vs_same_scenario_G00,annualized_l1_turnover,15.448104337336465
G21,G21__mom_12_1__top50__weekly__long_short__rev20,long_short,rev20,0.0,0.03,G00__mom_12_1__top50__weekly__long_short,delta_vs_same_scenario_G00,cagr,0.037584894122226584
G21,G21__mom_12_1__top50__weekly__long_short__rev20,long_short,rev20,0.0,0.03,G00__mom_12_1__top50__weekly__long_short,delta_vs_same_scenario_G00,sharpe_excess_rf,0.24740759797184625
G21,G21__mom_12_1__top50__weekly__long_short__rev20,long_short,rev20,0.0,0.03,G00__mom_12_1__top50__weekly__long_short,delta_vs_same_scenario_G00,max_drawdown,0.17409451767791728
G21,G21__mom_12_1__top50__weekly__long_short__rev20,long_short,rev20,0.0,0.03,G00__mom_12_1__top50__weekly__long_short,delta_vs_same_scenario_G00,annualized_volatility,-0.00722981953969859
G21,G21__mom_12_1__top50__weekly__long_short__rev20,long_short,rev20,0.0,0.03,G00__mom_12_1__top50__weekly__long_short,delta_vs_same_scenario_G00,annualized_l1_turnover,15.449550625815208
G21,G21__mom_12_1__top50__weekly__long_short__rev20,long_short,rev20,5.0,0.0,G00__mom_12_1__top50__weekly__long_short,delta_vs_same_scenario_G00,cagr,0.029754218203821514
G21,G21__mom_12_1__top50__weekly__long_short__rev20,long_short,rev20,5.0,0.0,G00__mom_12_1__top50__weekly__long_short,delta_vs_same_scenario_G00,sharpe_excess_rf,0.1962925669172409
G21,G21__mom_12_1__top50__weekly__long_short__rev20,long_short,rev20,5.0,0.0,G00__mom_12_1__top50__weekly__long_short,delta_vs_same_scenario_G00,max_drawdown,0.1655575372773192
G21,G21__mom_12_1__top50__weekly__long_short__rev20,long_short,rev20,5.0,0.0,G00__mom_12_1__top50__weekly__long_short,delta_vs_same_scenario_G00,annualized_volatility,-0.007228565697328521
G21,G21__mom_12_1__top50__weekly__long_short__rev20,long_short,rev20,5.0,0.0,G00__mom_12_1__top50__weekly__long_short,delta_vs_same_scenario_G00,annualized_l1_turnover,15.44736994606041
G21,G21__mom_12_1__top50__weekly__long_short__rev20,long_short,rev20,5.0,0.01,G00__mom_12_1__top50__weekly__long_short,delta_vs_same_scenario_G00,cagr,0.029613859480896173
G21,G21__mom_12_1__top50__weekly__long_short__rev20,long_short,rev20,5.0,0.01,G00__mom_12_1__top50__weekly__long_short,delta_vs_same_scenario_G00,sharpe_excess_rf,0.19463863214063856
G21,G21__mom_12_1__top50__weekly__long_short__rev20,long_short,rev20,5.0,0.01,G00__mom_12_1__top50__weekly__long_short,delta_vs_same_scenario_G00,max_drawdown,0.16909515408131726
G21,G21__mom_12_1__top50__weekly__long_short__rev20,long_short,rev20,5.0,0.01,G00__mom_12_1__top50__weekly__long_short,delta_vs_same_scenario_G00,annualized_volatility,-0.00723150627968866
G21,G21__mom_12_1__top50__weekly__long_short__rev20,long_short,rev20,5.0,0.01,G00__mom_12_1__top50__weekly__long_short,delta_vs_same_scenario_G00,annualized_l1_turnover,15.448104337336465
G21,G21__mom_12_1__top50__weekly__long_short__rev20,long_short,rev20,5.0,0.03,G00__mom_12_1__top50__weekly__long_short,delta_vs_same_scenario_G00,cagr,0.029339135202134457
G21,G21__mom_12_1__top50__weekly__long_short__rev20,long_short,rev20,5.0,0.03,G00__mom_12_1__top50__weekly__long_short,delta_vs_same_scenario_G00,sharpe_excess_rf,0.19137588571216854
G21,G21__mom_12_1__top50__weekly__long_short__rev20,long_short,rev20,5.0,0.03,G00__mom_12_1__top50__weekly__long_short,delta_vs_same_scenario_G00,max_drawdown,0.17100917911632696
G21,G21__mom_12_1__top50__weekly__long_short__rev20,long_short,rev20,5.0,0.03,G00__mom_12_1__top50__weekly__long_short,delta_vs_same_scenario_G00,annualized_volatility,-0.007237301806030022
G21,G21__mom_12_1__top50__weekly__long_short__rev20,long_short,rev20,5.0,0.03,G00__mom_12_1__top50__weekly__long_short,delta_vs_same_scenario_G00,annualized_l1_turnover,15.449550625815208
G21,G21__mom_12_1__top50__weekly__long_short__rev20,long_short,rev20,10.0,0.0,G00__mom_12_1__top50__weekly__long_short,delta_vs_same_scenario_G00,cagr,0.021519445115457492
G21,G21__mom_12_1__top50__weekly__long_short__rev20,long_short,rev20,10.0,0.0,G00__mom_12_1__top50__weekly__long_short,delta_vs_same_scenario_G00,sharpe_excess_rf,0.14023591585538353
G21,G21__mom_12_1__top50__weekly__long_short__rev20,long_short,rev20,10.0,0.0,G00__mom_12_1__top50__weekly__long_short,delta_vs_same_scenario_G00,max_drawdown,0.16590400893906854
G21,G21__mom_12_1__top50__weekly__long_short__rev20,long_short,rev20,10.0,0.0,G00__mom_12_1__top50__weekly__long_short,delta_vs_same_scenario_G00,annualized_volatility,-0.007200126532164536
G21,G21__mom_12_1__top50__weekly__long_short__rev20,long_short,rev20,10.0,0.0,G00__mom_12_1__top50__weekly__long_short,delta_vs_same_scenario_G00,annualized_l1_turnover,15.44736994606041
G21,G21__mom_12_1__top50__weekly__long_short__rev20,long_short,rev20,10.0,0.01,G00__mom_12_1__top50__weekly__long_short,delta_vs_same_scenario_G00,cagr,0.021419510588968807
G21,G21__mom_12_1__top50__weekly__long_short__rev20,long_short,rev20,10.0,0.01,G00__mom_12_1__top50__weekly__long_short,delta_vs_same_scenario_G00,sharpe_excess_rf,0.1385905293543426
G21,G21__mom_12_1__top50__weekly__long_short__rev20,long_short,rev20,10.0,0.01,G00__mom_12_1__top50__weekly__long_short,delta_vs_same_scenario_G00,max_drawdown,0.16588548339112863
G21,G21__mom_12_1__top50__weekly__long_short__rev20,long_short,rev20,10.0,0.01,G00__mom_12_1__top50__weekly__long_short,delta_vs_same_scenario_G00,annualized_volatility,-0.007203072227385282
G21,G21__mom_12_1__top50__weekly__long_short__rev20,long_short,rev20,10.0,0.01,G00__mom_12_1__top50__weekly__long_short,delta_vs_same_scenario_G00,annualized_l1_turnover,15.448104337336467
G21,G21__mom_12_1__top50__weekly__long_short__rev20,long_short,rev20,10.0,0.03,G00__mom_12_1__top50__weekly__long_short,delta_vs_same_scenario_G00,cagr,0.02122388485550296
G21,G21__mom_12_1__top50__weekly__long_short__rev20,long_short,rev20,10.0,0.03,G00__mom_12_1__top50__weekly__long_short,delta_vs_same_scenario_G00,sharpe_excess_rf,0.1353446254133444
G21,G21__mom_12_1__top50__weekly__long_short__rev20,long_short,rev20,10.0,0.03,G00__mom_12_1__top50__weekly__long_short,delta_vs_same_scenario_G00,max_drawdown,0.1671242303520324
G21,G21__mom_12_1__top50__weekly__long_short__rev20,long_short,rev20,10.0,0.03,G00__mom_12_1__top50__weekly__long_short,delta_vs_same_scenario_G00,annualized_volatility,-0.007208878116932105
G21,G21__mom_12_1__top50__weekly__long_short__rev20,long_short,rev20,10.0,0.03,G00__mom_12_1__top50__weekly__long_short,delta_vs_same_scenario_G00,annualized_l1_turnover,15.449550625815208
G21,G21__mom_12_1__top50__weekly__long_short__rev20,long_short,rev20,20.0,0.0,G00__mom_12_1__top50__weekly__long_short,delta_vs_same_scenario_G00,cagr,0.005440647188825342
G21,G21__mom_12_1__top50__weekly__long_short__rev20,long_short,rev20,20.0,0.0,G00__mom_12_1__top50__weekly__long_short,delta_vs_same_scenario_G00,sharpe_excess_rf,0.02834034446043148
G21,G21__mom_12_1__top50__weekly__long_short__rev20,long_short,rev20,20.0,0.0,G00__mom_12_1__top50__weekly__long_short,delta_vs_same_scenario_G00,max_drawdown,0.14465746096003307
G21,G21__mom_12_1__top50__weekly__long_short__rev20,long_short,rev20,20.0,0.0,G00__mom_12_1__top50__weekly__long_short,delta_vs_same_scenario_G00,annualized_volatility,-0.007035834666442309
G21,G21__mom_12_1__top50__weekly__long_short__rev20,long_short,rev20,20.0,0.0,G00__mom_12_1__top50__weekly__long_short,delta_vs_same_scenario_G00,annualized_l1_turnover,15.44736994606041
G21,G21__mom_12_1__top50__weekly__long_short__rev20,long_short,rev20,20.0,0.01,G00__mom_12_1__top50__weekly__long_short,delta_vs_same_scenario_G00,cagr,0.00541966844425871
G21,G21__mom_12_1__top50__weekly__long_short__rev20,long_short,rev20,20.0,0.01,G00__mom_12_1__top50__weekly__long_short,delta_vs_same_scenario_G00,sharpe_excess_rf,0.026738862042989774
G21,G21__mom_12_1__top50__weekly__long_short__rev20,long_short,rev20,20.0,0.01,G00__mom_12_1__top50__weekly__long_short,delta_vs_same_scenario_G00,max_drawdown,0.14270884268793171
G21,G21__mom_12_1__top50__weekly__long_short__rev20,long_short,rev20,20.0,0.01,G00__mom_12_1__top50__weekly__long_short,delta_vs_same_scenario_G00,annualized_volatility,-0.0070387887694067786
G21,G21__mom_12_1__top50__weekly__long_short__rev20,long_short,rev20,20.0,0.01,G00__mom_12_1__top50__weekly__long_short,delta_vs_same_scenario_G00,annualized_l1_turnover,15.448104337336467
G21,G21__mom_12_1__top50__weekly__long_short__rev20,long_short,rev20,20.0,0.03,G00__mom_12_1__top50__weekly__long_short,delta_vs_same_scenario_G00,cagr,0.005378536626609897
G21,G21__mom_12_1__top50__weekly__long_short__rev20,long_short,rev20,20.0,0.03,G00__mom_12_1__top50__weekly__long_short,delta_vs_same_scenario_G00,sharpe_excess_rf,0.023579466352984246
G21,G21__mom_12_1__top50__weekly__long_short__rev20,long_short,rev20,20.0,0.03,G00__mom_12_1__top50__weekly__long_short,delta_vs_same_scenario_G00,max_drawdown,0.14064935717537735
G21,G21__mom_12_1__top50__weekly__long_short__rev20,long_short,rev20,20.0,0.03,G00__mom_12_1__top50__weekly__long_short,delta_vs_same_scenario_G00,annualized_volatility,-0.0070446117738661995
G21,G21__mom_12_1__top50__weekly__long_short__rev20,long_short,rev20,20.0,0.03,G00__mom_12_1__top50__weekly__long_short,delta_vs_same_scenario_G00,annualized_l1_turnover,15.449550625815208
G21,G21__mom_12_1__top50__weekly__long_short__rev5,long_short,rev5,0.0,0.0,G00__mom_12_1__top50__weekly__long_short,delta_vs_same_scenario_G00,cagr,0.049613734898172446
G21,G21__mom_12_1__top50__weekly__long_short__rev5,long_short,rev5,0.0,0.0,G00__mom_12_1__top50__weekly__long_short,delta_vs_same_scenario_G00,sharpe_excess_rf,0.3380635916750445
G21,G21__mom_12_1__top50__weekly__long_short__rev5,long_short,rev5,0.0,0.0,G00__mom_12_1__top50__weekly__long_short,delta_vs_same_scenario_G00,max_drawdown,0.15994987732600252
G21,G21__mom_12_1__top50__weekly__long_short__rev5,long_short,rev5,0.0,0.0,G00__mom_12_1__top50__weekly__long_short,delta_vs_same_scenario_G00,annualized_volatility,-0.012242530604706175
G21,G21__mom_12_1__top50__weekly__long_short__rev5,long_short,rev5,0.0,0.0,G00__mom_12_1__top50__weekly__long_short,delta_vs_same_scenario_G00,annualized_l1_turnover,24.412657882045163
G21,G21__mom_12_1__top50__weekly__long_short__rev5,long_short,rev5,0.0,0.01,G00__mom_12_1__top50__weekly__long_short,delta_vs_same_scenario_G00,cagr,0.049376461138599906
G21,G21__mom_12_1__top50__weekly__long_short__rev5,long_short,rev5,0.0,0.01,G00__mom_12_1__top50__weekly__long_short,delta_vs_same_scenario_G00,sharpe_excess_rf,0.3351270311231025
G21,G21__mom_12_1__top50__weekly__long_short__rev5,long_short,rev5,0.0,0.01,G00__mom_12_1__top50__weekly__long_short,delta_vs_same_scenario_G00,max_drawdown,0.159812001502457
G21,G21__mom_12_1__top50__weekly__long_short__rev5,long_short,rev5,0.0,0.01,G00__mom_12_1__top50__weekly__long_short,delta_vs_same_scenario_G00,annualized_volatility,-0.012245379403068302
G21,G21__mom_12_1__top50__weekly__long_short__rev5,long_short,rev5,0.0,0.01,G00__mom_12_1__top50__weekly__long_short,delta_vs_same_scenario_G00,annualized_l1_turnover,24.41378126898259
G21,G21__mom_12_1__top50__weekly__long_short__rev5,long_short,rev5,0.0,0.03,G00__mom_12_1__top50__weekly__long_short,delta_vs_same_scenario_G00,cagr,0.04891208051005895
G21,G21__mom_12_1__top50__weekly__long_short__rev5,long_short,rev5,0.0,0.03,G00__mom_12_1__top50__weekly__long_short,delta_vs_same_scenario_G00,sharpe_excess_rf,0.3293370801493931
G21,G21__mom_12_1__top50__weekly__long_short__rev5,long_short,rev5,0.0,0.03,G00__mom_12_1__top50__weekly__long_short,delta_vs_same_scenario_G00,max_drawdown,0.15920340268176303
G21,G21__mom_12_1__top50__weekly__long_short__rev5,long_short,rev5,0.0,0.03,G00__mom_12_1__top50__weekly__long_short,delta_vs_same_scenario_G00,annualized_volatility,-0.012250992488268803
G21,G21__mom_12_1__top50__weekly__long_short__rev5,long_short,rev5,0.0,0.03,G00__mom_12_1__top50__weekly__long_short,delta_vs_same_scenario_G00,annualized_l1_turnover,24.415991859867425
G21,G21__mom_12_1__top50__weekly__long_short__rev5,long_short,rev5,5.0,0.0,G00__mom_12_1__top50__weekly__long_short,delta_vs_same_scenario_G00,cagr,0.03632751775720022
G21,G21__mom_12_1__top50__weekly__long_short__rev5,long_short,rev5,5.0,0.0,G00__mom_12_1__top50__weekly__long_short,delta_vs_same_scenario_G00,sharpe_excess_rf,0.24622137356000567
G21,G21__mom_12_1__top50__weekly__long_short__rev5,long_short,rev5,5.0,0.0,G00__mom_12_1__top50__weekly__long_short,delta_vs_same_scenario_G00,max_drawdown,0.15327539225310655
G21,G21__mom_12_1__top50__weekly__long_short__rev5,long_short,rev5,5.0,0.0,G00__mom_12_1__top50__weekly__long_short,delta_vs_same_scenario_G00,annualized_volatility,-0.012356707038336301
G21,G21__mom_12_1__top50__weekly__long_short__rev5,long_short,rev5,5.0,0.0,G00__mom_12_1__top50__weekly__long_short,delta_vs_same_scenario_G00,annualized_l1_turnover,24.41265788204516
G21,G21__mom_12_1__top50__weekly__long_short__rev5,long_short,rev5,5.0,0.01,G00__mom_12_1__top50__weekly__long_short,delta_vs_same_scenario_G00,cagr,0.03615547595165719
G21,G21__mom_12_1__top50__weekly__long_short__rev5,long_short,rev5,5.0,0.01,G00__mom_12_1__top50__weekly__long_short,delta_vs_same_scenario_G00,sharpe_excess_rf,0.2432576991183418
G21,G21__mom_12_1__top50__weekly__long_short__rev5,long_short,rev5,5.0,0.01,G00__mom_12_1__top50__weekly__long_short,delta_vs_same_scenario_G00,max_drawdown,0.1519312474020671
G21,G21__mom_12_1__top50__weekly__long_short__rev5,long_short,rev5,5.0,0.01,G00__mom_12_1__top50__weekly__long_short,delta_vs_same_scenario_G00,annualized_volatility,-0.012359559589363384
G21,G21__mom_12_1__top50__weekly__long_short__rev5,long_short,rev5,5.0,0.01,G00__mom_12_1__top50__weekly__long_short,delta_vs_same_scenario_G00,annualized_l1_turnover,24.41378126898259
G21,G21__mom_12_1__top50__weekly__long_short__rev5,long_short,rev5,5.0,0.03,G00__mom_12_1__top50__weekly__long_short,delta_vs_same_scenario_G00,cagr,0.03581873635271967
G21,G21__mom_12_1__top50__weekly__long_short__rev5,long_short,rev5,5.0,0.03,G00__mom_12_1__top50__weekly__long_short,delta_vs_same_scenario_G00,sharpe_excess_rf,0.2374143354624283
G21,G21__mom_12_1__top50__weekly__long_short__rev5,long_short,rev5,5.0,0.03,G00__mom_12_1__top50__weekly__long_short,delta_vs_same_scenario_G00,max_drawdown,0.14810715419779075
G21,G21__mom_12_1__top50__weekly__long_short__rev5,long_short,rev5,5.0,0.03,G00__mom_12_1__top50__weekly__long_short,delta_vs_same_scenario_G00,annualized_volatility,-0.01236518054265387
G21,G21__mom_12_1__top50__weekly__long_short__rev5,long_short,rev5,5.0,0.03,G00__mom_12_1__top50__weekly__long_short,delta_vs_same_scenario_G00,annualized_l1_turnover,24.415991859867425
G21,G21__mom_12_1__top50__weekly__long_short__rev5,long_short,rev5,10.0,0.0,G00__mom_12_1__top50__weekly__long_short,delta_vs_same_scenario_G00,cagr,0.023306997018240506
G21,G21__mom_12_1__top50__weekly__long_short__rev5,long_short,rev5,10.0,0.0,G00__mom_12_1__top50__weekly__long_short,delta_vs_same_scenario_G00,sharpe_excess_rf,0.15411582206779534
G21,G21__mom_12_1__top50__weekly__long_short__rev5,long_short,rev5,10.0,0.0,G00__mom_12_1__top50__weekly__long_short,delta_vs_same_scenario_G00,max_drawdown,0.1423950700853952
G21,G21__mom_12_1__top50__weekly__long_short__rev5,long_short,rev5,10.0,0.0,G00__mom_12_1__top50__weekly__long_short,delta_vs_same_scenario_G00,annualized_volatility,-0.012392832707204482
G21,G21__mom_12_1__top50__weekly__long_short__rev5,long_short,rev5,10.0,0.0,G00__mom_12_1__top50__weekly__long_short,delta_vs_same_scenario_G00,annualized_l1_turnover,24.41265788204516
G21,G21__mom_12_1__top50__weekly__long_short__rev5,long_short,rev5,10.0,0.01,G00__mom_12_1__top50__weekly__long_short,delta_vs_same_scenario_G00,cagr,0.023198898800400672
G21,G21__mom_12_1__top50__weekly__long_short__rev5,long_short,rev5,10.0,0.01,G00__mom_12_1__top50__weekly__long_short,delta_vs_same_scenario_G00,sharpe_excess_rf,0.15114606398399408
G21,G21__mom_12_1__top50__weekly__long_short__rev5,long_short,rev5,10.0,0.01,G00__mom_12_1__top50__weekly__long_short,delta_vs_same_scenario_G00,max_drawdown,0.14010964309478235
G21,G21__mom_12_1__top50__weekly__long_short__rev5,long_short,rev5,10.0,0.01,G00__mom_12_1__top50__weekly__long_short,delta_vs_same_scenario_G00,annualized_volatility,-0.012395688585892323
G21,G21__mom_12_1__top50__weekly__long_short__rev5,long_short,rev5,10.0,0.01,G00__mom_12_1__top50__weekly__long_short,delta_vs_same_scenario_G00,annualized_l1_turnover,24.413781268982593
G21,G21__mom_12_1__top50__weekly__long_short__rev5,long_short,rev5,10.0,0.03,G00__mom_12_1__top50__weekly__long_short,delta_vs_same_scenario_G00,cagr,0.02298727926746201
G21,G21__mom_12_1__top50__weekly__long_short__rev5,long_short,rev5,10.0,0.03,G00__mom_12_1__top50__weekly__long_short,delta_vs_same_scenario_G00,sharpe_excess_rf,0.14529072434908663
G21,G21__mom_12_1__top50__weekly__long_short__rev5,long_short,rev5,10.0,0.03,G00__mom_12_1__top50__weekly__long_short,delta_vs_same_scenario_G00,max_drawdown,0.13816961454147825
G21,G21__mom_12_1__top50__weekly__long_short__rev5,long_short,rev5,10.0,0.03,G00__mom_12_1__top50__weekly__long_short,delta_vs_same_scenario_G00,annualized_volatility,-0.012401316567600906
G21,G21__mom_12_1__top50__weekly__long_short__rev5,long_short,rev5,10.0,0.03,G00__mom_12_1__top50__weekly__long_short,delta_vs_same_scenario_G00,annualized_l1_turnover,24.415991859867425
G21,G21__mom_12_1__top50__weekly__long_short__rev5,long_short,rev5,20.0,0.0,G00__mom_12_1__top50__weekly__long_short,delta_vs_same_scenario_G00,cagr,-0.0019539070592355604
G21,G21__mom_12_1__top50__weekly__long_short__rev5,long_short,rev5,20.0,0.0,G00__mom_12_1__top50__weekly__long_short,delta_vs_same_scenario_G00,sharpe_excess_rf,-0.029987855177320007
G21,G21__mom_12_1__top50__weekly__long_short__rev5,long_short,rev5,20.0,0.0,G00__mom_12_1__top50__weekly__long_short,delta_vs_same_scenario_G00,max_drawdown,0.09036806095740135
G21,G21__mom_12_1__top50__weekly__long_short__rev5,long_short,rev5,20.0,0.0,G00__mom_12_1__top50__weekly__long_short,delta_vs_same_scenario_G00,annualized_volatility,-0.012231175730881477
G21,G21__mom_12_1__top50__weekly__long_short__rev5,long_short,rev5,20.0,0.0,G00__mom_12_1__top50__weekly__long_short,delta_vs_same_scenario_G00,annualized_l1_turnover,24.41265788204516
G21,G21__mom_12_1__top50__weekly__long_short__rev5,long_short,rev5,20.0,0.01,G00__mom_12_1__top50__weekly__long_short,delta_vs_same_scenario_G00,cagr,-0.0019379020192762022
G21,G21__mom_12_1__top50__weekly__long_short__rev5,long_short,rev5,20.0,0.01,G00__mom_12_1__top50__weekly__long_short,delta_vs_same_scenario_G00,sharpe_excess_rf,-0.032906930966603486
G21,G21__mom_12_1__top50__weekly__long_short__rev5,long_short,rev5,20.0,0.01,G00__mom_12_1__top50__weekly__long_short,delta_vs_same_scenario_G00,max_drawdown,0.08898517938906314
G21,G21__mom_12_1__top50__weekly__long_short__rev5,long_short,rev5,20.0,0.01,G00__mom_12_1__top50__weekly__long_short,delta_vs_same_scenario_G00,annualized_volatility,-0.012234037033093614
G21,G21__mom_12_1__top50__weekly__long_short__rev5,long_short,rev5,20.0,0.01,G00__mom_12_1__top50__weekly__long_short,delta_vs_same_scenario_G00,annualized_l1_turnover,24.413781268982593
G21,G21__mom_12_1__top50__weekly__long_short__rev5,long_short,rev5,20.0,0.03,G00__mom_12_1__top50__weekly__long_short,delta_vs_same_scenario_G00,cagr,-0.0019066854615038763
G21,G21__mom_12_1__top50__weekly__long_short__rev5,long_short,rev5,20.0,0.03,G00__mom_12_1__top50__weekly__long_short,delta_vs_same_scenario_G00,sharpe_excess_rf,-0.03866238734763988
G21,G21__mom_12_1__top50__weekly__long_short__rev5,long_short,rev5,20.0,0.03,G00__mom_12_1__top50__weekly__long_short,delta_vs_same_scenario_G00,max_drawdown,0.0880640048222428
G21,G21__mom_12_1__top50__weekly__long_short__rev5,long_short,rev5,20.0,0.03,G00__mom_12_1__top50__weekly__long_short,delta_vs_same_scenario_G00,annualized_volatility,-0.012239676632922414
G21,G21__mom_12_1__top50__weekly__long_short__rev5,long_short,rev5,20.0,0.03,G00__mom_12_1__top50__weekly__long_short,delta_vs_same_scenario_G00,annualized_l1_turnover,24.415991859867425
G21,G21__mom_255_0__top10__monthly__long_only__rev20,long_only,rev20,0.0,0.0,G00__mom_255_0__top10__monthly__long_only,delta_vs_same_scenario_G00,cagr,-0.03642096335196604
G21,G21__mom_255_0__top10__monthly__long_only__rev20,long_only,rev20,0.0,0.0,G00__mom_255_0__top10__monthly__long_only,delta_vs_same_scenario_G00,sharpe_excess_rf,-0.12773439798152475
G21,G21__mom_255_0__top10__monthly__long_only__rev20,long_only,rev20,0.0,0.0,G00__mom_255_0__top10__monthly__long_only,delta_vs_same_scenario_G00,max_drawdown,-0.10667795595375784
G21,G21__mom_255_0__top10__monthly__long_only__rev20,long_only,rev20,0.0,0.0,G00__mom_255_0__top10__monthly__long_only,delta_vs_same_scenario_G00,annualized_volatility,0.058371065703156366
G21,G21__mom_255_0__top10__monthly__long_only__rev20,long_only,rev20,0.0,0.0,G00__mom_255_0__top10__monthly__long_only,delta_vs_same_scenario_G00,annualized_l1_turnover,4.997704313114383
G21,G21__mom_255_0__top10__monthly__long_only__rev20,long_only,rev20,5.0,0.0,G00__mom_255_0__top10__monthly__long_only,delta_vs_same_scenario_G00,cagr,-0.03927075311519829
G21,G21__mom_255_0__top10__monthly__long_only__rev20,long_only,rev20,5.0,0.0,G00__mom_255_0__top10__monthly__long_only,delta_vs_same_scenario_G00,sharpe_excess_rf,-0.13217131035500362
G21,G21__mom_255_0__top10__monthly__long_only__rev20,long_only,rev20,5.0,0.0,G00__mom_255_0__top10__monthly__long_only,delta_vs_same_scenario_G00,max_drawdown,-0.10197016949235971
G21,G21__mom_255_0__top10__monthly__long_only__rev20,long_only,rev20,5.0,0.0,G00__mom_255_0__top10__monthly__long_only,delta_vs_same_scenario_G00,annualized_volatility,0.058342173098239136
G21,G21__mom_255_0__top10__monthly__long_only__rev20,long_only,rev20,5.0,0.0,G00__mom_255_0__top10__monthly__long_only,delta_vs_same_scenario_G00,annualized_l1_turnover,4.997704313114383
G21,G21__mom_255_0__top10__monthly__long_only__rev20,long_only,rev20,10.0,0.0,G00__mom_255_0__top10__monthly__long_only,delta_vs_same_scenario_G00,cagr,-0.04209199764253291
G21,G21__mom_255_0__top10__monthly__long_only__rev20,long_only,rev20,10.0,0.0,G00__mom_255_0__top10__monthly__long_only,delta_vs_same_scenario_G00,sharpe_excess_rf,-0.13661823626293212
G21,G21__mom_255_0__top10__monthly__long_only__rev20,long_only,rev20,10.0,0.0,G00__mom_255_0__top10__monthly__long_only,delta_vs_same_scenario_G00,max_drawdown,-0.09731291965871691
G21,G21__mom_255_0__top10__monthly__long_only__rev20,long_only,rev20,10.0,0.0,G00__mom_255_0__top10__monthly__long_only,delta_vs_same_scenario_G00,annualized_volatility,0.05832056349717735
G21,G21__mom_255_0__top10__monthly__long_only__rev20,long_only,rev20,10.0,0.0,G00__mom_255_0__top10__monthly__long_only,delta_vs_same_scenario_G00,annualized_l1_turnover,4.997704313114383
G21,G21__mom_255_0__top10__monthly__long_only__rev20,long_only,rev20,20.0,0.0,G00__mom_255_0__top10__monthly__long_only,delta_vs_same_scenario_G00,cagr,-0.04764960737329388
G21,G21__mom_255_0__top10__monthly__long_only__rev20,long_only,rev20,20.0,0.0,G00__mom_255_0__top10__monthly__long_only,delta_vs_same_scenario_G00,sharpe_excess_rf,-0.14553808297114856
G21,G21__mom_255_0__top10__monthly__long_only__rev20,long_only,rev20,20.0,0.0,G00__mom_255_0__top10__monthly__long_only,delta_vs_same_scenario_G00,max_drawdown,-0.08814812020365692
G21,G21__mom_255_0__top10__monthly__long_only__rev20,long_only,rev20,20.0,0.0,G00__mom_255_0__top10__monthly__long_only,delta_vs_same_scenario_G00,annualized_volatility,0.058299202603688705
G21,G21__mom_255_0__top10__monthly__long_only__rev20,long_only,rev20,20.0,0.0,G00__mom_255_0__top10__monthly__long_only,delta_vs_same_scenario_G00,annualized_l1_turnover,4.997704313114383
G21,G21__mom_255_0__top10__monthly__long_only__rev5,long_only,rev5,0.0,0.0,G00__mom_255_0__top10__monthly__long_only,delta_vs_same_scenario_G00,cagr,-0.007137663473955669
G21,G21__mom_255_0__top10__monthly__long_only__rev5,long_only,rev5,0.0,0.0,G00__mom_255_0__top10__monthly__long_only,delta_vs_same_scenario_G00,sharpe_excess_rf,-0.057039431316916134
G21,G21__mom_255_0__top10__monthly__long_only__rev5,long_only,rev5,0.0,0.0,G00__mom_255_0__top10__monthly__long_only,delta_vs_same_scenario_G00,max_drawdown,-0.12172818919830997
G21,G21__mom_255_0__top10__monthly__long_only__rev5,long_only,rev5,0.0,0.0,G00__mom_255_0__top10__monthly__long_only,delta_vs_same_scenario_G00,annualized_volatility,0.0434806622822273
G21,G21__mom_255_0__top10__monthly__long_only__rev5,long_only,rev5,0.0,0.0,G00__mom_255_0__top10__monthly__long_only,delta_vs_same_scenario_G00,annualized_l1_turnover,4.816108946593985
G21,G21__mom_255_0__top10__monthly__long_only__rev5,long_only,rev5,5.0,0.0,G00__mom_255_0__top10__monthly__long_only,delta_vs_same_scenario_G00,cagr,-0.010073065145711435
G21,G21__mom_255_0__top10__monthly__long_only__rev5,long_only,rev5,5.0,0.0,G00__mom_255_0__top10__monthly__long_only,delta_vs_same_scenario_G00,sharpe_excess_rf,-0.06191925334512405
G21,G21__mom_255_0__top10__monthly__long_only__rev5,long_only,rev5,5.0,0.0,G00__mom_255_0__top10__monthly__long_only,delta_vs_same_scenario_G00,max_drawdown,-0.12019493382735502
G21,G21__mom_255_0__top10__monthly__long_only__rev5,long_only,rev5,5.0,0.0,G00__mom_255_0__top10__monthly__long_only,delta_vs_same_scenario_G00,annualized_volatility,0.04348831741277975
G21,G21__mom_255_0__top10__monthly__long_only__rev5,long_only,rev5,5.0,0.0,G00__mom_255_0__top10__monthly__long_only,delta_vs_same_scenario_G00,annualized_l1_turnover,4.816108946593985
G21,G21__mom_255_0__top10__monthly__long_only__rev5,long_only,rev5,10.0,0.0,G00__mom_255_0__top10__monthly__long_only,delta_vs_same_scenario_G00,cagr,-0.012980095651051071
G21,G21__mom_255_0__top10__monthly__long_only__rev5,long_only,rev5,10.0,0.0,G00__mom_255_0__top10__monthly__long_only,delta_vs_same_scenario_G00,sharpe_excess_rf,-0.06680910991957023
G21,G21__mom_255_0__top10__monthly__long_only__rev5,long_only,rev5,10.0,0.0,G00__mom_255_0__top10__monthly__long_only,delta_vs_same_scenario_G00,max_drawdown,-0.12187549551400645
G21,G21__mom_255_0__top10__monthly__long_only__rev5,long_only,rev5,10.0,0.0,G00__mom_255_0__top10__monthly__long_only,delta_vs_same_scenario_G00,annualized_volatility,0.04350337631375123
G21,G21__mom_255_0__top10__monthly__long_only__rev5,long_only,rev5,10.0,0.0,G00__mom_255_0__top10__monthly__long_only,delta_vs_same_scenario_G00,annualized_l1_turnover,4.816108946593985
G21,G21__mom_255_0__top10__monthly__long_only__rev5,long_only,rev5,20.0,0.0,G00__mom_255_0__top10__monthly__long_only,delta_vs_same_scenario_G00,cagr,-0.018709781080741672
G21,G21__mom_255_0__top10__monthly__long_only__rev5,long_only,rev5,20.0,0.0,G00__mom_255_0__top10__monthly__long_only,delta_vs_same_scenario_G00,sharpe_excess_rf,-0.07661436478604555
G21,G21__mom_255_0__top10__monthly__long_only__rev5,long_only,rev5,20.0,0.0,G00__mom_255_0__top10__monthly__long_only,delta_vs_same_scenario_G00,max_drawdown,-0.12504623654697977
G21,G21__mom_255_0__top10__monthly__long_only__rev5,long_only,rev5,20.0,0.0,G00__mom_255_0__top10__monthly__long_only,delta_vs_same_scenario_G00,annualized_volatility,0.043555701195895524
G21,G21__mom_255_0__top10__monthly__long_only__rev5,long_only,rev5,20.0,0.0,G00__mom_255_0__top10__monthly__long_only,delta_vs_same_scenario_G00,annualized_l1_turnover,4.816108946593985
G21,G21__mom_255_0__top10__monthly__long_short__rev20,long_short,rev20,0.0,0.0,G00__mom_255_0__top10__monthly__long_short,delta_vs_same_scenario_G00,cagr,0.033590955559886615
G21,G21__mom_255_0__top10__monthly__long_short__rev20,long_short,rev20,0.0,0.0,G00__mom_255_0__top10__monthly__long_short,delta_vs_same_scenario_G00,sharpe_excess_rf,0.13741877294143862
G21,G21__mom_255_0__top10__monthly__long_short__rev20,long_short,rev20,0.0,0.0,G00__mom_255_0__top10__monthly__long_short,delta_vs_same_scenario_G00,max_drawdown,0.08073097854779221
G21,G21__mom_255_0__top10__monthly__long_short__rev20,long_short,rev20,0.0,0.0,G00__mom_255_0__top10__monthly__long_short,delta_vs_same_scenario_G00,annualized_volatility,-0.02906398352157355
G21,G21__mom_255_0__top10__monthly__long_short__rev20,long_short,rev20,0.0,0.0,G00__mom_255_0__top10__monthly__long_short,delta_vs_same_scenario_G00,annualized_l1_turnover,4.468790018562279
G21,G21__mom_255_0__top10__monthly__long_short__rev20,long_short,rev20,0.0,0.01,G00__mom_255_0__top10__monthly__long_short,delta_vs_same_scenario_G00,cagr,0.033461487919234374
G21,G21__mom_255_0__top10__monthly__long_short__rev20,long_short,rev20,0.0,0.01,G00__mom_255_0__top10__monthly__long_short,delta_vs_same_scenario_G00,sharpe_excess_rf,0.1347917011496936
G21,G21__mom_255_0__top10__monthly__long_short__rev20,long_short,rev20,0.0,0.01,G00__mom_255_0__top10__monthly__long_short,delta_vs_same_scenario_G00,max_drawdown,0.08483616511714798
G21,G21__mom_255_0__top10__monthly__long_short__rev20,long_short,rev20,0.0,0.01,G00__mom_255_0__top10__monthly__long_short,delta_vs_same_scenario_G00,annualized_volatility,-0.02907758024625509
G21,G21__mom_255_0__top10__monthly__long_short__rev20,long_short,rev20,0.0,0.01,G00__mom_255_0__top10__monthly__long_short,delta_vs_same_scenario_G00,annualized_l1_turnover,4.46960155701824
G21,G21__mom_255_0__top10__monthly__long_short__rev20,long_short,rev20,0.0,0.03,G00__mom_255_0__top10__monthly__long_short,delta_vs_same_scenario_G00,cagr,0.03320751742008328
G21,G21__mom_255_0__top10__monthly__long_short__rev20,long_short,rev20,0.0,0.03,G00__mom_255_0__top10__monthly__long_short,delta_vs_same_scenario_G00,sharpe_excess_rf,0.12961095928348515
G21,G21__mom_255_0__top10__monthly__long_short__rev20,long_short,rev20,0.0,0.03,G00__mom_255_0__top10__monthly__long_short,delta_vs_same_scenario_G00,max_drawdown,0.09255064036440264
G21,G21__mom_255_0__top10__monthly__long_short__rev20,long_short,rev20,0.0,0.03,G00__mom_255_0__top10__monthly__long_short,delta_vs_same_scenario_G00,annualized_volatility,-0.029104431295407768
G21,G21__mom_255_0__top10__monthly__long_short__rev20,long_short,rev20,0.0,0.03,G00__mom_255_0__top10__monthly__long_short,delta_vs_same_scenario_G00,annualized_l1_turnover,4.471181952976782
G21,G21__mom_255_0__top10__monthly__long_short__rev20,long_short,rev20,5.0,0.0,G00__mom_255_0__top10__monthly__long_short,delta_vs_same_scenario_G00,cagr,0.031052515564720412
G21,G21__mom_255_0__top10__monthly__long_short__rev20,long_short,rev20,5.0,0.0,G00__mom_255_0__top10__monthly__long_short,delta_vs_same_scenario_G00,sharpe_excess_rf,0.12456936394161514
G21,G21__mom_255_0__top10__monthly__long_short__rev20,long_short,rev20,5.0,0.0,G00__mom_255_0__top10__monthly__long_short,delta_vs_same_scenario_G00,max_drawdown,0.08391314633227631
G21,G21__mom_255_0__top10__monthly__long_short__rev20,long_short,rev20,5.0,0.0,G00__mom_255_0__top10__monthly__long_short,delta_vs_same_scenario_G00,annualized_volatility,-0.029090104026992664
G21,G21__mom_255_0__top10__monthly__long_short__rev20,long_short,rev20,5.0,0.0,G00__mom_255_0__top10__monthly__long_short,delta_vs_same_scenario_G00,annualized_l1_turnover,4.468790018562279
G21,G21__mom_255_0__top10__monthly__long_short__rev20,long_short,rev20,5.0,0.01,G00__mom_255_0__top10__monthly__long_short,delta_vs_same_scenario_G00,cagr,0.030935056713262264
G21,G21__mom_255_0__top10__monthly__long_short__rev20,long_short,rev20,5.0,0.01,G00__mom_255_0__top10__monthly__long_short,delta_vs_same_scenario_G00,sharpe_excess_rf,0.12193877514764304
G21,G21__mom_255_0__top10__monthly__long_short__rev20,long_short,rev20,5.0,0.01,G00__mom_255_0__top10__monthly__long_short,delta_vs_same_scenario_G00,max_drawdown,0.08789972071158636
G21,G21__mom_255_0__top10__monthly__long_short__rev20,long_short,rev20,5.0,0.01,G00__mom_255_0__top10__monthly__long_short,delta_vs_same_scenario_G00,annualized_volatility,-0.029103674966911935
G21,G21__mom_255_0__top10__monthly__long_short__rev20,long_short,rev20,5.0,0.01,G00__mom_255_0__top10__monthly__long_short,delta_vs_same_scenario_G00,annualized_l1_turnover,4.46960155701824
G21,G21__mom_255_0__top10__monthly__long_short__rev20,long_short,rev20,5.0,0.03,G00__mom_255_0__top10__monthly__long_short,delta_vs_same_scenario_G00,cagr,0.03070461145381946
G21,G21__mom_255_0__top10__monthly__long_short__rev20,long_short,rev20,5.0,0.03,G00__mom_255_0__top10__monthly__long_short,delta_vs_same_scenario_G00,sharpe_excess_rf,0.11675115610852478
G21,G21__mom_255_0__top10__monthly__long_short__rev20,long_short,rev20,5.0,0.03,G00__mom_255_0__top10__monthly__long_short,delta_vs_same_scenario_G00,max_drawdown,0.09538843809774034
G21,G21__mom_255_0__top10__monthly__long_short__rev20,long_short,rev20,5.0,0.03,G00__mom_255_0__top10__monthly__long_short,delta_vs_same_scenario_G00,annualized_volatility,-0.0291304751930892
G21,G21__mom_255_0__top10__monthly__long_short__rev20,long_short,rev20,5.0,0.03,G00__mom_255_0__top10__monthly__long_short,delta_vs_same_scenario_G00,annualized_l1_turnover,4.471181952976778
G21,G21__mom_255_0__top10__monthly__long_short__rev20,long_short,rev20,10.0,0.0,G00__mom_255_0__top10__monthly__long_short,delta_vs_same_scenario_G00,cagr,0.0285388991196394
G21,G21__mom_255_0__top10__monthly__long_short__rev20,long_short,rev20,10.0,0.0,G00__mom_255_0__top10__monthly__long_short,delta_vs_same_scenario_G00,sharpe_excess_rf,0.11168828968397951
G21,G21__mom_255_0__top10__monthly__long_short__rev20,long_short,rev20,10.0,0.0,G00__mom_255_0__top10__monthly__long_short,delta_vs_same_scenario_G00,max_drawdown,0.08698815093407597
G21,G21__mom_255_0__top10__monthly__long_short__rev20,long_short,rev20,10.0,0.0,G00__mom_255_0__top10__monthly__long_short,delta_vs_same_scenario_G00,annualized_volatility,-0.02910175947747959
G21,G21__mom_255_0__top10__monthly__long_short__rev20,long_short,rev20,10.0,0.0,G00__mom_255_0__top10__monthly__long_short,delta_vs_same_scenario_G00,annualized_l1_turnover,4.468790018562279
G21,G21__mom_255_0__top10__monthly__long_short__rev20,long_short,rev20,10.0,0.01,G00__mom_255_0__top10__monthly__long_short,delta_vs_same_scenario_G00,cagr,0.02843333697528451
G21,G21__mom_255_0__top10__monthly__long_short__rev20,long_short,rev20,10.0,0.01,G00__mom_255_0__top10__monthly__long_short,delta_vs_same_scenario_G00,sharpe_excess_rf,0.10905591136914147
G21,G21__mom_255_0__top10__monthly__long_short__rev20,long_short,rev20,10.0,0.01,G00__mom_255_0__top10__monthly__long_short,delta_vs_same_scenario_G00,max_drawdown,0.09085869753882159
G21,G21__mom_255_0__top10__monthly__long_short__rev20,long_short,rev20,10.0,0.01,G00__mom_255_0__top10__monthly__long_short,delta_vs_same_scenario_G00,annualized_volatility,-0.029115302527588705
G21,G21__mom_255_0__top10__monthly__long_short__rev20,long_short,rev20,10.0,0.01,G00__mom_255_0__top10__monthly__long_short,delta_vs_same_scenario_G00,annualized_l1_turnover,4.46960155701824
G21,G21__mom_255_0__top10__monthly__long_short__rev20,long_short,rev20,10.0,0.03,G00__mom_255_0__top10__monthly__long_short,delta_vs_same_scenario_G00,cagr,0.02822619735252871
G21,G21__mom_255_0__top10__monthly__long_short__rev20,long_short,rev20,10.0,0.03,G00__mom_255_0__top10__monthly__long_short,delta_vs_same_scenario_G00,sharpe_excess_rf,0.10386481903120617
G21,G21__mom_255_0__top10__monthly__long_short__rev20,long_short,rev20,10.0,0.03,G00__mom_255_0__top10__monthly__long_short,delta_vs_same_scenario_G00,max_drawdown,0.09812659552370318
G21,G21__mom_255_0__top10__monthly__long_short__rev20,long_short,rev20,10.0,0.03,G00__mom_255_0__top10__monthly__long_short,delta_vs_same_scenario_G00,annualized_volatility,-0.02914204780486704
G21,G21__mom_255_0__top10__monthly__long_short__rev20,long_short,rev20,10.0,0.03,G00__mom_255_0__top10__monthly__long_short,delta_vs_same_scenario_G00,annualized_l1_turnover,4.471181952976778
G21,G21__mom_255_0__top10__monthly__long_short__rev20,long_short,rev20,20.0,0.0,G00__mom_255_0__top10__monthly__long_short,delta_vs_same_scenario_G00,cagr,0.023585463184181445
G21,G21__mom_255_0__top10__monthly__long_short__rev20,long_short,rev20,20.0,0.0,G00__mom_255_0__top10__monthly__long_short,delta_vs_same_scenario_G00,sharpe_excess_rf,0.08586290189301367
G21,G21__mom_255_0__top10__monthly__long_short__rev20,long_short,rev20,20.0,0.0,G00__mom_255_0__top10__monthly__long_short,delta_vs_same_scenario_G00,max_drawdown,0.09282624798753514
G21,G21__mom_255_0__top10__monthly__long_short__rev20,long_short,rev20,20.0,0.0,G00__mom_255_0__top10__monthly__long_short,delta_vs_same_scenario_G00,annualized_volatility,-0.029081651601985004
G21,G21__mom_255_0__top10__monthly__long_short__rev20,long_short,rev20,20.0,0.0,G00__mom_255_0__top10__monthly__long_short,delta_vs_same_scenario_G00,annualized_l1_turnover,4.468790018562279
G21,G21__mom_255_0__top10__monthly__long_short__rev20,long_short,rev20,20.0,0.01,G00__mom_255_0__top10__monthly__long_short,delta_vs_same_scenario_G00,cagr,0.023503361086278107
G21,G21__mom_255_0__top10__monthly__long_short__rev20,long_short,rev20,20.0,0.01,G00__mom_255_0__top10__monthly__long_short,delta_vs_same_scenario_G00,sharpe_excess_rf,0.08323213430678301
G21,G21__mom_255_0__top10__monthly__long_short__rev20,long_short,rev20,20.0,0.01,G00__mom_255_0__top10__monthly__long_short,delta_vs_same_scenario_G00,max_drawdown,0.09647229286002079
G21,G21__mom_255_0__top10__monthly__long_short__rev20,long_short,rev20,20.0,0.01,G00__mom_255_0__top10__monthly__long_short,delta_vs_same_scenario_G00,annualized_volatility,-0.02909513257519919
G21,G21__mom_255_0__top10__monthly__long_short__rev20,long_short,rev20,20.0,0.01,G00__mom_255_0__top10__monthly__long_short,delta_vs_same_scenario_G00,annualized_l1_turnover,4.46960155701824
G21,G21__mom_255_0__top10__monthly__long_short__rev20,long_short,rev20,20.0,0.03,G00__mom_255_0__top10__monthly__long_short,delta_vs_same_scenario_G00,cagr,0.023342179568691904
G21,G21__mom_255_0__top10__monthly__long_short__rev20,long_short,rev20,20.0,0.03,G00__mom_255_0__top10__monthly__long_short,delta_vs_same_scenario_G00,sharpe_excess_rf,0.07804432139186027
G21,G21__mom_255_0__top10__monthly__long_short__rev20,long_short,rev20,20.0,0.03,G00__mom_255_0__top10__monthly__long_short,delta_vs_same_scenario_G00,max_drawdown,0.10331298566305303
G21,G21__mom_255_0__top10__monthly__long_short__rev20,long_short,rev20,20.0,0.03,G00__mom_255_0__top10__monthly__long_short,delta_vs_same_scenario_G00,annualized_volatility,-0.029121755611452915
G21,G21__mom_255_0__top10__monthly__long_short__rev20,long_short,rev20,20.0,0.03,G00__mom_255_0__top10__monthly__long_short,delta_vs_same_scenario_G00,annualized_l1_turnover,4.47118195297678
G21,G21__mom_255_0__top10__monthly__long_short__rev5,long_short,rev5,0.0,0.0,G00__mom_255_0__top10__monthly__long_short,delta_vs_same_scenario_G00,cagr,0.025948010038305658
G21,G21__mom_255_0__top10__monthly__long_short__rev5,long_short,rev5,0.0,0.0,G00__mom_255_0__top10__monthly__long_short,delta_vs_same_scenario_G00,sharpe_excess_rf,0.10742381550862351
G21,G21__mom_255_0__top10__monthly__long_short__rev5,long_short,rev5,0.0,0.0,G00__mom_255_0__top10__monthly__long_short,delta_vs_same_scenario_G00,max_drawdown,0.11928589742242424
G21,G21__mom_255_0__top10__monthly__long_short__rev5,long_short,rev5,0.0,0.0,G00__mom_255_0__top10__monthly__long_short,delta_vs_same_scenario_G00,annualized_volatility,-0.039432181980011694
G21,G21__mom_255_0__top10__monthly__long_short__rev5,long_short,rev5,0.0,0.0,G00__mom_255_0__top10__monthly__long_short,delta_vs_same_scenario_G00,annualized_l1_turnover,4.36768917107748
G21,G21__mom_255_0__top10__monthly__long_short__rev5,long_short,rev5,0.0,0.01,G00__mom_255_0__top10__monthly__long_short,delta_vs_same_scenario_G00,cagr,0.025843419528695018
G21,G21__mom_255_0__top10__monthly__long_short__rev5,long_short,rev5,0.0,0.01,G00__mom_255_0__top10__monthly__long_short,delta_vs_same_scenario_G00,sharpe_excess_rf,0.10357698272729352
G21,G21__mom_255_0__top10__monthly__long_short__rev5,long_short,rev5,0.0,0.01,G00__mom_255_0__top10__monthly__long_short,delta_vs_same_scenario_G00,max_drawdown,0.12019653885825854
G21,G21__mom_255_0__top10__monthly__long_short__rev5,long_short,rev5,0.0,0.01,G00__mom_255_0__top10__monthly__long_short,delta_vs_same_scenario_G00,annualized_volatility,-0.03944748909564111
G21,G21__mom_255_0__top10__monthly__long_short__rev5,long_short,rev5,0.0,0.01,G00__mom_255_0__top10__monthly__long_short,delta_vs_same_scenario_G00,annualized_l1_turnover,4.3685237439831965
G21,G21__mom_255_0__top10__monthly__long_short__rev5,long_short,rev5,0.0,0.03,G00__mom_255_0__top10__monthly__long_short,delta_vs_same_scenario_G00,cagr,0.025638332381296824
G21,G21__mom_255_0__top10__monthly__long_short__rev5,long_short,rev5,0.0,0.03,G00__mom_255_0__top10__monthly__long_short,delta_vs_same_scenario_G00,sharpe_excess_rf,0.09599283019277836
G21,G21__mom_255_0__top10__monthly__long_short__rev5,long_short,rev5,0.0,0.03,G00__mom_255_0__top10__monthly__long_short,delta_vs_same_scenario_G00,max_drawdown,0.12180794015941321
G21,G21__mom_255_0__top10__monthly__long_short__rev5,long_short,rev5,0.0,0.03,G00__mom_255_0__top10__monthly__long_short,delta_vs_same_scenario_G00,annualized_volatility,-0.03947771441871151
G21,G21__mom_255_0__top10__monthly__long_short__rev5,long_short,rev5,0.0,0.03,G00__mom_255_0__top10__monthly__long_short,delta_vs_same_scenario_G00,annualized_l1_turnover,4.370149609212289
G21,G21__mom_255_0__top10__monthly__long_short__rev5,long_short,rev5,5.0,0.0,G00__mom_255_0__top10__monthly__long_short,delta_vs_same_scenario_G00,cagr,0.02351537020575098
G21,G21__mom_255_0__top10__monthly__long_short__rev5,long_short,rev5,5.0,0.0,G00__mom_255_0__top10__monthly__long_short,delta_vs_same_scenario_G00,sharpe_excess_rf,0.0932074484069507
G21,G21__mom_255_0__top10__monthly__long_short__rev5,long_short,rev5,5.0,0.0,G00__mom_255_0__top10__monthly__long_short,delta_vs_same_scenario_G00,max_drawdown,0.11641967160084843
G21,G21__mom_255_0__top10__monthly__long_short__rev5,long_short,rev5,5.0,0.0,G00__mom_255_0__top10__monthly__long_short,delta_vs_same_scenario_G00,annualized_volatility,-0.03942085650859317
G21,G21__mom_255_0__top10__monthly__long_short__rev5,long_short,rev5,5.0,0.0,G00__mom_255_0__top10__monthly__long_short,delta_vs_same_scenario_G00,annualized_l1_turnover,4.36768917107748
G21,G21__mom_255_0__top10__monthly__long_short__rev5,long_short,rev5,5.0,0.01,G00__mom_255_0__top10__monthly__long_short,delta_vs_same_scenario_G00,cagr,0.023422351250635097
G21,G21__mom_255_0__top10__monthly__long_short__rev5,long_short,rev5,5.0,0.01,G00__mom_255_0__top10__monthly__long_short,delta_vs_same_scenario_G00,sharpe_excess_rf,0.08936089749386411
G21,G21__mom_255_0__top10__monthly__long_short__rev5,long_short,rev5,5.0,0.01,G00__mom_255_0__top10__monthly__long_short,delta_vs_same_scenario_G00,max_drawdown,0.11732060437448077
G21,G21__mom_255_0__top10__monthly__long_short__rev5,long_short,rev5,5.0,0.01,G00__mom_255_0__top10__monthly__long_short,delta_vs_same_scenario_G00,annualized_volatility,-0.03943613272935237
G21,G21__mom_255_0__top10__monthly__long_short__rev5,long_short,rev5,5.0,0.01,G00__mom_255_0__top10__monthly__long_short,delta_vs_same_scenario_G00,annualized_l1_turnover,4.3685237439831965
G21,G21__mom_255_0__top10__monthly__long_short__rev5,long_short,rev5,5.0,0.03,G00__mom_255_0__top10__monthly__long_short,delta_vs_same_scenario_G00,cagr,0.02323993236551751
G21,G21__mom_255_0__top10__monthly__long_short__rev5,long_short,rev5,5.0,0.03,G00__mom_255_0__top10__monthly__long_short,delta_vs_same_scenario_G00,sharpe_excess_rf,0.0817773515132751
G21,G21__mom_255_0__top10__monthly__long_short__rev5,long_short,rev5,5.0,0.03,G00__mom_255_0__top10__monthly__long_short,delta_vs_same_scenario_G00,max_drawdown,0.11891603010427176
G21,G21__mom_255_0__top10__monthly__long_short__rev5,long_short,rev5,5.0,0.03,G00__mom_255_0__top10__monthly__long_short,delta_vs_same_scenario_G00,annualized_volatility,-0.039466297184465954
G21,G21__mom_255_0__top10__monthly__long_short__rev5,long_short,rev5,5.0,0.03,G00__mom_255_0__top10__monthly__long_short,delta_vs_same_scenario_G00,annualized_l1_turnover,4.370149609212286
G21,G21__mom_255_0__top10__monthly__long_short__rev5,long_short,rev5,10.0,0.0,G00__mom_255_0__top10__monthly__long_short,delta_vs_same_scenario_G00,cagr,0.021106578078826693
G21,G21__mom_255_0__top10__monthly__long_short__rev5,long_short,rev5,10.0,0.0,G00__mom_255_0__top10__monthly__long_short,delta_vs_same_scenario_G00,sharpe_excess_rf,0.07897156402108255
G21,G21__mom_255_0__top10__monthly__long_short__rev5,long_short,rev5,10.0,0.0,G00__mom_255_0__top10__monthly__long_short,delta_vs_same_scenario_G00,max_drawdown,0.11361553579887174
G21,G21__mom_255_0__top10__monthly__long_short__rev5,long_short,rev5,10.0,0.0,G00__mom_255_0__top10__monthly__long_short,delta_vs_same_scenario_G00,annualized_volatility,-0.03939437626199549
G21,G21__mom_255_0__top10__monthly__long_short__rev5,long_short,rev5,10.0,0.0,G00__mom_255_0__top10__monthly__long_short,delta_vs_same_scenario_G00,annualized_l1_turnover,4.36768917107748
G21,G21__mom_255_0__top10__monthly__long_short__rev5,long_short,rev5,10.0,0.01,G00__mom_255_0__top10__monthly__long_short,delta_vs_same_scenario_G00,cagr,0.021025022733994328
G21,G21__mom_255_0__top10__monthly__long_short__rev5,long_short,rev5,10.0,0.01,G00__mom_255_0__top10__monthly__long_short,delta_vs_same_scenario_G00,sharpe_excess_rf,0.07512735296019213
G21,G21__mom_255_0__top10__monthly__long_short__rev5,long_short,rev5,10.0,0.01,G00__mom_255_0__top10__monthly__long_short,delta_vs_same_scenario_G00,max_drawdown,0.11450683567836717
G21,G21__mom_255_0__top10__monthly__long_short__rev5,long_short,rev5,10.0,0.01,G00__mom_255_0__top10__monthly__long_short,delta_vs_same_scenario_G00,annualized_volatility,-0.03940961919035396
G21,G21__mom_255_0__top10__monthly__long_short__rev5,long_short,rev5,10.0,0.01,G00__mom_255_0__top10__monthly__long_short,delta_vs_same_scenario_G00,annualized_l1_turnover,4.3685237439831965
G21,G21__mom_255_0__top10__monthly__long_short__rev5,long_short,rev5,10.0,0.03,G00__mom_255_0__top10__monthly__long_short,delta_vs_same_scenario_G00,cagr,0.020865060615443992
G21,G21__mom_255_0__top10__monthly__long_short__rev5,long_short,rev5,10.0,0.03,G00__mom_255_0__top10__monthly__long_short,delta_vs_same_scenario_G00,sharpe_excess_rf,0.06754846869173955
G21,G21__mom_255_0__top10__monthly__long_short__rev5,long_short,rev5,10.0,0.03,G00__mom_255_0__top10__monthly__long_short,delta_vs_same_scenario_G00,max_drawdown,0.11602438172579266
G21,G21__mom_255_0__top10__monthly__long_short__rev5,long_short,rev5,10.0,0.03,G00__mom_255_0__top10__monthly__long_short,delta_vs_same_scenario_G00,annualized_volatility,-0.039439718073149194
G21,G21__mom_255_0__top10__monthly__long_short__rev5,long_short,rev5,10.0,0.03,G00__mom_255_0__top10__monthly__long_short,delta_vs_same_scenario_G00,annualized_l1_turnover,4.370149609212286
G21,G21__mom_255_0__top10__monthly__long_short__rev5,long_short,rev5,20.0,0.0,G00__mom_255_0__top10__monthly__long_short,delta_vs_same_scenario_G00,cagr,0.01635989144992969
G21,G21__mom_255_0__top10__monthly__long_short__rev5,long_short,rev5,20.0,0.0,G00__mom_255_0__top10__monthly__long_short,delta_vs_same_scenario_G00,sharpe_excess_rf,0.050478101990472576
G21,G21__mom_255_0__top10__monthly__long_short__rev5,long_short,rev5,20.0,0.0,G00__mom_255_0__top10__monthly__long_short,delta_vs_same_scenario_G00,max_drawdown,0.10726946395776249
G21,G21__mom_255_0__top10__monthly__long_short__rev5,long_short,rev5,20.0,0.0,G00__mom_255_0__top10__monthly__long_short,delta_vs_same_scenario_G00,annualized_volatility,-0.03929597596387993
G21,G21__mom_255_0__top10__monthly__long_short__rev5,long_short,rev5,20.0,0.0,G00__mom_255_0__top10__monthly__long_short,delta_vs_same_scenario_G00,annualized_l1_turnover,4.36768917107748
G21,G21__mom_255_0__top10__monthly__long_short__rev5,long_short,rev5,20.0,0.01,G00__mom_255_0__top10__monthly__long_short,delta_vs_same_scenario_G00,cagr,0.016300942254330163
G21,G21__mom_255_0__top10__monthly__long_short__rev5,long_short,rev5,20.0,0.01,G00__mom_255_0__top10__monthly__long_short,delta_vs_same_scenario_G00,sharpe_excess_rf,0.046644736057209146
G21,G21__mom_255_0__top10__monthly__long_short__rev5,long_short,rev5,20.0,0.01,G00__mom_255_0__top10__monthly__long_short,delta_vs_same_scenario_G00,max_drawdown,0.10784824818963357
G21,G21__mom_255_0__top10__monthly__long_short__rev5,long_short,rev5,20.0,0.01,G00__mom_255_0__top10__monthly__long_short,delta_vs_same_scenario_G00,annualized_volatility,-0.03931114514003295
G21,G21__mom_255_0__top10__monthly__long_short__rev5,long_short,rev5,20.0,0.01,G00__mom_255_0__top10__monthly__long_short,delta_vs_same_scenario_G00,annualized_l1_turnover,4.3685237439831965
G21,G21__mom_255_0__top10__monthly__long_short__rev5,long_short,rev5,20.0,0.03,G00__mom_255_0__top10__monthly__long_short,delta_vs_same_scenario_G00,cagr,0.01618526459296478
G21,G21__mom_255_0__top10__monthly__long_short__rev5,long_short,rev5,20.0,0.03,G00__mom_255_0__top10__monthly__long_short,delta_vs_same_scenario_G00,sharpe_excess_rf,0.03908732385683578
G21,G21__mom_255_0__top10__monthly__long_short__rev5,long_short,rev5,20.0,0.03,G00__mom_255_0__top10__monthly__long_short,delta_vs_same_scenario_G00,max_drawdown,0.10527699096936871
G21,G21__mom_255_0__top10__monthly__long_short__rev5,long_short,rev5,20.0,0.03,G00__mom_255_0__top10__monthly__long_short,delta_vs_same_scenario_G00,annualized_volatility,-0.039341098814008435
G21,G21__mom_255_0__top10__monthly__long_short__rev5,long_short,rev5,20.0,0.03,G00__mom_255_0__top10__monthly__long_short,delta_vs_same_scenario_G00,annualized_l1_turnover,4.370149609212287
G21,G21__mom_255_0__top10__weekly__long_only__rev20,long_only,rev20,0.0,0.0,G00__mom_255_0__top10__weekly__long_only,delta_vs_same_scenario_G00,cagr,-0.012743993414358418
G21,G21__mom_255_0__top10__weekly__long_only__rev20,long_only,rev20,0.0,0.0,G00__mom_255_0__top10__weekly__long_only,delta_vs_same_scenario_G00,sharpe_excess_rf,-0.07437532789764045
G21,G21__mom_255_0__top10__weekly__long_only__rev20,long_only,rev20,0.0,0.0,G00__mom_255_0__top10__weekly__long_only,delta_vs_same_scenario_G00,max_drawdown,-0.27072145504115297
G21,G21__mom_255_0__top10__weekly__long_only__rev20,long_only,rev20,0.0,0.0,G00__mom_255_0__top10__weekly__long_only,delta_vs_same_scenario_G00,annualized_volatility,0.07233668968592416
G21,G21__mom_255_0__top10__weekly__long_only__rev20,long_only,rev20,0.0,0.0,G00__mom_255_0__top10__weekly__long_only,delta_vs_same_scenario_G00,annualized_l1_turnover,14.823950283695176
G21,G21__mom_255_0__top10__weekly__long_only__rev20,long_only,rev20,5.0,0.0,G00__mom_255_0__top10__weekly__long_only,delta_vs_same_scenario_G00,cagr,-0.021355506336706298
G21,G21__mom_255_0__top10__weekly__long_only__rev20,long_only,rev20,5.0,0.0,G00__mom_255_0__top10__weekly__long_only,delta_vs_same_scenario_G00,sharpe_excess_rf,-0.08752997945111707
G21,G21__mom_255_0__top10__weekly__long_only__rev20,long_only,rev20,5.0,0.0,G00__mom_255_0__top10__weekly__long_only,delta_vs_same_scenario_G00,max_drawdown,-0.260023757264423
G21,G21__mom_255_0__top10__weekly__long_only__rev20,long_only,rev20,5.0,0.0,G00__mom_255_0__top10__weekly__long_only,delta_vs_same_scenario_G00,annualized_volatility,0.07232470824589593
G21,G21__mom_255_0__top10__weekly__long_only__rev20,long_only,rev20,5.0,0.0,G00__mom_255_0__top10__weekly__long_only,delta_vs_same_scenario_G00,annualized_l1_turnover,14.823950283695176
G21,G21__mom_255_0__top10__weekly__long_only__rev20,long_only,rev20,10.0,0.0,G00__mom_255_0__top10__weekly__long_only,delta_vs_same_scenario_G00,cagr,-0.02974656902642528
G21,G21__mom_255_0__top10__weekly__long_only__rev20,long_only,rev20,10.0,0.0,G00__mom_255_0__top10__weekly__long_only,delta_vs_same_scenario_G00,sharpe_excess_rf,-0.10070038611086063
G21,G21__mom_255_0__top10__weekly__long_only__rev20,long_only,rev20,10.0,0.0,G00__mom_255_0__top10__weekly__long_only,delta_vs_same_scenario_G00,max_drawdown,-0.24955471766312437
G21,G21__mom_255_0__top10__weekly__long_only__rev20,long_only,rev20,10.0,0.0,G00__mom_255_0__top10__weekly__long_only,delta_vs_same_scenario_G00,annualized_volatility,0.07232667827553202
G21,G21__mom_255_0__top10__weekly__long_only__rev20,long_only,rev20,10.0,0.0,G00__mom_255_0__top10__weekly__long_only,delta_vs_same_scenario_G00,annualized_l1_turnover,14.823950283695176
G21,G21__mom_255_0__top10__weekly__long_only__rev20,long_only,rev20,20.0,0.0,G00__mom_255_0__top10__weekly__long_only,delta_vs_same_scenario_G00,cagr,-0.045884018424893785
G21,G21__mom_255_0__top10__weekly__long_only__rev20,long_only,rev20,20.0,0.0,G00__mom_255_0__top10__weekly__long_only,delta_vs_same_scenario_G00,sharpe_excess_rf,-0.12707005802969906
G21,G21__mom_255_0__top10__weekly__long_only__rev20,long_only,rev20,20.0,0.0,G00__mom_255_0__top10__weekly__long_only,delta_vs_same_scenario_G00,max_drawdown,-0.22928436071871466
G21,G21__mom_255_0__top10__weekly__long_only__rev20,long_only,rev20,20.0,0.0,G00__mom_255_0__top10__weekly__long_only,delta_vs_same_scenario_G00,annualized_volatility,0.07237246240655021
G21,G21__mom_255_0__top10__weekly__long_only__rev20,long_only,rev20,20.0,0.0,G00__mom_255_0__top10__weekly__long_only,delta_vs_same_scenario_G00,annualized_l1_turnover,14.823950283695176
G21,G21__mom_255_0__top10__weekly__long_only__rev5,long_only,rev5,0.0,0.0,G00__mom_255_0__top10__weekly__long_only,delta_vs_same_scenario_G00,cagr,0.050834085226646314
G21,G21__mom_255_0__top10__weekly__long_only__rev5,long_only,rev5,0.0,0.0,G00__mom_255_0__top10__weekly__long_only,delta_vs_same_scenario_G00,sharpe_excess_rf,0.0642624690794188
G21,G21__mom_255_0__top10__weekly__long_only__rev5,long_only,rev5,0.0,0.0,G00__mom_255_0__top10__weekly__long_only,delta_vs_same_scenario_G00,max_drawdown,-0.2668351554615682
G21,G21__mom_255_0__top10__weekly__long_only__rev5,long_only,rev5,0.0,0.0,G00__mom_255_0__top10__weekly__long_only,delta_vs_same_scenario_G00,annualized_volatility,0.059361013271427066
G21,G21__mom_255_0__top10__weekly__long_only__rev5,long_only,rev5,0.0,0.0,G00__mom_255_0__top10__weekly__long_only,delta_vs_same_scenario_G00,annualized_l1_turnover,24.578419550143877
G21,G21__mom_255_0__top10__weekly__long_only__rev5,long_only,rev5,5.0,0.0,G00__mom_255_0__top10__weekly__long_only,delta_vs_same_scenario_G00,cagr,0.03513812387109777
G21,G21__mom_255_0__top10__weekly__long_only__rev5,long_only,rev5,5.0,0.0,G00__mom_255_0__top10__weekly__long_only,delta_vs_same_scenario_G00,sharpe_excess_rf,0.037386180399418656
G21,G21__mom_255_0__top10__weekly__long_only__rev5,long_only,rev5,5.0,0.0,G00__mom_255_0__top10__weekly__long_only,delta_vs_same_scenario_G00,max_drawdown,-0.25637141512335965
G21,G21__mom_255_0__top10__weekly__long_only__rev5,long_only,rev5,5.0,0.0,G00__mom_255_0__top10__weekly__long_only,delta_vs_same_scenario_G00,annualized_volatility,0.05924128839006787
G21,G21__mom_255_0__top10__weekly__long_only__rev5,long_only,rev5,5.0,0.0,G00__mom_255_0__top10__weekly__long_only,delta_vs_same_scenario_G00,annualized_l1_turnover,24.578419550143877
G21,G21__mom_255_0__top10__weekly__long_only__rev5,long_only,rev5,10.0,0.0,G00__mom_255_0__top10__weekly__long_only,delta_vs_same_scenario_G00,cagr,0.019902640901923035
G21,G21__mom_255_0__top10__weekly__long_only__rev5,long_only,rev5,10.0,0.0,G00__mom_255_0__top10__weekly__long_only,delta_vs_same_scenario_G00,sharpe_excess_rf,0.01043179786476256
G21,G21__mom_255_0__top10__weekly__long_only__rev5,long_only,rev5,10.0,0.0,G00__mom_255_0__top10__weekly__long_only,delta_vs_same_scenario_G00,max_drawdown,-0.24613532281493694
G21,G21__mom_255_0__top10__weekly__long_only__rev5,long_only,rev5,10.0,0.0,G00__mom_255_0__top10__weekly__long_only,delta_vs_same_scenario_G00,annualized_volatility,0.05915217008307261
G21,G21__mom_255_0__top10__weekly__long_only__rev5,long_only,rev5,10.0,0.0,G00__mom_255_0__top10__weekly__long_only,delta_vs_same_scenario_G00,annualized_l1_turnover,24.578419550143877
G21,G21__mom_255_0__top10__weekly__long_only__rev5,long_only,rev5,20.0,0.0,G00__mom_255_0__top10__weekly__long_only,delta_vs_same_scenario_G00,cagr,-0.009228535233828522
G21,G21__mom_255_0__top10__weekly__long_only__rev5,long_only,rev5,20.0,0.0,G00__mom_255_0__top10__weekly__long_only,delta_vs_same_scenario_G00,sharpe_excess_rf,-0.04365575226754742
G21,G21__mom_255_0__top10__weekly__long_only__rev5,long_only,rev5,20.0,0.0,G00__mom_255_0__top10__weekly__long_only,delta_vs_same_scenario_G00,max_drawdown,-0.2403984244914809
G21,G21__mom_255_0__top10__weekly__long_only__rev5,long_only,rev5,20.0,0.0,G00__mom_255_0__top10__weekly__long_only,delta_vs_same_scenario_G00,annualized_volatility,0.05906582637646307
G21,G21__mom_255_0__top10__weekly__long_only__rev5,long_only,rev5,20.0,0.0,G00__mom_255_0__top10__weekly__long_only,delta_vs_same_scenario_G00,annualized_l1_turnover,24.578419550143877
G21,G21__mom_255_0__top10__weekly__long_short__rev20,long_short,rev20,0.0,0.0,G00__mom_255_0__top10__weekly__long_short,delta_vs_same_scenario_G00,cagr,0.07112608241142841
G21,G21__mom_255_0__top10__weekly__long_short__rev20,long_short,rev20,0.0,0.0,G00__mom_255_0__top10__weekly__long_short,delta_vs_same_scenario_G00,sharpe_excess_rf,0.2890377602430837
G21,G21__mom_255_0__top10__weekly__long_short__rev20,long_short,rev20,0.0,0.0,G00__mom_255_0__top10__weekly__long_short,delta_vs_same_scenario_G00,max_drawdown,0.25997640274011136
G21,G21__mom_255_0__top10__weekly__long_short__rev20,long_short,rev20,0.0,0.0,G00__mom_255_0__top10__weekly__long_short,delta_vs_same_scenario_G00,annualized_volatility,-0.01949195110254398
G21,G21__mom_255_0__top10__weekly__long_short__rev20,long_short,rev20,0.0,0.0,G00__mom_255_0__top10__weekly__long_short,delta_vs_same_scenario_G00,annualized_l1_turnover,15.11481185567457
G21,G21__mom_255_0__top10__weekly__long_short__rev20,long_short,rev20,0.0,0.01,G00__mom_255_0__top10__weekly__long_short,delta_vs_same_scenario_G00,cagr,0.07079138065624214
G21,G21__mom_255_0__top10__weekly__long_short__rev20,long_short,rev20,0.0,0.01,G00__mom_255_0__top10__weekly__long_short,delta_vs_same_scenario_G00,sharpe_excess_rf,0.2872816010510127
G21,G21__mom_255_0__top10__weekly__long_short__rev20,long_short,rev20,0.0,0.01,G00__mom_255_0__top10__weekly__long_short,delta_vs_same_scenario_G00,max_drawdown,0.26295965276595323
G21,G21__mom_255_0__top10__weekly__long_short__rev20,long_short,rev20,0.0,0.01,G00__mom_255_0__top10__weekly__long_short,delta_vs_same_scenario_G00,annualized_volatility,-0.019496013711548354
G21,G21__mom_255_0__top10__weekly__long_short__rev20,long_short,rev20,0.0,0.01,G00__mom_255_0__top10__weekly__long_short,delta_vs_same_scenario_G00,annualized_l1_turnover,15.115349180912599
G21,G21__mom_255_0__top10__weekly__long_short__rev20,long_short,rev20,0.0,0.03,G00__mom_255_0__top10__weekly__long_short,delta_vs_same_scenario_G00,cagr,0.07013627658672732
G21,G21__mom_255_0__top10__weekly__long_short__rev20,long_short,rev20,0.0,0.03,G00__mom_255_0__top10__weekly__long_short,delta_vs_same_scenario_G00,sharpe_excess_rf,0.28381934961500777
G21,G21__mom_255_0__top10__weekly__long_short__rev20,long_short,rev20,0.0,0.03,G00__mom_255_0__top10__weekly__long_short,delta_vs_same_scenario_G00,max_drawdown,0.26874991095018497
G21,G21__mom_255_0__top10__weekly__long_short__rev20,long_short,rev20,0.0,0.03,G00__mom_255_0__top10__weekly__long_short,delta_vs_same_scenario_G00,annualized_volatility,-0.019504022604126564
G21,G21__mom_255_0__top10__weekly__long_short__rev20,long_short,rev20,0.0,0.03,G00__mom_255_0__top10__weekly__long_short,delta_vs_same_scenario_G00,annualized_l1_turnover,15.116407848432313
G21,G21__mom_255_0__top10__weekly__long_short__rev20,long_short,rev20,5.0,0.0,G00__mom_255_0__top10__weekly__long_short,delta_vs_same_scenario_G00,cagr,0.062373689132945574
G21,G21__mom_255_0__top10__weekly__long_short__rev20,long_short,rev20,5.0,0.0,G00__mom_255_0__top10__weekly__long_short,delta_vs_same_scenario_G00,sharpe_excess_rf,0.25125243964978133
G21,G21__mom_255_0__top10__weekly__long_short__rev20,long_short,rev20,5.0,0.0,G00__mom_255_0__top10__weekly__long_short,delta_vs_same_scenario_G00,max_drawdown,0.26573423788680595
G21,G21__mom_255_0__top10__weekly__long_short__rev20,long_short,rev20,5.0,0.0,G00__mom_255_0__top10__weekly__long_short,delta_vs_same_scenario_G00,annualized_volatility,-0.019450628075080217
G21,G21__mom_255_0__top10__weekly__long_short__rev20,long_short,rev20,5.0,0.0,G00__mom_255_0__top10__weekly__long_short,delta_vs_same_scenario_G00,annualized_l1_turnover,15.114811855674574
G21,G21__mom_255_0__top10__weekly__long_short__rev20,long_short,rev20,5.0,0.01,G00__mom_255_0__top10__weekly__long_short,delta_vs_same_scenario_G00,cagr,0.06208183152479716
G21,G21__mom_255_0__top10__weekly__long_short__rev20,long_short,rev20,5.0,0.01,G00__mom_255_0__top10__weekly__long_short,delta_vs_same_scenario_G00,sharpe_excess_rf,0.24950151749742067
G21,G21__mom_255_0__top10__weekly__long_short__rev20,long_short,rev20,5.0,0.01,G00__mom_255_0__top10__weekly__long_short,delta_vs_same_scenario_G00,max_drawdown,0.26864979737830064
G21,G21__mom_255_0__top10__weekly__long_short__rev20,long_short,rev20,5.0,0.01,G00__mom_255_0__top10__weekly__long_short,delta_vs_same_scenario_G00,annualized_volatility,-0.01945469046433601
G21,G21__mom_255_0__top10__weekly__long_short__rev20,long_short,rev20,5.0,0.01,G00__mom_255_0__top10__weekly__long_short,delta_vs_same_scenario_G00,annualized_l1_turnover,15.115349180912599
G21,G21__mom_255_0__top10__weekly__long_short__rev20,long_short,rev20,5.0,0.03,G00__mom_255_0__top10__weekly__long_short,delta_vs_same_scenario_G00,cagr,0.06151056144352808
G21,G21__mom_255_0__top10__weekly__long_short__rev20,long_short,rev20,5.0,0.03,G00__mom_255_0__top10__weekly__long_short,delta_vs_same_scenario_G00,sharpe_excess_rf,0.24604958653266124
G21,G21__mom_255_0__top10__weekly__long_short__rev20,long_short,rev20,5.0,0.03,G00__mom_255_0__top10__weekly__long_short,delta_vs_same_scenario_G00,max_drawdown,0.2743085122056863
G21,G21__mom_255_0__top10__weekly__long_short__rev20,long_short,rev20,5.0,0.03,G00__mom_255_0__top10__weekly__long_short,delta_vs_same_scenario_G00,annualized_volatility,-0.019462699161230113
G21,G21__mom_255_0__top10__weekly__long_short__rev20,long_short,rev20,5.0,0.03,G00__mom_255_0__top10__weekly__long_short,delta_vs_same_scenario_G00,annualized_l1_turnover,15.116407848432317
G21,G21__mom_255_0__top10__weekly__long_short__rev20,long_short,rev20,10.0,0.0,G00__mom_255_0__top10__weekly__long_short,delta_vs_same_scenario_G00,cagr,0.05384221484668849
G21,G21__mom_255_0__top10__weekly__long_short__rev20,long_short,rev20,10.0,0.0,G00__mom_255_0__top10__weekly__long_short,delta_vs_same_scenario_G00,sharpe_excess_rf,0.2134766890482303
G21,G21__mom_255_0__top10__weekly__long_short__rev20,long_short,rev20,10.0,0.0,G00__mom_255_0__top10__weekly__long_short,delta_vs_same_scenario_G00,max_drawdown,0.2662016385825292
G21,G21__mom_255_0__top10__weekly__long_short__rev20,long_short,rev20,10.0,0.0,G00__mom_255_0__top10__weekly__long_short,delta_vs_same_scenario_G00,annualized_volatility,-0.019380539669810765
G21,G21__mom_255_0__top10__weekly__long_short__rev20,long_short,rev20,10.0,0.0,G00__mom_255_0__top10__weekly__long_short,delta_vs_same_scenario_G00,annualized_l1_turnover,15.11481185567457
G21,G21__mom_255_0__top10__weekly__long_short__rev20,long_short,rev20,10.0,0.01,G00__mom_255_0__top10__weekly__long_short,delta_vs_same_scenario_G00,cagr,0.05359213043550373
G21,G21__mom_255_0__top10__weekly__long_short__rev20,long_short,rev20,10.0,0.01,G00__mom_255_0__top10__weekly__long_short,delta_vs_same_scenario_G00,sharpe_excess_rf,0.21173402016747483
G21,G21__mom_255_0__top10__weekly__long_short__rev20,long_short,rev20,10.0,0.01,G00__mom_255_0__top10__weekly__long_short,delta_vs_same_scenario_G00,max_drawdown,0.2630578416761671
G21,G21__mom_255_0__top10__weekly__long_short__rev20,long_short,rev20,10.0,0.01,G00__mom_255_0__top10__weekly__long_short,delta_vs_same_scenario_G00,annualized_volatility,-0.01938460188939542
G21,G21__mom_255_0__top10__weekly__long_short__rev20,long_short,rev20,10.0,0.01,G00__mom_255_0__top10__weekly__long_short,delta_vs_same_scenario_G00,annualized_l1_turnover,15.115349180912599
G21,G21__mom_255_0__top10__weekly__long_short__rev20,long_short,rev20,10.0,0.03,G00__mom_255_0__top10__weekly__long_short,delta_vs_same_scenario_G00,cagr,0.0531025987131781
G21,G21__mom_255_0__top10__weekly__long_short__rev20,long_short,rev20,10.0,0.03,G00__mom_255_0__top10__weekly__long_short,delta_vs_same_scenario_G00,sharpe_excess_rf,0.20829835249355347
G21,G21__mom_255_0__top10__weekly__long_short__rev20,long_short,rev20,10.0,0.03,G00__mom_255_0__top10__weekly__long_short,delta_vs_same_scenario_G00,max_drawdown,0.2569673986411837
G21,G21__mom_255_0__top10__weekly__long_short__rev20,long_short,rev20,10.0,0.03,G00__mom_255_0__top10__weekly__long_short,delta_vs_same_scenario_G00,annualized_volatility,-0.019392610487657058
G21,G21__mom_255_0__top10__weekly__long_short__rev20,long_short,rev20,10.0,0.03,G00__mom_255_0__top10__weekly__long_short,delta_vs_same_scenario_G00,annualized_l1_turnover,15.116407848432317
G21,G21__mom_255_0__top10__weekly__long_short__rev20,long_short,rev20,20.0,0.0,G00__mom_255_0__top10__weekly__long_short,delta_vs_same_scenario_G00,cagr,0.03742482463984993
G21,G21__mom_255_0__top10__weekly__long_short__rev20,long_short,rev20,20.0,0.0,G00__mom_255_0__top10__weekly__long_short,delta_vs_same_scenario_G00,sharpe_excess_rf,0.13809469554257997
G21,G21__mom_255_0__top10__weekly__long_short__rev20,long_short,rev20,20.0,0.0,G00__mom_255_0__top10__weekly__long_short,delta_vs_same_scenario_G00,max_drawdown,0.22983077015509745
G21,G21__mom_255_0__top10__weekly__long_short__rev20,long_short,rev20,20.0,0.0,G00__mom_255_0__top10__weekly__long_short,delta_vs_same_scenario_G00,annualized_volatility,-0.01915427699809702
G21,G21__mom_255_0__top10__weekly__long_short__rev20,long_short,rev20,20.0,0.0,G00__mom_255_0__top10__weekly__long_short,delta_vs_same_scenario_G00,annualized_l1_turnover,15.11481185567457
G21,G21__mom_255_0__top10__weekly__long_short__rev20,long_short,rev20,20.0,0.01,G00__mom_255_0__top10__weekly__long_short,delta_vs_same_scenario_G00,cagr,0.037255156192607476
G21,G21__mom_255_0__top10__weekly__long_short__rev20,long_short,rev20,20.0,0.01,G00__mom_255_0__top10__weekly__long_short,delta_vs_same_scenario_G00,sharpe_excess_rf,0.13637750900119933
G21,G21__mom_255_0__top10__weekly__long_short__rev20,long_short,rev20,20.0,0.01,G00__mom_255_0__top10__weekly__long_short,delta_vs_same_scenario_G00,max_drawdown,0.22605093358684325
G21,G21__mom_255_0__top10__weekly__long_short__rev20,long_short,rev20,20.0,0.01,G00__mom_255_0__top10__weekly__long_short,delta_vs_same_scenario_G00,annualized_volatility,-0.01915833903094813
G21,G21__mom_255_0__top10__weekly__long_short__rev20,long_short,rev20,20.0,0.01,G00__mom_255_0__top10__weekly__long_short,delta_vs_same_scenario_G00,annualized_l1_turnover,15.115349180912599
G21,G21__mom_255_0__top10__weekly__long_short__rev20,long_short,rev20,20.0,0.03,G00__mom_255_0__top10__weekly__long_short,delta_vs_same_scenario_G00,cagr,0.03692297558757975
G21,G21__mom_255_0__top10__weekly__long_short__rev20,long_short,rev20,20.0,0.03,G00__mom_255_0__top10__weekly__long_short,delta_vs_same_scenario_G00,sharpe_excess_rf,0.13299205277873768
G21,G21__mom_255_0__top10__weekly__long_short__rev20,long_short,rev20,20.0,0.03,G00__mom_255_0__top10__weekly__long_short,delta_vs_same_scenario_G00,max_drawdown,0.2234477927451497
G21,G21__mom_255_0__top10__weekly__long_short__rev20,long_short,rev20,20.0,0.03,G00__mom_255_0__top10__weekly__long_short,delta_vs_same_scenario_G00,annualized_volatility,-0.019166347726909838
G21,G21__mom_255_0__top10__weekly__long_short__rev20,long_short,rev20,20.0,0.03,G00__mom_255_0__top10__weekly__long_short,delta_vs_same_scenario_G00,annualized_l1_turnover,15.116407848432313
G21,G21__mom_255_0__top10__weekly__long_short__rev5,long_short,rev5,0.0,0.0,G00__mom_255_0__top10__weekly__long_short,delta_vs_same_scenario_G00,cagr,0.11036008338945051
G21,G21__mom_255_0__top10__weekly__long_short__rev5,long_short,rev5,0.0,0.0,G00__mom_255_0__top10__weekly__long_short,delta_vs_same_scenario_G00,sharpe_excess_rf,0.46105892655269415
G21,G21__mom_255_0__top10__weekly__long_short__rev5,long_short,rev5,0.0,0.0,G00__mom_255_0__top10__weekly__long_short,delta_vs_same_scenario_G00,max_drawdown,0.29352133243133194
G21,G21__mom_255_0__top10__weekly__long_short__rev5,long_short,rev5,0.0,0.0,G00__mom_255_0__top10__weekly__long_short,delta_vs_same_scenario_G00,annualized_volatility,-0.02810791218883768
G21,G21__mom_255_0__top10__weekly__long_short__rev5,long_short,rev5,0.0,0.0,G00__mom_255_0__top10__weekly__long_short,delta_vs_same_scenario_G00,annualized_l1_turnover,23.64426097766002
G21,G21__mom_255_0__top10__weekly__long_short__rev5,long_short,rev5,0.0,0.01,G00__mom_255_0__top10__weekly__long_short,delta_vs_same_scenario_G00,cagr,0.10983873865962158
G21,G21__mom_255_0__top10__weekly__long_short__rev5,long_short,rev5,0.0,0.01,G00__mom_255_0__top10__weekly__long_short,delta_vs_same_scenario_G00,sharpe_excess_rf,0.45841712853407823
G21,G21__mom_255_0__top10__weekly__long_short__rev5,long_short,rev5,0.0,0.01,G00__mom_255_0__top10__weekly__long_short,delta_vs_same_scenario_G00,max_drawdown,0.29111081592044963
G21,G21__mom_255_0__top10__weekly__long_short__rev5,long_short,rev5,0.0,0.01,G00__mom_255_0__top10__weekly__long_short,delta_vs_same_scenario_G00,annualized_volatility,-0.028112093026812474
G21,G21__mom_255_0__top10__weekly__long_short__rev5,long_short,rev5,0.0,0.01,G00__mom_255_0__top10__weekly__long_short,delta_vs_same_scenario_G00,annualized_l1_turnover,23.645223821979673
G21,G21__mom_255_0__top10__weekly__long_short__rev5,long_short,rev5,0.0,0.03,G00__mom_255_0__top10__weekly__long_short,delta_vs_same_scenario_G00,cagr,0.10881833407538614
G21,G21__mom_255_0__top10__weekly__long_short__rev5,long_short,rev5,0.0,0.03,G00__mom_255_0__top10__weekly__long_short,delta_vs_same_scenario_G00,sharpe_excess_rf,0.4532097493812011
G21,G21__mom_255_0__top10__weekly__long_short__rev5,long_short,rev5,0.0,0.03,G00__mom_255_0__top10__weekly__long_short,delta_vs_same_scenario_G00,max_drawdown,0.2864167009702684
G21,G21__mom_255_0__top10__weekly__long_short__rev5,long_short,rev5,0.0,0.03,G00__mom_255_0__top10__weekly__long_short,delta_vs_same_scenario_G00,annualized_volatility,-0.02812033388862606
G21,G21__mom_255_0__top10__weekly__long_short__rev5,long_short,rev5,0.0,0.03,G00__mom_255_0__top10__weekly__long_short,delta_vs_same_scenario_G00,annualized_l1_turnover,23.64712021710847
G21,G21__mom_255_0__top10__weekly__long_short__rev5,long_short,rev5,5.0,0.0,G00__mom_255_0__top10__weekly__long_short,delta_vs_same_scenario_G00,cagr,0.09624640900180999
G21,G21__mom_255_0__top10__weekly__long_short__rev5,long_short,rev5,5.0,0.0,G00__mom_255_0__top10__weekly__long_short,delta_vs_same_scenario_G00,sharpe_excess_rf,0.4001058484555061
G21,G21__mom_255_0__top10__weekly__long_short__rev5,long_short,rev5,5.0,0.0,G00__mom_255_0__top10__weekly__long_short,delta_vs_same_scenario_G00,max_drawdown,0.2730519377493901
G21,G21__mom_255_0__top10__weekly__long_short__rev5,long_short,rev5,5.0,0.0,G00__mom_255_0__top10__weekly__long_short,delta_vs_same_scenario_G00,annualized_volatility,-0.0282106852150128
G21,G21__mom_255_0__top10__weekly__long_short__rev5,long_short,rev5,5.0,0.0,G00__mom_255_0__top10__weekly__long_short,delta_vs_same_scenario_G00,annualized_l1_turnover,23.644260977660025
G21,G21__mom_255_0__top10__weekly__long_short__rev5,long_short,rev5,5.0,0.01,G00__mom_255_0__top10__weekly__long_short,delta_vs_same_scenario_G00,cagr,0.09579403019981289
G21,G21__mom_255_0__top10__weekly__long_short__rev5,long_short,rev5,5.0,0.01,G00__mom_255_0__top10__weekly__long_short,delta_vs_same_scenario_G00,sharpe_excess_rf,0.39745473003501136
G21,G21__mom_255_0__top10__weekly__long_short__rev5,long_short,rev5,5.0,0.01,G00__mom_255_0__top10__weekly__long_short,delta_vs_same_scenario_G00,max_drawdown,0.2708186430041286
G21,G21__mom_255_0__top10__weekly__long_short__rev5,long_short,rev5,5.0,0.01,G00__mom_255_0__top10__weekly__long_short,delta_vs_same_scenario_G00,annualized_volatility,-0.028214861685057574
G21,G21__mom_255_0__top10__weekly__long_short__rev5,long_short,rev5,5.0,0.01,G00__mom_255_0__top10__weekly__long_short,delta_vs_same_scenario_G00,annualized_l1_turnover,23.645223821979673
G21,G21__mom_255_0__top10__weekly__long_short__rev5,long_short,rev5,5.0,0.03,G00__mom_255_0__top10__weekly__long_short,delta_vs_same_scenario_G00,cagr,0.0949085751561305
G21,G21__mom_255_0__top10__weekly__long_short__rev5,long_short,rev5,5.0,0.03,G00__mom_255_0__top10__weekly__long_short,delta_vs_same_scenario_G00,sharpe_excess_rf,0.3922289947265039
G21,G21__mom_255_0__top10__weekly__long_short__rev5,long_short,rev5,5.0,0.03,G00__mom_255_0__top10__weekly__long_short,delta_vs_same_scenario_G00,max_drawdown,0.26646936634148444
G21,G21__mom_255_0__top10__weekly__long_short__rev5,long_short,rev5,5.0,0.03,G00__mom_255_0__top10__weekly__long_short,delta_vs_same_scenario_G00,annualized_volatility,-0.028223094230932028
G21,G21__mom_255_0__top10__weekly__long_short__rev5,long_short,rev5,5.0,0.03,G00__mom_255_0__top10__weekly__long_short,delta_vs_same_scenario_G00,annualized_l1_turnover,23.647120217108473
G21,G21__mom_255_0__top10__weekly__long_short__rev5,long_short,rev5,10.0,0.0,G00__mom_255_0__top10__weekly__long_short,delta_vs_same_scenario_G00,cagr,0.08254157116080807
G21,G21__mom_255_0__top10__weekly__long_short__rev5,long_short,rev5,10.0,0.0,G00__mom_255_0__top10__weekly__long_short,delta_vs_same_scenario_G00,sharpe_excess_rf,0.33897708521912384
G21,G21__mom_255_0__top10__weekly__long_short__rev5,long_short,rev5,10.0,0.0,G00__mom_255_0__top10__weekly__long_short,delta_vs_same_scenario_G00,max_drawdown,0.25362053413947905
G21,G21__mom_255_0__top10__weekly__long_short__rev5,long_short,rev5,10.0,0.0,G00__mom_255_0__top10__weekly__long_short,delta_vs_same_scenario_G00,annualized_volatility,-0.028255747528279557
G21,G21__mom_255_0__top10__weekly__long_short__rev5,long_short,rev5,10.0,0.0,G00__mom_255_0__top10__weekly__long_short,delta_vs_same_scenario_G00,annualized_l1_turnover,23.64426097766002
G21,G21__mom_255_0__top10__weekly__long_short__rev5,long_short,rev5,10.0,0.01,G00__mom_255_0__top10__weekly__long_short,delta_vs_same_scenario_G00,cagr,0.08215617965239921
G21,G21__mom_255_0__top10__weekly__long_short__rev5,long_short,rev5,10.0,0.01,G00__mom_255_0__top10__weekly__long_short,delta_vs_same_scenario_G00,sharpe_excess_rf,0.3363231510501824
G21,G21__mom_255_0__top10__weekly__long_short__rev5,long_short,rev5,10.0,0.01,G00__mom_255_0__top10__weekly__long_short,delta_vs_same_scenario_G00,max_drawdown,0.25155540202552773
G21,G21__mom_255_0__top10__weekly__long_short__rev5,long_short,rev5,10.0,0.01,G00__mom_255_0__top10__weekly__long_short,delta_vs_same_scenario_G00,annualized_volatility,-0.02825991969656838
G21,G21__mom_255_0__top10__weekly__long_short__rev5,long_short,rev5,10.0,0.01,G00__mom_255_0__top10__weekly__long_short,delta_vs_same_scenario_G00,annualized_l1_turnover,23.645223821979673
G21,G21__mom_255_0__top10__weekly__long_short__rev5,long_short,rev5,10.0,0.03,G00__mom_255_0__top10__weekly__long_short,delta_vs_same_scenario_G00,cagr,0.08140180227712032
G21,G21__mom_255_0__top10__weekly__long_short__rev5,long_short,rev5,10.0,0.03,G00__mom_255_0__top10__weekly__long_short,delta_vs_same_scenario_G00,sharpe_excess_rf,0.3310918754753873
G21,G21__mom_255_0__top10__weekly__long_short__rev5,long_short,rev5,10.0,0.03,G00__mom_255_0__top10__weekly__long_short,delta_vs_same_scenario_G00,max_drawdown,0.24753333851786352
G21,G21__mom_255_0__top10__weekly__long_short__rev5,long_short,rev5,10.0,0.03,G00__mom_255_0__top10__weekly__long_short,delta_vs_same_scenario_G00,annualized_volatility,-0.028268144058823996
G21,G21__mom_255_0__top10__weekly__long_short__rev5,long_short,rev5,10.0,0.03,G00__mom_255_0__top10__weekly__long_short,delta_vs_same_scenario_G00,annualized_l1_turnover,23.647120217108473
G21,G21__mom_255_0__top10__weekly__long_short__rev5,long_short,rev5,20.0,0.0,G00__mom_255_0__top10__weekly__long_short,delta_vs_same_scenario_G00,cagr,0.05632118672481863
G21,G21__mom_255_0__top10__weekly__long_short__rev5,long_short,rev5,20.0,0.0,G00__mom_255_0__top10__weekly__long_short,delta_vs_same_scenario_G00,sharpe_excess_rf,0.21655586712178107
G21,G21__mom_255_0__top10__weekly__long_short__rev5,long_short,rev5,20.0,0.0,G00__mom_255_0__top10__weekly__long_short,delta_vs_same_scenario_G00,max_drawdown,0.2176075526871767
G21,G21__mom_255_0__top10__weekly__long_short__rev5,long_short,rev5,20.0,0.0,G00__mom_255_0__top10__weekly__long_short,delta_vs_same_scenario_G00,annualized_volatility,-0.028172746464630916
G21,G21__mom_255_0__top10__weekly__long_short__rev5,long_short,rev5,20.0,0.0,G00__mom_255_0__top10__weekly__long_short,delta_vs_same_scenario_G00,annualized_l1_turnover,23.64426097766002
G21,G21__mom_255_0__top10__weekly__long_short__rev5,long_short,rev5,20.0,0.01,G00__mom_255_0__top10__weekly__long_short,delta_vs_same_scenario_G00,cagr,0.056064012014425825
G21,G21__mom_255_0__top10__weekly__long_short__rev5,long_short,rev5,20.0,0.01,G00__mom_255_0__top10__weekly__long_short,delta_vs_same_scenario_G00,sharpe_excess_rf,0.21391578765913408
G21,G21__mom_255_0__top10__weekly__long_short__rev5,long_short,rev5,20.0,0.01,G00__mom_255_0__top10__weekly__long_short,delta_vs_same_scenario_G00,max_drawdown,0.21566397705161366
G21,G21__mom_255_0__top10__weekly__long_short__rev5,long_short,rev5,20.0,0.01,G00__mom_255_0__top10__weekly__long_short,delta_vs_same_scenario_G00,annualized_volatility,-0.028176910268803174
G21,G21__mom_255_0__top10__weekly__long_short__rev5,long_short,rev5,20.0,0.01,G00__mom_255_0__top10__weekly__long_short,delta_vs_same_scenario_G00,annualized_l1_turnover,23.645223821979673
G21,G21__mom_255_0__top10__weekly__long_short__rev5,long_short,rev5,20.0,0.03,G00__mom_255_0__top10__weekly__long_short,delta_vs_same_scenario_G00,cagr,0.055560522918212916
G21,G21__mom_255_0__top10__weekly__long_short__rev5,long_short,rev5,20.0,0.03,G00__mom_255_0__top10__weekly__long_short,delta_vs_same_scenario_G00,sharpe_excess_rf,0.20871182450104678
G21,G21__mom_255_0__top10__weekly__long_short__rev5,long_short,rev5,20.0,0.03,G00__mom_255_0__top10__weekly__long_short,delta_vs_same_scenario_G00,max_drawdown,0.21527737681134962
G21,G21__mom_255_0__top10__weekly__long_short__rev5,long_short,rev5,20.0,0.03,G00__mom_255_0__top10__weekly__long_short,delta_vs_same_scenario_G00,annualized_volatility,-0.028185118739293524
G21,G21__mom_255_0__top10__weekly__long_short__rev5,long_short,rev5,20.0,0.03,G00__mom_255_0__top10__weekly__long_short,delta_vs_same_scenario_G00,annualized_l1_turnover,23.64712021710847
G21,G21__mom_255_0__top20__monthly__long_only__rev20,long_only,rev20,0.0,0.0,G00__mom_255_0__top20__monthly__long_only,delta_vs_same_scenario_G00,cagr,-0.017483723218216535
G21,G21__mom_255_0__top20__monthly__long_only__rev20,long_only,rev20,0.0,0.0,G00__mom_255_0__top20__monthly__long_only,delta_vs_same_scenario_G00,sharpe_excess_rf,-0.11848102649308667
G21,G21__mom_255_0__top20__monthly__long_only__rev20,long_only,rev20,0.0,0.0,G00__mom_255_0__top20__monthly__long_only,delta_vs_same_scenario_G00,max_drawdown,-0.2017606243279047
G21,G21__mom_255_0__top20__monthly__long_only__rev20,long_only,rev20,0.0,0.0,G00__mom_255_0__top20__monthly__long_only,delta_vs_same_scenario_G00,annualized_volatility,0.05560905498979507
G21,G21__mom_255_0__top20__monthly__long_only__rev20,long_only,rev20,0.0,0.0,G00__mom_255_0__top20__monthly__long_only,delta_vs_same_scenario_G00,annualized_l1_turnover,5.309812623720973
G21,G21__mom_255_0__top20__monthly__long_only__rev20,long_only,rev20,5.0,0.0,G00__mom_255_0__top20__monthly__long_only,delta_vs_same_scenario_G00,cagr,-0.020643340915759756
G21,G21__mom_255_0__top20__monthly__long_only__rev20,long_only,rev20,5.0,0.0,G00__mom_255_0__top20__monthly__long_only,delta_vs_same_scenario_G00,sharpe_excess_rf,-0.12394935474379531
G21,G21__mom_255_0__top20__monthly__long_only__rev20,long_only,rev20,5.0,0.0,G00__mom_255_0__top20__monthly__long_only,delta_vs_same_scenario_G00,max_drawdown,-0.19758156610974686
G21,G21__mom_255_0__top20__monthly__long_only__rev20,long_only,rev20,5.0,0.0,G00__mom_255_0__top20__monthly__long_only,delta_vs_same_scenario_G00,annualized_volatility,0.05557467317293718
G21,G21__mom_255_0__top20__monthly__long_only__rev20,long_only,rev20,5.0,0.0,G00__mom_255_0__top20__monthly__long_only,delta_vs_same_scenario_G00,annualized_l1_turnover,5.309812623720973
G21,G21__mom_255_0__top20__monthly__long_only__rev20,long_only,rev20,10.0,0.0,G00__mom_255_0__top20__monthly__long_only,delta_vs_same_scenario_G00,cagr,-0.023772902312909572
G21,G21__mom_255_0__top20__monthly__long_only__rev20,long_only,rev20,10.0,0.0,G00__mom_255_0__top20__monthly__long_only,delta_vs_same_scenario_G00,sharpe_excess_rf,-0.12943427472929092
G21,G21__mom_255_0__top20__monthly__long_only__rev20,long_only,rev20,10.0,0.0,G00__mom_255_0__top20__monthly__long_only,delta_vs_same_scenario_G00,max_drawdown,-0.19343415975500677
G21,G21__mom_255_0__top20__monthly__long_only__rev20,long_only,rev20,10.0,0.0,G00__mom_255_0__top20__monthly__long_only,delta_vs_same_scenario_G00,annualized_volatility,0.0555490148667821
G21,G21__mom_255_0__top20__monthly__long_only__rev20,long_only,rev20,10.0,0.0,G00__mom_255_0__top20__monthly__long_only,delta_vs_same_scenario_G00,annualized_l1_turnover,5.309812623720973
G21,G21__mom_255_0__top20__monthly__long_only__rev20,long_only,rev20,20.0,0.0,G00__mom_255_0__top20__monthly__long_only,delta_vs_same_scenario_G00,cagr,-0.029942626749674683
G21,G21__mom_255_0__top20__monthly__long_only__rev20,long_only,rev20,20.0,0.0,G00__mom_255_0__top20__monthly__long_only,delta_vs_same_scenario_G00,sharpe_excess_rf,-0.14044757373796446
G21,G21__mom_255_0__top20__monthly__long_only__rev20,long_only,rev20,20.0,0.0,G00__mom_255_0__top20__monthly__long_only,delta_vs_same_scenario_G00,max_drawdown,-0.18450058753299226
G21,G21__mom_255_0__top20__monthly__long_only__rev20,long_only,rev20,20.0,0.0,G00__mom_255_0__top20__monthly__long_only,delta_vs_same_scenario_G00,annualized_volatility,0.05552388494237337
G21,G21__mom_255_0__top20__monthly__long_only__rev20,long_only,rev20,20.0,0.0,G00__mom_255_0__top20__monthly__long_only,delta_vs_same_scenario_G00,annualized_l1_turnover,5.309812623720973
G21,G21__mom_255_0__top20__monthly__long_only__rev5,long_only,rev5,0.0,0.0,G00__mom_255_0__top20__monthly__long_only,delta_vs_same_scenario_G00,cagr,-0.025559831972494756
G21,G21__mom_255_0__top20__monthly__long_only__rev5,long_only,rev5,0.0,0.0,G00__mom_255_0__top20__monthly__long_only,delta_vs_same_scenario_G00,sharpe_excess_rf,-0.13338911818774002
G21,G21__mom_255_0__top20__monthly__long_only__rev5,long_only,rev5,0.0,0.0,G00__mom_255_0__top20__monthly__long_only,delta_vs_same_scenario_G00,max_drawdown,-0.24794318751648686
G21,G21__mom_255_0__top20__monthly__long_only__rev5,long_only,rev5,0.0,0.0,G00__mom_255_0__top20__monthly__long_only,delta_vs_same_scenario_G00,annualized_volatility,0.05139915766282638
G21,G21__mom_255_0__top20__monthly__long_only__rev5,long_only,rev5,0.0,0.0,G00__mom_255_0__top20__monthly__long_only,delta_vs_same_scenario_G00,annualized_l1_turnover,5.199855998660606
G21,G21__mom_255_0__top20__monthly__long_only__rev5,long_only,rev5,5.0,0.0,G00__mom_255_0__top20__monthly__long_only,delta_vs_same_scenario_G00,cagr,-0.028599507292604576
G21,G21__mom_255_0__top20__monthly__long_only__rev5,long_only,rev5,5.0,0.0,G00__mom_255_0__top20__monthly__long_only,delta_vs_same_scenario_G00,sharpe_excess_rf,-0.1389883434348309
G21,G21__mom_255_0__top20__monthly__long_only__rev5,long_only,rev5,5.0,0.0,G00__mom_255_0__top20__monthly__long_only,delta_vs_same_scenario_G00,max_drawdown,-0.2437179467351408
G21,G21__mom_255_0__top20__monthly__long_only__rev5,long_only,rev5,5.0,0.0,G00__mom_255_0__top20__monthly__long_only,delta_vs_same_scenario_G00,annualized_volatility,0.05142109494457814
G21,G21__mom_255_0__top20__monthly__long_only__rev5,long_only,rev5,5.0,0.0,G00__mom_255_0__top20__monthly__long_only,delta_vs_same_scenario_G00,annualized_l1_turnover,5.199855998660606
G21,G21__mom_255_0__top20__monthly__long_only__rev5,long_only,rev5,10.0,0.0,G00__mom_255_0__top20__monthly__long_only,delta_vs_same_scenario_G00,cagr,-0.031610253730971205
G21,G21__mom_255_0__top20__monthly__long_only__rev5,long_only,rev5,10.0,0.0,G00__mom_255_0__top20__monthly__long_only,delta_vs_same_scenario_G00,sharpe_excess_rf,-0.14459734816652814
G21,G21__mom_255_0__top20__monthly__long_only__rev5,long_only,rev5,10.0,0.0,G00__mom_255_0__top20__monthly__long_only,delta_vs_same_scenario_G00,max_drawdown,-0.23952435781721193
G21,G21__mom_255_0__top20__monthly__long_only__rev5,long_only,rev5,10.0,0.0,G00__mom_255_0__top20__monthly__long_only,delta_vs_same_scenario_G00,annualized_volatility,0.05145165636094895
G21,G21__mom_255_0__top20__monthly__long_only__rev5,long_only,rev5,10.0,0.0,G00__mom_255_0__top20__monthly__long_only,delta_vs_same_scenario_G00,annualized_l1_turnover,5.199855998660606
G21,G21__mom_255_0__top20__monthly__long_only__rev5,long_only,rev5,20.0,0.0,G00__mom_255_0__top20__monthly__long_only,delta_vs_same_scenario_G00,cagr,-0.03754569789743151
G21,G21__mom_255_0__top20__monthly__long_only__rev5,long_only,rev5,20.0,0.0,G00__mom_255_0__top20__monthly__long_only,delta_vs_same_scenario_G00,sharpe_excess_rf,-0.1558381769789553
G21,G21__mom_255_0__top20__monthly__long_only__rev5,long_only,rev5,20.0,0.0,G00__mom_255_0__top20__monthly__long_only,delta_vs_same_scenario_G00,max_drawdown,-0.23049842046882052
G21,G21__mom_255_0__top20__monthly__long_only__rev5,long_only,rev5,20.0,0.0,G00__mom_255_0__top20__monthly__long_only,delta_vs_same_scenario_G00,annualized_volatility,0.05153864116576995
G21,G21__mom_255_0__top20__monthly__long_only__rev5,long_only,rev5,20.0,0.0,G00__mom_255_0__top20__monthly__long_only,delta_vs_same_scenario_G00,annualized_l1_turnover,5.199855998660606
G21,G21__mom_255_0__top20__monthly__long_short__rev20,long_short,rev20,0.0,0.0,G00__mom_255_0__top20__monthly__long_short,delta_vs_same_scenario_G00,cagr,0.020502543391884898
G21,G21__mom_255_0__top20__monthly__long_short__rev20,long_short,rev20,0.0,0.0,G00__mom_255_0__top20__monthly__long_short,delta_vs_same_scenario_G00,sharpe_excess_rf,0.11694762702519412
G21,G21__mom_255_0__top20__monthly__long_short__rev20,long_short,rev20,0.0,0.0,G00__mom_255_0__top20__monthly__long_short,delta_vs_same_scenario_G00,max_drawdown,0.004564193394271221
G21,G21__mom_255_0__top20__monthly__long_short__rev20,long_short,rev20,0.0,0.0,G00__mom_255_0__top20__monthly__long_short,delta_vs_same_scenario_G00,annualized_volatility,-0.02397127377176686
G21,G21__mom_255_0__top20__monthly__long_short__rev20,long_short,rev20,0.0,0.0,G00__mom_255_0__top20__monthly__long_short,delta_vs_same_scenario_G00,annualized_l1_turnover,4.7996921691965895
G21,G21__mom_255_0__top20__monthly__long_short__rev20,long_short,rev20,0.0,0.01,G00__mom_255_0__top20__monthly__long_short,delta_vs_same_scenario_G00,cagr,0.02042701088881478
G21,G21__mom_255_0__top20__monthly__long_short__rev20,long_short,rev20,0.0,0.01,G00__mom_255_0__top20__monthly__long_short,delta_vs_same_scenario_G00,sharpe_excess_rf,0.11387556977828084
G21,G21__mom_255_0__top20__monthly__long_short__rev20,long_short,rev20,0.0,0.01,G00__mom_255_0__top20__monthly__long_short,delta_vs_same_scenario_G00,max_drawdown,0.0051338636844383
G21,G21__mom_255_0__top20__monthly__long_short__rev20,long_short,rev20,0.0,0.01,G00__mom_255_0__top20__monthly__long_short,delta_vs_same_scenario_G00,annualized_volatility,-0.023981210571868083
G21,G21__mom_255_0__top20__monthly__long_short__rev20,long_short,rev20,0.0,0.01,G00__mom_255_0__top20__monthly__long_short,delta_vs_same_scenario_G00,annualized_l1_turnover,4.80060808512609
G21,G21__mom_255_0__top20__monthly__long_short__rev20,long_short,rev20,0.0,0.03,G00__mom_255_0__top20__monthly__long_short,delta_vs_same_scenario_G00,cagr,0.020278748101971576
G21,G21__mom_255_0__top20__monthly__long_short__rev20,long_short,rev20,0.0,0.03,G00__mom_255_0__top20__monthly__long_short,delta_vs_same_scenario_G00,sharpe_excess_rf,0.10781789051415328
G21,G21__mom_255_0__top20__monthly__long_short__rev20,long_short,rev20,0.0,0.03,G00__mom_255_0__top20__monthly__long_short,delta_vs_same_scenario_G00,max_drawdown,0.006225813856120199
G21,G21__mom_255_0__top20__monthly__long_short__rev20,long_short,rev20,0.0,0.03,G00__mom_255_0__top20__monthly__long_short,delta_vs_same_scenario_G00,annualized_volatility,-0.024000829424302594
G21,G21__mom_255_0__top20__monthly__long_short__rev20,long_short,rev20,0.0,0.03,G00__mom_255_0__top20__monthly__long_short,delta_vs_same_scenario_G00,annualized_l1_turnover,4.802409197022069
G21,G21__mom_255_0__top20__monthly__long_short__rev20,long_short,rev20,5.0,0.0,G00__mom_255_0__top20__monthly__long_short,delta_vs_same_scenario_G00,cagr,0.017810767739394662
G21,G21__mom_255_0__top20__monthly__long_short__rev20,long_short,rev20,5.0,0.0,G00__mom_255_0__top20__monthly__long_short,delta_vs_same_scenario_G00,sharpe_excess_rf,0.10118759053917764
G21,G21__mom_255_0__top20__monthly__long_short__rev20,long_short,rev20,5.0,0.0,G00__mom_255_0__top20__monthly__long_short,delta_vs_same_scenario_G00,max_drawdown,0.003471438988771891
G21,G21__mom_255_0__top20__monthly__long_short__rev20,long_short,rev20,5.0,0.0,G00__mom_255_0__top20__monthly__long_short,delta_vs_same_scenario_G00,annualized_volatility,-0.02400607475549771
G21,G21__mom_255_0__top20__monthly__long_short__rev20,long_short,rev20,5.0,0.0,G00__mom_255_0__top20__monthly__long_short,delta_vs_same_scenario_G00,annualized_l1_turnover,4.7996921691965895
G21,G21__mom_255_0__top20__monthly__long_short__rev20,long_short,rev20,5.0,0.01,G00__mom_255_0__top20__monthly__long_short,delta_vs_same_scenario_G00,cagr,0.017747989990458554
G21,G21__mom_255_0__top20__monthly__long_short__rev20,long_short,rev20,5.0,0.01,G00__mom_255_0__top20__monthly__long_short,delta_vs_same_scenario_G00,sharpe_excess_rf,0.09810943758950946
G21,G21__mom_255_0__top20__monthly__long_short__rev20,long_short,rev20,5.0,0.01,G00__mom_255_0__top20__monthly__long_short,delta_vs_same_scenario_G00,max_drawdown,0.0040459332887353705
G21,G21__mom_255_0__top20__monthly__long_short__rev20,long_short,rev20,5.0,0.01,G00__mom_255_0__top20__monthly__long_short,delta_vs_same_scenario_G00,annualized_volatility,-0.024015997039672998
G21,G21__mom_255_0__top20__monthly__long_short__rev20,long_short,rev20,5.0,0.01,G00__mom_255_0__top20__monthly__long_short,delta_vs_same_scenario_G00,annualized_l1_turnover,4.8006080851260915
G21,G21__mom_255_0__top20__monthly__long_short__rev20,long_short,rev20,5.0,0.03,G00__mom_255_0__top20__monthly__long_short,delta_vs_same_scenario_G00,cagr,0.017624705439622433
G21,G21__mom_255_0__top20__monthly__long_short__rev20,long_short,rev20,5.0,0.03,G00__mom_255_0__top20__monthly__long_short,delta_vs_same_scenario_G00,sharpe_excess_rf,0.09203976746686027
G21,G21__mom_255_0__top20__monthly__long_short__rev20,long_short,rev20,5.0,0.03,G00__mom_255_0__top20__monthly__long_short,delta_vs_same_scenario_G00,max_drawdown,0.0051474014177665395
G21,G21__mom_255_0__top20__monthly__long_short__rev20,long_short,rev20,5.0,0.03,G00__mom_255_0__top20__monthly__long_short,delta_vs_same_scenario_G00,annualized_volatility,-0.024035587625316657
G21,G21__mom_255_0__top20__monthly__long_short__rev20,long_short,rev20,5.0,0.03,G00__mom_255_0__top20__monthly__long_short,delta_vs_same_scenario_G00,annualized_l1_turnover,4.802409197022069
G21,G21__mom_255_0__top20__monthly__long_short__rev20,long_short,rev20,10.0,0.0,G00__mom_255_0__top20__monthly__long_short,delta_vs_same_scenario_G00,cagr,0.015144082260327554
G21,G21__mom_255_0__top20__monthly__long_short__rev20,long_short,rev20,10.0,0.0,G00__mom_255_0__top20__monthly__long_short,delta_vs_same_scenario_G00,sharpe_excess_rf,0.08537190899491731
G21,G21__mom_255_0__top20__monthly__long_short__rev20,long_short,rev20,10.0,0.0,G00__mom_255_0__top20__monthly__long_short,delta_vs_same_scenario_G00,max_drawdown,0.0023953350037891896
G21,G21__mom_255_0__top20__monthly__long_short__rev20,long_short,rev20,10.0,0.0,G00__mom_255_0__top20__monthly__long_short,delta_vs_same_scenario_G00,annualized_volatility,-0.024023447459114944
G21,G21__mom_255_0__top20__monthly__long_short__rev20,long_short,rev20,10.0,0.0,G00__mom_255_0__top20__monthly__long_short,delta_vs_same_scenario_G00,annualized_l1_turnover,4.7996921691965895
G21,G21__mom_255_0__top20__monthly__long_short__rev20,long_short,rev20,10.0,0.01,G00__mom_255_0__top20__monthly__long_short,delta_vs_same_scenario_G00,cagr,0.01509394617534502
G21,G21__mom_255_0__top20__monthly__long_short__rev20,long_short,rev20,10.0,0.01,G00__mom_255_0__top20__monthly__long_short,delta_vs_same_scenario_G00,sharpe_excess_rf,0.08229050411242919
G21,G21__mom_255_0__top20__monthly__long_short__rev20,long_short,rev20,10.0,0.01,G00__mom_255_0__top20__monthly__long_short,delta_vs_same_scenario_G00,max_drawdown,0.0029745486172249036
G21,G21__mom_255_0__top20__monthly__long_short__rev20,long_short,rev20,10.0,0.01,G00__mom_255_0__top20__monthly__long_short,delta_vs_same_scenario_G00,annualized_volatility,-0.0240333522903301
G21,G21__mom_255_0__top20__monthly__long_short__rev20,long_short,rev20,10.0,0.01,G00__mom_255_0__top20__monthly__long_short,delta_vs_same_scenario_G00,annualized_l1_turnover,4.8006080851260915
G21,G21__mom_255_0__top20__monthly__long_short__rev20,long_short,rev20,10.0,0.03,G00__mom_255_0__top20__monthly__long_short,delta_vs_same_scenario_G00,cagr,0.014995418382237426
G21,G21__mom_255_0__top20__monthly__long_short__rev20,long_short,rev20,10.0,0.03,G00__mom_255_0__top20__monthly__long_short,delta_vs_same_scenario_G00,sharpe_excess_rf,0.07621444686050044
G21,G21__mom_255_0__top20__monthly__long_short__rev20,long_short,rev20,10.0,0.03,G00__mom_255_0__top20__monthly__long_short,delta_vs_same_scenario_G00,max_drawdown,0.004085329913303182
G21,G21__mom_255_0__top20__monthly__long_short__rev20,long_short,rev20,10.0,0.03,G00__mom_255_0__top20__monthly__long_short,delta_vs_same_scenario_G00,annualized_volatility,-0.02405290881625119
G21,G21__mom_255_0__top20__monthly__long_short__rev20,long_short,rev20,10.0,0.03,G00__mom_255_0__top20__monthly__long_short,delta_vs_same_scenario_G00,annualized_l1_turnover,4.802409197022069
G21,G21__mom_255_0__top20__monthly__long_short__rev20,long_short,rev20,20.0,0.0,G00__mom_255_0__top20__monthly__long_short,delta_vs_same_scenario_G00,cagr,0.009885338389561925
G21,G21__mom_255_0__top20__monthly__long_short__rev20,long_short,rev20,20.0,0.0,G00__mom_255_0__top20__monthly__long_short,delta_vs_same_scenario_G00,sharpe_excess_rf,0.053623451064377436
G21,G21__mom_255_0__top20__monthly__long_short__rev20,long_short,rev20,20.0,0.0,G00__mom_255_0__top20__monthly__long_short,delta_vs_same_scenario_G00,max_drawdown,-0.0024034500967753947
G21,G21__mom_255_0__top20__monthly__long_short__rev20,long_short,rev20,20.0,0.0,G00__mom_255_0__top20__monthly__long_short,delta_vs_same_scenario_G00,annualized_volatility,-0.024005871201146584
G21,G21__mom_255_0__top20__monthly__long_short__rev20,long_short,rev20,20.0,0.0,G00__mom_255_0__top20__monthly__long_short,delta_vs_same_scenario_G00,annualized_l1_turnover,4.7996921691965895
G21,G21__mom_255_0__top20__monthly__long_short__rev20,long_short,rev20,20.0,0.01,G00__mom_255_0__top20__monthly__long_short,delta_vs_same_scenario_G00,cagr,0.009860149102106516
G21,G21__mom_255_0__top20__monthly__long_short__rev20,long_short,rev20,20.0,0.01,G00__mom_255_0__top20__monthly__long_short,delta_vs_same_scenario_G00,sharpe_excess_rf,0.05054409088669065
G21,G21__mom_255_0__top20__monthly__long_short__rev20,long_short,rev20,20.0,0.01,G00__mom_255_0__top20__monthly__long_short,delta_vs_same_scenario_G00,max_drawdown,-0.004442717981926025
G21,G21__mom_255_0__top20__monthly__long_short__rev20,long_short,rev20,20.0,0.01,G00__mom_255_0__top20__monthly__long_short,delta_vs_same_scenario_G00,annualized_volatility,-0.024015732336003737
G21,G21__mom_255_0__top20__monthly__long_short__rev20,long_short,rev20,20.0,0.01,G00__mom_255_0__top20__monthly__long_short,delta_vs_same_scenario_G00,annualized_l1_turnover,4.8006080851260915
G21,G21__mom_255_0__top20__monthly__long_short__rev20,long_short,rev20,20.0,0.03,G00__mom_255_0__top20__monthly__long_short,delta_vs_same_scenario_G00,cagr,0.009810475756177474
G21,G21__mom_255_0__top20__monthly__long_short__rev20,long_short,rev20,20.0,0.03,G00__mom_255_0__top20__monthly__long_short,delta_vs_same_scenario_G00,sharpe_excess_rf,0.04447210464026011
G21,G21__mom_255_0__top20__monthly__long_short__rev20,long_short,rev20,20.0,0.03,G00__mom_255_0__top20__monthly__long_short,delta_vs_same_scenario_G00,max_drawdown,-0.008323695846196966
G21,G21__mom_255_0__top20__monthly__long_short__rev20,long_short,rev20,20.0,0.03,G00__mom_255_0__top20__monthly__long_short,delta_vs_same_scenario_G00,annualized_volatility,-0.024035203403396627
G21,G21__mom_255_0__top20__monthly__long_short__rev20,long_short,rev20,20.0,0.03,G00__mom_255_0__top20__monthly__long_short,delta_vs_same_scenario_G00,annualized_l1_turnover,4.802409197022069
G21,G21__mom_255_0__top20__monthly__long_short__rev5,long_short,rev5,0.0,0.0,G00__mom_255_0__top20__monthly__long_short,delta_vs_same_scenario_G00,cagr,-0.00015155251713422357
G21,G21__mom_255_0__top20__monthly__long_short__rev5,long_short,rev5,0.0,0.0,G00__mom_255_0__top20__monthly__long_short,delta_vs_same_scenario_G00,sharpe_excess_rf,0.01720520918505225
G21,G21__mom_255_0__top20__monthly__long_short__rev5,long_short,rev5,0.0,0.0,G00__mom_255_0__top20__monthly__long_short,delta_vs_same_scenario_G00,max_drawdown,0.01897002768135042
G21,G21__mom_255_0__top20__monthly__long_short__rev5,long_short,rev5,0.0,0.0,G00__mom_255_0__top20__monthly__long_short,delta_vs_same_scenario_G00,annualized_volatility,-0.030170128703251697
G21,G21__mom_255_0__top20__monthly__long_short__rev5,long_short,rev5,0.0,0.0,G00__mom_255_0__top20__monthly__long_short,delta_vs_same_scenario_G00,annualized_l1_turnover,4.716344835227607
G21,G21__mom_255_0__top20__monthly__long_short__rev5,long_short,rev5,0.0,0.01,G00__mom_255_0__top20__monthly__long_short,delta_vs_same_scenario_G00,cagr,-0.00014322215051391918
G21,G21__mom_255_0__top20__monthly__long_short__rev5,long_short,rev5,0.0,0.01,G00__mom_255_0__top20__monthly__long_short,delta_vs_same_scenario_G00,sharpe_excess_rf,0.013095169325761491
G21,G21__mom_255_0__top20__monthly__long_short__rev5,long_short,rev5,0.0,0.01,G00__mom_255_0__top20__monthly__long_short,delta_vs_same_scenario_G00,max_drawdown,0.018280766100816026
G21,G21__mom_255_0__top20__monthly__long_short__rev5,long_short,rev5,0.0,0.01,G00__mom_255_0__top20__monthly__long_short,delta_vs_same_scenario_G00,annualized_volatility,-0.030181276587966488
G21,G21__mom_255_0__top20__monthly__long_short__rev5,long_short,rev5,0.0,0.01,G00__mom_255_0__top20__monthly__long_short,delta_vs_same_scenario_G00,annualized_l1_turnover,4.717263528387933
G21,G21__mom_255_0__top20__monthly__long_short__rev5,long_short,rev5,0.0,0.03,G00__mom_255_0__top20__monthly__long_short,delta_vs_same_scenario_G00,cagr,-0.0001270693858507546
G21,G21__mom_255_0__top20__monthly__long_short__rev5,long_short,rev5,0.0,0.03,G00__mom_255_0__top20__monthly__long_short,delta_vs_same_scenario_G00,sharpe_excess_rf,0.004991940243461529
G21,G21__mom_255_0__top20__monthly__long_short__rev5,long_short,rev5,0.0,0.03,G00__mom_255_0__top20__monthly__long_short,delta_vs_same_scenario_G00,max_drawdown,0.016957008469361212
G21,G21__mom_255_0__top20__monthly__long_short__rev5,long_short,rev5,0.0,0.03,G00__mom_255_0__top20__monthly__long_short,delta_vs_same_scenario_G00,annualized_volatility,-0.03020328586533036
G21,G21__mom_255_0__top20__monthly__long_short__rev5,long_short,rev5,0.0,0.03,G00__mom_255_0__top20__monthly__long_short,delta_vs_same_scenario_G00,annualized_l1_turnover,4.719078179319327
G21,G21__mom_255_0__top20__monthly__long_short__rev5,long_short,rev5,5.0,0.0,G00__mom_255_0__top20__monthly__long_short,delta_vs_same_scenario_G00,cagr,-0.0026629903118448595
G21,G21__mom_255_0__top20__monthly__long_short__rev5,long_short,rev5,5.0,0.0,G00__mom_255_0__top20__monthly__long_short,delta_vs_same_scenario_G00,sharpe_excess_rf,0.00034910413296995735
G21,G21__mom_255_0__top20__monthly__long_short__rev5,long_short,rev5,5.0,0.0,G00__mom_255_0__top20__monthly__long_short,delta_vs_same_scenario_G00,max_drawdown,0.01493160930124604
G21,G21__mom_255_0__top20__monthly__long_short__rev5,long_short,rev5,5.0,0.0,G00__mom_255_0__top20__monthly__long_short,delta_vs_same_scenario_G00,annualized_volatility,-0.03014870797998609
G21,G21__mom_255_0__top20__monthly__long_short__rev5,long_short,rev5,5.0,0.0,G00__mom_255_0__top20__monthly__long_short,delta_vs_same_scenario_G00,annualized_l1_turnover,4.716344835227607
G21,G21__mom_255_0__top20__monthly__long_short__rev5,long_short,rev5,5.0,0.01,G00__mom_255_0__top20__monthly__long_short,delta_vs_same_scenario_G00,cagr,-0.002642647527416067
G21,G21__mom_255_0__top20__monthly__long_short__rev5,long_short,rev5,5.0,0.01,G00__mom_255_0__top20__monthly__long_short,delta_vs_same_scenario_G00,sharpe_excess_rf,-0.003758679797833897
G21,G21__mom_255_0__top20__monthly__long_short__rev5,long_short,rev5,5.0,0.01,G00__mom_255_0__top20__monthly__long_short,delta_vs_same_scenario_G00,max_drawdown,0.01428837304299635
G21,G21__mom_255_0__top20__monthly__long_short__rev5,long_short,rev5,5.0,0.01,G00__mom_255_0__top20__monthly__long_short,delta_vs_same_scenario_G00,annualized_volatility,-0.03015983633472838
G21,G21__mom_255_0__top20__monthly__long_short__rev5,long_short,rev5,5.0,0.01,G00__mom_255_0__top20__monthly__long_short,delta_vs_same_scenario_G00,annualized_l1_turnover,4.717263528387935
G21,G21__mom_255_0__top20__monthly__long_short__rev5,long_short,rev5,5.0,0.03,G00__mom_255_0__top20__monthly__long_short,delta_vs_same_scenario_G00,cagr,-0.0026029755262972146
G21,G21__mom_255_0__top20__monthly__long_short__rev5,long_short,rev5,5.0,0.03,G00__mom_255_0__top20__monthly__long_short,delta_vs_same_scenario_G00,sharpe_excess_rf,-0.011857472332701957
G21,G21__mom_255_0__top20__monthly__long_short__rev5,long_short,rev5,5.0,0.03,G00__mom_255_0__top20__monthly__long_short,delta_vs_same_scenario_G00,max_drawdown,0.010151401642749802
G21,G21__mom_255_0__top20__monthly__long_short__rev5,long_short,rev5,5.0,0.03,G00__mom_255_0__top20__monthly__long_short,delta_vs_same_scenario_G00,annualized_volatility,-0.030181807271307592
G21,G21__mom_255_0__top20__monthly__long_short__rev5,long_short,rev5,5.0,0.03,G00__mom_255_0__top20__monthly__long_short,delta_vs_same_scenario_G00,annualized_l1_turnover,4.719078179319327
G21,G21__mom_255_0__top20__monthly__long_short__rev5,long_short,rev5,10.0,0.0,G00__mom_255_0__top20__monthly__long_short,delta_vs_same_scenario_G00,cagr,-0.00515065393307694
G21,G21__mom_255_0__top20__monthly__long_short__rev5,long_short,rev5,10.0,0.0,G00__mom_255_0__top20__monthly__long_short,delta_vs_same_scenario_G00,sharpe_excess_rf,-0.01652841501266289
G21,G21__mom_255_0__top20__monthly__long_short__rev5,long_short,rev5,10.0,0.0,G00__mom_255_0__top20__monthly__long_short,delta_vs_same_scenario_G00,max_drawdown,0.010547706610289587
G21,G21__mom_255_0__top20__monthly__long_short__rev5,long_short,rev5,10.0,0.0,G00__mom_255_0__top20__monthly__long_short,delta_vs_same_scenario_G00,annualized_volatility,-0.030109464344065473
G21,G21__mom_255_0__top20__monthly__long_short__rev5,long_short,rev5,10.0,0.0,G00__mom_255_0__top20__monthly__long_short,delta_vs_same_scenario_G00,annualized_l1_turnover,4.716344835227607
G21,G21__mom_255_0__top20__monthly__long_short__rev5,long_short,rev5,10.0,0.01,G00__mom_255_0__top20__monthly__long_short,delta_vs_same_scenario_G00,cagr,-0.005118406507031291
G21,G21__mom_255_0__top20__monthly__long_short__rev5,long_short,rev5,10.0,0.01,G00__mom_255_0__top20__monthly__long_short,delta_vs_same_scenario_G00,sharpe_excess_rf,-0.020630762915891027
G21,G21__mom_255_0__top20__monthly__long_short__rev5,long_short,rev5,10.0,0.01,G00__mom_255_0__top20__monthly__long_short,delta_vs_same_scenario_G00,max_drawdown,0.0074831328140099185
G21,G21__mom_255_0__top20__monthly__long_short__rev5,long_short,rev5,10.0,0.01,G00__mom_255_0__top20__monthly__long_short,delta_vs_same_scenario_G00,annualized_volatility,-0.030120570020533866
G21,G21__mom_255_0__top20__monthly__long_short__rev5,long_short,rev5,10.0,0.01,G00__mom_255_0__top20__monthly__long_short,delta_vs_same_scenario_G00,annualized_l1_turnover,4.717263528387935
G21,G21__mom_255_0__top20__monthly__long_short__rev5,long_short,rev5,10.0,0.03,G00__mom_255_0__top20__monthly__long_short,delta_vs_same_scenario_G00,cagr,-0.005055426287932728
G21,G21__mom_255_0__top20__monthly__long_short__rev5,long_short,rev5,10.0,0.03,G00__mom_255_0__top20__monthly__long_short,delta_vs_same_scenario_G00,sharpe_excess_rf,-0.02871885218898368
G21,G21__mom_255_0__top20__monthly__long_short__rev5,long_short,rev5,10.0,0.03,G00__mom_255_0__top20__monthly__long_short,delta_vs_same_scenario_G00,max_drawdown,0.0016578590727362452
G21,G21__mom_255_0__top20__monthly__long_short__rev5,long_short,rev5,10.0,0.03,G00__mom_255_0__top20__monthly__long_short,delta_vs_same_scenario_G00,annualized_volatility,-0.030142496364309268
G21,G21__mom_255_0__top20__monthly__long_short__rev5,long_short,rev5,10.0,0.03,G00__mom_255_0__top20__monthly__long_short,delta_vs_same_scenario_G00,annualized_l1_turnover,4.719078179319327
G21,G21__mom_255_0__top20__monthly__long_short__rev5,long_short,rev5,20.0,0.0,G00__mom_255_0__top20__monthly__long_short,delta_vs_same_scenario_G00,cagr,-0.010055269581368854
G21,G21__mom_255_0__top20__monthly__long_short__rev5,long_short,rev5,20.0,0.0,G00__mom_255_0__top20__monthly__long_short,delta_vs_same_scenario_G00,sharpe_excess_rf,-0.050292806319615274
G21,G21__mom_255_0__top20__monthly__long_short__rev5,long_short,rev5,20.0,0.0,G00__mom_255_0__top20__monthly__long_short,delta_vs_same_scenario_G00,max_drawdown,-0.0065663695374098
G21,G21__mom_255_0__top20__monthly__long_short__rev5,long_short,rev5,20.0,0.0,G00__mom_255_0__top20__monthly__long_short,delta_vs_same_scenario_G00,annualized_volatility,-0.029977565635090048
G21,G21__mom_255_0__top20__monthly__long_short__rev5,long_short,rev5,20.0,0.0,G00__mom_255_0__top20__monthly__long_short,delta_vs_same_scenario_G00,annualized_l1_turnover,4.716344835227607
G21,G21__mom_255_0__top20__monthly__long_short__rev5,long_short,rev5,20.0,0.01,G00__mom_255_0__top20__monthly__long_short,delta_vs_same_scenario_G00,cagr,-0.009999533586979484
G21,G21__mom_255_0__top20__monthly__long_short__rev5,long_short,rev5,20.0,0.01,G00__mom_255_0__top20__monthly__long_short,delta_vs_same_scenario_G00,sharpe_excess_rf,-0.05437476819452855
G21,G21__mom_255_0__top20__monthly__long_short__rev5,long_short,rev5,20.0,0.01,G00__mom_255_0__top20__monthly__long_short,delta_vs_same_scenario_G00,max_drawdown,-0.009330702926395762
G21,G21__mom_255_0__top20__monthly__long_short__rev5,long_short,rev5,20.0,0.01,G00__mom_255_0__top20__monthly__long_short,delta_vs_same_scenario_G00,annualized_volatility,-0.029988616540246316
G21,G21__mom_255_0__top20__monthly__long_short__rev5,long_short,rev5,20.0,0.01,G00__mom_255_0__top20__monthly__long_short,delta_vs_same_scenario_G00,annualized_l1_turnover,4.717263528387935
G21,G21__mom_255_0__top20__monthly__long_short__rev5,long_short,rev5,20.0,0.03,G00__mom_255_0__top20__monthly__long_short,delta_vs_same_scenario_G00,cagr,-0.009890564870036221
G21,G21__mom_255_0__top20__monthly__long_short__rev5,long_short,rev5,20.0,0.03,G00__mom_255_0__top20__monthly__long_short,delta_vs_same_scenario_G00,sharpe_excess_rf,-0.062422702425722204
G21,G21__mom_255_0__top20__monthly__long_short__rev5,long_short,rev5,20.0,0.03,G00__mom_255_0__top20__monthly__long_short,delta_vs_same_scenario_G00,max_drawdown,-0.014578185721289771
G21,G21__mom_255_0__top20__monthly__long_short__rev5,long_short,rev5,20.0,0.03,G00__mom_255_0__top20__monthly__long_short,delta_vs_same_scenario_G00,annualized_volatility,-0.030010435001372265
G21,G21__mom_255_0__top20__monthly__long_short__rev5,long_short,rev5,20.0,0.03,G00__mom_255_0__top20__monthly__long_short,delta_vs_same_scenario_G00,annualized_l1_turnover,4.719078179319327
G21,G21__mom_255_0__top20__weekly__long_only__rev20,long_only,rev20,0.0,0.0,G00__mom_255_0__top20__weekly__long_only,delta_vs_same_scenario_G00,cagr,0.008403538060445331
G21,G21__mom_255_0__top20__weekly__long_only__rev20,long_only,rev20,0.0,0.0,G00__mom_255_0__top20__weekly__long_only,delta_vs_same_scenario_G00,sharpe_excess_rf,-0.06932855504409063
G21,G21__mom_255_0__top20__weekly__long_only__rev20,long_only,rev20,0.0,0.0,G00__mom_255_0__top20__weekly__long_only,delta_vs_same_scenario_G00,max_drawdown,-0.28676078227120183
G21,G21__mom_255_0__top20__weekly__long_only__rev20,long_only,rev20,0.0,0.0,G00__mom_255_0__top20__weekly__long_only,delta_vs_same_scenario_G00,annualized_volatility,0.07168894275734933
G21,G21__mom_255_0__top20__weekly__long_only__rev20,long_only,rev20,0.0,0.0,G00__mom_255_0__top20__weekly__long_only,delta_vs_same_scenario_G00,annualized_l1_turnover,14.775002835225305
G21,G21__mom_255_0__top20__weekly__long_only__rev20,long_only,rev20,5.0,0.0,G00__mom_255_0__top20__weekly__long_only,delta_vs_same_scenario_G00,cagr,-0.0006657084084202847
G21,G21__mom_255_0__top20__weekly__long_only__rev20,long_only,rev20,5.0,0.0,G00__mom_255_0__top20__weekly__long_only,delta_vs_same_scenario_G00,sharpe_excess_rf,-0.08416278520281095
G21,G21__mom_255_0__top20__weekly__long_only__rev20,long_only,rev20,5.0,0.0,G00__mom_255_0__top20__weekly__long_only,delta_vs_same_scenario_G00,max_drawdown,-0.2782624108003196
G21,G21__mom_255_0__top20__weekly__long_only__rev20,long_only,rev20,5.0,0.0,G00__mom_255_0__top20__weekly__long_only,delta_vs_same_scenario_G00,annualized_volatility,0.07166146933207884
G21,G21__mom_255_0__top20__weekly__long_only__rev20,long_only,rev20,5.0,0.0,G00__mom_255_0__top20__weekly__long_only,delta_vs_same_scenario_G00,annualized_l1_turnover,14.775002835225305
G21,G21__mom_255_0__top20__weekly__long_only__rev20,long_only,rev20,10.0,0.0,G00__mom_255_0__top20__weekly__long_only,delta_vs_same_scenario_G00,cagr,-0.009526710351516116
G21,G21__mom_255_0__top20__weekly__long_only__rev20,long_only,rev20,10.0,0.0,G00__mom_255_0__top20__weekly__long_only,delta_vs_same_scenario_G00,sharpe_excess_rf,-0.09902665668348765
G21,G21__mom_255_0__top20__weekly__long_only__rev20,long_only,rev20,10.0,0.0,G00__mom_255_0__top20__weekly__long_only,delta_vs_same_scenario_G00,max_drawdown,-0.26989694954694987
G21,G21__mom_255_0__top20__weekly__long_only__rev20,long_only,rev20,10.0,0.0,G00__mom_255_0__top20__weekly__long_only,delta_vs_same_scenario_G00,annualized_volatility,0.07164942568357968
G21,G21__mom_255_0__top20__weekly__long_only__rev20,long_only,rev20,10.0,0.0,G00__mom_255_0__top20__weekly__long_only,delta_vs_same_scenario_G00,annualized_l1_turnover,14.775002835225305
G21,G21__mom_255_0__top20__weekly__long_only__rev20,long_only,rev20,20.0,0.0,G00__mom_255_0__top20__weekly__long_only,delta_vs_same_scenario_G00,cagr,-0.02663832253599341
G21,G21__mom_255_0__top20__weekly__long_only__rev20,long_only,rev20,20.0,0.0,G00__mom_255_0__top20__weekly__long_only,delta_vs_same_scenario_G00,sharpe_excess_rf,-0.12881905165183039
G21,G21__mom_255_0__top20__weekly__long_only__rev20,long_only,rev20,20.0,0.0,G00__mom_255_0__top20__weekly__long_only,delta_vs_same_scenario_G00,max_drawdown,-0.25355716290693703
G21,G21__mom_255_0__top20__weekly__long_only__rev20,long_only,rev20,20.0,0.0,G00__mom_255_0__top20__weekly__long_only,delta_vs_same_scenario_G00,annualized_volatility,0.07167163226697632
G21,G21__mom_255_0__top20__weekly__long_only__rev20,long_only,rev20,20.0,0.0,G00__mom_255_0__top20__weekly__long_only,delta_vs_same_scenario_G00,annualized_l1_turnover,14.775002835225305
G21,G21__mom_255_0__top20__weekly__long_only__rev5,long_only,rev5,0.0,0.0,G00__mom_255_0__top20__weekly__long_only,delta_vs_same_scenario_G00,cagr,0.02622760918071884
G21,G21__mom_255_0__top20__weekly__long_only__rev5,long_only,rev5,0.0,0.0,G00__mom_255_0__top20__weekly__long_only,delta_vs_same_scenario_G00,sharpe_excess_rf,-0.01253101384883537
G21,G21__mom_255_0__top20__weekly__long_only__rev5,long_only,rev5,0.0,0.0,G00__mom_255_0__top20__weekly__long_only,delta_vs_same_scenario_G00,max_drawdown,-0.29488405860160594
G21,G21__mom_255_0__top20__weekly__long_only__rev5,long_only,rev5,0.0,0.0,G00__mom_255_0__top20__weekly__long_only,delta_vs_same_scenario_G00,annualized_volatility,0.057737743757608706
G21,G21__mom_255_0__top20__weekly__long_only__rev5,long_only,rev5,0.0,0.0,G00__mom_255_0__top20__weekly__long_only,delta_vs_same_scenario_G00,annualized_l1_turnover,24.468983716395243
G21,G21__mom_255_0__top20__weekly__long_only__rev5,long_only,rev5,5.0,0.0,G00__mom_255_0__top20__weekly__long_only,delta_vs_same_scenario_G00,cagr,0.010925047121671083
G21,G21__mom_255_0__top20__weekly__long_only__rev5,long_only,rev5,5.0,0.0,G00__mom_255_0__top20__weekly__long_only,delta_vs_same_scenario_G00,sharpe_excess_rf,-0.04330681531329983
G21,G21__mom_255_0__top20__weekly__long_only__rev5,long_only,rev5,5.0,0.0,G00__mom_255_0__top20__weekly__long_only,delta_vs_same_scenario_G00,max_drawdown,-0.28643631986004653
G21,G21__mom_255_0__top20__weekly__long_only__rev5,long_only,rev5,5.0,0.0,G00__mom_255_0__top20__weekly__long_only,delta_vs_same_scenario_G00,annualized_volatility,0.057623030613253634
G21,G21__mom_255_0__top20__weekly__long_only__rev5,long_only,rev5,5.0,0.0,G00__mom_255_0__top20__weekly__long_only,delta_vs_same_scenario_G00,annualized_l1_turnover,24.468983716395243
G21,G21__mom_255_0__top20__weekly__long_only__rev5,long_only,rev5,10.0,0.0,G00__mom_255_0__top20__weekly__long_only,delta_vs_same_scenario_G00,cagr,-0.003958721885409716
G21,G21__mom_255_0__top20__weekly__long_only__rev5,long_only,rev5,10.0,0.0,G00__mom_255_0__top20__weekly__long_only,delta_vs_same_scenario_G00,sharpe_excess_rf,-0.07418396696077056
G21,G21__mom_255_0__top20__weekly__long_only__rev5,long_only,rev5,10.0,0.0,G00__mom_255_0__top20__weekly__long_only,delta_vs_same_scenario_G00,max_drawdown,-0.27812123486305496
G21,G21__mom_255_0__top20__weekly__long_only__rev5,long_only,rev5,10.0,0.0,G00__mom_255_0__top20__weekly__long_only,delta_vs_same_scenario_G00,annualized_volatility,0.05754259409731599
G21,G21__mom_255_0__top20__weekly__long_only__rev5,long_only,rev5,10.0,0.0,G00__mom_255_0__top20__weekly__long_only,delta_vs_same_scenario_G00,annualized_l1_turnover,24.468983716395243
G21,G21__mom_255_0__top20__weekly__long_only__rev5,long_only,rev5,20.0,0.0,G00__mom_255_0__top20__weekly__long_only,delta_vs_same_scenario_G00,cagr,-0.03250518403544733
G21,G21__mom_255_0__top20__weekly__long_only__rev5,long_only,rev5,20.0,0.0,G00__mom_255_0__top20__weekly__long_only,delta_vs_same_scenario_G00,sharpe_excess_rf,-0.13616582550013223
G21,G21__mom_255_0__top20__weekly__long_only__rev5,long_only,rev5,20.0,0.0,G00__mom_255_0__top20__weekly__long_only,delta_vs_same_scenario_G00,max_drawdown,-0.2706680961592815
G21,G21__mom_255_0__top20__weekly__long_only__rev5,long_only,rev5,20.0,0.0,G00__mom_255_0__top20__weekly__long_only,delta_vs_same_scenario_G00,annualized_volatility,0.05748464695558636
G21,G21__mom_255_0__top20__weekly__long_only__rev5,long_only,rev5,20.0,0.0,G00__mom_255_0__top20__weekly__long_only,delta_vs_same_scenario_G00,annualized_l1_turnover,24.468983716395243
G21,G21__mom_255_0__top20__weekly__long_short__rev20,long_short,rev20,0.0,0.0,G00__mom_255_0__top20__weekly__long_short,delta_vs_same_scenario_G00,cagr,0.057323652608781334
G21,G21__mom_255_0__top20__weekly__long_short__rev20,long_short,rev20,0.0,0.0,G00__mom_255_0__top20__weekly__long_short,delta_vs_same_scenario_G00,sharpe_excess_rf,0.28097649112200684
G21,G21__mom_255_0__top20__weekly__long_short__rev20,long_short,rev20,0.0,0.0,G00__mom_255_0__top20__weekly__long_short,delta_vs_same_scenario_G00,max_drawdown,0.2333454421195451
G21,G21__mom_255_0__top20__weekly__long_short__rev20,long_short,rev20,0.0,0.0,G00__mom_255_0__top20__weekly__long_short,delta_vs_same_scenario_G00,annualized_volatility,-0.01830627859915976
G21,G21__mom_255_0__top20__weekly__long_short__rev20,long_short,rev20,0.0,0.0,G00__mom_255_0__top20__weekly__long_short,delta_vs_same_scenario_G00,annualized_l1_turnover,14.795891107173233
G21,G21__mom_255_0__top20__weekly__long_short__rev20,long_short,rev20,0.0,0.01,G00__mom_255_0__top20__weekly__long_short,delta_vs_same_scenario_G00,cagr,0.05705255838153205
G21,G21__mom_255_0__top20__weekly__long_short__rev20,long_short,rev20,0.0,0.01,G00__mom_255_0__top20__weekly__long_short,delta_vs_same_scenario_G00,sharpe_excess_rf,0.2786633261091023
G21,G21__mom_255_0__top20__weekly__long_short__rev20,long_short,rev20,0.0,0.01,G00__mom_255_0__top20__weekly__long_short,delta_vs_same_scenario_G00,max_drawdown,0.23703542109781528
G21,G21__mom_255_0__top20__weekly__long_short__rev20,long_short,rev20,0.0,0.01,G00__mom_255_0__top20__weekly__long_short,delta_vs_same_scenario_G00,annualized_volatility,-0.018310160312796586
G21,G21__mom_255_0__top20__weekly__long_short__rev20,long_short,rev20,0.0,0.01,G00__mom_255_0__top20__weekly__long_short,delta_vs_same_scenario_G00,annualized_l1_turnover,14.79644586182966
G21,G21__mom_255_0__top20__weekly__long_short__rev20,long_short,rev20,0.0,0.03,G00__mom_255_0__top20__weekly__long_short,delta_vs_same_scenario_G00,cagr,0.056521972458196026
G21,G21__mom_255_0__top20__weekly__long_short__rev20,long_short,rev20,0.0,0.03,G00__mom_255_0__top20__weekly__long_short,delta_vs_same_scenario_G00,sharpe_excess_rf,0.2741028876202253
G21,G21__mom_255_0__top20__weekly__long_short__rev20,long_short,rev20,0.0,0.03,G00__mom_255_0__top20__weekly__long_short,delta_vs_same_scenario_G00,max_drawdown,0.24420020595288539
G21,G21__mom_255_0__top20__weekly__long_short__rev20,long_short,rev20,0.0,0.03,G00__mom_255_0__top20__weekly__long_short,delta_vs_same_scenario_G00,annualized_volatility,-0.01831781243717634
G21,G21__mom_255_0__top20__weekly__long_short__rev20,long_short,rev20,0.0,0.03,G00__mom_255_0__top20__weekly__long_short,delta_vs_same_scenario_G00,annualized_l1_turnover,14.797538490125614
G21,G21__mom_255_0__top20__weekly__long_short__rev20,long_short,rev20,5.0,0.0,G00__mom_255_0__top20__weekly__long_short,delta_vs_same_scenario_G00,cagr,0.048817667074491554
G21,G21__mom_255_0__top20__weekly__long_short__rev20,long_short,rev20,5.0,0.0,G00__mom_255_0__top20__weekly__long_short,delta_vs_same_scenario_G00,sharpe_excess_rf,0.23728347333455946
G21,G21__mom_255_0__top20__weekly__long_short__rev20,long_short,rev20,5.0,0.0,G00__mom_255_0__top20__weekly__long_short,delta_vs_same_scenario_G00,max_drawdown,0.23924141573259028
G21,G21__mom_255_0__top20__weekly__long_short__rev20,long_short,rev20,5.0,0.0,G00__mom_255_0__top20__weekly__long_short,delta_vs_same_scenario_G00,annualized_volatility,-0.018297712567004493
G21,G21__mom_255_0__top20__weekly__long_short__rev20,long_short,rev20,5.0,0.0,G00__mom_255_0__top20__weekly__long_short,delta_vs_same_scenario_G00,annualized_l1_turnover,14.795891107173233
G21,G21__mom_255_0__top20__weekly__long_short__rev20,long_short,rev20,5.0,0.01,G00__mom_255_0__top20__weekly__long_short,delta_vs_same_scenario_G00,cagr,0.04858827615305472
G21,G21__mom_255_0__top20__weekly__long_short__rev20,long_short,rev20,5.0,0.01,G00__mom_255_0__top20__weekly__long_short,delta_vs_same_scenario_G00,sharpe_excess_rf,0.2349725822523157
G21,G21__mom_255_0__top20__weekly__long_short__rev20,long_short,rev20,5.0,0.01,G00__mom_255_0__top20__weekly__long_short,delta_vs_same_scenario_G00,max_drawdown,0.24286291899125712
G21,G21__mom_255_0__top20__weekly__long_short__rev20,long_short,rev20,5.0,0.01,G00__mom_255_0__top20__weekly__long_short,delta_vs_same_scenario_G00,annualized_volatility,-0.018301595926305314
G21,G21__mom_255_0__top20__weekly__long_short__rev20,long_short,rev20,5.0,0.01,G00__mom_255_0__top20__weekly__long_short,delta_vs_same_scenario_G00,annualized_l1_turnover,14.79644586182966
G21,G21__mom_255_0__top20__weekly__long_short__rev20,long_short,rev20,5.0,0.03,G00__mom_255_0__top20__weekly__long_short,delta_vs_same_scenario_G00,cagr,0.04813929124468009
G21,G21__mom_255_0__top20__weekly__long_short__rev20,long_short,rev20,5.0,0.03,G00__mom_255_0__top20__weekly__long_short,delta_vs_same_scenario_G00,sharpe_excess_rf,0.23041662439907923
G21,G21__mom_255_0__top20__weekly__long_short__rev20,long_short,rev20,5.0,0.03,G00__mom_255_0__top20__weekly__long_short,delta_vs_same_scenario_G00,max_drawdown,0.2498946115327465
G21,G21__mom_255_0__top20__weekly__long_short__rev20,long_short,rev20,5.0,0.03,G00__mom_255_0__top20__weekly__long_short,delta_vs_same_scenario_G00,annualized_volatility,-0.018309251450074476
G21,G21__mom_255_0__top20__weekly__long_short__rev20,long_short,rev20,5.0,0.03,G00__mom_255_0__top20__weekly__long_short,delta_vs_same_scenario_G00,annualized_l1_turnover,14.797538490125614
G21,G21__mom_255_0__top20__weekly__long_short__rev20,long_short,rev20,10.0,0.0,G00__mom_255_0__top20__weekly__long_short,delta_vs_same_scenario_G00,cagr,0.04050791354775178
G21,G21__mom_255_0__top20__weekly__long_short__rev20,long_short,rev20,10.0,0.0,G00__mom_255_0__top20__weekly__long_short,delta_vs_same_scenario_G00,sharpe_excess_rf,0.19355649100703395
G21,G21__mom_255_0__top20__weekly__long_short__rev20,long_short,rev20,10.0,0.0,G00__mom_255_0__top20__weekly__long_short,delta_vs_same_scenario_G00,max_drawdown,0.24501077008513272
G21,G21__mom_255_0__top20__weekly__long_short__rev20,long_short,rev20,10.0,0.0,G00__mom_255_0__top20__weekly__long_short,delta_vs_same_scenario_G00,annualized_volatility,-0.018257374266361204
G21,G21__mom_255_0__top20__weekly__long_short__rev20,long_short,rev20,10.0,0.0,G00__mom_255_0__top20__weekly__long_short,delta_vs_same_scenario_G00,annualized_l1_turnover,14.795891107173233
G21,G21__mom_255_0__top20__weekly__long_short__rev20,long_short,rev20,10.0,0.01,G00__mom_255_0__top20__weekly__long_short,delta_vs_same_scenario_G00,cagr,0.04031927415028812
G21,G21__mom_255_0__top20__weekly__long_short__rev20,long_short,rev20,10.0,0.01,G00__mom_255_0__top20__weekly__long_short,delta_vs_same_scenario_G00,sharpe_excess_rf,0.19125252781355298
G21,G21__mom_255_0__top20__weekly__long_short__rev20,long_short,rev20,10.0,0.01,G00__mom_255_0__top20__weekly__long_short,delta_vs_same_scenario_G00,max_drawdown,0.24477817008164926
G21,G21__mom_255_0__top20__weekly__long_short__rev20,long_short,rev20,10.0,0.01,G00__mom_255_0__top20__weekly__long_short,delta_vs_same_scenario_G00,annualized_volatility,-0.01826125918092031
G21,G21__mom_255_0__top20__weekly__long_short__rev20,long_short,rev20,10.0,0.01,G00__mom_255_0__top20__weekly__long_short,delta_vs_same_scenario_G00,annualized_l1_turnover,14.79644586182966
G21,G21__mom_255_0__top20__weekly__long_short__rev20,long_short,rev20,10.0,0.03,G00__mom_255_0__top20__weekly__long_short,delta_vs_same_scenario_G00,cagr,0.03995002786508267
G21,G21__mom_255_0__top20__weekly__long_short__rev20,long_short,rev20,10.0,0.03,G00__mom_255_0__top20__weekly__long_short,delta_vs_same_scenario_G00,sharpe_excess_rf,0.18671022056036116
G21,G21__mom_255_0__top20__weekly__long_short__rev20,long_short,rev20,10.0,0.03,G00__mom_255_0__top20__weekly__long_short,delta_vs_same_scenario_G00,max_drawdown,0.24206976355969811
G21,G21__mom_255_0__top20__weekly__long_short__rev20,long_short,rev20,10.0,0.03,G00__mom_255_0__top20__weekly__long_short,delta_vs_same_scenario_G00,annualized_volatility,-0.01826891792335128
G21,G21__mom_255_0__top20__weekly__long_short__rev20,long_short,rev20,10.0,0.03,G00__mom_255_0__top20__weekly__long_short,delta_vs_same_scenario_G00,annualized_l1_turnover,14.797538490125614
G21,G21__mom_255_0__top20__weekly__long_short__rev20,long_short,rev20,20.0,0.0,G00__mom_255_0__top20__weekly__long_short,delta_vs_same_scenario_G00,cagr,0.024463219810049917
G21,G21__mom_255_0__top20__weekly__long_short__rev20,long_short,rev20,20.0,0.0,G00__mom_255_0__top20__weekly__long_short,delta_vs_same_scenario_G00,sharpe_excess_rf,0.10619725973541497
G21,G21__mom_255_0__top20__weekly__long_short__rev20,long_short,rev20,20.0,0.0,G00__mom_255_0__top20__weekly__long_short,delta_vs_same_scenario_G00,max_drawdown,0.22261758649499352
G21,G21__mom_255_0__top20__weekly__long_short__rev20,long_short,rev20,20.0,0.0,G00__mom_255_0__top20__weekly__long_short,delta_vs_same_scenario_G00,annualized_volatility,-0.01808155870084427
G21,G21__mom_255_0__top20__weekly__long_short__rev20,long_short,rev20,20.0,0.0,G00__mom_255_0__top20__weekly__long_short,delta_vs_same_scenario_G00,annualized_l1_turnover,14.795891107173233
G21,G21__mom_255_0__top20__weekly__long_short__rev20,long_short,rev20,20.0,0.01,G00__mom_255_0__top20__weekly__long_short,delta_vs_same_scenario_G00,cagr,0.02435329464991816
G21,G21__mom_255_0__top20__weekly__long_short__rev20,long_short,rev20,20.0,0.01,G00__mom_255_0__top20__weekly__long_short,delta_vs_same_scenario_G00,sharpe_excess_rf,0.10392102739159537
G21,G21__mom_255_0__top20__weekly__long_short__rev20,long_short,rev20,20.0,0.01,G00__mom_255_0__top20__weekly__long_short,delta_vs_same_scenario_G00,max_drawdown,0.218639576730023
G21,G21__mom_255_0__top20__weekly__long_short__rev20,long_short,rev20,20.0,0.01,G00__mom_255_0__top20__weekly__long_short,delta_vs_same_scenario_G00,annualized_volatility,-0.018085446460382598
G21,G21__mom_255_0__top20__weekly__long_short__rev20,long_short,rev20,20.0,0.01,G00__mom_255_0__top20__weekly__long_short,delta_vs_same_scenario_G00,annualized_l1_turnover,14.79644586182966
G21,G21__mom_255_0__top20__weekly__long_short__rev20,long_short,rev20,20.0,0.03,G00__mom_255_0__top20__weekly__long_short,delta_vs_same_scenario_G00,cagr,0.024138068630770768
G21,G21__mom_255_0__top20__weekly__long_short__rev20,long_short,rev20,20.0,0.03,G00__mom_255_0__top20__weekly__long_short,delta_vs_same_scenario_G00,sharpe_excess_rf,0.09943336030592177
G21,G21__mom_255_0__top20__weekly__long_short__rev20,long_short,rev20,20.0,0.03,G00__mom_255_0__top20__weekly__long_short,delta_vs_same_scenario_G00,max_drawdown,0.21097596337676738
G21,G21__mom_255_0__top20__weekly__long_short__rev20,long_short,rev20,20.0,0.03,G00__mom_255_0__top20__weekly__long_short,delta_vs_same_scenario_G00,annualized_volatility,-0.018093111108479054
G21,G21__mom_255_0__top20__weekly__long_short__rev20,long_short,rev20,20.0,0.03,G00__mom_255_0__top20__weekly__long_short,delta_vs_same_scenario_G00,annualized_l1_turnover,14.797538490125614
G21,G21__mom_255_0__top20__weekly__long_short__rev5,long_short,rev5,0.0,0.0,G00__mom_255_0__top20__weekly__long_short,delta_vs_same_scenario_G00,cagr,0.07573773281646776
G21,G21__mom_255_0__top20__weekly__long_short__rev5,long_short,rev5,0.0,0.0,G00__mom_255_0__top20__weekly__long_short,delta_vs_same_scenario_G00,sharpe_excess_rf,0.38550188274440944
G21,G21__mom_255_0__top20__weekly__long_short__rev5,long_short,rev5,0.0,0.0,G00__mom_255_0__top20__weekly__long_short,delta_vs_same_scenario_G00,max_drawdown,0.2554006082517496
G21,G21__mom_255_0__top20__weekly__long_short__rev5,long_short,rev5,0.0,0.0,G00__mom_255_0__top20__weekly__long_short,delta_vs_same_scenario_G00,annualized_volatility,-0.02662300128379505
G21,G21__mom_255_0__top20__weekly__long_short__rev5,long_short,rev5,0.0,0.0,G00__mom_255_0__top20__weekly__long_short,delta_vs_same_scenario_G00,annualized_l1_turnover,23.70517535906967
G21,G21__mom_255_0__top20__weekly__long_short__rev5,long_short,rev5,0.0,0.01,G00__mom_255_0__top20__weekly__long_short,delta_vs_same_scenario_G00,cagr,0.0753795366052668
G21,G21__mom_255_0__top20__weekly__long_short__rev5,long_short,rev5,0.0,0.01,G00__mom_255_0__top20__weekly__long_short,delta_vs_same_scenario_G00,sharpe_excess_rf,0.38197106560164235
G21,G21__mom_255_0__top20__weekly__long_short__rev5,long_short,rev5,0.0,0.01,G00__mom_255_0__top20__weekly__long_short,delta_vs_same_scenario_G00,max_drawdown,0.25908594660127193
G21,G21__mom_255_0__top20__weekly__long_short__rev5,long_short,rev5,0.0,0.01,G00__mom_255_0__top20__weekly__long_short,delta_vs_same_scenario_G00,annualized_volatility,-0.026626964172171808
G21,G21__mom_255_0__top20__weekly__long_short__rev5,long_short,rev5,0.0,0.01,G00__mom_255_0__top20__weekly__long_short,delta_vs_same_scenario_G00,annualized_l1_turnover,23.706156012965714
G21,G21__mom_255_0__top20__weekly__long_short__rev5,long_short,rev5,0.0,0.03,G00__mom_255_0__top20__weekly__long_short,delta_vs_same_scenario_G00,cagr,0.07467845042522538
G21,G21__mom_255_0__top20__weekly__long_short__rev5,long_short,rev5,0.0,0.03,G00__mom_255_0__top20__weekly__long_short,delta_vs_same_scenario_G00,sharpe_excess_rf,0.3750112548313671
G21,G21__mom_255_0__top20__weekly__long_short__rev5,long_short,rev5,0.0,0.03,G00__mom_255_0__top20__weekly__long_short,delta_vs_same_scenario_G00,max_drawdown,0.26388502501635747
G21,G21__mom_255_0__top20__weekly__long_short__rev5,long_short,rev5,0.0,0.03,G00__mom_255_0__top20__weekly__long_short,delta_vs_same_scenario_G00,annualized_volatility,-0.026634774854121995
G21,G21__mom_255_0__top20__weekly__long_short__rev5,long_short,rev5,0.0,0.03,G00__mom_255_0__top20__weekly__long_short,delta_vs_same_scenario_G00,annualized_l1_turnover,23.70808668156958
G21,G21__mom_255_0__top20__weekly__long_short__rev5,long_short,rev5,5.0,0.0,G00__mom_255_0__top20__weekly__long_short,delta_vs_same_scenario_G00,cagr,0.062063067086252775
G21,G21__mom_255_0__top20__weekly__long_short__rev5,long_short,rev5,5.0,0.0,G00__mom_255_0__top20__weekly__long_short,delta_vs_same_scenario_G00,sharpe_excess_rf,0.3130545163727275
G21,G21__mom_255_0__top20__weekly__long_short__rev5,long_short,rev5,5.0,0.0,G00__mom_255_0__top20__weekly__long_short,delta_vs_same_scenario_G00,max_drawdown,0.2571172507142022
G21,G21__mom_255_0__top20__weekly__long_short__rev5,long_short,rev5,5.0,0.0,G00__mom_255_0__top20__weekly__long_short,delta_vs_same_scenario_G00,annualized_volatility,-0.026737895904910325
G21,G21__mom_255_0__top20__weekly__long_short__rev5,long_short,rev5,5.0,0.0,G00__mom_255_0__top20__weekly__long_short,delta_vs_same_scenario_G00,annualized_l1_turnover,23.70517535906967
G21,G21__mom_255_0__top20__weekly__long_short__rev5,long_short,rev5,5.0,0.01,G00__mom_255_0__top20__weekly__long_short,delta_vs_same_scenario_G00,cagr,0.06177185586783018
G21,G21__mom_255_0__top20__weekly__long_short__rev5,long_short,rev5,5.0,0.01,G00__mom_255_0__top20__weekly__long_short,delta_vs_same_scenario_G00,sharpe_excess_rf,0.3095079934200412
G21,G21__mom_255_0__top20__weekly__long_short__rev5,long_short,rev5,5.0,0.01,G00__mom_255_0__top20__weekly__long_short,delta_vs_same_scenario_G00,max_drawdown,0.25522366717688294
G21,G21__mom_255_0__top20__weekly__long_short__rev5,long_short,rev5,5.0,0.01,G00__mom_255_0__top20__weekly__long_short,delta_vs_same_scenario_G00,annualized_volatility,-0.026741857718020873
G21,G21__mom_255_0__top20__weekly__long_short__rev5,long_short,rev5,5.0,0.01,G00__mom_255_0__top20__weekly__long_short,delta_vs_same_scenario_G00,annualized_l1_turnover,23.706156012965714
G21,G21__mom_255_0__top20__weekly__long_short__rev5,long_short,rev5,5.0,0.03,G00__mom_255_0__top20__weekly__long_short,delta_vs_same_scenario_G00,cagr,0.06120184146449726
G21,G21__mom_255_0__top20__weekly__long_short__rev5,long_short,rev5,5.0,0.03,G00__mom_255_0__top20__weekly__long_short,delta_vs_same_scenario_G00,sharpe_excess_rf,0.30251724453908724
G21,G21__mom_255_0__top20__weekly__long_short__rev5,long_short,rev5,5.0,0.03,G00__mom_255_0__top20__weekly__long_short,delta_vs_same_scenario_G00,max_drawdown,0.25153023677342445
G21,G21__mom_255_0__top20__weekly__long_short__rev5,long_short,rev5,5.0,0.03,G00__mom_255_0__top20__weekly__long_short,delta_vs_same_scenario_G00,annualized_volatility,-0.026749666577768755
G21,G21__mom_255_0__top20__weekly__long_short__rev5,long_short,rev5,5.0,0.03,G00__mom_255_0__top20__weekly__long_short,delta_vs_same_scenario_G00,annualized_l1_turnover,23.70808668156958
G21,G21__mom_255_0__top20__weekly__long_short__rev5,long_short,rev5,10.0,0.0,G00__mom_255_0__top20__weekly__long_short,delta_vs_same_scenario_G00,cagr,0.04876040012276732
G21,G21__mom_255_0__top20__weekly__long_short__rev5,long_short,rev5,10.0,0.0,G00__mom_255_0__top20__weekly__long_short,delta_vs_same_scenario_G00,sharpe_excess_rf,0.24035180371333018
G21,G21__mom_255_0__top20__weekly__long_short__rev5,long_short,rev5,10.0,0.0,G00__mom_255_0__top20__weekly__long_short,delta_vs_same_scenario_G00,max_drawdown,0.2444370660679862
G21,G21__mom_255_0__top20__weekly__long_short__rev5,long_short,rev5,10.0,0.0,G00__mom_255_0__top20__weekly__long_short,delta_vs_same_scenario_G00,annualized_volatility,-0.026786376171590437
G21,G21__mom_255_0__top20__weekly__long_short__rev5,long_short,rev5,10.0,0.0,G00__mom_255_0__top20__weekly__long_short,delta_vs_same_scenario_G00,annualized_l1_turnover,23.70517535906967
G21,G21__mom_255_0__top20__weekly__long_short__rev5,long_short,rev5,10.0,0.01,G00__mom_255_0__top20__weekly__long_short,delta_vs_same_scenario_G00,cagr,0.04853437083155342
G21,G21__mom_255_0__top20__weekly__long_short__rev5,long_short,rev5,10.0,0.01,G00__mom_255_0__top20__weekly__long_short,delta_vs_same_scenario_G00,sharpe_excess_rf,0.2368001340695194
G21,G21__mom_255_0__top20__weekly__long_short__rev5,long_short,rev5,10.0,0.01,G00__mom_255_0__top20__weekly__long_short,delta_vs_same_scenario_G00,max_drawdown,0.24264646010802493
G21,G21__mom_255_0__top20__weekly__long_short__rev5,long_short,rev5,10.0,0.01,G00__mom_255_0__top20__weekly__long_short,delta_vs_same_scenario_G00,annualized_volatility,-0.02679033683723639
G21,G21__mom_255_0__top20__weekly__long_short__rev5,long_short,rev5,10.0,0.01,G00__mom_255_0__top20__weekly__long_short,delta_vs_same_scenario_G00,annualized_l1_turnover,23.706156012965714
G21,G21__mom_255_0__top20__weekly__long_short__rev5,long_short,rev5,10.0,0.03,G00__mom_255_0__top20__weekly__long_short,delta_vs_same_scenario_G00,cagr,0.04809189998485658
G21,G21__mom_255_0__top20__weekly__long_short__rev5,long_short,rev5,10.0,0.03,G00__mom_255_0__top20__weekly__long_short,delta_vs_same_scenario_G00,sharpe_excess_rf,0.22979925178568172
G21,G21__mom_255_0__top20__weekly__long_short__rev5,long_short,rev5,10.0,0.03,G00__mom_255_0__top20__weekly__long_short,delta_vs_same_scenario_G00,max_drawdown,0.23915357350506128
G21,G21__mom_255_0__top20__weekly__long_short__rev5,long_short,rev5,10.0,0.03,G00__mom_255_0__top20__weekly__long_short,delta_vs_same_scenario_G00,annualized_volatility,-0.026798143735489777
G21,G21__mom_255_0__top20__weekly__long_short__rev5,long_short,rev5,10.0,0.03,G00__mom_255_0__top20__weekly__long_short,delta_vs_same_scenario_G00,annualized_l1_turnover,23.70808668156958
G21,G21__mom_255_0__top20__weekly__long_short__rev5,long_short,rev5,20.0,0.0,G00__mom_255_0__top20__weekly__long_short,delta_vs_same_scenario_G00,cagr,0.023239489609856744
G21,G21__mom_255_0__top20__weekly__long_short__rev5,long_short,rev5,20.0,0.0,G00__mom_255_0__top20__weekly__long_short,delta_vs_same_scenario_G00,sharpe_excess_rf,0.09472996691461891
G21,G21__mom_255_0__top20__weekly__long_short__rev5,long_short,rev5,20.0,0.0,G00__mom_255_0__top20__weekly__long_short,delta_vs_same_scenario_G00,max_drawdown,0.21188181221934976
G21,G21__mom_255_0__top20__weekly__long_short__rev5,long_short,rev5,20.0,0.0,G00__mom_255_0__top20__weekly__long_short,delta_vs_same_scenario_G00,annualized_volatility,-0.026684065221325687
G21,G21__mom_255_0__top20__weekly__long_short__rev5,long_short,rev5,20.0,0.0,G00__mom_255_0__top20__weekly__long_short,delta_vs_same_scenario_G00,annualized_l1_turnover,23.70517535906967
G21,G21__mom_255_0__top20__weekly__long_short__rev5,long_short,rev5,20.0,0.01,G00__mom_255_0__top20__weekly__long_short,delta_vs_same_scenario_G00,cagr,0.02313856625609685
G21,G21__mom_255_0__top20__weekly__long_short__rev5,long_short,rev5,20.0,0.01,G00__mom_255_0__top20__weekly__long_short,delta_vs_same_scenario_G00,sharpe_excess_rf,0.09119965892600541
G21,G21__mom_255_0__top20__weekly__long_short__rev5,long_short,rev5,20.0,0.01,G00__mom_255_0__top20__weekly__long_short,delta_vs_same_scenario_G00,max_drawdown,0.20764405717363532
G21,G21__mom_255_0__top20__weekly__long_short__rev5,long_short,rev5,20.0,0.01,G00__mom_255_0__top20__weekly__long_short,delta_vs_same_scenario_G00,annualized_volatility,-0.02668802342047552
G21,G21__mom_255_0__top20__weekly__long_short__rev5,long_short,rev5,20.0,0.01,G00__mom_255_0__top20__weekly__long_short,delta_vs_same_scenario_G00,annualized_l1_turnover,23.706156012965714
G21,G21__mom_255_0__top20__weekly__long_short__rev5,long_short,rev5,20.0,0.03,G00__mom_255_0__top20__weekly__long_short,delta_vs_same_scenario_G00,cagr,0.02294089389606062
G21,G21__mom_255_0__top20__weekly__long_short__rev5,long_short,rev5,20.0,0.03,G00__mom_255_0__top20__weekly__long_short,delta_vs_same_scenario_G00,sharpe_excess_rf,0.08424088001664964
G21,G21__mom_255_0__top20__weekly__long_short__rev5,long_short,rev5,20.0,0.03,G00__mom_255_0__top20__weekly__long_short,delta_vs_same_scenario_G00,max_drawdown,0.1994927181334617
G21,G21__mom_255_0__top20__weekly__long_short__rev5,long_short,rev5,20.0,0.03,G00__mom_255_0__top20__weekly__long_short,delta_vs_same_scenario_G00,annualized_volatility,-0.026695826064359107
G21,G21__mom_255_0__top20__weekly__long_short__rev5,long_short,rev5,20.0,0.03,G00__mom_255_0__top20__weekly__long_short,delta_vs_same_scenario_G00,annualized_l1_turnover,23.70808668156958
G21,G21__mom_255_0__top50__monthly__long_only__rev20,long_only,rev20,0.0,0.0,G00__mom_255_0__top50__monthly__long_only,delta_vs_same_scenario_G00,cagr,-0.022601993830655864
G21,G21__mom_255_0__top50__monthly__long_only__rev20,long_only,rev20,0.0,0.0,G00__mom_255_0__top50__monthly__long_only,delta_vs_same_scenario_G00,sharpe_excess_rf,-0.14477227184711094
G21,G21__mom_255_0__top50__monthly__long_only__rev20,long_only,rev20,0.0,0.0,G00__mom_255_0__top50__monthly__long_only,delta_vs_same_scenario_G00,max_drawdown,-0.1751260384408061
G21,G21__mom_255_0__top50__monthly__long_only__rev20,long_only,rev20,0.0,0.0,G00__mom_255_0__top50__monthly__long_only,delta_vs_same_scenario_G00,annualized_volatility,0.051986920833586386
G21,G21__mom_255_0__top50__monthly__long_only__rev20,long_only,rev20,0.0,0.0,G00__mom_255_0__top50__monthly__long_only,delta_vs_same_scenario_G00,annualized_l1_turnover,5.178870287539404
G21,G21__mom_255_0__top50__monthly__long_only__rev20,long_only,rev20,5.0,0.0,G00__mom_255_0__top50__monthly__long_only,delta_vs_same_scenario_G00,cagr,-0.025490435326024324
G21,G21__mom_255_0__top50__monthly__long_only__rev20,long_only,rev20,5.0,0.0,G00__mom_255_0__top50__monthly__long_only,delta_vs_same_scenario_G00,sharpe_excess_rf,-0.1510125379132553
G21,G21__mom_255_0__top50__monthly__long_only__rev20,long_only,rev20,5.0,0.0,G00__mom_255_0__top50__monthly__long_only,delta_vs_same_scenario_G00,max_drawdown,-0.17147486420167407
G21,G21__mom_255_0__top50__monthly__long_only__rev20,long_only,rev20,5.0,0.0,G00__mom_255_0__top50__monthly__long_only,delta_vs_same_scenario_G00,annualized_volatility,0.05195983584522601
G21,G21__mom_255_0__top50__monthly__long_only__rev20,long_only,rev20,5.0,0.0,G00__mom_255_0__top50__monthly__long_only,delta_vs_same_scenario_G00,annualized_l1_turnover,5.178870287539404
G21,G21__mom_255_0__top50__monthly__long_only__rev20,long_only,rev20,10.0,0.0,G00__mom_255_0__top50__monthly__long_only,delta_vs_same_scenario_G00,cagr,-0.028353580538985623
G21,G21__mom_255_0__top50__monthly__long_only__rev20,long_only,rev20,10.0,0.0,G00__mom_255_0__top50__monthly__long_only,delta_vs_same_scenario_G00,sharpe_excess_rf,-0.1572691495530258
G21,G21__mom_255_0__top50__monthly__long_only__rev20,long_only,rev20,10.0,0.0,G00__mom_255_0__top50__monthly__long_only,delta_vs_same_scenario_G00,max_drawdown,-0.16784826661554836
G21,G21__mom_255_0__top50__monthly__long_only__rev20,long_only,rev20,10.0,0.0,G00__mom_255_0__top50__monthly__long_only,delta_vs_same_scenario_G00,annualized_volatility,0.05194245628880301
G21,G21__mom_255_0__top50__monthly__long_only__rev20,long_only,rev20,10.0,0.0,G00__mom_255_0__top50__monthly__long_only,delta_vs_same_scenario_G00,annualized_l1_turnover,5.178870287539404
G21,G21__mom_255_0__top50__monthly__long_only__rev20,long_only,rev20,20.0,0.0,G00__mom_255_0__top50__monthly__long_only,delta_vs_same_scenario_G00,cagr,-0.03400457768673945
G21,G21__mom_255_0__top50__monthly__long_only__rev20,long_only,rev20,20.0,0.0,G00__mom_255_0__top50__monthly__long_only,delta_vs_same_scenario_G00,sharpe_excess_rf,-0.16982208052921616
G21,G21__mom_255_0__top50__monthly__long_only__rev20,long_only,rev20,20.0,0.0,G00__mom_255_0__top50__monthly__long_only,delta_vs_same_scenario_G00,max_drawdown,-0.16066824954484066
G21,G21__mom_255_0__top50__monthly__long_only__rev20,long_only,rev20,20.0,0.0,G00__mom_255_0__top50__monthly__long_only,delta_vs_same_scenario_G00,annualized_volatility,0.05193682689367923
G21,G21__mom_255_0__top50__monthly__long_only__rev20,long_only,rev20,20.0,0.0,G00__mom_255_0__top50__monthly__long_only,delta_vs_same_scenario_G00,annualized_l1_turnover,5.178870287539404
G21,G21__mom_255_0__top50__monthly__long_only__rev5,long_only,rev5,0.0,0.0,G00__mom_255_0__top50__monthly__long_only,delta_vs_same_scenario_G00,cagr,-0.019981591971851786
G21,G21__mom_255_0__top50__monthly__long_only__rev5,long_only,rev5,0.0,0.0,G00__mom_255_0__top50__monthly__long_only,delta_vs_same_scenario_G00,sharpe_excess_rf,-0.12851087660233163
G21,G21__mom_255_0__top50__monthly__long_only__rev5,long_only,rev5,0.0,0.0,G00__mom_255_0__top50__monthly__long_only,delta_vs_same_scenario_G00,max_drawdown,-0.1832055222984098
G21,G21__mom_255_0__top50__monthly__long_only__rev5,long_only,rev5,0.0,0.0,G00__mom_255_0__top50__monthly__long_only,delta_vs_same_scenario_G00,annualized_volatility,0.04371626429882133
G21,G21__mom_255_0__top50__monthly__long_only__rev5,long_only,rev5,0.0,0.0,G00__mom_255_0__top50__monthly__long_only,delta_vs_same_scenario_G00,annualized_l1_turnover,5.100954305132609
G21,G21__mom_255_0__top50__monthly__long_only__rev5,long_only,rev5,5.0,0.0,G00__mom_255_0__top50__monthly__long_only,delta_vs_same_scenario_G00,cagr,-0.022841519780641945
G21,G21__mom_255_0__top50__monthly__long_only__rev5,long_only,rev5,5.0,0.0,G00__mom_255_0__top50__monthly__long_only,delta_vs_same_scenario_G00,sharpe_excess_rf,-0.13527676359399599
G21,G21__mom_255_0__top50__monthly__long_only__rev5,long_only,rev5,5.0,0.0,G00__mom_255_0__top50__monthly__long_only,delta_vs_same_scenario_G00,max_drawdown,-0.17956290873546515
G21,G21__mom_255_0__top50__monthly__long_only__rev5,long_only,rev5,5.0,0.0,G00__mom_255_0__top50__monthly__long_only,delta_vs_same_scenario_G00,annualized_volatility,0.043715812868575066
G21,G21__mom_255_0__top50__monthly__long_only__rev5,long_only,rev5,5.0,0.0,G00__mom_255_0__top50__monthly__long_only,delta_vs_same_scenario_G00,annualized_l1_turnover,5.100954305132609
G21,G21__mom_255_0__top50__monthly__long_only__rev5,long_only,rev5,10.0,0.0,G00__mom_255_0__top50__monthly__long_only,delta_vs_same_scenario_G00,cagr,-0.02567656537210783
G21,G21__mom_255_0__top50__monthly__long_only__rev5,long_only,rev5,10.0,0.0,G00__mom_255_0__top50__monthly__long_only,delta_vs_same_scenario_G00,sharpe_excess_rf,-0.14205709493238228
G21,G21__mom_255_0__top50__monthly__long_only__rev5,long_only,rev5,10.0,0.0,G00__mom_255_0__top50__monthly__long_only,delta_vs_same_scenario_G00,max_drawdown,-0.17594487182552704
G21,G21__mom_255_0__top50__monthly__long_only__rev5,long_only,rev5,10.0,0.0,G00__mom_255_0__top50__monthly__long_only,delta_vs_same_scenario_G00,annualized_volatility,0.04372530201431535
G21,G21__mom_255_0__top50__monthly__long_only__rev5,long_only,rev5,10.0,0.0,G00__mom_255_0__top50__monthly__long_only,delta_vs_same_scenario_G00,annualized_l1_turnover,5.100954305132609
G21,G21__mom_255_0__top50__monthly__long_only__rev5,long_only,rev5,20.0,0.0,G00__mom_255_0__top50__monthly__long_only,delta_vs_same_scenario_G00,cagr,-0.031272592383886105
G21,G21__mom_255_0__top50__monthly__long_only__rev5,long_only,rev5,20.0,0.0,G00__mom_255_0__top50__monthly__long_only,delta_vs_same_scenario_G00,sharpe_excess_rf,-0.1556507648588426
G21,G21__mom_255_0__top50__monthly__long_only__rev5,long_only,rev5,20.0,0.0,G00__mom_255_0__top50__monthly__long_only,delta_vs_same_scenario_G00,max_drawdown,-0.1687819761071943
G21,G21__mom_255_0__top50__monthly__long_only__rev5,long_only,rev5,20.0,0.0,G00__mom_255_0__top50__monthly__long_only,delta_vs_same_scenario_G00,annualized_volatility,0.043774099185741155
G21,G21__mom_255_0__top50__monthly__long_only__rev5,long_only,rev5,20.0,0.0,G00__mom_255_0__top50__monthly__long_only,delta_vs_same_scenario_G00,annualized_l1_turnover,5.100954305132609
G21,G21__mom_255_0__top50__monthly__long_short__rev20,long_short,rev20,0.0,0.0,G00__mom_255_0__top50__monthly__long_short,delta_vs_same_scenario_G00,cagr,0.005700485147213996
G21,G21__mom_255_0__top50__monthly__long_short__rev20,long_short,rev20,0.0,0.0,G00__mom_255_0__top50__monthly__long_short,delta_vs_same_scenario_G00,sharpe_excess_rf,0.045974174998730494
G21,G21__mom_255_0__top50__monthly__long_short__rev20,long_short,rev20,0.0,0.0,G00__mom_255_0__top50__monthly__long_short,delta_vs_same_scenario_G00,max_drawdown,0.0037627279116072
G21,G21__mom_255_0__top50__monthly__long_short__rev20,long_short,rev20,0.0,0.0,G00__mom_255_0__top50__monthly__long_short,delta_vs_same_scenario_G00,annualized_volatility,-0.015700843832508443
G21,G21__mom_255_0__top50__monthly__long_short__rev20,long_short,rev20,0.0,0.0,G00__mom_255_0__top50__monthly__long_short,delta_vs_same_scenario_G00,annualized_l1_turnover,4.701456332133114
G21,G21__mom_255_0__top50__monthly__long_short__rev20,long_short,rev20,0.0,0.01,G00__mom_255_0__top50__monthly__long_short,delta_vs_same_scenario_G00,cagr,0.0056802868855878735
G21,G21__mom_255_0__top50__monthly__long_short__rev20,long_short,rev20,0.0,0.01,G00__mom_255_0__top50__monthly__long_short,delta_vs_same_scenario_G00,sharpe_excess_rf,0.042415047613829304
G21,G21__mom_255_0__top50__monthly__long_short__rev20,long_short,rev20,0.0,0.01,G00__mom_255_0__top50__monthly__long_short,delta_vs_same_scenario_G00,max_drawdown,0.004408198119998985
G21,G21__mom_255_0__top50__monthly__long_short__rev20,long_short,rev20,0.0,0.01,G00__mom_255_0__top50__monthly__long_short,delta_vs_same_scenario_G00,annualized_volatility,-0.01570601925217771
G21,G21__mom_255_0__top50__monthly__long_short__rev20,long_short,rev20,0.0,0.01,G00__mom_255_0__top50__monthly__long_short,delta_vs_same_scenario_G00,annualized_l1_turnover,4.702440860407804
G21,G21__mom_255_0__top50__monthly__long_short__rev20,long_short,rev20,0.0,0.03,G00__mom_255_0__top50__monthly__long_short,delta_vs_same_scenario_G00,cagr,0.0056405529122034795
G21,G21__mom_255_0__top50__monthly__long_short__rev20,long_short,rev20,0.0,0.03,G00__mom_255_0__top50__monthly__long_short,delta_vs_same_scenario_G00,sharpe_excess_rf,0.03539816889322278
G21,G21__mom_255_0__top50__monthly__long_short__rev20,long_short,rev20,0.0,0.03,G00__mom_255_0__top50__monthly__long_short,delta_vs_same_scenario_G00,max_drawdown,0.005656295329987737
G21,G21__mom_255_0__top50__monthly__long_short__rev20,long_short,rev20,0.0,0.03,G00__mom_255_0__top50__monthly__long_short,delta_vs_same_scenario_G00,annualized_volatility,-0.01571623850369952
G21,G21__mom_255_0__top50__monthly__long_short__rev20,long_short,rev20,0.0,0.03,G00__mom_255_0__top50__monthly__long_short,delta_vs_same_scenario_G00,annualized_l1_turnover,4.704376279793041
G21,G21__mom_255_0__top50__monthly__long_short__rev20,long_short,rev20,5.0,0.0,G00__mom_255_0__top50__monthly__long_short,delta_vs_same_scenario_G00,cagr,0.0032077629862281853
G21,G21__mom_255_0__top50__monthly__long_short__rev20,long_short,rev20,5.0,0.0,G00__mom_255_0__top50__monthly__long_short,delta_vs_same_scenario_G00,sharpe_excess_rf,0.026492602236829088
G21,G21__mom_255_0__top50__monthly__long_short__rev20,long_short,rev20,5.0,0.0,G00__mom_255_0__top50__monthly__long_short,delta_vs_same_scenario_G00,max_drawdown,0.0024640080776215934
G21,G21__mom_255_0__top50__monthly__long_short__rev20,long_short,rev20,5.0,0.0,G00__mom_255_0__top50__monthly__long_short,delta_vs_same_scenario_G00,annualized_volatility,-0.015719828371841493
G21,G21__mom_255_0__top50__monthly__long_short__rev20,long_short,rev20,5.0,0.0,G00__mom_255_0__top50__monthly__long_short,delta_vs_same_scenario_G00,annualized_l1_turnover,4.701456332133115
G21,G21__mom_255_0__top50__monthly__long_short__rev20,long_short,rev20,5.0,0.01,G00__mom_255_0__top50__monthly__long_short,delta_vs_same_scenario_G00,cagr,0.0031994133475277964
G21,G21__mom_255_0__top50__monthly__long_short__rev20,long_short,rev20,5.0,0.01,G00__mom_255_0__top50__monthly__long_short,delta_vs_same_scenario_G00,sharpe_excess_rf,0.022927566967871793
G21,G21__mom_255_0__top50__monthly__long_short__rev20,long_short,rev20,5.0,0.01,G00__mom_255_0__top50__monthly__long_short,delta_vs_same_scenario_G00,max_drawdown,0.003114019385788258
G21,G21__mom_255_0__top50__monthly__long_short__rev20,long_short,rev20,5.0,0.01,G00__mom_255_0__top50__monthly__long_short,delta_vs_same_scenario_G00,annualized_volatility,-0.015725000445233228
G21,G21__mom_255_0__top50__monthly__long_short__rev20,long_short,rev20,5.0,0.01,G00__mom_255_0__top50__monthly__long_short,delta_vs_same_scenario_G00,annualized_l1_turnover,4.702440860407804
G21,G21__mom_255_0__top50__monthly__long_short__rev20,long_short,rev20,5.0,0.03,G00__mom_255_0__top50__monthly__long_short,delta_vs_same_scenario_G00,cagr,0.0031828838754537486
G21,G21__mom_255_0__top50__monthly__long_short__rev20,long_short,rev20,5.0,0.03,G00__mom_255_0__top50__monthly__long_short,delta_vs_same_scenario_G00,sharpe_excess_rf,0.015899067610268894
G21,G21__mom_255_0__top50__monthly__long_short__rev20,long_short,rev20,5.0,0.03,G00__mom_255_0__top50__monthly__long_short,delta_vs_same_scenario_G00,max_drawdown,0.004371051615187083
G21,G21__mom_255_0__top50__monthly__long_short__rev20,long_short,rev20,5.0,0.03,G00__mom_255_0__top50__monthly__long_short,delta_vs_same_scenario_G00,annualized_volatility,-0.01573521357071972
G21,G21__mom_255_0__top50__monthly__long_short__rev20,long_short,rev20,5.0,0.03,G00__mom_255_0__top50__monthly__long_short,delta_vs_same_scenario_G00,annualized_l1_turnover,4.704376279793041
G21,G21__mom_255_0__top50__monthly__long_short__rev20,long_short,rev20,10.0,0.0,G00__mom_255_0__top50__monthly__long_short,delta_vs_same_scenario_G00,cagr,0.0007362109217497123
G21,G21__mom_255_0__top50__monthly__long_short__rev20,long_short,rev20,10.0,0.0,G00__mom_255_0__top50__monthly__long_short,delta_vs_same_scenario_G00,sharpe_excess_rf,0.006966355198264829
G21,G21__mom_255_0__top50__monthly__long_short__rev20,long_short,rev20,10.0,0.0,G00__mom_255_0__top50__monthly__long_short,delta_vs_same_scenario_G00,max_drawdown,0.0011781741341214125
G21,G21__mom_255_0__top50__monthly__long_short__rev20,long_short,rev20,10.0,0.0,G00__mom_255_0__top50__monthly__long_short,delta_vs_same_scenario_G00,annualized_volatility,-0.015718020458564214
G21,G21__mom_255_0__top50__monthly__long_short__rev20,long_short,rev20,10.0,0.0,G00__mom_255_0__top50__monthly__long_short,delta_vs_same_scenario_G00,annualized_l1_turnover,4.701456332133115
G21,G21__mom_255_0__top50__monthly__long_short__rev20,long_short,rev20,10.0,0.01,G00__mom_255_0__top50__monthly__long_short,delta_vs_same_scenario_G00,cagr,0.0007396146099838546
G21,G21__mom_255_0__top50__monthly__long_short__rev20,long_short,rev20,10.0,0.01,G00__mom_255_0__top50__monthly__long_short,delta_vs_same_scenario_G00,sharpe_excess_rf,0.0034010883792906232
G21,G21__mom_255_0__top50__monthly__long_short__rev20,long_short,rev20,10.0,0.01,G00__mom_255_0__top50__monthly__long_short,delta_vs_same_scenario_G00,max_drawdown,0.001832669507343898
G21,G21__mom_255_0__top50__monthly__long_short__rev20,long_short,rev20,10.0,0.01,G00__mom_255_0__top50__monthly__long_short,delta_vs_same_scenario_G00,annualized_volatility,-0.01572318540962714
G21,G21__mom_255_0__top50__monthly__long_short__rev20,long_short,rev20,10.0,0.01,G00__mom_255_0__top50__monthly__long_short,delta_vs_same_scenario_G00,annualized_l1_turnover,4.702440860407804
G21,G21__mom_255_0__top50__monthly__long_short__rev20,long_short,rev20,10.0,0.03,G00__mom_255_0__top50__monthly__long_short,delta_vs_same_scenario_G00,cagr,0.0007461030148783951
G21,G21__mom_255_0__top50__monthly__long_short__rev20,long_short,rev20,10.0,0.03,G00__mom_255_0__top50__monthly__long_short,delta_vs_same_scenario_G00,sharpe_excess_rf,-0.0036278459641785193
G21,G21__mom_255_0__top50__monthly__long_short__rev20,long_short,rev20,10.0,0.03,G00__mom_255_0__top50__monthly__long_short,delta_vs_same_scenario_G00,max_drawdown,0.003098524989119944
G21,G21__mom_255_0__top50__monthly__long_short__rev20,long_short,rev20,10.0,0.03,G00__mom_255_0__top50__monthly__long_short,delta_vs_same_scenario_G00,annualized_volatility,-0.015733384963671382
G21,G21__mom_255_0__top50__monthly__long_short__rev20,long_short,rev20,10.0,0.03,G00__mom_255_0__top50__monthly__long_short,delta_vs_same_scenario_G00,annualized_l1_turnover,4.704376279793041
G21,G21__mom_255_0__top50__monthly__long_short__rev20,long_short,rev20,20.0,0.0,G00__mom_255_0__top50__monthly__long_short,delta_vs_same_scenario_G00,cagr,-0.004143871935643174
G21,G21__mom_255_0__top50__monthly__long_short__rev20,long_short,rev20,20.0,0.0,G00__mom_255_0__top50__monthly__long_short,delta_vs_same_scenario_G00,sharpe_excess_rf,-0.03212865470924077
G21,G21__mom_255_0__top50__monthly__long_short__rev20,long_short,rev20,20.0,0.0,G00__mom_255_0__top50__monthly__long_short,delta_vs_same_scenario_G00,max_drawdown,-0.001355185922272073
G21,G21__mom_255_0__top50__monthly__long_short__rev20,long_short,rev20,20.0,0.0,G00__mom_255_0__top50__monthly__long_short,delta_vs_same_scenario_G00,annualized_volatility,-0.015652029042271115
G21,G21__mom_255_0__top50__monthly__long_short__rev20,long_short,rev20,20.0,0.0,G00__mom_255_0__top50__monthly__long_short,delta_vs_same_scenario_G00,annualized_l1_turnover,4.701456332133114
G21,G21__mom_255_0__top50__monthly__long_short__rev20,long_short,rev20,20.0,0.01,G00__mom_255_0__top50__monthly__long_short,delta_vs_same_scenario_G00,cagr,-0.004117245406170814
G21,G21__mom_255_0__top50__monthly__long_short__rev20,long_short,rev20,20.0,0.01,G00__mom_255_0__top50__monthly__long_short,delta_vs_same_scenario_G00,sharpe_excess_rf,-0.03567735451306764
G21,G21__mom_255_0__top50__monthly__long_short__rev20,long_short,rev20,20.0,0.01,G00__mom_255_0__top50__monthly__long_short,delta_vs_same_scenario_G00,max_drawdown,-0.0006918919732211704
G21,G21__mom_255_0__top50__monthly__long_short__rev20,long_short,rev20,20.0,0.01,G00__mom_255_0__top50__monthly__long_short,delta_vs_same_scenario_G00,annualized_volatility,-0.015657168451898212
G21,G21__mom_255_0__top50__monthly__long_short__rev20,long_short,rev20,20.0,0.01,G00__mom_255_0__top50__monthly__long_short,delta_vs_same_scenario_G00,annualized_l1_turnover,4.702440860407804
G21,G21__mom_255_0__top50__monthly__long_short__rev20,long_short,rev20,20.0,0.03,G00__mom_255_0__top50__monthly__long_short,delta_vs_same_scenario_G00,cagr,-0.004065277056376843
G21,G21__mom_255_0__top50__monthly__long_short__rev20,long_short,rev20,20.0,0.03,G00__mom_255_0__top50__monthly__long_short,delta_vs_same_scenario_G00,sharpe_excess_rf,-0.042673599526011824
G21,G21__mom_255_0__top50__monthly__long_short__rev20,long_short,rev20,20.0,0.03,G00__mom_255_0__top50__monthly__long_short,delta_vs_same_scenario_G00,max_drawdown,-0.00015964834046355847
G21,G21__mom_255_0__top50__monthly__long_short__rev20,long_short,rev20,20.0,0.03,G00__mom_255_0__top50__monthly__long_short,delta_vs_same_scenario_G00,annualized_volatility,-0.01566731858661674
G21,G21__mom_255_0__top50__monthly__long_short__rev20,long_short,rev20,20.0,0.03,G00__mom_255_0__top50__monthly__long_short,delta_vs_same_scenario_G00,annualized_l1_turnover,4.704376279793041
G21,G21__mom_255_0__top50__monthly__long_short__rev5,long_short,rev5,0.0,0.0,G00__mom_255_0__top50__monthly__long_short,delta_vs_same_scenario_G00,cagr,-0.0036593058940097567
G21,G21__mom_255_0__top50__monthly__long_short__rev5,long_short,rev5,0.0,0.0,G00__mom_255_0__top50__monthly__long_short,delta_vs_same_scenario_G00,sharpe_excess_rf,-0.014625583792360342
G21,G21__mom_255_0__top50__monthly__long_short__rev5,long_short,rev5,0.0,0.0,G00__mom_255_0__top50__monthly__long_short,delta_vs_same_scenario_G00,max_drawdown,0.0067440782234204355
G21,G21__mom_255_0__top50__monthly__long_short__rev5,long_short,rev5,0.0,0.0,G00__mom_255_0__top50__monthly__long_short,delta_vs_same_scenario_G00,annualized_volatility,-0.022214555462921087
G21,G21__mom_255_0__top50__monthly__long_short__rev5,long_short,rev5,0.0,0.0,G00__mom_255_0__top50__monthly__long_short,delta_vs_same_scenario_G00,annualized_l1_turnover,4.808238222190948
G21,G21__mom_255_0__top50__monthly__long_short__rev5,long_short,rev5,0.0,0.01,G00__mom_255_0__top50__monthly__long_short,delta_vs_same_scenario_G00,cagr,-0.0036472903579793797
G21,G21__mom_255_0__top50__monthly__long_short__rev5,long_short,rev5,0.0,0.01,G00__mom_255_0__top50__monthly__long_short,delta_vs_same_scenario_G00,sharpe_excess_rf,-0.020018855166141547
G21,G21__mom_255_0__top50__monthly__long_short__rev5,long_short,rev5,0.0,0.01,G00__mom_255_0__top50__monthly__long_short,delta_vs_same_scenario_G00,max_drawdown,0.005253046131817263
G21,G21__mom_255_0__top50__monthly__long_short__rev5,long_short,rev5,0.0,0.01,G00__mom_255_0__top50__monthly__long_short,delta_vs_same_scenario_G00,annualized_volatility,-0.02222150854764246
G21,G21__mom_255_0__top50__monthly__long_short__rev5,long_short,rev5,0.0,0.01,G00__mom_255_0__top50__monthly__long_short,delta_vs_same_scenario_G00,annualized_l1_turnover,4.809211398517015
G21,G21__mom_255_0__top50__monthly__long_short__rev5,long_short,rev5,0.0,0.03,G00__mom_255_0__top50__monthly__long_short,delta_vs_same_scenario_G00,cagr,-0.003623666898104193
G21,G21__mom_255_0__top50__monthly__long_short__rev5,long_short,rev5,0.0,0.03,G00__mom_255_0__top50__monthly__long_short,delta_vs_same_scenario_G00,sharpe_excess_rf,-0.030650350937760612
G21,G21__mom_255_0__top50__monthly__long_short__rev5,long_short,rev5,0.0,0.03,G00__mom_255_0__top50__monthly__long_short,delta_vs_same_scenario_G00,max_drawdown,-0.005276621772797585
G21,G21__mom_255_0__top50__monthly__long_short__rev5,long_short,rev5,0.0,0.03,G00__mom_255_0__top50__monthly__long_short,delta_vs_same_scenario_G00,annualized_volatility,-0.022235235508032858
G21,G21__mom_255_0__top50__monthly__long_short__rev5,long_short,rev5,0.0,0.03,G00__mom_255_0__top50__monthly__long_short,delta_vs_same_scenario_G00,annualized_l1_turnover,4.811124263848664
G21,G21__mom_255_0__top50__monthly__long_short__rev5,long_short,rev5,5.0,0.0,G00__mom_255_0__top50__monthly__long_short,delta_vs_same_scenario_G00,cagr,-0.006151000897983011
G21,G21__mom_255_0__top50__monthly__long_short__rev5,long_short,rev5,5.0,0.0,G00__mom_255_0__top50__monthly__long_short,delta_vs_same_scenario_G00,sharpe_excess_rf,-0.03664535134123917
G21,G21__mom_255_0__top50__monthly__long_short__rev5,long_short,rev5,5.0,0.0,G00__mom_255_0__top50__monthly__long_short,delta_vs_same_scenario_G00,max_drawdown,0.0014506464704016064
G21,G21__mom_255_0__top50__monthly__long_short__rev5,long_short,rev5,5.0,0.0,G00__mom_255_0__top50__monthly__long_short,delta_vs_same_scenario_G00,annualized_volatility,-0.022214041008802143
G21,G21__mom_255_0__top50__monthly__long_short__rev5,long_short,rev5,5.0,0.0,G00__mom_255_0__top50__monthly__long_short,delta_vs_same_scenario_G00,annualized_l1_turnover,4.8082382221909485
G21,G21__mom_255_0__top50__monthly__long_short__rev5,long_short,rev5,5.0,0.01,G00__mom_255_0__top50__monthly__long_short,delta_vs_same_scenario_G00,cagr,-0.006127034652930657
G21,G21__mom_255_0__top50__monthly__long_short__rev5,long_short,rev5,5.0,0.01,G00__mom_255_0__top50__monthly__long_short,delta_vs_same_scenario_G00,sharpe_excess_rf,-0.042040073221665475
G21,G21__mom_255_0__top50__monthly__long_short__rev5,long_short,rev5,5.0,0.01,G00__mom_255_0__top50__monthly__long_short,delta_vs_same_scenario_G00,max_drawdown,-0.004788407470295075
G21,G21__mom_255_0__top50__monthly__long_short__rev5,long_short,rev5,5.0,0.01,G00__mom_255_0__top50__monthly__long_short,delta_vs_same_scenario_G00,annualized_volatility,-0.02222099059261487
G21,G21__mom_255_0__top50__monthly__long_short__rev5,long_short,rev5,5.0,0.01,G00__mom_255_0__top50__monthly__long_short,delta_vs_same_scenario_G00,annualized_l1_turnover,4.809211398517015
G21,G21__mom_255_0__top50__monthly__long_short__rev5,long_short,rev5,5.0,0.03,G00__mom_255_0__top50__monthly__long_short,delta_vs_same_scenario_G00,cagr,-0.006080008628337449
G21,G21__mom_255_0__top50__monthly__long_short__rev5,long_short,rev5,5.0,0.03,G00__mom_255_0__top50__monthly__long_short,delta_vs_same_scenario_G00,sharpe_excess_rf,-0.05267441502632238
G21,G21__mom_255_0__top50__monthly__long_short__rev5,long_short,rev5,5.0,0.03,G00__mom_255_0__top50__monthly__long_short,delta_vs_same_scenario_G00,max_drawdown,-0.01665836668531434
G21,G21__mom_255_0__top50__monthly__long_short__rev5,long_short,rev5,5.0,0.03,G00__mom_255_0__top50__monthly__long_short,delta_vs_same_scenario_G00,annualized_volatility,-0.022234711174410365
G21,G21__mom_255_0__top50__monthly__long_short__rev5,long_short,rev5,5.0,0.03,G00__mom_255_0__top50__monthly__long_short,delta_vs_same_scenario_G00,annualized_l1_turnover,4.811124263848664
G21,G21__mom_255_0__top50__monthly__long_short__rev5,long_short,rev5,10.0,0.0,G00__mom_255_0__top50__monthly__long_short,delta_vs_same_scenario_G00,cagr,-0.008621161757231134
G21,G21__mom_255_0__top50__monthly__long_short__rev5,long_short,rev5,10.0,0.0,G00__mom_255_0__top50__monthly__long_short,delta_vs_same_scenario_G00,sharpe_excess_rf,-0.05868784140816337
G21,G21__mom_255_0__top50__monthly__long_short__rev5,long_short,rev5,10.0,0.0,G00__mom_255_0__top50__monthly__long_short,delta_vs_same_scenario_G00,max_drawdown,-0.010277869162867603
G21,G21__mom_255_0__top50__monthly__long_short__rev5,long_short,rev5,10.0,0.0,G00__mom_255_0__top50__monthly__long_short,delta_vs_same_scenario_G00,annualized_volatility,-0.022191376194352158
G21,G21__mom_255_0__top50__monthly__long_short__rev5,long_short,rev5,10.0,0.0,G00__mom_255_0__top50__monthly__long_short,delta_vs_same_scenario_G00,annualized_l1_turnover,4.8082382221909485
G21,G21__mom_255_0__top50__monthly__long_short__rev5,long_short,rev5,10.0,0.01,G00__mom_255_0__top50__monthly__long_short,delta_vs_same_scenario_G00,cagr,-0.008585342422111827
G21,G21__mom_255_0__top50__monthly__long_short__rev5,long_short,rev5,10.0,0.01,G00__mom_255_0__top50__monthly__long_short,delta_vs_same_scenario_G00,sharpe_excess_rf,-0.06407721464569592
G21,G21__mom_255_0__top50__monthly__long_short__rev5,long_short,rev5,10.0,0.01,G00__mom_255_0__top50__monthly__long_short,delta_vs_same_scenario_G00,max_drawdown,-0.016292013582289433
G21,G21__mom_255_0__top50__monthly__long_short__rev5,long_short,rev5,10.0,0.01,G00__mom_255_0__top50__monthly__long_short,delta_vs_same_scenario_G00,annualized_volatility,-0.02219831829278443
G21,G21__mom_255_0__top50__monthly__long_short__rev5,long_short,rev5,10.0,0.01,G00__mom_255_0__top50__monthly__long_short,delta_vs_same_scenario_G00,annualized_l1_turnover,4.809211398517015
G21,G21__mom_255_0__top50__monthly__long_short__rev5,long_short,rev5,10.0,0.03,G00__mom_255_0__top50__monthly__long_short,delta_vs_same_scenario_G00,cagr,-0.00851510499611511
G21,G21__mom_255_0__top50__monthly__long_short__rev5,long_short,rev5,10.0,0.03,G00__mom_255_0__top50__monthly__long_short,delta_vs_same_scenario_G00,sharpe_excess_rf,-0.07470100407035914
G21,G21__mom_255_0__top50__monthly__long_short__rev5,long_short,rev5,10.0,0.03,G00__mom_255_0__top50__monthly__long_short,delta_vs_same_scenario_G00,max_drawdown,-0.027729917911245072
G21,G21__mom_255_0__top50__monthly__long_short__rev5,long_short,rev5,10.0,0.03,G00__mom_255_0__top50__monthly__long_short,delta_vs_same_scenario_G00,annualized_volatility,-0.02221202463700575
G21,G21__mom_255_0__top50__monthly__long_short__rev5,long_short,rev5,10.0,0.03,G00__mom_255_0__top50__monthly__long_short,delta_vs_same_scenario_G00,annualized_l1_turnover,4.811124263848664
G21,G21__mom_255_0__top50__monthly__long_short__rev5,long_short,rev5,20.0,0.0,G00__mom_255_0__top50__monthly__long_short,delta_vs_same_scenario_G00,cagr,-0.013497385446883316
G21,G21__mom_255_0__top50__monthly__long_short__rev5,long_short,rev5,20.0,0.0,G00__mom_255_0__top50__monthly__long_short,delta_vs_same_scenario_G00,sharpe_excess_rf,-0.10273232509910352
G21,G21__mom_255_0__top50__monthly__long_short__rev5,long_short,rev5,20.0,0.0,G00__mom_255_0__top50__monthly__long_short,delta_vs_same_scenario_G00,max_drawdown,-0.032785633373572265
G21,G21__mom_255_0__top50__monthly__long_short__rev5,long_short,rev5,20.0,0.0,G00__mom_255_0__top50__monthly__long_short,delta_vs_same_scenario_G00,annualized_volatility,-0.02207965340469384
G21,G21__mom_255_0__top50__monthly__long_short__rev5,long_short,rev5,20.0,0.0,G00__mom_255_0__top50__monthly__long_short,delta_vs_same_scenario_G00,annualized_l1_turnover,4.808238222190948
G21,G21__mom_255_0__top50__monthly__long_short__rev5,long_short,rev5,20.0,0.01,G00__mom_255_0__top50__monthly__long_short,delta_vs_same_scenario_G00,cagr,-0.01343815063264792
G21,G21__mom_255_0__top50__monthly__long_short__rev5,long_short,rev5,20.0,0.01,G00__mom_255_0__top50__monthly__long_short,delta_vs_same_scenario_G00,sharpe_excess_rf,-0.10809064893965313
G21,G21__mom_255_0__top50__monthly__long_short__rev5,long_short,rev5,20.0,0.01,G00__mom_255_0__top50__monthly__long_short,delta_vs_same_scenario_G00,max_drawdown,-0.038365894260063094
G21,G21__mom_255_0__top50__monthly__long_short__rev5,long_short,rev5,20.0,0.01,G00__mom_255_0__top50__monthly__long_short,delta_vs_same_scenario_G00,annualized_volatility,-0.022086568615080987
G21,G21__mom_255_0__top50__monthly__long_short__rev5,long_short,rev5,20.0,0.01,G00__mom_255_0__top50__monthly__long_short,delta_vs_same_scenario_G00,annualized_l1_turnover,4.809211398517015
G21,G21__mom_255_0__top50__monthly__long_short__rev5,long_short,rev5,20.0,0.03,G00__mom_255_0__top50__monthly__long_short,delta_vs_same_scenario_G00,cagr,-0.013322059672355686
G21,G21__mom_255_0__top50__monthly__long_short__rev5,long_short,rev5,20.0,0.03,G00__mom_255_0__top50__monthly__long_short,delta_vs_same_scenario_G00,sharpe_excess_rf,-0.11865322745957778
G21,G21__mom_255_0__top50__monthly__long_short__rev5,long_short,rev5,20.0,0.03,G00__mom_255_0__top50__monthly__long_short,delta_vs_same_scenario_G00,max_drawdown,-0.0489703442147601
G21,G21__mom_255_0__top50__monthly__long_short__rev5,long_short,rev5,20.0,0.03,G00__mom_255_0__top50__monthly__long_short,delta_vs_same_scenario_G00,annualized_volatility,-0.02210022297612585
G21,G21__mom_255_0__top50__monthly__long_short__rev5,long_short,rev5,20.0,0.03,G00__mom_255_0__top50__monthly__long_short,delta_vs_same_scenario_G00,annualized_l1_turnover,4.811124263848664
G21,G21__mom_255_0__top50__weekly__long_only__rev20,long_only,rev20,0.0,0.0,G00__mom_255_0__top50__weekly__long_only,delta_vs_same_scenario_G00,cagr,0.027306416684088675
G21,G21__mom_255_0__top50__weekly__long_only__rev20,long_only,rev20,0.0,0.0,G00__mom_255_0__top50__weekly__long_only,delta_vs_same_scenario_G00,sharpe_excess_rf,0.0024867509737551696
G21,G21__mom_255_0__top50__weekly__long_only__rev20,long_only,rev20,0.0,0.0,G00__mom_255_0__top50__weekly__long_only,delta_vs_same_scenario_G00,max_drawdown,-0.231537923310138
G21,G21__mom_255_0__top50__weekly__long_only__rev20,long_only,rev20,0.0,0.0,G00__mom_255_0__top50__weekly__long_only,delta_vs_same_scenario_G00,annualized_volatility,0.06871556498329609
G21,G21__mom_255_0__top50__weekly__long_only__rev20,long_only,rev20,0.0,0.0,G00__mom_255_0__top50__weekly__long_only,delta_vs_same_scenario_G00,annualized_l1_turnover,13.368025319165957
G21,G21__mom_255_0__top50__weekly__long_only__rev20,long_only,rev20,5.0,0.0,G00__mom_255_0__top50__weekly__long_only,delta_vs_same_scenario_G00,cagr,0.019318963582357268
G21,G21__mom_255_0__top50__weekly__long_only__rev20,long_only,rev20,5.0,0.0,G00__mom_255_0__top50__weekly__long_only,delta_vs_same_scenario_G00,sharpe_excess_rf,-0.01199559620385826
G21,G21__mom_255_0__top50__weekly__long_only__rev20,long_only,rev20,5.0,0.0,G00__mom_255_0__top50__weekly__long_only,delta_vs_same_scenario_G00,max_drawdown,-0.2236533466664053
G21,G21__mom_255_0__top50__weekly__long_only__rev20,long_only,rev20,5.0,0.0,G00__mom_255_0__top50__weekly__long_only,delta_vs_same_scenario_G00,annualized_volatility,0.06870947495623816
G21,G21__mom_255_0__top50__weekly__long_only__rev20,long_only,rev20,5.0,0.0,G00__mom_255_0__top50__weekly__long_only,delta_vs_same_scenario_G00,annualized_l1_turnover,13.368025319165957
G21,G21__mom_255_0__top50__weekly__long_only__rev20,long_only,rev20,10.0,0.0,G00__mom_255_0__top50__weekly__long_only,delta_vs_same_scenario_G00,cagr,0.011500356834270198
G21,G21__mom_255_0__top50__weekly__long_only__rev20,long_only,rev20,10.0,0.0,G00__mom_255_0__top50__weekly__long_only,delta_vs_same_scenario_G00,sharpe_excess_rf,-0.026503131689583403
G21,G21__mom_255_0__top50__weekly__long_only__rev20,long_only,rev20,10.0,0.0,G00__mom_255_0__top50__weekly__long_only,delta_vs_same_scenario_G00,max_drawdown,-0.2158870564710944
G21,G21__mom_255_0__top50__weekly__long_only__rev20,long_only,rev20,10.0,0.0,G00__mom_255_0__top50__weekly__long_only,delta_vs_same_scenario_G00,annualized_volatility,0.0687189629791321
G21,G21__mom_255_0__top50__weekly__long_only__rev20,long_only,rev20,10.0,0.0,G00__mom_255_0__top50__weekly__long_only,delta_vs_same_scenario_G00,annualized_l1_turnover,13.368025319165957
G21,G21__mom_255_0__top50__weekly__long_only__rev20,long_only,rev20,20.0,0.0,G00__mom_255_0__top50__weekly__long_only,delta_vs_same_scenario_G00,cagr,-0.003641105935546743
G21,G21__mom_255_0__top50__weekly__long_only__rev20,long_only,rev20,20.0,0.0,G00__mom_255_0__top50__weekly__long_only,delta_vs_same_scenario_G00,sharpe_excess_rf,-0.05556229327069895
G21,G21__mom_255_0__top50__weekly__long_only__rev20,long_only,rev20,20.0,0.0,G00__mom_255_0__top50__weekly__long_only,delta_vs_same_scenario_G00,max_drawdown,-0.20070295839313063
G21,G21__mom_255_0__top50__weekly__long_only__rev20,long_only,rev20,20.0,0.0,G00__mom_255_0__top50__weekly__long_only,delta_vs_same_scenario_G00,annualized_volatility,0.06878465363405298
G21,G21__mom_255_0__top50__weekly__long_only__rev20,long_only,rev20,20.0,0.0,G00__mom_255_0__top50__weekly__long_only,delta_vs_same_scenario_G00,annualized_l1_turnover,13.368025319165957
G21,G21__mom_255_0__top50__weekly__long_only__rev5,long_only,rev5,0.0,0.0,G00__mom_255_0__top50__weekly__long_only,delta_vs_same_scenario_G00,cagr,0.03662045759907412
G21,G21__mom_255_0__top50__weekly__long_only__rev5,long_only,rev5,0.0,0.0,G00__mom_255_0__top50__weekly__long_only,delta_vs_same_scenario_G00,sharpe_excess_rf,0.0409987529351008
G21,G21__mom_255_0__top50__weekly__long_only__rev5,long_only,rev5,0.0,0.0,G00__mom_255_0__top50__weekly__long_only,delta_vs_same_scenario_G00,max_drawdown,-0.23300176154510877
G21,G21__mom_255_0__top50__weekly__long_only__rev5,long_only,rev5,0.0,0.0,G00__mom_255_0__top50__weekly__long_only,delta_vs_same_scenario_G00,annualized_volatility,0.05869395805146091
G21,G21__mom_255_0__top50__weekly__long_only__rev5,long_only,rev5,0.0,0.0,G00__mom_255_0__top50__weekly__long_only,delta_vs_same_scenario_G00,annualized_l1_turnover,22.743965178068606
G21,G21__mom_255_0__top50__weekly__long_only__rev5,long_only,rev5,5.0,0.0,G00__mom_255_0__top50__weekly__long_only,delta_vs_same_scenario_G00,cagr,0.02303320685328178
G21,G21__mom_255_0__top50__weekly__long_only__rev5,long_only,rev5,5.0,0.0,G00__mom_255_0__top50__weekly__long_only,delta_vs_same_scenario_G00,sharpe_excess_rf,0.008633251207651349
G21,G21__mom_255_0__top50__weekly__long_only__rev5,long_only,rev5,5.0,0.0,G00__mom_255_0__top50__weekly__long_only,delta_vs_same_scenario_G00,max_drawdown,-0.2253273014127703
G21,G21__mom_255_0__top50__weekly__long_only__rev5,long_only,rev5,5.0,0.0,G00__mom_255_0__top50__weekly__long_only,delta_vs_same_scenario_G00,annualized_volatility,0.058605605675884104
G21,G21__mom_255_0__top50__weekly__long_only__rev5,long_only,rev5,5.0,0.0,G00__mom_255_0__top50__weekly__long_only,delta_vs_same_scenario_G00,annualized_l1_turnover,22.743965178068606
G21,G21__mom_255_0__top50__weekly__long_only__rev5,long_only,rev5,10.0,0.0,G00__mom_255_0__top50__weekly__long_only,delta_vs_same_scenario_G00,cagr,0.009793071271280596
G21,G21__mom_255_0__top50__weekly__long_only__rev5,long_only,rev5,10.0,0.0,G00__mom_255_0__top50__weekly__long_only,delta_vs_same_scenario_G00,sharpe_excess_rf,-0.023832059229553337
G21,G21__mom_255_0__top50__weekly__long_only__rev5,long_only,rev5,10.0,0.0,G00__mom_255_0__top50__weekly__long_only,delta_vs_same_scenario_G00,max_drawdown,-0.21777025263616
G21,G21__mom_255_0__top50__weekly__long_only__rev5,long_only,rev5,10.0,0.0,G00__mom_255_0__top50__weekly__long_only,delta_vs_same_scenario_G00,annualized_volatility,0.05855296794329817
G21,G21__mom_255_0__top50__weekly__long_only__rev5,long_only,rev5,10.0,0.0,G00__mom_255_0__top50__weekly__long_only,delta_vs_same_scenario_G00,annualized_l1_turnover,22.743965178068606
G21,G21__mom_255_0__top50__weekly__long_only__rev5,long_only,rev5,20.0,0.0,G00__mom_255_0__top50__weekly__long_only,delta_vs_same_scenario_G00,cagr,-0.01567324994768922
G21,G21__mom_255_0__top50__weekly__long_only__rev5,long_only,rev5,20.0,0.0,G00__mom_255_0__top50__weekly__long_only,delta_vs_same_scenario_G00,sharpe_excess_rf,-0.08895821425847567
G21,G21__mom_255_0__top50__weekly__long_only__rev5,long_only,rev5,20.0,0.0,G00__mom_255_0__top50__weekly__long_only,delta_vs_same_scenario_G00,max_drawdown,-0.23193011707597172
G21,G21__mom_255_0__top50__weekly__long_only__rev5,long_only,rev5,20.0,0.0,G00__mom_255_0__top50__weekly__long_only,delta_vs_same_scenario_G00,annualized_volatility,0.05855488839088427
G21,G21__mom_255_0__top50__weekly__long_only__rev5,long_only,rev5,20.0,0.0,G00__mom_255_0__top50__weekly__long_only,delta_vs_same_scenario_G00,annualized_l1_turnover,22.743965178068606
G21,G21__mom_255_0__top50__weekly__long_short__rev20,long_short,rev20,0.0,0.0,G00__mom_255_0__top50__weekly__long_short,delta_vs_same_scenario_G00,cagr,0.048289632002333646
G21,G21__mom_255_0__top50__weekly__long_short__rev20,long_short,rev20,0.0,0.0,G00__mom_255_0__top50__weekly__long_short,delta_vs_same_scenario_G00,sharpe_excess_rf,0.3140451565503118
G21,G21__mom_255_0__top50__weekly__long_short__rev20,long_short,rev20,0.0,0.0,G00__mom_255_0__top50__weekly__long_short,delta_vs_same_scenario_G00,max_drawdown,0.19609219273652134
G21,G21__mom_255_0__top50__weekly__long_short__rev20,long_short,rev20,0.0,0.0,G00__mom_255_0__top50__weekly__long_short,delta_vs_same_scenario_G00,annualized_volatility,-0.014205364986511565
G21,G21__mom_255_0__top50__weekly__long_short__rev20,long_short,rev20,0.0,0.0,G00__mom_255_0__top50__weekly__long_short,delta_vs_same_scenario_G00,annualized_l1_turnover,13.535790436700088
G21,G21__mom_255_0__top50__weekly__long_short__rev20,long_short,rev20,0.0,0.01,G00__mom_255_0__top50__weekly__long_short,delta_vs_same_scenario_G00,cagr,0.048060074650954784
G21,G21__mom_255_0__top50__weekly__long_short__rev20,long_short,rev20,0.0,0.01,G00__mom_255_0__top50__weekly__long_short,delta_vs_same_scenario_G00,sharpe_excess_rf,0.3108949488911461
G21,G21__mom_255_0__top50__weekly__long_short__rev20,long_short,rev20,0.0,0.01,G00__mom_255_0__top50__weekly__long_short,delta_vs_same_scenario_G00,max_drawdown,0.2035793366593276
G21,G21__mom_255_0__top50__weekly__long_short__rev20,long_short,rev20,0.0,0.01,G00__mom_255_0__top50__weekly__long_short,delta_vs_same_scenario_G00,annualized_volatility,-0.014208698146916748
G21,G21__mom_255_0__top50__weekly__long_short__rev20,long_short,rev20,0.0,0.01,G00__mom_255_0__top50__weekly__long_short,delta_vs_same_scenario_G00,annualized_l1_turnover,13.536377034571215
G21,G21__mom_255_0__top50__weekly__long_short__rev20,long_short,rev20,0.0,0.03,G00__mom_255_0__top50__weekly__long_short,delta_vs_same_scenario_G00,cagr,0.04761078607683585
G21,G21__mom_255_0__top50__weekly__long_short__rev20,long_short,rev20,0.0,0.03,G00__mom_255_0__top50__weekly__long_short,delta_vs_same_scenario_G00,sharpe_excess_rf,0.3046837448952849
G21,G21__mom_255_0__top50__weekly__long_short__rev20,long_short,rev20,0.0,0.03,G00__mom_255_0__top50__weekly__long_short,delta_vs_same_scenario_G00,max_drawdown,0.21801085468769715
G21,G21__mom_255_0__top50__weekly__long_short__rev20,long_short,rev20,0.0,0.03,G00__mom_255_0__top50__weekly__long_short,delta_vs_same_scenario_G00,annualized_volatility,-0.01421526769499587
G21,G21__mom_255_0__top50__weekly__long_short__rev20,long_short,rev20,0.0,0.03,G00__mom_255_0__top50__weekly__long_short,delta_vs_same_scenario_G00,annualized_l1_turnover,13.537534493104316
G21,G21__mom_255_0__top50__weekly__long_short__rev20,long_short,rev20,5.0,0.0,G00__mom_255_0__top50__weekly__long_short,delta_vs_same_scenario_G00,cagr,0.040748060182447116
G21,G21__mom_255_0__top50__weekly__long_short__rev20,long_short,rev20,5.0,0.0,G00__mom_255_0__top50__weekly__long_short,delta_vs_same_scenario_G00,sharpe_excess_rf,0.26115062934002814
G21,G21__mom_255_0__top50__weekly__long_short__rev20,long_short,rev20,5.0,0.0,G00__mom_255_0__top50__weekly__long_short,delta_vs_same_scenario_G00,max_drawdown,0.20649031476728064
G21,G21__mom_255_0__top50__weekly__long_short__rev20,long_short,rev20,5.0,0.0,G00__mom_255_0__top50__weekly__long_short,delta_vs_same_scenario_G00,annualized_volatility,-0.014178743024888862
G21,G21__mom_255_0__top50__weekly__long_short__rev20,long_short,rev20,5.0,0.0,G00__mom_255_0__top50__weekly__long_short,delta_vs_same_scenario_G00,annualized_l1_turnover,13.535790436700088
G21,G21__mom_255_0__top50__weekly__long_short__rev20,long_short,rev20,5.0,0.01,G00__mom_255_0__top50__weekly__long_short,delta_vs_same_scenario_G00,cagr,0.04055549452846944
G21,G21__mom_255_0__top50__weekly__long_short__rev20,long_short,rev20,5.0,0.01,G00__mom_255_0__top50__weekly__long_short,delta_vs_same_scenario_G00,sharpe_excess_rf,0.2580080188729808
G21,G21__mom_255_0__top50__weekly__long_short__rev20,long_short,rev20,5.0,0.01,G00__mom_255_0__top50__weekly__long_short,delta_vs_same_scenario_G00,max_drawdown,0.21380402879404115
G21,G21__mom_255_0__top50__weekly__long_short__rev20,long_short,rev20,5.0,0.01,G00__mom_255_0__top50__weekly__long_short,delta_vs_same_scenario_G00,annualized_volatility,-0.014182080622946874
G21,G21__mom_255_0__top50__weekly__long_short__rev20,long_short,rev20,5.0,0.01,G00__mom_255_0__top50__weekly__long_short,delta_vs_same_scenario_G00,annualized_l1_turnover,13.536377034571219
G21,G21__mom_255_0__top50__weekly__long_short__rev20,long_short,rev20,5.0,0.03,G00__mom_255_0__top50__weekly__long_short,delta_vs_same_scenario_G00,cagr,0.04017858684784548
G21,G21__mom_255_0__top50__weekly__long_short__rev20,long_short,rev20,5.0,0.03,G00__mom_255_0__top50__weekly__long_short,delta_vs_same_scenario_G00,sharpe_excess_rf,0.2518117729063076
G21,G21__mom_255_0__top50__weekly__long_short__rev20,long_short,rev20,5.0,0.03,G00__mom_255_0__top50__weekly__long_short,delta_vs_same_scenario_G00,max_drawdown,0.22790095985706793
G21,G21__mom_255_0__top50__weekly__long_short__rev20,long_short,rev20,5.0,0.03,G00__mom_255_0__top50__weekly__long_short,delta_vs_same_scenario_G00,annualized_volatility,-0.014188659114827834
G21,G21__mom_255_0__top50__weekly__long_short__rev20,long_short,rev20,5.0,0.03,G00__mom_255_0__top50__weekly__long_short,delta_vs_same_scenario_G00,annualized_l1_turnover,13.537534493104316
G21,G21__mom_255_0__top50__weekly__long_short__rev20,long_short,rev20,10.0,0.0,G00__mom_255_0__top50__weekly__long_short,delta_vs_same_scenario_G00,cagr,0.0333634638544236
G21,G21__mom_255_0__top50__weekly__long_short__rev20,long_short,rev20,10.0,0.0,G00__mom_255_0__top50__weekly__long_short,delta_vs_same_scenario_G00,sharpe_excess_rf,0.20826236458368177
G21,G21__mom_255_0__top50__weekly__long_short__rev20,long_short,rev20,10.0,0.0,G00__mom_255_0__top50__weekly__long_short,delta_vs_same_scenario_G00,max_drawdown,0.21661945545227057
G21,G21__mom_255_0__top50__weekly__long_short__rev20,long_short,rev20,10.0,0.0,G00__mom_255_0__top50__weekly__long_short,delta_vs_same_scenario_G00,annualized_volatility,-0.0141158248249241
G21,G21__mom_255_0__top50__weekly__long_short__rev20,long_short,rev20,10.0,0.0,G00__mom_255_0__top50__weekly__long_short,delta_vs_same_scenario_G00,annualized_l1_turnover,13.535790436700088
G21,G21__mom_255_0__top50__weekly__long_short__rev20,long_short,rev20,10.0,0.01,G00__mom_255_0__top50__weekly__long_short,delta_vs_same_scenario_G00,cagr,0.03320712894211929
G21,G21__mom_255_0__top50__weekly__long_short__rev20,long_short,rev20,10.0,0.01,G00__mom_255_0__top50__weekly__long_short,delta_vs_same_scenario_G00,sharpe_excess_rf,0.205136617632666
G21,G21__mom_255_0__top50__weekly__long_short__rev20,long_short,rev20,10.0,0.01,G00__mom_255_0__top50__weekly__long_short,delta_vs_same_scenario_G00,max_drawdown,0.2237635970659701
G21,G21__mom_255_0__top50__weekly__long_short__rev20,long_short,rev20,10.0,0.01,G00__mom_255_0__top50__weekly__long_short,delta_vs_same_scenario_G00,annualized_volatility,-0.014119166364676278
G21,G21__mom_255_0__top50__weekly__long_short__rev20,long_short,rev20,10.0,0.01,G00__mom_255_0__top50__weekly__long_short,delta_vs_same_scenario_G00,annualized_l1_turnover,13.536377034571219
G21,G21__mom_255_0__top50__weekly__long_short__rev20,long_short,rev20,10.0,0.03,G00__mom_255_0__top50__weekly__long_short,delta_vs_same_scenario_G00,cagr,0.03290111321578637
G21,G21__mom_255_0__top50__weekly__long_short__rev20,long_short,rev20,10.0,0.03,G00__mom_255_0__top50__weekly__long_short,delta_vs_same_scenario_G00,sharpe_excess_rf,0.19897358843544802
G21,G21__mom_255_0__top50__weekly__long_short__rev20,long_short,rev20,10.0,0.03,G00__mom_255_0__top50__weekly__long_short,delta_vs_same_scenario_G00,max_drawdown,0.23645245932736525
G21,G21__mom_255_0__top50__weekly__long_short__rev20,long_short,rev20,10.0,0.03,G00__mom_255_0__top50__weekly__long_short,delta_vs_same_scenario_G00,annualized_volatility,-0.014125752814303422
G21,G21__mom_255_0__top50__weekly__long_short__rev20,long_short,rev20,10.0,0.03,G00__mom_255_0__top50__weekly__long_short,delta_vs_same_scenario_G00,annualized_l1_turnover,13.537534493104319
G21,G21__mom_255_0__top50__weekly__long_short__rev20,long_short,rev20,20.0,0.0,G00__mom_255_0__top50__weekly__long_short,delta_vs_same_scenario_G00,cagr,0.01905521002449486
G21,G21__mom_255_0__top50__weekly__long_short__rev20,long_short,rev20,20.0,0.0,G00__mom_255_0__top50__weekly__long_short,delta_vs_same_scenario_G00,sharpe_excess_rf,0.10285409289652424
G21,G21__mom_255_0__top50__weekly__long_short__rev20,long_short,rev20,20.0,0.0,G00__mom_255_0__top50__weekly__long_short,delta_vs_same_scenario_G00,max_drawdown,0.22387382250679733
G21,G21__mom_255_0__top50__weekly__long_short__rev20,long_short,rev20,20.0,0.0,G00__mom_255_0__top50__weekly__long_short,delta_vs_same_scenario_G00,annualized_volatility,-0.013881455070080317
G21,G21__mom_255_0__top50__weekly__long_short__rev20,long_short,rev20,20.0,0.0,G00__mom_255_0__top50__weekly__long_short,delta_vs_same_scenario_G00,annualized_l1_turnover,13.535790436700088
G21,G21__mom_255_0__top50__weekly__long_short__rev20,long_short,rev20,20.0,0.01,G00__mom_255_0__top50__weekly__long_short,delta_vs_same_scenario_G00,cagr,0.01896910153296453
G21,G21__mom_255_0__top50__weekly__long_short__rev20,long_short,rev20,20.0,0.01,G00__mom_255_0__top50__weekly__long_short,delta_vs_same_scenario_G00,sharpe_excess_rf,0.09978959490520528
G21,G21__mom_255_0__top50__weekly__long_short__rev20,long_short,rev20,20.0,0.01,G00__mom_255_0__top50__weekly__long_short,delta_vs_same_scenario_G00,max_drawdown,0.22462526560603158
G21,G21__mom_255_0__top50__weekly__long_short__rev20,long_short,rev20,20.0,0.01,G00__mom_255_0__top50__weekly__long_short,delta_vs_same_scenario_G00,annualized_volatility,-0.013884803011226188
G21,G21__mom_255_0__top50__weekly__long_short__rev20,long_short,rev20,20.0,0.01,G00__mom_255_0__top50__weekly__long_short,delta_vs_same_scenario_G00,annualized_l1_turnover,13.536377034571219
G21,G21__mom_255_0__top50__weekly__long_short__rev20,long_short,rev20,20.0,0.03,G00__mom_255_0__top50__weekly__long_short,delta_vs_same_scenario_G00,cagr,0.01880049643544134
G21,G21__mom_255_0__top50__weekly__long_short__rev20,long_short,rev20,20.0,0.03,G00__mom_255_0__top50__weekly__long_short,delta_vs_same_scenario_G00,sharpe_excess_rf,0.09374722992053042
G21,G21__mom_255_0__top50__weekly__long_short__rev20,long_short,rev20,20.0,0.03,G00__mom_255_0__top50__weekly__long_short,delta_vs_same_scenario_G00,max_drawdown,0.22545858729349488
G21,G21__mom_255_0__top50__weekly__long_short__rev20,long_short,rev20,20.0,0.03,G00__mom_255_0__top50__weekly__long_short,delta_vs_same_scenario_G00,annualized_volatility,-0.013891402428520605
G21,G21__mom_255_0__top50__weekly__long_short__rev20,long_short,rev20,20.0,0.03,G00__mom_255_0__top50__weekly__long_short,delta_vs_same_scenario_G00,annualized_l1_turnover,13.537534493104316
G21,G21__mom_255_0__top50__weekly__long_short__rev5,long_short,rev5,0.0,0.0,G00__mom_255_0__top50__weekly__long_short,delta_vs_same_scenario_G00,cagr,0.06091633637359632
G21,G21__mom_255_0__top50__weekly__long_short__rev5,long_short,rev5,0.0,0.0,G00__mom_255_0__top50__weekly__long_short,delta_vs_same_scenario_G00,sharpe_excess_rf,0.40797912659756885
G21,G21__mom_255_0__top50__weekly__long_short__rev5,long_short,rev5,0.0,0.0,G00__mom_255_0__top50__weekly__long_short,delta_vs_same_scenario_G00,max_drawdown,0.20835592600080677
G21,G21__mom_255_0__top50__weekly__long_short__rev5,long_short,rev5,0.0,0.0,G00__mom_255_0__top50__weekly__long_short,delta_vs_same_scenario_G00,annualized_volatility,-0.019309586479911628
G21,G21__mom_255_0__top50__weekly__long_short__rev5,long_short,rev5,0.0,0.0,G00__mom_255_0__top50__weekly__long_short,delta_vs_same_scenario_G00,annualized_l1_turnover,22.295058393222533
G21,G21__mom_255_0__top50__weekly__long_short__rev5,long_short,rev5,0.0,0.01,G00__mom_255_0__top50__weekly__long_short,delta_vs_same_scenario_G00,cagr,0.06062571008262001
G21,G21__mom_255_0__top50__weekly__long_short__rev5,long_short,rev5,0.0,0.01,G00__mom_255_0__top50__weekly__long_short,delta_vs_same_scenario_G00,sharpe_excess_rf,0.4035205396992091
G21,G21__mom_255_0__top50__weekly__long_short__rev5,long_short,rev5,0.0,0.01,G00__mom_255_0__top50__weekly__long_short,delta_vs_same_scenario_G00,max_drawdown,0.21584044246441858
G21,G21__mom_255_0__top50__weekly__long_short__rev5,long_short,rev5,0.0,0.01,G00__mom_255_0__top50__weekly__long_short,delta_vs_same_scenario_G00,annualized_volatility,-0.019312882406989557
G21,G21__mom_255_0__top50__weekly__long_short__rev5,long_short,rev5,0.0,0.01,G00__mom_255_0__top50__weekly__long_short,delta_vs_same_scenario_G00,annualized_l1_turnover,22.296026583249613
G21,G21__mom_255_0__top50__weekly__long_short__rev5,long_short,rev5,0.0,0.03,G00__mom_255_0__top50__weekly__long_short,delta_vs_same_scenario_G00,cagr,0.06005690146815942
G21,G21__mom_255_0__top50__weekly__long_short__rev5,long_short,rev5,0.0,0.03,G00__mom_255_0__top50__weekly__long_short,delta_vs_same_scenario_G00,sharpe_excess_rf,0.3947313169746944
G21,G21__mom_255_0__top50__weekly__long_short__rev5,long_short,rev5,0.0,0.03,G00__mom_255_0__top50__weekly__long_short,delta_vs_same_scenario_G00,max_drawdown,0.22811920130999724
G21,G21__mom_255_0__top50__weekly__long_short__rev5,long_short,rev5,0.0,0.03,G00__mom_255_0__top50__weekly__long_short,delta_vs_same_scenario_G00,annualized_volatility,-0.0193193775587871
G21,G21__mom_255_0__top50__weekly__long_short__rev5,long_short,rev5,0.0,0.03,G00__mom_255_0__top50__weekly__long_short,delta_vs_same_scenario_G00,annualized_l1_turnover,22.297933459753125
G21,G21__mom_255_0__top50__weekly__long_short__rev5,long_short,rev5,5.0,0.0,G00__mom_255_0__top50__weekly__long_short,delta_vs_same_scenario_G00,cagr,0.04852569861584474
G21,G21__mom_255_0__top50__weekly__long_short__rev5,long_short,rev5,5.0,0.0,G00__mom_255_0__top50__weekly__long_short,delta_vs_same_scenario_G00,sharpe_excess_rf,0.3192387434131828
G21,G21__mom_255_0__top50__weekly__long_short__rev5,long_short,rev5,5.0,0.0,G00__mom_255_0__top50__weekly__long_short,delta_vs_same_scenario_G00,max_drawdown,0.20811669950834033
G21,G21__mom_255_0__top50__weekly__long_short__rev5,long_short,rev5,5.0,0.0,G00__mom_255_0__top50__weekly__long_short,delta_vs_same_scenario_G00,annualized_volatility,-0.019388163272050618
G21,G21__mom_255_0__top50__weekly__long_short__rev5,long_short,rev5,5.0,0.0,G00__mom_255_0__top50__weekly__long_short,delta_vs_same_scenario_G00,annualized_l1_turnover,22.295058393222533
G21,G21__mom_255_0__top50__weekly__long_short__rev5,long_short,rev5,5.0,0.01,G00__mom_255_0__top50__weekly__long_short,delta_vs_same_scenario_G00,cagr,0.048295874140288166
G21,G21__mom_255_0__top50__weekly__long_short__rev5,long_short,rev5,5.0,0.01,G00__mom_255_0__top50__weekly__long_short,delta_vs_same_scenario_G00,sharpe_excess_rf,0.3147615523891045
G21,G21__mom_255_0__top50__weekly__long_short__rev5,long_short,rev5,5.0,0.01,G00__mom_255_0__top50__weekly__long_short,delta_vs_same_scenario_G00,max_drawdown,0.2091941755156279
G21,G21__mom_255_0__top50__weekly__long_short__rev5,long_short,rev5,5.0,0.01,G00__mom_255_0__top50__weekly__long_short,delta_vs_same_scenario_G00,annualized_volatility,-0.01939146136292197
G21,G21__mom_255_0__top50__weekly__long_short__rev5,long_short,rev5,5.0,0.01,G00__mom_255_0__top50__weekly__long_short,delta_vs_same_scenario_G00,annualized_l1_turnover,22.296026583249613
G21,G21__mom_255_0__top50__weekly__long_short__rev5,long_short,rev5,5.0,0.03,G00__mom_255_0__top50__weekly__long_short,delta_vs_same_scenario_G00,cagr,0.04784603706666335
G21,G21__mom_255_0__top50__weekly__long_short__rev5,long_short,rev5,5.0,0.03,G00__mom_255_0__top50__weekly__long_short,delta_vs_same_scenario_G00,sharpe_excess_rf,0.3059356758842291
G21,G21__mom_255_0__top50__weekly__long_short__rev5,long_short,rev5,5.0,0.03,G00__mom_255_0__top50__weekly__long_short,delta_vs_same_scenario_G00,max_drawdown,0.21116825244370885
G21,G21__mom_255_0__top50__weekly__long_short__rev5,long_short,rev5,5.0,0.03,G00__mom_255_0__top50__weekly__long_short,delta_vs_same_scenario_G00,annualized_volatility,-0.019397961160132093
G21,G21__mom_255_0__top50__weekly__long_short__rev5,long_short,rev5,5.0,0.03,G00__mom_255_0__top50__weekly__long_short,delta_vs_same_scenario_G00,annualized_l1_turnover,22.297933459753125
G21,G21__mom_255_0__top50__weekly__long_short__rev5,long_short,rev5,10.0,0.0,G00__mom_255_0__top50__weekly__long_short,delta_vs_same_scenario_G00,cagr,0.03644408312503836
G21,G21__mom_255_0__top50__weekly__long_short__rev5,long_short,rev5,10.0,0.0,G00__mom_255_0__top50__weekly__long_short,delta_vs_same_scenario_G00,sharpe_excess_rf,0.23025647352242534
G21,G21__mom_255_0__top50__weekly__long_short__rev5,long_short,rev5,10.0,0.0,G00__mom_255_0__top50__weekly__long_short,delta_vs_same_scenario_G00,max_drawdown,0.19174692090901224
G21,G21__mom_255_0__top50__weekly__long_short__rev5,long_short,rev5,10.0,0.0,G00__mom_255_0__top50__weekly__long_short,delta_vs_same_scenario_G00,annualized_volatility,-0.019389923831910627
G21,G21__mom_255_0__top50__weekly__long_short__rev5,long_short,rev5,10.0,0.0,G00__mom_255_0__top50__weekly__long_short,delta_vs_same_scenario_G00,annualized_l1_turnover,22.295058393222533
G21,G21__mom_255_0__top50__weekly__long_short__rev5,long_short,rev5,10.0,0.01,G00__mom_255_0__top50__weekly__long_short,delta_vs_same_scenario_G00,cagr,0.03627356124470414
G21,G21__mom_255_0__top50__weekly__long_short__rev5,long_short,rev5,10.0,0.01,G00__mom_255_0__top50__weekly__long_short,delta_vs_same_scenario_G00,sharpe_excess_rf,0.22578161989830087
G21,G21__mom_255_0__top50__weekly__long_short__rev5,long_short,rev5,10.0,0.01,G00__mom_255_0__top50__weekly__long_short,delta_vs_same_scenario_G00,max_drawdown,0.19290337652764228
G21,G21__mom_255_0__top50__weekly__long_short__rev5,long_short,rev5,10.0,0.01,G00__mom_255_0__top50__weekly__long_short,delta_vs_same_scenario_G00,annualized_volatility,-0.0193932237224817
G21,G21__mom_255_0__top50__weekly__long_short__rev5,long_short,rev5,10.0,0.01,G00__mom_255_0__top50__weekly__long_short,delta_vs_same_scenario_G00,annualized_l1_turnover,22.296026583249613
G21,G21__mom_255_0__top50__weekly__long_short__rev5,long_short,rev5,10.0,0.03,G00__mom_255_0__top50__weekly__long_short,delta_vs_same_scenario_G00,cagr,0.03593976213543071
G21,G21__mom_255_0__top50__weekly__long_short__rev5,long_short,rev5,10.0,0.03,G00__mom_255_0__top50__weekly__long_short,delta_vs_same_scenario_G00,sharpe_excess_rf,0.2169603515397966
G21,G21__mom_255_0__top50__weekly__long_short__rev5,long_short,rev5,10.0,0.03,G00__mom_255_0__top50__weekly__long_short,delta_vs_same_scenario_G00,max_drawdown,0.1950337934078782
G21,G21__mom_255_0__top50__weekly__long_short__rev5,long_short,rev5,10.0,0.03,G00__mom_255_0__top50__weekly__long_short,delta_vs_same_scenario_G00,annualized_volatility,-0.019399727447285853
G21,G21__mom_255_0__top50__weekly__long_short__rev5,long_short,rev5,10.0,0.03,G00__mom_255_0__top50__weekly__long_short,delta_vs_same_scenario_G00,annualized_l1_turnover,22.297933459753132
G21,G21__mom_255_0__top50__weekly__long_short__rev5,long_short,rev5,20.0,0.0,G00__mom_255_0__top50__weekly__long_short,delta_vs_same_scenario_G00,cagr,0.013183921347363814
G21,G21__mom_255_0__top50__weekly__long_short__rev5,long_short,rev5,20.0,0.0,G00__mom_255_0__top50__weekly__long_short,delta_vs_same_scenario_G00,sharpe_excess_rf,0.05256340260457419
G21,G21__mom_255_0__top50__weekly__long_short__rev5,long_short,rev5,20.0,0.0,G00__mom_255_0__top50__weekly__long_short,delta_vs_same_scenario_G00,max_drawdown,0.15819594545389914
G21,G21__mom_255_0__top50__weekly__long_short__rev5,long_short,rev5,20.0,0.0,G00__mom_255_0__top50__weekly__long_short,delta_vs_same_scenario_G00,annualized_volatility,-0.0191633268236783
G21,G21__mom_255_0__top50__weekly__long_short__rev5,long_short,rev5,20.0,0.0,G00__mom_255_0__top50__weekly__long_short,delta_vs_same_scenario_G00,annualized_l1_turnover,22.295058393222533
G21,G21__mom_255_0__top50__weekly__long_short__rev5,long_short,rev5,20.0,0.01,G00__mom_255_0__top50__weekly__long_short,delta_vs_same_scenario_G00,cagr,0.013127622034478405
G21,G21__mom_255_0__top50__weekly__long_short__rev5,long_short,rev5,20.0,0.01,G00__mom_255_0__top50__weekly__long_short,delta_vs_same_scenario_G00,sharpe_excess_rf,0.048155731665372375
G21,G21__mom_255_0__top50__weekly__long_short__rev5,long_short,rev5,20.0,0.01,G00__mom_255_0__top50__weekly__long_short,delta_vs_same_scenario_G00,max_drawdown,0.1584902538741041
G21,G21__mom_255_0__top50__weekly__long_short__rev5,long_short,rev5,20.0,0.01,G00__mom_255_0__top50__weekly__long_short,delta_vs_same_scenario_G00,annualized_volatility,-0.019166629263152546
G21,G21__mom_255_0__top50__weekly__long_short__rev5,long_short,rev5,20.0,0.01,G00__mom_255_0__top50__weekly__long_short,delta_vs_same_scenario_G00,annualized_l1_turnover,22.296026583249613
G21,G21__mom_255_0__top50__weekly__long_short__rev5,long_short,rev5,20.0,0.03,G00__mom_255_0__top50__weekly__long_short,delta_vs_same_scenario_G00,cagr,0.01301732322684922
G21,G21__mom_255_0__top50__weekly__long_short__rev5,long_short,rev5,20.0,0.03,G00__mom_255_0__top50__weekly__long_short,delta_vs_same_scenario_G00,sharpe_excess_rf,0.03946684168912523
G21,G21__mom_255_0__top50__weekly__long_short__rev5,long_short,rev5,20.0,0.03,G00__mom_255_0__top50__weekly__long_short,delta_vs_same_scenario_G00,max_drawdown,0.15898026397536957
G21,G21__mom_255_0__top50__weekly__long_short__rev5,long_short,rev5,20.0,0.03,G00__mom_255_0__top50__weekly__long_short,delta_vs_same_scenario_G00,annualized_volatility,-0.01917313876767132
G21,G21__mom_255_0__top50__weekly__long_short__rev5,long_short,rev5,20.0,0.03,G00__mom_255_0__top50__weekly__long_short,delta_vs_same_scenario_G00,annualized_l1_turnover,22.297933459753125
G21,G21__mom_255_21__top10__monthly__long_only__rev20,long_only,rev20,0.0,0.0,G00__mom_255_21__top10__monthly__long_only,delta_vs_same_scenario_G00,cagr,-0.02750017992566864
G21,G21__mom_255_21__top10__monthly__long_only__rev20,long_only,rev20,0.0,0.0,G00__mom_255_21__top10__monthly__long_only,delta_vs_same_scenario_G00,sharpe_excess_rf,-0.09038403280839591
G21,G21__mom_255_21__top10__monthly__long_only__rev20,long_only,rev20,0.0,0.0,G00__mom_255_21__top10__monthly__long_only,delta_vs_same_scenario_G00,max_drawdown,-0.1288305617465917
G21,G21__mom_255_21__top10__monthly__long_only__rev20,long_only,rev20,0.0,0.0,G00__mom_255_21__top10__monthly__long_only,delta_vs_same_scenario_G00,annualized_volatility,0.05083943857630746
G21,G21__mom_255_21__top10__monthly__long_only__rev20,long_only,rev20,0.0,0.0,G00__mom_255_21__top10__monthly__long_only,delta_vs_same_scenario_G00,annualized_l1_turnover,4.629706025866092
G21,G21__mom_255_21__top10__monthly__long_only__rev20,long_only,rev20,5.0,0.0,G00__mom_255_21__top10__monthly__long_only,delta_vs_same_scenario_G00,cagr,-0.03008632271056383
G21,G21__mom_255_21__top10__monthly__long_only__rev20,long_only,rev20,5.0,0.0,G00__mom_255_21__top10__monthly__long_only,delta_vs_same_scenario_G00,sharpe_excess_rf,-0.09450969389787045
G21,G21__mom_255_21__top10__monthly__long_only__rev20,long_only,rev20,5.0,0.0,G00__mom_255_21__top10__monthly__long_only,delta_vs_same_scenario_G00,max_drawdown,-0.12459142873892465
G21,G21__mom_255_21__top10__monthly__long_only__rev20,long_only,rev20,5.0,0.0,G00__mom_255_21__top10__monthly__long_only,delta_vs_same_scenario_G00,annualized_volatility,0.05080445079403301
G21,G21__mom_255_21__top10__monthly__long_only__rev20,long_only,rev20,5.0,0.0,G00__mom_255_21__top10__monthly__long_only,delta_vs_same_scenario_G00,annualized_l1_turnover,4.629706025866092
G21,G21__mom_255_21__top10__monthly__long_only__rev20,long_only,rev20,10.0,0.0,G00__mom_255_21__top10__monthly__long_only,delta_vs_same_scenario_G00,cagr,-0.03264566170258515
G21,G21__mom_255_21__top10__monthly__long_only__rev20,long_only,rev20,10.0,0.0,G00__mom_255_21__top10__monthly__long_only,delta_vs_same_scenario_G00,sharpe_excess_rf,-0.09864455694716434
G21,G21__mom_255_21__top10__monthly__long_only__rev20,long_only,rev20,10.0,0.0,G00__mom_255_21__top10__monthly__long_only,delta_vs_same_scenario_G00,max_drawdown,-0.12039184987047291
G21,G21__mom_255_21__top10__monthly__long_only__rev20,long_only,rev20,10.0,0.0,G00__mom_255_21__top10__monthly__long_only,delta_vs_same_scenario_G00,annualized_volatility,0.0507763202494565
G21,G21__mom_255_21__top10__monthly__long_only__rev20,long_only,rev20,10.0,0.0,G00__mom_255_21__top10__monthly__long_only,delta_vs_same_scenario_G00,annualized_l1_turnover,4.629706025866092
G21,G21__mom_255_21__top10__monthly__long_only__rev20,long_only,rev20,20.0,0.0,G00__mom_255_21__top10__monthly__long_only,delta_vs_same_scenario_G00,cagr,-0.03768466359228981
G21,G21__mom_255_21__top10__monthly__long_only__rev20,long_only,rev20,20.0,0.0,G00__mom_255_21__top10__monthly__long_only,delta_vs_same_scenario_G00,sharpe_excess_rf,-0.10693798670328081
G21,G21__mom_255_21__top10__monthly__long_only__rev20,long_only,rev20,20.0,0.0,G00__mom_255_21__top10__monthly__long_only,delta_vs_same_scenario_G00,max_drawdown,-0.11211007658307737
G21,G21__mom_255_21__top10__monthly__long_only__rev20,long_only,rev20,20.0,0.0,G00__mom_255_21__top10__monthly__long_only,delta_vs_same_scenario_G00,annualized_volatility,0.05074063960994585
G21,G21__mom_255_21__top10__monthly__long_only__rev20,long_only,rev20,20.0,0.0,G00__mom_255_21__top10__monthly__long_only,delta_vs_same_scenario_G00,annualized_l1_turnover,4.629706025866092
G21,G21__mom_255_21__top10__monthly__long_only__rev5,long_only,rev5,0.0,0.0,G00__mom_255_21__top10__monthly__long_only,delta_vs_same_scenario_G00,cagr,0.0010283249781384562
G21,G21__mom_255_21__top10__monthly__long_only__rev5,long_only,rev5,0.0,0.0,G00__mom_255_21__top10__monthly__long_only,delta_vs_same_scenario_G00,sharpe_excess_rf,-0.022432416994438986
G21,G21__mom_255_21__top10__monthly__long_only__rev5,long_only,rev5,0.0,0.0,G00__mom_255_21__top10__monthly__long_only,delta_vs_same_scenario_G00,max_drawdown,-0.14784387357348894
G21,G21__mom_255_21__top10__monthly__long_only__rev5,long_only,rev5,0.0,0.0,G00__mom_255_21__top10__monthly__long_only,delta_vs_same_scenario_G00,annualized_volatility,0.03593241310273115
G21,G21__mom_255_21__top10__monthly__long_only__rev5,long_only,rev5,0.0,0.0,G00__mom_255_21__top10__monthly__long_only,delta_vs_same_scenario_G00,annualized_l1_turnover,4.4251558358913226
G21,G21__mom_255_21__top10__monthly__long_only__rev5,long_only,rev5,5.0,0.0,G00__mom_255_21__top10__monthly__long_only,delta_vs_same_scenario_G00,cagr,-0.0016306179720941283
G21,G21__mom_255_21__top10__monthly__long_only__rev5,long_only,rev5,5.0,0.0,G00__mom_255_21__top10__monthly__long_only,delta_vs_same_scenario_G00,sharpe_excess_rf,-0.02697638086202092
G21,G21__mom_255_21__top10__monthly__long_only__rev5,long_only,rev5,5.0,0.0,G00__mom_255_21__top10__monthly__long_only,delta_vs_same_scenario_G00,max_drawdown,-0.14987445220504575
G21,G21__mom_255_21__top10__monthly__long_only__rev5,long_only,rev5,5.0,0.0,G00__mom_255_21__top10__monthly__long_only,delta_vs_same_scenario_G00,annualized_volatility,0.035934057420945686
G21,G21__mom_255_21__top10__monthly__long_only__rev5,long_only,rev5,5.0,0.0,G00__mom_255_21__top10__monthly__long_only,delta_vs_same_scenario_G00,annualized_l1_turnover,4.4251558358913226
G21,G21__mom_255_21__top10__monthly__long_only__rev5,long_only,rev5,10.0,0.0,G00__mom_255_21__top10__monthly__long_only,delta_vs_same_scenario_G00,cagr,-0.00426307802737641
G21,G21__mom_255_21__top10__monthly__long_only__rev5,long_only,rev5,10.0,0.0,G00__mom_255_21__top10__monthly__long_only,delta_vs_same_scenario_G00,sharpe_excess_rf,-0.031529267282526696
G21,G21__mom_255_21__top10__monthly__long_only__rev5,long_only,rev5,10.0,0.0,G00__mom_255_21__top10__monthly__long_only,delta_vs_same_scenario_G00,max_drawdown,-0.15182851655106688
G21,G21__mom_255_21__top10__monthly__long_only__rev5,long_only,rev5,10.0,0.0,G00__mom_255_21__top10__monthly__long_only,delta_vs_same_scenario_G00,annualized_volatility,0.03594264786238244
G21,G21__mom_255_21__top10__monthly__long_only__rev5,long_only,rev5,10.0,0.0,G00__mom_255_21__top10__monthly__long_only,delta_vs_same_scenario_G00,annualized_l1_turnover,4.4251558358913226
G21,G21__mom_255_21__top10__monthly__long_only__rev5,long_only,rev5,20.0,0.0,G00__mom_255_21__top10__monthly__long_only,delta_vs_same_scenario_G00,cagr,-0.009449261077716348
G21,G21__mom_255_21__top10__monthly__long_only__rev5,long_only,rev5,20.0,0.0,G00__mom_255_21__top10__monthly__long_only,delta_vs_same_scenario_G00,sharpe_excess_rf,-0.04065741162947756
G21,G21__mom_255_21__top10__monthly__long_only__rev5,long_only,rev5,20.0,0.0,G00__mom_255_21__top10__monthly__long_only,delta_vs_same_scenario_G00,max_drawdown,-0.15551351844285322
G21,G21__mom_255_21__top10__monthly__long_only__rev5,long_only,rev5,20.0,0.0,G00__mom_255_21__top10__monthly__long_only,delta_vs_same_scenario_G00,annualized_volatility,0.03598066198283201
G21,G21__mom_255_21__top10__monthly__long_only__rev5,long_only,rev5,20.0,0.0,G00__mom_255_21__top10__monthly__long_only,delta_vs_same_scenario_G00,annualized_l1_turnover,4.4251558358913226
G21,G21__mom_255_21__top10__monthly__long_short__rev20,long_short,rev20,0.0,0.0,G00__mom_255_21__top10__monthly__long_short,delta_vs_same_scenario_G00,cagr,0.009223048219587464
G21,G21__mom_255_21__top10__monthly__long_short__rev20,long_short,rev20,0.0,0.0,G00__mom_255_21__top10__monthly__long_short,delta_vs_same_scenario_G00,sharpe_excess_rf,0.04120417962234213
G21,G21__mom_255_21__top10__monthly__long_short__rev20,long_short,rev20,0.0,0.0,G00__mom_255_21__top10__monthly__long_short,delta_vs_same_scenario_G00,max_drawdown,-0.03412323946406465
G21,G21__mom_255_21__top10__monthly__long_short__rev20,long_short,rev20,0.0,0.0,G00__mom_255_21__top10__monthly__long_short,delta_vs_same_scenario_G00,annualized_volatility,-0.0166225109318337
G21,G21__mom_255_21__top10__monthly__long_short__rev20,long_short,rev20,0.0,0.0,G00__mom_255_21__top10__monthly__long_short,delta_vs_same_scenario_G00,annualized_l1_turnover,4.3209669065415515
G21,G21__mom_255_21__top10__monthly__long_short__rev20,long_short,rev20,0.0,0.01,G00__mom_255_21__top10__monthly__long_short,delta_vs_same_scenario_G00,cagr,0.009192266020980444
G21,G21__mom_255_21__top10__monthly__long_short__rev20,long_short,rev20,0.0,0.01,G00__mom_255_21__top10__monthly__long_short,delta_vs_same_scenario_G00,sharpe_excess_rf,0.03959193066767977
G21,G21__mom_255_21__top10__monthly__long_short__rev20,long_short,rev20,0.0,0.01,G00__mom_255_21__top10__monthly__long_short,delta_vs_same_scenario_G00,max_drawdown,-0.03304491896551953
G21,G21__mom_255_21__top10__monthly__long_short__rev20,long_short,rev20,0.0,0.01,G00__mom_255_21__top10__monthly__long_short,delta_vs_same_scenario_G00,annualized_volatility,-0.016627450764534035
G21,G21__mom_255_21__top10__monthly__long_short__rev20,long_short,rev20,0.0,0.01,G00__mom_255_21__top10__monthly__long_short,delta_vs_same_scenario_G00,annualized_l1_turnover,4.32188814606015
G21,G21__mom_255_21__top10__monthly__long_short__rev20,long_short,rev20,0.0,0.03,G00__mom_255_21__top10__monthly__long_short,delta_vs_same_scenario_G00,cagr,0.009131737087400324
G21,G21__mom_255_21__top10__monthly__long_short__rev20,long_short,rev20,0.0,0.03,G00__mom_255_21__top10__monthly__long_short,delta_vs_same_scenario_G00,sharpe_excess_rf,0.036413548808645474
G21,G21__mom_255_21__top10__monthly__long_short__rev20,long_short,rev20,0.0,0.03,G00__mom_255_21__top10__monthly__long_short,delta_vs_same_scenario_G00,max_drawdown,-0.0309786305921555
G21,G21__mom_255_21__top10__monthly__long_short__rev20,long_short,rev20,0.0,0.03,G00__mom_255_21__top10__monthly__long_short,delta_vs_same_scenario_G00,annualized_volatility,-0.01663719925259355
G21,G21__mom_255_21__top10__monthly__long_short__rev20,long_short,rev20,0.0,0.03,G00__mom_255_21__top10__monthly__long_short,delta_vs_same_scenario_G00,annualized_l1_turnover,4.323697884043714
G21,G21__mom_255_21__top10__monthly__long_short__rev20,long_short,rev20,5.0,0.0,G00__mom_255_21__top10__monthly__long_short,delta_vs_same_scenario_G00,cagr,0.00688627591905918
G21,G21__mom_255_21__top10__monthly__long_short__rev20,long_short,rev20,5.0,0.0,G00__mom_255_21__top10__monthly__long_short,delta_vs_same_scenario_G00,sharpe_excess_rf,0.02960010773571764
G21,G21__mom_255_21__top10__monthly__long_short__rev20,long_short,rev20,5.0,0.0,G00__mom_255_21__top10__monthly__long_short,delta_vs_same_scenario_G00,max_drawdown,-0.03559525516314521
G21,G21__mom_255_21__top10__monthly__long_short__rev20,long_short,rev20,5.0,0.0,G00__mom_255_21__top10__monthly__long_short,delta_vs_same_scenario_G00,annualized_volatility,-0.01664672490926658
G21,G21__mom_255_21__top10__monthly__long_short__rev20,long_short,rev20,5.0,0.0,G00__mom_255_21__top10__monthly__long_short,delta_vs_same_scenario_G00,annualized_l1_turnover,4.3209669065415515
G21,G21__mom_255_21__top10__monthly__long_short__rev20,long_short,rev20,5.0,0.01,G00__mom_255_21__top10__monthly__long_short,delta_vs_same_scenario_G00,cagr,0.006866568010353319
G21,G21__mom_255_21__top10__monthly__long_short__rev20,long_short,rev20,5.0,0.01,G00__mom_255_21__top10__monthly__long_short,delta_vs_same_scenario_G00,sharpe_excess_rf,0.027984920162896748
G21,G21__mom_255_21__top10__monthly__long_short__rev20,long_short,rev20,5.0,0.01,G00__mom_255_21__top10__monthly__long_short,delta_vs_same_scenario_G00,max_drawdown,-0.03450952576899258
G21,G21__mom_255_21__top10__monthly__long_short__rev20,long_short,rev20,5.0,0.01,G00__mom_255_21__top10__monthly__long_short,delta_vs_same_scenario_G00,annualized_volatility,-0.016651658406915376
G21,G21__mom_255_21__top10__monthly__long_short__rev20,long_short,rev20,5.0,0.01,G00__mom_255_21__top10__monthly__long_short,delta_vs_same_scenario_G00,annualized_l1_turnover,4.321888146060148
G21,G21__mom_255_21__top10__monthly__long_short__rev20,long_short,rev20,5.0,0.03,G00__mom_255_21__top10__monthly__long_short,delta_vs_same_scenario_G00,cagr,0.00682772804963383
G21,G21__mom_255_21__top10__monthly__long_short__rev20,long_short,rev20,5.0,0.03,G00__mom_255_21__top10__monthly__long_short,delta_vs_same_scenario_G00,sharpe_excess_rf,0.02480076587392513
G21,G21__mom_255_21__top10__monthly__long_short__rev20,long_short,rev20,5.0,0.03,G00__mom_255_21__top10__monthly__long_short,delta_vs_same_scenario_G00,max_drawdown,-0.03242855999933392
G21,G21__mom_255_21__top10__monthly__long_short__rev20,long_short,rev20,5.0,0.03,G00__mom_255_21__top10__monthly__long_short,delta_vs_same_scenario_G00,annualized_volatility,-0.016661394034094973
G21,G21__mom_255_21__top10__monthly__long_short__rev20,long_short,rev20,5.0,0.03,G00__mom_255_21__top10__monthly__long_short,delta_vs_same_scenario_G00,annualized_l1_turnover,4.323697884043714
G21,G21__mom_255_21__top10__monthly__long_short__rev20,long_short,rev20,10.0,0.0,G00__mom_255_21__top10__monthly__long_short,delta_vs_same_scenario_G00,cagr,0.004573104723685682
G21,G21__mom_255_21__top10__monthly__long_short__rev20,long_short,rev20,10.0,0.0,G00__mom_255_21__top10__monthly__long_short,delta_vs_same_scenario_G00,sharpe_excess_rf,0.01797157460057297
G21,G21__mom_255_21__top10__monthly__long_short__rev20,long_short,rev20,10.0,0.0,G00__mom_255_21__top10__monthly__long_short,delta_vs_same_scenario_G00,max_drawdown,-0.037020613151060755
G21,G21__mom_255_21__top10__monthly__long_short__rev20,long_short,rev20,10.0,0.0,G00__mom_255_21__top10__monthly__long_short,delta_vs_same_scenario_G00,annualized_volatility,-0.01665702868127389
G21,G21__mom_255_21__top10__monthly__long_short__rev20,long_short,rev20,10.0,0.0,G00__mom_255_21__top10__monthly__long_short,delta_vs_same_scenario_G00,annualized_l1_turnover,4.3209669065415515
G21,G21__mom_255_21__top10__monthly__long_short__rev20,long_short,rev20,10.0,0.01,G00__mom_255_21__top10__monthly__long_short,delta_vs_same_scenario_G00,cagr,0.004564364776382966
G21,G21__mom_255_21__top10__monthly__long_short__rev20,long_short,rev20,10.0,0.01,G00__mom_255_21__top10__monthly__long_short,delta_vs_same_scenario_G00,sharpe_excess_rf,0.016355072331126264
G21,G21__mom_255_21__top10__monthly__long_short__rev20,long_short,rev20,10.0,0.01,G00__mom_255_21__top10__monthly__long_short,delta_vs_same_scenario_G00,max_drawdown,-0.03592786715504176
G21,G21__mom_255_21__top10__monthly__long_short__rev20,long_short,rev20,10.0,0.01,G00__mom_255_21__top10__monthly__long_short,delta_vs_same_scenario_G00,annualized_volatility,-0.01666195358053424
G21,G21__mom_255_21__top10__monthly__long_short__rev20,long_short,rev20,10.0,0.01,G00__mom_255_21__top10__monthly__long_short,delta_vs_same_scenario_G00,annualized_l1_turnover,4.321888146060148
G21,G21__mom_255_21__top10__monthly__long_short__rev20,long_short,rev20,10.0,0.03,G00__mom_255_21__top10__monthly__long_short,delta_vs_same_scenario_G00,cagr,0.004547005535150264
G21,G21__mom_255_21__top10__monthly__long_short__rev20,long_short,rev20,10.0,0.03,G00__mom_255_21__top10__monthly__long_short,delta_vs_same_scenario_G00,sharpe_excess_rf,0.013168345659973268
G21,G21__mom_255_21__top10__monthly__long_short__rev20,long_short,rev20,10.0,0.03,G00__mom_255_21__top10__monthly__long_short,delta_vs_same_scenario_G00,max_drawdown,-0.03383298896127701
G21,G21__mom_255_21__top10__monthly__long_short__rev20,long_short,rev20,10.0,0.03,G00__mom_255_21__top10__monthly__long_short,delta_vs_same_scenario_G00,annualized_volatility,-0.016671671892098394
G21,G21__mom_255_21__top10__monthly__long_short__rev20,long_short,rev20,10.0,0.03,G00__mom_255_21__top10__monthly__long_short,delta_vs_same_scenario_G00,annualized_l1_turnover,4.323697884043712
G21,G21__mom_255_21__top10__monthly__long_short__rev20,long_short,rev20,20.0,0.0,G00__mom_255_21__top10__monthly__long_short,delta_vs_same_scenario_G00,cagr,1.6916334101287067e-05
G21,G21__mom_255_21__top10__monthly__long_short__rev20,long_short,rev20,20.0,0.0,G00__mom_255_21__top10__monthly__long_short,delta_vs_same_scenario_G00,sharpe_excess_rf,-0.005328074363766311
G21,G21__mom_255_21__top10__monthly__long_short__rev20,long_short,rev20,20.0,0.0,G00__mom_255_21__top10__monthly__long_short,delta_vs_same_scenario_G00,max_drawdown,-0.03973517647548874
G21,G21__mom_255_21__top10__monthly__long_short__rev20,long_short,rev20,20.0,0.0,G00__mom_255_21__top10__monthly__long_short,delta_vs_same_scenario_G00,annualized_volatility,-0.01663589237355717
G21,G21__mom_255_21__top10__monthly__long_short__rev20,long_short,rev20,20.0,0.0,G00__mom_255_21__top10__monthly__long_short,delta_vs_same_scenario_G00,annualized_l1_turnover,4.3209669065415515
G21,G21__mom_255_21__top10__monthly__long_short__rev20,long_short,rev20,20.0,0.01,G00__mom_255_21__top10__monthly__long_short,delta_vs_same_scenario_G00,cagr,2.9796089505998435e-05
G21,G21__mom_255_21__top10__monthly__long_short__rev20,long_short,rev20,20.0,0.01,G00__mom_255_21__top10__monthly__long_short,delta_vs_same_scenario_G00,sharpe_excess_rf,-0.006942329792378105
G21,G21__mom_255_21__top10__monthly__long_short__rev20,long_short,rev20,20.0,0.01,G00__mom_255_21__top10__monthly__long_short,delta_vs_same_scenario_G00,max_drawdown,-0.03862953939770519
G21,G21__mom_255_21__top10__monthly__long_short__rev20,long_short,rev20,20.0,0.01,G00__mom_255_21__top10__monthly__long_short,delta_vs_same_scenario_G00,annualized_volatility,-0.016640793294303152
G21,G21__mom_255_21__top10__monthly__long_short__rev20,long_short,rev20,20.0,0.01,G00__mom_255_21__top10__monthly__long_short,delta_vs_same_scenario_G00,annualized_l1_turnover,4.32188814606015
G21,G21__mom_255_21__top10__monthly__long_short__rev20,long_short,rev20,20.0,0.03,G00__mom_255_21__top10__monthly__long_short,delta_vs_same_scenario_G00,cagr,5.477894348437928e-05
G21,G21__mom_255_21__top10__monthly__long_short__rev20,long_short,rev20,20.0,0.03,G00__mom_255_21__top10__monthly__long_short,delta_vs_same_scenario_G00,sharpe_excess_rf,-0.010124592233188831
G21,G21__mom_255_21__top10__monthly__long_short__rev20,long_short,rev20,20.0,0.03,G00__mom_255_21__top10__monthly__long_short,delta_vs_same_scenario_G00,max_drawdown,-0.026738046817969152
G21,G21__mom_255_21__top10__monthly__long_short__rev20,long_short,rev20,20.0,0.03,G00__mom_255_21__top10__monthly__long_short,delta_vs_same_scenario_G00,annualized_volatility,-0.016650463626381756
G21,G21__mom_255_21__top10__monthly__long_short__rev20,long_short,rev20,20.0,0.03,G00__mom_255_21__top10__monthly__long_short,delta_vs_same_scenario_G00,annualized_l1_turnover,4.323697884043714
G21,G21__mom_255_21__top10__monthly__long_short__rev5,long_short,rev5,0.0,0.0,G00__mom_255_21__top10__monthly__long_short,delta_vs_same_scenario_G00,cagr,0.0016160624504298268
G21,G21__mom_255_21__top10__monthly__long_short__rev5,long_short,rev5,0.0,0.0,G00__mom_255_21__top10__monthly__long_short,delta_vs_same_scenario_G00,sharpe_excess_rf,0.010042907392758038
G21,G21__mom_255_21__top10__monthly__long_short__rev5,long_short,rev5,0.0,0.0,G00__mom_255_21__top10__monthly__long_short,delta_vs_same_scenario_G00,max_drawdown,-0.0221145528044992
G21,G21__mom_255_21__top10__monthly__long_short__rev5,long_short,rev5,0.0,0.0,G00__mom_255_21__top10__monthly__long_short,delta_vs_same_scenario_G00,annualized_volatility,-0.027115655028231683
G21,G21__mom_255_21__top10__monthly__long_short__rev5,long_short,rev5,0.0,0.0,G00__mom_255_21__top10__monthly__long_short,delta_vs_same_scenario_G00,annualized_l1_turnover,4.218467828300513
G21,G21__mom_255_21__top10__monthly__long_short__rev5,long_short,rev5,0.0,0.01,G00__mom_255_21__top10__monthly__long_short,delta_vs_same_scenario_G00,cagr,0.001610014112799707
G21,G21__mom_255_21__top10__monthly__long_short__rev5,long_short,rev5,0.0,0.01,G00__mom_255_21__top10__monthly__long_short,delta_vs_same_scenario_G00,sharpe_excess_rf,0.007184650419382987
G21,G21__mom_255_21__top10__monthly__long_short__rev5,long_short,rev5,0.0,0.01,G00__mom_255_21__top10__monthly__long_short,delta_vs_same_scenario_G00,max_drawdown,-0.02302280467169371
G21,G21__mom_255_21__top10__monthly__long_short__rev5,long_short,rev5,0.0,0.01,G00__mom_255_21__top10__monthly__long_short,delta_vs_same_scenario_G00,annualized_volatility,-0.027122438253162823
G21,G21__mom_255_21__top10__monthly__long_short__rev5,long_short,rev5,0.0,0.01,G00__mom_255_21__top10__monthly__long_short,delta_vs_same_scenario_G00,annualized_l1_turnover,4.21939670205029
G21,G21__mom_255_21__top10__monthly__long_short__rev5,long_short,rev5,0.0,0.03,G00__mom_255_21__top10__monthly__long_short,delta_vs_same_scenario_G00,cagr,0.0015980872084147973
G21,G21__mom_255_21__top10__monthly__long_short__rev5,long_short,rev5,0.0,0.03,G00__mom_255_21__top10__monthly__long_short,delta_vs_same_scenario_G00,sharpe_excess_rf,0.001550919849160809
G21,G21__mom_255_21__top10__monthly__long_short__rev5,long_short,rev5,0.0,0.03,G00__mom_255_21__top10__monthly__long_short,delta_vs_same_scenario_G00,max_drawdown,-0.024730903337282284
G21,G21__mom_255_21__top10__monthly__long_short__rev5,long_short,rev5,0.0,0.03,G00__mom_255_21__top10__monthly__long_short,delta_vs_same_scenario_G00,annualized_volatility,-0.0271358236621822
G21,G21__mom_255_21__top10__monthly__long_short__rev5,long_short,rev5,0.0,0.03,G00__mom_255_21__top10__monthly__long_short,delta_vs_same_scenario_G00,annualized_l1_turnover,4.221221521798144
G21,G21__mom_255_21__top10__monthly__long_short__rev5,long_short,rev5,5.0,0.0,G00__mom_255_21__top10__monthly__long_short,delta_vs_same_scenario_G00,cagr,-0.0006146226633851129
G21,G21__mom_255_21__top10__monthly__long_short__rev5,long_short,rev5,5.0,0.0,G00__mom_255_21__top10__monthly__long_short,delta_vs_same_scenario_G00,sharpe_excess_rf,-0.0029573863668321265
G21,G21__mom_255_21__top10__monthly__long_short__rev5,long_short,rev5,5.0,0.0,G00__mom_255_21__top10__monthly__long_short,delta_vs_same_scenario_G00,max_drawdown,-0.02714567876832219
G21,G21__mom_255_21__top10__monthly__long_short__rev5,long_short,rev5,5.0,0.0,G00__mom_255_21__top10__monthly__long_short,delta_vs_same_scenario_G00,annualized_volatility,-0.02710188707245359
G21,G21__mom_255_21__top10__monthly__long_short__rev5,long_short,rev5,5.0,0.0,G00__mom_255_21__top10__monthly__long_short,delta_vs_same_scenario_G00,annualized_l1_turnover,4.218467828300513
G21,G21__mom_255_21__top10__monthly__long_short__rev5,long_short,rev5,5.0,0.01,G00__mom_255_21__top10__monthly__long_short,delta_vs_same_scenario_G00,cagr,-0.0006100272718591315
G21,G21__mom_255_21__top10__monthly__long_short__rev5,long_short,rev5,5.0,0.01,G00__mom_255_21__top10__monthly__long_short,delta_vs_same_scenario_G00,sharpe_excess_rf,-0.005814570252823281
G21,G21__mom_255_21__top10__monthly__long_short__rev5,long_short,rev5,5.0,0.01,G00__mom_255_21__top10__monthly__long_short,delta_vs_same_scenario_G00,max_drawdown,-0.027966124918330504
G21,G21__mom_255_21__top10__monthly__long_short__rev5,long_short,rev5,5.0,0.01,G00__mom_255_21__top10__monthly__long_short,delta_vs_same_scenario_G00,annualized_volatility,-0.027108658094225135
G21,G21__mom_255_21__top10__monthly__long_short__rev5,long_short,rev5,5.0,0.01,G00__mom_255_21__top10__monthly__long_short,delta_vs_same_scenario_G00,annualized_l1_turnover,4.219396702050288
G21,G21__mom_255_21__top10__monthly__long_short__rev5,long_short,rev5,5.0,0.03,G00__mom_255_21__top10__monthly__long_short,delta_vs_same_scenario_G00,cagr,-0.0006011091723208128
G21,G21__mom_255_21__top10__monthly__long_short__rev5,long_short,rev5,5.0,0.03,G00__mom_255_21__top10__monthly__long_short,delta_vs_same_scenario_G00,sharpe_excess_rf,-0.011446171367710145
G21,G21__mom_255_21__top10__monthly__long_short__rev5,long_short,rev5,5.0,0.03,G00__mom_255_21__top10__monthly__long_short,delta_vs_same_scenario_G00,max_drawdown,-0.029505289795429546
G21,G21__mom_255_21__top10__monthly__long_short__rev5,long_short,rev5,5.0,0.03,G00__mom_255_21__top10__monthly__long_short,delta_vs_same_scenario_G00,annualized_volatility,-0.027122019094965505
G21,G21__mom_255_21__top10__monthly__long_short__rev5,long_short,rev5,5.0,0.03,G00__mom_255_21__top10__monthly__long_short,delta_vs_same_scenario_G00,annualized_l1_turnover,4.221221521798144
G21,G21__mom_255_21__top10__monthly__long_short__rev5,long_short,rev5,10.0,0.0,G00__mom_255_21__top10__monthly__long_short,delta_vs_same_scenario_G00,cagr,-0.002822692161639863
G21,G21__mom_255_21__top10__monthly__long_short__rev5,long_short,rev5,10.0,0.0,G00__mom_255_21__top10__monthly__long_short,delta_vs_same_scenario_G00,sharpe_excess_rf,-0.015969088625463812
G21,G21__mom_255_21__top10__monthly__long_short__rev5,long_short,rev5,10.0,0.0,G00__mom_255_21__top10__monthly__long_short,delta_vs_same_scenario_G00,max_drawdown,-0.03200019287626721
G21,G21__mom_255_21__top10__monthly__long_short__rev5,long_short,rev5,10.0,0.0,G00__mom_255_21__top10__monthly__long_short,delta_vs_same_scenario_G00,annualized_volatility,-0.027073479839798298
G21,G21__mom_255_21__top10__monthly__long_short__rev5,long_short,rev5,10.0,0.0,G00__mom_255_21__top10__monthly__long_short,delta_vs_same_scenario_G00,annualized_l1_turnover,4.218467828300513
G21,G21__mom_255_21__top10__monthly__long_short__rev5,long_short,rev5,10.0,0.01,G00__mom_255_21__top10__monthly__long_short,delta_vs_same_scenario_G00,cagr,-0.0028075552851520094
G21,G21__mom_255_21__top10__monthly__long_short__rev5,long_short,rev5,10.0,0.01,G00__mom_255_21__top10__monthly__long_short,delta_vs_same_scenario_G00,sharpe_excess_rf,-0.01882323098367139
G21,G21__mom_255_21__top10__monthly__long_short__rev5,long_short,rev5,10.0,0.01,G00__mom_255_21__top10__monthly__long_short,delta_vs_same_scenario_G00,max_drawdown,-0.03273550931893082
G21,G21__mom_255_21__top10__monthly__long_short__rev5,long_short,rev5,10.0,0.01,G00__mom_255_21__top10__monthly__long_short,delta_vs_same_scenario_G00,annualized_volatility,-0.02708023612274396
G21,G21__mom_255_21__top10__monthly__long_short__rev5,long_short,rev5,10.0,0.01,G00__mom_255_21__top10__monthly__long_short,delta_vs_same_scenario_G00,annualized_l1_turnover,4.219396702050288
G21,G21__mom_255_21__top10__monthly__long_short__rev5,long_short,rev5,10.0,0.03,G00__mom_255_21__top10__monthly__long_short,delta_vs_same_scenario_G00,cagr,-0.002777992432815443
G21,G21__mom_255_21__top10__monthly__long_short__rev5,long_short,rev5,10.0,0.03,G00__mom_255_21__top10__monthly__long_short,delta_vs_same_scenario_G00,sharpe_excess_rf,-0.024448823599149003
G21,G21__mom_255_21__top10__monthly__long_short__rev5,long_short,rev5,10.0,0.03,G00__mom_255_21__top10__monthly__long_short,delta_vs_same_scenario_G00,max_drawdown,-0.034110901196079346
G21,G21__mom_255_21__top10__monthly__long_short__rev5,long_short,rev5,10.0,0.03,G00__mom_255_21__top10__monthly__long_short,delta_vs_same_scenario_G00,annualized_volatility,-0.027093567720656547
G21,G21__mom_255_21__top10__monthly__long_short__rev5,long_short,rev5,10.0,0.03,G00__mom_255_21__top10__monthly__long_short,delta_vs_same_scenario_G00,annualized_l1_turnover,4.221221521798142
G21,G21__mom_255_21__top10__monthly__long_short__rev5,long_short,rev5,20.0,0.0,G00__mom_255_21__top10__monthly__long_short,delta_vs_same_scenario_G00,cagr,-0.00717160495751034
G21,G21__mom_255_21__top10__monthly__long_short__rev5,long_short,rev5,20.0,0.0,G00__mom_255_21__top10__monthly__long_short,delta_vs_same_scenario_G00,sharpe_excess_rf,-0.041990612368347946
G21,G21__mom_255_21__top10__monthly__long_short__rev5,long_short,rev5,20.0,0.0,G00__mom_255_21__top10__monthly__long_short,delta_vs_same_scenario_G00,max_drawdown,-0.041784822022891355
G21,G21__mom_255_21__top10__monthly__long_short__rev5,long_short,rev5,20.0,0.0,G00__mom_255_21__top10__monthly__long_short,delta_vs_same_scenario_G00,annualized_volatility,-0.026972785125944365
G21,G21__mom_255_21__top10__monthly__long_short__rev5,long_short,rev5,20.0,0.0,G00__mom_255_21__top10__monthly__long_short,delta_vs_same_scenario_G00,annualized_l1_turnover,4.218467828300513
G21,G21__mom_255_21__top10__monthly__long_short__rev5,long_short,rev5,20.0,0.01,G00__mom_255_21__top10__monthly__long_short,delta_vs_same_scenario_G00,cagr,-0.007135689194412695
G21,G21__mom_255_21__top10__monthly__long_short__rev5,long_short,rev5,20.0,0.01,G00__mom_255_21__top10__monthly__long_short,delta_vs_same_scenario_G00,sharpe_excess_rf,-0.044832779183408694
G21,G21__mom_255_21__top10__monthly__long_short__rev5,long_short,rev5,20.0,0.01,G00__mom_255_21__top10__monthly__long_short,delta_vs_same_scenario_G00,max_drawdown,-0.04264971213041502
G21,G21__mom_255_21__top10__monthly__long_short__rev5,long_short,rev5,20.0,0.01,G00__mom_255_21__top10__monthly__long_short,delta_vs_same_scenario_G00,annualized_volatility,-0.02697950434172497
G21,G21__mom_255_21__top10__monthly__long_short__rev5,long_short,rev5,20.0,0.01,G00__mom_255_21__top10__monthly__long_short,delta_vs_same_scenario_G00,annualized_l1_turnover,4.21939670205029
G21,G21__mom_255_21__top10__monthly__long_short__rev5,long_short,rev5,20.0,0.03,G00__mom_255_21__top10__monthly__long_short,delta_vs_same_scenario_G00,cagr,-0.007065432400992444
G21,G21__mom_255_21__top10__monthly__long_short__rev5,long_short,rev5,20.0,0.03,G00__mom_255_21__top10__monthly__long_short,delta_vs_same_scenario_G00,sharpe_excess_rf,-0.05043474289082623
G21,G21__mom_255_21__top10__monthly__long_short__rev5,long_short,rev5,20.0,0.03,G00__mom_255_21__top10__monthly__long_short,delta_vs_same_scenario_G00,max_drawdown,-0.034491750926647524
G21,G21__mom_255_21__top10__monthly__long_short__rev5,long_short,rev5,20.0,0.03,G00__mom_255_21__top10__monthly__long_short,delta_vs_same_scenario_G00,annualized_volatility,-0.026992762184462615
G21,G21__mom_255_21__top10__monthly__long_short__rev5,long_short,rev5,20.0,0.03,G00__mom_255_21__top10__monthly__long_short,delta_vs_same_scenario_G00,annualized_l1_turnover,4.221221521798144
G21,G21__mom_255_21__top10__weekly__long_only__rev20,long_only,rev20,0.0,0.0,G00__mom_255_21__top10__weekly__long_only,delta_vs_same_scenario_G00,cagr,-0.036227897958007654
G21,G21__mom_255_21__top10__weekly__long_only__rev20,long_only,rev20,0.0,0.0,G00__mom_255_21__top10__weekly__long_only,delta_vs_same_scenario_G00,sharpe_excess_rf,-0.10862989677371437
G21,G21__mom_255_21__top10__weekly__long_only__rev20,long_only,rev20,0.0,0.0,G00__mom_255_21__top10__weekly__long_only,delta_vs_same_scenario_G00,max_drawdown,-0.18958886454329282
G21,G21__mom_255_21__top10__weekly__long_only__rev20,long_only,rev20,0.0,0.0,G00__mom_255_21__top10__weekly__long_only,delta_vs_same_scenario_G00,annualized_volatility,0.061632496684251636
G21,G21__mom_255_21__top10__weekly__long_only__rev20,long_only,rev20,0.0,0.0,G00__mom_255_21__top10__weekly__long_only,delta_vs_same_scenario_G00,annualized_l1_turnover,14.086705209937477
G21,G21__mom_255_21__top10__weekly__long_only__rev20,long_only,rev20,5.0,0.0,G00__mom_255_21__top10__weekly__long_only,delta_vs_same_scenario_G00,cagr,-0.04390901359908314
G21,G21__mom_255_21__top10__weekly__long_only__rev20,long_only,rev20,5.0,0.0,G00__mom_255_21__top10__weekly__long_only,delta_vs_same_scenario_G00,sharpe_excess_rf,-0.12150271957456149
G21,G21__mom_255_21__top10__weekly__long_only__rev20,long_only,rev20,5.0,0.0,G00__mom_255_21__top10__weekly__long_only,delta_vs_same_scenario_G00,max_drawdown,-0.1809182926172217
G21,G21__mom_255_21__top10__weekly__long_only__rev20,long_only,rev20,5.0,0.0,G00__mom_255_21__top10__weekly__long_only,delta_vs_same_scenario_G00,annualized_volatility,0.06160235786993051
G21,G21__mom_255_21__top10__weekly__long_only__rev20,long_only,rev20,5.0,0.0,G00__mom_255_21__top10__weekly__long_only,delta_vs_same_scenario_G00,annualized_l1_turnover,14.086705209937477
G21,G21__mom_255_21__top10__weekly__long_only__rev20,long_only,rev20,10.0,0.0,G00__mom_255_21__top10__weekly__long_only,delta_vs_same_scenario_G00,cagr,-0.05138497569423636
G21,G21__mom_255_21__top10__weekly__long_only__rev20,long_only,rev20,10.0,0.0,G00__mom_255_21__top10__weekly__long_only,delta_vs_same_scenario_G00,sharpe_excess_rf,-0.13439090471740578
G21,G21__mom_255_21__top10__weekly__long_only__rev20,long_only,rev20,10.0,0.0,G00__mom_255_21__top10__weekly__long_only,delta_vs_same_scenario_G00,max_drawdown,-0.1724280988233331
G21,G21__mom_255_21__top10__weekly__long_only__rev20,long_only,rev20,10.0,0.0,G00__mom_255_21__top10__weekly__long_only,delta_vs_same_scenario_G00,annualized_volatility,0.061585756968016936
G21,G21__mom_255_21__top10__weekly__long_only__rev20,long_only,rev20,10.0,0.0,G00__mom_255_21__top10__weekly__long_only,delta_vs_same_scenario_G00,annualized_l1_turnover,14.086705209937477
G21,G21__mom_255_21__top10__weekly__long_only__rev20,long_only,rev20,20.0,0.0,G00__mom_255_21__top10__weekly__long_only,delta_vs_same_scenario_G00,cagr,-0.06573736052270251
G21,G21__mom_255_21__top10__weekly__long_only__rev20,long_only,rev20,20.0,0.0,G00__mom_255_21__top10__weekly__long_only,delta_vs_same_scenario_G00,sharpe_excess_rf,-0.16019536211188895
G21,G21__mom_255_21__top10__weekly__long_only__rev20,long_only,rev20,20.0,0.0,G00__mom_255_21__top10__weekly__long_only,delta_vs_same_scenario_G00,max_drawdown,-0.16036250558777687
G21,G21__mom_255_21__top10__weekly__long_only__rev20,long_only,rev20,20.0,0.0,G00__mom_255_21__top10__weekly__long_only,delta_vs_same_scenario_G00,annualized_volatility,0.061593161309813405
G21,G21__mom_255_21__top10__weekly__long_only__rev20,long_only,rev20,20.0,0.0,G00__mom_255_21__top10__weekly__long_only,delta_vs_same_scenario_G00,annualized_l1_turnover,14.086705209937477
G21,G21__mom_255_21__top10__weekly__long_only__rev5,long_only,rev5,0.0,0.0,G00__mom_255_21__top10__weekly__long_only,delta_vs_same_scenario_G00,cagr,0.025404829702512094
G21,G21__mom_255_21__top10__weekly__long_only__rev5,long_only,rev5,0.0,0.0,G00__mom_255_21__top10__weekly__long_only,delta_vs_same_scenario_G00,sharpe_excess_rf,0.026746382591130158
G21,G21__mom_255_21__top10__weekly__long_only__rev5,long_only,rev5,0.0,0.0,G00__mom_255_21__top10__weekly__long_only,delta_vs_same_scenario_G00,max_drawdown,-0.1857438948172886
G21,G21__mom_255_21__top10__weekly__long_only__rev5,long_only,rev5,0.0,0.0,G00__mom_255_21__top10__weekly__long_only,delta_vs_same_scenario_G00,annualized_volatility,0.048724307016585366
G21,G21__mom_255_21__top10__weekly__long_only__rev5,long_only,rev5,0.0,0.0,G00__mom_255_21__top10__weekly__long_only,delta_vs_same_scenario_G00,annualized_l1_turnover,23.947585506942822
G21,G21__mom_255_21__top10__weekly__long_only__rev5,long_only,rev5,5.0,0.0,G00__mom_255_21__top10__weekly__long_only,delta_vs_same_scenario_G00,cagr,0.010786356183587503
G21,G21__mom_255_21__top10__weekly__long_only__rev5,long_only,rev5,5.0,0.0,G00__mom_255_21__top10__weekly__long_only,delta_vs_same_scenario_G00,sharpe_excess_rf,6.45668628161955e-05
G21,G21__mom_255_21__top10__weekly__long_only__rev5,long_only,rev5,5.0,0.0,G00__mom_255_21__top10__weekly__long_only,delta_vs_same_scenario_G00,max_drawdown,-0.17727559452019737
G21,G21__mom_255_21__top10__weekly__long_only__rev5,long_only,rev5,5.0,0.0,G00__mom_255_21__top10__weekly__long_only,delta_vs_same_scenario_G00,annualized_volatility,0.04858230626364607
G21,G21__mom_255_21__top10__weekly__long_only__rev5,long_only,rev5,5.0,0.0,G00__mom_255_21__top10__weekly__long_only,delta_vs_same_scenario_G00,annualized_l1_turnover,23.947585506942822
G21,G21__mom_255_21__top10__weekly__long_only__rev5,long_only,rev5,10.0,0.0,G00__mom_255_21__top10__weekly__long_only,delta_vs_same_scenario_G00,cagr,-0.0033901215586162603
G21,G21__mom_255_21__top10__weekly__long_only__rev5,long_only,rev5,10.0,0.0,G00__mom_255_21__top10__weekly__long_only,delta_vs_same_scenario_G00,sharpe_excess_rf,-0.02669198532074113
G21,G21__mom_255_21__top10__weekly__long_only__rev5,long_only,rev5,10.0,0.0,G00__mom_255_21__top10__weekly__long_only,delta_vs_same_scenario_G00,max_drawdown,-0.17851920941980493
G21,G21__mom_255_21__top10__weekly__long_only__rev5,long_only,rev5,10.0,0.0,G00__mom_255_21__top10__weekly__long_only,delta_vs_same_scenario_G00,annualized_volatility,0.04847061726716234
G21,G21__mom_255_21__top10__weekly__long_only__rev5,long_only,rev5,10.0,0.0,G00__mom_255_21__top10__weekly__long_only,delta_vs_same_scenario_G00,annualized_l1_turnover,23.947585506942822
G21,G21__mom_255_21__top10__weekly__long_only__rev5,long_only,rev5,20.0,0.0,G00__mom_255_21__top10__weekly__long_only,delta_vs_same_scenario_G00,cagr,-0.030457848530436316
G21,G21__mom_255_21__top10__weekly__long_only__rev5,long_only,rev5,20.0,0.0,G00__mom_255_21__top10__weekly__long_only,delta_vs_same_scenario_G00,sharpe_excess_rf,-0.08037415763396943
G21,G21__mom_255_21__top10__weekly__long_only__rev5,long_only,rev5,20.0,0.0,G00__mom_255_21__top10__weekly__long_only,delta_vs_same_scenario_G00,max_drawdown,-0.18402594950435547
G21,G21__mom_255_21__top10__weekly__long_only__rev5,long_only,rev5,20.0,0.0,G00__mom_255_21__top10__weekly__long_only,delta_vs_same_scenario_G00,annualized_volatility,0.048338252094866196
G21,G21__mom_255_21__top10__weekly__long_only__rev5,long_only,rev5,20.0,0.0,G00__mom_255_21__top10__weekly__long_only,delta_vs_same_scenario_G00,annualized_l1_turnover,23.947585506942822
G21,G21__mom_255_21__top10__weekly__long_short__rev20,long_short,rev20,0.0,0.0,G00__mom_255_21__top10__weekly__long_short,delta_vs_same_scenario_G00,cagr,0.040888460928058076
G21,G21__mom_255_21__top10__weekly__long_short__rev20,long_short,rev20,0.0,0.0,G00__mom_255_21__top10__weekly__long_short,delta_vs_same_scenario_G00,sharpe_excess_rf,0.17084954493453472
G21,G21__mom_255_21__top10__weekly__long_short__rev20,long_short,rev20,0.0,0.0,G00__mom_255_21__top10__weekly__long_short,delta_vs_same_scenario_G00,max_drawdown,0.13369683263007504
G21,G21__mom_255_21__top10__weekly__long_short__rev20,long_short,rev20,0.0,0.0,G00__mom_255_21__top10__weekly__long_short,delta_vs_same_scenario_G00,annualized_volatility,-0.005341311150234257
G21,G21__mom_255_21__top10__weekly__long_short__rev20,long_short,rev20,0.0,0.0,G00__mom_255_21__top10__weekly__long_short,delta_vs_same_scenario_G00,annualized_l1_turnover,14.158403770841229
G21,G21__mom_255_21__top10__weekly__long_short__rev20,long_short,rev20,0.0,0.01,G00__mom_255_21__top10__weekly__long_short,delta_vs_same_scenario_G00,cagr,0.04069767965685617
G21,G21__mom_255_21__top10__weekly__long_short__rev20,long_short,rev20,0.0,0.01,G00__mom_255_21__top10__weekly__long_short,delta_vs_same_scenario_G00,sharpe_excess_rf,0.17037036848034126
G21,G21__mom_255_21__top10__weekly__long_short__rev20,long_short,rev20,0.0,0.01,G00__mom_255_21__top10__weekly__long_short,delta_vs_same_scenario_G00,max_drawdown,0.14082639381000484
G21,G21__mom_255_21__top10__weekly__long_short__rev20,long_short,rev20,0.0,0.01,G00__mom_255_21__top10__weekly__long_short,delta_vs_same_scenario_G00,annualized_volatility,-0.005343899888705234
G21,G21__mom_255_21__top10__weekly__long_short__rev20,long_short,rev20,0.0,0.01,G00__mom_255_21__top10__weekly__long_short,delta_vs_same_scenario_G00,annualized_l1_turnover,14.15891112837459
G21,G21__mom_255_21__top10__weekly__long_short__rev20,long_short,rev20,0.0,0.03,G00__mom_255_21__top10__weekly__long_short,delta_vs_same_scenario_G00,cagr,0.04032424672969875
G21,G21__mom_255_21__top10__weekly__long_short__rev20,long_short,rev20,0.0,0.03,G00__mom_255_21__top10__weekly__long_short,delta_vs_same_scenario_G00,sharpe_excess_rf,0.16942483402993425
G21,G21__mom_255_21__top10__weekly__long_short__rev20,long_short,rev20,0.0,0.03,G00__mom_255_21__top10__weekly__long_short,delta_vs_same_scenario_G00,max_drawdown,0.15444693465254933
G21,G21__mom_255_21__top10__weekly__long_short__rev20,long_short,rev20,0.0,0.03,G00__mom_255_21__top10__weekly__long_short,delta_vs_same_scenario_G00,annualized_volatility,-0.005349004064060359
G21,G21__mom_255_21__top10__weekly__long_short__rev20,long_short,rev20,0.0,0.03,G00__mom_255_21__top10__weekly__long_short,delta_vs_same_scenario_G00,annualized_l1_turnover,14.1599118525297
G21,G21__mom_255_21__top10__weekly__long_short__rev20,long_short,rev20,5.0,0.0,G00__mom_255_21__top10__weekly__long_short,delta_vs_same_scenario_G00,cagr,0.033006927690001596
G21,G21__mom_255_21__top10__weekly__long_short__rev20,long_short,rev20,5.0,0.0,G00__mom_255_21__top10__weekly__long_short,delta_vs_same_scenario_G00,sharpe_excess_rf,0.13801469775057423
G21,G21__mom_255_21__top10__weekly__long_short__rev20,long_short,rev20,5.0,0.0,G00__mom_255_21__top10__weekly__long_short,delta_vs_same_scenario_G00,max_drawdown,0.14875285589395393
G21,G21__mom_255_21__top10__weekly__long_short__rev20,long_short,rev20,5.0,0.0,G00__mom_255_21__top10__weekly__long_short,delta_vs_same_scenario_G00,annualized_volatility,-0.00531702196809461
G21,G21__mom_255_21__top10__weekly__long_short__rev20,long_short,rev20,5.0,0.0,G00__mom_255_21__top10__weekly__long_short,delta_vs_same_scenario_G00,annualized_l1_turnover,14.158403770841229
G21,G21__mom_255_21__top10__weekly__long_short__rev20,long_short,rev20,5.0,0.01,G00__mom_255_21__top10__weekly__long_short,delta_vs_same_scenario_G00,cagr,0.032854779049275994
G21,G21__mom_255_21__top10__weekly__long_short__rev20,long_short,rev20,5.0,0.01,G00__mom_255_21__top10__weekly__long_short,delta_vs_same_scenario_G00,sharpe_excess_rf,0.13753878872735398
G21,G21__mom_255_21__top10__weekly__long_short__rev20,long_short,rev20,5.0,0.01,G00__mom_255_21__top10__weekly__long_short,delta_vs_same_scenario_G00,max_drawdown,0.15555565201172206
G21,G21__mom_255_21__top10__weekly__long_short__rev20,long_short,rev20,5.0,0.01,G00__mom_255_21__top10__weekly__long_short,delta_vs_same_scenario_G00,annualized_volatility,-0.005319613517539901
G21,G21__mom_255_21__top10__weekly__long_short__rev20,long_short,rev20,5.0,0.01,G00__mom_255_21__top10__weekly__long_short,delta_vs_same_scenario_G00,annualized_l1_turnover,14.15891112837459
G21,G21__mom_255_21__top10__weekly__long_short__rev20,long_short,rev20,5.0,0.03,G00__mom_255_21__top10__weekly__long_short,delta_vs_same_scenario_G00,cagr,0.03255693823399831
G21,G21__mom_255_21__top10__weekly__long_short__rev20,long_short,rev20,5.0,0.03,G00__mom_255_21__top10__weekly__long_short,delta_vs_same_scenario_G00,sharpe_excess_rf,0.13659969023766663
G21,G21__mom_255_21__top10__weekly__long_short__rev20,long_short,rev20,5.0,0.03,G00__mom_255_21__top10__weekly__long_short,delta_vs_same_scenario_G00,max_drawdown,0.1685496878131112
G21,G21__mom_255_21__top10__weekly__long_short__rev20,long_short,rev20,5.0,0.03,G00__mom_255_21__top10__weekly__long_short,delta_vs_same_scenario_G00,annualized_volatility,-0.005324723423922539
G21,G21__mom_255_21__top10__weekly__long_short__rev20,long_short,rev20,5.0,0.03,G00__mom_255_21__top10__weekly__long_short,delta_vs_same_scenario_G00,annualized_l1_turnover,14.1599118525297
G21,G21__mom_255_21__top10__weekly__long_short__rev20,long_short,rev20,10.0,0.0,G00__mom_255_21__top10__weekly__long_short,delta_vs_same_scenario_G00,cagr,0.025329987577894342
G21,G21__mom_255_21__top10__weekly__long_short__rev20,long_short,rev20,10.0,0.0,G00__mom_255_21__top10__weekly__long_short,delta_vs_same_scenario_G00,sharpe_excess_rf,0.10519166222027562
G21,G21__mom_255_21__top10__weekly__long_short__rev20,long_short,rev20,10.0,0.0,G00__mom_255_21__top10__weekly__long_short,delta_vs_same_scenario_G00,max_drawdown,0.1630890448949136
G21,G21__mom_255_21__top10__weekly__long_short__rev20,long_short,rev20,10.0,0.0,G00__mom_255_21__top10__weekly__long_short,delta_vs_same_scenario_G00,annualized_volatility,-0.005266130613710784
G21,G21__mom_255_21__top10__weekly__long_short__rev20,long_short,rev20,10.0,0.0,G00__mom_255_21__top10__weekly__long_short,delta_vs_same_scenario_G00,annualized_l1_turnover,14.158403770841229
G21,G21__mom_255_21__top10__weekly__long_short__rev20,long_short,rev20,10.0,0.01,G00__mom_255_21__top10__weekly__long_short,delta_vs_same_scenario_G00,cagr,0.025215478609562643
G21,G21__mom_255_21__top10__weekly__long_short__rev20,long_short,rev20,10.0,0.01,G00__mom_255_21__top10__weekly__long_short,delta_vs_same_scenario_G00,sharpe_excess_rf,0.10472170098635947
G21,G21__mom_255_21__top10__weekly__long_short__rev20,long_short,rev20,10.0,0.01,G00__mom_255_21__top10__weekly__long_short,delta_vs_same_scenario_G00,max_drawdown,0.16957837081489846
G21,G21__mom_255_21__top10__weekly__long_short__rev20,long_short,rev20,10.0,0.01,G00__mom_255_21__top10__weekly__long_short,delta_vs_same_scenario_G00,annualized_volatility,-0.0052687250208861
G21,G21__mom_255_21__top10__weekly__long_short__rev20,long_short,rev20,10.0,0.01,G00__mom_255_21__top10__weekly__long_short,delta_vs_same_scenario_G00,annualized_l1_turnover,14.15891112837459
G21,G21__mom_255_21__top10__weekly__long_short__rev20,long_short,rev20,10.0,0.03,G00__mom_255_21__top10__weekly__long_short,delta_vs_same_scenario_G00,cagr,0.02499128689973288
G21,G21__mom_255_21__top10__weekly__long_short__rev20,long_short,rev20,10.0,0.03,G00__mom_255_21__top10__weekly__long_short,delta_vs_same_scenario_G00,sharpe_excess_rf,0.1037943195863094
G21,G21__mom_255_21__top10__weekly__long_short__rev20,long_short,rev20,10.0,0.03,G00__mom_255_21__top10__weekly__long_short,delta_vs_same_scenario_G00,max_drawdown,0.17378350670967457
G21,G21__mom_255_21__top10__weekly__long_short__rev20,long_short,rev20,10.0,0.03,G00__mom_255_21__top10__weekly__long_short,delta_vs_same_scenario_G00,annualized_volatility,-0.0052738407487857575
G21,G21__mom_255_21__top10__weekly__long_short__rev20,long_short,rev20,10.0,0.03,G00__mom_255_21__top10__weekly__long_short,delta_vs_same_scenario_G00,annualized_l1_turnover,14.1599118525297
G21,G21__mom_255_21__top10__weekly__long_short__rev20,long_short,rev20,20.0,0.0,G00__mom_255_21__top10__weekly__long_short,delta_vs_same_scenario_G00,cagr,0.010573762935101217
G21,G21__mom_255_21__top10__weekly__long_short__rev20,long_short,rev20,20.0,0.0,G00__mom_255_21__top10__weekly__long_short,delta_vs_same_scenario_G00,sharpe_excess_rf,0.03970873152725672
G21,G21__mom_255_21__top10__weekly__long_short__rev20,long_short,rev20,20.0,0.0,G00__mom_255_21__top10__weekly__long_short,delta_vs_same_scenario_G00,max_drawdown,0.15427661510703128
G21,G21__mom_255_21__top10__weekly__long_short__rev20,long_short,rev20,20.0,0.0,G00__mom_255_21__top10__weekly__long_short,delta_vs_same_scenario_G00,annualized_volatility,-0.005084734536712682
G21,G21__mom_255_21__top10__weekly__long_short__rev20,long_short,rev20,20.0,0.0,G00__mom_255_21__top10__weekly__long_short,delta_vs_same_scenario_G00,annualized_l1_turnover,14.158403770841229
G21,G21__mom_255_21__top10__weekly__long_short__rev20,long_short,rev20,20.0,0.01,G00__mom_255_21__top10__weekly__long_short,delta_vs_same_scenario_G00,cagr,0.010531631816016539
G21,G21__mom_255_21__top10__weekly__long_short__rev20,long_short,rev20,20.0,0.01,G00__mom_255_21__top10__weekly__long_short,delta_vs_same_scenario_G00,sharpe_excess_rf,0.03925864076949256
G21,G21__mom_255_21__top10__weekly__long_short__rev20,long_short,rev20,20.0,0.01,G00__mom_255_21__top10__weekly__long_short,delta_vs_same_scenario_G00,max_drawdown,0.15560680129041338
G21,G21__mom_255_21__top10__weekly__long_short__rev20,long_short,rev20,20.0,0.01,G00__mom_255_21__top10__weekly__long_short,delta_vs_same_scenario_G00,annualized_volatility,-0.005087334798311083
G21,G21__mom_255_21__top10__weekly__long_short__rev20,long_short,rev20,20.0,0.01,G00__mom_255_21__top10__weekly__long_short,delta_vs_same_scenario_G00,annualized_l1_turnover,14.158911128374594
G21,G21__mom_255_21__top10__weekly__long_short__rev20,long_short,rev20,20.0,0.03,G00__mom_255_21__top10__weekly__long_short,delta_vs_same_scenario_G00,cagr,0.010449060719811502
G21,G21__mom_255_21__top10__weekly__long_short__rev20,long_short,rev20,20.0,0.03,G00__mom_255_21__top10__weekly__long_short,delta_vs_same_scenario_G00,sharpe_excess_rf,0.038370406579208094
G21,G21__mom_255_21__top10__weekly__long_short__rev20,long_short,rev20,20.0,0.03,G00__mom_255_21__top10__weekly__long_short,delta_vs_same_scenario_G00,max_drawdown,0.15628482002457955
G21,G21__mom_255_21__top10__weekly__long_short__rev20,long_short,rev20,20.0,0.03,G00__mom_255_21__top10__weekly__long_short,delta_vs_same_scenario_G00,annualized_volatility,-0.005092462437645301
G21,G21__mom_255_21__top10__weekly__long_short__rev20,long_short,rev20,20.0,0.03,G00__mom_255_21__top10__weekly__long_short,delta_vs_same_scenario_G00,annualized_l1_turnover,14.1599118525297
G21,G21__mom_255_21__top10__weekly__long_short__rev5,long_short,rev5,0.0,0.0,G00__mom_255_21__top10__weekly__long_short,delta_vs_same_scenario_G00,cagr,0.07974311863039128
G21,G21__mom_255_21__top10__weekly__long_short__rev5,long_short,rev5,0.0,0.0,G00__mom_255_21__top10__weekly__long_short,delta_vs_same_scenario_G00,sharpe_excess_rf,0.33978725399023035
G21,G21__mom_255_21__top10__weekly__long_short__rev5,long_short,rev5,0.0,0.0,G00__mom_255_21__top10__weekly__long_short,delta_vs_same_scenario_G00,max_drawdown,0.16275149613611117
G21,G21__mom_255_21__top10__weekly__long_short__rev5,long_short,rev5,0.0,0.0,G00__mom_255_21__top10__weekly__long_short,delta_vs_same_scenario_G00,annualized_volatility,-0.01386791676069657
G21,G21__mom_255_21__top10__weekly__long_short__rev5,long_short,rev5,0.0,0.0,G00__mom_255_21__top10__weekly__long_short,delta_vs_same_scenario_G00,annualized_l1_turnover,22.892101512206775
G21,G21__mom_255_21__top10__weekly__long_short__rev5,long_short,rev5,0.0,0.01,G00__mom_255_21__top10__weekly__long_short,delta_vs_same_scenario_G00,cagr,0.07936746104841991
G21,G21__mom_255_21__top10__weekly__long_short__rev5,long_short,rev5,0.0,0.01,G00__mom_255_21__top10__weekly__long_short,delta_vs_same_scenario_G00,sharpe_excess_rf,0.3384438222224631
G21,G21__mom_255_21__top10__weekly__long_short__rev5,long_short,rev5,0.0,0.01,G00__mom_255_21__top10__weekly__long_short,delta_vs_same_scenario_G00,max_drawdown,0.16546478079471139
G21,G21__mom_255_21__top10__weekly__long_short__rev5,long_short,rev5,0.0,0.01,G00__mom_255_21__top10__weekly__long_short,delta_vs_same_scenario_G00,annualized_volatility,-0.01387062051891072
G21,G21__mom_255_21__top10__weekly__long_short__rev5,long_short,rev5,0.0,0.01,G00__mom_255_21__top10__weekly__long_short,delta_vs_same_scenario_G00,annualized_l1_turnover,22.893043043201494
G21,G21__mom_255_21__top10__weekly__long_short__rev5,long_short,rev5,0.0,0.03,G00__mom_255_21__top10__weekly__long_short,delta_vs_same_scenario_G00,cagr,0.07863218584039226
G21,G21__mom_255_21__top10__weekly__long_short__rev5,long_short,rev5,0.0,0.03,G00__mom_255_21__top10__weekly__long_short,delta_vs_same_scenario_G00,sharpe_excess_rf,0.3357952960428942
G21,G21__mom_255_21__top10__weekly__long_short__rev5,long_short,rev5,0.0,0.03,G00__mom_255_21__top10__weekly__long_short,delta_vs_same_scenario_G00,max_drawdown,0.17052033016080725
G21,G21__mom_255_21__top10__weekly__long_short__rev5,long_short,rev5,0.0,0.03,G00__mom_255_21__top10__weekly__long_short,delta_vs_same_scenario_G00,annualized_volatility,-0.013875950364167361
G21,G21__mom_255_21__top10__weekly__long_short__rev5,long_short,rev5,0.0,0.03,G00__mom_255_21__top10__weekly__long_short,delta_vs_same_scenario_G00,annualized_l1_turnover,22.894898555661438
G21,G21__mom_255_21__top10__weekly__long_short__rev5,long_short,rev5,5.0,0.0,G00__mom_255_21__top10__weekly__long_short,delta_vs_same_scenario_G00,cagr,0.06644516464180075
G21,G21__mom_255_21__top10__weekly__long_short__rev5,long_short,rev5,5.0,0.0,G00__mom_255_21__top10__weekly__long_short,delta_vs_same_scenario_G00,sharpe_excess_rf,0.28351409578546455
G21,G21__mom_255_21__top10__weekly__long_short__rev5,long_short,rev5,5.0,0.0,G00__mom_255_21__top10__weekly__long_short,delta_vs_same_scenario_G00,max_drawdown,0.15420870568347034
G21,G21__mom_255_21__top10__weekly__long_short__rev5,long_short,rev5,5.0,0.0,G00__mom_255_21__top10__weekly__long_short,delta_vs_same_scenario_G00,annualized_volatility,-0.013988638050226432
G21,G21__mom_255_21__top10__weekly__long_short__rev5,long_short,rev5,5.0,0.0,G00__mom_255_21__top10__weekly__long_short,delta_vs_same_scenario_G00,annualized_l1_turnover,22.892101512206775
G21,G21__mom_255_21__top10__weekly__long_short__rev5,long_short,rev5,5.0,0.01,G00__mom_255_21__top10__weekly__long_short,delta_vs_same_scenario_G00,cagr,0.06613454067513844
G21,G21__mom_255_21__top10__weekly__long_short__rev5,long_short,rev5,5.0,0.01,G00__mom_255_21__top10__weekly__long_short,delta_vs_same_scenario_G00,sharpe_excess_rf,0.2821595284282718
G21,G21__mom_255_21__top10__weekly__long_short__rev5,long_short,rev5,5.0,0.01,G00__mom_255_21__top10__weekly__long_short,delta_vs_same_scenario_G00,max_drawdown,0.15682988738160564
G21,G21__mom_255_21__top10__weekly__long_short__rev5,long_short,rev5,5.0,0.01,G00__mom_255_21__top10__weekly__long_short,delta_vs_same_scenario_G00,annualized_volatility,-0.013991340554371373
G21,G21__mom_255_21__top10__weekly__long_short__rev5,long_short,rev5,5.0,0.01,G00__mom_255_21__top10__weekly__long_short,delta_vs_same_scenario_G00,annualized_l1_turnover,22.893043043201494
G21,G21__mom_255_21__top10__weekly__long_short__rev5,long_short,rev5,5.0,0.03,G00__mom_255_21__top10__weekly__long_short,delta_vs_same_scenario_G00,cagr,0.06552651935989796
G21,G21__mom_255_21__top10__weekly__long_short__rev5,long_short,rev5,5.0,0.03,G00__mom_255_21__top10__weekly__long_short,delta_vs_same_scenario_G00,sharpe_excess_rf,0.2794890656233029
G21,G21__mom_255_21__top10__weekly__long_short__rev5,long_short,rev5,5.0,0.03,G00__mom_255_21__top10__weekly__long_short,delta_vs_same_scenario_G00,max_drawdown,0.16171518885499725
G21,G21__mom_255_21__top10__weekly__long_short__rev5,long_short,rev5,5.0,0.03,G00__mom_255_21__top10__weekly__long_short,delta_vs_same_scenario_G00,annualized_volatility,-0.01399666816789194
G21,G21__mom_255_21__top10__weekly__long_short__rev5,long_short,rev5,5.0,0.03,G00__mom_255_21__top10__weekly__long_short,delta_vs_same_scenario_G00,annualized_l1_turnover,22.894898555661438
G21,G21__mom_255_21__top10__weekly__long_short__rev5,long_short,rev5,10.0,0.0,G00__mom_255_21__top10__weekly__long_short,delta_vs_same_scenario_G00,cagr,0.05354137233790063
G21,G21__mom_255_21__top10__weekly__long_short__rev5,long_short,rev5,10.0,0.0,G00__mom_255_21__top10__weekly__long_short,delta_vs_same_scenario_G00,sharpe_excess_rf,0.2270772681524743
G21,G21__mom_255_21__top10__weekly__long_short__rev5,long_short,rev5,10.0,0.0,G00__mom_255_21__top10__weekly__long_short,delta_vs_same_scenario_G00,max_drawdown,0.14608270060100992
G21,G21__mom_255_21__top10__weekly__long_short__rev5,long_short,rev5,10.0,0.0,G00__mom_255_21__top10__weekly__long_short,delta_vs_same_scenario_G00,annualized_volatility,-0.01405325157572157
G21,G21__mom_255_21__top10__weekly__long_short__rev5,long_short,rev5,10.0,0.0,G00__mom_255_21__top10__weekly__long_short,delta_vs_same_scenario_G00,annualized_l1_turnover,22.892101512206775
G21,G21__mom_255_21__top10__weekly__long_short__rev5,long_short,rev5,10.0,0.01,G00__mom_255_21__top10__weekly__long_short,delta_vs_same_scenario_G00,cagr,0.053293872779434544
G21,G21__mom_255_21__top10__weekly__long_short__rev5,long_short,rev5,10.0,0.01,G00__mom_255_21__top10__weekly__long_short,delta_vs_same_scenario_G00,sharpe_excess_rf,0.22571772985998934
G21,G21__mom_255_21__top10__weekly__long_short__rev5,long_short,rev5,10.0,0.01,G00__mom_255_21__top10__weekly__long_short,delta_vs_same_scenario_G00,max_drawdown,0.14861483041922507
G21,G21__mom_255_21__top10__weekly__long_short__rev5,long_short,rev5,10.0,0.01,G00__mom_255_21__top10__weekly__long_short,delta_vs_same_scenario_G00,annualized_volatility,-0.014055952883529732
G21,G21__mom_255_21__top10__weekly__long_short__rev5,long_short,rev5,10.0,0.01,G00__mom_255_21__top10__weekly__long_short,delta_vs_same_scenario_G00,annualized_l1_turnover,22.893043043201494
G21,G21__mom_255_21__top10__weekly__long_short__rev5,long_short,rev5,10.0,0.03,G00__mom_255_21__top10__weekly__long_short,delta_vs_same_scenario_G00,cagr,0.05280936934478179
G21,G21__mom_255_21__top10__weekly__long_short__rev5,long_short,rev5,10.0,0.03,G00__mom_255_21__top10__weekly__long_short,delta_vs_same_scenario_G00,sharpe_excess_rf,0.22303747657087666
G21,G21__mom_255_21__top10__weekly__long_short__rev5,long_short,rev5,10.0,0.03,G00__mom_255_21__top10__weekly__long_short,delta_vs_same_scenario_G00,max_drawdown,0.153335463818555
G21,G21__mom_255_21__top10__weekly__long_short__rev5,long_short,rev5,10.0,0.03,G00__mom_255_21__top10__weekly__long_short,delta_vs_same_scenario_G00,annualized_volatility,-0.014061278380597897
G21,G21__mom_255_21__top10__weekly__long_short__rev5,long_short,rev5,10.0,0.03,G00__mom_255_21__top10__weekly__long_short,delta_vs_same_scenario_G00,annualized_l1_turnover,22.894898555661438
G21,G21__mom_255_21__top10__weekly__long_short__rev5,long_short,rev5,20.0,0.0,G00__mom_255_21__top10__weekly__long_short,delta_vs_same_scenario_G00,cagr,0.028879996885029804
G21,G21__mom_255_21__top10__weekly__long_short__rev5,long_short,rev5,20.0,0.0,G00__mom_255_21__top10__weekly__long_short,delta_vs_same_scenario_G00,sharpe_excess_rf,0.11406179914404882
G21,G21__mom_255_21__top10__weekly__long_short__rev5,long_short,rev5,20.0,0.0,G00__mom_255_21__top10__weekly__long_short,delta_vs_same_scenario_G00,max_drawdown,0.1310047622698488
G21,G21__mom_255_21__top10__weekly__long_short__rev5,long_short,rev5,20.0,0.0,G00__mom_255_21__top10__weekly__long_short,delta_vs_same_scenario_G00,annualized_volatility,-0.01401415691664476
G21,G21__mom_255_21__top10__weekly__long_short__rev5,long_short,rev5,20.0,0.0,G00__mom_255_21__top10__weekly__long_short,delta_vs_same_scenario_G00,annualized_l1_turnover,22.892101512206775
G21,G21__mom_255_21__top10__weekly__long_short__rev5,long_short,rev5,20.0,0.01,G00__mom_255_21__top10__weekly__long_short,delta_vs_same_scenario_G00,cagr,0.02875319231792891
G21,G21__mom_255_21__top10__weekly__long_short__rev5,long_short,rev5,20.0,0.01,G00__mom_255_21__top10__weekly__long_short,delta_vs_same_scenario_G00,sharpe_excess_rf,0.11271078704718848
G21,G21__mom_255_21__top10__weekly__long_short__rev5,long_short,rev5,20.0,0.01,G00__mom_255_21__top10__weekly__long_short,delta_vs_same_scenario_G00,max_drawdown,0.13336754924944283
G21,G21__mom_255_21__top10__weekly__long_short__rev5,long_short,rev5,20.0,0.01,G00__mom_255_21__top10__weekly__long_short,delta_vs_same_scenario_G00,annualized_volatility,-0.014016856039175907
G21,G21__mom_255_21__top10__weekly__long_short__rev5,long_short,rev5,20.0,0.01,G00__mom_255_21__top10__weekly__long_short,delta_vs_same_scenario_G00,annualized_l1_turnover,22.893043043201498
G21,G21__mom_255_21__top10__weekly__long_short__rev5,long_short,rev5,20.0,0.03,G00__mom_255_21__top10__weekly__long_short,delta_vs_same_scenario_G00,cagr,0.028504856719644703
G21,G21__mom_255_21__top10__weekly__long_short__rev5,long_short,rev5,20.0,0.03,G00__mom_255_21__top10__weekly__long_short,delta_vs_same_scenario_G00,sharpe_excess_rf,0.11004734014977363
G21,G21__mom_255_21__top10__weekly__long_short__rev5,long_short,rev5,20.0,0.03,G00__mom_255_21__top10__weekly__long_short,delta_vs_same_scenario_G00,max_drawdown,0.13777487855869164
G21,G21__mom_255_21__top10__weekly__long_short__rev5,long_short,rev5,20.0,0.03,G00__mom_255_21__top10__weekly__long_short,delta_vs_same_scenario_G00,annualized_volatility,-0.01402217771532771
G21,G21__mom_255_21__top10__weekly__long_short__rev5,long_short,rev5,20.0,0.03,G00__mom_255_21__top10__weekly__long_short,delta_vs_same_scenario_G00,annualized_l1_turnover,22.894898555661438
G21,G21__mom_255_21__top20__monthly__long_only__rev20,long_only,rev20,0.0,0.0,G00__mom_255_21__top20__monthly__long_only,delta_vs_same_scenario_G00,cagr,-0.021018418793989246
G21,G21__mom_255_21__top20__monthly__long_only__rev20,long_only,rev20,0.0,0.0,G00__mom_255_21__top20__monthly__long_only,delta_vs_same_scenario_G00,sharpe_excess_rf,-0.10212611694968032
G21,G21__mom_255_21__top20__monthly__long_only__rev20,long_only,rev20,0.0,0.0,G00__mom_255_21__top20__monthly__long_only,delta_vs_same_scenario_G00,max_drawdown,-0.16774892083532567
G21,G21__mom_255_21__top20__monthly__long_only__rev20,long_only,rev20,0.0,0.0,G00__mom_255_21__top20__monthly__long_only,delta_vs_same_scenario_G00,annualized_volatility,0.047584265483241184
G21,G21__mom_255_21__top20__monthly__long_only__rev20,long_only,rev20,0.0,0.0,G00__mom_255_21__top20__monthly__long_only,delta_vs_same_scenario_G00,annualized_l1_turnover,5.227673129619761
G21,G21__mom_255_21__top20__monthly__long_only__rev20,long_only,rev20,5.0,0.0,G00__mom_255_21__top20__monthly__long_only,delta_vs_same_scenario_G00,cagr,-0.02401835073560657
G21,G21__mom_255_21__top20__monthly__long_only__rev20,long_only,rev20,5.0,0.0,G00__mom_255_21__top20__monthly__long_only,delta_vs_same_scenario_G00,sharpe_excess_rf,-0.10781799548131688
G21,G21__mom_255_21__top20__monthly__long_only__rev20,long_only,rev20,5.0,0.0,G00__mom_255_21__top20__monthly__long_only,delta_vs_same_scenario_G00,max_drawdown,-0.1637581867959862
G21,G21__mom_255_21__top20__monthly__long_only__rev20,long_only,rev20,5.0,0.0,G00__mom_255_21__top20__monthly__long_only,delta_vs_same_scenario_G00,annualized_volatility,0.047544785113011134
G21,G21__mom_255_21__top20__monthly__long_only__rev20,long_only,rev20,5.0,0.0,G00__mom_255_21__top20__monthly__long_only,delta_vs_same_scenario_G00,annualized_l1_turnover,5.227673129619761
G21,G21__mom_255_21__top20__monthly__long_only__rev20,long_only,rev20,10.0,0.0,G00__mom_255_21__top20__monthly__long_only,delta_vs_same_scenario_G00,cagr,-0.02698949344222057
G21,G21__mom_255_21__top20__monthly__long_only__rev20,long_only,rev20,10.0,0.0,G00__mom_255_21__top20__monthly__long_only,delta_vs_same_scenario_G00,sharpe_excess_rf,-0.11352537985448119
G21,G21__mom_255_21__top20__monthly__long_only__rev20,long_only,rev20,10.0,0.0,G00__mom_255_21__top20__monthly__long_only,delta_vs_same_scenario_G00,max_drawdown,-0.15979822986692116
G21,G21__mom_255_21__top20__monthly__long_only__rev20,long_only,rev20,10.0,0.0,G00__mom_255_21__top20__monthly__long_only,delta_vs_same_scenario_G00,annualized_volatility,0.04751406746209219
G21,G21__mom_255_21__top20__monthly__long_only__rev20,long_only,rev20,10.0,0.0,G00__mom_255_21__top20__monthly__long_only,delta_vs_same_scenario_G00,annualized_l1_turnover,5.227673129619761
G21,G21__mom_255_21__top20__monthly__long_only__rev20,long_only,rev20,20.0,0.0,G00__mom_255_21__top20__monthly__long_only,delta_vs_same_scenario_G00,cagr,-0.03284615240340272
G21,G21__mom_255_21__top20__monthly__long_only__rev20,long_only,rev20,20.0,0.0,G00__mom_255_21__top20__monthly__long_only,delta_vs_same_scenario_G00,sharpe_excess_rf,-0.12498017363293024
G21,G21__mom_255_21__top20__monthly__long_only__rev20,long_only,rev20,20.0,0.0,G00__mom_255_21__top20__monthly__long_only,delta_vs_same_scenario_G00,max_drawdown,-0.15154061358704068
G21,G21__mom_255_21__top20__monthly__long_only__rev20,long_only,rev20,20.0,0.0,G00__mom_255_21__top20__monthly__long_only,delta_vs_same_scenario_G00,annualized_volatility,0.047478933930514444
G21,G21__mom_255_21__top20__monthly__long_only__rev20,long_only,rev20,20.0,0.0,G00__mom_255_21__top20__monthly__long_only,delta_vs_same_scenario_G00,annualized_l1_turnover,5.227673129619761
G21,G21__mom_255_21__top20__monthly__long_only__rev5,long_only,rev5,0.0,0.0,G00__mom_255_21__top20__monthly__long_only,delta_vs_same_scenario_G00,cagr,-0.028854507035322774
G21,G21__mom_255_21__top20__monthly__long_only__rev5,long_only,rev5,0.0,0.0,G00__mom_255_21__top20__monthly__long_only,delta_vs_same_scenario_G00,sharpe_excess_rf,-0.11817690254131552
G21,G21__mom_255_21__top20__monthly__long_only__rev5,long_only,rev5,0.0,0.0,G00__mom_255_21__top20__monthly__long_only,delta_vs_same_scenario_G00,max_drawdown,-0.21424866015280386
G21,G21__mom_255_21__top20__monthly__long_only__rev5,long_only,rev5,0.0,0.0,G00__mom_255_21__top20__monthly__long_only,delta_vs_same_scenario_G00,annualized_volatility,0.04344654190856545
G21,G21__mom_255_21__top20__monthly__long_only__rev5,long_only,rev5,0.0,0.0,G00__mom_255_21__top20__monthly__long_only,delta_vs_same_scenario_G00,annualized_l1_turnover,5.096785199889995
G21,G21__mom_255_21__top20__monthly__long_only__rev5,long_only,rev5,5.0,0.0,G00__mom_255_21__top20__monthly__long_only,delta_vs_same_scenario_G00,cagr,-0.031725737592447706
G21,G21__mom_255_21__top20__monthly__long_only__rev5,long_only,rev5,5.0,0.0,G00__mom_255_21__top20__monthly__long_only,delta_vs_same_scenario_G00,sharpe_excess_rf,-0.12395017858385171
G21,G21__mom_255_21__top20__monthly__long_only__rev5,long_only,rev5,5.0,0.0,G00__mom_255_21__top20__monthly__long_only,delta_vs_same_scenario_G00,max_drawdown,-0.21021142637414714
G21,G21__mom_255_21__top20__monthly__long_only__rev5,long_only,rev5,5.0,0.0,G00__mom_255_21__top20__monthly__long_only,delta_vs_same_scenario_G00,annualized_volatility,0.04346343904210059
G21,G21__mom_255_21__top20__monthly__long_only__rev5,long_only,rev5,5.0,0.0,G00__mom_255_21__top20__monthly__long_only,delta_vs_same_scenario_G00,annualized_l1_turnover,5.096785199889995
G21,G21__mom_255_21__top20__monthly__long_only__rev5,long_only,rev5,10.0,0.0,G00__mom_255_21__top20__monthly__long_only,delta_vs_same_scenario_G00,cagr,-0.034569415883405785
G21,G21__mom_255_21__top20__monthly__long_only__rev5,long_only,rev5,10.0,0.0,G00__mom_255_21__top20__monthly__long_only,delta_vs_same_scenario_G00,sharpe_excess_rf,-0.12973194669527788
G21,G21__mom_255_21__top20__monthly__long_only__rev5,long_only,rev5,10.0,0.0,G00__mom_255_21__top20__monthly__long_only,delta_vs_same_scenario_G00,max_drawdown,-0.20620496970576463
G21,G21__mom_255_21__top20__monthly__long_only__rev5,long_only,rev5,10.0,0.0,G00__mom_255_21__top20__monthly__long_only,delta_vs_same_scenario_G00,annualized_volatility,0.04348894300751471
G21,G21__mom_255_21__top20__monthly__long_only__rev5,long_only,rev5,10.0,0.0,G00__mom_255_21__top20__monthly__long_only,delta_vs_same_scenario_G00,annualized_l1_turnover,5.096785199889995
G21,G21__mom_255_21__top20__monthly__long_only__rev5,long_only,rev5,20.0,0.0,G00__mom_255_21__top20__monthly__long_only,delta_vs_same_scenario_G00,cagr,-0.04017482089610924
G21,G21__mom_255_21__top20__monthly__long_only__rev5,long_only,rev5,20.0,0.0,G00__mom_255_21__top20__monthly__long_only,delta_vs_same_scenario_G00,sharpe_excess_rf,-0.14131434678905447
G21,G21__mom_255_21__top20__monthly__long_only__rev5,long_only,rev5,20.0,0.0,G00__mom_255_21__top20__monthly__long_only,delta_vs_same_scenario_G00,max_drawdown,-0.1978543539472492
G21,G21__mom_255_21__top20__monthly__long_only__rev5,long_only,rev5,20.0,0.0,G00__mom_255_21__top20__monthly__long_only,delta_vs_same_scenario_G00,annualized_volatility,0.043565758326233106
G21,G21__mom_255_21__top20__monthly__long_only__rev5,long_only,rev5,20.0,0.0,G00__mom_255_21__top20__monthly__long_only,delta_vs_same_scenario_G00,annualized_l1_turnover,5.096785199889995
G21,G21__mom_255_21__top20__monthly__long_short__rev20,long_short,rev20,0.0,0.0,G00__mom_255_21__top20__monthly__long_short,delta_vs_same_scenario_G00,cagr,0.004781668696886718
G21,G21__mom_255_21__top20__monthly__long_short__rev20,long_short,rev20,0.0,0.0,G00__mom_255_21__top20__monthly__long_short,delta_vs_same_scenario_G00,sharpe_excess_rf,0.03248490818521854
G21,G21__mom_255_21__top20__monthly__long_short__rev20,long_short,rev20,0.0,0.0,G00__mom_255_21__top20__monthly__long_short,delta_vs_same_scenario_G00,max_drawdown,-0.03137226731936854
G21,G21__mom_255_21__top20__monthly__long_short__rev20,long_short,rev20,0.0,0.0,G00__mom_255_21__top20__monthly__long_short,delta_vs_same_scenario_G00,annualized_volatility,-0.01325132971789525
G21,G21__mom_255_21__top20__monthly__long_short__rev20,long_short,rev20,0.0,0.0,G00__mom_255_21__top20__monthly__long_short,delta_vs_same_scenario_G00,annualized_l1_turnover,4.763622743399653
G21,G21__mom_255_21__top20__monthly__long_short__rev20,long_short,rev20,0.0,0.01,G00__mom_255_21__top20__monthly__long_short,delta_vs_same_scenario_G00,cagr,0.004770189272484959
G21,G21__mom_255_21__top20__monthly__long_short__rev20,long_short,rev20,0.0,0.01,G00__mom_255_21__top20__monthly__long_short,delta_vs_same_scenario_G00,sharpe_excess_rf,0.030669854337324498
G21,G21__mom_255_21__top20__monthly__long_short__rev20,long_short,rev20,0.0,0.01,G00__mom_255_21__top20__monthly__long_short,delta_vs_same_scenario_G00,max_drawdown,-0.030486717917082296
G21,G21__mom_255_21__top20__monthly__long_short__rev20,long_short,rev20,0.0,0.01,G00__mom_255_21__top20__monthly__long_short,delta_vs_same_scenario_G00,annualized_volatility,-0.013255221275835366
G21,G21__mom_255_21__top20__monthly__long_short__rev20,long_short,rev20,0.0,0.01,G00__mom_255_21__top20__monthly__long_short,delta_vs_same_scenario_G00,annualized_l1_turnover,4.764607573107611
G21,G21__mom_255_21__top20__monthly__long_short__rev20,long_short,rev20,0.0,0.03,G00__mom_255_21__top20__monthly__long_short,delta_vs_same_scenario_G00,cagr,0.004747481648514046
G21,G21__mom_255_21__top20__monthly__long_short__rev20,long_short,rev20,0.0,0.03,G00__mom_255_21__top20__monthly__long_short,delta_vs_same_scenario_G00,sharpe_excess_rf,0.027091789682032186
G21,G21__mom_255_21__top20__monthly__long_short__rev20,long_short,rev20,0.0,0.03,G00__mom_255_21__top20__monthly__long_short,delta_vs_same_scenario_G00,max_drawdown,-0.028637040944608172
G21,G21__mom_255_21__top20__monthly__long_short__rev20,long_short,rev20,0.0,0.03,G00__mom_255_21__top20__monthly__long_short,delta_vs_same_scenario_G00,annualized_volatility,-0.01326290150443274
G21,G21__mom_255_21__top20__monthly__long_short__rev20,long_short,rev20,0.0,0.03,G00__mom_255_21__top20__monthly__long_short,delta_vs_same_scenario_G00,annualized_l1_turnover,4.76655071421693
G21,G21__mom_255_21__top20__monthly__long_short__rev20,long_short,rev20,5.0,0.0,G00__mom_255_21__top20__monthly__long_short,delta_vs_same_scenario_G00,cagr,0.002214447326377489
G21,G21__mom_255_21__top20__monthly__long_short__rev20,long_short,rev20,5.0,0.0,G00__mom_255_21__top20__monthly__long_short,delta_vs_same_scenario_G00,sharpe_excess_rf,0.017802416437763757
G21,G21__mom_255_21__top20__monthly__long_short__rev20,long_short,rev20,5.0,0.0,G00__mom_255_21__top20__monthly__long_short,delta_vs_same_scenario_G00,max_drawdown,-0.03184716605750909
G21,G21__mom_255_21__top20__monthly__long_short__rev20,long_short,rev20,5.0,0.0,G00__mom_255_21__top20__monthly__long_short,delta_vs_same_scenario_G00,annualized_volatility,-0.013291217182460846
G21,G21__mom_255_21__top20__monthly__long_short__rev20,long_short,rev20,5.0,0.0,G00__mom_255_21__top20__monthly__long_short,delta_vs_same_scenario_G00,annualized_l1_turnover,4.763622743399653
G21,G21__mom_255_21__top20__monthly__long_short__rev20,long_short,rev20,5.0,0.01,G00__mom_255_21__top20__monthly__long_short,delta_vs_same_scenario_G00,cagr,0.0022151615180184617
G21,G21__mom_255_21__top20__monthly__long_short__rev20,long_short,rev20,5.0,0.01,G00__mom_255_21__top20__monthly__long_short,delta_vs_same_scenario_G00,sharpe_excess_rf,0.01598130432787076
G21,G21__mom_255_21__top20__monthly__long_short__rev20,long_short,rev20,5.0,0.01,G00__mom_255_21__top20__monthly__long_short,delta_vs_same_scenario_G00,max_drawdown,-0.030904094787283454
G21,G21__mom_255_21__top20__monthly__long_short__rev20,long_short,rev20,5.0,0.01,G00__mom_255_21__top20__monthly__long_short,delta_vs_same_scenario_G00,annualized_volatility,-0.013295109274571615
G21,G21__mom_255_21__top20__monthly__long_short__rev20,long_short,rev20,5.0,0.01,G00__mom_255_21__top20__monthly__long_short,delta_vs_same_scenario_G00,annualized_l1_turnover,4.764607573107611
G21,G21__mom_255_21__top20__monthly__long_short__rev20,long_short,rev20,5.0,0.03,G00__mom_255_21__top20__monthly__long_short,delta_vs_same_scenario_G00,cagr,0.0022163301341389108
G21,G21__mom_255_21__top20__monthly__long_short__rev20,long_short,rev20,5.0,0.03,G00__mom_255_21__top20__monthly__long_short,delta_vs_same_scenario_G00,sharpe_excess_rf,0.01239130368680727
G21,G21__mom_255_21__top20__monthly__long_short__rev20,long_short,rev20,5.0,0.03,G00__mom_255_21__top20__monthly__long_short,delta_vs_same_scenario_G00,max_drawdown,-0.0311746282139857
G21,G21__mom_255_21__top20__monthly__long_short__rev20,long_short,rev20,5.0,0.03,G00__mom_255_21__top20__monthly__long_short,delta_vs_same_scenario_G00,annualized_volatility,-0.013302790910196483
G21,G21__mom_255_21__top20__monthly__long_short__rev20,long_short,rev20,5.0,0.03,G00__mom_255_21__top20__monthly__long_short,delta_vs_same_scenario_G00,annualized_l1_turnover,4.76655071421693
G21,G21__mom_255_21__top20__monthly__long_short__rev20,long_short,rev20,10.0,0.0,G00__mom_255_21__top20__monthly__long_short,delta_vs_same_scenario_G00,cagr,-0.00032833945497312556
G21,G21__mom_255_21__top20__monthly__long_short__rev20,long_short,rev20,10.0,0.0,G00__mom_255_21__top20__monthly__long_short,delta_vs_same_scenario_G00,sharpe_excess_rf,0.0030773001396131594
G21,G21__mom_255_21__top20__monthly__long_short__rev20,long_short,rev20,10.0,0.0,G00__mom_255_21__top20__monthly__long_short,delta_vs_same_scenario_G00,max_drawdown,-0.0322611061029357
G21,G21__mom_255_21__top20__monthly__long_short__rev20,long_short,rev20,10.0,0.0,G00__mom_255_21__top20__monthly__long_short,delta_vs_same_scenario_G00,annualized_volatility,-0.013314003486906034
G21,G21__mom_255_21__top20__monthly__long_short__rev20,long_short,rev20,10.0,0.0,G00__mom_255_21__top20__monthly__long_short,delta_vs_same_scenario_G00,annualized_l1_turnover,4.763622743399653
G21,G21__mom_255_21__top20__monthly__long_short__rev20,long_short,rev20,10.0,0.01,G00__mom_255_21__top20__monthly__long_short,delta_vs_same_scenario_G00,cagr,-0.0003155419647206531
G21,G21__mom_255_21__top20__monthly__long_short__rev20,long_short,rev20,10.0,0.01,G00__mom_255_21__top20__monthly__long_short,delta_vs_same_scenario_G00,sharpe_excess_rf,0.0012528767627261184
G21,G21__mom_255_21__top20__monthly__long_short__rev20,long_short,rev20,10.0,0.01,G00__mom_255_21__top20__monthly__long_short,delta_vs_same_scenario_G00,max_drawdown,-0.0334600177975114
G21,G21__mom_255_21__top20__monthly__long_short__rev20,long_short,rev20,10.0,0.01,G00__mom_255_21__top20__monthly__long_short,delta_vs_same_scenario_G00,annualized_volatility,-0.013317893408733683
G21,G21__mom_255_21__top20__monthly__long_short__rev20,long_short,rev20,10.0,0.01,G00__mom_255_21__top20__monthly__long_short,delta_vs_same_scenario_G00,annualized_l1_turnover,4.764607573107611
G21,G21__mom_255_21__top20__monthly__long_short__rev20,long_short,rev20,10.0,0.03,G00__mom_255_21__top20__monthly__long_short,delta_vs_same_scenario_G00,cagr,-0.00029071315004668835
G21,G21__mom_255_21__top20__monthly__long_short__rev20,long_short,rev20,10.0,0.03,G00__mom_255_21__top20__monthly__long_short,delta_vs_same_scenario_G00,sharpe_excess_rf,-0.0023436472811298736
G21,G21__mom_255_21__top20__monthly__long_short__rev20,long_short,rev20,10.0,0.03,G00__mom_255_21__top20__monthly__long_short,delta_vs_same_scenario_G00,max_drawdown,-0.036858794946279805
G21,G21__mom_255_21__top20__monthly__long_short__rev20,long_short,rev20,10.0,0.03,G00__mom_255_21__top20__monthly__long_short,delta_vs_same_scenario_G00,annualized_volatility,-0.013325571112716206
G21,G21__mom_255_21__top20__monthly__long_short__rev20,long_short,rev20,10.0,0.03,G00__mom_255_21__top20__monthly__long_short,delta_vs_same_scenario_G00,annualized_l1_turnover,4.76655071421693
G21,G21__mom_255_21__top20__monthly__long_short__rev20,long_short,rev20,20.0,0.0,G00__mom_255_21__top20__monthly__long_short,delta_vs_same_scenario_G00,cagr,-0.005341241637892125
G21,G21__mom_255_21__top20__monthly__long_short__rev20,long_short,rev20,20.0,0.0,G00__mom_255_21__top20__monthly__long_short,delta_vs_same_scenario_G00,sharpe_excess_rf,-0.026451115447038293
G21,G21__mom_255_21__top20__monthly__long_short__rev20,long_short,rev20,20.0,0.0,G00__mom_255_21__top20__monthly__long_short,delta_vs_same_scenario_G00,max_drawdown,-0.043122680285078596
G21,G21__mom_255_21__top20__monthly__long_short__rev20,long_short,rev20,20.0,0.0,G00__mom_255_21__top20__monthly__long_short,delta_vs_same_scenario_G00,annualized_volatility,-0.013308246905563703
G21,G21__mom_255_21__top20__monthly__long_short__rev20,long_short,rev20,20.0,0.0,G00__mom_255_21__top20__monthly__long_short,delta_vs_same_scenario_G00,annualized_l1_turnover,4.763622743399653
G21,G21__mom_255_21__top20__monthly__long_short__rev20,long_short,rev20,20.0,0.01,G00__mom_255_21__top20__monthly__long_short,delta_vs_same_scenario_G00,cagr,-0.005304605801656592
G21,G21__mom_255_21__top20__monthly__long_short__rev20,long_short,rev20,20.0,0.01,G00__mom_255_21__top20__monthly__long_short,delta_vs_same_scenario_G00,sharpe_excess_rf,-0.028273909872709724
G21,G21__mom_255_21__top20__monthly__long_short__rev20,long_short,rev20,20.0,0.01,G00__mom_255_21__top20__monthly__long_short,delta_vs_same_scenario_G00,max_drawdown,-0.04472243810809928
G21,G21__mom_255_21__top20__monthly__long_short__rev20,long_short,rev20,20.0,0.01,G00__mom_255_21__top20__monthly__long_short,delta_vs_same_scenario_G00,annualized_volatility,-0.013312124383413698
G21,G21__mom_255_21__top20__monthly__long_short__rev20,long_short,rev20,20.0,0.01,G00__mom_255_21__top20__monthly__long_short,delta_vs_same_scenario_G00,annualized_l1_turnover,4.764607573107611
G21,G21__mom_255_21__top20__monthly__long_short__rev20,long_short,rev20,20.0,0.03,G00__mom_255_21__top20__monthly__long_short,delta_vs_same_scenario_G00,cagr,-0.005233099424294778
G21,G21__mom_255_21__top20__monthly__long_short__rev20,long_short,rev20,20.0,0.03,G00__mom_255_21__top20__monthly__long_short,delta_vs_same_scenario_G00,sharpe_excess_rf,-0.031867222220883534
G21,G21__mom_255_21__top20__monthly__long_short__rev20,long_short,rev20,20.0,0.03,G00__mom_255_21__top20__monthly__long_short,delta_vs_same_scenario_G00,max_drawdown,-0.04775056140716477
G21,G21__mom_255_21__top20__monthly__long_short__rev20,long_short,rev20,20.0,0.03,G00__mom_255_21__top20__monthly__long_short,delta_vs_same_scenario_G00,annualized_volatility,-0.013319778226450696
G21,G21__mom_255_21__top20__monthly__long_short__rev20,long_short,rev20,20.0,0.03,G00__mom_255_21__top20__monthly__long_short,delta_vs_same_scenario_G00,annualized_l1_turnover,4.76655071421693
G21,G21__mom_255_21__top20__monthly__long_short__rev5,long_short,rev5,0.0,0.0,G00__mom_255_21__top20__monthly__long_short,delta_vs_same_scenario_G00,cagr,-0.015559901985119987
G21,G21__mom_255_21__top20__monthly__long_short__rev5,long_short,rev5,0.0,0.0,G00__mom_255_21__top20__monthly__long_short,delta_vs_same_scenario_G00,sharpe_excess_rf,-0.07072827603342255
G21,G21__mom_255_21__top20__monthly__long_short__rev5,long_short,rev5,0.0,0.0,G00__mom_255_21__top20__monthly__long_short,delta_vs_same_scenario_G00,max_drawdown,-0.032102242933818415
G21,G21__mom_255_21__top20__monthly__long_short__rev5,long_short,rev5,0.0,0.0,G00__mom_255_21__top20__monthly__long_short,delta_vs_same_scenario_G00,annualized_volatility,-0.019499789248958316
G21,G21__mom_255_21__top20__monthly__long_short__rev5,long_short,rev5,0.0,0.0,G00__mom_255_21__top20__monthly__long_short,delta_vs_same_scenario_G00,annualized_l1_turnover,4.663080392708256
G21,G21__mom_255_21__top20__monthly__long_short__rev5,long_short,rev5,0.0,0.01,G00__mom_255_21__top20__monthly__long_short,delta_vs_same_scenario_G00,cagr,-0.015488702059540005
G21,G21__mom_255_21__top20__monthly__long_short__rev5,long_short,rev5,0.0,0.01,G00__mom_255_21__top20__monthly__long_short,delta_vs_same_scenario_G00,sharpe_excess_rf,-0.07360129197604484
G21,G21__mom_255_21__top20__monthly__long_short__rev5,long_short,rev5,0.0,0.01,G00__mom_255_21__top20__monthly__long_short,delta_vs_same_scenario_G00,max_drawdown,-0.03478269764584879
G21,G21__mom_255_21__top20__monthly__long_short__rev5,long_short,rev5,0.0,0.01,G00__mom_255_21__top20__monthly__long_short,delta_vs_same_scenario_G00,annualized_volatility,-0.01950489605692257
G21,G21__mom_255_21__top20__monthly__long_short__rev5,long_short,rev5,0.0,0.01,G00__mom_255_21__top20__monthly__long_short,delta_vs_same_scenario_G00,annualized_l1_turnover,4.664070280717096
G21,G21__mom_255_21__top20__monthly__long_short__rev5,long_short,rev5,0.0,0.03,G00__mom_255_21__top20__monthly__long_short,delta_vs_same_scenario_G00,cagr,-0.015349315464718377
G21,G21__mom_255_21__top20__monthly__long_short__rev5,long_short,rev5,0.0,0.03,G00__mom_255_21__top20__monthly__long_short,delta_vs_same_scenario_G00,sharpe_excess_rf,-0.07926425136318133
G21,G21__mom_255_21__top20__monthly__long_short__rev5,long_short,rev5,0.0,0.03,G00__mom_255_21__top20__monthly__long_short,delta_vs_same_scenario_G00,max_drawdown,-0.03725400701618342
G21,G21__mom_255_21__top20__monthly__long_short__rev5,long_short,rev5,0.0,0.03,G00__mom_255_21__top20__monthly__long_short,delta_vs_same_scenario_G00,annualized_volatility,-0.01951497494512988
G21,G21__mom_255_21__top20__monthly__long_short__rev5,long_short,rev5,0.0,0.03,G00__mom_255_21__top20__monthly__long_short,delta_vs_same_scenario_G00,annualized_l1_turnover,4.666031461151132
G21,G21__mom_255_21__top20__monthly__long_short__rev5,long_short,rev5,5.0,0.0,G00__mom_255_21__top20__monthly__long_short,delta_vs_same_scenario_G00,cagr,-0.01794002131199085
G21,G21__mom_255_21__top20__monthly__long_short__rev5,long_short,rev5,5.0,0.0,G00__mom_255_21__top20__monthly__long_short,delta_vs_same_scenario_G00,sharpe_excess_rf,-0.08645595055619476
G21,G21__mom_255_21__top20__monthly__long_short__rev5,long_short,rev5,5.0,0.0,G00__mom_255_21__top20__monthly__long_short,delta_vs_same_scenario_G00,max_drawdown,-0.037441046790404
G21,G21__mom_255_21__top20__monthly__long_short__rev5,long_short,rev5,5.0,0.0,G00__mom_255_21__top20__monthly__long_short,delta_vs_same_scenario_G00,annualized_volatility,-0.019481762818433224
G21,G21__mom_255_21__top20__monthly__long_short__rev5,long_short,rev5,5.0,0.0,G00__mom_255_21__top20__monthly__long_short,delta_vs_same_scenario_G00,annualized_l1_turnover,4.663080392708256
G21,G21__mom_255_21__top20__monthly__long_short__rev5,long_short,rev5,5.0,0.01,G00__mom_255_21__top20__monthly__long_short,delta_vs_same_scenario_G00,cagr,-0.01785740834779661
G21,G21__mom_255_21__top20__monthly__long_short__rev5,long_short,rev5,5.0,0.01,G00__mom_255_21__top20__monthly__long_short,delta_vs_same_scenario_G00,sharpe_excess_rf,-0.08932618102997411
G21,G21__mom_255_21__top20__monthly__long_short__rev5,long_short,rev5,5.0,0.01,G00__mom_255_21__top20__monthly__long_short,delta_vs_same_scenario_G00,max_drawdown,-0.03894136469182102
G21,G21__mom_255_21__top20__monthly__long_short__rev5,long_short,rev5,5.0,0.01,G00__mom_255_21__top20__monthly__long_short,delta_vs_same_scenario_G00,annualized_volatility,-0.01948686543190775
G21,G21__mom_255_21__top20__monthly__long_short__rev5,long_short,rev5,5.0,0.01,G00__mom_255_21__top20__monthly__long_short,delta_vs_same_scenario_G00,annualized_l1_turnover,4.664070280717096
G21,G21__mom_255_21__top20__monthly__long_short__rev5,long_short,rev5,5.0,0.03,G00__mom_255_21__top20__monthly__long_short,delta_vs_same_scenario_G00,cagr,-0.017695679326315883
G21,G21__mom_255_21__top20__monthly__long_short__rev5,long_short,rev5,5.0,0.03,G00__mom_255_21__top20__monthly__long_short,delta_vs_same_scenario_G00,sharpe_excess_rf,-0.09498367999462544
G21,G21__mom_255_21__top20__monthly__long_short__rev5,long_short,rev5,5.0,0.03,G00__mom_255_21__top20__monthly__long_short,delta_vs_same_scenario_G00,max_drawdown,-0.041144230785151004
G21,G21__mom_255_21__top20__monthly__long_short__rev5,long_short,rev5,5.0,0.03,G00__mom_255_21__top20__monthly__long_short,delta_vs_same_scenario_G00,annualized_volatility,-0.019496936220070593
G21,G21__mom_255_21__top20__monthly__long_short__rev5,long_short,rev5,5.0,0.03,G00__mom_255_21__top20__monthly__long_short,delta_vs_same_scenario_G00,annualized_l1_turnover,4.666031461151132
G21,G21__mom_255_21__top20__monthly__long_short__rev5,long_short,rev5,10.0,0.0,G00__mom_255_21__top20__monthly__long_short,delta_vs_same_scenario_G00,cagr,-0.020297112593967714
G21,G21__mom_255_21__top20__monthly__long_short__rev5,long_short,rev5,10.0,0.0,G00__mom_255_21__top20__monthly__long_short,delta_vs_same_scenario_G00,sharpe_excess_rf,-0.10218923550411588
G21,G21__mom_255_21__top20__monthly__long_short__rev5,long_short,rev5,10.0,0.0,G00__mom_255_21__top20__monthly__long_short,delta_vs_same_scenario_G00,max_drawdown,-0.04169070412643766
G21,G21__mom_255_21__top20__monthly__long_short__rev5,long_short,rev5,10.0,0.0,G00__mom_255_21__top20__monthly__long_short,delta_vs_same_scenario_G00,annualized_volatility,-0.019446309099934916
G21,G21__mom_255_21__top20__monthly__long_short__rev5,long_short,rev5,10.0,0.0,G00__mom_255_21__top20__monthly__long_short,delta_vs_same_scenario_G00,annualized_l1_turnover,4.663080392708256
G21,G21__mom_255_21__top20__monthly__long_short__rev5,long_short,rev5,10.0,0.01,G00__mom_255_21__top20__monthly__long_short,delta_vs_same_scenario_G00,cagr,-0.020203191126124384
G21,G21__mom_255_21__top20__monthly__long_short__rev5,long_short,rev5,10.0,0.01,G00__mom_255_21__top20__monthly__long_short,delta_vs_same_scenario_G00,sharpe_excess_rf,-0.10505359888178512
G21,G21__mom_255_21__top20__monthly__long_short__rev5,long_short,rev5,10.0,0.01,G00__mom_255_21__top20__monthly__long_short,delta_vs_same_scenario_G00,max_drawdown,-0.04283192139913872
G21,G21__mom_255_21__top20__monthly__long_short__rev5,long_short,rev5,10.0,0.01,G00__mom_255_21__top20__monthly__long_short,delta_vs_same_scenario_G00,annualized_volatility,-0.019451404585621362
G21,G21__mom_255_21__top20__monthly__long_short__rev5,long_short,rev5,10.0,0.01,G00__mom_255_21__top20__monthly__long_short,delta_vs_same_scenario_G00,annualized_l1_turnover,4.664070280717096
G21,G21__mom_255_21__top20__monthly__long_short__rev5,long_short,rev5,10.0,0.03,G00__mom_255_21__top20__monthly__long_short,delta_vs_same_scenario_G00,cagr,-0.020019324342290805
G21,G21__mom_255_21__top20__monthly__long_short__rev5,long_short,rev5,10.0,0.03,G00__mom_255_21__top20__monthly__long_short,delta_vs_same_scenario_G00,sharpe_excess_rf,-0.11069956518171926
G21,G21__mom_255_21__top20__monthly__long_short__rev5,long_short,rev5,10.0,0.03,G00__mom_255_21__top20__monthly__long_short,delta_vs_same_scenario_G00,max_drawdown,-0.04941026586865099
G21,G21__mom_255_21__top20__monthly__long_short__rev5,long_short,rev5,10.0,0.03,G00__mom_255_21__top20__monthly__long_short,delta_vs_same_scenario_G00,annualized_volatility,-0.019461461441282968
G21,G21__mom_255_21__top20__monthly__long_short__rev5,long_short,rev5,10.0,0.03,G00__mom_255_21__top20__monthly__long_short,delta_vs_same_scenario_G00,annualized_l1_turnover,4.666031461151132
G21,G21__mom_255_21__top20__monthly__long_short__rev5,long_short,rev5,20.0,0.0,G00__mom_255_21__top20__monthly__long_short,delta_vs_same_scenario_G00,cagr,-0.02494280800767873
G21,G21__mom_255_21__top20__monthly__long_short__rev5,long_short,rev5,20.0,0.0,G00__mom_255_21__top20__monthly__long_short,delta_vs_same_scenario_G00,sharpe_excess_rf,-0.13361815809456468
G21,G21__mom_255_21__top20__monthly__long_short__rev5,long_short,rev5,20.0,0.0,G00__mom_255_21__top20__monthly__long_short,delta_vs_same_scenario_G00,max_drawdown,-0.05607992553439334
G21,G21__mom_255_21__top20__monthly__long_short__rev5,long_short,rev5,20.0,0.0,G00__mom_255_21__top20__monthly__long_short,delta_vs_same_scenario_G00,annualized_volatility,-0.019323193938713512
G21,G21__mom_255_21__top20__monthly__long_short__rev5,long_short,rev5,20.0,0.0,G00__mom_255_21__top20__monthly__long_short,delta_vs_same_scenario_G00,annualized_l1_turnover,4.663080392708256
G21,G21__mom_255_21__top20__monthly__long_short__rev5,long_short,rev5,20.0,0.01,G00__mom_255_21__top20__monthly__long_short,delta_vs_same_scenario_G00,cagr,-0.024826580577040458
G21,G21__mom_255_21__top20__monthly__long_short__rev5,long_short,rev5,20.0,0.01,G00__mom_255_21__top20__monthly__long_short,delta_vs_same_scenario_G00,sharpe_excess_rf,-0.13646157935181186
G21,G21__mom_255_21__top20__monthly__long_short__rev5,long_short,rev5,20.0,0.01,G00__mom_255_21__top20__monthly__long_short,delta_vs_same_scenario_G00,max_drawdown,-0.059211429654946746
G21,G21__mom_255_21__top20__monthly__long_short__rev5,long_short,rev5,20.0,0.01,G00__mom_255_21__top20__monthly__long_short,delta_vs_same_scenario_G00,annualized_volatility,-0.01932826638702656
G21,G21__mom_255_21__top20__monthly__long_short__rev5,long_short,rev5,20.0,0.01,G00__mom_255_21__top20__monthly__long_short,delta_vs_same_scenario_G00,annualized_l1_turnover,4.664070280717096
G21,G21__mom_255_21__top20__monthly__long_short__rev5,long_short,rev5,20.0,0.03,G00__mom_255_21__top20__monthly__long_short,delta_vs_same_scenario_G00,cagr,-0.024599047248255505
G21,G21__mom_255_21__top20__monthly__long_short__rev5,long_short,rev5,20.0,0.03,G00__mom_255_21__top20__monthly__long_short,delta_vs_same_scenario_G00,sharpe_excess_rf,-0.14206633615986095
G21,G21__mom_255_21__top20__monthly__long_short__rev5,long_short,rev5,20.0,0.03,G00__mom_255_21__top20__monthly__long_short,delta_vs_same_scenario_G00,max_drawdown,-0.06511456875494087
G21,G21__mom_255_21__top20__monthly__long_short__rev5,long_short,rev5,20.0,0.03,G00__mom_255_21__top20__monthly__long_short,delta_vs_same_scenario_G00,annualized_volatility,-0.019338277915345065
G21,G21__mom_255_21__top20__monthly__long_short__rev5,long_short,rev5,20.0,0.03,G00__mom_255_21__top20__monthly__long_short,delta_vs_same_scenario_G00,annualized_l1_turnover,4.666031461151132
G21,G21__mom_255_21__top20__weekly__long_only__rev20,long_only,rev20,0.0,0.0,G00__mom_255_21__top20__weekly__long_only,delta_vs_same_scenario_G00,cagr,-0.007130467463345891
G21,G21__mom_255_21__top20__weekly__long_only__rev20,long_only,rev20,0.0,0.0,G00__mom_255_21__top20__weekly__long_only,delta_vs_same_scenario_G00,sharpe_excess_rf,-0.0825127341483246
G21,G21__mom_255_21__top20__weekly__long_only__rev20,long_only,rev20,0.0,0.0,G00__mom_255_21__top20__weekly__long_only,delta_vs_same_scenario_G00,max_drawdown,-0.2573263191834894
G21,G21__mom_255_21__top20__weekly__long_only__rev20,long_only,rev20,0.0,0.0,G00__mom_255_21__top20__weekly__long_only,delta_vs_same_scenario_G00,annualized_volatility,0.06135659383732961
G21,G21__mom_255_21__top20__weekly__long_only__rev20,long_only,rev20,0.0,0.0,G00__mom_255_21__top20__weekly__long_only,delta_vs_same_scenario_G00,annualized_l1_turnover,14.139861978926213
G21,G21__mom_255_21__top20__weekly__long_only__rev20,long_only,rev20,5.0,0.0,G00__mom_255_21__top20__weekly__long_only,delta_vs_same_scenario_G00,cagr,-0.015498585466261178
G21,G21__mom_255_21__top20__weekly__long_only__rev20,long_only,rev20,5.0,0.0,G00__mom_255_21__top20__weekly__long_only,delta_vs_same_scenario_G00,sharpe_excess_rf,-0.09708278629371436
G21,G21__mom_255_21__top20__weekly__long_only__rev20,long_only,rev20,5.0,0.0,G00__mom_255_21__top20__weekly__long_only,delta_vs_same_scenario_G00,max_drawdown,-0.24912198391446827
G21,G21__mom_255_21__top20__weekly__long_only__rev20,long_only,rev20,5.0,0.0,G00__mom_255_21__top20__weekly__long_only,delta_vs_same_scenario_G00,annualized_volatility,0.061314234271999946
G21,G21__mom_255_21__top20__weekly__long_only__rev20,long_only,rev20,5.0,0.0,G00__mom_255_21__top20__weekly__long_only,delta_vs_same_scenario_G00,annualized_l1_turnover,14.139861978926216
G21,G21__mom_255_21__top20__weekly__long_only__rev20,long_only,rev20,10.0,0.0,G00__mom_255_21__top20__weekly__long_only,delta_vs_same_scenario_G00,cagr,-0.023665580265129077
G21,G21__mom_255_21__top20__weekly__long_only__rev20,long_only,rev20,10.0,0.0,G00__mom_255_21__top20__weekly__long_only,delta_vs_same_scenario_G00,sharpe_excess_rf,-0.11168144961900472
G21,G21__mom_255_21__top20__weekly__long_only__rev20,long_only,rev20,10.0,0.0,G00__mom_255_21__top20__weekly__long_only,delta_vs_same_scenario_G00,max_drawdown,-0.2410477542620149
G21,G21__mom_255_21__top20__weekly__long_only__rev20,long_only,rev20,10.0,0.0,G00__mom_255_21__top20__weekly__long_only,delta_vs_same_scenario_G00,annualized_volatility,0.061286328949410995
G21,G21__mom_255_21__top20__weekly__long_only__rev20,long_only,rev20,10.0,0.0,G00__mom_255_21__top20__weekly__long_only,delta_vs_same_scenario_G00,annualized_l1_turnover,14.139861978926216
G21,G21__mom_255_21__top20__weekly__long_only__rev20,long_only,rev20,20.0,0.0,G00__mom_255_21__top20__weekly__long_only,delta_vs_same_scenario_G00,cagr,-0.03941055169956997
G21,G21__mom_255_21__top20__weekly__long_only__rev20,long_only,rev20,20.0,0.0,G00__mom_255_21__top20__weekly__long_only,delta_vs_same_scenario_G00,sharpe_excess_rf,-0.14094144207009895
G21,G21__mom_255_21__top20__weekly__long_only__rev20,long_only,rev20,20.0,0.0,G00__mom_255_21__top20__weekly__long_only,delta_vs_same_scenario_G00,max_drawdown,-0.22528208358703294
G21,G21__mom_255_21__top20__weekly__long_only__rev20,long_only,rev20,20.0,0.0,G00__mom_255_21__top20__weekly__long_only,delta_vs_same_scenario_G00,annualized_volatility,0.06127388997087513
G21,G21__mom_255_21__top20__weekly__long_only__rev20,long_only,rev20,20.0,0.0,G00__mom_255_21__top20__weekly__long_only,delta_vs_same_scenario_G00,annualized_l1_turnover,14.139861978926213
G21,G21__mom_255_21__top20__weekly__long_only__rev5,long_only,rev5,0.0,0.0,G00__mom_255_21__top20__weekly__long_only,delta_vs_same_scenario_G00,cagr,0.010326486534386614
G21,G21__mom_255_21__top20__weekly__long_only__rev5,long_only,rev5,0.0,0.0,G00__mom_255_21__top20__weekly__long_only,delta_vs_same_scenario_G00,sharpe_excess_rf,-0.028652537393068278
G21,G21__mom_255_21__top20__weekly__long_only__rev5,long_only,rev5,0.0,0.0,G00__mom_255_21__top20__weekly__long_only,delta_vs_same_scenario_G00,max_drawdown,-0.2654754775472032
G21,G21__mom_255_21__top20__weekly__long_only__rev5,long_only,rev5,0.0,0.0,G00__mom_255_21__top20__weekly__long_only,delta_vs_same_scenario_G00,annualized_volatility,0.04745438552684006
G21,G21__mom_255_21__top20__weekly__long_only__rev5,long_only,rev5,0.0,0.0,G00__mom_255_21__top20__weekly__long_only,delta_vs_same_scenario_G00,annualized_l1_turnover,24.060619407146348
G21,G21__mom_255_21__top20__weekly__long_only__rev5,long_only,rev5,5.0,0.0,G00__mom_255_21__top20__weekly__long_only,delta_vs_same_scenario_G00,cagr,-0.004285628627094612
G21,G21__mom_255_21__top20__weekly__long_only__rev5,long_only,rev5,5.0,0.0,G00__mom_255_21__top20__weekly__long_only,delta_vs_same_scenario_G00,sharpe_excess_rf,-0.05942113197853316
G21,G21__mom_255_21__top20__weekly__long_only__rev5,long_only,rev5,5.0,0.0,G00__mom_255_21__top20__weekly__long_only,delta_vs_same_scenario_G00,max_drawdown,-0.2573222804866757
G21,G21__mom_255_21__top20__weekly__long_only__rev5,long_only,rev5,5.0,0.0,G00__mom_255_21__top20__weekly__long_only,delta_vs_same_scenario_G00,annualized_volatility,0.047322862851503056
G21,G21__mom_255_21__top20__weekly__long_only__rev5,long_only,rev5,5.0,0.0,G00__mom_255_21__top20__weekly__long_only,delta_vs_same_scenario_G00,annualized_l1_turnover,24.06061940714635
G21,G21__mom_255_21__top20__weekly__long_only__rev5,long_only,rev5,10.0,0.0,G00__mom_255_21__top20__weekly__long_only,delta_vs_same_scenario_G00,cagr,-0.018481925125318294
G21,G21__mom_255_21__top20__weekly__long_only__rev5,long_only,rev5,10.0,0.0,G00__mom_255_21__top20__weekly__long_only,delta_vs_same_scenario_G00,sharpe_excess_rf,-0.09028755667732413
G21,G21__mom_255_21__top20__weekly__long_only__rev5,long_only,rev5,10.0,0.0,G00__mom_255_21__top20__weekly__long_only,delta_vs_same_scenario_G00,max_drawdown,-0.24929894235657296
G21,G21__mom_255_21__top20__weekly__long_only__rev5,long_only,rev5,10.0,0.0,G00__mom_255_21__top20__weekly__long_only,delta_vs_same_scenario_G00,annualized_volatility,0.04722502378188986
G21,G21__mom_255_21__top20__weekly__long_only__rev5,long_only,rev5,10.0,0.0,G00__mom_255_21__top20__weekly__long_only,delta_vs_same_scenario_G00,annualized_l1_turnover,24.06061940714635
G21,G21__mom_255_21__top20__weekly__long_only__rev5,long_only,rev5,20.0,0.0,G00__mom_255_21__top20__weekly__long_only,delta_vs_same_scenario_G00,cagr,-0.045663196585271626
G21,G21__mom_255_21__top20__weekly__long_only__rev5,long_only,rev5,20.0,0.0,G00__mom_255_21__top20__weekly__long_only,delta_vs_same_scenario_G00,sharpe_excess_rf,-0.15223765717651594
G21,G21__mom_255_21__top20__weekly__long_only__rev5,long_only,rev5,20.0,0.0,G00__mom_255_21__top20__weekly__long_only,delta_vs_same_scenario_G00,max_drawdown,-0.24436413343903696
G21,G21__mom_255_21__top20__weekly__long_only__rev5,long_only,rev5,20.0,0.0,G00__mom_255_21__top20__weekly__long_only,delta_vs_same_scenario_G00,annualized_volatility,0.04713049984785911
G21,G21__mom_255_21__top20__weekly__long_only__rev5,long_only,rev5,20.0,0.0,G00__mom_255_21__top20__weekly__long_only,delta_vs_same_scenario_G00,annualized_l1_turnover,24.060619407146348
G21,G21__mom_255_21__top20__weekly__long_short__rev20,long_short,rev20,0.0,0.0,G00__mom_255_21__top20__weekly__long_short,delta_vs_same_scenario_G00,cagr,0.028620064491709014
G21,G21__mom_255_21__top20__weekly__long_short__rev20,long_short,rev20,0.0,0.0,G00__mom_255_21__top20__weekly__long_short,delta_vs_same_scenario_G00,sharpe_excess_rf,0.14280504782475556
G21,G21__mom_255_21__top20__weekly__long_short__rev20,long_short,rev20,0.0,0.0,G00__mom_255_21__top20__weekly__long_short,delta_vs_same_scenario_G00,max_drawdown,0.15839637358237812
G21,G21__mom_255_21__top20__weekly__long_short__rev20,long_short,rev20,0.0,0.0,G00__mom_255_21__top20__weekly__long_short,delta_vs_same_scenario_G00,annualized_volatility,-0.004514336906681904
G21,G21__mom_255_21__top20__weekly__long_short__rev20,long_short,rev20,0.0,0.0,G00__mom_255_21__top20__weekly__long_short,delta_vs_same_scenario_G00,annualized_l1_turnover,14.255448096078823
G21,G21__mom_255_21__top20__weekly__long_short__rev20,long_short,rev20,0.0,0.01,G00__mom_255_21__top20__weekly__long_short,delta_vs_same_scenario_G00,cagr,0.028485791812312276
G21,G21__mom_255_21__top20__weekly__long_short__rev20,long_short,rev20,0.0,0.01,G00__mom_255_21__top20__weekly__long_short,delta_vs_same_scenario_G00,sharpe_excess_rf,0.14221531583925268
G21,G21__mom_255_21__top20__weekly__long_short__rev20,long_short,rev20,0.0,0.01,G00__mom_255_21__top20__weekly__long_short,delta_vs_same_scenario_G00,max_drawdown,0.16140551219939148
G21,G21__mom_255_21__top20__weekly__long_short__rev20,long_short,rev20,0.0,0.01,G00__mom_255_21__top20__weekly__long_short,delta_vs_same_scenario_G00,annualized_volatility,-0.004516841055548365
G21,G21__mom_255_21__top20__weekly__long_short__rev20,long_short,rev20,0.0,0.01,G00__mom_255_21__top20__weekly__long_short,delta_vs_same_scenario_G00,annualized_l1_turnover,14.256027631076403
G21,G21__mom_255_21__top20__weekly__long_short__rev20,long_short,rev20,0.0,0.03,G00__mom_255_21__top20__weekly__long_short,delta_vs_same_scenario_G00,cagr,0.02822298648210842
G21,G21__mom_255_21__top20__weekly__long_short__rev20,long_short,rev20,0.0,0.03,G00__mom_255_21__top20__weekly__long_short,delta_vs_same_scenario_G00,sharpe_excess_rf,0.1410514289331046
G21,G21__mom_255_21__top20__weekly__long_short__rev20,long_short,rev20,0.0,0.03,G00__mom_255_21__top20__weekly__long_short,delta_vs_same_scenario_G00,max_drawdown,0.1672735152134659
G21,G21__mom_255_21__top20__weekly__long_short__rev20,long_short,rev20,0.0,0.03,G00__mom_255_21__top20__weekly__long_short,delta_vs_same_scenario_G00,annualized_volatility,-0.004521777371477659
G21,G21__mom_255_21__top20__weekly__long_short__rev20,long_short,rev20,0.0,0.03,G00__mom_255_21__top20__weekly__long_short,delta_vs_same_scenario_G00,annualized_l1_turnover,14.257164773308368
G21,G21__mom_255_21__top20__weekly__long_short__rev20,long_short,rev20,5.0,0.0,G00__mom_255_21__top20__weekly__long_short,delta_vs_same_scenario_G00,cagr,0.020705368552113475
G21,G21__mom_255_21__top20__weekly__long_short__rev20,long_short,rev20,5.0,0.0,G00__mom_255_21__top20__weekly__long_short,delta_vs_same_scenario_G00,sharpe_excess_rf,0.10358159620735552
G21,G21__mom_255_21__top20__weekly__long_short__rev20,long_short,rev20,5.0,0.0,G00__mom_255_21__top20__weekly__long_short,delta_vs_same_scenario_G00,max_drawdown,0.16340857706178147
G21,G21__mom_255_21__top20__weekly__long_short__rev20,long_short,rev20,5.0,0.0,G00__mom_255_21__top20__weekly__long_short,delta_vs_same_scenario_G00,annualized_volatility,-0.004512816328332142
G21,G21__mom_255_21__top20__weekly__long_short__rev20,long_short,rev20,5.0,0.0,G00__mom_255_21__top20__weekly__long_short,delta_vs_same_scenario_G00,annualized_l1_turnover,14.255448096078823
G21,G21__mom_255_21__top20__weekly__long_short__rev20,long_short,rev20,5.0,0.01,G00__mom_255_21__top20__weekly__long_short,delta_vs_same_scenario_G00,cagr,0.0206099246131611
G21,G21__mom_255_21__top20__weekly__long_short__rev20,long_short,rev20,5.0,0.01,G00__mom_255_21__top20__weekly__long_short,delta_vs_same_scenario_G00,sharpe_excess_rf,0.10299284843757045
G21,G21__mom_255_21__top20__weekly__long_short__rev20,long_short,rev20,5.0,0.01,G00__mom_255_21__top20__weekly__long_short,delta_vs_same_scenario_G00,max_drawdown,0.16637587886775018
G21,G21__mom_255_21__top20__weekly__long_short__rev20,long_short,rev20,5.0,0.01,G00__mom_255_21__top20__weekly__long_short,delta_vs_same_scenario_G00,annualized_volatility,-0.004515325231934569
G21,G21__mom_255_21__top20__weekly__long_short__rev20,long_short,rev20,5.0,0.01,G00__mom_255_21__top20__weekly__long_short,delta_vs_same_scenario_G00,annualized_l1_turnover,14.256027631076403
G21,G21__mom_255_21__top20__weekly__long_short__rev20,long_short,rev20,5.0,0.03,G00__mom_255_21__top20__weekly__long_short,delta_vs_same_scenario_G00,cagr,0.02042309766435183
G21,G21__mom_255_21__top20__weekly__long_short__rev20,long_short,rev20,5.0,0.03,G00__mom_255_21__top20__weekly__long_short,delta_vs_same_scenario_G00,sharpe_excess_rf,0.1018309116428312
G21,G21__mom_255_21__top20__weekly__long_short__rev20,long_short,rev20,5.0,0.03,G00__mom_255_21__top20__weekly__long_short,delta_vs_same_scenario_G00,max_drawdown,0.16287636979386422
G21,G21__mom_255_21__top20__weekly__long_short__rev20,long_short,rev20,5.0,0.03,G00__mom_255_21__top20__weekly__long_short,delta_vs_same_scenario_G00,annualized_volatility,-0.004520271053080782
G21,G21__mom_255_21__top20__weekly__long_short__rev20,long_short,rev20,5.0,0.03,G00__mom_255_21__top20__weekly__long_short,delta_vs_same_scenario_G00,annualized_l1_turnover,14.257164773308368
G21,G21__mom_255_21__top20__weekly__long_short__rev20,long_short,rev20,10.0,0.0,G00__mom_255_21__top20__weekly__long_short,delta_vs_same_scenario_G00,cagr,0.01297998343130291
G21,G21__mom_255_21__top20__weekly__long_short__rev20,long_short,rev20,10.0,0.0,G00__mom_255_21__top20__weekly__long_short,delta_vs_same_scenario_G00,sharpe_excess_rf,0.06434062925492906
G21,G21__mom_255_21__top20__weekly__long_short__rev20,long_short,rev20,10.0,0.0,G00__mom_255_21__top20__weekly__long_short,delta_vs_same_scenario_G00,max_drawdown,0.15958403048546843
G21,G21__mom_255_21__top20__weekly__long_short__rev20,long_short,rev20,10.0,0.0,G00__mom_255_21__top20__weekly__long_short,delta_vs_same_scenario_G00,annualized_volatility,-0.004481701827651924
G21,G21__mom_255_21__top20__weekly__long_short__rev20,long_short,rev20,10.0,0.0,G00__mom_255_21__top20__weekly__long_short,delta_vs_same_scenario_G00,annualized_l1_turnover,14.255448096078826
G21,G21__mom_255_21__top20__weekly__long_short__rev20,long_short,rev20,10.0,0.01,G00__mom_255_21__top20__weekly__long_short,delta_vs_same_scenario_G00,cagr,0.012922449773326954
G21,G21__mom_255_21__top20__weekly__long_short__rev20,long_short,rev20,10.0,0.01,G00__mom_255_21__top20__weekly__long_short,delta_vs_same_scenario_G00,sharpe_excess_rf,0.06375709857200884
G21,G21__mom_255_21__top20__weekly__long_short__rev20,long_short,rev20,10.0,0.01,G00__mom_255_21__top20__weekly__long_short,delta_vs_same_scenario_G00,max_drawdown,0.1576508898065898
G21,G21__mom_255_21__top20__weekly__long_short__rev20,long_short,rev20,10.0,0.01,G00__mom_255_21__top20__weekly__long_short,delta_vs_same_scenario_G00,annualized_volatility,-0.0044842153615502756
G21,G21__mom_255_21__top20__weekly__long_short__rev20,long_short,rev20,10.0,0.01,G00__mom_255_21__top20__weekly__long_short,delta_vs_same_scenario_G00,annualized_l1_turnover,14.256027631076403
G21,G21__mom_255_21__top20__weekly__long_short__rev20,long_short,rev20,10.0,0.03,G00__mom_255_21__top20__weekly__long_short,delta_vs_same_scenario_G00,cagr,0.012809804004950538
G21,G21__mom_255_21__top20__weekly__long_short__rev20,long_short,rev20,10.0,0.03,G00__mom_255_21__top20__weekly__long_short,delta_vs_same_scenario_G00,sharpe_excess_rf,0.06260545218155861
G21,G21__mom_255_21__top20__weekly__long_short__rev20,long_short,rev20,10.0,0.03,G00__mom_255_21__top20__weekly__long_short,delta_vs_same_scenario_G00,max_drawdown,0.14888653178270983
G21,G21__mom_255_21__top20__weekly__long_short__rev20,long_short,rev20,10.0,0.03,G00__mom_255_21__top20__weekly__long_short,delta_vs_same_scenario_G00,annualized_volatility,-0.0044891704439417035
G21,G21__mom_255_21__top20__weekly__long_short__rev20,long_short,rev20,10.0,0.03,G00__mom_255_21__top20__weekly__long_short,delta_vs_same_scenario_G00,annualized_l1_turnover,14.257164773308368
G21,G21__mom_255_21__top20__weekly__long_short__rev20,long_short,rev20,20.0,0.0,G00__mom_255_21__top20__weekly__long_short,delta_vs_same_scenario_G00,cagr,-0.0019165442813828745
G21,G21__mom_255_21__top20__weekly__long_short__rev20,long_short,rev20,20.0,0.0,G00__mom_255_21__top20__weekly__long_short,delta_vs_same_scenario_G00,sharpe_excess_rf,-0.014009066353968466
G21,G21__mom_255_21__top20__weekly__long_short__rev20,long_short,rev20,20.0,0.0,G00__mom_255_21__top20__weekly__long_short,delta_vs_same_scenario_G00,max_drawdown,0.12104607826353198
G21,G21__mom_255_21__top20__weekly__long_short__rev20,long_short,rev20,20.0,0.0,G00__mom_255_21__top20__weekly__long_short,delta_vs_same_scenario_G00,annualized_volatility,-0.004330887295905195
G21,G21__mom_255_21__top20__weekly__long_short__rev20,long_short,rev20,20.0,0.0,G00__mom_255_21__top20__weekly__long_short,delta_vs_same_scenario_G00,annualized_l1_turnover,14.255448096078826
G21,G21__mom_255_21__top20__weekly__long_short__rev20,long_short,rev20,20.0,0.01,G00__mom_255_21__top20__weekly__long_short,delta_vs_same_scenario_G00,cagr,-0.0019009471237236356
G21,G21__mom_255_21__top20__weekly__long_short__rev20,long_short,rev20,20.0,0.01,G00__mom_255_21__top20__weekly__long_short,delta_vs_same_scenario_G00,sharpe_excess_rf,-0.014569557792688516
G21,G21__mom_255_21__top20__weekly__long_short__rev20,long_short,rev20,20.0,0.01,G00__mom_255_21__top20__weekly__long_short,delta_vs_same_scenario_G00,max_drawdown,0.11799103763688223
G21,G21__mom_255_21__top20__weekly__long_short__rev20,long_short,rev20,20.0,0.01,G00__mom_255_21__top20__weekly__long_short,delta_vs_same_scenario_G00,annualized_volatility,-0.004333409718522169
G21,G21__mom_255_21__top20__weekly__long_short__rev20,long_short,rev20,20.0,0.01,G00__mom_255_21__top20__weekly__long_short,delta_vs_same_scenario_G00,annualized_l1_turnover,14.256027631076403
G21,G21__mom_255_21__top20__weekly__long_short__rev20,long_short,rev20,20.0,0.03,G00__mom_255_21__top20__weekly__long_short,delta_vs_same_scenario_G00,cagr,-0.0018704937074678143
G21,G21__mom_255_21__top20__weekly__long_short__rev20,long_short,rev20,20.0,0.03,G00__mom_255_21__top20__weekly__long_short,delta_vs_same_scenario_G00,sharpe_excess_rf,-0.015675786690257792
G21,G21__mom_255_21__top20__weekly__long_short__rev20,long_short,rev20,20.0,0.03,G00__mom_255_21__top20__weekly__long_short,delta_vs_same_scenario_G00,max_drawdown,0.11647433501767168
G21,G21__mom_255_21__top20__weekly__long_short__rev20,long_short,rev20,20.0,0.03,G00__mom_255_21__top20__weekly__long_short,delta_vs_same_scenario_G00,annualized_volatility,-0.004338382593621237
G21,G21__mom_255_21__top20__weekly__long_short__rev20,long_short,rev20,20.0,0.03,G00__mom_255_21__top20__weekly__long_short,delta_vs_same_scenario_G00,annualized_l1_turnover,14.257164773308368
G21,G21__mom_255_21__top20__weekly__long_short__rev5,long_short,rev5,0.0,0.0,G00__mom_255_21__top20__weekly__long_short,delta_vs_same_scenario_G00,cagr,0.048684821234853244
G21,G21__mom_255_21__top20__weekly__long_short__rev5,long_short,rev5,0.0,0.0,G00__mom_255_21__top20__weekly__long_short,delta_vs_same_scenario_G00,sharpe_excess_rf,0.2548402915216794
G21,G21__mom_255_21__top20__weekly__long_short__rev5,long_short,rev5,0.0,0.0,G00__mom_255_21__top20__weekly__long_short,delta_vs_same_scenario_G00,max_drawdown,0.18043825531033497
G21,G21__mom_255_21__top20__weekly__long_short__rev5,long_short,rev5,0.0,0.0,G00__mom_255_21__top20__weekly__long_short,delta_vs_same_scenario_G00,annualized_volatility,-0.012966864222951985
G21,G21__mom_255_21__top20__weekly__long_short__rev5,long_short,rev5,0.0,0.0,G00__mom_255_21__top20__weekly__long_short,delta_vs_same_scenario_G00,annualized_l1_turnover,23.40452797993197
G21,G21__mom_255_21__top20__weekly__long_short__rev5,long_short,rev5,0.0,0.01,G00__mom_255_21__top20__weekly__long_short,delta_vs_same_scenario_G00,cagr,0.04845690777208291
G21,G21__mom_255_21__top20__weekly__long_short__rev5,long_short,rev5,0.0,0.01,G00__mom_255_21__top20__weekly__long_short,delta_vs_same_scenario_G00,sharpe_excess_rf,0.2530189184945228
G21,G21__mom_255_21__top20__weekly__long_short__rev5,long_short,rev5,0.0,0.01,G00__mom_255_21__top20__weekly__long_short,delta_vs_same_scenario_G00,max_drawdown,0.1834427541205419
G21,G21__mom_255_21__top20__weekly__long_short__rev5,long_short,rev5,0.0,0.01,G00__mom_255_21__top20__weekly__long_short,delta_vs_same_scenario_G00,annualized_volatility,-0.012969534776944208
G21,G21__mom_255_21__top20__weekly__long_short__rev5,long_short,rev5,0.0,0.01,G00__mom_255_21__top20__weekly__long_short,delta_vs_same_scenario_G00,annualized_l1_turnover,23.405541787081557
G21,G21__mom_255_21__top20__weekly__long_short__rev5,long_short,rev5,0.0,0.03,G00__mom_255_21__top20__weekly__long_short,delta_vs_same_scenario_G00,cagr,0.04801079319463165
G21,G21__mom_255_21__top20__weekly__long_short__rev5,long_short,rev5,0.0,0.03,G00__mom_255_21__top20__weekly__long_short,delta_vs_same_scenario_G00,sharpe_excess_rf,0.24942806307716267
G21,G21__mom_255_21__top20__weekly__long_short__rev5,long_short,rev5,0.0,0.03,G00__mom_255_21__top20__weekly__long_short,delta_vs_same_scenario_G00,max_drawdown,0.18041356352820892
G21,G21__mom_255_21__top20__weekly__long_short__rev5,long_short,rev5,0.0,0.03,G00__mom_255_21__top20__weekly__long_short,delta_vs_same_scenario_G00,annualized_volatility,-0.012974798048973557
G21,G21__mom_255_21__top20__weekly__long_short__rev5,long_short,rev5,0.0,0.03,G00__mom_255_21__top20__weekly__long_short,delta_vs_same_scenario_G00,annualized_l1_turnover,23.407533497708393
G21,G21__mom_255_21__top20__weekly__long_short__rev5,long_short,rev5,5.0,0.0,G00__mom_255_21__top20__weekly__long_short,delta_vs_same_scenario_G00,cagr,0.03547084179259397
G21,G21__mom_255_21__top20__weekly__long_short__rev5,long_short,rev5,5.0,0.0,G00__mom_255_21__top20__weekly__long_short,delta_vs_same_scenario_G00,sharpe_excess_rf,0.18603080132773886
G21,G21__mom_255_21__top20__weekly__long_short__rev5,long_short,rev5,5.0,0.0,G00__mom_255_21__top20__weekly__long_short,delta_vs_same_scenario_G00,max_drawdown,0.1738521814869216
G21,G21__mom_255_21__top20__weekly__long_short__rev5,long_short,rev5,5.0,0.0,G00__mom_255_21__top20__weekly__long_short,delta_vs_same_scenario_G00,annualized_volatility,-0.013084850297115869
G21,G21__mom_255_21__top20__weekly__long_short__rev5,long_short,rev5,5.0,0.0,G00__mom_255_21__top20__weekly__long_short,delta_vs_same_scenario_G00,annualized_l1_turnover,23.40452797993197
G21,G21__mom_255_21__top20__weekly__long_short__rev5,long_short,rev5,5.0,0.01,G00__mom_255_21__top20__weekly__long_short,delta_vs_same_scenario_G00,cagr,0.03530764868497357
G21,G21__mom_255_21__top20__weekly__long_short__rev5,long_short,rev5,5.0,0.01,G00__mom_255_21__top20__weekly__long_short,delta_vs_same_scenario_G00,sharpe_excess_rf,0.18419323693811757
G21,G21__mom_255_21__top20__weekly__long_short__rev5,long_short,rev5,5.0,0.01,G00__mom_255_21__top20__weekly__long_short,delta_vs_same_scenario_G00,max_drawdown,0.17136910192069232
G21,G21__mom_255_21__top20__weekly__long_short__rev5,long_short,rev5,5.0,0.01,G00__mom_255_21__top20__weekly__long_short,delta_vs_same_scenario_G00,annualized_volatility,-0.013087522143921143
G21,G21__mom_255_21__top20__weekly__long_short__rev5,long_short,rev5,5.0,0.01,G00__mom_255_21__top20__weekly__long_short,delta_vs_same_scenario_G00,annualized_l1_turnover,23.405541787081557
G21,G21__mom_255_21__top20__weekly__long_short__rev5,long_short,rev5,5.0,0.03,G00__mom_255_21__top20__weekly__long_short,delta_vs_same_scenario_G00,cagr,0.034988176919444704
G21,G21__mom_255_21__top20__weekly__long_short__rev5,long_short,rev5,5.0,0.03,G00__mom_255_21__top20__weekly__long_short,delta_vs_same_scenario_G00,sharpe_excess_rf,0.18057049712260595
G21,G21__mom_255_21__top20__weekly__long_short__rev5,long_short,rev5,5.0,0.03,G00__mom_255_21__top20__weekly__long_short,delta_vs_same_scenario_G00,max_drawdown,0.16655625184464262
G21,G21__mom_255_21__top20__weekly__long_short__rev5,long_short,rev5,5.0,0.03,G00__mom_255_21__top20__weekly__long_short,delta_vs_same_scenario_G00,annualized_volatility,-0.013092788242321324
G21,G21__mom_255_21__top20__weekly__long_short__rev5,long_short,rev5,5.0,0.03,G00__mom_255_21__top20__weekly__long_short,delta_vs_same_scenario_G00,annualized_l1_turnover,23.407533497708393
G21,G21__mom_255_21__top20__weekly__long_short__rev5,long_short,rev5,10.0,0.0,G00__mom_255_21__top20__weekly__long_short,delta_vs_same_scenario_G00,cagr,0.022627385680014322
G21,G21__mom_255_21__top20__weekly__long_short__rev5,long_short,rev5,10.0,0.0,G00__mom_255_21__top20__weekly__long_short,delta_vs_same_scenario_G00,sharpe_excess_rf,0.11699685958414552
G21,G21__mom_255_21__top20__weekly__long_short__rev5,long_short,rev5,10.0,0.0,G00__mom_255_21__top20__weekly__long_short,delta_vs_same_scenario_G00,max_drawdown,0.16012957921465198
G21,G21__mom_255_21__top20__weekly__long_short__rev5,long_short,rev5,10.0,0.0,G00__mom_255_21__top20__weekly__long_short,delta_vs_same_scenario_G00,annualized_volatility,-0.013137486081641336
G21,G21__mom_255_21__top20__weekly__long_short__rev5,long_short,rev5,10.0,0.0,G00__mom_255_21__top20__weekly__long_short,delta_vs_same_scenario_G00,annualized_l1_turnover,23.404527979931974
G21,G21__mom_255_21__top20__weekly__long_short__rev5,long_short,rev5,10.0,0.01,G00__mom_255_21__top20__weekly__long_short,delta_vs_same_scenario_G00,cagr,0.02252711725818895
G21,G21__mom_255_21__top20__weekly__long_short__rev5,long_short,rev5,10.0,0.01,G00__mom_255_21__top20__weekly__long_short,delta_vs_same_scenario_G00,sharpe_excess_rf,0.11515342254182798
G21,G21__mom_255_21__top20__weekly__long_short__rev5,long_short,rev5,10.0,0.01,G00__mom_255_21__top20__weekly__long_short,delta_vs_same_scenario_G00,max_drawdown,0.1577769785276405
G21,G21__mom_255_21__top20__weekly__long_short__rev5,long_short,rev5,10.0,0.01,G00__mom_255_21__top20__weekly__long_short,delta_vs_same_scenario_G00,annualized_volatility,-0.013140159108206595
G21,G21__mom_255_21__top20__weekly__long_short__rev5,long_short,rev5,10.0,0.01,G00__mom_255_21__top20__weekly__long_short,delta_vs_same_scenario_G00,annualized_l1_turnover,23.405541787081557
G21,G21__mom_255_21__top20__weekly__long_short__rev5,long_short,rev5,10.0,0.03,G00__mom_255_21__top20__weekly__long_short,delta_vs_same_scenario_G00,cagr,0.022330774559012962
G21,G21__mom_255_21__top20__weekly__long_short__rev5,long_short,rev5,10.0,0.03,G00__mom_255_21__top20__weekly__long_short,delta_vs_same_scenario_G00,sharpe_excess_rf,0.11151912936832908
G21,G21__mom_255_21__top20__weekly__long_short__rev5,long_short,rev5,10.0,0.03,G00__mom_255_21__top20__weekly__long_short,delta_vs_same_scenario_G00,max_drawdown,0.15321779361748733
G21,G21__mom_255_21__top20__weekly__long_short__rev5,long_short,rev5,10.0,0.03,G00__mom_255_21__top20__weekly__long_short,delta_vs_same_scenario_G00,annualized_volatility,-0.013145427816978528
G21,G21__mom_255_21__top20__weekly__long_short__rev5,long_short,rev5,10.0,0.03,G00__mom_255_21__top20__weekly__long_short,delta_vs_same_scenario_G00,annualized_l1_turnover,23.407533497708393
G21,G21__mom_255_21__top20__weekly__long_short__rev5,long_short,rev5,20.0,0.0,G00__mom_255_21__top20__weekly__long_short,delta_vs_same_scenario_G00,cagr,-0.001980033563798049
G21,G21__mom_255_21__top20__weekly__long_short__rev5,long_short,rev5,20.0,0.0,G00__mom_255_21__top20__weekly__long_short,delta_vs_same_scenario_G00,sharpe_excess_rf,-0.02119453026974631
G21,G21__mom_255_21__top20__weekly__long_short__rev5,long_short,rev5,20.0,0.0,G00__mom_255_21__top20__weekly__long_short,delta_vs_same_scenario_G00,max_drawdown,0.1138952793366872
G21,G21__mom_255_21__top20__weekly__long_short__rev5,long_short,rev5,20.0,0.0,G00__mom_255_21__top20__weekly__long_short,delta_vs_same_scenario_G00,annualized_volatility,-0.013046770412271896
G21,G21__mom_255_21__top20__weekly__long_short__rev5,long_short,rev5,20.0,0.0,G00__mom_255_21__top20__weekly__long_short,delta_vs_same_scenario_G00,annualized_l1_turnover,23.404527979931974
G21,G21__mom_255_21__top20__weekly__long_short__rev5,long_short,rev5,20.0,0.01,G00__mom_255_21__top20__weekly__long_short,delta_vs_same_scenario_G00,cagr,-0.001959685927459938
G21,G21__mom_255_21__top20__weekly__long_short__rev5,long_short,rev5,20.0,0.01,G00__mom_255_21__top20__weekly__long_short,delta_vs_same_scenario_G00,sharpe_excess_rf,-0.023018821523008513
G21,G21__mom_255_21__top20__weekly__long_short__rev5,long_short,rev5,20.0,0.01,G00__mom_255_21__top20__weekly__long_short,delta_vs_same_scenario_G00,max_drawdown,0.11055617172379206
G21,G21__mom_255_21__top20__weekly__long_short__rev5,long_short,rev5,20.0,0.01,G00__mom_255_21__top20__weekly__long_short,delta_vs_same_scenario_G00,annualized_volatility,-0.01304944549931486
G21,G21__mom_255_21__top20__weekly__long_short__rev5,long_short,rev5,20.0,0.01,G00__mom_255_21__top20__weekly__long_short,delta_vs_same_scenario_G00,annualized_l1_turnover,23.405541787081557
G21,G21__mom_255_21__top20__weekly__long_short__rev5,long_short,rev5,20.0,0.03,G00__mom_255_21__top20__weekly__long_short,delta_vs_same_scenario_G00,cagr,-0.0019200109768990684
G21,G21__mom_255_21__top20__weekly__long_short__rev5,long_short,rev5,20.0,0.03,G00__mom_255_21__top20__weekly__long_short,delta_vs_same_scenario_G00,sharpe_excess_rf,-0.026615356338829034
G21,G21__mom_255_21__top20__weekly__long_short__rev5,long_short,rev5,20.0,0.03,G00__mom_255_21__top20__weekly__long_short,delta_vs_same_scenario_G00,max_drawdown,0.10850398040947018
G21,G21__mom_255_21__top20__weekly__long_short__rev5,long_short,rev5,20.0,0.03,G00__mom_255_21__top20__weekly__long_short,delta_vs_same_scenario_G00,annualized_volatility,-0.013054718857419212
G21,G21__mom_255_21__top20__weekly__long_short__rev5,long_short,rev5,20.0,0.03,G00__mom_255_21__top20__weekly__long_short,delta_vs_same_scenario_G00,annualized_l1_turnover,23.407533497708393
G21,G21__mom_255_21__top50__monthly__long_only__rev20,long_only,rev20,0.0,0.0,G00__mom_255_21__top50__monthly__long_only,delta_vs_same_scenario_G00,cagr,-0.03234861207581782
G21,G21__mom_255_21__top50__monthly__long_only__rev20,long_only,rev20,0.0,0.0,G00__mom_255_21__top50__monthly__long_only,delta_vs_same_scenario_G00,sharpe_excess_rf,-0.15998218120787305
G21,G21__mom_255_21__top50__monthly__long_only__rev20,long_only,rev20,0.0,0.0,G00__mom_255_21__top50__monthly__long_only,delta_vs_same_scenario_G00,max_drawdown,-0.17871513902299446
G21,G21__mom_255_21__top50__monthly__long_only__rev20,long_only,rev20,0.0,0.0,G00__mom_255_21__top50__monthly__long_only,delta_vs_same_scenario_G00,annualized_volatility,0.047508326849795085
G21,G21__mom_255_21__top50__monthly__long_only__rev20,long_only,rev20,0.0,0.0,G00__mom_255_21__top50__monthly__long_only,delta_vs_same_scenario_G00,annualized_l1_turnover,4.964194943897988
G21,G21__mom_255_21__top50__monthly__long_only__rev20,long_only,rev20,5.0,0.0,G00__mom_255_21__top50__monthly__long_only,delta_vs_same_scenario_G00,cagr,-0.03502092374884502
G21,G21__mom_255_21__top50__monthly__long_only__rev20,long_only,rev20,5.0,0.0,G00__mom_255_21__top50__monthly__long_only,delta_vs_same_scenario_G00,sharpe_excess_rf,-0.16597967148670872
G21,G21__mom_255_21__top50__monthly__long_only__rev20,long_only,rev20,5.0,0.0,G00__mom_255_21__top50__monthly__long_only,delta_vs_same_scenario_G00,max_drawdown,-0.17894306945347688
G21,G21__mom_255_21__top50__monthly__long_only__rev20,long_only,rev20,5.0,0.0,G00__mom_255_21__top50__monthly__long_only,delta_vs_same_scenario_G00,annualized_volatility,0.04747909860058927
G21,G21__mom_255_21__top50__monthly__long_only__rev20,long_only,rev20,5.0,0.0,G00__mom_255_21__top50__monthly__long_only,delta_vs_same_scenario_G00,annualized_l1_turnover,4.96419494389799
G21,G21__mom_255_21__top50__monthly__long_only__rev20,long_only,rev20,10.0,0.0,G00__mom_255_21__top50__monthly__long_only,delta_vs_same_scenario_G00,cagr,-0.037668769907295924
G21,G21__mom_255_21__top50__monthly__long_only__rev20,long_only,rev20,10.0,0.0,G00__mom_255_21__top50__monthly__long_only,delta_vs_same_scenario_G00,sharpe_excess_rf,-0.1719907344670637
G21,G21__mom_255_21__top50__monthly__long_only__rev20,long_only,rev20,10.0,0.0,G00__mom_255_21__top50__monthly__long_only,delta_vs_same_scenario_G00,max_drawdown,-0.17917099988395996
G21,G21__mom_255_21__top50__monthly__long_only__rev20,long_only,rev20,10.0,0.0,G00__mom_255_21__top50__monthly__long_only,delta_vs_same_scenario_G00,annualized_volatility,0.04745925509902307
G21,G21__mom_255_21__top50__monthly__long_only__rev20,long_only,rev20,10.0,0.0,G00__mom_255_21__top50__monthly__long_only,delta_vs_same_scenario_G00,annualized_l1_turnover,4.96419494389799
G21,G21__mom_255_21__top50__monthly__long_only__rev20,long_only,rev20,20.0,0.0,G00__mom_255_21__top50__monthly__long_only,delta_vs_same_scenario_G00,cagr,-0.042891662855642165
G21,G21__mom_255_21__top50__monthly__long_only__rev20,long_only,rev20,20.0,0.0,G00__mom_255_21__top50__monthly__long_only,delta_vs_same_scenario_G00,sharpe_excess_rf,-0.18404436061899387
G21,G21__mom_255_21__top50__monthly__long_only__rev20,long_only,rev20,20.0,0.0,G00__mom_255_21__top50__monthly__long_only,delta_vs_same_scenario_G00,max_drawdown,-0.1796268607449245
G21,G21__mom_255_21__top50__monthly__long_only__rev20,long_only,rev20,20.0,0.0,G00__mom_255_21__top50__monthly__long_only,delta_vs_same_scenario_G00,annualized_volatility,0.04744773373261893
G21,G21__mom_255_21__top50__monthly__long_only__rev20,long_only,rev20,20.0,0.0,G00__mom_255_21__top50__monthly__long_only,delta_vs_same_scenario_G00,annualized_l1_turnover,4.964194943897988
G21,G21__mom_255_21__top50__monthly__long_only__rev5,long_only,rev5,0.0,0.0,G00__mom_255_21__top50__monthly__long_only,delta_vs_same_scenario_G00,cagr,-0.029774812539572898
G21,G21__mom_255_21__top50__monthly__long_only__rev5,long_only,rev5,0.0,0.0,G00__mom_255_21__top50__monthly__long_only,delta_vs_same_scenario_G00,sharpe_excess_rf,-0.1456550182851304
G21,G21__mom_255_21__top50__monthly__long_only__rev5,long_only,rev5,0.0,0.0,G00__mom_255_21__top50__monthly__long_only,delta_vs_same_scenario_G00,max_drawdown,-0.18678797632439909
G21,G21__mom_255_21__top50__monthly__long_only__rev5,long_only,rev5,0.0,0.0,G00__mom_255_21__top50__monthly__long_only,delta_vs_same_scenario_G00,annualized_volatility,0.03926837043732059
G21,G21__mom_255_21__top50__monthly__long_only__rev5,long_only,rev5,0.0,0.0,G00__mom_255_21__top50__monthly__long_only,delta_vs_same_scenario_G00,annualized_l1_turnover,4.844997703741557
G21,G21__mom_255_21__top50__monthly__long_only__rev5,long_only,rev5,5.0,0.0,G00__mom_255_21__top50__monthly__long_only,delta_vs_same_scenario_G00,cagr,-0.032396103528468334
G21,G21__mom_255_21__top50__monthly__long_only__rev5,long_only,rev5,5.0,0.0,G00__mom_255_21__top50__monthly__long_only,delta_vs_same_scenario_G00,sharpe_excess_rf,-0.1521061519226165
G21,G21__mom_255_21__top50__monthly__long_only__rev5,long_only,rev5,5.0,0.0,G00__mom_255_21__top50__monthly__long_only,delta_vs_same_scenario_G00,max_drawdown,-0.1870237699735518
G21,G21__mom_255_21__top50__monthly__long_only__rev5,long_only,rev5,5.0,0.0,G00__mom_255_21__top50__monthly__long_only,delta_vs_same_scenario_G00,annualized_volatility,0.03926700078923015
G21,G21__mom_255_21__top50__monthly__long_only__rev5,long_only,rev5,5.0,0.0,G00__mom_255_21__top50__monthly__long_only,delta_vs_same_scenario_G00,annualized_l1_turnover,4.844997703741559
G21,G21__mom_255_21__top50__monthly__long_only__rev5,long_only,rev5,10.0,0.0,G00__mom_255_21__top50__monthly__long_only,delta_vs_same_scenario_G00,cagr,-0.03499358682486095
G21,G21__mom_255_21__top50__monthly__long_only__rev5,long_only,rev5,10.0,0.0,G00__mom_255_21__top50__monthly__long_only,delta_vs_same_scenario_G00,sharpe_excess_rf,-0.1585681684661231
G21,G21__mom_255_21__top50__monthly__long_only__rev5,long_only,rev5,10.0,0.0,G00__mom_255_21__top50__monthly__long_only,delta_vs_same_scenario_G00,max_drawdown,-0.18725956362270507
G21,G21__mom_255_21__top50__monthly__long_only__rev5,long_only,rev5,10.0,0.0,G00__mom_255_21__top50__monthly__long_only,delta_vs_same_scenario_G00,annualized_volatility,0.039275105406369665
G21,G21__mom_255_21__top50__monthly__long_only__rev5,long_only,rev5,10.0,0.0,G00__mom_255_21__top50__monthly__long_only,delta_vs_same_scenario_G00,annualized_l1_turnover,4.844997703741559
G21,G21__mom_255_21__top50__monthly__long_only__rev5,long_only,rev5,20.0,0.0,G00__mom_255_21__top50__monthly__long_only,delta_vs_same_scenario_G00,cagr,-0.040117707351426724
G21,G21__mom_255_21__top50__monthly__long_only__rev5,long_only,rev5,20.0,0.0,G00__mom_255_21__top50__monthly__long_only,delta_vs_same_scenario_G00,sharpe_excess_rf,-0.17151481617617276
G21,G21__mom_255_21__top50__monthly__long_only__rev5,long_only,rev5,20.0,0.0,G00__mom_255_21__top50__monthly__long_only,delta_vs_same_scenario_G00,max_drawdown,-0.18773115092101045
G21,G21__mom_255_21__top50__monthly__long_only__rev5,long_only,rev5,20.0,0.0,G00__mom_255_21__top50__monthly__long_only,delta_vs_same_scenario_G00,annualized_volatility,0.039319731597750124
G21,G21__mom_255_21__top50__monthly__long_only__rev5,long_only,rev5,20.0,0.0,G00__mom_255_21__top50__monthly__long_only,delta_vs_same_scenario_G00,annualized_l1_turnover,4.844997703741557
G21,G21__mom_255_21__top50__monthly__long_short__rev20,long_short,rev20,0.0,0.0,G00__mom_255_21__top50__monthly__long_short,delta_vs_same_scenario_G00,cagr,0.0022177715320066474
G21,G21__mom_255_21__top50__monthly__long_short__rev20,long_short,rev20,0.0,0.0,G00__mom_255_21__top50__monthly__long_short,delta_vs_same_scenario_G00,sharpe_excess_rf,0.017771446091020576
G21,G21__mom_255_21__top50__monthly__long_short__rev20,long_short,rev20,0.0,0.0,G00__mom_255_21__top50__monthly__long_short,delta_vs_same_scenario_G00,max_drawdown,-0.014675237024980248
G21,G21__mom_255_21__top50__monthly__long_short__rev20,long_short,rev20,0.0,0.0,G00__mom_255_21__top50__monthly__long_short,delta_vs_same_scenario_G00,annualized_volatility,-0.008744085935642687
G21,G21__mom_255_21__top50__monthly__long_short__rev20,long_short,rev20,0.0,0.0,G00__mom_255_21__top50__monthly__long_short,delta_vs_same_scenario_G00,annualized_l1_turnover,4.526497756881518
G21,G21__mom_255_21__top50__monthly__long_short__rev20,long_short,rev20,0.0,0.01,G00__mom_255_21__top50__monthly__long_short,delta_vs_same_scenario_G00,cagr,0.0022223461356012594
G21,G21__mom_255_21__top50__monthly__long_short__rev20,long_short,rev20,0.0,0.01,G00__mom_255_21__top50__monthly__long_short,delta_vs_same_scenario_G00,sharpe_excess_rf,0.015743329927260463
G21,G21__mom_255_21__top50__monthly__long_short__rev20,long_short,rev20,0.0,0.01,G00__mom_255_21__top50__monthly__long_short,delta_vs_same_scenario_G00,max_drawdown,-0.016858896357640707
G21,G21__mom_255_21__top50__monthly__long_short__rev20,long_short,rev20,0.0,0.01,G00__mom_255_21__top50__monthly__long_short,delta_vs_same_scenario_G00,annualized_volatility,-0.008746838604088453
G21,G21__mom_255_21__top50__monthly__long_short__rev20,long_short,rev20,0.0,0.01,G00__mom_255_21__top50__monthly__long_short,delta_vs_same_scenario_G00,annualized_l1_turnover,4.527456956813391
G21,G21__mom_255_21__top50__monthly__long_short__rev20,long_short,rev20,0.0,0.03,G00__mom_255_21__top50__monthly__long_short,delta_vs_same_scenario_G00,cagr,0.002230905359083494
G21,G21__mom_255_21__top50__monthly__long_short__rev20,long_short,rev20,0.0,0.03,G00__mom_255_21__top50__monthly__long_short,delta_vs_same_scenario_G00,sharpe_excess_rf,0.011744058431454804
G21,G21__mom_255_21__top50__monthly__long_short__rev20,long_short,rev20,0.0,0.03,G00__mom_255_21__top50__monthly__long_short,delta_vs_same_scenario_G00,max_drawdown,-0.012498473346104433
G21,G21__mom_255_21__top50__monthly__long_short__rev20,long_short,rev20,0.0,0.03,G00__mom_255_21__top50__monthly__long_short,delta_vs_same_scenario_G00,annualized_volatility,-0.008752273733902416
G21,G21__mom_255_21__top50__monthly__long_short__rev20,long_short,rev20,0.0,0.03,G00__mom_255_21__top50__monthly__long_short,delta_vs_same_scenario_G00,annualized_l1_turnover,4.529338349919794
G21,G21__mom_255_21__top50__monthly__long_short__rev20,long_short,rev20,5.0,0.0,G00__mom_255_21__top50__monthly__long_short,delta_vs_same_scenario_G00,cagr,-0.00015118628364621522
G21,G21__mom_255_21__top50__monthly__long_short__rev20,long_short,rev20,5.0,0.0,G00__mom_255_21__top50__monthly__long_short,delta_vs_same_scenario_G00,sharpe_excess_rf,-0.0001546469324389399
G21,G21__mom_255_21__top50__monthly__long_short__rev20,long_short,rev20,5.0,0.0,G00__mom_255_21__top50__monthly__long_short,delta_vs_same_scenario_G00,max_drawdown,-0.019422084567310982
G21,G21__mom_255_21__top50__monthly__long_short__rev20,long_short,rev20,5.0,0.0,G00__mom_255_21__top50__monthly__long_short,delta_vs_same_scenario_G00,annualized_volatility,-0.008758785344725795
G21,G21__mom_255_21__top50__monthly__long_short__rev20,long_short,rev20,5.0,0.0,G00__mom_255_21__top50__monthly__long_short,delta_vs_same_scenario_G00,annualized_l1_turnover,4.526497756881518
G21,G21__mom_255_21__top50__monthly__long_short__rev20,long_short,rev20,5.0,0.01,G00__mom_255_21__top50__monthly__long_short,delta_vs_same_scenario_G00,cagr,-0.00013537779558678298
G21,G21__mom_255_21__top50__monthly__long_short__rev20,long_short,rev20,5.0,0.01,G00__mom_255_21__top50__monthly__long_short,delta_vs_same_scenario_G00,sharpe_excess_rf,-0.0021869671893298415
G21,G21__mom_255_21__top50__monthly__long_short__rev20,long_short,rev20,5.0,0.01,G00__mom_255_21__top50__monthly__long_short,delta_vs_same_scenario_G00,max_drawdown,-0.018944027327345958
G21,G21__mom_255_21__top50__monthly__long_short__rev20,long_short,rev20,5.0,0.01,G00__mom_255_21__top50__monthly__long_short,delta_vs_same_scenario_G00,annualized_volatility,-0.008761534491757622
G21,G21__mom_255_21__top50__monthly__long_short__rev20,long_short,rev20,5.0,0.01,G00__mom_255_21__top50__monthly__long_short,delta_vs_same_scenario_G00,annualized_l1_turnover,4.527456956813391
G21,G21__mom_255_21__top50__monthly__long_short__rev20,long_short,rev20,5.0,0.03,G00__mom_255_21__top50__monthly__long_short,delta_vs_same_scenario_G00,cagr,-0.0001048149456614085
G21,G21__mom_255_21__top50__monthly__long_short__rev20,long_short,rev20,5.0,0.03,G00__mom_255_21__top50__monthly__long_short,delta_vs_same_scenario_G00,sharpe_excess_rf,-0.006194483813704521
G21,G21__mom_255_21__top50__monthly__long_short__rev20,long_short,rev20,5.0,0.03,G00__mom_255_21__top50__monthly__long_short,delta_vs_same_scenario_G00,max_drawdown,-0.012618152585631315
G21,G21__mom_255_21__top50__monthly__long_short__rev20,long_short,rev20,5.0,0.03,G00__mom_255_21__top50__monthly__long_short,delta_vs_same_scenario_G00,annualized_volatility,-0.008766963045116455
G21,G21__mom_255_21__top50__monthly__long_short__rev20,long_short,rev20,5.0,0.03,G00__mom_255_21__top50__monthly__long_short,delta_vs_same_scenario_G00,annualized_l1_turnover,4.529338349919794
G21,G21__mom_255_21__top50__monthly__long_short__rev20,long_short,rev20,10.0,0.0,G00__mom_255_21__top50__monthly__long_short,delta_vs_same_scenario_G00,cagr,-0.002499717981929682
G21,G21__mom_255_21__top50__monthly__long_short__rev20,long_short,rev20,10.0,0.0,G00__mom_255_21__top50__monthly__long_short,delta_vs_same_scenario_G00,sharpe_excess_rf,-0.018109471099841207
G21,G21__mom_255_21__top50__monthly__long_short__rev20,long_short,rev20,10.0,0.0,G00__mom_255_21__top50__monthly__long_short,delta_vs_same_scenario_G00,max_drawdown,-0.02209326799060518
G21,G21__mom_255_21__top50__monthly__long_short__rev20,long_short,rev20,10.0,0.0,G00__mom_255_21__top50__monthly__long_short,delta_vs_same_scenario_G00,annualized_volatility,-0.008753362030335832
G21,G21__mom_255_21__top50__monthly__long_short__rev20,long_short,rev20,10.0,0.0,G00__mom_255_21__top50__monthly__long_short,delta_vs_same_scenario_G00,annualized_l1_turnover,4.526497756881518
G21,G21__mom_255_21__top50__monthly__long_short__rev20,long_short,rev20,10.0,0.01,G00__mom_255_21__top50__monthly__long_short,delta_vs_same_scenario_G00,cagr,-0.00247276762484705
G21,G21__mom_255_21__top50__monthly__long_short__rev20,long_short,rev20,10.0,0.01,G00__mom_255_21__top50__monthly__long_short,delta_vs_same_scenario_G00,sharpe_excess_rf,-0.02014054068640596
G21,G21__mom_255_21__top50__monthly__long_short__rev20,long_short,rev20,10.0,0.01,G00__mom_255_21__top50__monthly__long_short,delta_vs_same_scenario_G00,max_drawdown,-0.01899555646100265
G21,G21__mom_255_21__top50__monthly__long_short__rev20,long_short,rev20,10.0,0.01,G00__mom_255_21__top50__monthly__long_short,delta_vs_same_scenario_G00,annualized_volatility,-0.008756104083031124
G21,G21__mom_255_21__top50__monthly__long_short__rev20,long_short,rev20,10.0,0.01,G00__mom_255_21__top50__monthly__long_short,delta_vs_same_scenario_G00,annualized_l1_turnover,4.527456956813391
G21,G21__mom_255_21__top50__monthly__long_short__rev20,long_short,rev20,10.0,0.03,G00__mom_255_21__top50__monthly__long_short,delta_vs_same_scenario_G00,cagr,-0.002420381368919561
G21,G21__mom_255_21__top50__monthly__long_short__rev20,long_short,rev20,10.0,0.03,G00__mom_255_21__top50__monthly__long_short,delta_vs_same_scenario_G00,sharpe_excess_rf,-0.024145553510506346
G21,G21__mom_255_21__top50__monthly__long_short__rev20,long_short,rev20,10.0,0.03,G00__mom_255_21__top50__monthly__long_short,delta_vs_same_scenario_G00,max_drawdown,-0.01273563785839782
G21,G21__mom_255_21__top50__monthly__long_short__rev20,long_short,rev20,10.0,0.03,G00__mom_255_21__top50__monthly__long_short,delta_vs_same_scenario_G00,annualized_volatility,-0.00876151902438721
G21,G21__mom_255_21__top50__monthly__long_short__rev20,long_short,rev20,10.0,0.03,G00__mom_255_21__top50__monthly__long_short,delta_vs_same_scenario_G00,annualized_l1_turnover,4.529338349919794
G21,G21__mom_255_21__top50__monthly__long_short__rev20,long_short,rev20,20.0,0.0,G00__mom_255_21__top50__monthly__long_short,delta_vs_same_scenario_G00,cagr,-0.007135980418159597
G21,G21__mom_255_21__top50__monthly__long_short__rev20,long_short,rev20,20.0,0.0,G00__mom_255_21__top50__monthly__long_short,delta_vs_same_scenario_G00,sharpe_excess_rf,-0.054015125963426724
G21,G21__mom_255_21__top50__monthly__long_short__rev20,long_short,rev20,20.0,0.0,G00__mom_255_21__top50__monthly__long_short,delta_vs_same_scenario_G00,max_drawdown,-0.022314787765032706
G21,G21__mom_255_21__top50__monthly__long_short__rev20,long_short,rev20,20.0,0.0,G00__mom_255_21__top50__monthly__long_short,delta_vs_same_scenario_G00,annualized_volatility,-0.008682172451672215
G21,G21__mom_255_21__top50__monthly__long_short__rev20,long_short,rev20,20.0,0.0,G00__mom_255_21__top50__monthly__long_short,delta_vs_same_scenario_G00,annualized_l1_turnover,4.526497756881518
G21,G21__mom_255_21__top50__monthly__long_short__rev20,long_short,rev20,20.0,0.01,G00__mom_255_21__top50__monthly__long_short,delta_vs_same_scenario_G00,cagr,-0.007087020337467727
G21,G21__mom_255_21__top50__monthly__long_short__rev20,long_short,rev20,20.0,0.01,G00__mom_255_21__top50__monthly__long_short,delta_vs_same_scenario_G00,sharpe_excess_rf,-0.0560273485312967
G21,G21__mom_255_21__top50__monthly__long_short__rev20,long_short,rev20,20.0,0.01,G00__mom_255_21__top50__monthly__long_short,delta_vs_same_scenario_G00,max_drawdown,-0.0190941699313511
G21,G21__mom_255_21__top50__monthly__long_short__rev20,long_short,rev20,20.0,0.01,G00__mom_255_21__top50__monthly__long_short,delta_vs_same_scenario_G00,annualized_volatility,-0.008684889626910414
G21,G21__mom_255_21__top50__monthly__long_short__rev20,long_short,rev20,20.0,0.01,G00__mom_255_21__top50__monthly__long_short,delta_vs_same_scenario_G00,annualized_l1_turnover,4.527456956813391
G21,G21__mom_255_21__top50__monthly__long_short__rev20,long_short,rev20,20.0,0.03,G00__mom_255_21__top50__monthly__long_short,delta_vs_same_scenario_G00,cagr,-0.006991523951521158
G21,G21__mom_255_21__top50__monthly__long_short__rev20,long_short,rev20,20.0,0.03,G00__mom_255_21__top50__monthly__long_short,delta_vs_same_scenario_G00,sharpe_excess_rf,-0.059995143517590915
G21,G21__mom_255_21__top50__monthly__long_short__rev20,long_short,rev20,20.0,0.03,G00__mom_255_21__top50__monthly__long_short,delta_vs_same_scenario_G00,max_drawdown,-0.016167170927085417
G21,G21__mom_255_21__top50__monthly__long_short__rev20,long_short,rev20,20.0,0.03,G00__mom_255_21__top50__monthly__long_short,delta_vs_same_scenario_G00,annualized_volatility,-0.008690256294746929
G21,G21__mom_255_21__top50__monthly__long_short__rev20,long_short,rev20,20.0,0.03,G00__mom_255_21__top50__monthly__long_short,delta_vs_same_scenario_G00,annualized_l1_turnover,4.529338349919794
G21,G21__mom_255_21__top50__monthly__long_short__rev5,long_short,rev5,0.0,0.0,G00__mom_255_21__top50__monthly__long_short,delta_vs_same_scenario_G00,cagr,-0.00635611324594864
G21,G21__mom_255_21__top50__monthly__long_short__rev5,long_short,rev5,0.0,0.0,G00__mom_255_21__top50__monthly__long_short,delta_vs_same_scenario_G00,sharpe_excess_rf,-0.04084231043655184
G21,G21__mom_255_21__top50__monthly__long_short__rev5,long_short,rev5,0.0,0.0,G00__mom_255_21__top50__monthly__long_short,delta_vs_same_scenario_G00,max_drawdown,-0.02459231698790193
G21,G21__mom_255_21__top50__monthly__long_short__rev5,long_short,rev5,0.0,0.0,G00__mom_255_21__top50__monthly__long_short,delta_vs_same_scenario_G00,annualized_volatility,-0.015228896578884377
G21,G21__mom_255_21__top50__monthly__long_short__rev5,long_short,rev5,0.0,0.0,G00__mom_255_21__top50__monthly__long_short,delta_vs_same_scenario_G00,annualized_l1_turnover,4.615093317661195
G21,G21__mom_255_21__top50__monthly__long_short__rev5,long_short,rev5,0.0,0.01,G00__mom_255_21__top50__monthly__long_short,delta_vs_same_scenario_G00,cagr,-0.006321923551294996
G21,G21__mom_255_21__top50__monthly__long_short__rev5,long_short,rev5,0.0,0.01,G00__mom_255_21__top50__monthly__long_short,delta_vs_same_scenario_G00,sharpe_excess_rf,-0.04471481579158114
G21,G21__mom_255_21__top50__monthly__long_short__rev5,long_short,rev5,0.0,0.01,G00__mom_255_21__top50__monthly__long_short,delta_vs_same_scenario_G00,max_drawdown,-0.030345013322425674
G21,G21__mom_255_21__top50__monthly__long_short__rev5,long_short,rev5,0.0,0.01,G00__mom_255_21__top50__monthly__long_short,delta_vs_same_scenario_G00,annualized_volatility,-0.01523338308224445
G21,G21__mom_255_21__top50__monthly__long_short__rev5,long_short,rev5,0.0,0.01,G00__mom_255_21__top50__monthly__long_short,delta_vs_same_scenario_G00,annualized_l1_turnover,4.616032084206535
G21,G21__mom_255_21__top50__monthly__long_short__rev5,long_short,rev5,0.0,0.03,G00__mom_255_21__top50__monthly__long_short,delta_vs_same_scenario_G00,cagr,-0.006255108589256094
G21,G21__mom_255_21__top50__monthly__long_short__rev5,long_short,rev5,0.0,0.03,G00__mom_255_21__top50__monthly__long_short,delta_vs_same_scenario_G00,sharpe_excess_rf,-0.052348842874731356
G21,G21__mom_255_21__top50__monthly__long_short__rev5,long_short,rev5,0.0,0.03,G00__mom_255_21__top50__monthly__long_short,delta_vs_same_scenario_G00,max_drawdown,-0.034264569681891066
G21,G21__mom_255_21__top50__monthly__long_short__rev5,long_short,rev5,0.0,0.03,G00__mom_255_21__top50__monthly__long_short,delta_vs_same_scenario_G00,annualized_volatility,-0.015242239467505914
G21,G21__mom_255_21__top50__monthly__long_short__rev5,long_short,rev5,0.0,0.03,G00__mom_255_21__top50__monthly__long_short,delta_vs_same_scenario_G00,annualized_l1_turnover,4.6178729942653085
G21,G21__mom_255_21__top50__monthly__long_short__rev5,long_short,rev5,5.0,0.0,G00__mom_255_21__top50__monthly__long_short,delta_vs_same_scenario_G00,cagr,-0.008718843511387991
G21,G21__mom_255_21__top50__monthly__long_short__rev5,long_short,rev5,5.0,0.0,G00__mom_255_21__top50__monthly__long_short,delta_vs_same_scenario_G00,sharpe_excess_rf,-0.06125340622012107
G21,G21__mom_255_21__top50__monthly__long_short__rev5,long_short,rev5,5.0,0.0,G00__mom_255_21__top50__monthly__long_short,delta_vs_same_scenario_G00,max_drawdown,-0.035880649504385964
G21,G21__mom_255_21__top50__monthly__long_short__rev5,long_short,rev5,5.0,0.0,G00__mom_255_21__top50__monthly__long_short,delta_vs_same_scenario_G00,annualized_volatility,-0.015222156605543019
G21,G21__mom_255_21__top50__monthly__long_short__rev5,long_short,rev5,5.0,0.0,G00__mom_255_21__top50__monthly__long_short,delta_vs_same_scenario_G00,annualized_l1_turnover,4.615093317661195
G21,G21__mom_255_21__top50__monthly__long_short__rev5,long_short,rev5,5.0,0.01,G00__mom_255_21__top50__monthly__long_short,delta_vs_same_scenario_G00,cagr,-0.008673348155608468
G21,G21__mom_255_21__top50__monthly__long_short__rev5,long_short,rev5,5.0,0.01,G00__mom_255_21__top50__monthly__long_short,delta_vs_same_scenario_G00,sharpe_excess_rf,-0.06512471647532225
G21,G21__mom_255_21__top50__monthly__long_short__rev5,long_short,rev5,5.0,0.01,G00__mom_255_21__top50__monthly__long_short,delta_vs_same_scenario_G00,max_drawdown,-0.039601526871011095
G21,G21__mom_255_21__top50__monthly__long_short__rev5,long_short,rev5,5.0,0.01,G00__mom_255_21__top50__monthly__long_short,delta_vs_same_scenario_G00,annualized_volatility,-0.01522663914008951
G21,G21__mom_255_21__top50__monthly__long_short__rev5,long_short,rev5,5.0,0.01,G00__mom_255_21__top50__monthly__long_short,delta_vs_same_scenario_G00,annualized_l1_turnover,4.616032084206535
G21,G21__mom_255_21__top50__monthly__long_short__rev5,long_short,rev5,5.0,0.03,G00__mom_255_21__top50__monthly__long_short,delta_vs_same_scenario_G00,cagr,-0.00858439081621722
G21,G21__mom_255_21__top50__monthly__long_short__rev5,long_short,rev5,5.0,0.03,G00__mom_255_21__top50__monthly__long_short,delta_vs_same_scenario_G00,sharpe_excess_rf,-0.07275635834335277
G21,G21__mom_255_21__top50__monthly__long_short__rev5,long_short,rev5,5.0,0.03,G00__mom_255_21__top50__monthly__long_short,delta_vs_same_scenario_G00,max_drawdown,-0.04121997465728916
G21,G21__mom_255_21__top50__monthly__long_short__rev5,long_short,rev5,5.0,0.03,G00__mom_255_21__top50__monthly__long_short,delta_vs_same_scenario_G00,annualized_volatility,-0.015235488115658696
G21,G21__mom_255_21__top50__monthly__long_short__rev5,long_short,rev5,5.0,0.03,G00__mom_255_21__top50__monthly__long_short,delta_vs_same_scenario_G00,annualized_l1_turnover,4.6178729942653085
G21,G21__mom_255_21__top50__monthly__long_short__rev5,long_short,rev5,10.0,0.0,G00__mom_255_21__top50__monthly__long_short,delta_vs_same_scenario_G00,cagr,-0.011060861811611887
G21,G21__mom_255_21__top50__monthly__long_short__rev5,long_short,rev5,10.0,0.0,G00__mom_255_21__top50__monthly__long_short,delta_vs_same_scenario_G00,sharpe_excess_rf,-0.08166807173465085
G21,G21__mom_255_21__top50__monthly__long_short__rev5,long_short,rev5,10.0,0.0,G00__mom_255_21__top50__monthly__long_short,delta_vs_same_scenario_G00,max_drawdown,-0.045645180969926535
G21,G21__mom_255_21__top50__monthly__long_short__rev5,long_short,rev5,10.0,0.0,G00__mom_255_21__top50__monthly__long_short,delta_vs_same_scenario_G00,annualized_volatility,-0.015194045314249727
G21,G21__mom_255_21__top50__monthly__long_short__rev5,long_short,rev5,10.0,0.0,G00__mom_255_21__top50__monthly__long_short,delta_vs_same_scenario_G00,annualized_l1_turnover,4.615093317661195
G21,G21__mom_255_21__top50__monthly__long_short__rev5,long_short,rev5,10.0,0.01,G00__mom_255_21__top50__monthly__long_short,delta_vs_same_scenario_G00,cagr,-0.011004154766996344
G21,G21__mom_255_21__top50__monthly__long_short__rev5,long_short,rev5,10.0,0.01,G00__mom_255_21__top50__monthly__long_short,delta_vs_same_scenario_G00,sharpe_excess_rf,-0.08553162225375238
G21,G21__mom_255_21__top50__monthly__long_short__rev5,long_short,rev5,10.0,0.01,G00__mom_255_21__top50__monthly__long_short,delta_vs_same_scenario_G00,max_drawdown,-0.046575864686418667
G21,G21__mom_255_21__top50__monthly__long_short__rev5,long_short,rev5,10.0,0.01,G00__mom_255_21__top50__monthly__long_short,delta_vs_same_scenario_G00,annualized_volatility,-0.015198520160081885
G21,G21__mom_255_21__top50__monthly__long_short__rev5,long_short,rev5,10.0,0.01,G00__mom_255_21__top50__monthly__long_short,delta_vs_same_scenario_G00,annualized_l1_turnover,4.616032084206535
G21,G21__mom_255_21__top50__monthly__long_short__rev5,long_short,rev5,10.0,0.03,G00__mom_255_21__top50__monthly__long_short,delta_vs_same_scenario_G00,cagr,-0.010893239092716028
G21,G21__mom_255_21__top50__monthly__long_short__rev5,long_short,rev5,10.0,0.03,G00__mom_255_21__top50__monthly__long_short,delta_vs_same_scenario_G00,sharpe_excess_rf,-0.09314794280056954
G21,G21__mom_255_21__top50__monthly__long_short__rev5,long_short,rev5,10.0,0.03,G00__mom_255_21__top50__monthly__long_short,delta_vs_same_scenario_G00,max_drawdown,-0.04793370758936111
G21,G21__mom_255_21__top50__monthly__long_short__rev5,long_short,rev5,10.0,0.03,G00__mom_255_21__top50__monthly__long_short,delta_vs_same_scenario_G00,annualized_volatility,-0.015207354397978073
G21,G21__mom_255_21__top50__monthly__long_short__rev5,long_short,rev5,10.0,0.03,G00__mom_255_21__top50__monthly__long_short,delta_vs_same_scenario_G00,annualized_l1_turnover,4.6178729942653085
G21,G21__mom_255_21__top50__monthly__long_short__rev5,long_short,rev5,20.0,0.0,G00__mom_255_21__top50__monthly__long_short,delta_vs_same_scenario_G00,cagr,-0.015683252956277087
G21,G21__mom_255_21__top50__monthly__long_short__rev5,long_short,rev5,20.0,0.0,G00__mom_255_21__top50__monthly__long_short,delta_vs_same_scenario_G00,sharpe_excess_rf,-0.12240119322784114
G21,G21__mom_255_21__top50__monthly__long_short__rev5,long_short,rev5,20.0,0.0,G00__mom_255_21__top50__monthly__long_short,delta_vs_same_scenario_G00,max_drawdown,-0.059319276757927586
G21,G21__mom_255_21__top50__monthly__long_short__rev5,long_short,rev5,20.0,0.0,G00__mom_255_21__top50__monthly__long_short,delta_vs_same_scenario_G00,annualized_volatility,-0.015073798169226688
G21,G21__mom_255_21__top50__monthly__long_short__rev5,long_short,rev5,20.0,0.0,G00__mom_255_21__top50__monthly__long_short,delta_vs_same_scenario_G00,annualized_l1_turnover,4.615093317661195
G21,G21__mom_255_21__top50__monthly__long_short__rev5,long_short,rev5,20.0,0.01,G00__mom_255_21__top50__monthly__long_short,delta_vs_same_scenario_G00,cagr,-0.015604402348297693
G21,G21__mom_255_21__top50__monthly__long_short__rev5,long_short,rev5,20.0,0.01,G00__mom_255_21__top50__monthly__long_short,delta_vs_same_scenario_G00,sharpe_excess_rf,-0.1262296054351511
G21,G21__mom_255_21__top50__monthly__long_short__rev5,long_short,rev5,20.0,0.01,G00__mom_255_21__top50__monthly__long_short,delta_vs_same_scenario_G00,max_drawdown,-0.05979974140016725
G21,G21__mom_255_21__top50__monthly__long_short__rev5,long_short,rev5,20.0,0.01,G00__mom_255_21__top50__monthly__long_short,delta_vs_same_scenario_G00,annualized_volatility,-0.015078246512757632
G21,G21__mom_255_21__top50__monthly__long_short__rev5,long_short,rev5,20.0,0.01,G00__mom_255_21__top50__monthly__long_short,delta_vs_same_scenario_G00,annualized_l1_turnover,4.616032084206535
G21,G21__mom_255_21__top50__monthly__long_short__rev5,long_short,rev5,20.0,0.03,G00__mom_255_21__top50__monthly__long_short,delta_vs_same_scenario_G00,cagr,-0.015450118014037858
G21,G21__mom_255_21__top50__monthly__long_short__rev5,long_short,rev5,20.0,0.03,G00__mom_255_21__top50__monthly__long_short,delta_vs_same_scenario_G00,sharpe_excess_rf,-0.1337766227237745
G21,G21__mom_255_21__top50__monthly__long_short__rev5,long_short,rev5,20.0,0.03,G00__mom_255_21__top50__monthly__long_short,delta_vs_same_scenario_G00,max_drawdown,-0.06066071708957099
G21,G21__mom_255_21__top50__monthly__long_short__rev5,long_short,rev5,20.0,0.03,G00__mom_255_21__top50__monthly__long_short,delta_vs_same_scenario_G00,annualized_volatility,-0.015087029357839538
G21,G21__mom_255_21__top50__monthly__long_short__rev5,long_short,rev5,20.0,0.03,G00__mom_255_21__top50__monthly__long_short,delta_vs_same_scenario_G00,annualized_l1_turnover,4.6178729942653085
G21,G21__mom_255_21__top50__weekly__long_only__rev20,long_only,rev20,0.0,0.0,G00__mom_255_21__top50__weekly__long_only,delta_vs_same_scenario_G00,cagr,0.00508708087380999
G21,G21__mom_255_21__top50__weekly__long_only__rev20,long_only,rev20,0.0,0.0,G00__mom_255_21__top50__weekly__long_only,delta_vs_same_scenario_G00,sharpe_excess_rf,-0.06292976670937189
G21,G21__mom_255_21__top50__weekly__long_only__rev20,long_only,rev20,0.0,0.0,G00__mom_255_21__top50__weekly__long_only,delta_vs_same_scenario_G00,max_drawdown,-0.22816408962997342
G21,G21__mom_255_21__top50__weekly__long_only__rev20,long_only,rev20,0.0,0.0,G00__mom_255_21__top50__weekly__long_only,delta_vs_same_scenario_G00,annualized_volatility,0.058908460661717815
G21,G21__mom_255_21__top50__weekly__long_only__rev20,long_only,rev20,0.0,0.0,G00__mom_255_21__top50__weekly__long_only,delta_vs_same_scenario_G00,annualized_l1_turnover,12.487943838907636
G21,G21__mom_255_21__top50__weekly__long_only__rev20,long_only,rev20,5.0,0.0,G00__mom_255_21__top50__weekly__long_only,delta_vs_same_scenario_G00,cagr,-0.0022266785746115902
G21,G21__mom_255_21__top50__weekly__long_only__rev20,long_only,rev20,5.0,0.0,G00__mom_255_21__top50__weekly__long_only,delta_vs_same_scenario_G00,sharpe_excess_rf,-0.07696113347936273
G21,G21__mom_255_21__top50__weekly__long_only__rev20,long_only,rev20,5.0,0.0,G00__mom_255_21__top50__weekly__long_only,delta_vs_same_scenario_G00,max_drawdown,-0.2284748737681751
G21,G21__mom_255_21__top50__weekly__long_only__rev20,long_only,rev20,5.0,0.0,G00__mom_255_21__top50__weekly__long_only,delta_vs_same_scenario_G00,annualized_volatility,0.05888215828017468
G21,G21__mom_255_21__top50__weekly__long_only__rev20,long_only,rev20,5.0,0.0,G00__mom_255_21__top50__weekly__long_only,delta_vs_same_scenario_G00,annualized_l1_turnover,12.487943838907636
G21,G21__mom_255_21__top50__weekly__long_only__rev20,long_only,rev20,10.0,0.0,G00__mom_255_21__top50__weekly__long_only,delta_vs_same_scenario_G00,cagr,-0.00938108836153545
G21,G21__mom_255_21__top50__weekly__long_only__rev20,long_only,rev20,10.0,0.0,G00__mom_255_21__top50__weekly__long_only,delta_vs_same_scenario_G00,sharpe_excess_rf,-0.09102049683678703
G21,G21__mom_255_21__top50__weekly__long_only__rev20,long_only,rev20,10.0,0.0,G00__mom_255_21__top50__weekly__long_only,delta_vs_same_scenario_G00,max_drawdown,-0.2287845816980666
G21,G21__mom_255_21__top50__weekly__long_only__rev20,long_only,rev20,10.0,0.0,G00__mom_255_21__top50__weekly__long_only,delta_vs_same_scenario_G00,annualized_volatility,0.05887012035252642
G21,G21__mom_255_21__top50__weekly__long_only__rev20,long_only,rev20,10.0,0.0,G00__mom_255_21__top50__weekly__long_only,delta_vs_same_scenario_G00,annualized_l1_turnover,12.487943838907636
G21,G21__mom_255_21__top50__weekly__long_only__rev20,long_only,rev20,20.0,0.0,G00__mom_255_21__top50__weekly__long_only,delta_vs_same_scenario_G00,cagr,-0.02322221844696945
G21,G21__mom_255_21__top50__weekly__long_only__rev20,long_only,rev20,20.0,0.0,G00__mom_255_21__top50__weekly__long_only,delta_vs_same_scenario_G00,sharpe_excess_rf,-0.1191943831041723
G21,G21__mom_255_21__top50__weekly__long_only__rev20,long_only,rev20,20.0,0.0,G00__mom_255_21__top50__weekly__long_only,delta_vs_same_scenario_G00,max_drawdown,-0.21719932690545124
G21,G21__mom_255_21__top50__weekly__long_only__rev20,long_only,rev20,20.0,0.0,G00__mom_255_21__top50__weekly__long_only,delta_vs_same_scenario_G00,annualized_volatility,0.05888882887688096
G21,G21__mom_255_21__top50__weekly__long_only__rev20,long_only,rev20,20.0,0.0,G00__mom_255_21__top50__weekly__long_only,delta_vs_same_scenario_G00,annualized_l1_turnover,12.487943838907636
G21,G21__mom_255_21__top50__weekly__long_only__rev5,long_only,rev5,0.0,0.0,G00__mom_255_21__top50__weekly__long_only,delta_vs_same_scenario_G00,cagr,0.014416418995916891
G21,G21__mom_255_21__top50__weekly__long_only__rev5,long_only,rev5,0.0,0.0,G00__mom_255_21__top50__weekly__long_only,delta_vs_same_scenario_G00,sharpe_excess_rf,-0.024533800640792025
G21,G21__mom_255_21__top50__weekly__long_only__rev5,long_only,rev5,0.0,0.0,G00__mom_255_21__top50__weekly__long_only,delta_vs_same_scenario_G00,max_drawdown,-0.22962367250277754
G21,G21__mom_255_21__top50__weekly__long_only__rev5,long_only,rev5,0.0,0.0,G00__mom_255_21__top50__weekly__long_only,delta_vs_same_scenario_G00,annualized_volatility,0.048911956093907666
G21,G21__mom_255_21__top50__weekly__long_only__rev5,long_only,rev5,0.0,0.0,G00__mom_255_21__top50__weekly__long_only,delta_vs_same_scenario_G00,annualized_l1_turnover,22.196546890685994
G21,G21__mom_255_21__top50__weekly__long_only__rev5,long_only,rev5,5.0,0.0,G00__mom_255_21__top50__weekly__long_only,delta_vs_same_scenario_G00,cagr,0.0013000448588177116
G21,G21__mom_255_21__top50__weekly__long_only__rev5,long_only,rev5,5.0,0.0,G00__mom_255_21__top50__weekly__long_only,delta_vs_same_scenario_G00,sharpe_excess_rf,-0.056917018197720104
G21,G21__mom_255_21__top50__weekly__long_only__rev5,long_only,rev5,5.0,0.0,G00__mom_255_21__top50__weekly__long_only,delta_vs_same_scenario_G00,max_drawdown,-0.230160061869349
G21,G21__mom_255_21__top50__weekly__long_only__rev5,long_only,rev5,5.0,0.0,G00__mom_255_21__top50__weekly__long_only,delta_vs_same_scenario_G00,annualized_volatility,0.04880151495317858
G21,G21__mom_255_21__top50__weekly__long_only__rev5,long_only,rev5,5.0,0.0,G00__mom_255_21__top50__weekly__long_only,delta_vs_same_scenario_G00,annualized_l1_turnover,22.196546890685994
G21,G21__mom_255_21__top50__weekly__long_only__rev5,long_only,rev5,10.0,0.0,G00__mom_255_21__top50__weekly__long_only,delta_vs_same_scenario_G00,cagr,-0.01147183159064874
G21,G21__mom_255_21__top50__weekly__long_only__rev5,long_only,rev5,10.0,0.0,G00__mom_255_21__top50__weekly__long_only,delta_vs_same_scenario_G00,sharpe_excess_rf,-0.08940565552805124
G21,G21__mom_255_21__top50__weekly__long_only__rev5,long_only,rev5,10.0,0.0,G00__mom_255_21__top50__weekly__long_only,delta_vs_same_scenario_G00,max_drawdown,-0.2306944580078828
G21,G21__mom_255_21__top50__weekly__long_only__rev5,long_only,rev5,10.0,0.0,G00__mom_255_21__top50__weekly__long_only,delta_vs_same_scenario_G00,annualized_volatility,0.0487262253386217
G21,G21__mom_255_21__top50__weekly__long_only__rev5,long_only,rev5,10.0,0.0,G00__mom_255_21__top50__weekly__long_only,delta_vs_same_scenario_G00,annualized_l1_turnover,22.196546890685994
G21,G21__mom_255_21__top50__weekly__long_only__rev5,long_only,rev5,20.0,0.0,G00__mom_255_21__top50__weekly__long_only,delta_vs_same_scenario_G00,cagr,-0.036009756004254684
G21,G21__mom_255_21__top50__weekly__long_only__rev5,long_only,rev5,20.0,0.0,G00__mom_255_21__top50__weekly__long_only,delta_vs_same_scenario_G00,sharpe_excess_rf,-0.1545967343091061
G21,G21__mom_255_21__top50__weekly__long_only__rev5,long_only,rev5,20.0,0.0,G00__mom_255_21__top50__weekly__long_only,delta_vs_same_scenario_G00,max_drawdown,-0.23303164941974147
G21,G21__mom_255_21__top50__weekly__long_only__rev5,long_only,rev5,20.0,0.0,G00__mom_255_21__top50__weekly__long_only,delta_vs_same_scenario_G00,annualized_volatility,0.04868116920870591
G21,G21__mom_255_21__top50__weekly__long_only__rev5,long_only,rev5,20.0,0.0,G00__mom_255_21__top50__weekly__long_only,delta_vs_same_scenario_G00,annualized_l1_turnover,22.196546890685994
G21,G21__mom_255_21__top50__weekly__long_short__rev20,long_short,rev20,0.0,0.0,G00__mom_255_21__top50__weekly__long_short,delta_vs_same_scenario_G00,cagr,0.031893070882574495
G21,G21__mom_255_21__top50__weekly__long_short__rev20,long_short,rev20,0.0,0.0,G00__mom_255_21__top50__weekly__long_short,delta_vs_same_scenario_G00,sharpe_excess_rf,0.21164548203566255
G21,G21__mom_255_21__top50__weekly__long_short__rev20,long_short,rev20,0.0,0.0,G00__mom_255_21__top50__weekly__long_short,delta_vs_same_scenario_G00,max_drawdown,0.11125867746487894
G21,G21__mom_255_21__top50__weekly__long_short__rev20,long_short,rev20,0.0,0.0,G00__mom_255_21__top50__weekly__long_short,delta_vs_same_scenario_G00,annualized_volatility,-0.0034436200778564796
G21,G21__mom_255_21__top50__weekly__long_short__rev20,long_short,rev20,0.0,0.0,G00__mom_255_21__top50__weekly__long_short,delta_vs_same_scenario_G00,annualized_l1_turnover,12.872240693902448
G21,G21__mom_255_21__top50__weekly__long_short__rev20,long_short,rev20,0.0,0.01,G00__mom_255_21__top50__weekly__long_short,delta_vs_same_scenario_G00,cagr,0.03174217176680413
G21,G21__mom_255_21__top50__weekly__long_short__rev20,long_short,rev20,0.0,0.01,G00__mom_255_21__top50__weekly__long_short,delta_vs_same_scenario_G00,sharpe_excess_rf,0.21086334077799565
G21,G21__mom_255_21__top50__weekly__long_short__rev20,long_short,rev20,0.0,0.01,G00__mom_255_21__top50__weekly__long_short,delta_vs_same_scenario_G00,max_drawdown,0.11690757458809076
G21,G21__mom_255_21__top50__weekly__long_short__rev20,long_short,rev20,0.0,0.01,G00__mom_255_21__top50__weekly__long_short,delta_vs_same_scenario_G00,annualized_volatility,-0.0034459113209638903
G21,G21__mom_255_21__top50__weekly__long_short__rev20,long_short,rev20,0.0,0.01,G00__mom_255_21__top50__weekly__long_short,delta_vs_same_scenario_G00,annualized_l1_turnover,12.872825978718694
G21,G21__mom_255_21__top50__weekly__long_short__rev20,long_short,rev20,0.0,0.03,G00__mom_255_21__top50__weekly__long_short,delta_vs_same_scenario_G00,cagr,0.031446817578018996
G21,G21__mom_255_21__top50__weekly__long_short__rev20,long_short,rev20,0.0,0.03,G00__mom_255_21__top50__weekly__long_short,delta_vs_same_scenario_G00,sharpe_excess_rf,0.2093190286664819
G21,G21__mom_255_21__top50__weekly__long_short__rev20,long_short,rev20,0.0,0.03,G00__mom_255_21__top50__weekly__long_short,delta_vs_same_scenario_G00,max_drawdown,0.12856430973823546
G21,G21__mom_255_21__top50__weekly__long_short__rev20,long_short,rev20,0.0,0.03,G00__mom_255_21__top50__weekly__long_short,delta_vs_same_scenario_G00,annualized_volatility,-0.0034504266991656207
G21,G21__mom_255_21__top50__weekly__long_short__rev20,long_short,rev20,0.0,0.03,G00__mom_255_21__top50__weekly__long_short,delta_vs_same_scenario_G00,annualized_l1_turnover,12.873979434398109
G21,G21__mom_255_21__top50__weekly__long_short__rev20,long_short,rev20,5.0,0.0,G00__mom_255_21__top50__weekly__long_short,delta_vs_same_scenario_G00,cagr,0.024779086917995824
G21,G21__mom_255_21__top50__weekly__long_short__rev20,long_short,rev20,5.0,0.0,G00__mom_255_21__top50__weekly__long_short,delta_vs_same_scenario_G00,sharpe_excess_rf,0.16498970569933546
G21,G21__mom_255_21__top50__weekly__long_short__rev20,long_short,rev20,5.0,0.0,G00__mom_255_21__top50__weekly__long_short,delta_vs_same_scenario_G00,max_drawdown,0.11978973694804435
G21,G21__mom_255_21__top50__weekly__long_short__rev20,long_short,rev20,5.0,0.0,G00__mom_255_21__top50__weekly__long_short,delta_vs_same_scenario_G00,annualized_volatility,-0.003450510286537034
G21,G21__mom_255_21__top50__weekly__long_short__rev20,long_short,rev20,5.0,0.0,G00__mom_255_21__top50__weekly__long_short,delta_vs_same_scenario_G00,annualized_l1_turnover,12.872240693902448
G21,G21__mom_255_21__top50__weekly__long_short__rev20,long_short,rev20,5.0,0.01,G00__mom_255_21__top50__weekly__long_short,delta_vs_same_scenario_G00,cagr,0.024663084087756894
G21,G21__mom_255_21__top50__weekly__long_short__rev20,long_short,rev20,5.0,0.01,G00__mom_255_21__top50__weekly__long_short,delta_vs_same_scenario_G00,sharpe_excess_rf,0.1642063273491351
G21,G21__mom_255_21__top50__weekly__long_short__rev20,long_short,rev20,5.0,0.01,G00__mom_255_21__top50__weekly__long_short,delta_vs_same_scenario_G00,max_drawdown,0.12534229078414427
G21,G21__mom_255_21__top50__weekly__long_short__rev20,long_short,rev20,5.0,0.01,G00__mom_255_21__top50__weekly__long_short,delta_vs_same_scenario_G00,annualized_volatility,-0.0034528104471337473
G21,G21__mom_255_21__top50__weekly__long_short__rev20,long_short,rev20,5.0,0.01,G00__mom_255_21__top50__weekly__long_short,delta_vs_same_scenario_G00,annualized_l1_turnover,12.872825978718694
G21,G21__mom_255_21__top50__weekly__long_short__rev20,long_short,rev20,5.0,0.03,G00__mom_255_21__top50__weekly__long_short,delta_vs_same_scenario_G00,cagr,0.02443601161874145
G21,G21__mom_255_21__top50__weekly__long_short__rev20,long_short,rev20,5.0,0.03,G00__mom_255_21__top50__weekly__long_short,delta_vs_same_scenario_G00,sharpe_excess_rf,0.16265956816508292
G21,G21__mom_255_21__top50__weekly__long_short__rev20,long_short,rev20,5.0,0.03,G00__mom_255_21__top50__weekly__long_short,delta_vs_same_scenario_G00,max_drawdown,0.14094651293824412
G21,G21__mom_255_21__top50__weekly__long_short__rev20,long_short,rev20,5.0,0.03,G00__mom_255_21__top50__weekly__long_short,delta_vs_same_scenario_G00,annualized_volatility,-0.0034573436195417806
G21,G21__mom_255_21__top50__weekly__long_short__rev20,long_short,rev20,5.0,0.03,G00__mom_255_21__top50__weekly__long_short,delta_vs_same_scenario_G00,annualized_l1_turnover,12.873979434398109
G21,G21__mom_255_21__top50__weekly__long_short__rev20,long_short,rev20,10.0,0.0,G00__mom_255_21__top50__weekly__long_short,delta_vs_same_scenario_G00,cagr,0.017815559304048857
G21,G21__mom_255_21__top50__weekly__long_short__rev20,long_short,rev20,10.0,0.0,G00__mom_255_21__top50__weekly__long_short,delta_vs_same_scenario_G00,sharpe_excess_rf,0.11829647004625041
G21,G21__mom_255_21__top50__weekly__long_short__rev20,long_short,rev20,10.0,0.0,G00__mom_255_21__top50__weekly__long_short,delta_vs_same_scenario_G00,max_drawdown,0.12890194694171792
G21,G21__mom_255_21__top50__weekly__long_short__rev20,long_short,rev20,10.0,0.0,G00__mom_255_21__top50__weekly__long_short,delta_vs_same_scenario_G00,annualized_volatility,-0.003424365845456495
G21,G21__mom_255_21__top50__weekly__long_short__rev20,long_short,rev20,10.0,0.0,G00__mom_255_21__top50__weekly__long_short,delta_vs_same_scenario_G00,annualized_l1_turnover,12.872240693902448
G21,G21__mom_255_21__top50__weekly__long_short__rev20,long_short,rev20,10.0,0.01,G00__mom_255_21__top50__weekly__long_short,delta_vs_same_scenario_G00,cagr,0.017733723160448286
G21,G21__mom_255_21__top50__weekly__long_short__rev20,long_short,rev20,10.0,0.01,G00__mom_255_21__top50__weekly__long_short,delta_vs_same_scenario_G00,sharpe_excess_rf,0.11752005418613859
G21,G21__mom_255_21__top50__weekly__long_short__rev20,long_short,rev20,10.0,0.01,G00__mom_255_21__top50__weekly__long_short,delta_vs_same_scenario_G00,max_drawdown,0.13713298754807618
G21,G21__mom_255_21__top50__weekly__long_short__rev20,long_short,rev20,10.0,0.01,G00__mom_255_21__top50__weekly__long_short,delta_vs_same_scenario_G00,annualized_volatility,-0.003426674391559581
G21,G21__mom_255_21__top50__weekly__long_short__rev20,long_short,rev20,10.0,0.01,G00__mom_255_21__top50__weekly__long_short,delta_vs_same_scenario_G00,annualized_l1_turnover,12.872825978718694
G21,G21__mom_255_21__top50__weekly__long_short__rev20,long_short,rev20,10.0,0.03,G00__mom_255_21__top50__weekly__long_short,delta_vs_same_scenario_G00,cagr,0.01757350484072072
G21,G21__mom_255_21__top50__weekly__long_short__rev20,long_short,rev20,10.0,0.03,G00__mom_255_21__top50__weekly__long_short,delta_vs_same_scenario_G00,sharpe_excess_rf,0.1159870048138687
G21,G21__mom_255_21__top50__weekly__long_short__rev20,long_short,rev20,10.0,0.03,G00__mom_255_21__top50__weekly__long_short,delta_vs_same_scenario_G00,max_drawdown,0.1507203829050504
G21,G21__mom_255_21__top50__weekly__long_short__rev20,long_short,rev20,10.0,0.03,G00__mom_255_21__top50__weekly__long_short,delta_vs_same_scenario_G00,annualized_volatility,-0.0034312243043903567
G21,G21__mom_255_21__top50__weekly__long_short__rev20,long_short,rev20,10.0,0.03,G00__mom_255_21__top50__weekly__long_short,delta_vs_same_scenario_G00,annualized_l1_turnover,12.873979434398109
G21,G21__mom_255_21__top50__weekly__long_short__rev20,long_short,rev20,20.0,0.0,G00__mom_255_21__top50__weekly__long_short,delta_vs_same_scenario_G00,cagr,0.004330230662730949
G21,G21__mom_255_21__top50__weekly__long_short__rev20,long_short,rev20,20.0,0.0,G00__mom_255_21__top50__weekly__long_short,delta_vs_same_scenario_G00,sharpe_excess_rf,0.025112585503963204
G21,G21__mom_255_21__top50__weekly__long_short__rev20,long_short,rev20,20.0,0.0,G00__mom_255_21__top50__weekly__long_short,delta_vs_same_scenario_G00,max_drawdown,0.13595077884067047
G21,G21__mom_255_21__top50__weekly__long_short__rev20,long_short,rev20,20.0,0.0,G00__mom_255_21__top50__weekly__long_short,delta_vs_same_scenario_G00,annualized_volatility,-0.003273225745709263
G21,G21__mom_255_21__top50__weekly__long_short__rev20,long_short,rev20,20.0,0.0,G00__mom_255_21__top50__weekly__long_short,delta_vs_same_scenario_G00,annualized_l1_turnover,12.872240693902448
G21,G21__mom_255_21__top50__weekly__long_short__rev20,long_short,rev20,20.0,0.01,G00__mom_255_21__top50__weekly__long_short,delta_vs_same_scenario_G00,cagr,0.004314585285500217
G21,G21__mom_255_21__top50__weekly__long_short__rev20,long_short,rev20,20.0,0.01,G00__mom_255_21__top50__weekly__long_short,delta_vs_same_scenario_G00,sharpe_excess_rf,0.0243744958788659
G21,G21__mom_255_21__top50__weekly__long_short__rev20,long_short,rev20,20.0,0.01,G00__mom_255_21__top50__weekly__long_short,delta_vs_same_scenario_G00,max_drawdown,0.13492642058536503
G21,G21__mom_255_21__top50__weekly__long_short__rev20,long_short,rev20,20.0,0.01,G00__mom_255_21__top50__weekly__long_short,delta_vs_same_scenario_G00,annualized_volatility,-0.0032755494643716687
G21,G21__mom_255_21__top50__weekly__long_short__rev20,long_short,rev20,20.0,0.01,G00__mom_255_21__top50__weekly__long_short,delta_vs_same_scenario_G00,annualized_l1_turnover,12.872825978718694
G21,G21__mom_255_21__top50__weekly__long_short__rev20,long_short,rev20,20.0,0.03,G00__mom_255_21__top50__weekly__long_short,delta_vs_same_scenario_G00,cagr,0.004283882928143492
G21,G21__mom_255_21__top50__weekly__long_short__rev20,long_short,rev20,20.0,0.03,G00__mom_255_21__top50__weekly__long_short,delta_vs_same_scenario_G00,sharpe_excess_rf,0.022916948013435537
G21,G21__mom_255_21__top50__weekly__long_short__rev20,long_short,rev20,20.0,0.03,G00__mom_255_21__top50__weekly__long_short,delta_vs_same_scenario_G00,max_drawdown,0.13287616855551504
G21,G21__mom_255_21__top50__weekly__long_short__rev20,long_short,rev20,20.0,0.03,G00__mom_255_21__top50__weekly__long_short,delta_vs_same_scenario_G00,annualized_volatility,-0.003280129690488326
G21,G21__mom_255_21__top50__weekly__long_short__rev20,long_short,rev20,20.0,0.03,G00__mom_255_21__top50__weekly__long_short,delta_vs_same_scenario_G00,annualized_l1_turnover,12.873979434398109
G21,G21__mom_255_21__top50__weekly__long_short__rev5,long_short,rev5,0.0,0.0,G00__mom_255_21__top50__weekly__long_short,delta_vs_same_scenario_G00,cagr,0.041177120545556736
G21,G21__mom_255_21__top50__weekly__long_short__rev5,long_short,rev5,0.0,0.0,G00__mom_255_21__top50__weekly__long_short,delta_vs_same_scenario_G00,sharpe_excess_rf,0.28374947579782805
G21,G21__mom_255_21__top50__weekly__long_short__rev5,long_short,rev5,0.0,0.0,G00__mom_255_21__top50__weekly__long_short,delta_vs_same_scenario_G00,max_drawdown,0.12347955977600111
G21,G21__mom_255_21__top50__weekly__long_short__rev5,long_short,rev5,0.0,0.0,G00__mom_255_21__top50__weekly__long_short,delta_vs_same_scenario_G00,annualized_volatility,-0.00847369080950644
G21,G21__mom_255_21__top50__weekly__long_short__rev5,long_short,rev5,0.0,0.0,G00__mom_255_21__top50__weekly__long_short,delta_vs_same_scenario_G00,annualized_l1_turnover,21.992948176782058
G21,G21__mom_255_21__top50__weekly__long_short__rev5,long_short,rev5,0.0,0.01,G00__mom_255_21__top50__weekly__long_short,delta_vs_same_scenario_G00,cagr,0.04098053151699318
G21,G21__mom_255_21__top50__weekly__long_short__rev5,long_short,rev5,0.0,0.01,G00__mom_255_21__top50__weekly__long_short,delta_vs_same_scenario_G00,sharpe_excess_rf,0.28168170050521346
G21,G21__mom_255_21__top50__weekly__long_short__rev5,long_short,rev5,0.0,0.01,G00__mom_255_21__top50__weekly__long_short,delta_vs_same_scenario_G00,max_drawdown,0.12912583601312833
G21,G21__mom_255_21__top50__weekly__long_short__rev5,long_short,rev5,0.0,0.01,G00__mom_255_21__top50__weekly__long_short,delta_vs_same_scenario_G00,annualized_volatility,-0.008475896924235476
G21,G21__mom_255_21__top50__weekly__long_short__rev5,long_short,rev5,0.0,0.01,G00__mom_255_21__top50__weekly__long_short,delta_vs_same_scenario_G00,annualized_l1_turnover,21.993935587292803
G21,G21__mom_255_21__top50__weekly__long_short__rev5,long_short,rev5,0.0,0.03,G00__mom_255_21__top50__weekly__long_short,delta_vs_same_scenario_G00,cagr,0.040595762849294406
G21,G21__mom_255_21__top50__weekly__long_short__rev5,long_short,rev5,0.0,0.03,G00__mom_255_21__top50__weekly__long_short,delta_vs_same_scenario_G00,sharpe_excess_rf,0.2776042458844387
G21,G21__mom_255_21__top50__weekly__long_short__rev5,long_short,rev5,0.0,0.03,G00__mom_255_21__top50__weekly__long_short,delta_vs_same_scenario_G00,max_drawdown,0.13445817481400718
G21,G21__mom_255_21__top50__weekly__long_short__rev5,long_short,rev5,0.0,0.03,G00__mom_255_21__top50__weekly__long_short,delta_vs_same_scenario_G00,annualized_volatility,-0.008480243197684811
G21,G21__mom_255_21__top50__weekly__long_short__rev5,long_short,rev5,0.0,0.03,G00__mom_255_21__top50__weekly__long_short,delta_vs_same_scenario_G00,annualized_l1_turnover,21.995879493604562
G21,G21__mom_255_21__top50__weekly__long_short__rev5,long_short,rev5,5.0,0.0,G00__mom_255_21__top50__weekly__long_short,delta_vs_same_scenario_G00,cagr,0.02905410825503066
G21,G21__mom_255_21__top50__weekly__long_short__rev5,long_short,rev5,5.0,0.0,G00__mom_255_21__top50__weekly__long_short,delta_vs_same_scenario_G00,sharpe_excess_rf,0.20020933477507646
G21,G21__mom_255_21__top50__weekly__long_short__rev5,long_short,rev5,5.0,0.0,G00__mom_255_21__top50__weekly__long_short,delta_vs_same_scenario_G00,max_drawdown,0.12548744807196138
G21,G21__mom_255_21__top50__weekly__long_short__rev5,long_short,rev5,5.0,0.0,G00__mom_255_21__top50__weekly__long_short,delta_vs_same_scenario_G00,annualized_volatility,-0.008583603201854889
G21,G21__mom_255_21__top50__weekly__long_short__rev5,long_short,rev5,5.0,0.0,G00__mom_255_21__top50__weekly__long_short,delta_vs_same_scenario_G00,annualized_l1_turnover,21.992948176782058
G21,G21__mom_255_21__top50__weekly__long_short__rev5,long_short,rev5,5.0,0.01,G00__mom_255_21__top50__weekly__long_short,delta_vs_same_scenario_G00,cagr,0.028917031171204845
G21,G21__mom_255_21__top50__weekly__long_short__rev5,long_short,rev5,5.0,0.01,G00__mom_255_21__top50__weekly__long_short,delta_vs_same_scenario_G00,sharpe_excess_rf,0.19811467631438873
G21,G21__mom_255_21__top50__weekly__long_short__rev5,long_short,rev5,5.0,0.01,G00__mom_255_21__top50__weekly__long_short,delta_vs_same_scenario_G00,max_drawdown,0.12498177040500158
G21,G21__mom_255_21__top50__weekly__long_short__rev5,long_short,rev5,5.0,0.01,G00__mom_255_21__top50__weekly__long_short,delta_vs_same_scenario_G00,annualized_volatility,-0.008585815982919881
G21,G21__mom_255_21__top50__weekly__long_short__rev5,long_short,rev5,5.0,0.01,G00__mom_255_21__top50__weekly__long_short,delta_vs_same_scenario_G00,annualized_l1_turnover,21.993935587292803
G21,G21__mom_255_21__top50__weekly__long_short__rev5,long_short,rev5,5.0,0.03,G00__mom_255_21__top50__weekly__long_short,delta_vs_same_scenario_G00,cagr,0.028648710622698716
G21,G21__mom_255_21__top50__weekly__long_short__rev5,long_short,rev5,5.0,0.03,G00__mom_255_21__top50__weekly__long_short,delta_vs_same_scenario_G00,sharpe_excess_rf,0.19398425450225049
G21,G21__mom_255_21__top50__weekly__long_short__rev5,long_short,rev5,5.0,0.03,G00__mom_255_21__top50__weekly__long_short,delta_vs_same_scenario_G00,max_drawdown,0.1288043111295184
G21,G21__mom_255_21__top50__weekly__long_short__rev5,long_short,rev5,5.0,0.03,G00__mom_255_21__top50__weekly__long_short,delta_vs_same_scenario_G00,annualized_volatility,-0.008590175785581938
G21,G21__mom_255_21__top50__weekly__long_short__rev5,long_short,rev5,5.0,0.03,G00__mom_255_21__top50__weekly__long_short,delta_vs_same_scenario_G00,annualized_l1_turnover,21.995879493604562
G21,G21__mom_255_21__top50__weekly__long_short__rev5,long_short,rev5,10.0,0.0,G00__mom_255_21__top50__weekly__long_short,delta_vs_same_scenario_G00,cagr,0.01723937122441597
G21,G21__mom_255_21__top50__weekly__long_short__rev5,long_short,rev5,10.0,0.0,G00__mom_255_21__top50__weekly__long_short,delta_vs_same_scenario_G00,sharpe_excess_rf,0.11637786849463666
G21,G21__mom_255_21__top50__weekly__long_short__rev5,long_short,rev5,10.0,0.0,G00__mom_255_21__top50__weekly__long_short,delta_vs_same_scenario_G00,max_drawdown,0.11658228959080802
G21,G21__mom_255_21__top50__weekly__long_short__rev5,long_short,rev5,10.0,0.0,G00__mom_255_21__top50__weekly__long_short,delta_vs_same_scenario_G00,annualized_volatility,-0.008618206701407172
G21,G21__mom_255_21__top50__weekly__long_short__rev5,long_short,rev5,10.0,0.0,G00__mom_255_21__top50__weekly__long_short,delta_vs_same_scenario_G00,annualized_l1_turnover,21.992948176782058
G21,G21__mom_255_21__top50__weekly__long_short__rev5,long_short,rev5,10.0,0.01,G00__mom_255_21__top50__weekly__long_short,delta_vs_same_scenario_G00,cagr,0.017160309657188497
G21,G21__mom_255_21__top50__weekly__long_short__rev5,long_short,rev5,10.0,0.01,G00__mom_255_21__top50__weekly__long_short,delta_vs_same_scenario_G00,sharpe_excess_rf,0.11427649971630224
G21,G21__mom_255_21__top50__weekly__long_short__rev5,long_short,rev5,10.0,0.01,G00__mom_255_21__top50__weekly__long_short,delta_vs_same_scenario_G00,max_drawdown,0.1189230636587551
G21,G21__mom_255_21__top50__weekly__long_short__rev5,long_short,rev5,10.0,0.01,G00__mom_255_21__top50__weekly__long_short,delta_vs_same_scenario_G00,annualized_volatility,-0.008620425735398562
G21,G21__mom_255_21__top50__weekly__long_short__rev5,long_short,rev5,10.0,0.01,G00__mom_255_21__top50__weekly__long_short,delta_vs_same_scenario_G00,annualized_l1_turnover,21.993935587292803
G21,G21__mom_255_21__top50__weekly__long_short__rev5,long_short,rev5,10.0,0.03,G00__mom_255_21__top50__weekly__long_short,delta_vs_same_scenario_G00,cagr,0.017005509158965024
G21,G21__mom_255_21__top50__weekly__long_short__rev5,long_short,rev5,10.0,0.03,G00__mom_255_21__top50__weekly__long_short,delta_vs_same_scenario_G00,sharpe_excess_rf,0.1101328580627096
G21,G21__mom_255_21__top50__weekly__long_short__rev5,long_short,rev5,10.0,0.03,G00__mom_255_21__top50__weekly__long_short,delta_vs_same_scenario_G00,max_drawdown,0.12334064403987754
G21,G21__mom_255_21__top50__weekly__long_short__rev5,long_short,rev5,10.0,0.03,G00__mom_255_21__top50__weekly__long_short,delta_vs_same_scenario_G00,annualized_volatility,-0.008624798253189986
G21,G21__mom_255_21__top50__weekly__long_short__rev5,long_short,rev5,10.0,0.03,G00__mom_255_21__top50__weekly__long_short,delta_vs_same_scenario_G00,annualized_l1_turnover,21.995879493604562
G21,G21__mom_255_21__top50__weekly__long_short__rev5,long_short,rev5,20.0,0.0,G00__mom_255_21__top50__weekly__long_short,delta_vs_same_scenario_G00,cagr,-0.005489488769873008
G21,G21__mom_255_21__top50__weekly__long_short__rev5,long_short,rev5,20.0,0.0,G00__mom_255_21__top50__weekly__long_short,delta_vs_same_scenario_G00,sharpe_excess_rf,-0.05118372095736578
G21,G21__mom_255_21__top50__weekly__long_short__rev5,long_short,rev5,20.0,0.0,G00__mom_255_21__top50__weekly__long_short,delta_vs_same_scenario_G00,max_drawdown,0.08078180496054038
G21,G21__mom_255_21__top50__weekly__long_short__rev5,long_short,rev5,20.0,0.0,G00__mom_255_21__top50__weekly__long_short,delta_vs_same_scenario_G00,annualized_volatility,-0.008461692100060286
G21,G21__mom_255_21__top50__weekly__long_short__rev5,long_short,rev5,20.0,0.0,G00__mom_255_21__top50__weekly__long_short,delta_vs_same_scenario_G00,annualized_l1_turnover,21.992948176782058
G21,G21__mom_255_21__top50__weekly__long_short__rev5,long_short,rev5,20.0,0.01,G00__mom_255_21__top50__weekly__long_short,delta_vs_same_scenario_G00,cagr,-0.005456892418845837
G21,G21__mom_255_21__top50__weekly__long_short__rev5,long_short,rev5,20.0,0.01,G00__mom_255_21__top50__weekly__long_short,delta_vs_same_scenario_G00,sharpe_excess_rf,-0.053238207241617985
G21,G21__mom_255_21__top50__weekly__long_short__rev5,long_short,rev5,20.0,0.01,G00__mom_255_21__top50__weekly__long_short,delta_vs_same_scenario_G00,max_drawdown,0.08033311081285527
G21,G21__mom_255_21__top50__weekly__long_short__rev5,long_short,rev5,20.0,0.01,G00__mom_255_21__top50__weekly__long_short,delta_vs_same_scenario_G00,annualized_volatility,-0.008463922425955256
G21,G21__mom_255_21__top50__weekly__long_short__rev5,long_short,rev5,20.0,0.01,G00__mom_255_21__top50__weekly__long_short,delta_vs_same_scenario_G00,annualized_l1_turnover,21.993935587292803
G21,G21__mom_255_21__top50__weekly__long_short__rev5,long_short,rev5,20.0,0.03,G00__mom_255_21__top50__weekly__long_short,delta_vs_same_scenario_G00,cagr,-0.00539320971372784
G21,G21__mom_255_21__top50__weekly__long_short__rev5,long_short,rev5,20.0,0.03,G00__mom_255_21__top50__weekly__long_short,delta_vs_same_scenario_G00,sharpe_excess_rf,-0.057289470499093664
G21,G21__mom_255_21__top50__weekly__long_short__rev5,long_short,rev5,20.0,0.03,G00__mom_255_21__top50__weekly__long_short,delta_vs_same_scenario_G00,max_drawdown,0.07944073980342986
G21,G21__mom_255_21__top50__weekly__long_short__rev5,long_short,rev5,20.0,0.03,G00__mom_255_21__top50__weekly__long_short,delta_vs_same_scenario_G00,annualized_volatility,-0.00846831797913633
G21,G21__mom_255_21__top50__weekly__long_short__rev5,long_short,rev5,20.0,0.03,G00__mom_255_21__top50__weekly__long_short,delta_vs_same_scenario_G00,annualized_l1_turnover,21.995879493604562
