observations,total_return,cagr,annualized_volatility,sharpe_zero_rf,sharpe_excess_rf,sortino,max_drawdown,max_drawdown_duration,calmar,average_l1_turnover,annualized_l1_turnover,total_cost,corporate_action_events_applied,valuation_fallback_count,valuation_fallback_sid_count,unfilled_execution_count,skipped_signed_rebalance_count,average_target_risk_allocation,minimum_target_risk_allocation,maximum_target_risk_allocation,below_full_investment_fraction,leveraged_rebalance_fraction,average_actual_risky_weight,average_long_exposure,average_short_exposure,average_gross_exposure,average_net_exposure,total_short_borrow_fee,factor_id,frequency,top_k,cost_bps,path_type
2134.0,1.4623009238885207,0.11227641716818759,0.19781135864060195,0.637353907885834,0.49640322019805383,0.6945858571508412,-0.39657413706368316,488.0,0.28311583301802123,0.07072961806575727,0.8519372552775186,0.0,57.0,76.0,31.0,5.0,0.0,1.0,1.0,1.0,0.0,0.0,0.9994609344994081,0.9994609344994081,0.0,0.9994609344994081,0.9994609344994081,0.0,XS001_MOM_255_0,monthly,0,0,eligible_ew
2134.0,1.4534344549271156,0.11180270010915105,0.197812109384633,0.6351979998180918,0.4942481556533123,0.6915156851373169,-0.3965893003135912,488.0,0.28191053066925004,0.07072961806575727,0.8519372552775186,0.0053009802279769015,57.0,76.0,31.0,5.0,0.0,1.0,1.0,1.0,0.0,0.0,0.9994609344994081,0.9994609344994081,0.0,0.9994609344994081,0.9994609344994081,0.0,XS001_MOM_255_0,monthly,0,5,eligible_ew
2134.0,1.4445990525981274,0.11132913860950189,0.1978130670477726,0.6330414459313606,0.4920925926224058,0.688445845367165,-0.3966044635634992,488.0,0.2807057127123767,0.07072961806575727,0.8519372552775186,0.010580107879124806,57.0,76.0,31.0,5.0,0.0,1.0,1.0,1.0,0.0,0.0,0.9994609344994081,0.9994609344994081,0.0,0.9994609344994081,0.9994609344994081,0.0,XS001_MOM_255_0,monthly,0,10,eligible_ew
2134.0,1.427021023003272,0.11038248204542733,0.19781560311870713,0.6287264278523571,0.4877799982148448,0.6823071718470463,-0.3966347900633157,488.0,0.27829752913960654,0.07072961806575727,0.8519372552775186,0.021073129852690484,57.0,76.0,31.0,5.0,0.0,1.0,1.0,1.0,0.0,0.0,0.9994609344994081,0.9994609344994081,0.0,0.9994609344994081,0.9994609344994081,0.0,XS001_MOM_255_0,monthly,0,20,eligible_ew
2134.0,1.5534075372431602,0.11705882081529584,0.1994580706146693,0.6552356713151266,0.515444688516153,0.7229919274143145,-0.3999143652645285,488.0,0.29270971733627466,0.030111755164824856,1.5787929062239565,0.0,57.0,76.0,31.0,26.0,0.0,1.0,1.0,1.0,0.0,0.0,0.9998703758105816,0.9998703758105816,0.0,0.9998703758105816,0.9998703758105816,0.0,XS001_MOM_255_0,weekly,0,0,eligible_ew
2134.0,1.5363949729314648,0.11617734333634,0.19945974454524915,0.6512732442373365,0.5114840066150173,0.7173118889368808,-0.40001549850148355,488.0,0.2904321051848173,0.030111755164824856,1.5787929062239565,0.0102672942359599,57.0,76.0,31.0,26.0,0.0,1.0,1.0,1.0,0.0,0.0,0.9998703758105816,0.9998703758105816,0.0,0.9998703758105816,0.9998703758105816,0.0,XS001_MOM_255_0,weekly,0,5,eligible_ew
2134.0,1.5194948721569554,0.11529651512628525,0.19946161473770735,0.6473102467401112,0.5075228912175882,0.7116337491656767,-0.40011661835077383,488.0,0.28815727674976804,0.030111755164824856,1.5787929062239565,0.02045494097173027,57.0,76.0,31.0,26.0,0.0,1.0,1.0,1.0,0.0,0.0,0.9998703758105816,0.9998703758105816,0.0,0.9998703758105816,0.9998703758105816,0.0,XS001_MOM_255_0,weekly,0,10,eligible_ew
2134.0,1.4860291134700323,0.11353680462225113,0.1994659438855976,0.6393825874196206,0.499599406798446,0.7002831775203953,-0.4003188178916467,488.0,0.2836159569520458,0.030111755164824856,1.5787929062239565,0.040593552857109014,57.0,76.0,31.0,26.0,0.0,1.0,1.0,1.0,0.0,0.0,0.9998703758105816,0.9998703758105816,0.0,0.9998703758105816,0.9998703758105816,0.0,XS001_MOM_255_0,weekly,0,20,eligible_ew
2134.0,1.4599470038186029,0.11215079896259117,0.19769335333274674,0.6370446532217786,0.4960100097622943,0.6939539172337381,-0.3965804465429851,488.0,0.2827945753256779,0.0705694646205045,0.8500082092809031,0.0,58.0,76.0,31.0,7.0,0.0,1.0,1.0,1.0,0.0,0.0,0.9994128951657669,0.9994128951657669,0.0,0.9994128951657669,0.9994128951657669,0.0,XS002_MOM_12_1,monthly,0,0,eligible_ew
2134.0,1.4511090318047648,0.11167820767479908,0.19769408729034746,0.6348923778273424,0.4938585650260309,0.6908893046758722,-0.3965962465267625,488.0,0.28159169092706726,0.0705694646205045,0.8500082092809031,0.005289017121031302,58.0,76.0,31.0,7.0,0.0,1.0,1.0,1.0,0.0,0.0,0.9994128951657669,0.9994128951657669,0.0,0.9994128951657669,0.9994128951657669,0.0,XS002_MOM_12_1,monthly,0,5,eligible_ew
2134.0,1.4423019538765978,0.11120577108026763,0.19769502801824368,0.6327394566275892,0.4917066218930617,0.6878250235497545,-0.39661204651053983,488.0,0.28038929240469346,0.0705694646205045,0.8500082092809031,0.010556284315058307,58.0,76.0,31.0,7.0,0.0,1.0,1.0,1.0,0.0,0.0,0.9994128951657669,0.9994128951657669,0.0,0.9994128951657669,0.9994128951657669,0.0,XS002_MOM_12_1,monthly,0,10,eligible_ew
2134.0,1.42478005881981,0.11026136172956691,0.19769752977246685,0.6284317039133362,0.4874012675000158,0.6816974647987422,-0.3966436464780948,488.0,0.2779859521477454,0.0705694646205045,0.8500082092809031,0.021025890992283736,58.0,76.0,31.0,7.0,0.0,1.0,1.0,1.0,0.0,0.0,0.9994128951657669,0.9994128951657669,0.0,0.9994128951657669,0.9994128951657669,0.0,XS002_MOM_12_1,monthly,0,20,eligible_ew
2134.0,1.551657007640892,0.11696835951687001,0.1993186217189555,0.6551479931504677,0.5152592456034469,0.7226335519875051,-0.3998417917129534,488.0,0.29253660307935403,0.030079034706385857,1.5770773360956425,0.0,58.0,76.0,31.0,34.0,0.0,1.0,1.0,1.0,0.0,0.0,0.999834291776703,0.999834291776703,0.0,0.999834291776703,0.999834291776703,0.0,XS002_MOM_12_1,weekly,0,0,eligible_ew
2134.0,1.5346745184998123,0.11608791079872871,0.1993204386775261,0.6511867940538225,0.5112998925970945,0.7169559640792021,-0.39994401389826006,488.0,0.29026040336800685,0.030079034706385857,1.5770773360956425,0.010259775070981737,58.0,76.0,31.0,34.0,0.0,1.0,1.0,1.0,0.0,0.0,0.999834291776703,0.999834291776703,0.0,0.999834291776703,0.999834291776703,0.0,XS002_MOM_12_1,weekly,0,5,eligible_ew
2134.0,1.517804171109709,0.11520810981500484,0.1993224519060884,0.6472250298613127,0.5073401116294017,0.7112802868035614,-0.4000462224089847,488.0,0.28798699590574456,0.030079034706385857,1.5770773360956425,0.02044004956360218,58.0,76.0,31.0,34.0,0.0,1.0,1.0,1.0,0.0,0.0,0.999834291776703,0.999834291776703,0.0,0.999834291776703,0.999834291776703,0.0,XS002_MOM_12_1,weekly,0,10,eligible_ew
2134.0,1.4843969655112423,0.11345044916673674,0.1993270671488202,0.6392998531507254,0.4994193127007243,0.6999346757915129,-0.4002505984121406,488.0,0.2834485435295117,0.030079034706385857,1.5770773360956425,0.04056435098521181,58.0,76.0,31.0,34.0,0.0,1.0,1.0,1.0,0.0,0.0,0.999834291776703,0.999834291776703,0.0,0.999834291776703,0.999834291776703,0.0,XS002_MOM_12_1,weekly,0,20,eligible_ew
2134.0,1.460347658311317,0.11217218758834235,0.19769076262759339,0.6371476769299567,0.4961111530499345,0.6941012153291648,-0.3965127807076534,488.0,0.28289677671461055,0.07049012345925117,0.8490525461089934,0.0,58.0,76.0,31.0,7.0,0.0,1.0,1.0,1.0,0.0,0.0,0.9994128951657669,0.9994128951657669,0.0,0.9994128951657669,0.9994128951657669,0.0,XS003_MOM_12_7,monthly,0,0,eligible_ew
2134.0,1.4515181669397337,0.11170011843273153,0.19769152681113597,0.6349977233463607,0.4939620511290201,0.69103994728916,-0.3965279752871983,488.0,0.28169542981634293,0.07049012345925117,0.8490525461089934,0.0052850701231392586,58.0,76.0,31.0,7.0,0.0,1.0,1.0,1.0,0.0,0.0,0.9994128951657669,0.9994128951657669,0.0,0.9994128951657669,0.9994128951657669,0.0,XS003_MOM_12_7,monthly,0,5,eligible_ew
2134.0,1.4427195040200087,0.11122820355337315,0.19769249762990634,0.6328471249091336,0.4918124516733765,0.6879790101031739,-0.39654316986674354,488.0,0.2804945640363718,0.07049012345925117,0.8490525461089934,0.010548430593377154,58.0,76.0,31.0,7.0,0.0,1.0,1.0,1.0,0.0,0.0,0.9994128951657669,0.9994128951657669,0.0,0.9994128951657669,0.9994128951657669,0.0,XS003_MOM_12_7,monthly,0,10,eligible_ew
2134.0,1.4252142434770207,0.11028483638272357,0.19769505916030558,0.6285440205308434,0.48751178717599936,0.681858137490024,-0.39657355902583336,488.0,0.2780942750031892,0.07049012345925117,0.8490525461089934,0.021010343655236057,58.0,76.0,31.0,7.0,0.0,1.0,1.0,1.0,0.0,0.0,0.9994128951657669,0.9994128951657669,0.0,0.9994128951657669,0.9994128951657669,0.0,XS003_MOM_12_7,monthly,0,20,eligible_ew
2134.0,1.5512503319021107,0.11694733609098962,0.19931834191941938,0.655054179188844,0.5151652464482894,0.7224954061530766,-0.39984179171295364,488.0,0.29248402371842636,0.030099243319319593,1.5781368962099487,0.0,58.0,76.0,31.0,34.0,0.0,1.0,1.0,1.0,0.0,0.0,0.999834291776703,0.999834291776703,0.0,0.999834291776703,0.999834291776703,0.0,XS003_MOM_12_7,weekly,0,0,eligible_ew
2134.0,1.534259179691964,0.11606631266501988,0.19932019218907654,0.651090241453635,0.5112031786258179,0.7168139795126927,-0.3999440138982604,488.0,0.2902064004752059,0.030099243319319593,1.5781368962099487,0.01026315045901861,58.0,76.0,31.0,34.0,0.0,1.0,1.0,1.0,0.0,0.0,0.999834291776703,0.999834291776703,0.0,0.999834291776703,0.999834291776703,0.0,XS003_MOM_12_7,weekly,0,5,eligible_ew
2134.0,1.5173803023900283,0.11518593787443798,0.19932223879714078,0.6471257398724587,0.5072406841372833,0.7111344678868453,-0.4000462224089848,488.0,0.2879315724588404,0.030099243319319593,1.5781368962099487,0.02044671689156439,58.0,76.0,31.0,34.0,0.0,1.0,1.0,1.0,0.0,0.0,0.999834291776703,0.999834291776703,0.0,0.999834291776703,0.999834291776703,0.0,XS003_MOM_12_7,weekly,0,10,eligible_ew
2134.0,1.4839564309492608,0.1134271323114644,0.19932692100371924,0.6391950921851922,0.49931446210284985,0.6997812013742565,-0.40025059841214117,488.0,0.28339028788825843,0.030099243319319593,1.5781368962099487,0.04057735588066668,58.0,76.0,31.0,34.0,0.0,1.0,1.0,1.0,0.0,0.0,0.999834291776703,0.999834291776703,0.0,0.999834291776703,0.999834291776703,0.0,XS003_MOM_12_7,weekly,0,20,eligible_ew
2134.0,1.4625880172044967,0.11229173080986588,0.19782609405620066,0.6373907193921915,0.4964505906551223,0.6946523309584817,-0.3965741370636833,488.0,0.283154447844978,0.07073253583071497,0.8519723997154159,0.0,57.0,76.0,31.0,5.0,0.0,1.0,1.0,1.0,0.0,0.0,0.9994610019855843,0.9994610019855843,0.0,0.9994610019855843,0.9994610019855843,0.0,XS004_HIGH_52W,monthly,0,0,eligible_ew
2134.0,1.453720149271724,0.11181798768886386,0.1978268561102262,0.6352348577998043,0.4942955801958299,0.6915822371218081,-0.3965893003135911,488.0,0.2819490783045512,0.07073253583071497,0.8519723997154159,0.0053008155191953754,57.0,76.0,31.0,5.0,0.0,1.0,1.0,1.0,0.0,0.0,0.9994610019855843,0.9994610019855843,0.0,0.9994610019855843,0.9994610019855843,0.0,XS004_HIGH_52W,monthly,0,5,eligible_ew
2134.0,1.444883354119645,0.11134440014044333,0.19782782509180544,0.633078350617132,0.4921400714631918,0.6885124758824248,-0.39660446356349977,488.0,0.28074419319442717,0.07073253583071497,0.8519723997154159,0.010579777860274987,57.0,76.0,31.0,5.0,0.0,1.0,1.0,1.0,0.0,0.0,0.9994610019855843,0.9994610019855843,0.0,0.9994610019855843,0.9994610019855843,0.0,XS004_HIGH_52W,monthly,0,10,eligible_ew
2134.0,1.4273025572231917,0.11039769151840173,0.19783038382481294,0.6287634266317325,0.48782758628971395,0.6823739604789214,-0.3966347900633159,488.0,0.27833587543033894,0.07073253583071497,0.8519723997154159,0.02107246744060066,57.0,76.0,31.0,5.0,0.0,1.0,1.0,1.0,0.0,0.0,0.9994610019855843,0.9994610019855843,0.0,0.9994610019855843,0.9994610019855843,0.0,XS004_HIGH_52W,monthly,0,20,eligible_ew
2134.0,1.554122169073605,0.11709573478888435,0.199454936761249,0.6554100307183935,0.5156167636182927,0.7231575242327544,-0.400033944581614,488.0,0.29271449679439576,0.030111071441466394,1.578757057845732,0.0,57.0,76.0,31.0,26.0,0.0,1.0,1.0,1.0,0.0,0.0,0.9998703793863448,0.9998703793863448,0.0,0.9998703793863448,0.9998703793863448,0.0,XS004_HIGH_52W,weekly,0,0,eligible_ew
2134.0,1.5371052284974795,0.11621424818854287,0.19945670975858137,0.6514474249566936,0.5116559730233596,0.7174775169782216,-0.4001357488382764,488.0,0.29043705423959354,0.030111071441466394,1.578757057845732,0.010267939470783638,57.0,76.0,31.0,26.0,0.0,1.0,1.0,1.0,0.0,0.0,0.9998703793863448,0.9998703793863448,0.0,0.9998703793863448,0.9998703793863448,0.0,XS004_HIGH_52W,weekly,0,5,eligible_ew
2134.0,1.5202007778179132,0.11533341084779969,0.19945867899758954,0.6474842526008087,0.5076947527442164,0.7117994207086127,-0.40023753952624974,488.0,0.28816240221823447,0.030111071441466394,1.578757057845732,0.02045622189042241,57.0,76.0,31.0,26.0,0.0,1.0,1.0,1.0,0.0,0.0,0.9998703793863448,0.9998703793863448,0.0,0.9998703793863448,0.9998703793863448,0.0,XS004_HIGH_52W,weekly,0,10,eligible_ew
2134.0,1.4867263977757053,0.11357368205454144,0.19946320617680477,0.6395562550433284,0.499771070000015,0.7004489727721869,-0.4004410802015198,488.0,0.2836214556143593,0.030111071441466394,1.578757057845732,0.04059607682936757,57.0,76.0,31.0,26.0,0.0,1.0,1.0,1.0,0.0,0.0,0.9998703793863448,0.9998703793863448,0.0,0.9998703793863448,0.9998703793863448,0.0,XS004_HIGH_52W,weekly,0,20,eligible_ew
2134.0,1.472880832164042,0.11283971517548075,0.1977238624478622,0.6401127990379722,0.49909972766165894,0.6982485696426312,-0.39674455477954995,488.0,0.28441402362328533,0.0706697137358137,0.8512157084654897,0.0,58.0,76.0,31.0,5.0,0.0,1.0,1.0,1.0,0.0,0.0,0.9994533329855746,0.9994533329855746,0.0,0.9994533329855746,0.9994533329855746,0.0,XS007_ST_REV_21,monthly,0,0,eligible_ew
2134.0,1.4639837946685463,0.11236615956167806,0.19772453591720424,0.6379579150222376,0.49694562935416564,0.6951800761581408,-0.3967603605936939,488.0,0.2832091376102656,0.0706697137358137,0.8512157084654897,0.005301482388754423,58.0,76.0,31.0,5.0,0.0,1.0,1.0,1.0,0.0,0.0,0.9994533329855746,0.9994533329855746,0.0,0.9994533329855746,0.9994533329855746,0.0,XS007_ST_REV_21,monthly,0,5,eligible_ew
2134.0,1.455117904625086,0.11189275932637521,0.19772541605724442,0.635802381118582,0.4947910284625545,0.692111911825331,-0.39677616640783775,488.0,0.28200473919434726,0.0706697137358137,0.8512157084654897,0.010581119166317937,58.0,76.0,31.0,5.0,0.0,1.0,1.0,1.0,0.0,0.0,0.9994533329855746,0.9994533329855746,0.0,0.9994533329855746,0.9994533329855746,0.0,XS007_ST_REV_21,monthly,0,10,eligible_ew
2134.0,1.4374791413080095,0.11094642474855188,0.19772779633773174,0.6314893907599242,0.4904803460029186,0.6859765798111047,-0.396807778036126,488.0,0.27959740430907365,0.0706697137358137,0.8512157084654897,0.021075180016132934,58.0,76.0,31.0,5.0,0.0,1.0,1.0,1.0,0.0,0.0,0.9994533329855746,0.9994533329855746,0.0,0.9994533329855746,0.9994533329855746,0.0,XS007_ST_REV_21,monthly,0,20,eligible_ew
2134.0,1.5658459191871312,0.11770002284632652,0.19933894568648172,0.658389441292252,0.5185147222124922,0.7272298075025917,-0.3997914490445448,488.0,0.29440355247120953,0.030146726211965545,1.5806264772279293,0.0,58.0,76.0,31.0,26.0,0.0,1.0,1.0,1.0,0.0,0.0,0.9998700689649116,0.9998700689649116,0.0,0.9998700689649116,0.9998700689649116,0.0,XS007_ST_REV_21,weekly,0,0,eligible_ew
2134.0,1.5487306944457435,0.11681701550869517,0.1993405576258789,0.6544201490587248,0.5145471316376928,0.7215398024621203,-0.3998917915443353,488.0,0.2921215638299589,0.030146726211965545,1.5806264772279293,0.010290761796776723,58.0,76.0,31.0,26.0,0.0,1.0,1.0,1.0,0.0,0.0,0.9998700689649116,0.9998700689649116,0.0,0.9998700689649116,0.9998700689649116,0.0,XS007_ST_REV_21,weekly,0,5,eligible_ew
2134.0,1.5317287449092838,0.11593465942881043,0.19934236592124885,0.6504502803125549,0.5105791017261115,0.7158516968875008,-0.39999212084590596,488.0,0.28984235785352735,0.030146726211965545,1.5806264772279293,0.020501545128670688,58.0,76.0,31.0,26.0,0.0,1.0,1.0,1.0,0.0,0.0,0.9998700689649116,0.9998700689649116,0.0,0.9998700689649116,0.9998700689649116,0.0,XS007_ST_REV_21,weekly,0,10,eligible_ew
2134.0,1.4980616988952926,0.1141718991434455,0.1993465715579525,0.642508860342974,0.5026417708870669,0.704481196359969,-0.40019273985957415,488.0,0.28529227987371264,0.030146726211965545,1.5806264772279293,0.040685450518563815,58.0,76.0,31.0,26.0,0.0,1.0,1.0,1.0,0.0,0.0,0.9998700689649116,0.9998700689649116,0.0,0.9998700689649116,0.9998700689649116,0.0,XS007_ST_REV_21,weekly,0,20,eligible_ew
2134.0,1.473206529017475,0.11285702225923822,0.19747355031428207,0.6407494983681259,0.49955679906402767,0.6990080302196472,-0.3965127807076535,488.0,0.2846239207165608,0.07107065371732942,0.8560450249063895,0.0,51.0,76.0,31.0,5.0,0.0,1.0,1.0,1.0,0.0,0.0,0.9994844195228969,0.9994844195228969,0.0,0.9994844195228969,0.9994844195228969,0.0,XS008_SAME_MONTH_5Y,monthly,0,0,eligible_ew
2134.0,1.4642579268600384,0.11238077307970729,0.19747408380642573,0.6385799550655026,0.49738795000019925,0.6959187075485097,-0.39652797528719863,488.0,0.2834119660745544,0.07107065371732942,0.8560450249063895,0.005363794242095567,51.0,76.0,31.0,5.0,0.0,1.0,1.0,1.0,0.0,0.0,0.9994844195228969,0.9994844195228969,0.0,0.9994844195228969,0.9994844195228969,0.0,XS008_SAME_MONTH_5Y,monthly,0,5,eligible_ew
2134.0,1.4553408332645965,0.11190468121750619,0.19747482567681252,0.6364097519359133,0.4952185899999256,0.6928297075106488,-0.39654316986674354,488.0,0.2822005010327406,0.07107065371732942,0.8560450249063895,0.010705356121514359,51.0,76.0,31.0,5.0,0.0,1.0,1.0,1.0,0.0,0.0,0.9994844195228969,0.9994844195228969,0.0,0.9994844195228969,0.9994844195228969,0.0,XS008_SAME_MONTH_5Y,monthly,0,10,eligible_ew
2134.0,1.4376007387478493,0.11095296919941555,0.19747693454226187,0.6320673937420005,0.4908783647027783,0.6866526006688357,-0.39657355902583313,491.0,0.2797790389050824,0.07107065371732942,0.8560450249063895,0.021322114446913638,51.0,76.0,31.0,5.0,0.0,1.0,1.0,1.0,0.0,0.0,0.9994844195228969,0.9994844195228969,0.0,0.9994844195228969,0.9994844195228969,0.0,XS008_SAME_MONTH_5Y,monthly,0,20,eligible_ew
2134.0,1.560525045999237,0.11742606661351451,0.19912238265744434,0.6576547354664258,0.5176273408615583,0.7260642722027227,-0.3997426997967638,488.0,0.29375412402331796,0.03017918394807931,1.5823282725317234,0.0,51.0,76.0,31.0,32.0,0.0,1.0,1.0,1.0,0.0,0.0,0.999853347025236,0.999853347025236,0.0,0.999853347025236,0.999853347025236,0.0,XS008_SAME_MONTH_5Y,weekly,0,0,eligible_ew
2134.0,1.5434269833371128,0.11654232547472065,0.19912412162970056,0.6536765587203017,0.5136509661628199,0.7203625599710214,-0.3998424088535023,488.0,0.29147064667024963,0.03017918394807931,1.5823282725317234,0.010356678015701351,51.0,76.0,31.0,32.0,0.0,1.0,1.0,1.0,0.0,0.0,0.999853347025236,0.999853347025236,0.0,0.999853347025236,0.999853347025236,0.0,XS008_SAME_MONTH_5Y,weekly,0,5,eligible_ew
2134.0,1.5264421991890433,0.11565923659877342,0.19912605847969472,0.6496978058317614,0.509674153835624,0.7146627464826909,-0.3999421048710332,488.0,0.2891899482203038,0.03017918394807931,1.5823282725317234,0.020632822527843073,51.0,76.0,31.0,32.0,0.0,1.0,1.0,1.0,0.0,0.0,0.999853347025236,0.999853347025236,0.0,0.999853347025236,0.999853347025236,0.0,XS008_SAME_MONTH_5Y,weekly,0,10,eligible_ew
2134.0,1.4928094908552167,0.11389501373336941,0.19913052578921106,0.6417386192191092,0.5017192638170986,0.7032687424492966,-0.4001414577935737,488.0,0.2846368740729833,0.03017918394807931,1.5823282725317234,0.04094580170314556,51.0,76.0,31.0,32.0,0.0,1.0,1.0,1.0,0.0,0.0,0.999853347025236,0.999853347025236,0.0,0.999853347025236,0.999853347025236,0.0,XS008_SAME_MONTH_5Y,weekly,0,20,eligible_ew
2134.0,1.4770196590500606,0.11305949737462795,0.19761619307387812,0.6413507102617607,0.5002597821619564,0.7000745511913582,-0.3965741370636833,488.0,0.28509044541266304,0.07131412824975432,0.8589776722266566,0.0,50.0,76.0,31.0,3.0,0.0,1.0,1.0,1.0,0.0,0.0,0.9995339337597932,0.9995339337597932,0.0,0.9995339337597932,0.9995339337597932,0.0,XS013_LOW_BETA_FP,monthly,0,0,eligible_ew
2134.0,1.4680266129247248,0.1125815300834585,0.1976173865550352,0.6391738354300085,0.4980840743435986,0.6969747570978293,-0.3965893003135912,488.0,0.28387435060511723,0.07131412824975432,0.8589776722266566,0.005381758876600664,50.0,76.0,31.0,3.0,0.0,1.0,1.0,1.0,0.0,0.0,0.9995339337597932,0.9995339337597932,0.0,0.9995339337597932,0.9995339337597932,0.0,XS013_LOW_BETA_FP,monthly,0,5,eligible_ew
2134.0,1.4590653440130161,0.11210372142472202,0.19761878862882543,0.636996314522262,0.4959078692528858,0.6938752957245512,-0.39660446356349965,488.0,0.28265874876310687,0.07131412824975432,0.8589776722266566,0.01074112693752149,50.0,76.0,31.0,3.0,0.0,1.0,1.0,1.0,0.0,0.0,0.9995339337597932,0.9995339337597932,0.0,0.9995339337597932,0.9995339337597932,0.0,XS013_LOW_BETA_FP,monthly,0,10,eligible_ew
2134.0,1.4412376995444411,0.11114857975657677,0.19762221853588616,0.6326393621776472,0.4915539949018743,0.6876773374654588,-0.3966347900633155,491.0,0.2802290231243556,0.07131412824975432,0.8589776722266566,0.021393025913500816,50.0,76.0,31.0,3.0,0.0,1.0,1.0,1.0,0.0,0.0,0.9995339337597932,0.9995339337597932,0.0,0.9995339337597932,0.9995339337597932,0.0,XS013_LOW_BETA_FP,monthly,0,20,eligible_ew
2134.0,1.5625241517182302,0.11752905356173904,0.19925935151676552,0.6578035559290081,0.5178723467168391,0.7264511411615653,-0.3999368973429812,488.0,0.2938689936901408,0.03024111990373483,1.5855756437624566,0.0,50.0,76.0,31.0,24.0,0.0,1.0,1.0,1.0,0.0,0.0,0.9998905322899039,0.9998905322899039,0.0,0.9998905322899039,0.9998905322899039,0.0,XS013_LOW_BETA_FP,weekly,0,0,eligible_ew
2134.0,1.545377740518742,0.11664341785491761,0.19926130153820035,0.6538194808381855,0.5138902219379358,0.7207406926643857,-0.40003616820439136,488.0,0.2915821796276199,0.03024111990373483,1.5855756437624566,0.010375669858058639,50.0,76.0,31.0,24.0,0.0,1.0,1.0,1.0,0.0,0.0,0.9998905322899039,0.9998905322899039,0.0,0.9998905322899039,0.9998905322899039,0.0,XS013_LOW_BETA_FP,weekly,0,5,eligible_ew
2134.0,1.528345162695289,0.11575843726372192,0.19926344957746928,0.6498348379516313,0.5099076677587939,0.7150321458469684,-0.40013542613496844,488.0,0.2892981468346065,0.03024111990373483,1.5855756437624566,0.020670478965267546,50.0,76.0,31.0,24.0,0.0,1.0,1.0,1.0,0.0,0.0,0.9998905322899039,0.9998905322899039,0.0,0.9998905322899039,0.9998905322899039,0.0,XS013_LOW_BETA_FP,weekly,0,10,eligible_ew
2134.0,1.494618510812964,0.11399043951395771,0.19926833968330457,0.6418638964682223,0.5019413188009852,0.7036207263257235,-0.4003339032086636,488.0,0.284738411112144,0.03024111990373483,1.5855756437624566,0.041019819883434984,50.0,76.0,31.0,24.0,0.0,1.0,1.0,1.0,0.0,0.0,0.9998905322899039,0.9998905322899039,0.0,0.9998905322899039,0.9998905322899039,0.0,XS013_LOW_BETA_FP,weekly,0,20,eligible_ew
2134.0,1.4725399845711742,0.11282160084935056,0.19772506007278903,0.6400277656294732,0.49901553209000954,0.698124706593758,-0.39674455477955006,488.0,0.2843683662200217,0.07085281347307432,0.8534211422267582,0.0,58.0,76.0,31.0,5.0,0.0,1.0,1.0,1.0,0.0,0.0,0.9994532356914644,0.9994532356914644,0.0,0.9994532356914644,0.9994532356914644,0.0,XS015_MAX_21,monthly,0,0,eligible_ew
2134.0,1.463621167091683,0.11234682630306314,0.19772575854699803,0.6378672599450351,0.4968558309519732,0.6950482690702583,-0.39676036059369413,488.0,0.2831604098124935,0.07085281347307432,0.8534211422267582,0.005313667248473112,58.0,76.0,31.0,5.0,0.0,1.0,1.0,1.0,0.0,0.0,0.9994532356914644,0.9994532356914644,0.0,0.9994532356914644,0.9994532356914644,0.0,XS015_MAX_21,monthly,0,5,eligible_ew
2134.0,1.454733657182258,0.11187220810514908,0.19772666400214686,0.635706104064697,0.4946956271390297,0.6919721628854657,-0.3967761664078382,488.0,0.28195294369107315,0.07085281347307432,0.8534211422267582,0.010605379988116819,58.0,76.0,31.0,5.0,0.0,1.0,1.0,1.0,0.0,0.0,0.9994532356914644,0.9994532356914644,0.0,0.9994532356914644,0.9994532356914644,0.0,XS015_MAX_21,monthly,0,10,eligible_ew
2134.0,1.4370521311212925,0.11092344051001479,0.19772909584324003,0.6313818689418541,0.4903737386767048,0.6858209538143772,-0.3968077780361263,488.0,0.27953948145622304,0.07085281347307432,0.8534211422267582,0.021123268605395224,58.0,76.0,31.0,5.0,0.0,1.0,1.0,1.0,0.0,0.0,0.9994532356914644,0.9994532356914644,0.0,0.9994532356914644,0.9994532356914644,0.0,XS015_MAX_21,monthly,0,20,eligible_ew
2134.0,1.566188470703775,0.11771764265311213,0.1993435434846835,0.6584579787083196,0.5185864238825539,0.7273286956551491,-0.39979144904454467,488.0,0.29444762496657617,0.03014896423210086,1.5807438191196348,0.0,58.0,76.0,31.0,26.0,0.0,1.0,1.0,1.0,0.0,0.0,0.9998700381574543,0.9998700381574543,0.0,0.9998700381574543,0.9998700381574543,0.0,XS015_MAX_21,weekly,0,0,eligible_ew
2134.0,1.549069694601247,0.11683455587367209,0.19934519907368883,0.654488383361987,0.5146185612850664,0.7216382683893279,-0.3998917915443355,488.0,0.29216542660820977,0.03014896423210086,1.5807438191196348,0.010292936434319437,58.0,76.0,31.0,26.0,0.0,1.0,1.0,1.0,0.0,0.0,0.9998700381574543,0.9998700381574543,0.0,0.9998700381574543,0.9998700381574543,0.0,XS015_MAX_21,weekly,0,5,eligible_ew
2134.0,1.532064225875183,0.11595212047371573,0.1993470509730071,0.6505182133419396,0.510650261148494,0.7159497435569762,-0.3999921208459063,488.0,0.28988601132567143,0.03014896423210086,1.5807438191196348,0.02050587017592627,58.0,76.0,31.0,26.0,0.0,1.0,1.0,1.0,0.0,0.0,0.9998700381574543,0.9998700381574543,0.0,0.9998700381574543,0.9998700381574543,0.0,XS015_MAX_21,weekly,0,10,eligible_ew
2134.0,1.4983902369178321,0.11418920191284432,0.19935134368011875,0.6425761963358496,0.5027123952459452,0.7045784134276937,-0.4001927398595746,488.0,0.2853355159639145,0.03014896423210086,1.5807438191196348,0.040694004571059136,58.0,76.0,31.0,26.0,0.0,1.0,1.0,1.0,0.0,0.0,0.9998700381574543,0.9998700381574543,0.0,0.9998700381574543,0.9998700381574543,0.0,XS015_MAX_21,weekly,0,20,eligible_ew
2134.0,1.4636338163359763,0.1123475007317205,0.19793017031693297,0.6374152480066851,0.49654897043857593,0.6947910974151682,-0.3972768378766579,488.0,0.2827939865112421,0.07081259540243098,0.8529367161312493,0.0,57.0,75.0,30.0,5.0,0.0,1.0,1.0,1.0,0.0,0.0,0.9994604560123791,0.9994604560123791,0.0,0.9994604560123791,0.9994604560123791,0.0,XS018_AMIHUD_252,monthly,0,0,eligible_ew
2134.0,1.4547521592589758,0.11187319774154103,0.19793089282864643,0.6352581715203113,0.49439271773299837,0.6917190778439145,-0.397292409714898,488.0,0.28158906388828986,0.07081259540243098,0.8529367161312493,0.005307530699507919,57.0,75.0,30.0,5.0,0.0,1.0,1.0,1.0,0.0,0.0,0.9994604560123791,0.9994604560123791,0.0,0.9994604560123791,0.9994604560123791,0.0,XS018_AMIHUD_252,monthly,0,5,eligible_ew
2134.0,1.445901659762861,0.11139905075486145,0.19793182232804538,0.6331004487149038,0.4922359659120819,0.6886473913543706,-0.3973079815531383,488.0,0.280384628366602,0.07081259540243098,0.8529367161312493,0.010593154516071712,57.0,75.0,30.0,5.0,0.0,1.0,1.0,1.0,0.0,0.0,0.9994604560123791,0.9994604560123791,0.0,0.9994604560123791,0.9994604560123791,0.0,XS018_AMIHUD_252,monthly,0,10,eligible_ew
2134.0,1.4282937069073052,0.1104512245482927,0.19793430227758624,0.6287830913035655,0.4879209920428907,0.682505026913748,-0.3973391252296189,488.0,0.2779772177845911,0.07081259540243098,0.8529367161312493,0.021099007134495966,57.0,75.0,30.0,5.0,0.0,1.0,1.0,1.0,0.0,0.0,0.9994604560123791,0.9994604560123791,0.0,0.9994604560123791,0.9994604560123791,0.0,XS018_AMIHUD_252,monthly,0,20,eligible_ew
2134.0,1.5535389354753346,0.11706560881320138,0.19955436999894594,0.6550499159978872,0.5153261653588865,0.7227421382485035,-0.4007279912611783,488.0,0.29213234754270695,0.030128315607860646,1.5796611887217957,0.0,57.0,75.0,30.0,26.0,0.0,1.0,1.0,1.0,0.0,0.0,0.9998702907338837,0.9998702907338837,0.0,0.9998702907338837,0.9998702907338837,0.0,XS018_AMIHUD_252,weekly,0,0,eligible_ew
2134.0,1.5365161702515548,0.11618364138933934,0.1995560629587408,0.651087206706883,0.5113652153805318,0.7170618573708047,-0.40083020631325295,488.0,0.289857499657949,0.030128315607860646,1.5796611887217957,0.01027062034804983,57.0,75.0,30.0,26.0,0.0,1.0,1.0,1.0,0.0,0.0,0.9998702907338837,0.9998702907338837,0.0,0.9998702907338837,0.9998702907338837,0.0,XS018_AMIHUD_252,weekly,0,5,eligible_ew
2134.0,1.519605998390794,0.11530232398938867,0.19955795213916336,0.6471239283493014,0.5074038330921214,0.7113834858757034,-0.4009324076483205,488.0,0.2875854428074235,0.030128315607860646,1.5796611887217957,0.02046151958234835,57.0,75.0,30.0,26.0,0.0,1.0,1.0,1.0,0.0,0.0,0.9998702907338837,0.9998702907338837,0.0,0.9998702907338837,0.9998702907338837,0.0,XS018_AMIHUD_252,weekly,0,10,eligible_ew
2134.0,1.4861204819570966,0.11354163736732437,0.1995623191390221,0.639195711338633,0.4994798184212501,0.7000324826971165,-0.40113676917293073,488.0,0.2830496880189419,0.030128315607860646,1.5796611887217957,0.040606419156406615,57.0,75.0,30.0,26.0,0.0,1.0,1.0,1.0,0.0,0.0,0.9998702907338837,0.9998702907338837,0.0,0.9998702907338837,0.9998702907338837,0.0,XS018_AMIHUD_252,weekly,0,20,eligible_ew
2134.0,1.4626710689430849,0.11229616052034497,0.19767472403357497,0.6377502457968403,0.49670256946661545,0.6948483294755001,-0.39669143587587263,488.0,0.28308188774582765,0.07048958920490185,0.8490461110228666,0.0,58.0,76.0,31.0,7.0,0.0,1.0,1.0,1.0,0.0,0.0,0.9994132957432671,0.9994132957432671,0.0,0.9994132957432671,0.9994132957432671,0.0,XS019_PRICE_DELAY_52W,monthly,0,0,eligible_ew
2134.0,1.4538333069806604,0.1118240423536967,0.19767539832659464,0.6356003252968226,0.49455343426602344,0.691787467239902,-0.3967072395729627,488.0,0.28188051842479656,0.07048958920490185,0.8490461110228666,0.0052802816904483725,58.0,76.0,31.0,7.0,0.0,1.0,1.0,1.0,0.0,0.0,0.9994132957432671,0.9994132957432671,0.0,0.9994132957432671,0.9994132957432671,0.0,XS019_PRICE_DELAY_52W,monthly,0,5,eligible_ew
2134.0,1.4450264033198295,0.111352078542994,0.1976762790082001,0.6334497580951319,0.49240379953809377,0.6887269331581156,-0.3967230432700525,488.0,0.2806796338956186,0.07048958920490185,0.8490461110228666,0.010538877665735625,58.0,76.0,31.0,7.0,0.0,1.0,1.0,1.0,0.0,0.0,0.9994132957432671,0.9994132957432671,0.0,0.9994132957432671,0.9994132957432671,0.0,XS019_PRICE_DELAY_52W,monthly,0,10,eligible_ew
2134.0,1.4275047504062304,0.11040861374846056,0.19767865952548805,0.6291467106064107,0.48810305848348506,0.6826068585591955,-0.39675465066423166,488.0,0.27827931837375725,0.07048958920490185,0.8490461110228666,0.02099133321647168,58.0,76.0,31.0,7.0,0.0,1.0,1.0,1.0,0.0,0.0,0.9994132957432671,0.9994132957432671,0.0,0.9994132957432671,0.9994132957432671,0.0,XS019_PRICE_DELAY_52W,monthly,0,20,eligible_ew
2134.0,1.5542892844625804,0.11710436574219041,0.19930762371692323,0.6557858235440541,0.5158896197454655,0.7235107419027538,-0.3998056299094107,488.0,0.29290324343037466,0.030054753429433905,1.5758042416647144,0.0,58.0,76.0,31.0,34.0,0.0,1.0,1.0,1.0,0.0,0.0,0.9998344008761803,0.9998344008761803,0.0,0.9998344008761803,0.9998344008761803,0.0,XS019_PRICE_DELAY_52W,weekly,0,0,eligible_ew
2134.0,1.5373029538936782,0.11622452037130038,0.1993092822754422,0.6518279330346518,0.5119334610677471,0.7178380563898449,-0.3999065956766288,488.0,0.29062916597975164,0.030054753429433905,1.5758042416647144,0.010244321660417909,58.0,76.0,31.0,34.0,0.0,1.0,1.0,1.0,0.0,0.0,0.9998344008761803,0.9998344008761803,0.0,0.9998344008761803,0.9998344008761803,0.0,XS019_PRICE_DELAY_52W,weekly,0,5,eligible_ew
2134.0,1.5204286997022547,0.1153453217430318,0.19931113694478536,0.6478694709287783,0.5079768678408838,0.7121672628679767,-0.40000754805788463,488.0,0.28835786300297594,0.030054753429433905,1.5758042416647144,0.02040933196312781,58.0,76.0,31.0,34.0,0.0,1.0,1.0,1.0,0.0,0.0,0.9998344008761803,0.9998344008761803,0.0,0.9998344008761803,0.9998344008761803,0.0,XS019_PRICE_DELAY_52W,weekly,0,10,eligible_ew
2134.0,1.4870134884699011,0.11358886283455272,0.19931543459346698,0.6399508788048102,0.5000624245497063,0.700831363579376,-0.40020941266782495,488.0,0.28382356646077145,0.030054753429433905,1.5758042416647144,0.04050366559398501,58.0,76.0,31.0,34.0,0.0,1.0,1.0,1.0,0.0,0.0,0.9998344008761803,0.9998344008761803,0.0,0.9998344008761803,0.9998344008761803,0.0,XS019_PRICE_DELAY_52W,weekly,0,20,eligible_ew
2134.0,1.4734086655523808,0.11286776250643826,0.1977128182465615,0.6402649362920217,0.4992440753965803,0.6984493905776727,-0.3966770689122523,488.0,0.28453311610862336,0.0705236479862999,0.849456348566004,0.0,58.0,76.0,31.0,6.0,0.0,1.0,1.0,1.0,0.0,0.0,0.9994339868243474,0.9994339868243474,0.0,0.9994339868243474,0.9994339868243474,0.0,XS020_VOLUME_SHOCK_50D,monthly,0,0,eligible_ew
2134.0,1.4645280885496814,0.11239517353445727,0.1977134797673146,0.6381144067599038,0.49709432261216324,0.6953872670390354,-0.39669227413769514,488.0,0.2833308860848749,0.0705236479862999,0.849456348566004,0.005289875425296833,58.0,76.0,31.0,6.0,0.0,1.0,1.0,1.0,0.0,0.0,0.9994339868243474,0.9994339868243474,0.0,0.9994339868243474,0.9994339868243474,0.0,XS020_VOLUME_SHOCK_50D,monthly,0,5,eligible_ew
2134.0,1.4556785346231713,0.11192273916426276,0.1977143477558346,0.6359632274985024,0.4949440672698642,0.6923254695462238,-0.39670747936313744,488.0,0.28212913793291783,0.0705236479862999,0.849456348566004,0.010557999008607159,58.0,76.0,31.0,6.0,0.0,1.0,1.0,1.0,0.0,0.0,0.9994339868243474,0.9994339868243474,0.0,0.9994339868243474,0.9994339868243474,0.0,XS020_VOLUME_SHOCK_50D,monthly,0,10,eligible_ew
2134.0,1.4380720730470018,0.11097833398790002,0.19771670312465156,0.6316589468196607,0.49064207590733244,0.6862028618233876,-0.39673788981402314,488.0,0.2797270864144657,0.0705236479862999,0.849456348566004,0.021029312682863944,58.0,76.0,31.0,6.0,0.0,1.0,1.0,1.0,0.0,0.0,0.9994339868243474,0.9994339868243474,0.0,0.9994339868243474,0.9994339868243474,0.0,XS020_VOLUME_SHOCK_50D,monthly,0,20,eligible_ew
2134.0,1.56362233835533,0.11758559815438185,0.1993416667325006,0.65786956496923,0.5179969490055553,0.7264788233004223,-0.39979144904454467,488.0,0.29411734151742824,0.0300759340705175,1.576914766298998,0.0,58.0,76.0,31.0,30.0,0.0,1.0,1.0,1.0,0.0,0.0,0.9998525602077161,0.9998525602077161,0.0,0.9998525602077161,0.9998525602077161,0.0,XS020_VOLUME_SHOCK_50D,weekly,0,0,eligible_ew
2134.0,1.5465619674987239,0.1167047536875867,0.1993433689399249,0.6539094395866885,0.5140385862413949,0.7208024230899656,-0.3998917915443353,488.0,0.2918408333336541,0.0300759340705175,1.576914766298998,0.010262467502786043,58.0,76.0,31.0,30.0,0.0,1.0,1.0,1.0,0.0,0.0,0.9998525602077161,0.9998525602077161,0.0,0.9998525602077161,0.9998525602077161,0.0,XS020_VOLUME_SHOCK_50D,weekly,0,5,eligible_ew
2134.0,1.5296142415902811,0.11582455720518059,0.19934526726206633,0.6499487424187309,0.5100797886939915,0.7151279176518321,-0.39999212084590574,488.0,0.2895670968723937,0.0300759340705175,1.576914766298998,0.020445378195953694,58.0,76.0,31.0,30.0,0.0,1.0,1.0,1.0,0.0,0.0,0.9998525602077161,0.9998525602077161,0.0,0.9998525602077161,0.9998525602077161,0.0,XS020_VOLUME_SHOCK_50D,weekly,0,10,eligible_ew
2134.0,1.4960537756481376,0.11406610630874758,0.1993496522275117,0.642025679626427,0.5021609360810334,0.7037846032526452,-0.40019273985957426,488.0,0.28502792516619074,0.0300759340705175,1.576914766298998,0.040574785660992325,58.0,76.0,31.0,30.0,0.0,1.0,1.0,1.0,0.0,0.0,0.9998525602077161,0.9998525602077161,0.0,0.9998525602077161,0.9998525602077161,0.0,XS020_VOLUME_SHOCK_50D,weekly,0,20,eligible_ew
2134.0,1.5705329434910782,0.11794092931209721,0.19660001939675975,0.6658443318903532,0.5240205855933064,0.7344823448253358,-0.37517402345810047,524.0,0.314363260614361,0.0804535912336781,0.9690623753844715,0.0,32.0,32.0,18.0,200.0,0.0,1.0,1.0,1.0,0.0,0.0,0.9925067372652354,0.9925067372652354,0.0,0.9925067372652354,0.9925067372652354,0.0,XS032_GROSS_PROFIT_AT,monthly,0,0,eligible_ew
2134.0,1.5600067836429408,0.11739935597158668,0.1965970482696132,0.6633858309065543,0.5215602971832352,0.7309567676978026,-0.37521403171495715,528.0,0.31288636897452893,0.0804535912336781,0.9690623753844715,0.006203933401389942,32.0,32.0,18.0,200.0,0.0,1.0,1.0,1.0,0.0,0.0,0.9925067372652354,0.9925067372652354,0.0,0.9925067372652354,0.9925067372652354,0.0,XS032_GROSS_PROFIT_AT,monthly,0,5,eligible_ew
2134.0,1.5495226721818955,0.11685799038696887,0.196594323332561,0.6609264279496124,0.5190992842793771,0.7274315987214051,-0.3752540399718143,528.0,0.3114103458972652,0.0804535912336781,0.9690623753844715,0.012378684678600791,32.0,32.0,18.0,200.0,0.0,1.0,1.0,1.0,0.0,0.0,0.9925067372652354,0.9925067372652354,0.0,0.9925067372652354,0.9925067372652354,0.0,XS032_GROSS_PROFIT_AT,monthly,0,10,eligible_ew
2134.0,1.5286799381470324,0.11577588215198809,0.1965896120687641,0.6560049527985524,0.5141751217430908,0.7203824983495967,-0.3753340564855284,529.0,0.3084609034311066,0.0804535912336781,0.9690623753844715,0.024641134868416986,32.0,32.0,18.0,200.0,0.0,1.0,1.0,1.0,0.0,0.0,0.9925067372652354,0.9925067372652354,0.0,0.9925067372652354,0.9925067372652354,0.0,XS032_GROSS_PROFIT_AT,monthly,0,20,eligible_ew
2134.0,1.6461824215289735,0.12177657236428185,0.1982094459474858,0.6793199908792571,0.5386448170015788,0.7562016344234527,-0.38024043070580116,499.0,0.3202620303638951,0.032866411973556664,1.7232226349097037,0.0,32.0,32.0,18.0,843.0,0.0,1.0,1.0,1.0,0.0,0.0,0.9929752642836545,0.9929752642836545,0.0,0.9929752642836545,0.9929752642836545,0.0,XS032_GROSS_PROFIT_AT,weekly,0,0,eligible_ew
2134.0,1.626944738204081,0.12081042838203615,0.1982099322552561,0.674970547130816,0.5342963352148525,0.7499546922869706,-0.38036473904096346,500.0,0.31761731827887824,0.032866411973556664,1.7232226349097037,0.01157092038466144,32.0,32.0,18.0,843.0,0.0,1.0,1.0,1.0,0.0,0.0,0.9929752642836545,0.9929752642836545,0.0,0.9929752642836545,0.9929752642836545,0.0,XS032_GROSS_PROFIT_AT,weekly,0,5,eligible_ew
2134.0,1.6078459322431908,0.11984506680186713,0.19821062911734436,0.6706204123405631,0.5299473114419571,0.743709908578903,-0.380489026873402,521.0,0.3149764075633711,0.032866411973556664,1.7232226349097037,0.023043928893563957,32.0,32.0,18.0,843.0,0.0,1.0,1.0,1.0,0.0,0.0,0.9929752642836545,0.9929752642836545,0.0,0.9929752642836545,0.9929752642836545,0.0,XS032_GROSS_PROFIT_AT,weekly,0,10,eligible_ew
2134.0,1.5700609754119093,0.11791668836413871,0.1982126544949207,0.6619181251520211,0.5212476934111998,0.7312268360073871,-0.3807375410407784,524.0,0.30970596711268195,0.032866411973556664,1.7232226349097037,0.04569923871728471,32.0,32.0,18.0,843.0,0.0,1.0,1.0,1.0,0.0,0.0,0.9929752642836545,0.9929752642836545,0.0,0.9929752642836545,0.9929752642836545,0.0,XS032_GROSS_PROFIT_AT,weekly,0,20,eligible_ew
2134.0,1.4677086505469292,0.11256460275027158,0.1961094504433634,0.6424864972884542,0.5003134318300141,0.7000899259466485,-0.3937788327778249,488.0,0.2858574239661632,0.07188358632100984,0.865836786689427,0.0,56.0,65.0,30.0,394.0,0.0,1.0,1.0,1.0,0.0,0.0,0.9917631021400518,0.9917631021400518,0.0,0.9917631021400518,0.9917631021400518,0.0,XS041_ASSET_GROWTH,monthly,0,0,eligible_ew
2134.0,1.4586780117106666,0.11208303453334634,0.19611006075974124,0.6402767219907257,0.4981044115698994,0.6969412863223046,-0.3937994664003932,488.0,0.28461956934036725,0.07188358632100984,0.865836786689427,0.005400781275604529,56.0,65.0,30.0,394.0,0.0,1.0,1.0,1.0,0.0,0.0,0.9917631021400518,0.9917631021400518,0.0,0.9917631021400518,0.9917631021400518,0.0,XS041_ASSET_GROWTH,monthly,0,5,eligible_ew
2134.0,1.4496795704861896,0.11160162920119676,0.19611087667727034,0.6380662915025419,0.4958948850604366,0.6937929936380216,-0.393820100022961,488.0,0.28338225802768835,0.07188358632100984,0.865836786689427,0.010778924118756944,56.0,65.0,30.0,394.0,0.0,1.0,1.0,1.0,0.0,0.0,0.9917631021400518,0.9917631021400518,0.0,0.9917631021400518,0.9917631021400518,0.0,XS041_ASSET_GROWTH,monthly,0,10,eligible_ew
2134.0,1.431778832461934,0.11063930693921975,0.19611312530487102,0.6336434928353547,0.4914743411385085,0.6874974593942127,-0.3938613672680974,488.0,0.2809092643602913,0.07188358632100984,0.865836786689427,0.021467636630960466,56.0,65.0,30.0,394.0,0.0,1.0,1.0,1.0,0.0,0.0,0.9917631021400518,0.9917631021400518,0.0,0.9917631021400518,0.9917631021400518,0.0,XS041_ASSET_GROWTH,monthly,0,20,eligible_ew
2134.0,1.554974591658628,0.11713975436900026,0.19784206432049242,0.6593224688524222,0.5183903845409221,0.7270851673948476,-0.3975821321254597,487.0,0.29463032894052704,0.03031771603175526,1.5895916641804277,0.0,56.0,65.0,30.0,1644.0,0.0,1.0,1.0,1.0,0.0,0.0,0.9922844010816854,0.9922844010816854,0.0,0.9922844010816854,0.9922844010816854,0.0,XS041_ASSET_GROWTH,weekly,0,0,eligible_ew
2134.0,1.5378355561443122,0.11625218648525193,0.19784397589687916,0.6552997696327489,0.5143696226528468,0.7213184994075887,-0.39768778736543453,487.0,0.29232023255073714,0.03031771603175526,1.5895916641804277,0.01034285099823964,56.0,65.0,30.0,1644.0,0.0,1.0,1.0,1.0,0.0,0.0,0.9922844010816854,0.9922844010816854,0.0,0.9922844010816854,0.9922844010816854,0.0,XS041_ASSET_GROWTH,weekly,0,5,eligible_ew
2134.0,1.520810625564443,0.11536527855244572,0.19784608012232524,0.6512765139778871,0.5103484409150251,0.7155538007743416,-0.39779342781927296,488.0,0.29001303310837734,0.03031771603175526,1.5895916641804277,0.020604911230975277,56.0,65.0,30.0,1644.0,0.0,1.0,1.0,1.0,0.0,0.0,0.9922844010816854,0.9922844010816854,0.0,0.9922844010816854,0.9922844010816854,0.0,XS041_ASSET_GROWTH,weekly,0,10,eligible_ew
2134.0,1.4871000665046554,0.11359344060404708,0.19785086649524625,0.6432283805283558,0.50230486498225,0.704030324405496,-0.3980046643748427,488.0,0.28540730994314234,0.03031771603175526,1.5895916641804277,0.040888969552602294,56.0,65.0,30.0,1644.0,0.0,1.0,1.0,1.0,0.0,0.0,0.9922844010816854,0.9922844010816854,0.0,0.9922844010816854,0.9922844010816854,0.0,XS041_ASSET_GROWTH,weekly,0,20,eligible_ew
2134.0,1.4693450260819914,0.11265169780630857,0.1957996869460551,0.6436008554007565,0.5012043096854201,0.7009672426718346,-0.39367812853738415,487.0,0.2861517814688835,0.07695735997376127,0.9269503190091658,0.0,51.0,65.0,30.0,328.0,0.0,1.0,1.0,1.0,0.0,0.0,0.9923093934457248,0.9923093934457248,0.0,0.9923093934457248,0.9923093934457248,0.0,XS056_CFO_ACCRUALS_PT,monthly,0,0,eligible_ew
2134.0,1.4596718111522815,0.11213610623815162,0.19580016677666925,0.6412317697058975,0.49883590343912776,0.6975906480980651,-0.3937135646481035,488.0,0.28481646635258184,0.07695735997376127,0.9269503190091658,0.005659557336645693,51.0,65.0,30.0,328.0,0.0,1.0,1.0,1.0,0.0,0.0,0.9923093934457248,0.9923093934457248,0.0,0.9923093934457248,0.9923093934457248,0.0,XS056_CFO_ACCRUALS_PT,monthly,0,5,eligible_ew
2134.0,1.4500355699014316,0.11162070432985294,0.19580086901855018,0.6388619699348458,0.49646694470694763,0.69421444504659,-0.3937490007588227,488.0,0.2834818732612412,0.07695735997376127,0.9269503190091658,0.011293670690503336,51.0,65.0,30.0,328.0,0.0,1.0,1.0,1.0,0.0,0.0,0.9923093934457248,0.9923093934457248,0.0,0.9923093934457248,0.9923093934457248,0.0,XS056_CFO_ACCRUALS_PT,monthly,0,10,eligible_ew
2134.0,1.43087345596433,0.11059046919251103,0.19580294072578255,0.6341202605352949,0.4917274021200347,0.6874632277077937,-0.393819872980261,488.0,0.2808148516112442,0.07695735997376127,0.9269503190091658,0.022485979583246548,51.0,65.0,30.0,328.0,0.0,1.0,1.0,1.0,0.0,0.0,0.9923093934457248,0.9923093934457248,0.0,0.9923093934457248,0.9923093934457248,0.0,XS056_CFO_ACCRUALS_PT,monthly,0,20,eligible_ew
2134.0,1.5528760398705712,0.11703136065807285,0.1975709165614566,0.6594731691000044,0.5183492679566055,0.7266232839436577,-0.3979539590684261,487.0,0.29408266456761123,0.03151209063062869,1.6522140564572552,0.0,51.0,65.0,30.0,1371.0,0.0,1.0,1.0,1.0,0.0,0.0,0.9928034697282159,0.9928034697282159,0.0,0.9928034697282159,0.9928034697282159,0.0,XS056_CFO_ACCRUALS_PT,weekly,0,0,eligible_ew
2134.0,1.5350787965226718,0.11610893076046502,0.19757295181972281,0.655286132223552,0.5141642741406341,0.7206242532647882,-0.3980744333065742,487.0,0.29167643296258755,0.03151209063062869,1.6522140564572552,0.01057366344297304,51.0,65.0,30.0,1371.0,0.0,1.0,1.0,1.0,0.0,0.0,0.9928034697282159,0.9928034697282159,0.0,0.9928034697282159,0.9928034697282159,0.0,XS056_CFO_ACCRUALS_PT,weekly,0,5,eligible_ew
2134.0,1.5174047277881924,0.11518721561998002,0.1975751869735035,0.6510985228643529,0.5099788498771247,0.7146273497052118,-0.3981948878519874,487.0,0.28927346667191806,0.03151209063062869,1.6522140564572552,0.021061352299674672,51.0,65.0,30.0,1371.0,0.0,1.0,1.0,1.0,0.0,0.0,0.9928034697282159,0.9928034697282159,0.0,0.9928034697282159,0.9928034697282159,0.0,XS056_CFO_ACCRUALS_PT,weekly,0,10,eligible_ew
2134.0,1.482422732781794,0.11334592743253036,0.19758025693986553,0.6427216377093101,0.5016067609385086,0.7026399395901091,-0.3984357378746901,487.0,0.28447731129022913,0.03151209063062869,1.6522140564572552,0.04178136889346097,51.0,65.0,30.0,1371.0,0.0,1.0,1.0,1.0,0.0,0.0,0.9928034697282159,0.9928034697282159,0.0,0.9928034697282159,0.9928034697282159,0.0,XS056_CFO_ACCRUALS_PT,weekly,0,20,eligible_ew
2134.0,5.013855820087604,0.23597218370843653,0.3985889049850935,0.7318638694171341,0.6619393805456717,0.9354166708052908,-0.6142405016572943,1015.0,0.3841690397682266,0.7927898604058313,9.549142723463678,0.0,0.0,0.0,0.0,0.0,0.0,1.0,1.0,1.0,0.0,0.0,1.0,1.0,0.0,1.0,1.0,0.0,XS001_MOM_255_0,monthly,5,0,factor_topk
2134.0,4.775496340238017,0.2300836132740096,0.3985706782172576,0.7198907002783014,0.6499630887009489,0.9180087093980809,-0.6188159740626025,1016.0,0.3718126598502016,0.7927898604058313,9.549142723463678,0.048667939731869066,0.0,0.0,0.0,0.0,0.0,1.0,1.0,1.0,0.0,0.0,1.0,1.0,0.0,1.0,1.0,0.0,XS001_MOM_255_0,monthly,5,5,factor_topk
2134.0,4.546477366906853,0.22422031205374826,0.3985579669111752,0.7079066394831066,0.6379768739613685,0.9006083048028214,-0.6233397969584149,1017.0,0.3597080005926635,0.7927898604058313,9.549142723463678,0.09497705291506063,0.0,0.0,0.0,0.0,0.0,1.0,1.0,1.0,0.0,0.0,1.0,1.0,0.0,1.0,1.0,0.0,XS001_MOM_255_0,monthly,5,10,factor_topk
2134.0,4.115027423101919,0.2125691303593482,0.398549092566206,0.6839078265777527,0.6139766604054442,0.8658320784871069,-0.632234703499034,1030.0,0.3362187004017773,0.7927898604058313,9.549142723463678,0.18093249314066664,0.0,0.0,0.0,0.0,0.0,1.0,1.0,1.0,0.0,0.0,1.0,1.0,0.0,1.0,1.0,0.0,XS001_MOM_255_0,monthly,5,20,factor_topk
2134.0,5.381840905621982,0.24467090732718355,0.33929262882604855,0.815865624080901,0.7337393356863472,1.029717555027897,-0.5097955856980017,732.0,0.479939242691137,0.7071610349579518,8.517744724723144,0.0,0.0,0.0,0.0,0.0,0.0,1.0,1.0,1.0,0.0,0.0,1.0,1.0,0.0,1.0,1.0,0.0,XS001_MOM_255_0,monthly,10,0,factor_topk
2134.0,5.155735106774815,0.23938023077029813,0.33927600253357393,0.8033254225542007,0.7211949797732257,1.0115810659833282,-0.5148868986177462,736.0,0.46491808475401675,0.7071610349579518,8.517744724723144,0.04922958711364302,0.0,0.0,0.0,0.0,0.0,1.0,1.0,1.0,0.0,0.0,1.0,1.0,0.0,1.0,1.0,0.0,XS001_MOM_255_0,monthly,10,5,factor_topk
2134.0,4.9375545706704305,0.23410994295271448,0.3392642037801436,0.7907727394847993,0.7086393078984463,0.9934486971428624,-0.5199276749097391,922.0,0.4502740558931713,0.7071610349579518,8.517744724723144,0.09630333648619446,0.0,0.0,0.0,0.0,0.0,1.0,1.0,1.0,0.0,0.0,1.0,1.0,0.0,1.0,1.0,0.0,XS001_MOM_255_0,monthly,10,10,factor_topk
2134.0,4.523879533326383,0.22363025119707292,0.3392550906990603,0.7656320639618698,0.6834961528865072,0.9571971173755799,-0.5298595272814937,1013.0,0.42205573304387695,0.7071610349579518,8.517744724723144,0.1843231470849788,0.0,0.0,0.0,0.0,0.0,1.0,1.0,1.0,0.0,0.0,1.0,1.0,0.0,1.0,1.0,0.0,XS001_MOM_255_0,monthly,10,20,factor_topk
2134.0,5.166173407787273,0.23962822185734312,0.28799702449655157,0.8909042297091044,0.7941399245055769,1.1098474020936504,-0.36831978699315426,481.0,0.6505982852933093,0.664498373154777,8.003873563060163,0.0,2.0,0.0,0.0,0.0,0.0,1.0,1.0,1.0,0.0,0.0,0.9996195353715437,0.9996195353715437,0.0,0.9996195353715437,0.9996195353715437,0.0,XS001_MOM_255_0,monthly,20,0,factor_topk
2134.0,4.960670324649747,0.23467633356850426,0.28797244722025633,0.8770465821089967,0.7802739644208855,1.0898212947977182,-0.3729287647999914,482.0,0.6292792504068855,0.664498373154777,8.003873563060163,0.05891525950429369,2.0,0.0,0.0,0.0,0.0,1.0,1.0,1.0,0.0,0.0,0.9996195353715437,0.9996195353715437,0.0,0.9996195353715437,0.9996195353715437,0.0,XS001_MOM_255_0,monthly,20,5,factor_topk
2134.0,4.761945927388949,0.2297424567278077,0.2879526732453252,0.8631721702156461,0.76639285275159,1.06980143398908,-0.3775060907434098,497.0,0.6085794702686352,0.664498373154777,8.003873563060163,0.11537436346085227,2.0,0.0,0.0,0.0,0.0,1.0,1.0,1.0,0.0,0.0,0.9996195353715437,0.9996195353715437,0.0,0.9996195353715437,0.9996195353715437,0.0,XS001_MOM_255_0,monthly,20,10,factor_topk
2134.0,4.383955194407433,0.21992850092404637,0.2879275389176753,0.8353758081136041,0.7385879330036739,1.029783528745841,-0.38729950214278297,563.0,0.567851235819474,0.664498373154777,8.003873563060163,0.22128665877415485,2.0,0.0,0.0,0.0,0.0,1.0,1.0,1.0,0.0,0.0,0.9996195353715437,0.9996195353715437,0.0,0.9996195353715437,0.9996195353715437,0.0,XS001_MOM_255_0,monthly,20,20,factor_topk
2134.0,2.911223822881363,0.17474897902459063,0.2345238525723762,0.8047378112738899,0.6858988765357397,0.9500257350057144,-0.35266204132836676,497.0,0.4955140007877409,0.599786942389642,7.224425289214319,0.0,7.0,2.0,2.0,1.0,0.0,1.0,1.0,1.0,0.0,0.0,0.9994242384114792,0.9994242384114792,0.0,0.9994242384114792,0.9994242384114792,0.0,XS001_MOM_255_0,monthly,50,0,factor_topk
2134.0,2.7933757160672825,0.17051251678900092,0.2345059431657336,0.7893669537368706,0.6705191504454481,0.9281353943509758,-0.3567615212051357,501.0,0.4779453686961864,0.599786942389642,7.224425289214319,0.046870074017414186,7.0,2.0,2.0,1.0,0.0,1.0,1.0,1.0,0.0,0.0,0.9994242384114792,0.9994242384114792,0.0,0.9994242384114792,0.9994242384114792,0.0,XS001_MOM_255_0,monthly,50,5,factor_topk
2134.0,2.6790425649612035,0.16628998861520494,0.23449274273083318,0.7739782052767756,0.6551239174911158,0.9062531811793034,-0.3608365359418806,501.0,0.4608457626973479,0.599786942389642,7.224425289214319,0.09206954121197772,7.0,2.0,2.0,1.0,0.0,1.0,1.0,1.0,0.0,0.0,0.9994242384114792,0.9994242384114792,0.0,0.9994242384114792,0.9994242384114792,0.0,XS001_MOM_255_0,monthly,50,10,factor_topk
2134.0,2.4605090904703877,0.15788656869839968,0.2344804716737392,0.7431507250221011,0.6242906246790051,0.8625176790346826,-0.36891371773781423,502.0,0.4279769526234022,0.599786942389642,7.224425289214319,0.17767330367789705,7.0,2.0,2.0,1.0,0.0,1.0,1.0,1.0,0.0,0.0,0.9994242384114792,0.9994242384114792,0.0,0.9994242384114792,0.9994242384114792,0.0,XS001_MOM_255_0,monthly,50,20,factor_topk
2134.0,6.206564256843965,0.2626631288121859,0.39395267883580154,0.7905157452592789,0.719785598471936,1.0107899369858533,-0.5068868659067033,1013.0,0.518188863194043,0.39674590484136973,20.801830272207674,0.0,0.0,0.0,0.0,0.0,0.0,1.0,1.0,1.0,0.0,0.0,1.0,1.0,0.0,1.0,1.0,0.0,XS001_MOM_255_0,weekly,5,0,factor_topk
2134.0,5.598888424860977,0.24959634419423704,0.3939728571858478,0.7640809334573344,0.6933540305813208,0.9724580584160826,-0.5190498393431193,1016.0,0.4808716336568225,0.39674590484136973,20.801830272207674,0.10257986611585207,0.0,0.0,0.0,0.0,0.0,1.0,1.0,1.0,0.0,0.0,1.0,1.0,0.0,1.0,1.0,0.0,XS001_MOM_255_0,weekly,5,5,factor_topk
2134.0,5.042290046499689,0.23666083522385906,0.39400005022967516,0.7376356964285694,0.666913293122435,0.9342100956477456,-0.5309168408035417,1046.0,0.44575876490501465,0.39674590484136973,20.801830272207674,0.19477265244241318,0.0,0.0,0.0,0.0,0.0,1.0,1.0,1.0,0.0,0.0,1.0,1.0,0.0,1.0,1.0,0.0,XS001_MOM_255_0,weekly,5,10,factor_topk
2134.0,4.065564917683787,0.21117853760266958,0.3940754742155222,0.6847196160037359,0.6140099757375577,0.857972227613598,-0.5537911770668318,1483.0,0.38133243422400076,0.39674590484136973,20.801830272207674,0.35186134271565195,0.0,0.0,0.0,0.0,0.0,1.0,1.0,1.0,0.0,0.0,1.0,1.0,0.0,1.0,1.0,0.0,XS001_MOM_255_0,weekly,5,20,factor_topk
2134.0,3.8856018150949794,0.20601587351577177,0.3337005857761429,0.7294565206788141,0.6459608802709234,0.8969330445270348,-0.4442161475858787,1012.0,0.46377394121167886,0.3632255794316783,19.044322226547152,0.0,0.0,0.0,0.0,0.0,0.0,1.0,1.0,1.0,0.0,0.0,1.0,1.0,0.0,1.0,1.0,0.0,XS001_MOM_255_0,weekly,10,0,factor_topk
2134.0,3.507067752624633,0.19458514161490403,0.3337124978060261,0.700892580028729,0.6173991843731482,0.856215504429107,-0.45558493874365624,1013.0,0.4271105672446103,0.3632255794316783,19.044322226547152,0.08976757399791817,0.0,0.0,0.0,0.0,0.0,1.0,1.0,1.0,0.0,0.0,1.0,1.0,0.0,1.0,1.0,0.0,XS001_MOM_255_0,weekly,10,5,factor_topk
2134.0,3.1577823034837333,0.18326006200486677,0.33373014206150614,0.6723191304071527,0.5888294043536354,0.8155897703215305,-0.46672397635356155,1017.0,0.39265191267148475,0.3632255794316783,19.044322226547152,0.1714178707895113,0.0,0.0,0.0,0.0,0.0,1.0,1.0,1.0,0.0,0.0,1.0,1.0,0.0,1.0,1.0,0.0,XS001_MOM_255_0,weekly,10,10,factor_topk
2134.0,2.5381152160913567,0.1609230603792371,0.3337826233177598,0.615149606990406,0.5316714922203146,0.7346191725218287,-0.488331047569859,1487.0,0.32953681970470244,0.3632255794316783,19.044322226547152,0.313102742405346,0.0,0.0,0.0,0.0,0.0,1.0,1.0,1.0,0.0,0.0,1.0,1.0,0.0,1.0,1.0,0.0,XS001_MOM_255_0,weekly,10,20,factor_topk
2134.0,4.538158148117774,0.22400333269421258,0.28344052420536126,0.8559425911029482,0.7576444339754215,1.0525554731362543,-0.3622607604045761,577.0,0.6183483202653349,0.3185375524357249,16.701279131644043,0.0,2.0,0.0,0.0,0.0,0.0,1.0,1.0,1.0,0.0,0.0,0.9999870099572903,0.9999870099572903,0.0,0.9999870099572903,0.9999870099572903,0.0,XS001_MOM_255_0,weekly,20,0,factor_topk
2134.0,4.160017180141054,0.21382371484042584,0.2834368018930866,0.826468285193695,0.7281679965222101,1.0103481546549802,-0.3715805810288553,588.0,0.5754437281097347,0.3185375524357249,16.701279131644043,0.10107488058822017,2.0,0.0,0.0,0.0,0.0,1.0,1.0,1.0,0.0,0.0,0.9999870099572903,0.9999870099572903,0.0,0.9999870099572903,0.9999870099572903,0.0,XS001_MOM_255_0,weekly,20,5,factor_topk
2134.0,3.8076305880572114,0.20372684194989343,0.28343772184875904,0.7969801516092843,0.6986793296352927,0.9682308166824359,-0.38076612966283674,589.0,0.535044548553441,0.3185375524357249,16.701279131644043,0.19379431111994488,2.0,0.0,0.0,0.0,0.0,1.0,1.0,1.0,0.0,0.0,0.9999870099572903,0.9999870099572903,0.0,0.9999870099572903,0.9999870099572903,0.0,XS001_MOM_255_0,weekly,20,10,factor_topk
2134.0,3.1732404377217547,0.18377870765859994,0.28345348815505866,0.7379681996902603,0.6396711059175195,0.8842712165087704,-0.3987420115422089,613.0,0.46089627463081106,0.3185375524357249,16.701279131644043,0.35668108891363015,2.0,0.0,0.0,0.0,0.0,1.0,1.0,1.0,0.0,0.0,0.9999870099572903,0.9999870099572903,0.0,0.9999870099572903,0.9999870099572903,0.0,XS001_MOM_255_0,weekly,20,20,factor_topk
2134.0,2.2285201061132347,0.14843720720237297,0.22970119544437595,0.7181441709678553,0.5968218391413392,0.8186648831263847,-0.35327586214150497,569.0,0.4201736464602167,0.3007624054789267,15.769308352495853,0.0,9.0,4.0,3.0,2.0,0.0,1.0,1.0,1.0,0.0,0.0,0.9998742029167634,0.9998742029167634,0.0,0.9998742029167634,0.9998742029167634,0.0,XS001_MOM_255_0,weekly,50,0,factor_topk
2134.0,2.0199760876661466,0.13941701518066352,0.2297103437411632,0.6837848058701023,0.5624671365537441,0.7704100522631229,-0.3621361253094326,588.0,0.38498510763469557,0.3007624054789267,15.769308352495853,0.0869287473101028,9.0,4.0,3.0,2.0,0.0,1.0,1.0,1.0,0.0,0.0,0.9998742029167634,0.9998742029167634,0.0,0.9998742029167634,0.9998742029167634,0.0,XS001_MOM_255_0,weekly,50,5,factor_topk
2134.0,1.8248706509137076,0.13046615015818053,0.2297242703882998,0.649414669063557,0.5281041780306895,0.7222868234415204,-0.3708766304630575,589.0,0.3517777596158787,0.3007624054789267,15.769308352495853,0.16743696028120472,9.0,4.0,3.0,2.0,0.0,1.0,1.0,1.0,0.0,0.0,0.9998742029167634,0.9998742029167634,0.0,0.9998742029167634,0.9998742029167634,0.0,XS001_MOM_255_0,weekly,50,10,factor_topk
2134.0,1.471575286723135,0.11277032009686905,0.2297664549599863,0.580650676403904,0.45936208343112844,0.6264427363368126,-0.3880047325704965,610.0,0.29064160983237447,0.3007624054789267,15.769308352495853,0.3109585353970592,9.0,4.0,3.0,2.0,0.0,1.0,1.0,1.0,0.0,0.0,0.9998742029167634,0.9998742029167634,0.0,0.9998742029167634,0.9998742029167634,0.0,XS001_MOM_255_0,weekly,50,20,factor_topk
2134.0,5.4485827825946895,0.24620100375668952,0.39861733521131903,0.7525740850510637,0.6826591369351869,0.9647787645400937,-0.436545513471275,382.0,0.5639755676309103,0.7882713144520863,9.49471690097302,0.0,0.0,0.0,0.0,0.0,0.0,1.0,1.0,1.0,0.0,0.0,1.0,1.0,0.0,1.0,1.0,0.0,XS002_MOM_12_1,monthly,5,0,factor_topk
2134.0,5.194421189625643,0.2402974751672906,0.3985934811284499,0.7406759168798637,0.6707568652189897,0.9474558244342322,-0.4387449555672749,384.0,0.5476928500672975,0.7882713144520863,9.49471690097302,0.06368576214146077,0.0,0.0,0.0,0.0,0.0,1.0,1.0,1.0,0.0,0.0,1.0,1.0,0.0,1.0,1.0,0.0,XS002_MOM_12_1,monthly,5,5,factor_topk
2134.0,4.950164268402037,0.23441915092854648,0.3985750446927829,0.7287664185951244,0.6588442113187806,0.9301383202037408,-0.44093709873631637,384.0,0.5316385298501065,0.7882713144520863,9.49471690097302,0.124333523615119,0.0,0.0,0.0,0.0,0.0,1.0,1.0,1.0,0.0,0.0,1.0,1.0,0.0,1.0,1.0,0.0,XS002_MOM_12_1,monthly,5,10,factor_topk
2134.0,4.489852584561579,0.22273773157994392,0.39855442754945647,0.704915364055986,0.6349896907622309,0.895521674101704,-0.44529956843530416,385.0,0.5001975015664194,0.7882713144520863,9.49471690097302,0.23703842076070583,0.0,0.0,0.0,0.0,0.0,1.0,1.0,1.0,0.0,0.0,1.0,1.0,0.0,1.0,1.0,0.0,XS002_MOM_12_1,monthly,5,20,factor_topk
2134.0,4.792714256803633,0.2305160890850222,0.3433468627481412,0.7769922883131977,0.6958368957867119,0.9710107852938858,-0.4476863828731539,654.0,0.5149052950988146,0.754194533320374,9.084262551296577,0.0,0.0,0.0,0.0,0.0,0.0,1.0,1.0,1.0,0.0,0.0,1.0,1.0,0.0,1.0,1.0,0.0,XS002_MOM_12_1,monthly,10,0,factor_topk
2134.0,4.574088588095875,0.22493840830821465,0.3433412313463524,0.7637592952967474,0.6826024040294687,0.9520125352066385,-0.4526071237253544,654.0,0.49698380011515036,0.754194533320374,9.084262551296577,0.05328352295007669,0.0,0.0,0.0,0.0,0.0,1.0,1.0,1.0,0.0,0.0,1.0,1.0,0.0,1.0,1.0,0.0,XS002_MOM_12_1,monthly,10,5,factor_topk
2134.0,4.363625921256503,0.2193836406637273,0.3433410276500284,0.750514003498696,0.669356893213737,0.9330214737591339,-0.4574863149762536,655.0,0.479541427758587,0.754194533320374,9.084262551296577,0.10417050577565912,0.0,0.0,0.0,0.0,0.0,1.0,1.0,1.0,0.0,0.0,1.0,1.0,0.0,1.0,1.0,0.0,XS002_MOM_12_1,monthly,10,10,factor_topk
2134.0,3.9659946145263616,0.20834250663997733,0.343356903155015,0.7239890376396296,0.6428353284316017,0.8950640235135245,-0.46712137295240097,674.0,0.4460136459249685,0.754194533320374,9.084262551296577,0.19914809388469915,0.0,0.0,0.0,0.0,0.0,1.0,1.0,1.0,0.0,0.0,1.0,1.0,0.0,1.0,1.0,0.0,XS002_MOM_12_1,monthly,10,20,factor_topk
2134.0,3.912119996544467,0.20678703912475016,0.2959521585653554,0.7841366377223226,0.6899743226697843,0.9584991881552242,-0.3942422225996963,363.0,0.5245177387677132,0.6829962832183873,8.226680629730753,0.0,3.0,5.0,2.0,0.0,0.0,1.0,1.0,1.0,0.0,0.0,0.9996238214069627,0.9996238214069627,0.0,0.9996238214069627,0.9996238214069627,0.0,XS002_MOM_12_1,monthly,20,0,factor_topk
2134.0,3.743931730321453,0.20183238055946084,0.29594147853958214,0.7702437864385567,0.6760780359872272,0.9386790070901619,-0.39446253420401167,364.0,0.51166425974203,0.6829962832183873,8.226680629730753,0.05104662721276504,3.0,5.0,2.0,0.0,0.0,1.0,1.0,1.0,0.0,0.0,0.9996238214069627,0.9996238214069627,0.0,0.9996238214069627,0.9996238214069627,0.0,XS002_MOM_12_1,monthly,20,5,factor_topk
2134.0,3.5814421924773683,0.1968962148391349,0.295935808296256,0.7563371284252784,0.6621695343695166,0.9188668841726928,-0.39468284580832624,366.0,0.49887198526676163,0.6829962832183873,8.226680629730753,0.10002922774320826,3.0,5.0,2.0,0.0,0.0,1.0,1.0,1.0,0.0,0.0,0.9996238214069627,0.9996238214069627,0.0,0.9996238214069627,0.9996238214069627,0.0,XS002_MOM_12_1,monthly,20,10,factor_topk
2134.0,3.2728013943669394,0.1870791131817502,0.29593949805437986,0.7284852132387265,0.6343187082370024,0.879269283112456,-0.39779814760309473,505.0,0.47028653680008936,0.6829962832183873,8.226680629730753,0.1921075637545875,3.0,5.0,2.0,0.0,0.0,1.0,1.0,1.0,0.0,0.0,0.9996238214069627,0.9996238214069627,0.0,0.9996238214069627,0.9996238214069627,0.0,XS002_MOM_12_1,monthly,20,20,factor_topk
2134.0,2.932316130952212,0.17549531118621076,0.2394873613369461,0.7955335058677154,0.6791485279930358,0.9467009143263322,-0.3576678961986206,411.0,0.4906655393212995,0.6391581990986185,7.698651522788609,0.0,6.0,7.0,4.0,1.0,0.0,1.0,1.0,1.0,0.0,0.0,0.9993690772359899,0.9993690772359899,0.0,0.9993690772359899,0.9993690772359899,0.0,XS002_MOM_12_1,monthly,50,0,factor_topk
2134.0,2.8061797678888993,0.1709783798089104,0.23947737471096617,0.7794712588383286,0.6630818636176262,0.9236968557647893,-0.3578709073218015,411.0,0.4777655191042527,0.6391581990986185,7.698651522788609,0.05155424346423069,6.0,7.0,4.0,1.0,0.0,1.0,1.0,1.0,0.0,0.0,0.9993690772359899,0.9993690772359899,0.0,0.9993690772359899,0.9993690772359899,0.0,XS002_MOM_12_1,monthly,50,5,factor_topk
2134.0,2.6840486988047942,0.166477280895861,0.23947261369368533,0.7633910135417769,0.6469997389182182,0.9007032944142819,-0.3580739184449827,418.0,0.46492434193148274,0.6391581990986185,7.698651522788609,0.10116457959947861,6.0,7.0,4.0,1.0,0.0,1.0,1.0,1.0,0.0,0.0,0.9993690772359899,0.9993690772359899,0.0,0.9993690772359899,0.9993690772359899,0.0,XS002_MOM_12_1,monthly,50,10,factor_topk
2134.0,2.451302801647258,0.15752237974230177,0.23947876938980872,0.7311807340459144,0.614793315423176,0.8547525441780663,-0.35847994069134526,421.0,0.4394175569168878,0.6391581990986185,7.698651522788609,0.19481997100538923,6.0,7.0,4.0,1.0,0.0,1.0,1.0,1.0,0.0,0.0,0.9993690772359899,0.9993690772359899,0.0,0.9993690772359899,0.9993690772359899,0.0,XS002_MOM_12_1,monthly,50,20,factor_topk
2134.0,8.14794375473142,0.2987359475502751,0.39726208739049823,0.8572858732371625,0.7871489713566479,1.1286623516217225,-0.4900217374224797,699.0,0.6096381542615432,0.40494574076390305,21.231756814710206,0.0,0.0,0.0,0.0,0.0,0.0,1.0,1.0,1.0,0.0,0.0,1.0,1.0,0.0,1.0,1.0,0.0,XS002_MOM_12_1,weekly,5,0,factor_topk
2134.0,7.36133235274311,0.28501961675533294,0.3972905730301954,0.8305112820640607,0.7603790920666307,1.0889265392616723,-0.5017757369409303,712.0,0.5680219185027789,0.40494574076390305,21.231756814710206,0.14440718290107085,0.0,0.0,0.0,0.0,0.0,1.0,1.0,1.0,0.0,0.0,1.0,1.0,0.0,1.0,1.0,0.0,XS002_MOM_12_1,weekly,5,5,factor_topk
2134.0,6.642155217498998,0.27144412646136273,0.39732587849993795,0.8037267344166068,0.7336004446607737,1.049278293528301,-0.5132624646871982,713.0,0.5288602715703966,0.40494574076390305,21.231756814710206,0.27226808229574473,0.0,0.0,0.0,0.0,0.0,1.0,1.0,1.0,0.0,0.0,1.0,1.0,0.0,1.0,1.0,0.0,XS002_MOM_12_1,weekly,5,10,factor_topk
2134.0,5.383541091183067,0.24471005987253114,0.39741694130819855,0.7501333113229258,0.6800223833477874,0.9702498112671563,-0.5354579523303071,733.0,0.4570107863886523,0.40494574076390305,21.231756814710206,0.48492878618224833,0.0,0.0,0.0,0.0,0.0,1.0,1.0,1.0,0.0,0.0,1.0,1.0,0.0,1.0,1.0,0.0,XS002_MOM_12_1,weekly,5,20,factor_topk
2134.0,4.772965619453827,0.23001995137247389,0.3462205444724096,0.7720292416153116,0.6915477630706203,0.9710950003273038,-0.48334945044183086,643.0,0.47588747884623045,0.38193879554623295,20.025477017842977,0.0,0.0,0.0,0.0,0.0,0.0,1.0,1.0,1.0,0.0,0.0,1.0,1.0,0.0,1.0,1.0,0.0,XS002_MOM_12_1,weekly,10,0,factor_topk
2134.0,4.3035955708863645,0.21776402467510358,0.34623917499746265,0.7430696860019258,0.6625921244234246,0.9292728392365754,-0.49306116502704966,646.0,0.44165722251347234,0.38193879554623295,20.025477017842977,0.108867343472151,0.0,0.0,0.0,0.0,0.0,1.0,1.0,1.0,0.0,0.0,1.0,1.0,0.0,1.0,1.0,0.0,XS002_MOM_12_1,weekly,10,5,factor_topk
2134.0,3.8722851428534444,0.2056272229038585,0.34626381643365856,0.7141008502127482,0.633628590896665,0.8875451538277481,-0.5025928402488535,664.0,0.4091328137544585,0.38193879554623295,20.025477017842977,0.20705261816913323,0.0,0.0,0.0,0.0,0.0,1.0,1.0,1.0,0.0,0.0,1.0,1.0,0.0,1.0,1.0,0.0,XS002_MOM_12_1,weekly,10,10,factor_topk
2134.0,3.1117800809466685,0.18170648840584902,0.34633112659439247,0.6561413906981393,0.575683888297704,0.8043787675920757,-0.5221727038902108,1032.0,0.3479815912477372,0.38193879554623295,20.025477017842977,0.3751846836396898,0.0,0.0,0.0,0.0,0.0,1.0,1.0,1.0,0.0,0.0,1.0,1.0,0.0,1.0,1.0,0.0,XS002_MOM_12_1,weekly,10,20,factor_topk
2134.0,3.8390811422199373,0.20465405987516516,0.2972227144891866,0.7759954230081142,0.6822353116452018,0.951071329913726,-0.4320679506969769,582.0,0.4736617459013886,0.3420757852991816,17.93541493231248,0.0,2.0,1.0,1.0,1.0,0.0,1.0,1.0,1.0,0.0,0.0,0.9998377082297665,0.9998377082297665,0.0,0.9998377082297665,0.9998377082297665,0.0,XS002_MOM_12_1,weekly,20,0,factor_topk
2134.0,3.4851688905405,0.19389825821535767,0.2972241747239239,0.7458023295419566,0.6520426974851119,0.9078674355587273,-0.44086274131161196,592.0,0.43981548007094096,0.3420757852991816,17.93541493231248,0.10927796437629268,2.0,1.0,1.0,1.0,0.0,1.0,1.0,1.0,0.0,0.0,0.9998377082297665,0.9998377082297665,0.0,0.9998377082297665,0.9998377082297665,0.0,XS002_MOM_12_1,weekly,20,5,factor_topk
2134.0,3.1570749152017727,0.18323628730566544,0.29723083018037594,0.7155970247899365,0.621839493018424,0.8647556198439298,-0.44952319157982623,592.0,0.40762365710585674,0.3420757852991816,17.93541493231248,0.2089937470224704,2.0,1.0,1.0,1.0,0.0,1.0,1.0,1.0,0.0,0.0,0.9998377082297665,0.9998377082297665,0.0,0.9998377082297665,0.9998377082297665,0.0,XS002_MOM_12_1,weekly,20,10,factor_topk
2134.0,2.570963381483633,0.16219064640719383,0.2972597250902202,0.6551561244601015,0.5614076546378085,0.7788152164378064,-0.46644913623201834,613.0,0.3477134671475047,0.3420757852991816,17.93541493231248,0.3827857369412568,2.0,1.0,1.0,1.0,0.0,1.0,1.0,1.0,0.0,0.0,0.9998377082297665,0.9998377082297665,0.0,0.9998377082297665,0.9998377082297665,0.0,XS002_MOM_12_1,weekly,20,20,factor_topk
2134.0,2.969270727223152,0.17679444596411553,0.2423044999176015,0.7936789052006736,0.678662982405042,0.9462716832157277,-0.3685540636345854,347.0,0.4796974539382748,0.3123531029781545,16.37702154921263,0.0,7.0,5.0,2.0,3.0,0.0,1.0,1.0,1.0,0.0,0.0,0.9997992071311135,0.9997992071311135,0.0,0.9997992071311135,0.9997992071311135,0.0,XS002_MOM_12_1,weekly,50,0,factor_topk
2134.0,2.7033354621659154,0.16719675631567932,0.2423235559858775,0.7598249816067905,0.644818448935802,0.8978317222076041,-0.3691053841136366,362.0,0.4529783728763068,0.3123531029781545,16.37702154921263,0.10145037552977376,7.0,5.0,2.0,3.0,0.0,1.0,1.0,1.0,0.0,0.0,0.9997992071311135,0.9997992071311135,0.0,0.9997992071311135,0.9997992071311135,0.0,XS002_MOM_12_1,weekly,50,5,factor_topk
2134.0,2.4551752793463084,0.15767567425417828,0.24234745544302536,0.7259618732051668,0.6109669929520904,0.8495168184156069,-0.36965632186553576,364.0,0.42654667302439253,0.3123531029781545,16.37702154921263,0.19488027192981836,7.0,5.0,2.0,3.0,0.0,1.0,1.0,1.0,0.0,0.0,0.9997992071311135,0.9997992071311135,0.0,0.9997992071311135,0.9997992071311135,0.0,XS002_MOM_12_1,weekly,50,10,factor_topk
2134.0,2.007517944889751,0.13886094454879894,0.24240977850343862,0.6582162493819783,0.5432514521882031,0.7532712699091696,-0.3797011503017452,578.0,0.3657111505678804,0.3123531029781545,16.37702154921263,0.35999819786668974,7.0,5.0,2.0,3.0,0.0,1.0,1.0,1.0,0.0,0.0,0.9997992071311135,0.9997992071311135,0.0,0.9997992071311135,0.9997992071311135,0.0,XS002_MOM_12_1,weekly,50,20,factor_topk
2134.0,4.750000012948381,0.22944110902465176,0.359430933348967,0.7557679743074206,0.6782247728537624,0.9551215470481905,-0.38759658021908805,498.0,0.5919585484860592,0.9607506248462667,11.572227769938351,0.0,1.0,4.0,1.0,0.0,0.0,1.0,1.0,1.0,0.0,0.0,0.9988071546252559,0.9988071546252559,0.0,0.9988071546252559,0.9988071546252559,0.0,XS003_MOM_12_7,monthly,5,0,factor_topk
2134.0,4.474976532176374,0.2223460023703714,0.3594232004979105,0.7396646475994526,0.6621200774440948,0.9317558722594986,-0.3887944158691856,502.0,0.5718857918092689,0.9607506248462667,11.572227769938351,0.08845022950864706,1.0,4.0,1.0,0.0,0.0,1.0,1.0,1.0,0.0,0.0,0.9988071546252559,0.9988071546252559,0.0,0.9988071546252559,0.9988071546252559,0.0,XS003_MOM_12_7,monthly,5,5,factor_topk
2134.0,4.212965708578868,0.21528793895717424,0.3594240721335555,0.7235433061742766,0.6459992179073306,0.9084040721140814,-0.38999056119950626,503.0,0.5520337166494654,0.9607506248462667,11.572227769938351,0.1716197418127629,1.0,4.0,1.0,0.0,0.0,1.0,1.0,1.0,0.0,0.0,0.9988071546252559,0.9988071546252559,0.0,0.9988071546252559,0.9988071546252559,0.0,XS003_MOM_12_7,monthly,5,10,factor_topk
2134.0,3.7255742569652597,0.20128224878069712,0.35945162799665137,0.6912512148700279,0.6137136413380586,0.8617457646803452,-0.3923777869554691,599.0,0.5129807432334099,0.9607506248462667,11.572227769938351,0.3232298326809557,1.0,4.0,1.0,0.0,0.0,1.0,1.0,1.0,0.0,0.0,0.9988071546252559,0.9988071546252559,0.0,0.9988071546252559,0.9988071546252559,0.0,XS003_MOM_12_7,monthly,5,20,factor_topk
2134.0,8.10433774379861,0.29800335163594815,0.3150839715545574,0.9862911827872265,0.897847839326167,1.2807437574266465,-0.3558994119558174,346.0,0.8373246530481576,0.9645591760319596,11.618101715429002,0.0,1.0,4.0,1.0,0.0,0.0,1.0,1.0,1.0,0.0,0.0,0.9994037955361007,0.9994037955361007,0.0,0.9994037955361007,0.9994037955361007,0.0,XS003_MOM_12_7,monthly,10,0,factor_topk
2134.0,7.667197563845809,0.29048306860834217,0.31508275368076544,0.9678375523182955,0.879393736076123,1.2533389647138846,-0.35706187120489763,365.0,0.8135370702789219,0.9645591760319596,11.618101715429002,0.11299045230866511,1.0,4.0,1.0,0.0,0.0,1.0,1.0,1.0,0.0,0.0,0.9994037955361007,0.9994037955361007,0.0,0.9994037955361007,0.9994037955361007,0.0,XS003_MOM_12_7,monthly,10,5,factor_topk
2134.0,7.2508325504046525,0.28300242837915235,0.3150908169722845,0.9493558145957385,0.860914131246472,1.2259447171446975,-0.35822277597004626,365.0,0.7900179646947305,0.9645591760319596,11.618101715429002,0.21884321294977913,1.0,4.0,1.0,0.0,0.0,1.0,1.0,1.0,0.0,0.0,0.9994037955361007,0.9994037955361007,0.0,0.9994037955361007,0.9994037955361007,0.0,XS003_MOM_12_7,monthly,10,10,factor_topk
2134.0,6.476564772208588,0.2681593228522967,0.31513478338152134,0.9123145733703757,0.8238849698765937,1.1711949257791059,-0.36053992751545116,368.0,0.7437715004277982,0.9645591760319596,11.618101715429002,0.4106852363919148,1.0,4.0,1.0,0.0,0.0,1.0,1.0,1.0,0.0,0.0,0.9994037955361007,0.9994037955361007,0.0,0.9994037955361007,0.9994037955361007,0.0,XS003_MOM_12_7,monthly,10,20,factor_topk
2134.0,6.541853675237945,0.2694620420602729,0.27530917117646103,1.0051306589429958,0.9038935726445244,1.2853391350217434,-0.3445726621499494,300.0,0.782018052096686,0.9232967815541848,11.121096754015355,0.0,1.0,4.0,1.0,0.0,0.0,1.0,1.0,1.0,0.0,0.0,0.99970226756531,0.99970226756531,0.0,0.99970226756531,0.99970226756531,0.0,XS003_MOM_12_7,monthly,20,0,factor_topk
2134.0,6.194870241440267,0.26242100361872867,0.27528792980343975,0.9849665200445102,0.8837217533010413,1.255532429565146,-0.3448718195725605,305.0,0.7609233017182364,0.9232967815541848,11.121096754015355,0.10083006244244004,1.0,4.0,1.0,0.0,0.0,1.0,1.0,1.0,0.0,0.0,0.99970226756531,0.99970226756531,0.0,0.99970226756531,0.99970226756531,0.0,XS003_MOM_12_7,monthly,20,5,factor_topk
2134.0,5.863691978241171,0.25541558943429066,0.2752761927772331,0.9647659579292951,0.8635170101746777,1.2257341691074453,-0.34517097699517063,307.0,0.7399683242715515,0.9232967815541848,11.121096754015355,0.1957513488415261,1.0,4.0,1.0,0.0,0.0,1.0,1.0,1.0,0.0,0.0,0.99970226756531,0.99970226756531,0.0,0.99970226756531,0.99970226756531,0.0,XS003_MOM_12_7,monthly,20,10,factor_topk
2134.0,5.245931974727419,0.24151098218704514,0.2752812356436079,0.9242639092606638,0.8230171018998177,1.1661668740150786,-0.3457692918403922,336.0,0.6984743523682465,0.9232967815541848,11.121096754015355,0.3690740455913608,1.0,4.0,1.0,0.0,0.0,1.0,1.0,1.0,0.0,0.0,0.99970226756531,0.99970226756531,0.0,0.99970226756531,0.99970226756531,0.0,XS003_MOM_12_7,monthly,20,20,factor_topk
2134.0,3.6145080441372137,0.19791307681174652,0.23410094589680736,0.8890275914781215,0.7700011636808826,1.0877049380803279,-0.35083837831142006,329.0,0.5641146723009588,0.8216710340201525,9.897016053633553,0.0,7.0,8.0,4.0,0.0,0.0,1.0,1.0,1.0,0.0,0.0,0.9992931825122056,0.9992931825122056,0.0,0.9992931825122056,0.9992931825122056,0.0,XS003_MOM_12_7,monthly,50,0,factor_topk
2134.0,3.4250916203768123,0.1919985624154601,0.23408356926671378,0.8679184722446142,0.7488826945060147,1.056932651100499,-0.3510935808133464,336.0,0.5468586522450071,0.8216710340201525,9.897016053633553,0.06937728357933251,7.0,8.0,4.0,0.0,0.0,1.0,1.0,1.0,0.0,0.0,0.9992931825122056,0.9992931825122056,0.0,0.9992931825122056,0.9992931825122056,0.0,XS003_MOM_12_7,monthly,50,5,factor_topk
2134.0,3.24337345605852,0.18611071141055757,0.23407494196095133,0.8467745666289281,0.7277338844637257,1.0261782905015846,-0.3513487833152724,417.0,0.5297035887087637,0.8216710340201525,9.897016053633553,0.13532736552970295,7.0,8.0,4.0,0.0,0.0,1.0,1.0,1.0,0.0,0.0,0.9992931825122056,0.9992931825122056,0.0,0.9992931825122056,0.9992931825122056,0.0,XS003_MOM_12_7,monthly,50,10,factor_topk
2134.0,2.901805254289675,0.17441456456308635,0.2340839382108928,0.8043918622572171,0.6853547128835308,0.9647253433014271,-0.3518591883191243,419.0,0.49569421618996706,0.8216710340201525,9.897016053633553,0.25755720632530055,7.0,8.0,4.0,0.0,0.0,1.0,1.0,1.0,0.0,0.0,0.9992931825122056,0.9992931825122056,0.0,0.9992931825122056,0.9992931825122056,0.0,XS003_MOM_12_7,monthly,50,20,factor_topk
2134.0,3.980196399847215,0.20875006128532303,0.3774595427090246,0.6914874847735044,0.617663972082764,0.8851451811484108,-0.45877563944723276,564.0,0.4550155747956468,0.5273548496084502,27.649802911429372,0.0,1.0,4.0,1.0,0.0,0.0,1.0,1.0,1.0,0.0,0.0,1.0,1.0,0.0,1.0,1.0,0.0,XS003_MOM_12_7,weekly,5,0,factor_topk
2134.0,3.429890378804112,0.1921511365424644,0.37744408228015164,0.6548560871729662,0.5810291404635104,0.8311998316460169,-0.4727089171566443,577.0,0.4064893416825267,0.5273548496084502,27.649802911429372,0.15647692856611978,1.0,4.0,1.0,0.0,0.0,1.0,1.0,1.0,0.0,0.0,1.0,1.0,0.0,1.0,1.0,0.0,XS003_MOM_12_7,weekly,5,5,factor_topk
2134.0,2.940221335225328,0.17577412033973538,0.37744022700741847,0.6182026800787614,0.5443745529069497,0.7774151426713443,-0.48628920877218185,601.0,0.3614600471672867,0.5273548496084502,27.649802911429372,0.29254257716224075,1.0,4.0,1.0,0.0,0.0,1.0,1.0,1.0,0.0,0.0,1.0,1.0,0.0,1.0,1.0,0.0,XS003_MOM_12_7,weekly,5,10,factor_topk
2134.0,2.1168737998980056,0.14367430310636342,0.3774673322823314,0.5448433610821644,0.4710196343360916,0.6703402833915615,-0.5124258120677142,794.0,0.2803806906732826,0.5273548496084502,27.649802911429372,0.5131609242414559,1.0,4.0,1.0,0.0,0.0,1.0,1.0,1.0,0.0,0.0,1.0,1.0,0.0,1.0,1.0,0.0,XS003_MOM_12_7,weekly,5,20,factor_topk
2134.0,6.88895429220048,0.2762252094243778,0.3193042721606211,0.9242452240604361,0.836985119905046,1.1975920805607354,-0.35480329517200493,478.0,0.7785305637887796,0.4969525986598869,26.055778987280892,0.0,1.0,4.0,1.0,0.0,0.0,1.0,1.0,1.0,0.0,0.0,1.0,1.0,0.0,1.0,1.0,0.0,XS003_MOM_12_7,weekly,10,0,factor_topk
2134.0,6.064788801599007,0.25970399631414476,0.3192884795958871,0.8834382871765268,0.796172964040934,1.137121356837519,-0.3603022737040742,481.0,0.7207947750211716,0.4969525986598869,26.055778987280892,0.20459760725550177,1.0,4.0,1.0,0.0,0.0,1.0,1.0,1.0,0.0,0.0,1.0,1.0,0.0,1.0,1.0,0.0,XS003_MOM_12_7,weekly,10,5,factor_topk
2134.0,5.326509455880253,0.2433916644731311,0.31928318001565903,0.8425996210606332,0.7553319396936993,1.0768343136885983,-0.37403978589319486,483.0,0.6507106293302989,0.4969525986598869,26.055778987280892,0.3815617642809756,1.0,4.0,1.0,0.0,0.0,1.0,1.0,1.0,0.0,0.0,1.0,1.0,0.0,1.0,1.0,0.0,XS003_MOM_12_7,weekly,10,10,factor_topk
2134.0,4.072823820301222,0.21138336267284563,0.31930406086411883,0.7608432030599609,0.6735793894184899,0.9568249402407888,-0.40064842675323353,505.0,0.5276031267259671,0.4969525986598869,26.055778987280892,0.6655731312793249,1.0,4.0,1.0,0.0,0.0,1.0,1.0,1.0,0.0,0.0,1.0,1.0,0.0,1.0,1.0,0.0,XS003_MOM_12_7,weekly,10,20,factor_topk
2134.0,6.993682770155478,0.2782142797196909,0.27778106380868806,1.023225693964605,0.9229100418730142,1.3252976658866438,-0.3222264575577086,313.0,0.8634122779004408,0.4610489408513263,24.1733101658731,0.0,3.0,4.0,1.0,1.0,0.0,1.0,1.0,1.0,0.0,0.0,0.9997910053438469,0.9997910053438469,0.0,0.9997910053438469,0.9997910053438469,0.0,XS003_MOM_12_7,weekly,20,0,factor_topk
2134.0,6.215886690263888,0.26285590218706956,0.27779569101699314,0.9796386979122226,0.8793277040550854,1.2604152411848282,-0.32324291546656037,336.0,0.8131837995820271,0.4610489408513263,24.1733101658731,0.21467516442302403,3.0,4.0,1.0,1.0,0.0,1.0,1.0,1.0,0.0,0.0,0.9997910053438469,0.9997910053438469,0.0,0.9997910053438469,0.9997910053438469,0.0,XS003_MOM_12_7,weekly,20,5,factor_topk
2134.0,5.513593567047849,0.24767804486953104,0.2778198198379529,0.9360242780116825,0.8357213830928636,1.1957380100569166,-0.3248838157291035,341.0,0.7623588276125498,0.4610489408513263,24.1733101658731,0.40223437140669166,3.0,4.0,1.0,1.0,0.0,1.0,1.0,1.0,0.0,0.0,0.9997910053438469,0.9997910053438469,0.0,0.9997910053438469,0.9997910053438469,0.0,XS003_MOM_12_7,weekly,20,10,factor_topk
2134.0,4.306974449122384,0.21785561496493555,0.2778965714433072,0.8487311288205555,0.7484547428285684,1.0670127232548785,-0.3294273177254122,347.0,0.6613161788438107,0.4610489408513263,24.1733101658731,0.7078308366593251,3.0,4.0,1.0,1.0,0.0,1.0,1.0,1.0,0.0,0.0,0.9997910053438469,0.9997910053438469,0.0,0.9997910053438469,0.9997910053438469,0.0,XS003_MOM_12_7,weekly,20,20,factor_topk
2134.0,3.8794678661945987,0.2058369687971966,0.23589735212664129,0.9120557528184602,0.7939210786737229,1.1259206728772164,-0.3468558419382818,306.0,0.5934366497820799,0.4149762745223305,21.757668886482904,0.0,7.0,8.0,4.0,3.0,0.0,1.0,1.0,1.0,0.0,0.0,0.9997746283999132,0.9997746283999132,0.0,0.9997746283999132,0.9997746283999132,0.0,XS003_MOM_12_7,weekly,50,0,factor_topk
2134.0,3.4499858336057976,0.19278848240804414,0.2358986445306058,0.8659036791591687,0.7477694566830525,1.0584706403068054,-0.3475236862967961,313.0,0.5547491869184328,0.4149762745223305,21.757668886482904,0.1510334136598832,7.0,8.0,4.0,3.0,0.0,1.0,1.0,1.0,0.0,0.0,0.9997746283999132,0.9997746283999132,0.0,0.9997746283999132,0.9997746283999132,0.0,XS003_MOM_12_7,weekly,50,5,factor_topk
2134.0,3.0582205907529856,0.17987826132194962,0.23590849972603525,0.8197223565842467,0.7015928630049852,0.9912399417193771,-0.34819099467465653,332.0,0.5166080228181221,0.4149762745223305,21.757668886482904,0.28580622615001494,7.0,8.0,4.0,3.0,0.0,1.0,1.0,1.0,0.0,0.0,0.9997746283999132,0.9997746283999132,0.0,0.9997746283999132,0.9997746283999132,0.0,XS003_MOM_12_7,weekly,50,10,factor_topk
2134.0,2.3749103562668155,0.15446689312730366,0.23595389326730246,0.7272921129180401,0.6091849012627172,0.8574553073783796,-0.34952400475315315,422.0,0.44193500597017343,0.4149762745223305,21.757668886482904,0.5128228730657718,7.0,8.0,4.0,3.0,0.0,1.0,1.0,1.0,0.0,0.0,0.9997746283999132,0.9997746283999132,0.0,0.9997746283999132,0.9997746283999132,0.0,XS003_MOM_12_7,weekly,50,20,factor_topk
2134.0,0.715004944887691,0.06577113217976627,0.19009927952990044,0.4304102925165597,0.28377462793993086,0.3897145481679722,-0.2482641877603846,1026.0,0.26492396174049127,1.8490070187932788,22.271263547826823,0.0,4.0,3.0,1.0,0.0,0.0,1.0,1.0,1.0,0.0,0.0,0.994522074117765,0.994522074117765,0.0,0.994522074117765,0.994522074117765,0.0,XS004_HIGH_52W,monthly,5,0,factor_topk
2134.0,0.5606027081449365,0.05396339223610824,0.19008760570141095,0.37180652581086515,0.22516897319756446,0.30842457986033067,-0.25574305088332283,1051.0,0.21100628951489228,1.8490070187932788,22.271263547826823,0.12094681742829336,4.0,3.0,1.0,0.0,0.0,1.0,1.0,1.0,0.0,0.0,0.994522074117765,0.994522074117765,0.0,0.994522074117765,0.994522074117765,0.0,XS004_HIGH_52W,monthly,5,5,factor_topk
2134.0,0.41997476804594047,0.042275500762095186,0.19012873487172985,0.3131085792034825,0.16650987108342927,0.2274820758800767,-0.2648022364800464,1051.0,0.1596493342505465,1.8490070187932788,22.271263547826823,0.2299900470266401,4.0,3.0,1.0,0.0,0.0,1.0,1.0,1.0,0.0,0.0,0.994522074117765,0.994522074117765,0.0,0.994522074117765,0.994522074117765,0.0,XS004_HIGH_52W,monthly,5,10,factor_topk
2134.0,0.17527837922862277,0.019254851595909228,0.1903692213740136,0.19562610649159248,0.04922679584628718,0.06689995251088438,-0.28858205104801393,1051.0,0.06672227716860198,1.8490070187932788,22.271263547826823,0.4166569554345939,4.0,3.0,1.0,0.0,0.0,1.0,1.0,1.0,0.0,0.0,0.994522074117765,0.994522074117765,0.0,0.994522074117765,0.994522074117765,0.0,XS004_HIGH_52W,monthly,5,20,factor_topk
2134.0,1.4118690128478426,0.10956161265232245,0.17522459016002345,0.6813483656271181,0.5222299811676575,0.7215677659980223,-0.23487196604012062,623.0,0.46647377505073223,1.8097704670159036,21.798659833259975,0.0,7.0,4.0,2.0,0.0,0.0,1.0,1.0,1.0,0.0,0.0,0.9955205358779137,0.9955205358779137,0.0,0.9955205358779137,0.9955205358779137,0.0,XS004_HIGH_52W,monthly,10,0,factor_topk
2134.0,1.1991287341604489,0.09752830266262014,0.17518219907661856,0.619204509514968,0.46005634193417627,0.633938419185581,-0.24664854072166598,654.0,0.39541406722806166,1.8097704670159036,21.798659833259975,0.13813622128550715,7.0,4.0,2.0,0.0,0.0,1.0,1.0,1.0,0.0,0.0,0.9955205358779137,0.9955205358779137,0.0,0.9955205358779137,0.9955205358779137,0.0,XS004_HIGH_52W,monthly,10,5,factor_topk
2134.0,1.0049829908938133,0.0856146039434964,0.17519448148391373,0.5568567363563133,0.39772845370140203,0.5465725476765113,-0.25825388577813946,948.0,0.3315133233543914,1.8097704670159036,21.798659833259975,0.262484435678025,7.0,4.0,2.0,0.0,0.0,1.0,1.0,1.0,0.0,0.0,0.9955205358779137,0.9955205358779137,0.0,0.9955205358779137,0.9955205358779137,0.0,XS004_HIGH_52W,monthly,10,10,factor_topk
2134.0,0.6661719118888383,0.062141726171693,0.17538296969258105,0.4317834643982953,0.2728435935490601,0.37290038615114257,-0.2809602318387916,1012.0,0.2211762346756194,1.8097704670159036,21.798659833259975,0.47477816754942104,7.0,4.0,2.0,0.0,0.0,1.0,1.0,1.0,0.0,0.0,0.9955205358779137,0.9955205358779137,0.0,0.9955205358779137,0.9955205358779137,0.0,XS004_HIGH_52W,monthly,10,20,factor_topk
2134.0,1.0768693191207621,0.09013992415722138,0.17244265725572658,0.5871654454552039,0.4254983567192141,0.583533112757829,-0.2626220852111665,593.0,0.3432305553614906,1.7042561254666326,20.527741072630892,0.0,9.0,4.0,2.0,0.0,0.0,1.0,1.0,1.0,0.0,0.0,0.9973368967172075,0.9973368967172075,0.0,0.9973368967172075,0.9973368967172075,0.0,XS004_HIGH_52W,monthly,20,0,factor_topk
2134.0,0.9039047804768159,0.07900329897066949,0.17239217115906316,0.5277077888761965,0.3660011296255613,0.5006107919542383,-0.26398560758229817,613.0,0.29927123563370783,1.7042561254666326,20.527741072630892,0.11942641916269874,9.0,4.0,2.0,0.0,0.0,1.0,1.0,1.0,0.0,0.0,0.9973368967172075,0.9973368967172075,0.0,0.9973368967172075,0.9973368967172075,0.0,XS004_HIGH_52W,monthly,20,5,factor_topk
2134.0,0.7452134369549666,0.06797093859353875,0.1723909895490595,0.46808138564475665,0.30638140048371737,0.41796311379766865,-0.2653478764109747,640.0,0.25615783895803396,1.7042561254666326,20.527741072630892,0.2276706629405733,9.0,4.0,2.0,0.0,0.0,1.0,1.0,1.0,0.0,0.0,0.9973368967172075,0.9973368967172075,0.0,0.9973368967172075,0.9973368967172075,0.0,XS004_HIGH_52W,monthly,20,10,factor_topk
2134.0,0.46607698359447514,0.04621547007438509,0.17253650157281433,0.34852715982057597,0.18697906918548746,0.2537305842911724,-0.2831069206258233,696.0,0.16324387257020517,1.7042561254666326,20.527741072630892,0.4144251735470484,9.0,4.0,2.0,0.0,0.0,1.0,1.0,1.0,0.0,0.0,0.9973368967172075,0.9973368967172075,0.0,0.9973368967172075,0.9973368967172075,0.0,XS004_HIGH_52W,monthly,20,20,factor_topk
2134.0,1.3278971082438171,0.10492819218819482,0.16798306963800652,0.6784379001578175,0.5124659352984817,0.7070513411236422,-0.2899123313638283,523.0,0.3619307660856763,1.3654380513277444,16.446682132768668,0.0,19.0,14.0,6.0,1.0,0.0,1.0,1.0,1.0,0.0,0.0,0.9978391558827849,0.9978391558827849,0.0,0.9978391558827849,0.9978391558827849,0.0,XS004_HIGH_52W,monthly,50,0,factor_topk
2134.0,1.1712506240663862,0.09587605620706374,0.1679256851234426,0.6296089613577233,0.46358703937521134,0.6382873501428256,-0.29040989435846665,559.0,0.33014046032715194,1.3654380513277444,16.446682132768668,0.10077621834877401,19.0,14.0,6.0,1.0,0.0,1.0,1.0,1.0,0.0,0.0,0.9978391558827849,0.9978391558827849,0.0,0.9978391558827849,0.9978391558827849,0.0,XS004_HIGH_52W,monthly,50,5,factor_topk
2134.0,1.0250450414862127,0.08689174236742936,0.1679015280338044,0.580631710181984,0.4145926636650845,0.5696615668857701,-0.2909074573531043,589.0,0.2986920416480074,1.3654380513277444,16.446682132768668,0.19389193549346387,19.0,14.0,6.0,1.0,0.0,1.0,1.0,1.0,0.0,0.0,0.9978391558827849,0.9978391558827849,0.0,0.9978391558827849,0.9978391558827849,0.0,XS004_HIGH_52W,monthly,50,10,factor_topk
2134.0,0.7612446661447163,0.06912474047979855,0.1679529337585973,0.48234835729656816,0.3163736229180762,0.4329462175904168,-0.2919025833423794,625.0,0.23680756671728567,1.3654380513277444,16.446682132768668,0.35926287459388867,19.0,14.0,6.0,1.0,0.0,1.0,1.0,1.0,0.0,0.0,0.9978391558827849,0.9978391558827849,0.0,0.9978391558827849,0.9978391558827849,0.0,XS004_HIGH_52W,monthly,50,20,factor_topk
2134.0,-0.04742919977739768,-0.005721569417045935,0.19432996314480241,0.06803775640724555,-0.07537058459599638,-0.10093706501827143,-0.45012915708283296,1157.0,-0.012710950461698373,1.5697770102319928,82.30515938183562,0.0,7.0,3.0,1.0,1.0,0.0,1.0,1.0,1.0,0.0,0.0,0.9985034613767183,0.9985034613767183,0.0,0.9985034613767183,0.9985034613767183,0.0,XS004_HIGH_52W,weekly,5,0,factor_topk
2134.0,-0.3278188565843707,-0.0458246599625044,0.19459667332826558,-0.14331064153576867,-0.2865180976593428,-0.380303080855599,-0.5679809114087017,2116.0,-0.08067992962800537,1.5697770102319928,82.30515938183562,0.2506014694933019,7.0,3.0,1.0,1.0,0.0,1.0,1.0,1.0,0.0,0.0,0.9985034613767183,0.9985034613767183,0.0,0.9985034613767183,0.9985034613767183,0.0,XS004_HIGH_52W,weekly,5,5,factor_topk
2134.0,-0.5258144042045558,-0.08434186526793397,0.195005259216586,-0.3538228823318128,-0.49672498385532765,-0.6535144870813517,-0.6905276311771228,2116.0,-0.1221411880711548,1.5697770102319928,82.30515938183562,0.4311978005266614,7.0,3.0,1.0,1.0,0.0,1.0,1.0,1.0,0.0,0.0,0.9985034613767183,0.9985034613767183,0.0,0.9985034613767183,0.9985034613767183,0.0,XS004_HIGH_52W,weekly,5,10,factor_topk
2134.0,-0.764228966951864,-0.1568621409576767,0.19624420576650523,-0.7705522814097404,-0.912538911447756,-1.1797951390691022,-0.8413302872791283,2116.0,-0.18644537505593747,1.5697770102319928,82.30515938183562,0.6567196941447992,7.0,3.0,1.0,1.0,0.0,1.0,1.0,1.0,0.0,0.0,0.9985034613767183,0.9985034613767183,0.0,0.9985034613767183,0.9985034613767183,0.0,XS004_HIGH_52W,weekly,5,20,factor_topk
2134.0,0.5694785625568348,0.054669486695421154,0.18125848840109424,0.3846463802159222,0.2308984149589491,0.31318265836271675,-0.3633947981073412,892.0,0.15044102716977428,1.4913896153028992,78.19522084208565,0.0,11.0,3.0,1.0,1.0,0.0,1.0,1.0,1.0,0.0,0.0,0.9987423044236068,0.9987423044236068,0.0,0.9987423044236068,0.9987423044236068,0.0,XS004_HIGH_52W,weekly,10,0,factor_topk
2134.0,0.12696056908904074,0.01421446923280767,0.18146327882135432,0.16886367286526494,0.015285752790828838,0.020552524539202633,-0.41539748607549065,2081.0,0.03421895824912252,1.4913896153028992,78.19522084208565,0.2737266197833781,11.0,3.0,1.0,1.0,0.0,1.0,1.0,1.0,0.0,0.0,0.9987423044236068,0.9987423044236068,0.0,0.9987423044236068,0.9987423044236068,0.0,XS004_HIGH_52W,weekly,10,5,factor_topk
2134.0,-0.19100021292488334,-0.02471891244623481,0.1818042444803947,-0.046397761323467325,-0.1996901590047855,-0.26617090897955414,-0.47611523274126044,2116.0,-0.05191791975214544,1.4913896153028992,78.19522084208565,0.46670082233281956,11.0,3.0,1.0,1.0,0.0,1.0,1.0,1.0,0.0,0.0,0.9987423044236068,0.9987423044236068,0.0,0.9987423044236068,0.9987423044236068,0.0,XS004_HIGH_52W,weekly,10,10,factor_topk
2134.0,-0.5834318211959153,-0.09824314151179103,0.18289135090019676,-0.47345618536183215,-0.6258395548984146,-0.8198968438148423,-0.6999383018716254,2116.0,-0.14035971634798414,1.4913896153028992,78.19522084208565,0.6975999452587942,11.0,3.0,1.0,1.0,0.0,1.0,1.0,1.0,0.0,0.0,0.9987423044236068,0.9987423044236068,0.0,0.9987423044236068,0.9987423044236068,0.0,XS004_HIGH_52W,weekly,10,20,factor_topk
2134.0,0.5211860554777437,0.05078427613091918,0.17522512470726323,0.37067319759256595,0.21163687549754917,0.28629560797894277,-0.331295194550697,959.0,0.15329010793468612,1.3620798617623473,71.41536624782826,0.0,14.0,7.0,4.0,1.0,0.0,1.0,1.0,1.0,0.0,0.0,0.9993242908929728,0.9993242908929728,0.0,0.9993242908929728,0.9993242908929728,0.0,XS004_HIGH_52W,weekly,20,0,factor_topk
2134.0,0.12411803651608766,0.01391204527987222,0.1754016126290508,0.1668147229905099,0.0079294614190455,0.010640045174765899,-0.38270014741518643,2081.0,0.036352338439993394,1.3620798617623473,71.41536624782826,0.26108349275932613,14.0,7.0,4.0,1.0,0.0,1.0,1.0,1.0,0.0,0.0,0.9993242908929728,0.9993242908929728,0.0,0.9993242908929728,0.9993242908929728,0.0,XS004_HIGH_52W,weekly,20,5,factor_topk
2134.0,-0.1694878431586665,-0.021691736581958998,0.17569672814119525,-0.03660918729812494,-0.1952361285843764,-0.2598750650880767,-0.47353685435918247,2116.0,-0.04580791628417922,1.3620798617623473,71.41536624782826,0.45161713230317746,14.0,7.0,4.0,1.0,0.0,1.0,1.0,1.0,0.0,0.0,0.9993242908929728,0.9993242908929728,0.0,0.9993242908929728,0.9993242908929728,0.0,XS004_HIGH_52W,weekly,20,10,factor_topk
2134.0,-0.5469698980163991,-0.08926359141362095,0.1766402246380524,-0.4405309509180238,-0.5983263565950706,-0.783778746924131,-0.6658745420974665,2116.0,-0.13405466911596553,1.3620798617623473,71.41536624782826,0.6916120807767734,14.0,7.0,4.0,1.0,0.0,1.0,1.0,1.0,0.0,0.0,0.9993242908929728,0.9993242908929728,0.0,0.9993242908929728,0.9993242908929728,0.0,XS004_HIGH_52W,weekly,20,20,factor_topk
2134.0,0.6831894815128545,0.0634170440681161,0.16584798145003796,0.45406261436229894,0.2859991015142977,0.38652024466578383,-0.3120587278019822,894.0,0.20322150421749324,0.969171816135567,50.81475921451562,0.0,19.0,8.0,5.0,2.0,0.0,1.0,1.0,1.0,0.0,0.0,0.9996222528746576,0.9996222528746576,0.0,0.9996222528746576,0.9996222528746576,0.0,XS004_HIGH_52W,weekly,50,0,factor_topk
2134.0,0.35726996091737595,0.036731522091565605,0.16594221503514345,0.3007284023396717,0.1327740666805703,0.1783570768484356,-0.3139084263341989,1027.0,0.11701349505176972,0.969171816135567,50.81475921451562,0.22969161407192012,19.0,8.0,5.0,2.0,0.0,1.0,1.0,1.0,0.0,0.0,0.9996222528746576,0.9996222528746576,0.0,0.9996222528746576,0.9996222528746576,0.0,XS004_HIGH_52W,weekly,50,5,factor_topk
2134.0,0.09432957055214386,0.010701543060753105,0.16610492567064664,0.14750740397137427,-0.020269088087327757,-0.027064310779888745,-0.3447212531429703,1144.0,0.031044047801470274,0.969171816135567,50.81475921451562,0.41175036617070837,19.0,8.0,5.0,2.0,0.0,1.0,1.0,1.0,0.0,0.0,0.9996222528746576,0.9996222528746576,0.0,0.9996222528746576,0.9996222528746576,0.0,XS004_HIGH_52W,weekly,50,10,factor_topk
2134.0,-0.28885577201684387,-0.039454448122699826,0.16663489130222503,-0.15784182468208208,-0.3250594903076444,-0.4288535904014457,-0.44097088263766604,2116.0,-0.08947177620141983,0.969171816135567,50.81475921451562,0.6692309848039729,19.0,8.0,5.0,2.0,0.0,1.0,1.0,1.0,0.0,0.0,0.9996222528746576,0.9996222528746576,0.0,0.9996222528746576,0.9996222528746576,0.0,XS004_HIGH_52W,weekly,50,20,factor_topk
2134.0,0.6639600288530356,0.061975122215692124,0.38749438965596095,0.34995793477174475,0.2780210980878825,0.3994336576297791,-0.6678356324464385,1163.0,0.09279996335125563,1.9204587365396169,23.131898483605582,0.0,0.0,1.0,1.0,0.0,0.0,1.0,1.0,1.0,0.0,0.0,1.0,1.0,0.0,1.0,1.0,0.0,XS007_ST_REV_21,monthly,5,0,factor_topk
2134.0,0.5086411982241996,0.049757235328753424,0.3875394412836337,0.32010317814193856,0.24817644144263754,0.35610134422839296,-0.6752514890535946,1163.0,0.07368696868553548,1.9204587365396169,23.131898483605582,0.1328701141362046,0.0,1.0,1.0,0.0,0.0,1.0,1.0,1.0,0.0,0.0,1.0,1.0,0.0,1.0,1.0,0.0,XS007_ST_REV_21,monthly,5,5,factor_topk
2134.0,0.36769003647780885,0.03766824556884907,0.3876120432249103,0.29023473147239076,0.21832320929537533,0.31286723547299317,-0.6825085987381173,1163.0,0.055190873255653444,1.9204587365396169,23.131898483605582,0.2532534290698234,0.0,1.0,1.0,0.0,0.0,1.0,1.0,1.0,0.0,0.0,1.0,1.0,0.0,1.0,1.0,0.0,XS007_ST_REV_21,monthly,5,10,factor_topk
2134.0,0.12374232010883346,0.013872021447718152,0.38783983028955055,0.23048230542829792,0.15861651372031968,0.22672389609266416,-0.6965595220069363,1163.0,0.01991505536777375,1.9204587365396169,23.131898483605582,0.4610395601781961,0.0,1.0,1.0,0.0,0.0,1.0,1.0,1.0,0.0,0.0,1.0,1.0,0.0,1.0,1.0,0.0,XS007_ST_REV_21,monthly,5,20,factor_topk
2134.0,0.42566278635623367,0.042767657173258256,0.3552438078636675,0.29691463125011214,0.21844778631904568,0.30957970644646926,-0.6538397152144919,1166.0,0.0654100021428468,1.8754713976785,22.590026619460247,0.0,0.0,1.0,1.0,0.0,0.0,1.0,1.0,1.0,0.0,0.0,1.0,1.0,0.0,1.0,1.0,0.0,XS007_ST_REV_21,monthly,10,0,factor_topk
2134.0,0.2955591291369879,0.031050320047683933,0.3552774836301828,0.26511447343922456,0.18665755313054502,0.2641940131001245,-0.6541858754992773,1166.0,0.04746406367148511,1.8754713976785,22.590026619460247,0.13042268843058244,0.0,1.0,1.0,0.0,0.0,1.0,1.0,1.0,0.0,0.0,1.0,1.0,0.0,1.0,1.0,0.0,XS007_ST_REV_21,monthly,10,5,factor_topk
2134.0,0.1772214491104116,0.0194536991197225,0.35533989167773244,0.23330147760138426,0.15486082440227478,0.2189139508918781,-0.6545320357840632,1166.0,0.029721538528544193,1.8754713976785,22.590026619460247,0.24874154079374483,0.0,1.0,1.0,0.0,0.0,1.0,1.0,1.0,0.0,0.0,1.0,1.0,0.0,1.0,1.0,0.0,XS007_ST_REV_21,monthly,10,10,factor_topk
2134.0,-0.02827981524519696,-0.0033819079343297975,0.3555508371315306,0.16966788724004156,0.09127874380860528,0.12870657254029122,-0.6552243563536341,1166.0,-0.005161450275063543,1.8754713976785,22.590026619460247,0.4532838092471798,0.0,1.0,1.0,0.0,0.0,1.0,1.0,1.0,0.0,0.0,1.0,1.0,0.0,1.0,1.0,0.0,XS007_ST_REV_21,monthly,10,20,factor_topk
2134.0,1.1427151691038033,0.09416536035002476,0.31404500427424176,0.4443826337201383,0.3556025678208637,0.5086899884561266,-0.5906624008989217,1163.0,0.15942331898342552,1.8452584980515652,22.226112668189987,0.0,2.0,5.0,2.0,0.0,0.0,1.0,1.0,1.0,0.0,0.0,0.9996479515012572,0.9996479515012572,0.0,0.9996479515012572,0.9996479515012572,0.0,XS007_ST_REV_21,monthly,20,0,factor_topk
2134.0,0.9501802139655584,0.08206755408488231,0.31406163267149534,0.40896779872839706,0.32019628619567425,0.45740515613249366,-0.5909802798645338,1163.0,0.1388668232782557,1.8452584980515652,22.226112668189987,0.1548729217377649,2.0,5.0,2.0,0.0,0.0,1.0,1.0,1.0,0.0,0.0,0.9996479515012572,0.9996479515012572,0.0,0.9996479515012572,0.9996479515012572,0.0,XS007_ST_REV_21,monthly,20,5,factor_topk
2134.0,0.7747898360423373,0.0700924189013139,0.31410967322322064,0.3735193566229297,0.2847652784340775,0.40622455691448833,-0.5912981588301466,1163.0,0.11853989033212652,1.8452584980515652,22.226112668189987,0.2947277029492907,2.0,5.0,2.0,0.0,0.0,1.0,1.0,1.0,0.0,0.0,0.9996479515012572,0.9996479515012572,0.0,0.9996479515012572,0.9996479515012572,0.0,XS007_ST_REV_21,monthly,20,10,factor_topk
2134.0,0.4695239760450791,0.04650564574057059,0.31429992375585114,0.3025643113759811,0.21387167410079738,0.3042326659004569,-0.5919339167613716,1163.0,0.07856560407116961,1.8452584980515652,22.226112668189987,0.5346701251712059,2.0,5.0,2.0,0.0,0.0,1.0,1.0,1.0,0.0,0.0,0.9996479515012572,0.9996479515012572,0.0,0.9996479515012572,0.9996479515012572,0.0,XS007_ST_REV_21,monthly,20,20,factor_topk
2134.0,1.0405002853143421,0.08786802717872644,0.27380405816714554,0.4447689103471942,0.3429453985949641,0.4912991064291109,-0.5219389624233131,1164.0,0.16834923909639457,1.7436010986231887,21.001650721185776,0.0,2.0,7.0,4.0,2.0,0.0,1.0,1.0,1.0,0.0,0.0,0.9994954562864893,0.9994954562864893,0.0,0.9994954562864893,0.9994954562864893,0.0,XS007_ST_REV_21,monthly,50,0,factor_topk
2134.0,0.8668121497320462,0.07649931123300169,0.2738365514860696,0.4063778388280125,0.30457088773387636,0.43561384517916074,-0.522306189641877,1164.0,0.14646449295470534,1.7436010986231887,21.001650721185776,0.1375723220337044,2.0,7.0,4.0,2.0,0.0,1.0,1.0,1.0,0.0,0.0,0.9994954562864893,0.9994954562864893,0.0,0.9994954562864893,0.9994954562864893,0.0,XS007_ST_REV_21,monthly,50,5,factor_topk
2134.0,0.7077746454387919,0.06523955082430022,0.27390116628279454,0.36795272082322306,0.2661742638461287,0.3800791482119793,-0.5226734168604409,1164.0,0.12481895715335345,1.7436010986231887,21.001650721185776,0.2621413695698252,2.0,7.0,4.0,2.0,0.0,1.0,1.0,1.0,0.0,0.0,0.9994954562864893,0.9994954562864893,0.0,0.9994954562864893,0.9994954562864893,0.0,XS007_ST_REV_21,monthly,50,10,factor_topk
2134.0,0.4288549935042052,0.0430431051086555,0.2741266581611145,0.29105460474509043,0.18936880370747655,0.26952439162482444,-0.5234078712975685,1164.0,0.08223625869811305,1.7436010986231887,21.001650721185776,0.4767053586426197,2.0,7.0,4.0,2.0,0.0,1.0,1.0,1.0,0.0,0.0,0.9994954562864893,0.9994954562864893,0.0,0.9994954562864893,0.9994954562864893,0.0,XS007_ST_REV_21,monthly,50,20,factor_topk
2134.0,3.57216660726354,0.1966098037902031,0.4175738791723082,0.6381035220985809,0.5713145708387076,0.8607416955664486,-0.7043616640777595,400.0,0.2791318917783946,1.1011533890190317,57.73470027673918,0.0,0.0,1.0,1.0,1.0,0.0,1.0,1.0,1.0,0.0,0.0,0.9995356349466998,0.9995356349466998,0.0,0.9995356349466998,0.9995356349466998,0.0,XS007_ST_REV_21,weekly,5,0,factor_topk
2134.0,2.5803222298963884,0.16254991491718496,0.41759830995344105,0.5689281359872929,0.5021494119013267,0.7540356087296541,-0.7053253050319077,405.0,0.23046091464112645,1.1011533890190317,57.73470027673918,0.5533748735967587,0.0,1.0,1.0,1.0,0.0,1.0,1.0,1.0,0.0,0.0,0.9995356349466998,0.9995356349466998,0.0,0.9995356349466998,0.9995356349466998,0.0,XS007_ST_REV_21,weekly,5,5,factor_topk
2134.0,1.8031999862693215,0.1294385809891947,0.41765919422659664,0.4997172239839615,0.432954457789342,0.6479804300529821,-0.7067762258844019,521.0,0.1831394099698612,1.1011533890190317,57.73470027673918,0.9534638922655412,0.0,1.0,1.0,1.0,0.0,1.0,1.0,1.0,0.0,0.0,0.9995356349466998,0.9995356349466998,0.0,0.9995356349466998,0.9995356349466998,0.0,XS007_ST_REV_21,weekly,5,10,factor_topk
2134.0,0.717565580738748,0.06595891971661394,0.4178902499763864,0.36126141539052387,0.29454770313044676,0.4379183455313603,-0.7100922678909138,798.0,0.09288781570953074,1.1011533890190317,57.73470027673918,1.4344502299203388,0.0,1.0,1.0,1.0,0.0,1.0,1.0,1.0,0.0,0.0,0.9995356349466998,0.9995356349466998,0.0,0.9995356349466998,0.9995356349466998,0.0,XS007_ST_REV_21,weekly,5,20,factor_topk
2134.0,1.8204223858874315,0.13025579288708156,0.3756005399336785,0.5152115228643419,0.4409609903545269,0.641186246946518,-0.7047780478262959,915.0,0.1848181754366805,1.0539208231222434,55.258244169400925,0.0,0.0,1.0,1.0,1.0,0.0,1.0,1.0,1.0,0.0,0.0,0.999770254121215,0.999770254121215,0.0,0.999770254121215,0.999770254121215,0.0,XS007_ST_REV_21,weekly,10,0,factor_topk
2134.0,1.2318872275111912,0.09944635113856215,0.3755911383797373,0.44162332053123254,0.3673800495078394,0.5325252779959047,-0.7063104572596717,1166.0,0.1407969400940091,1.0539208231222434,55.258244169400925,0.39832253572567455,0.0,1.0,1.0,1.0,0.0,1.0,1.0,1.0,0.0,0.0,0.999770254121215,0.999770254121215,0.0,0.999770254121215,0.999770254121215,0.0,XS007_ST_REV_21,weekly,10,5,factor_topk
2134.0,0.7659182883931228,0.0694593673366184,0.3756169807520758,0.3679969019027565,0.2937677265591544,0.42449132251132893,-0.7078359227566171,1166.0,0.09812919223725435,1.0539208231222434,55.258244169400925,0.6999940789148587,0.0,1.0,1.0,1.0,0.0,1.0,1.0,1.0,0.0,0.0,0.999770254121215,0.999770254121215,0.0,0.999770254121215,0.999770254121215,0.0,XS007_ST_REV_21,weekly,10,10,factor_topk
2134.0,0.10506494684152368,0.01186735093373148,0.37577435827388256,0.22071235688017216,0.14653182257991076,0.21041221030727333,-0.7108661298169436,1166.0,0.01669421348965868,1.0539208231222434,55.258244169400925,1.0940396954539389,0.0,1.0,1.0,1.0,0.0,1.0,1.0,1.0,0.0,0.0,0.999770254121215,0.999770254121215,0.0,0.999770254121215,0.999770254121215,0.0,XS007_ST_REV_21,weekly,10,20,factor_topk
2134.0,2.6565658866161597,0.16544629864613447,0.3414005670544563,0.6196759339604897,0.5379790858351128,0.791987763317082,-0.6609472969274095,700.0,0.2503169305862296,1.001500773645558,52.509802512490246,0.0,3.0,16.0,3.0,4.0,0.0,1.0,1.0,1.0,0.0,0.0,0.9999996166365374,0.9999996166365374,0.0,0.9999996166365374,0.9999996166365374,0.0,XS007_ST_REV_21,weekly,20,0,factor_topk
2134.0,1.9274474991712522,0.13523771821690045,0.34139610017158184,0.5427366821767798,0.4610485229083547,0.6764688075831912,-0.6624568281576605,949.0,0.2041457080199568,1.001500773645558,52.509802512490246,0.44111297532989163,3.0,16.0,3.0,4.0,0.0,1.0,1.0,1.0,0.0,0.0,0.9999996166365374,0.9999996166365374,0.0,0.9999996166365374,0.9999996166365374,0.0,XS007_ST_REV_21,weekly,20,5,factor_topk
2134.0,1.3434319659580796,0.10579637095186634,0.34142548678234663,0.4657492318014699,0.38407776699092244,0.5616516531897753,-0.6639604324787655,1201.0,0.15934137905913523,1.001500773645558,52.509802512490246,0.7767910001875604,3.0,16.0,3.0,4.0,0.0,1.0,1.0,1.0,0.0,0.0,0.9999996166365374,0.9999996166365374,0.0,0.9999996166365374,0.9999996166365374,0.0,XS007_ST_REV_21,weekly,20,10,factor_topk
2134.0,0.5011398113275776,0.04913949671153217,0.34158577547047997,0.31172141457550945,0.2301072891928061,0.3342443821251774,-0.6669499411674886,1253.0,0.07367793844544616,1.001500773645558,52.509802512490246,1.2174825911340794,3.0,16.0,3.0,4.0,0.0,1.0,1.0,1.0,0.0,0.0,0.9999996166365374,0.9999996166365374,0.0,0.9999996166365374,0.9999996166365374,0.0,XS007_ST_REV_21,weekly,20,20,factor_topk
2134.0,3.2760816954547076,0.1871866952316168,0.29449722544217066,0.7303654765702291,0.6356457887194188,0.9306581206321582,-0.5850371017640628,169.0,0.3199569645535174,0.9059734187116546,47.50119675389391,0.0,5.0,17.0,4.0,7.0,0.0,1.0,1.0,1.0,0.0,0.0,0.9998521703729829,0.9998521703729829,0.0,0.9998521703729829,0.9998521703729829,0.0,XS007_ST_REV_21,weekly,50,0,factor_topk
2134.0,2.4968482593140795,0.15931580705992476,0.2945197753155743,0.6496394159963378,0.5549384731276489,0.809790814065009,-0.5866389728838848,197.0,0.27157385448964816,0.9059734187116546,47.50119675389391,0.40479847094942417,5.0,17.0,4.0,7.0,0.0,1.0,1.0,1.0,0.0,0.0,0.9998521703729829,0.9998521703729829,0.0,0.9998521703729829,0.9998521703729829,0.0,XS007_ST_REV_21,weekly,50,5,factor_topk
2134.0,1.8593350474337553,0.1320861347733293,0.2945740186717277,0.5688645048116954,0.4741924074004923,0.689662122342063,-0.588235365672269,199.0,0.22454640180019392,0.9059734187116546,47.50119675389391,0.7180153273905763,5.0,17.0,4.0,7.0,0.0,1.0,1.0,1.0,0.0,0.0,0.9998521703729829,0.9998521703729829,0.0,0.9998521703729829,0.9998521703729829,0.0,XS007_ST_REV_21,weekly,50,10,factor_topk
2134.0,0.911233699607465,0.0794929510173612,0.29477750562481503,0.40727259653349673,0.31268837077886985,0.4517504514544689,-0.5914117815703399,553.0,0.13441218706581798,0.9059734187116546,47.50119675389391,1.1397397975924783,5.0,17.0,4.0,7.0,0.0,1.0,1.0,1.0,0.0,0.0,0.9998521703729829,0.9998521703729829,0.0,0.9998521703729829,0.9998521703729829,0.0,XS007_ST_REV_21,weekly,50,20,factor_topk
2134.0,1.3823657984778306,0.107950123106757,0.3657024382073175,0.46519816109005996,0.38896145191628434,0.5377486857252213,-0.6956891228529924,764.0,0.1551700602476836,1.8672269529623198,22.49072239875514,0.0,0.0,0.0,0.0,0.0,0.0,1.0,1.0,1.0,0.0,0.0,1.0,1.0,0.0,1.0,1.0,0.0,XS008_SAME_MONTH_5Y,monthly,5,0,factor_topk
2134.0,1.165866159061434,0.0955547822244458,0.3656811392943945,0.434428012605025,0.3581892914967424,0.4946583187123896,-0.7010007349576,775.0,0.13631195726239206,1.8672269529623198,22.49072239875514,0.11903854763966093,0.0,0.0,0.0,0.0,0.0,1.0,1.0,1.0,0.0,0.0,1.0,1.0,0.0,1.0,1.0,0.0,XS008_SAME_MONTH_5Y,monthly,5,5,factor_topk
2134.0,0.9688633033334266,0.08328656306559612,0.3656876851089529,0.4036235438922121,0.32738861760953525,0.4516288574460018,-0.7062247453320767,810.0,0.11793209401977783,1.8672269529623198,22.49072239875514,0.22595782887231153,0.0,0.0,0.0,0.0,0.0,1.0,1.0,1.0,0.0,0.0,1.0,1.0,0.0,1.0,1.0,0.0,XS008_SAME_MONTH_5Y,monthly,5,10,factor_topk
2134.0,0.6265428070666654,0.05912675890862529,0.36578429858213946,0.34193981963539044,0.26572988890864757,0.3657821214180249,-0.7164153826009587,815.0,0.08253139218474699,1.8672269529623198,22.49072239875514,0.4079760933225097,0.0,0.0,0.0,0.0,0.0,1.0,1.0,1.0,0.0,0.0,1.0,1.0,0.0,1.0,1.0,0.0,XS008_SAME_MONTH_5Y,monthly,5,20,factor_topk
2134.0,0.29266579905988643,0.030778140931038367,0.31840709874705947,0.2572385180175477,0.16969879631183268,0.2286876370605444,-0.6502945128881867,1141.0,0.04732954118641078,1.8255265217183725,21.988441290650915,0.0,0.0,0.0,0.0,0.0,0.0,1.0,1.0,1.0,0.0,0.0,1.0,1.0,0.0,1.0,1.0,0.0,XS008_SAME_MONTH_5Y,monthly,10,0,factor_topk
2134.0,0.17769805665094363,0.019502429393914777,0.3183743155296114,0.22268319602569608,0.13513732262004613,0.18187401415551172,-0.6563353168981358,1143.0,0.029714124612528783,1.8255265217183725,21.988441290650915,0.08897821327597635,0.0,0.0,0.0,0.0,0.0,1.0,1.0,1.0,0.0,0.0,1.0,1.0,0.0,1.0,1.0,0.0,XS008_SAME_MONTH_5Y,monthly,10,5,factor_topk
2134.0,0.07286296357930011,0.008339807579068603,0.3183720371362456,0.1881027321368232,0.10055909783819823,0.13516352563046363,-0.6622775072944301,1964.0,0.012592617878778354,1.8255265217183725,21.988441290650915,0.17001541427046737,0.0,0.0,0.0,0.0,0.0,1.0,1.0,1.0,0.0,0.0,1.0,1.0,0.0,1.0,1.0,0.0,XS008_SAME_MONTH_5Y,monthly,10,10,factor_topk
2134.0,-0.10987223518855971,-0.013650283896958881,0.3184589886746306,0.11890614233318314,0.031392143717288865,0.04208945918005258,-0.6739883483634993,1965.0,-0.0202529968509143,1.8255265217183725,21.988441290650915,0.3110229931625001,0.0,0.0,0.0,0.0,0.0,1.0,1.0,1.0,0.0,0.0,1.0,1.0,0.0,1.0,1.0,0.0,XS008_SAME_MONTH_5Y,monthly,10,20,factor_topk
2134.0,1.1963880405998162,0.0973666918303302,0.27072447836072866,0.47969303354383913,0.376720350723886,0.5177486805397477,-0.5017140076902247,820.0,0.1940681151769789,1.805336748830814,21.745255760050252,0.0,0.0,0.0,0.0,0.0,0.0,1.0,1.0,1.0,0.0,0.0,1.0,1.0,0.0,1.0,1.0,0.0,XS008_SAME_MONTH_5Y,monthly,20,0,factor_topk
2134.0,1.0031084106083368,0.08549469425553413,0.27067639817382655,0.43953231069630394,0.3365446665659997,0.4618166086054404,-0.5021881003996717,1125.0,0.17024436498493747,1.805336748830814,21.745255760050252,0.12658268404712902,0.0,0.0,0.0,0.0,0.0,1.0,1.0,1.0,0.0,0.0,1.0,1.0,0.0,1.0,1.0,0.0,XS008_SAME_MONTH_5Y,monthly,20,5,factor_topk
2134.0,0.826684051257008,0.07374050753202877,0.2706632502471645,0.39930577609802553,0.29631646501295544,0.40599338762676845,-0.5026621931091186,1138.0,0.14669992798925513,1.805336748830814,21.745255760050252,0.24096447700147877,0.0,0.0,0.0,0.0,0.0,1.0,1.0,1.0,0.0,0.0,1.0,1.0,0.0,1.0,1.0,0.0,XS008_SAME_MONTH_5Y,monthly,20,10,factor_topk
2134.0,0.5186997802761926,0.05058132112695657,0.27074175801005246,0.3187175585957492,0.21576478897705342,0.2947365708049681,-0.5098590442153278,1163.0,0.09920648010628337,1.805336748830814,21.745255760050252,0.43744203589545827,0.0,0.0,0.0,0.0,0.0,1.0,1.0,1.0,0.0,0.0,1.0,1.0,0.0,1.0,1.0,0.0,XS008_SAME_MONTH_5Y,monthly,20,20,factor_topk
2134.0,1.0357936772590604,0.08757141030620397,0.23752524932746244,0.47300788936886684,0.3556613547751325,0.491273662961407,-0.4538628569048212,912.0,0.19294685382145826,1.7195502792329598,20.711958939739457,0.0,0.0,1.0,1.0,0.0,0.0,1.0,1.0,1.0,0.0,0.0,1.0,1.0,0.0,1.0,1.0,0.0,XS008_SAME_MONTH_5Y,monthly,50,0,factor_topk
2134.0,0.864794210371443,0.07636183283152231,0.23748947183803515,0.42940724702730887,0.3120451075181493,0.4303105647868026,-0.4628013229446418,927.0,0.16499916712782683,1.7195502792329598,20.711958939739457,0.10670651343642706,0.0,1.0,1.0,0.0,0.0,1.0,1.0,1.0,0.0,0.0,1.0,1.0,0.0,1.0,1.0,0.0,XS008_SAME_MONTH_5Y,monthly,50,5,factor_topk
2134.0,0.7080281688378056,0.06525822375425983,0.2374897864451194,0.38573483565303956,0.2683749233364374,0.3694777641185458,-0.4716010944100215,1122.0,0.13837589549256374,1.7195502792329598,20.711958939739457,0.20378658962568172,0.0,1.0,1.0,0.0,0.0,1.0,1.0,1.0,0.0,0.0,1.0,1.0,0.0,1.0,1.0,0.0,XS008_SAME_MONTH_5Y,monthly,50,10,factor_topk
2134.0,0.4325966402145567,0.04336527285329628,0.23759867492778458,0.29825440168262224,0.18095240353287018,0.24829571757757804,-0.4887926614817333,1138.0,0.0887191569567312,1.7195502792329598,20.711958939739457,0.37231385082538604,0.0,1.0,1.0,0.0,0.0,1.0,1.0,1.0,0.0,0.0,1.0,1.0,0.0,1.0,1.0,0.0,XS008_SAME_MONTH_5Y,monthly,50,20,factor_topk
2134.0,0.8022820051591579,0.07203662155245127,0.3635855857945897,0.37507979065643543,0.2984127353556213,0.41153271483851667,-0.7062945835740212,816.0,0.10199231769261002,0.459287914443094,24.080977587258154,0.0,0.0,0.0,0.0,0.0,0.0,1.0,1.0,1.0,0.0,0.0,1.0,1.0,0.0,1.0,1.0,0.0,XS008_SAME_MONTH_5Y,weekly,5,0,factor_topk
2134.0,0.6275029910482766,0.05920057142360591,0.3635844301454286,0.34194643523901314,0.265281048730705,0.3653761070666067,-0.7117370036777342,816.0,0.08317759385517519,0.459287914443094,24.080977587258154,0.10281249449571883,0.0,0.0,0.0,0.0,0.0,1.0,1.0,1.0,0.0,0.0,1.0,1.0,0.0,1.0,1.0,0.0,XS008_SAME_MONTH_5Y,weekly,5,5,factor_topk
2134.0,0.4695416130867174,0.046507128922641305,0.36361082145684753,0.3087894736957589,0.23213156467845736,0.3193142983084951,-0.7170835052665993,957.0,0.06485594575955385,0.459287914443094,24.080977587258154,0.19494401285042773,0.0,0.0,0.0,0.0,0.0,1.0,1.0,1.0,0.0,0.0,1.0,1.0,0.0,1.0,1.0,0.0,XS008_SAME_MONTH_5Y,weekly,5,10,factor_topk
2134.0,0.19780166032122648,0.021542230335521717,0.3637462147191595,0.24243491588782293,0.16580936360938456,0.22750935136973482,-0.7274951435580059,988.0,0.02961151084825637,0.459287914443094,24.080977587258154,0.35137923022555934,0.0,0.0,0.0,0.0,0.0,1.0,1.0,1.0,0.0,0.0,1.0,1.0,0.0,1.0,1.0,0.0,XS008_SAME_MONTH_5Y,weekly,5,20,factor_topk
2134.0,0.01262305064230329,0.0014823999740360971,0.3236792454840571,0.16955957468186295,0.08345346862354813,0.11198770483788385,-0.6710736831820011,1964.0,0.0022089973294840966,0.45105136090583564,23.649125899265297,0.0,0.0,0.0,0.0,0.0,0.0,1.0,1.0,1.0,0.0,0.0,1.0,1.0,0.0,1.0,1.0,0.0,XS008_SAME_MONTH_5Y,weekly,10,0,factor_topk
2134.0,-0.08390205164583342,-0.010294935532664806,0.3237087199757845,0.13303778903178495,0.04694218190657911,0.06290247639421763,-0.6771116586728683,1964.0,-0.015204191806182708,0.45105136090583564,23.649125899265297,0.08383912730096671,0.0,0.0,0.0,0.0,0.0,1.0,1.0,1.0,0.0,0.0,1.0,1.0,0.0,1.0,1.0,0.0,XS008_SAME_MONTH_5Y,weekly,10,5,factor_topk
2134.0,-0.17129695057830874,-0.02194363053037518,0.3237675683588097,0.09651389653556135,0.010436598763832813,0.013965240836153506,-0.6830441853204434,1964.0,-0.03212622404519928,0.45105136090583564,23.649125899265297,0.1601137050523017,0.0,0.0,0.0,0.0,0.0,1.0,1.0,1.0,0.0,0.0,1.0,1.0,0.0,1.0,1.0,0.0,XS008_SAME_MONTH_5Y,weekly,10,10,factor_topk
2134.0,-0.32204402925782427,-0.044860281590296314,0.32397331478126035,0.023499540373631448,-0.06251777353946214,-0.0834209119380673,-0.6947851295527283,1965.0,-0.06456712972422908,0.45105136090583564,23.649125899265297,0.2927103413077984,0.0,0.0,0.0,0.0,0.0,1.0,1.0,1.0,0.0,0.0,1.0,1.0,0.0,1.0,1.0,0.0,XS008_SAME_MONTH_5Y,weekly,10,20,factor_topk
2134.0,0.7199407733488792,0.06613288693475239,0.27372301949163297,0.3720302425592191,0.27019932329837487,0.3699097822296256,-0.5110615286097129,1138.0,0.12940298424469493,0.4448281539928318,23.32283622022023,0.0,0.0,0.0,0.0,0.0,0.0,1.0,1.0,1.0,0.0,0.0,1.0,1.0,0.0,1.0,1.0,0.0,XS008_SAME_MONTH_5Y,weekly,20,0,factor_topk
2134.0,0.558145563448331,0.0537672948780481,0.27370669341559956,0.32940936899250894,0.22757507366967725,0.3110048134164358,-0.5197080772402922,1141.0,0.10345672355826838,0.4448281539928318,23.32283622022023,0.11394086759752799,0.0,0.0,0.0,0.0,0.0,1.0,1.0,1.0,0.0,0.0,1.0,1.0,0.0,1.0,1.0,0.0,XS008_SAME_MONTH_5Y,weekly,20,5,factor_topk
2134.0,0.4114527908706924,0.041534872081081975,0.2737243974329882,0.28674775699458294,0.18492274797862057,0.2522724678633093,-0.528432157368937,1163.0,0.07860019777729661,0.4448281539928318,23.32283622022023,0.21660865127419965,0.0,0.0,0.0,0.0,0.0,1.0,1.0,1.0,0.0,0.0,1.0,1.0,0.0,1.0,1.0,0.0,XS008_SAME_MONTH_5Y,weekly,20,10,factor_topk
2134.0,0.15790821142276057,0.017464246914021153,0.2738618566634599,0.20136602202861625,0.09959751704981379,0.13539814831632668,-0.5458476557349706,1163.0,0.031994727339271924,0.4448281539928318,23.32283622022023,0.3923298361739417,0.0,0.0,0.0,0.0,0.0,1.0,1.0,1.0,0.0,0.0,1.0,1.0,0.0,1.0,1.0,0.0,XS008_SAME_MONTH_5Y,weekly,20,20,factor_topk
2134.0,0.6624691601862103,0.061862716443644716,0.2394421642444815,0.3711690211636957,0.25477162320108865,0.3515874253356543,-0.4796904021797219,981.0,0.1289638403489822,0.4209856682224566,22.072748100315945,0.0,1.0,5.0,2.0,1.0,0.0,1.0,1.0,1.0,0.0,0.0,1.0,1.0,0.0,1.0,1.0,0.0,XS008_SAME_MONTH_5Y,weekly,50,0,factor_topk
2134.0,0.5140792126914564,0.05020336397866543,0.239421069477307,0.3250614557395327,0.20865507923271268,0.2874156981427338,-0.4886947568906109,1125.0,0.10272949171399216,0.4209856682224566,22.072748100315945,0.09969399275596903,1.0,5.0,2.0,1.0,0.0,1.0,1.0,1.0,0.0,0.0,1.0,1.0,0.0,1.0,1.0,0.0,XS008_SAME_MONTH_5Y,weekly,50,5,factor_topk
2134.0,0.3788304164666707,0.0386627855251247,0.23943517278812404,0.2789047584465415,0.1625065051864052,0.22343463640400357,-0.497550479063702,1138.0,0.07770625725832063,0.4209856682224566,22.072748100315945,0.19012440016591176,1.0,5.0,2.0,1.0,0.0,1.0,1.0,1.0,0.0,0.0,1.0,1.0,0.0,1.0,1.0,0.0,XS008_SAME_MONTH_5Y,weekly,50,10,factor_topk
2134.0,0.14323871084279816,0.015933493474475702,0.23956893326443005,0.18652545521372438,0.07019468830449029,0.09615312807018639,-0.5148253317056659,1163.0,0.030949319105348806,0.4209856682224566,22.072748100315945,0.34647973476379196,1.0,5.0,2.0,1.0,0.0,1.0,1.0,1.0,0.0,0.0,1.0,1.0,0.0,1.0,1.0,0.0,XS008_SAME_MONTH_5Y,weekly,50,20,factor_topk
2134.0,0.08870585195320158,0.010086804154116225,0.19364019360542428,0.14856768853685265,0.004646571889022899,0.006479952177352112,-0.3212643600158721,571.0,0.031397208683894735,0.17737436461037492,2.136471728184197,0.0,3.0,0.0,0.0,0.0,0.0,1.0,1.0,1.0,0.0,0.0,0.9970505680551378,0.9970505680551378,0.0,0.9970505680551378,0.9970505680551378,0.0,XS013_LOW_BETA_FP,monthly,5,0,factor_topk
2134.0,0.0789004190884095,0.009008224613419769,0.193637496461827,0.1430501849011352,-0.0008721893701186873,-0.001215987603567894,-0.3220992276039294,571.0,0.02796723444645067,0.17737436461037492,2.136471728184197,0.01110245672596943,3.0,0.0,0.0,0.0,0.0,1.0,1.0,1.0,0.0,0.0,0.9970505680551378,0.9970505680551378,0.0,0.9970505680551378,0.9970505680551378,0.0,XS013_LOW_BETA_FP,monthly,5,5,factor_topk
2134.0,0.06918070052084047,0.007930507531308972,0.19363625482983754,0.1375314937635544,-0.006391063849230765,-0.008907788390152277,-0.3229332075084562,572.0,0.02455773313774585,0.17737436461037492,2.136471728184197,0.022103404520266944,3.0,0.0,0.0,0.0,0.0,1.0,1.0,1.0,0.0,0.0,0.9970505680551378,0.9970505680551378,0.0,0.9970505680551378,0.9970505680551378,0.0,XS013_LOW_BETA_FP,monthly,5,10,factor_topk
2134.0,0.0499955031643029,0.005777658582926559,0.19363813817985503,0.12649104667861977,-0.0174286547959097,-0.024278093490083023,-0.32459850749222796,573.0,0.017799399718635173,0.17737436461037492,2.136471728184197,0.04380424833173994,3.0,0.0,0.0,0.0,0.0,1.0,1.0,1.0,0.0,0.0,0.9970505680551378,0.9970505680551378,0.0,0.9970505680551378,0.9970505680551378,0.0,XS013_LOW_BETA_FP,monthly,5,20,factor_topk
2134.0,0.262915051027111,0.027947842159984138,0.18238703995385566,0.24223149733912355,0.08941558523520572,0.1249323583976445,-0.3238687096092707,447.0,0.08629373981111553,0.18895648513618232,2.2759782070948598,0.0,3.0,1.0,1.0,0.0,0.0,1.0,1.0,1.0,0.0,0.0,0.998531507746816,0.998531507746816,0.0,0.998531507746816,0.998531507746816,0.0,XS013_LOW_BETA_FP,monthly,10,0,factor_topk
2134.0,0.250801760887956,0.02677858720886106,0.18239643500074754,0.23598867715806543,0.08318175362321932,0.11618628653293345,-0.32401182033862475,447.0,0.08264694535179229,0.18895648513618232,2.2759782070948598,0.01253273671231566,3.0,1.0,1.0,0.0,0.0,1.0,1.0,1.0,0.0,0.0,0.998531507746816,0.998531507746816,0.0,0.998531507746816,0.998531507746816,0.0,XS013_LOW_BETA_FP,monthly,10,5,factor_topk
2134.0,0.2388020618350961,0.025610408648005123,0.18240713872654332,0.22974485175111,0.076948008064779,0.10744534713950483,-0.324154931067979,447.0,0.07900669153366767,0.18895648513618232,2.2759782070948598,0.024939307721965908,3.0,1.0,1.0,0.0,0.0,1.0,1.0,1.0,0.0,0.0,0.998531507746816,0.998531507746816,0.0,0.998531507746816,0.998531507746816,0.0,XS013_LOW_BETA_FP,monthly,10,10,factor_topk
2134.0,0.21513927751279316,0.023277277133500363,0.18243247126528553,0.2172547246221334,0.06448131180739534,0.08997994693253232,-0.32444115252668715,447.0,0.07174576021636365,0.18895648513618232,2.2759782070948598,0.049378674552359926,3.0,1.0,1.0,0.0,0.0,1.0,1.0,1.0,0.0,0.0,0.998531507746816,0.998531507746816,0.0,0.998531507746816,0.998531507746816,0.0,XS013_LOW_BETA_FP,monthly,10,20,factor_topk
2134.0,0.47782657832488007,0.04720212111185118,0.1681303099449678,0.35835319716025954,0.192573513717096,0.2704471889717379,-0.3182164300357023,584.0,0.1483333877718235,0.16011317859096919,1.9285609852400525,0.0,5.0,5.0,3.0,0.0,0.0,1.0,1.0,1.0,0.0,0.0,0.9987132622575043,0.9987132622575043,0.0,0.9987132622575043,0.9987132622575043,0.0,XS013_LOW_BETA_FP,monthly,20,0,factor_topk
2134.0,0.4658070933532572,0.04619272470858182,0.16813953955390212,0.3526068527558216,0.18683700489412067,0.26231384548951314,-0.31829378029923183,585.0,0.14512606770121453,0.16011317859096919,1.9285609852400525,0.010708376771703805,5.0,5.0,3.0,0.0,0.0,1.0,1.0,1.0,0.0,0.0,0.9987132622575043,0.9987132622575043,0.0,0.9987132622575043,0.9987132622575043,0.0,XS013_LOW_BETA_FP,monthly,20,5,factor_topk
2134.0,0.45388332771802276,0.045184128271327006,0.1681497136087414,0.3468591909660688,0.1811001049475909,0.2541839856227306,-0.31837113056276145,586.0,0.14192281879157295,0.16011317859096919,1.9285609852400525,0.02132576821498225,5.0,5.0,3.0,0.0,0.0,1.0,1.0,1.0,0.0,0.0,0.9987132622575043,0.9987132622575043,0.0,0.9987132622575043,0.9987132622575043,0.0,XS013_LOW_BETA_FP,monthly,20,10,factor_topk
2134.0,0.43031997244960607,0.043169333004840826,0.16817289435458233,0.3353603049714488,0.16962551921134417,0.23793550353848222,-0.3185258310898208,588.0,0.13552851540215446,0.16011317859096919,1.9285609852400525,0.04229049232660006,5.0,5.0,3.0,0.0,0.0,1.0,1.0,1.0,0.0,0.0,0.9987132622575043,0.9987132622575043,0.0,0.9987132622575043,0.9987132622575043,0.0,XS013_LOW_BETA_FP,monthly,20,20,factor_topk
2134.0,0.9012280301055358,0.07882404823729505,0.15624396008696734,0.5640674158646023,0.38563576981018416,0.5348941950985382,-0.33207904190340676,520.0,0.23736532057395823,0.155574686403313,1.8738949106423417,0.0,9.0,6.0,4.0,1.0,0.0,1.0,1.0,1.0,0.0,0.0,0.9990755799302572,0.9990755799302572,0.0,0.9990755799302572,0.9990755799302572,0.0,XS013_LOW_BETA_FP,monthly,50,0,factor_topk
2134.0,0.886201690509326,0.07781364627460552,0.15625781539865607,0.5580335435780815,0.37961892690316995,0.5263813911525179,-0.3321289935471292,524.0,0.23428742382156328,0.155574686403313,1.8738949106423417,0.010993319117956576,9.0,6.0,4.0,1.0,0.0,1.0,1.0,1.0,0.0,0.0,0.9990755799302572,0.9990755799302572,0.0,0.9990755799302572,0.9990755799302572,0.0,XS013_LOW_BETA_FP,monthly,50,5,factor_topk
2134.0,0.8712919374242949,0.07680404290161569,0.1562725072937203,0.551997786178236,0.3736011449458018,0.517871662287715,-0.33217894519085145,561.0,0.23121285684584367,0.155574686403313,1.8738949106423417,0.02189150121598966,9.0,6.0,4.0,1.0,0.0,1.0,1.0,1.0,0.0,0.0,0.9990755799302572,0.9990755799302572,0.0,0.9990755799302572,0.9990755799302572,0.0,XS013_LOW_BETA_FP,monthly,50,10,factor_topk
2134.0,0.8418186435472674,0.07478722965574769,0.15630439987692232,0.5399210091913988,0.36156315354796104,0.5008620146307226,-0.3322788484782959,561.0,0.2250736993890621,0.155574686403313,1.8738949106423417,0.04340549922925088,9.0,6.0,4.0,1.0,0.0,1.0,1.0,1.0,0.0,0.0,0.9990755799302572,0.9990755799302572,0.0,0.9990755799302572,0.9990755799302572,0.0,XS013_LOW_BETA_FP,monthly,50,20,factor_topk
2134.0,-0.028827002440287464,-0.0034481963222635637,0.18873721627533185,0.07636033799791139,-0.07128750377127469,-0.09691338088002074,-0.3242231796699314,1144.0,-0.010635255399610624,0.07300181904302633,3.8275667896373617,0.0,3.0,0.0,0.0,0.0,0.0,1.0,1.0,1.0,0.0,0.0,0.9995277390923687,0.9995277390923687,0.0,0.9995277390923687,0.9995277390923687,0.0,XS013_LOW_BETA_FP,weekly,5,0,factor_topk
2134.0,-0.044441084499267425,-0.00535376726835457,0.18875988074246977,0.06623715644626452,-0.08139145544994922,-0.11058203501743585,-0.32577314183388806,1151.0,-0.016434035163906974,0.07300181904302633,3.8275667896373617,0.018263877187795173,3.0,0.0,0.0,0.0,0.0,1.0,1.0,1.0,0.0,0.0,0.9995277390923687,0.9995277390923687,0.0,0.9995277390923687,0.9995277390923687,0.0,XS013_LOW_BETA_FP,weekly,5,5,factor_topk
2134.0,-0.05980750123659029,-0.007256114756049481,0.18878467007093042,0.05611577397404649,-0.09149197957862337,-0.12422923959335261,-0.3320362287078704,1599.0,-0.021853382639258623,0.07300181904302633,3.8275667896373617,0.03623180767110323,3.0,0.0,0.0,0.0,0.0,1.0,1.0,1.0,0.0,0.0,0.9995277390923687,0.9995277390923687,0.0,0.9995277390923687,0.9995277390923687,0.0,XS013_LOW_BETA_FP,weekly,5,10,factor_topk
2134.0,-0.08981278194619136,-0.01105115875448226,0.188840619892896,0.035879770608698014,-0.11168138931406917,-0.1514572989759305,-0.3485113428692186,1599.0,-0.03170960997567671,0.07300181904302633,3.8275667896373617,0.07129832292443947,3.0,0.0,0.0,0.0,0.0,1.0,1.0,1.0,0.0,0.0,0.9995277390923687,0.9995277390923687,0.0,0.9995277390923687,0.9995277390923687,0.0,XS013_LOW_BETA_FP,weekly,5,20,factor_topk
2134.0,0.210065823030948,0.022771827253041943,0.1728959842167094,0.2169460931081734,0.05574660988452656,0.07597504544082945,-0.2995333683450748,459.0,0.07602434205863788,0.0790657669618005,4.145506341997158,0.0,3.0,1.0,1.0,0.0,0.0,1.0,1.0,1.0,0.0,0.0,0.9997649766787952,0.9997649766787952,0.0,0.9997649766787952,0.9997649766787952,0.0,XS013_LOW_BETA_FP,weekly,10,0,factor_topk
2134.0,0.18900989705638715,0.020653922752440712,0.17293372645584565,0.20495255676148275,0.043790676065457924,0.05964027471290778,-0.300412104215519,459.0,0.06875196592485953,0.0790657669618005,4.145506341997158,0.02256535892873699,3.0,1.0,1.0,0.0,0.0,1.0,1.0,1.0,0.0,0.0,0.9997649766787952,0.9997649766787952,0.0,0.9997649766787952,0.9997649766787952,0.0,XS013_LOW_BETA_FP,weekly,10,5,factor_topk
2134.0,0.16831751646236337,0.018540111390952685,0.17297297082279817,0.19296257863963706,0.03183968232855508,0.04333428542012548,-0.3012901906858988,460.0,0.06153572855706123,0.0790657669618005,4.145506341997158,0.044720042459957345,3.0,1.0,1.0,0.0,0.0,1.0,1.0,1.0,0.0,0.0,0.9997649766787952,0.9997649766787952,0.0,0.9997649766787952,0.9997649766787952,0.0,XS013_LOW_BETA_FP,weekly,10,10,factor_topk
2134.0,0.12799858309157752,0.01432473840010573,0.17305596181333754,0.16899454011003262,0.007953745906654075,0.010810422973514316,-0.3030444161688072,460.0,0.04726943522406402,0.0790657669618005,4.145506341997158,0.08782570999526845,3.0,1.0,1.0,0.0,0.0,1.0,1.0,1.0,0.0,0.0,0.9997649766787952,0.9997649766787952,0.0,0.9997649766787952,0.9997649766787952,0.0,XS013_LOW_BETA_FP,weekly,10,20,factor_topk
2134.0,0.4539945181877729,0.0451935671911039,0.16090903927186825,0.3553651521891057,0.18214235863209663,0.25143603932077,-0.3113525728746389,584.0,0.14515238070411052,0.0640704241844067,3.3592837962253497,0.0,5.0,5.0,3.0,2.0,0.0,1.0,1.0,1.0,0.0,0.0,0.9997191034020783,0.9997191034020783,0.0,0.9997191034020783,0.9997191034020783,0.0,XS013_LOW_BETA_FP,weekly,20,0,factor_topk
2134.0,0.43345888414461786,0.043439409593664546,0.16092723513668716,0.34490648118859274,0.1717048655027756,0.23687726743603568,-0.31194742584138113,584.0,0.13925234188581698,0.0640704241844067,3.3592837962253497,0.018603274167766658,5.0,5.0,3.0,2.0,0.0,1.0,1.0,1.0,0.0,0.0,0.9997191034020783,0.9997191034020783,0.0,0.9997191034020783,0.9997191034020783,0.0,XS013_LOW_BETA_FP,weekly,20,5,factor_topk
2134.0,0.4132114466548442,0.04168803581203906,0.1609463000623071,0.33444836909279513,0.1612688551096018,0.22233891386724508,-0.3125419245589629,585.0,0.13338382001347907,0.0640704241844067,3.3592837962253497,0.03693012037181605,5.0,5.0,3.0,2.0,0.0,1.0,1.0,1.0,0.0,0.0,0.9997191034020783,0.9997191034020783,0.0,0.9997191034020783,0.9997191034020783,0.0,XS013_LOW_BETA_FP,weekly,20,10,factor_topk
2134.0,0.37356514051576695,0.03819362289941197,0.16098703584685092,0.31353450071149586,0.14040195732313465,0.19332432976339256,-0.3137298597664845,588.0,0.12174047738981639,0.0640704241844067,3.3592837962253497,0.07277019455810475,5.0,5.0,3.0,2.0,0.0,1.0,1.0,1.0,0.0,0.0,0.9997191034020783,0.9997191034020783,0.0,0.9997191034020783,0.9997191034020783,0.0,XS013_LOW_BETA_FP,weekly,20,20,factor_topk
2134.0,0.8537741375011045,0.07560873325347539,0.15445484891851088,0.5494848892300228,0.3689818430201579,0.5101543535030786,-0.3345960301141844,561.0,0.2259702042121454,0.06270582402532218,3.2877362879780923,0.0,10.0,6.0,4.0,2.0,0.0,1.0,1.0,1.0,0.0,0.0,0.9998026636054588,0.9998026636054588,0.0,0.9998026636054588,0.9998026636054588,0.0,XS013_LOW_BETA_FP,weekly,50,0,factor_topk
2134.0,0.8281462274331304,0.07384196604408055,0.1544713308799012,0.5388001292882594,0.35831848893545737,0.4951155405931222,-0.33501592090563503,561.0,0.22041330407362894,0.06270582402532218,3.2877362879780923,0.019267538257339407,10.0,6.0,4.0,2.0,0.0,1.0,1.0,1.0,0.0,0.0,0.9998026636054588,0.9998026636054588,0.0,0.9998026636054588,0.9998026636054588,0.0,XS013_LOW_BETA_FP,weekly,50,5,factor_topk
2134.0,0.8028708869864023,0.07207797946289984,0.15448846266479319,0.5281154277963205,0.3476559401856852,0.4800954317651322,-0.33543565050214896,561.0,0.21487870879257684,0.06270582402532218,3.2877362879780923,0.03824138684981089,10.0,6.0,4.0,2.0,0.0,1.0,1.0,1.0,0.0,0.0,0.9998026636054588,0.9998026636054588,0.0,0.9998026636054588,0.9998026636054588,0.0,XS013_LOW_BETA_FP,weekly,50,10,factor_topk
2134.0,0.7533586723330499,0.0685583313080762,0.1545246748323513,0.5067467421339283,0.32633379731790907,0.4501120667043339,-0.336274626250199,561.0,0.2038760166729518,0.06270582402532218,3.2877362879780923,0.07532481292550786,10.0,6.0,4.0,2.0,0.0,1.0,1.0,1.0,0.0,0.0,0.9998026636054588,0.9998026636054588,0.0,0.9998026636054588,0.9998026636054588,0.0,XS013_LOW_BETA_FP,weekly,50,20,factor_topk
2134.0,0.8755416890894812,0.07709253259268034,0.1510408362582066,0.5676301587799117,0.3830601962457641,0.5287618150792839,-0.31762466863637495,326.0,0.24271582217985055,1.6134112608633469,19.43351595559113,0.0,15.0,12.0,6.0,0.0,0.0,1.0,1.0,1.0,0.0,0.0,0.9842541252558086,0.9842541252558086,0.0,0.9842541252558086,0.9842541252558086,0.0,XS015_MAX_21,monthly,5,0,factor_topk
2134.0,0.7273330885133922,0.06667297277996709,0.1510055138190558,0.5033369912137521,0.31873329196162387,0.4388817419023932,-0.3181705689014662,343.0,0.20955103738905198,1.6134112608633469,19.43351595559113,0.10437305606099292,15.0,12.0,6.0,0.0,0.0,1.0,1.0,1.0,0.0,0.0,0.9842541252558086,0.9842541252558086,0.0,0.9842541252558086,0.9842541252558086,0.0,XS015_MAX_21,monthly,5,5,factor_topk
2134.0,0.590725049370181,0.05634549418993395,0.15102240015489587,0.4388619703386103,0.2542885254985522,0.3492837761466511,-0.31871646916655705,435.0,0.17678877510558935,1.6134112608633469,19.43351595559113,0.19960712737760275,15.0,12.0,6.0,0.0,0.0,1.0,1.0,1.0,0.0,0.0,0.9842541252558086,0.9842541252558086,0.0,0.9842541252558086,0.9842541252558086,0.0,XS015_MAX_21,monthly,5,10,factor_topk
2134.0,0.34878253425956496,0.03596383750290544,0.15121267511009673,0.3096343761718486,0.12531283802894233,0.17126939709043285,-0.3198082696967388,437.0,0.11245437004180187,1.6134112608633469,19.43351595559113,0.36559441613244675,15.0,12.0,6.0,0.0,0.0,1.0,1.0,1.0,0.0,0.0,0.9842541252558086,0.9842541252558086,0.0,0.9842541252558086,0.9842541252558086,0.0,XS015_MAX_21,monthly,5,20,factor_topk
2134.0,0.9922612974667069,0.08479889675662133,0.15471495510381805,0.6040022557943606,0.42380509897343954,0.5801403117484956,-0.3450882272135908,390.0,0.2457310625787748,1.7028643908328127,20.510977648531686,0.0,17.0,13.0,7.0,0.0,0.0,1.0,1.0,1.0,0.0,0.0,0.991000381489623,0.991000381489623,0.0,0.991000381489623,0.991000381489623,0.0,XS015_MAX_21,monthly,10,0,factor_topk
2134.0,0.8264727628243043,0.0737258405790473,0.15474326740762898,0.5375991277153559,0.3574451457048878,0.4881047581525804,-0.34567764780909804,519.0,0.21327916643242928,1.7028643908328127,20.510977648531686,0.11223583966586514,17.0,13.0,7.0,0.0,0.0,1.0,1.0,1.0,0.0,0.0,0.991000381489623,0.991000381489623,0.0,0.991000381489623,0.991000381489623,0.0,XS015_MAX_21,monthly,10,5,factor_topk
2134.0,0.6743545161720323,0.06275636745364621,0.15482624253976118,0.47105392517532635,0.2910068406712148,0.3963949398616512,-0.3462670684046063,522.0,0.18123689250262928,1.7028643908328127,20.510977648531686,0.21403851650772132,17.0,13.0,7.0,0.0,0.0,1.0,1.0,1.0,0.0,0.0,0.991000381489623,0.991000381489623,0.0,0.991000381489623,0.991000381489623,0.0,XS015_MAX_21,monthly,10,10,factor_topk
2134.0,0.4067520942370835,0.04112465431910328,0.1551557727198809,0.3378207315805388,0.1581770519292982,0.21435339600099562,-0.34744590959562194,550.0,0.11836275282954571,1.7028643908328127,20.510977648531686,0.389884074433569,17.0,13.0,7.0,0.0,0.0,1.0,1.0,1.0,0.0,0.0,0.991000381489623,0.991000381489623,0.0,0.991000381489623,0.991000381489623,0.0,XS015_MAX_21,monthly,10,20,factor_topk
2134.0,0.7382827991009784,0.06746922951581213,0.1534810428693129,0.5024238305096848,0.32077365942874536,0.4432091530414607,-0.3251196467372106,454.0,0.20752123162321998,1.6679275946171714,20.0901644292595,0.0,20.0,13.0,7.0,0.0,0.0,1.0,1.0,1.0,0.0,0.0,0.994587869823507,0.994587869823507,0.0,0.994587869823507,0.994587869823507,0.0,XS015_MAX_21,monthly,20,0,factor_topk
2134.0,0.5964739156491659,0.05679559326006345,0.15353912018581098,0.43682744485247893,0.25526054819889515,0.3517909566628795,-0.32569570100853895,461.0,0.17438238541126586,1.6679275946171714,20.0901644292595,0.10656348794035539,20.0,13.0,7.0,0.0,0.0,1.0,1.0,1.0,0.0,0.0,0.994587869823507,0.994587869823507,0.0,0.994587869823507,0.994587869823507,0.0,XS015_MAX_21,monthly,20,5,factor_topk
2134.0,0.4661280173766733,0.04621977060038063,0.15364991825544602,0.37115327030308065,0.18973195495353928,0.26080229777069575,-0.3262717552798672,473.0,0.14166034862789317,1.6679275946171714,20.0901644292595,0.20354973870438534,20.0,13.0,7.0,0.0,0.0,1.0,1.0,1.0,0.0,0.0,0.994587869823507,0.994587869823507,0.0,0.994587869823507,0.994587869823507,0.0,XS015_MAX_21,monthly,20,10,factor_topk
2134.0,0.23622586033285597,0.025358313176746305,0.15402916743501477,0.23984292345918573,0.0588977075529286,0.08052329969238069,-0.3274238638225243,588.0,0.07744796876043047,1.6679275946171714,20.0901644292595,0.371945687842917,20.0,13.0,7.0,0.0,0.0,1.0,1.0,1.0,0.0,0.0,0.994587869823507,0.994587869823507,0.0,0.994587869823507,0.994587869823507,0.0,XS015_MAX_21,monthly,20,20,factor_topk
2134.0,0.8984385167895663,0.07863700925892791,0.15743749215831374,0.5599721661256928,0.38287218056374556,0.5266427141729939,-0.34648197348341947,414.0,0.2269584430853255,1.5142637526985099,18.23928561357193,0.0,21.0,14.0,8.0,0.0,0.0,1.0,1.0,1.0,0.0,0.0,0.9978097096911336,0.9978097096911336,0.0,0.9978097096911336,0.9978097096911336,0.0,XS015_MAX_21,monthly,50,0,factor_topk
2134.0,0.7572932273835817,0.0688412097648079,0.15748879927380285,0.5018985313419354,0.3248689182902848,0.44586412266305636,-0.34699446798603484,511.0,0.198392816359189,1.5142637526985099,18.23928561357193,0.10436388455802979,21.0,14.0,8.0,0.0,0.0,1.0,1.0,1.0,0.0,0.0,0.9978097096911336,0.9978097096911336,0.0,0.9978097096911336,0.9978097096911336,0.0,XS015_MAX_21,monthly,50,5,factor_topk
2134.0,0.626545501363996,0.05912696608191981,0.15758230174613125,0.4437438711614831,0.2668320638263813,0.36538606709803567,-0.34750696248864976,530.0,0.17014613364430362,1.5142637526985099,18.23928561357193,0.20010534660050644,21.0,14.0,8.0,0.0,0.0,1.0,1.0,1.0,0.0,0.0,0.9978097096911336,0.9978097096911336,0.0,0.9978097096911336,0.9978097096911336,0.0,XS015_MAX_21,monthly,50,10,factor_topk
2134.0,0.3932622465812219,0.03994068092385494,0.15789555908674727,0.32737936388092737,0.15084422044453002,0.20559636495647415,-0.34853195149388083,556.0,0.11459689923021643,1.5142637526985099,18.23928561357193,0.36832142144882424,21.0,14.0,8.0,0.0,0.0,1.0,1.0,1.0,0.0,0.0,0.9978097096911336,0.9978097096911336,0.0,0.9978097096911336,0.9978097096911336,0.0,XS015_MAX_21,monthly,50,20,factor_topk
2134.0,1.0567933731786678,0.08889020130993974,0.17251169886902162,0.5809527869624839,0.4193779319967513,0.5727213088838534,-0.37769376922469455,459.0,0.23534992777987263,1.0826870383046963,56.76648891370003,0.0,15.0,15.0,7.0,3.0,0.0,1.0,1.0,1.0,0.0,0.0,0.9969062204746338,0.9969062204746338,0.0,0.9969062204746338,0.9969062204746338,0.0,XS015_MAX_21,weekly,5,0,factor_topk
2134.0,0.6172276084578352,0.05840866705820935,0.172658092878855,0.41613720070573246,0.25470938587241904,0.345792449245868,-0.38081553330275975,800.0,0.1533778481976278,1.0826870383046963,56.76648891370003,0.28367901078335683,15.0,15.0,7.0,3.0,0.0,1.0,1.0,1.0,0.0,0.0,0.9969062204746338,0.9969062204746338,0.0,0.9969062204746338,0.9969062204746338,0.0,XS015_MAX_21,weekly,5,5,factor_topk
2134.0,0.2714039353532782,0.028761365388955795,0.17289272973406403,0.25147245187741235,0.09027474552854786,0.1218362461426235,-0.41827730237538485,842.0,0.06876147767431037,1.0826870383046963,56.76648891370003,0.49683580526112214,15.0,15.0,7.0,3.0,0.0,1.0,1.0,1.0,0.0,0.0,0.9969062204746338,0.9969062204746338,0.0,0.9969062204746338,0.9969062204746338,0.0,XS015_MAX_21,weekly,5,10,factor_topk
2134.0,-0.21457678508736588,-0.0281192067719489,0.17362516642727277,-0.07640387161927027,-0.23689677869856748,-0.31594964951404875,-0.486600691960144,2134.0,-0.057787025864426966,1.0826870383046963,56.76648891370003,0.7731765060087872,15.0,15.0,7.0,3.0,0.0,1.0,1.0,1.0,0.0,0.0,0.9969062204746338,0.9969062204746338,0.0,0.9969062204746338,0.9969062204746338,0.0,XS015_MAX_21,weekly,5,20,factor_topk
2134.0,1.3055306782309213,0.1036692079874475,0.16647169248946905,0.6767131930801016,0.5092374929904907,0.6989603186643367,-0.36077015068666973,429.0,0.287355280890421,1.0591089546184838,55.53026368994982,0.0,18.0,15.0,7.0,3.0,0.0,1.0,1.0,1.0,0.0,0.0,0.9980321042794965,0.9980321042794965,0.0,0.9980321042794965,0.9980321042794965,0.0,XS015_MAX_21,weekly,10,0,factor_topk
2134.0,0.8223326339390973,0.07343814400977111,0.16663039501198781,0.5095109520858242,0.34221523477477367,0.4668318378527501,-0.3630172730453193,454.0,0.20229931042593408,1.0591089546184838,55.53026368994982,0.3056110716038652,18.0,15.0,7.0,3.0,0.0,1.0,1.0,1.0,0.0,0.0,0.9980321042794965,0.9980321042794965,0.0,0.9980321042794965,0.9980321042794965,0.0,XS015_MAX_21,weekly,10,5,factor_topk
2134.0,0.44019857358674397,0.044017544678693454,0.16687148225523346,0.3424577469060025,0.17542563358234148,0.237845920322777,-0.3652734029579908,517.0,0.12050574808414344,1.0591089546184838,55.53026368994982,0.536311458717539,18.0,15.0,7.0,3.0,0.0,1.0,1.0,1.0,0.0,0.0,0.9980321042794965,0.9980321042794965,0.0,0.9980321042794965,0.9980321042794965,0.0,XS015_MAX_21,weekly,10,10,factor_topk
2134.0,-0.10086391742298073,-0.012476742929703799,0.16759926732079833,0.009780908450212717,-0.15647822449061188,-0.2095739066427846,-0.4335958755492054,1005.0,-0.02877504984082329,1.0591089546184838,55.53026368994982,0.836965135396193,18.0,15.0,7.0,3.0,0.0,1.0,1.0,1.0,0.0,0.0,0.9980321042794965,0.9980321042794965,0.0,0.9980321042794965,0.9980321042794965,0.0,XS015_MAX_21,weekly,10,20,factor_topk
2134.0,1.0133024938671666,0.08614558031709674,0.17313986678512278,0.565209797163112,0.4041799467321626,0.5516248575028674,-0.3327265810976415,434.0,0.25890802001123125,0.96591917824101,50.64421978211347,0.0,21.0,15.0,7.0,3.0,0.0,1.0,1.0,1.0,0.0,0.0,0.9989023860789407,0.9989023860789407,0.0,0.9989023860789407,0.9989023860789407,0.0,XS015_MAX_21,weekly,20,0,factor_topk
2134.0,0.6246346857011782,0.058979961182783924,0.1732817153722209,0.4186978185464053,0.25782358653953996,0.35001359123847003,-0.3343090842095946,454.0,0.17642344754773856,0.96591917824101,50.64421978211347,0.2813456693454141,21.0,15.0,7.0,3.0,0.0,1.0,1.0,1.0,0.0,0.0,0.9989023860789407,0.9989023860789407,0.0,0.9989023860789407,0.9989023860789407,0.0,XS015_MAX_21,weekly,20,5,factor_topk
2134.0,0.3108433770450363,0.032479294054823526,0.17348947299704617,0.27232201837971715,0.11166538221182608,0.15079513671161782,-0.33588907873278817,582.0,0.09669648735635722,0.96591917824101,50.64421978211347,0.5009291908133577,21.0,15.0,7.0,3.0,0.0,1.0,1.0,1.0,0.0,0.0,0.9989023860789407,0.9989023860789407,0.0,0.9989023860789407,0.9989023860789407,0.0,XS015_MAX_21,weekly,20,10,factor_topk
2134.0,-0.14692758293344654,-0.01859050316390809,0.17410169670957287,-0.01935846773344286,-0.17939719720689576,-0.23971093201785534,-0.37262557378812966,1051.0,-0.04989057239125091,0.96591917824101,50.64421978211347,0.8026798590033788,21.0,15.0,7.0,3.0,0.0,1.0,1.0,1.0,0.0,0.0,0.9989023860789407,0.9989023860789407,0.0,0.9989023860789407,0.9989023860789407,0.0,XS015_MAX_21,weekly,20,20,factor_topk
2134.0,1.1414247777371003,0.09408752776610685,0.16882997769577077,0.6180071688178205,0.45283768409363234,0.6187484475386525,-0.35174450487024733,462.0,0.2674882662369215,0.7606911690458273,39.88388637403914,0.0,22.0,19.0,9.0,4.0,0.0,1.0,1.0,1.0,0.0,0.0,0.9995334275405775,0.9995334275405775,0.0,0.9995334275405775,0.9995334275405775,0.0,XS015_MAX_21,weekly,50,0,factor_topk
2134.0,0.8086136437237055,0.07248067709594253,0.168975270497381,0.4995600873218941,0.3345577738814472,0.4551053768165197,-0.35359106395203743,485.0,0.2049844707211665,0.7606911690458273,39.88388637403914,0.23450042463360055,22.0,19.0,9.0,4.0,0.0,1.0,1.0,1.0,0.0,0.0,0.9995334275405775,0.9995334275405775,0.0,0.9995334275405775,0.9995334275405775,0.0,XS015_MAX_21,weekly,50,5,factor_topk
2134.0,0.5274124462626697,0.05129125654431155,0.1691630851562738,0.3812206734283098,0.21642720212554709,0.2931120561239263,-0.355433737802458,582.0,0.14430610009457814,0.7606911690458273,39.88388637403914,0.4275709267173229,22.0,19.0,9.0,4.0,0.0,1.0,1.0,1.0,0.0,0.0,0.9995334275405775,0.9995334275405775,0.0,0.9995334275405775,0.9995334275405775,0.0,XS015_MAX_21,weekly,50,10,factor_topk
2134.0,0.08913037903334997,0.010133307585696194,0.16966568323173425,0.1452196666309884,-0.019033099039216708,-0.025551054069452777,-0.3608219132443474,1124.0,0.028083958356581163,0.7606911690458273,39.88388637403914,0.7155241786656822,22.0,19.0,9.0,4.0,0.0,1.0,1.0,1.0,0.0,0.0,0.9995334275405775,0.9995334275405775,0.0,0.9995334275405775,0.9995334275405775,0.0,XS015_MAX_21,weekly,50,20,factor_topk
2134.0,-0.33952225305352035,-0.04780171187706572,0.28882148393573026,-0.024801688838309906,-0.1212899459397471,-0.1682215267263789,-0.6026783072093012,2116.0,-0.07931546781302169,0.27162646301092747,3.2717369284127833,0.0,0.0,0.0,0.0,0.0,0.0,1.0,1.0,1.0,0.0,0.0,1.0,1.0,0.0,1.0,1.0,0.0,XS018_AMIHUD_252,monthly,5,0,factor_topk
2134.0,-0.3486098430741935,-0.04935830054453172,0.2888152693367863,-0.03047146799153282,-0.12696166767807937,-0.17604670600737699,-0.6038938676914942,2116.0,-0.08173340248215097,0.27162646301092747,3.2717369284127833,0.010032757981189322,0.0,0.0,0.0,0.0,0.0,1.0,1.0,1.0,0.0,0.0,1.0,1.0,0.0,1.0,1.0,0.0,XS018_AMIHUD_252,monthly,5,5,factor_topk
2134.0,-0.35757458160749134,-0.05091272592168983,0.288810413492599,-0.03614132111617259,-0.1326330107533037,-0.18386776668468674,-0.6051059807036386,2116.0,-0.08413852704362088,0.27162646301092747,3.2717369284127833,0.019938613210721944,0.0,0.0,0.0,0.0,0.0,1.0,1.0,1.0,0.0,0.0,1.0,1.0,0.0,1.0,1.0,0.0,XS018_AMIHUD_252,monthly,5,10,factor_topk
2134.0,-0.3751420086591215,-0.05401509685858308,0.2888047783234629,-0.04748092914761228,-0.1439742405498655,-0.19949689394017914,-0.607519900413598,2116.0,-0.08891082715448455,0.27162646301092747,3.2717369284127833,0.03937621739746162,0.0,0.0,0.0,0.0,0.0,1.0,1.0,1.0,0.0,0.0,1.0,1.0,0.0,1.0,1.0,0.0,XS018_AMIHUD_252,monthly,5,20,factor_topk
2134.0,0.33148315657540484,0.03438583238611259,0.2797554062437318,0.26092889942079117,0.1612976085461415,0.2287239837761477,-0.49846274007397184,1270.0,0.0689837567016739,0.23889535923414246,2.877491243558762,0.0,2.0,0.0,0.0,1.0,0.0,1.0,1.0,1.0,0.0,0.0,0.9982267287233041,0.9982267287233041,0.0,0.9982267287233041,0.9982267287233041,0.0,XS018_AMIHUD_252,monthly,10,0,factor_topk
2134.0,0.31535786187968506,0.03289855678629694,0.27974486583631597,0.2557849514753641,0.1561503228180953,0.22137116435655407,-0.49854373697996246,1270.0,0.06598930915387109,0.23889535923414246,2.877491243558762,0.012717805632191936,2.0,0.0,0.0,1.0,0.0,1.0,1.0,1.0,0.0,0.0,0.9982267287233041,0.9982267287233041,0.0,0.9982267287233041,0.9982267287233041,0.0,XS018_AMIHUD_252,monthly,10,5,factor_topk
2134.0,0.299425137857267,0.031413164770358826,0.2797351842204713,0.2506398464105841,0.15100218535999155,0.21402083864655952,-0.4986247299357607,1270.0,0.06299961250298572,0.23889535923414246,2.877491243558762,0.025281560140301074,2.0,0.0,0.0,1.0,0.0,1.0,1.0,1.0,0.0,0.0,0.9982267287233041,0.9982267287233041,0.0,0.9982267287233041,0.9982267287233041,0.0,XS018_AMIHUD_252,monthly,10,10,factor_topk
2134.0,0.2681283582722078,0.02844802314826511,0.27971839771227974,0.24034635372203894,0.14070354437900587,0.19932787040373912,-0.49878670399678104,1270.0,0.05703444562637881,0.23889535923414246,2.877491243558762,0.049954228888207546,2.0,0.0,0.0,1.0,0.0,1.0,1.0,1.0,0.0,0.0,0.9982267287233041,0.9982267287233041,0.0,0.9982267287233041,0.9982267287233041,0.0,XS018_AMIHUD_252,monthly,10,20,factor_topk
2134.0,0.5561872452536243,0.05361081197875617,0.2621171509606117,0.33058336805910554,0.22423330095451274,0.3187950624150471,-0.49869251400263515,1257.0,0.10750274061357352,0.2115868285964718,2.54856037593426,0.0,5.0,0.0,0.0,1.0,0.0,1.0,1.0,1.0,0.0,0.0,0.9983408188540045,0.9983408188540045,0.0,0.9983408188540045,0.9983408188540045,0.0,XS018_AMIHUD_252,monthly,20,0,factor_topk
2134.0,0.5394836320344254,0.0522689757864645,0.2621151491445008,0.3257219169010089,0.2193716670325572,0.3118135076487031,-0.4992022635416249,1267.0,0.1047050055735698,0.2115868285964718,2.54856037593426,0.012374898365639068,5.0,0.0,0.0,1.0,0.0,1.0,1.0,1.0,0.0,0.0,0.9983408188540045,0.9983408188540045,0.0,0.9983408188540045,0.9983408188540045,0.0,XS018_AMIHUD_252,monthly,20,5,factor_topk
2134.0,0.522956959463311,0.050928656960944174,0.2621138192126143,0.3208595690158786,0.21450940831787932,0.3048343401685138,-0.49971155556634494,1267.0,0.10191610819010279,0.2115868285964718,2.54856037593426,0.024609396586327575,5.0,0.0,0.0,1.0,0.0,1.0,1.0,1.0,0.0,0.0,0.9983408188540045,0.9983408188540045,0.0,0.9983408188540045,0.9983408188540045,0.0,XS018_AMIHUD_252,monthly,20,10,factor_topk
2134.0,0.4904270565386091,0.048252565321297736,0.26211317503725684,0.31113233254727646,0.20478316597851187,0.29088333078909767,-0.5007287685061899,1268.0,0.09636467556127895,0.2115868285964718,2.54856037593426,0.04866325163232872,5.0,0.0,0.0,1.0,0.0,1.0,1.0,1.0,0.0,0.0,0.9983408188540045,0.9983408188540045,0.0,0.9983408188540045,0.9983408188540045,0.0,XS018_AMIHUD_252,monthly,20,20,factor_topk
2134.0,0.8435515915757148,0.07490659745335293,0.2555045978790326,0.41075322173880413,0.301639109225483,0.4296560232223023,-0.51660895380023,593.0,0.14499670766898656,0.17621225844043692,2.122474175704307,0.0,8.0,7.0,2.0,1.0,0.0,1.0,1.0,1.0,0.0,0.0,0.9990705335443544,0.9990705335443544,0.0,0.9990705335443544,0.9990705335443544,0.0,XS018_AMIHUD_252,monthly,50,0,factor_topk
2134.0,0.8270571716945614,0.07376640468072893,0.25550596550096116,0.40659826178100666,0.2974853143706881,0.42365997562746055,-0.5166764023726229,667.0,0.1427709962018532,0.17621225844043692,2.122474175704307,0.01112457570189839,8.0,7.0,2.0,1.0,0.0,1.0,1.0,1.0,0.0,0.0,0.9990705335443544,0.9990705335443544,0.0,0.9990705335443544,0.9990705335443544,0.0,XS018_AMIHUD_252,monthly,50,5,factor_topk
2134.0,0.810708411821097,0.0726272872501732,0.2555078036903509,0.40244260512474644,0.2933310232704788,0.4176656587877385,-0.5167438468596772,668.0,0.14054794786921823,0.17621225844043692,2.122474175704307,0.02213941790670733,8.0,7.0,2.0,1.0,0.0,1.0,1.0,1.0,0.0,0.0,0.9990705335443544,0.9990705335443544,0.0,0.9990705335443544,0.9990705335443544,0.0,XS018_AMIHUD_252,monthly,50,10,factor_topk
2134.0,0.7784428042671339,0.07035227477558803,0.25551289172829067,0.3941292936909516,0.2850210442142143,0.4056822675796113,-0.5168787235777679,675.0,0.1361098291851107,0.17621225844043692,2.122474175704307,0.04384394856056361,8.0,7.0,2.0,1.0,0.0,1.0,1.0,1.0,0.0,0.0,0.9990705335443544,0.9990705335443544,0.0,0.9990705335443544,0.9990705335443544,0.0,XS018_AMIHUD_252,monthly,50,20,factor_topk
2134.0,-0.3298792845091114,-0.046170514251972494,0.2881532950552084,-0.019558765210412096,-0.11627011106757618,-0.16108108984971478,-0.598666993660579,1290.0,-0.07712219771739978,0.10431490149441017,5.469346625307669,0.0,0.0,0.0,0.0,0.0,0.0,1.0,1.0,1.0,0.0,0.0,1.0,1.0,0.0,1.0,1.0,0.0,XS018_AMIHUD_252,weekly,5,0,factor_topk
2134.0,-0.34522105660156854,-0.04877561825386645,0.2881284503257792,-0.029073969749523945,-0.12579340492910426,-0.174202736097636,-0.6008027425901192,2116.0,-0.0811840805579382,0.10431490149441017,5.469346625307669,0.01740696115790567,0.0,0.0,0.0,0.0,0.0,1.0,1.0,1.0,0.0,0.0,1.0,1.0,0.0,1.0,1.0,0.0,XS018_AMIHUD_252,weekly,5,5,factor_topk
2134.0,-0.36021450270307986,-0.05137411655768975,0.2881053735575873,-0.038590578570670005,-0.1353175203345128,-0.18731478521637124,-0.6029274744803776,2116.0,-0.08520778822024262,0.10431490149441017,5.469346625307669,0.03444042525607984,0.0,0.0,0.0,0.0,0.0,1.0,1.0,1.0,0.0,0.0,1.0,1.0,0.0,1.0,1.0,0.0,XS018_AMIHUD_252,weekly,5,10,factor_topk
2134.0,-0.38918761350100106,-0.05655135819830415,0.28806452557193396,-0.05762730913937512,-0.15436751425887305,-0.2135091985996668,-0.6071441071148507,2116.0,-0.0931432217419292,0.10431490149441017,5.469346625307669,0.067419589772868,0.0,0.0,0.0,0.0,0.0,1.0,1.0,1.0,0.0,0.0,1.0,1.0,0.0,1.0,1.0,0.0,XS018_AMIHUD_252,weekly,5,20,factor_topk
2134.0,0.5402252419126656,0.05232882260762839,0.28259748109125354,0.3220124368040379,0.2233773855499813,0.31804045189941055,-0.5048740306683034,1267.0,0.10364728512250979,0.09495127283843817,4.978401131840285,0.0,2.0,0.0,0.0,0.0,0.0,1.0,1.0,1.0,0.0,0.0,0.9998605304612285,0.9998605304612285,0.0,0.9998605304612285,0.9998605304612285,0.0,XS018_AMIHUD_252,weekly,10,0,factor_topk
2134.0,0.5080965364609358,0.04971247378302057,0.28259500308419067,0.31320450927522997,0.21456933212471838,0.3053764616151354,-0.5050739415962224,1267.0,0.09842613068872762,0.09495127283843817,4.978401131840285,0.024312246862982737,2.0,0.0,0.0,0.0,0.0,1.0,1.0,1.0,0.0,0.0,0.9998605304612285,0.9998605304612285,0.0,0.9998605304612285,0.9998605304612285,0.0,XS018_AMIHUD_252,weekly,10,5,factor_topk
2134.0,0.47663448171718903,0.047102332921437506,0.2825934441428777,0.30439543730131147,0.20576045435765655,0.29272148244744794,-0.5052737912246967,1270.0,0.09322140538354376,0.09495127283843817,4.978401131840285,0.048095780052656745,2.0,0.0,0.0,0.0,0.0,1.0,1.0,1.0,0.0,0.0,0.9998605304612285,0.9998605304612285,0.0,0.9998605304612285,0.9998605304612285,0.0,XS018_AMIHUD_252,weekly,10,10,factor_topk
2134.0,0.415655569172946,0.04190061887325203,0.28259308350937556,0.28677420370461104,0.18814056945238522,0.26743902588797097,-0.5056733066390231,1270.0,0.08286104550731793,0.09495127283843817,4.978401131840285,0.0941212332128817,2.0,0.0,0.0,0.0,0.0,1.0,1.0,1.0,0.0,0.0,0.9998605304612285,0.9998605304612285,0.0,0.9998605304612285,0.9998605304612285,0.0,XS018_AMIHUD_252,weekly,10,20,factor_topk
2134.0,0.7323468496300487,0.06703812147721888,0.26684695828669014,0.37699350812926036,0.2725233665801143,0.3879383214905599,-0.508769933894187,1159.0,0.13176510051232967,0.08596020590533462,4.5069894650122215,0.0,5.0,0.0,0.0,1.0,0.0,1.0,1.0,1.0,0.0,0.0,0.9997408431693809,0.9997408431693809,0.0,0.9997408431693809,0.9997408431693809,0.0,XS018_AMIHUD_252,weekly,20,0,factor_topk
2134.0,0.6996003818350707,0.06463617221016182,0.2668454803467165,0.3685494730842608,0.26407981703890937,0.37577635443190854,-0.5098734774262743,1173.0,0.12676904187374202,0.08596020590533462,4.5069894650122215,0.022992857471000893,5.0,0.0,0.0,1.0,0.0,1.0,1.0,1.0,0.0,0.0,0.9997408431693809,0.9997408431693809,0.0,0.9997408431693809,0.9997408431693809,0.0,XS018_AMIHUD_252,weekly,20,5,factor_topk
2134.0,0.6674704837084966,0.06223944664337733,0.26684457393375133,0.3601045732304535,0.2556356234977352,0.3636228225949818,-0.5109746181052395,1173.0,0.12180535869701183,0.08596020590533462,4.5069894650122215,0.045517332677682557,5.0,0.0,0.0,1.0,0.0,1.0,1.0,1.0,0.0,0.0,0.9997408431693809,0.9997408431693809,0.0,0.9997408431693809,0.9997408431693809,0.0,XS018_AMIHUD_252,weekly,20,10,factor_topk
2134.0,0.6050143579142833,0.05746162267298871,0.2668444757084703,0.34321239609429455,0.23874552135433724,0.3393412690469733,-0.513169711165818,1247.0,0.11197391705455005,0.08596020590533462,4.5069894650122215,0.08919752727084693,5.0,0.0,0.0,1.0,0.0,1.0,1.0,1.0,0.0,0.0,0.9997408431693809,0.9997408431693809,0.0,0.9997408431693809,0.9997408431693809,0.0,XS018_AMIHUD_252,weekly,20,20,factor_topk
2134.0,0.9507665327668724,0.08210596565031958,0.2585384020130055,0.43474822566168475,0.3269111124604063,0.4673733744393268,-0.5175123417632015,592.0,0.1586550870856117,0.06721703536367984,3.524264129696068,0.0,8.0,7.0,2.0,3.0,0.0,1.0,1.0,1.0,0.0,0.0,0.999858629232388,0.999858629232388,0.0,0.999858629232388,0.999858629232388,0.0,XS018_AMIHUD_252,weekly,50,0,factor_topk
2134.0,0.9218721277308894,0.08020077625934374,0.25853880076578156,0.4279324540099149,0.3200964361829489,0.457482740545927,-0.5177615568444773,592.0,0.1548990557509353,0.06721703536367984,3.524264129696068,0.019142887842580225,8.0,7.0,2.0,3.0,0.0,1.0,1.0,1.0,0.0,0.0,0.999858629232388,0.999858629232388,0.0,0.999858629232388,0.999858629232388,0.0,XS018_AMIHUD_252,weekly,50,5,factor_topk
2134.0,0.8934040738187334,0.07829883174306684,0.2585395446978682,0.42111614114441975,0.3132813618117613,0.4475980908192129,-0.5180106604302163,593.0,0.1511529351114867,0.06721703536367984,3.524264129696068,0.037968292997308556,8.0,7.0,2.0,3.0,0.0,1.0,1.0,1.0,0.0,0.0,0.999858629232388,0.999858629232388,0.0,0.999858629232388,0.999858629232388,0.0,XS018_AMIHUD_252,weekly,50,10,factor_topk
2134.0,0.8377220415492239,0.07450465587340216,0.2585420680866723,0.4074820010216821,0.29965012797648044,0.4278468377184188,-0.5185085332857546,668.0,0.1436903176911497,0.06721703536367984,3.524264129696068,0.07468640477904782,8.0,7.0,2.0,3.0,0.0,1.0,1.0,1.0,0.0,0.0,0.999858629232388,0.999858629232388,0.0,0.999858629232388,0.999858629232388,0.0,XS018_AMIHUD_252,weekly,50,20,factor_topk
2134.0,0.5213856786548188,0.050800558709739096,0.1748030119837747,0.3710471260735739,0.2116393115090609,0.2951051481289105,-0.25928832259928947,781.0,0.19592304890740309,1.049740167247879,12.644105557141277,0.0,1.0,0.0,0.0,0.0,0.0,1.0,1.0,1.0,0.0,0.0,0.9984378801810662,0.9984378801810662,0.0,0.9984378801810662,0.9984378801810662,0.0,XS019_PRICE_DELAY_52W,monthly,5,0,factor_topk
2134.0,0.4420496456289873,0.04417591319840497,0.17478569271067224,0.3348797298567395,0.17545202388571327,0.24418816302955482,-0.26314552164696536,784.0,0.1678763633213988,1.049740167247879,12.644105557141277,0.057539134324720305,1.0,0.0,0.0,0.0,0.0,1.0,1.0,1.0,0.0,0.0,0.9984378801810662,0.9984378801810662,0.0,0.9984378801810662,0.9984378801810662,0.0,XS019_PRICE_DELAY_52W,monthly,5,5,factor_topk
2134.0,0.3667978528903344,0.0375882886304606,0.17479363480293916,0.29866199618090494,0.13923757974196724,0.19342210284257352,-0.27120031928254507,1027.0,0.1385997211577761,1.049740167247879,12.644105557141277,0.11189506202379235,1.0,0.0,0.0,0.0,0.0,1.0,1.0,1.0,0.0,0.0,0.9984378801810662,0.9984378801810662,0.0,0.9984378801810662,0.9984378801810662,0.0,XS019_PRICE_DELAY_52W,monthly,5,10,factor_topk
2134.0,0.22772723804642458,0.024523378090716585,0.17488527837054305,0.22613839725574864,0.06679005504678995,0.09243154258399307,-0.29293069330974375,1380.0,0.08371733877946912,1.049740167247879,12.644105557141277,0.2117243025715881,1.0,0.0,0.0,0.0,0.0,1.0,1.0,1.0,0.0,0.0,0.9984378801810662,0.9984378801810662,0.0,0.9984378801810662,0.9984378801810662,0.0,XS019_PRICE_DELAY_52W,monthly,5,20,factor_topk
2134.0,0.5551751501546294,0.05352987063757153,0.16783987073911255,0.39496976054774785,0.22890855635261587,0.31681235520231626,-0.26280017740591355,479.0,0.20369039003687903,0.8246359794219081,9.932728779316179,0.0,3.0,4.0,1.0,1.0,0.0,1.0,1.0,1.0,0.0,0.0,0.9970398558662618,0.9970398558662618,0.0,0.9970398558662618,0.9970398558662618,0.0,XS019_PRICE_DELAY_52W,monthly,10,0,factor_topk
2134.0,0.49110821435251695,0.04830912690630451,0.16785560403230354,0.3653489646895003,0.1993051257393724,0.27546822544156363,-0.26324672955371253,479.0,0.18351273342770086,0.8246359794219081,9.932728779316179,0.05261800390411936,3.0,4.0,1.0,1.0,0.0,1.0,1.0,1.0,0.0,0.0,0.9970398558662618,0.9970398558662618,0.0,0.9970398558662618,0.9970398558662618,0.0,XS019_PRICE_DELAY_52W,monthly,10,5,factor_topk
2134.0,0.42964586355379675,0.04311126350765271,0.167887786350159,0.3357008271425086,0.16969074807346662,0.23421529516815098,-0.2636932817015113,496.0,0.163490185375495,0.8246359794219081,9.932728779316179,0.1029188147594523,3.0,4.0,1.0,1.0,0.0,1.0,1.0,1.0,0.0,0.0,0.9970398558662618,0.9970398558662618,0.0,0.9970398558662618,0.9970398558662618,0.0,XS019_PRICE_DELAY_52W,monthly,10,10,factor_topk
2134.0,0.31412112659446145,0.03278382685062908,0.16800145541664213,0.27635751022758603,0.11046400044526607,0.15203666281474096,-0.26458638599710904,522.0,0.12390594749265478,0.8246359794219081,9.932728779316179,0.1969486266067003,3.0,4.0,1.0,1.0,0.0,1.0,1.0,1.0,0.0,0.0,0.9970398558662618,0.9970398558662618,0.0,0.9970398558662618,0.9970398558662618,0.0,XS019_PRICE_DELAY_52W,monthly,10,20,factor_topk
2134.0,0.5804402222118272,0.05553666758179454,0.1588387626739089,0.4201345970663724,0.24464694177276455,0.3364959469988553,-0.2808970427437324,367.0,0.1977118272208429,0.6872575868879874,8.278007972525225,0.0,6.0,7.0,4.0,1.0,0.0,1.0,1.0,1.0,0.0,0.0,0.9977893262476369,0.9977893262476369,0.0,0.9977893262476369,0.9977893262476369,0.0,XS019_PRICE_DELAY_52W,monthly,20,0,factor_topk
2134.0,0.5259929131298136,0.05117583246129387,0.15885417824498108,0.39404425217586986,0.21857689144287323,0.3002943941191174,-0.2812964465222445,367.0,0.1819284711698161,0.6872575868879874,8.278007972525225,0.047276129643959115,6.0,7.0,4.0,1.0,0.0,1.0,1.0,1.0,0.0,0.0,0.9977893262476369,0.9977893262476369,0.0,0.9977893262476369,0.9977893262476369,0.0,XS019_PRICE_DELAY_52W,monthly,20,5,factor_topk
2134.0,0.4733977487337675,0.04683103325024107,0.1588810406125628,0.36793246043206995,0.19249812739969988,0.2641598769005473,-0.2816958503007563,372.0,0.16624679845386897,0.6872575868879874,8.278007972525225,0.0928024497812916,6.0,7.0,4.0,1.0,0.0,1.0,1.0,1.0,0.0,0.0,0.9977893262476369,0.9977893262476369,0.0,0.9977893262476369,0.9977893262476369,0.0,XS019_PRICE_DELAY_52W,monthly,20,10,factor_topk
2134.0,0.37351709332347016,0.03818933435477012,0.15896908005336852,0.3156672027403398,0.1403370300630437,0.1921266399081251,-0.28249465785778005,522.0,0.13518604084186353,0.6872575868879874,8.278007972525225,0.17884601930707977,6.0,7.0,4.0,1.0,0.0,1.0,1.0,1.0,0.0,0.0,0.9977893262476369,0.9977893262476369,0.0,0.9977893262476369,0.9977893262476369,0.0,XS019_PRICE_DELAY_52W,monthly,20,20,factor_topk
2134.0,1.0397807435030852,0.0878227197669117,0.16193588540436507,0.6011739516334275,0.4289477210607135,0.599546080213421,-0.2985013315173164,309.0,0.29421215416527213,0.5191468763913467,6.253116827911516,0.0,13.0,12.0,8.0,2.0,0.0,1.0,1.0,1.0,0.0,0.0,0.9985667149960971,0.9985667149960971,0.0,0.9985667149960971,0.9985667149960971,0.0,XS019_PRICE_DELAY_52W,monthly,50,0,factor_topk
2134.0,0.9864743336725872,0.08442631914541598,0.16195016026885226,0.5818216186451598,0.40961628134133116,0.5720302112494674,-0.2988016208465252,309.0,0.28254973619698087,0.5191468763913467,6.253116827911516,0.04173285064947679,13.0,12.0,8.0,2.0,0.0,1.0,1.0,1.0,0.0,0.0,0.9985667149960971,0.9985667149960971,0.0,0.9985667149960971,0.9985667149960971,0.0,XS019_PRICE_DELAY_52W,monthly,50,5,factor_topk
2134.0,0.9345437479110319,0.08103938422016288,0.1619706756335821,0.5624510256487739,0.39027322751382243,0.5445422699466401,-0.2991019101757343,309.0,0.2709423827234972,0.5191468763913467,6.253116827911516,0.08223740426420573,13.0,12.0,8.0,2.0,0.0,1.0,1.0,1.0,0.0,0.0,0.9985667149960971,0.9985667149960971,0.0,0.9985667149960971,0.9985667149960971,0.0,XS019_PRICE_DELAY_52W,monthly,50,10,factor_topk
2134.0,0.8346706643468873,0.07429381796840784,0.16203041766108583,0.5236640771237375,0.35156125448507447,0.4896633292825659,-0.29970248883415207,461.0,0.2478918952505603,0.5191468763913467,6.253116827911516,0.15969248028554672,13.0,12.0,8.0,2.0,0.0,1.0,1.0,1.0,0.0,0.0,0.9985667149960971,0.9985667149960971,0.0,0.9985667149960971,0.9985667149960971,0.0,XS019_PRICE_DELAY_52W,monthly,50,20,factor_topk
2134.0,0.445426449891162,0.044464354507123494,0.17531820363619227,0.3359214672739439,0.17694557329886548,0.24858450012444885,-0.2944525519422718,800.0,0.15100685734875494,0.5928533321200171,31.08396139842759,0.0,1.0,0.0,0.0,0.0,0.0,1.0,1.0,1.0,0.0,0.0,0.9997162372941677,0.9997162372941677,0.0,0.9997162372941677,0.9997162372941677,0.0,XS019_PRICE_DELAY_52W,weekly,5,0,factor_topk
2134.0,0.26712963705657766,0.028352343316403905,0.1753395856933659,0.24723449531019467,0.08828482099613373,0.1234908248265585,-0.2967262662383373,808.0,0.09555050072186955,0.5928533321200171,31.08396139842759,0.1472157144583933,1.0,0.0,0.0,0.0,0.0,1.0,1.0,1.0,0.0,0.0,0.9997162372941677,0.9997162372941677,0.0,0.9997162372941677,0.9997162372941677,0.0,XS019_PRICE_DELAY_52W,weekly,5,5,factor_topk
2134.0,0.11074445640217001,0.012480082915231616,0.17540496102805617,0.15852938015730697,-0.00035315629894696774,-0.0004918555918396562,-0.2989944078955842,1131.0,0.04174018839706846,0.5928533321200171,31.08396139842759,0.27507022320510777,1.0,0.0,0.0,0.0,0.0,1.0,1.0,1.0,0.0,0.0,0.9997162372941677,0.9997162372941677,0.0,0.9997162372941677,0.9997162372941677,0.0,XS019_PRICE_DELAY_52W,weekly,5,10,factor_topk
2134.0,-0.14669487651177626,-0.018558893009589017,0.17566746201052125,-0.018668617803089517,-0.17729483727883089,-0.24480740631005068,-0.3035140116506655,1596.0,-0.0611467421509017,0.5928533321200171,31.08396139842759,0.48217722580791783,1.0,0.0,0.0,0.0,0.0,1.0,1.0,1.0,0.0,0.0,0.9997162372941677,0.9997162372941677,0.0,0.9997162372941677,0.9997162372941677,0.0,XS019_PRICE_DELAY_52W,weekly,5,20,factor_topk
2134.0,0.6869293142290442,0.06369578695614608,0.1655343327692834,0.45607487693713294,0.2877018226123215,0.3971940680945191,-0.26173122266715243,685.0,0.243363349267462,0.4408120309406149,23.112266409504926,0.0,4.0,5.0,2.0,2.0,0.0,1.0,1.0,1.0,0.0,0.0,0.9992525774404817,0.9992525774404817,0.0,0.9992525774404817,0.9992525774404817,0.0,XS019_PRICE_DELAY_52W,weekly,10,0,factor_topk
2134.0,0.5296358663939202,0.05147185572772006,0.1655465935336338,0.38622544153269256,0.21786775364448316,0.2997780578924298,-0.26323012049578376,695.0,0.19553938443964852,0.4408120309406149,23.112266409504926,0.11917487566683649,4.0,5.0,2.0,2.0,0.0,1.0,1.0,1.0,0.0,0.0,0.9992525774404817,0.9992525774404817,0.0,0.9992525774404817,0.9992525774404817,0.0,XS019_PRICE_DELAY_52W,weekly,10,5,factor_topk
2134.0,0.3869535485569977,0.03938350761988785,0.16558405567048148,0.31633819877645647,0.14802220799596985,0.2029997719080186,-0.2647268101152239,707.0,0.14877037804650742,0.4408120309406149,23.112266409504926,0.22628732087977,4.0,5.0,2.0,2.0,0.0,1.0,1.0,1.0,0.0,0.0,0.9992525774404817,0.9992525774404817,0.0,0.9992525774404817,0.9992525774404817,0.0,XS019_PRICE_DELAY_52W,weekly,10,10,factor_topk
2134.0,0.14013849485884688,0.015607772048885193,0.1657345042081005,0.1765780368246895,0.008424161371959574,0.011477883813812258,-0.2677135731789073,1199.0,0.05830026420981969,0.4408120309406149,23.112266409504926,0.4088642444558862,4.0,5.0,2.0,2.0,0.0,1.0,1.0,1.0,0.0,0.0,0.9992525774404817,0.9992525774404817,0.0,0.9992525774404817,0.9992525774404817,0.0,XS019_PRICE_DELAY_52W,weekly,10,20,factor_topk
2134.0,0.9147582466983535,0.07972783995635013,0.15739430470173654,0.5662484322575491,0.3891060761387507,0.5467234593913358,-0.2794334075144328,536.0,0.2853196425779268,0.3253685653836101,17.05943675896971,0.0,7.0,7.0,4.0,2.0,0.0,1.0,1.0,1.0,0.0,0.0,0.9995095540450512,0.9995095540450512,0.0,0.9995095540450512,0.9995095540450512,0.0,XS019_PRICE_DELAY_52W,weekly,20,0,factor_topk
2134.0,0.781309930244934,0.07055589982472554,0.15740666764807723,0.5120102755431706,0.3348917135296698,0.4692957253555739,-0.2809687971483965,538.0,0.25111649599816854,0.3253685653836101,17.05943675896971,0.10566612844706841,7.0,7.0,4.0,2.0,0.0,1.0,1.0,1.0,0.0,0.0,0.9995095540450512,0.9995095540450512,0.0,0.9995095540450512,0.9995095540450512,0.0,XS019_PRICE_DELAY_52W,weekly,20,5,factor_topk
2134.0,0.6571272816547937,0.06145922803626225,0.15743296729542922,0.45774011316698354,0.28066138390522666,0.3922621649504027,-0.28250174185625554,550.0,0.21755344810416904,0.3253685653836101,17.05943675896971,0.20315492518090517,7.0,7.0,4.0,2.0,0.0,1.0,1.0,1.0,0.0,0.0,0.9995095540450512,0.9995095540450512,0.0,0.9995095540450512,0.9995095540450512,0.0,XS019_PRICE_DELAY_52W,weekly,20,10,factor_topk
2134.0,0.43403946763747125,0.04348930668770201,0.15752734507289004,0.34916153905197594,0.1722104491895365,0.23943019589036743,-0.28556030715627223,658.0,0.15229464879340737,0.3253685653836101,17.05943675896971,0.3759161707399274,7.0,7.0,4.0,2.0,0.0,1.0,1.0,1.0,0.0,0.0,0.9995095540450512,0.9995095540450512,0.0,0.9995095540450512,0.9995095540450512,0.0,XS019_PRICE_DELAY_52W,weekly,20,20,factor_topk
2134.0,1.1200579711027823,0.09279269525157519,0.16045981629918019,0.6336773345392951,0.4598645183544144,0.6367340012425214,-0.3137229659555625,298.0,0.2957790959579251,0.2390943297907507,12.535982367210643,0.0,14.0,12.0,8.0,5.0,0.0,1.0,1.0,1.0,0.0,0.0,0.999597862821589,0.999597862821589,0.0,0.999597862821589,0.999597862821589,0.0,XS019_PRICE_DELAY_52W,weekly,50,0,factor_topk
2134.0,1.0104521584170794,0.08596388137985733,0.160470568194987,0.5945742564073938,0.42078408180521687,0.5815328034595814,-0.3148450979084978,426.0,0.2730354766547475,0.2390943297907507,12.535982367210643,0.08337226047324844,14.0,12.0,8.0,5.0,0.0,1.0,1.0,1.0,0.0,0.0,0.999597862821589,0.999597862821589,0.0,0.999597862821589,0.999597862821589,0.0,XS019_PRICE_DELAY_52W,weekly,50,5,factor_topk
2134.0,0.9064944407070625,0.07917650624344685,0.16048745598115138,0.5554551804781163,0.3816943361316451,0.5265286696073983,-0.31596584604294065,460.0,0.2505856478952682,0.2390943297907507,12.535982367210643,0.16184482839197284,14.0,12.0,8.0,5.0,0.0,1.0,1.0,1.0,0.0,0.0,0.999597862821589,0.999597862821589,0.0,0.999597862821589,0.999597862821589,0.0,XS019_PRICE_DELAY_52W,weekly,50,10,factor_topk
2134.0,0.7143777305007439,0.06572509690271877,0.1605396307755069,0.4771870259684576,0.30350486531926807,0.4171260256375586,-0.3182031955797773,473.0,0.20655071292720792,0.2390943297907507,12.535982367210643,0.3051383910326167,14.0,12.0,8.0,5.0,0.0,1.0,1.0,1.0,0.0,0.0,0.999597862821589,0.999597862821589,0.0,0.999597862821589,0.999597862821589,0.0,XS019_PRICE_DELAY_52W,weekly,50,20,factor_topk
2134.0,3.1113863716915144,0.18169312614857813,0.2408810505825959,0.8129756050396214,0.6972070295586651,1.0551526384216452,-0.321354016975992,260.0,0.5653986461981966,1.9442418630220313,23.418365907740533,0.0,2.0,3.0,1.0,2.0,0.0,1.0,1.0,1.0,0.0,0.0,0.9924905068765918,0.9924905068765918,0.0,0.9924905068765918,0.9924905068765918,0.0,XS020_VOLUME_SHOCK_50D,monthly,5,0,factor_topk
2134.0,2.723095273275916,0.16793045938467244,0.24094710133224573,0.7641817784552213,0.6484500756234037,0.9785304015932575,-0.32203266295901645,260.0,0.5214702690144327,1.9442418630220313,23.418365907740533,0.2160574738064219,2.0,3.0,1.0,2.0,0.0,1.0,1.0,1.0,0.0,0.0,0.9924905068765918,0.9924905068765918,0.0,0.9924905068765918,0.9924905068765918,0.0,XS020_VOLUME_SHOCK_50D,monthly,5,5,factor_topk
2134.0,2.371147589742853,0.15431482218090964,0.24105840876827161,0.7152803831257231,0.5996072728091421,0.9021870128159882,-0.32271130894204003,394.0,0.47818225734576,1.9442418630220313,23.418365907740533,0.4070026073509211,2.0,3.0,1.0,2.0,0.0,1.0,1.0,1.0,0.0,0.0,0.9924905068765918,0.9924905068765918,0.0,0.9924905068765918,0.9924905068765918,0.0,XS020_VOLUME_SHOCK_50D,monthly,5,10,factor_topk
2134.0,1.7631085213445572,0.12751893313724927,0.24141651785530374,0.6172663140151968,0.5017751165798133,0.7505167849699519,-0.3240686009080883,398.0,0.3934936392477466,1.9442418630220313,23.418365907740533,0.7235924853545915,2.0,3.0,1.0,2.0,0.0,1.0,1.0,1.0,0.0,0.0,0.9924905068765918,0.9924905068765918,0.0,0.9924905068765918,0.9924905068765918,0.0,XS020_VOLUME_SHOCK_50D,monthly,5,20,factor_topk
2134.0,1.5763252863746522,0.11823811297829523,0.2154272035716539,0.6264578604179364,0.49703126323818086,0.7243193689911576,-0.33469105285125844,270.0,0.3532753922491079,1.940025220022178,23.367576502085317,0.0,3.0,3.0,1.0,3.0,0.0,1.0,1.0,1.0,0.0,0.0,0.9947314016498444,0.9947314016498444,0.0,0.9947314016498444,0.9947314016498444,0.0,XS020_VOLUME_SHOCK_50D,monthly,10,0,factor_topk
2134.0,1.3335121830869516,0.10524258345723814,0.21552491702313406,0.5720196889814475,0.4426584886683061,0.643382352171927,-0.33535636179840755,386.0,0.3138231309907355,1.940025220022178,23.367576502085317,0.1632281019637652,3.0,3.0,1.0,3.0,0.0,1.0,1.0,1.0,0.0,0.0,0.9947314016498444,0.9947314016498444,0.0,0.9947314016498444,0.9947314016498444,0.0,XS020_VOLUME_SHOCK_50D,monthly,10,5,factor_topk
2134.0,1.113379336156214,0.09238560759564063,0.21567284150575391,0.5175103466996126,0.3882445995859224,0.5627821774659508,-0.336021670745556,405.0,0.2749394328962709,1.940025220022178,23.367576502085317,0.30882105639137036,3.0,3.0,1.0,3.0,0.0,1.0,1.0,1.0,0.0,0.0,0.9947314016498444,0.9947314016498444,0.0,0.9947314016498444,0.9947314016498444,0.0,XS020_VOLUME_SHOCK_50D,monthly,10,10,factor_topk
2134.0,0.7329495417087282,0.06708195234590364,0.21611887615956646,0.40843164884948324,0.2794461175758548,0.4028295321623678,-0.33735228863985367,689.0,0.19884836891537483,1.940025220022178,23.367576502085317,0.5538994939339217,3.0,3.0,1.0,3.0,0.0,1.0,1.0,1.0,0.0,0.0,0.9947314016498444,0.9947314016498444,0.0,0.9947314016498444,0.9947314016498444,0.0,XS020_VOLUME_SHOCK_50D,monthly,10,20,factor_topk
2134.0,1.7076082957555427,0.12482054027415668,0.2052869825475841,0.6760195650650733,0.5401756234788058,0.7718946232914835,-0.36719579717664275,270.0,0.33992910930326,1.8999156493524527,22.884457287233104,0.0,6.0,5.0,2.0,3.0,0.0,1.0,1.0,1.0,0.0,0.0,0.9967719025341804,0.9967719025341804,0.0,0.9967719025341804,0.9967719025341804,0.0,XS020_VOLUME_SHOCK_50D,monthly,20,0,factor_topk
2134.0,1.4574487694694351,0.11201736333762224,0.2053329206775669,0.6201425830308216,0.48433812259022396,0.6904863327437619,-0.3677969611693248,360.0,0.3045630474528368,1.8999156493524527,22.884457287233104,0.16981542100863442,6.0,5.0,2.0,3.0,0.0,1.0,1.0,1.0,0.0,0.0,0.9967719025341804,0.9967719025341804,0.0,0.9967719025341804,0.9967719025341804,0.0,XS020_VOLUME_SHOCK_50D,monthly,20,5,factor_topk
2134.0,1.2301951439634764,0.0993478877095364,0.2054295117249789,0.5641514599923338,0.42841998635818046,0.6093092175779022,-0.3683981251620069,362.0,0.2696753347098255,1.8999156493524527,22.884457287233104,0.3213499136262646,6.0,5.0,2.0,3.0,0.0,1.0,1.0,1.0,0.0,0.0,0.9967719025341804,0.9967719025341804,0.0,0.9967719025341804,0.9967719025341804,0.0,XS020_VOLUME_SHOCK_50D,monthly,20,10,factor_topk
2134.0,0.8362787611902971,0.07440496950988784,0.2057743298470825,0.4519937027329741,0.3165079989539172,0.44790561267939044,-0.36960045314737144,683.0,0.20131190012426803,1.8999156493524527,22.884457287233104,0.5765287503892753,6.0,5.0,2.0,3.0,0.0,1.0,1.0,1.0,0.0,0.0,0.9967719025341804,0.9967719025341804,0.0,0.9967719025341804,0.9967719025341804,0.0,XS020_VOLUME_SHOCK_50D,monthly,20,20,factor_topk
2134.0,1.3896376935963959,0.1083489474651449,0.19921725471131788,0.6164461634372401,0.4764897231432878,0.6721702076747025,-0.3823068080628538,596.0,0.2834083651665748,1.7821098109575837,21.46548761989397,0.0,10.0,8.0,3.0,4.0,0.0,1.0,1.0,1.0,0.0,0.0,0.9979999427670402,0.9979999427670402,0.0,0.9979999427670402,0.9979999427670402,0.0,XS020_VOLUME_SHOCK_50D,monthly,50,0,factor_topk
2134.0,1.1819379756509991,0.09651166070204531,0.19922446245526276,0.5625168378836387,0.4225727480925178,0.5948479229469986,-0.3828880801212281,637.0,0.2520623276428148,1.7821098109575837,21.46548761989397,0.13941817652305646,10.0,8.0,3.0,4.0,0.0,1.0,1.0,1.0,0.0,0.0,0.9979999427670402,0.9979999427670402,0.0,0.9979999427670402,0.9979999427670402,0.0,XS020_VOLUME_SHOCK_50D,monthly,50,5,factor_topk
2134.0,0.9921284974494928,0.08479035750208164,0.19927767973260332,0.508473990049848,0.3685745971990274,0.5177349146211745,-0.38346935217960176,683.0,0.221113778767825,1.7821098109575837,21.46548761989397,0.26507980423175764,10.0,8.0,3.0,4.0,0.0,1.0,1.0,1.0,0.0,0.0,0.9979999427670402,0.9979999427670402,0.0,0.9979999427670402,0.9979999427670402,0.0,XS020_VOLUME_SHOCK_50D,monthly,50,10,factor_topk
2134.0,0.6602015134530941,0.06169157402667258,0.1995219637962078,0.40019815365936673,0.2604847558362211,0.36431761722123046,-0.38463189629634986,894.0,0.16039120681541363,1.7821098109575837,21.46548761989397,0.48001919463294007,10.0,8.0,3.0,4.0,0.0,1.0,1.0,1.0,0.0,0.0,0.9979999427670402,0.9979999427670402,0.0,0.9979999427670402,0.9979999427670402,0.0,XS020_VOLUME_SHOCK_50D,monthly,50,20,factor_topk
2134.0,1.4771373339224514,0.11306574147233772,0.2716817603686639,0.5298870449368894,0.4272973202987716,0.6218994063939045,-0.42614558211788733,467.0,0.2653218670258551,1.957849036533783,102.65220852844044,0.0,4.0,1.0,1.0,5.0,0.0,1.0,1.0,1.0,0.0,0.0,0.9966981995437366,0.9966981995437366,0.0,0.9966981995437366,0.9966981995437366,0.0,XS020_VOLUME_SHOCK_50D,weekly,5,0,factor_topk
2134.0,0.6035938596518591,0.05735106164308079,0.27187596175248935,0.3407922888991475,0.2382805981516739,0.34398099698614126,-0.4638224884166505,1198.0,0.12364873001061234,1.957849036533783,102.65220852844044,0.47315822665237617,4.0,1.0,1.0,5.0,0.0,1.0,1.0,1.0,0.0,0.0,0.9966981995437366,0.9966981995437366,0.0,0.9966981995437366,0.9966981995437366,0.0,XS020_VOLUME_SHOCK_50D,weekly,5,5,factor_topk
2134.0,0.0376543380115788,0.004374397335030089,0.27221710231491114,0.15188545131063083,0.049507083705564336,0.07088513962890004,-0.502443910611462,1943.0,0.008706240124806279,1.957849036533783,102.65220852844044,0.7576682729962839,4.0,1.0,1.0,5.0,0.0,1.0,1.0,1.0,0.0,0.0,0.9966981995437366,0.9966981995437366,0.0,0.9966981995437366,0.9966981995437366,0.0,XS020_VOLUME_SHOCK_50D,weekly,5,10,factor_topk
2134.0,-0.5660797271860754,-0.09388685710520883,0.2733377633564027,-0.22415128277013996,-0.3260999780065417,-0.4592617899078669,-0.7075702470729616,2116.0,-0.132689096939272,1.957849036533783,102.65220852844044,1.0207800012788013,4.0,1.0,1.0,5.0,0.0,1.0,1.0,1.0,0.0,0.0,0.9966981995437366,0.9966981995437366,0.0,0.9966981995437366,0.9966981995437366,0.0,XS020_VOLUME_SHOCK_50D,weekly,5,20,factor_topk
2134.0,2.1181971966689637,0.1437316352320146,0.24869415058891073,0.664568961516682,0.5524901351716501,0.7933813976671514,-0.39372549117333877,306.0,0.36505544714334065,1.9371363364192795,101.56621856104984,0.0,5.0,1.0,1.0,6.0,0.0,1.0,1.0,1.0,0.0,0.0,0.998087153219566,0.998087153219566,0.0,0.998087153219566,0.998087153219566,0.0,XS020_VOLUME_SHOCK_50D,weekly,10,0,factor_topk
2134.0,1.0279014433131493,0.08707267089966964,0.2489068882040816,0.46002939879236243,0.3480529699341667,0.49566767639934456,-0.39956762048175454,501.0,0.21791723462148163,1.9371363364192795,101.56621856104984,0.5444612775030047,5.0,1.0,1.0,6.0,0.0,1.0,1.0,1.0,0.0,0.0,0.998087153219566,0.998087153219566,0.0,0.998087153219566,0.998087153219566,0.0,XS020_VOLUME_SHOCK_50D,weekly,10,5,factor_topk
2134.0,0.31828136831587095,0.03316938797304614,0.2492766150716253,0.2556780501096906,0.14387449389935683,0.2031933333298735,-0.4365180897999007,1307.0,0.07598628498592336,1.9371363364192795,101.56621856104984,0.867579002433902,5.0,1.0,1.0,6.0,0.0,1.0,1.0,1.0,0.0,0.0,0.998087153219566,0.998087153219566,0.0,0.998087153219566,0.998087153219566,0.0,XS020_VOLUME_SHOCK_50D,weekly,10,10,factor_topk
2134.0,-0.4436049789553368,-0.06689011405304213,0.2504839607186642,-0.15092900768881434,-0.2621796821320793,-0.3640978550153379,-0.5944176676520998,2116.0,-0.11253049445392917,1.9371363364192795,101.56621856104984,1.1546529521646498,5.0,1.0,1.0,6.0,0.0,1.0,1.0,1.0,0.0,0.0,0.998087153219566,0.998087153219566,0.0,0.998087153219566,0.998087153219566,0.0,XS020_VOLUME_SHOCK_50D,weekly,10,20,factor_topk
2134.0,2.4040219306284425,0.1556384002420026,0.23330027915746868,0.7370665047050212,0.617577146905967,0.8868787194062212,-0.4028070065900674,381.0,0.38638454072472034,1.8770130186851652,98.41388595812829,0.0,10.0,3.0,3.0,8.0,0.0,1.0,1.0,1.0,0.0,0.0,0.9986938679585953,0.9986938679585953,0.0,0.9986938679585953,0.9986938679585953,0.0,XS020_VOLUME_SHOCK_50D,weekly,20,0,factor_topk
2134.0,1.243559996108663,0.10012380910175267,0.2334409012143581,0.5258004642146411,0.40639462771313656,0.5787964054484847,-0.40853788795591417,507.0,0.24507839310256863,1.8770130186851652,98.41388595812829,0.5570424860952792,10.0,3.0,3.0,8.0,0.0,1.0,1.0,1.0,0.0,0.0,0.9986938679585953,0.9986938679585953,0.0,0.9986938679585953,0.9986938679585953,0.0,XS020_VOLUME_SHOCK_50D,weekly,20,5,factor_topk
2134.0,0.4781271913771872,0.0472272736633792,0.23373936083936708,0.31457623089684733,0.19533474053460867,0.275899769135268,-0.41421923185381515,802.0,0.11401516402803452,1.8770130186851652,98.41388595812829,0.890778498867056,10.0,3.0,3.0,8.0,0.0,1.0,1.0,1.0,0.0,0.0,0.9986938679585953,0.9986938679585953,0.0,0.9986938679585953,0.9986938679585953,0.0,XS020_VOLUME_SHOCK_50D,weekly,20,10,factor_topk
2134.0,-0.3591666837280958,-0.0511907840274296,0.23480706701515597,-0.10604504937460639,-0.22471983831398906,-0.31210273697038315,-0.5197186170143228,2116.0,-0.09849711430679585,1.8770130186851652,98.41388595812829,1.1897551735618377,10.0,3.0,3.0,8.0,0.0,1.0,1.0,1.0,0.0,0.0,0.9986938679585953,0.9986938679585953,0.0,0.9986938679585953,0.9986938679585953,0.0,XS020_VOLUME_SHOCK_50D,weekly,20,20,factor_topk
2134.0,2.128201948217114,0.14416436756622297,0.22144212549989922,0.719483282563107,0.5935826891994311,0.8458546486446112,-0.3972694894911636,429.0,0.36288809329625,1.7197906931095117,90.17054408183554,0.0,20.0,10.0,6.0,12.0,0.0,1.0,1.0,1.0,0.0,0.0,0.9991191360598332,0.9991191360598332,0.0,0.9991191360598332,0.9991191360598332,0.0,XS020_VOLUME_SHOCK_50D,weekly,50,0,factor_topk
2134.0,1.1350691299173672,0.09370356929116963,0.2215341504472362,0.5156075430794718,0.38977579438173,0.5512250671590962,-0.4003621274279645,670.0,0.23404703609991012,1.7197906931095117,90.17054408183554,0.5121177250515795,20.0,10.0,6.0,12.0,0.0,1.0,1.0,1.0,0.0,0.0,0.9991191360598332,0.9991191360598332,0.0,0.9991191360598332,0.9991191360598332,0.0,XS020_VOLUME_SHOCK_50D,weekly,50,5,factor_topk
2134.0,0.4567495780859143,0.045427240195346386,0.2217665055175061,0.3117037468163534,0.18602074192130288,0.2610704089566865,-0.40344153831807095,1105.0,0.1125993133595773,1.7197906931095117,90.17054408183554,0.8346475560021298,20.0,10.0,6.0,12.0,0.0,1.0,1.0,1.0,0.0,0.0,0.9991191360598332,0.9991191360598332,0.0,0.9991191360598332,0.9991191360598332,0.0,XS020_VOLUME_SHOCK_50D,weekly,50,10,factor_topk
2134.0,-0.32251885496576616,-0.04493930211867503,0.2226501833356224,-0.0946462547677379,-0.21979590504843174,-0.3037171011830476,-0.4951320995128139,2116.0,-0.09076224741416106,1.7197906931095117,90.17054408183554,1.149017460105289,20.0,10.0,6.0,12.0,0.0,1.0,1.0,1.0,0.0,0.0,0.9991191360598332,0.9991191360598332,0.0,0.9991191360598332,0.9991191360598332,0.0,XS020_VOLUME_SHOCK_50D,weekly,50,20,factor_topk
2134.0,1.035355422700626,0.08754376013538168,0.22583129265155139,0.4849222066805363,0.3614554603634092,0.5101025167283417,-0.3659623878675542,733.0,0.2392151845043287,0.12076203457307333,1.4545770087470837,0.0,1.0,2.0,1.0,0.0,0.0,1.0,1.0,1.0,0.0,0.0,0.999606087618035,0.999606087618035,0.0,0.999606087618035,0.999606087618035,0.0,XS032_GROSS_PROFIT_AT,monthly,5,0,factor_topk
2134.0,1.02285652125195,0.0867529660530808,0.2258114367076002,0.48172396846440313,0.3582468771052747,0.5054528510268573,-0.3660994751536256,823.0,0.23696555701610014,0.12076203457307333,1.4545770087470837,0.008893257034821725,1.0,2.0,1.0,0.0,0.0,1.0,1.0,1.0,0.0,0.0,0.999606087618035,0.999606087618035,0.0,0.999606087618035,0.999606087618035,0.0,XS032_GROSS_PROFIT_AT,monthly,5,5,factor_topk
2134.0,1.0104304992481294,0.08596249981392368,0.22579262258333452,0.478522959805214,0.3550360926083427,0.5008035068732333,-0.36623656243969716,823.0,0.23471850882741363,0.12076203457307333,1.4545770087470837,0.017725952137616737,1.0,2.0,1.0,0.0,0.0,1.0,1.0,1.0,0.0,0.0,0.999606087618035,0.999606087618035,0.0,0.999606087618035,0.999606087618035,0.0,XS032_GROSS_PROFIT_AT,monthly,5,10,factor_topk
2134.0,0.9857954751729077,0.08438255001372696,0.22575812082130858,0.47211280357782587,0.34860809392067754,0.49150583320092145,-0.36651073701184045,824.0,0.23023213644898188,0.12076203457307333,1.4545770087470837,0.03521110659276036,1.0,2.0,1.0,0.0,0.0,1.0,1.0,1.0,0.0,0.0,0.999606087618035,0.999606087618035,0.0,0.999606087618035,0.999606087618035,0.0,XS032_GROSS_PROFIT_AT,monthly,5,20,factor_topk
2134.0,1.3101391303277183,0.10392949154974751,0.20516960386805314,0.5848891070287187,0.4489719092739278,0.6322382907750099,-0.35092854489749303,483.0,0.2961557076529797,0.1419264255969806,1.7095018010987766,0.0,1.0,2.0,1.0,0.0,0.0,1.0,1.0,1.0,0.0,0.0,0.9998043647195421,0.9998043647195421,0.0,0.9998043647195421,0.9998043647195421,0.0,XS032_GROSS_PROFIT_AT,monthly,10,0,factor_topk
2134.0,1.2934765845392757,0.10298622152308878,0.20516751660409593,0.5807256239383914,0.444807896978944,0.626225257888599,-0.3510075498883751,483.0,0.29340172755782523,0.1419264255969806,1.7095018010987766,0.011870118384209994,1.0,2.0,1.0,0.0,0.0,1.0,1.0,1.0,0.0,0.0,0.9998043647195421,0.9998043647195421,0.0,0.9998043647195421,0.9998043647195421,0.0,XS032_GROSS_PROFIT_AT,monthly,10,5,factor_topk
2134.0,1.276931128294129,0.1020435806574358,0.20516620619325465,0.5765598730054164,0.44064213077176856,0.6202128632297645,-0.35108655487925744,483.0,0.290650778958282,0.1419264255969806,1.7095018010987766,0.02364186801038971,1.0,2.0,1.0,0.0,0.0,1.0,1.0,1.0,0.0,0.0,0.9998043647195421,0.9998043647195421,0.0,0.9998043647195421,0.9998043647195421,0.0,XS032_GROSS_PROFIT_AT,monthly,10,10,factor_topk
2134.0,1.2441882815598562,0.10016018497117551,0.20516591598163705,0.5682217566303011,0.43230552562406704,0.6081902343080978,-0.3512445648610225,483.0,0.2851579639696519,0.1419264255969806,1.7095018010987766,0.04689315849381378,1.0,2.0,1.0,0.0,0.0,1.0,1.0,1.0,0.0,0.0,0.9998043647195421,0.9998043647195421,0.0,0.9998043647195421,0.9998043647195421,0.0,XS032_GROSS_PROFIT_AT,monthly,10,20,factor_topk
2134.0,1.3199245725409745,0.10448065446342159,0.20796667454883977,0.5821803634757929,0.4481163109251395,0.6320907579361947,-0.409712985064964,529.0,0.25500938040041654,0.1326131087040129,1.5973230300505847,0.0,2.0,2.0,1.0,0.0,0.0,1.0,1.0,1.0,0.0,0.0,0.999496625923688,0.999496625923688,0.0,0.999496625923688,0.999496625923688,0.0,XS032_GROSS_PROFIT_AT,monthly,20,0,factor_topk
2134.0,1.304286148967178,0.10359883878050646,0.20797137015041045,0.5783304609676898,0.44427001797181503,0.6265432079056953,-0.4097850876714433,529.0,0.25281261299476504,0.1326131087040129,1.5973230300505847,0.010184328768795955,2.0,2.0,1.0,0.0,0.0,1.0,1.0,1.0,0.0,0.0,0.999496625923688,0.999496625923688,0.0,0.999496625923688,0.999496625923688,0.0,XS032_GROSS_PROFIT_AT,monthly,20,5,factor_topk
2134.0,1.28875097660889,0.10271760389656959,0.20797658894027676,0.5744792871324184,0.4404227895559902,0.6209967896327726,-0.4098571902779221,529.0,0.2506180355818994,0.1326131087040129,1.5973230300505847,0.020290937305959635,2.0,2.0,1.0,0.0,0.0,1.0,1.0,1.0,0.0,0.0,0.999496625923688,0.999496625923688,0.0,0.999496625923688,0.999496625923688,0.0,XS032_GROSS_PROFIT_AT,monthly,20,10,factor_topk
2134.0,1.2579877180903107,0.10095687520135721,0.20798859592341556,0.5667732425723715,0.4327256430651345,0.6099074856819373,-0.41000139549088044,530.0,0.24623544288302981,0.1326131087040129,1.5973230300505847,0.040273149593262114,2.0,2.0,1.0,0.0,0.0,1.0,1.0,1.0,0.0,0.0,0.999496625923688,0.999496625923688,0.0,0.999496625923688,0.999496625923688,0.0,XS032_GROSS_PROFIT_AT,monthly,20,20,factor_topk
2134.0,1.1319357643755232,0.09351390477317567,0.20227458042588667,0.5434801303300586,0.4056492786150029,0.5668626908462078,-0.3556240807257385,548.0,0.2629571782156527,0.11858065078274227,1.4283022716586726,0.0,3.0,2.0,1.0,0.0,0.0,1.0,1.0,1.0,0.0,0.0,0.9997378587344844,0.9997378587344844,0.0,0.9997378587344844,0.9997378587344844,0.0,XS032_GROSS_PROFIT_AT,monthly,50,0,factor_topk
2134.0,1.119080811425297,0.09273320442633715,0.20227209547080977,0.5399526557561315,0.40212066161091997,0.5618335724718505,-0.3557060303434192,548.0,0.2607018057489977,0.11858065078274227,1.4283022716586726,0.009134885098429413,3.0,2.0,1.0,0.0,0.0,1.0,1.0,1.0,0.0,0.0,0.9997378587344844,0.9997378587344844,0.0,0.9997378587344844,0.9997378587344844,0.0,XS032_GROSS_PROFIT_AT,monthly,50,5,factor_topk
2134.0,1.1063019026299559,0.09195297161261107,0.20227000967677652,0.5364240359246008,0.398591170092897,0.556805471676873,-0.3557879799610999,551.0,0.258448786332424,0.11858065078274227,1.4283022716586726,0.018207921991440675,3.0,2.0,1.0,0.0,0.0,1.0,1.0,1.0,0.0,0.0,0.9997378587344844,0.9997378587344844,0.0,0.9997378587344844,0.9997378587344844,0.0,XS032_GROSS_PROFIT_AT,monthly,50,10,factor_topk
2134.0,1.0809704537579536,0.09039390758002885,0.20226703561887183,0.5293634437995391,0.39152964688252195,0.5467523605296873,-0.35595187919646076,557.0,0.2539497973267833,0.11858065078274227,1.4283022716586726,0.0361699768510625,3.0,2.0,1.0,0.0,0.0,1.0,1.0,1.0,0.0,0.0,0.9997378587344844,0.9997378587344844,0.0,0.9997378587344844,0.9997378587344844,0.0,XS032_GROSS_PROFIT_AT,monthly,50,20,factor_topk
2134.0,0.8986950870255648,0.07865422260499222,0.22491639995718785,0.4494159509343812,0.32545622713966343,0.45876442009689755,-0.3501953025103769,700.0,0.22460102131912965,0.0454217991119447,2.3815155853033123,0.0,1.0,2.0,1.0,1.0,0.0,1.0,1.0,1.0,0.0,0.0,0.9996060255225159,0.9996060255225159,0.0,0.9996060255225159,0.9996060255225159,0.0,XS032_GROSS_PROFIT_AT,weekly,5,0,factor_topk
2134.0,0.8796438323388667,0.07737045576485246,0.22492223872358758,0.44411518621580515,0.32015954148774556,0.4511850954369247,-0.3504254226245478,700.0,0.22079007620331412,0.0454217991119447,2.3815155853033123,0.013756743589097956,1.0,2.0,1.0,1.0,0.0,1.0,1.0,1.0,0.0,0.0,0.9996060255225159,0.9996060255225159,0.0,0.9996060255225159,0.9996060255225159,0.0,XS032_GROSS_PROFIT_AT,weekly,5,5,factor_topk
2134.0,0.860780359688585,0.07608798627850821,0.2249290033872771,0.438812890359738,0.3148618348099765,0.4436082230534429,-0.35065549299563537,719.0,0.2169878635822633,0.0454217991119447,2.3815155853033123,0.027358285909668836,1.0,2.0,1.0,1.0,0.0,1.0,1.0,1.0,0.0,0.0,0.9996060255225159,0.9996060255225159,0.0,0.9996060255225159,0.9996060255225159,0.0,XS032_GROSS_PROFIT_AT,weekly,5,10,factor_topk
2134.0,0.8236094996025651,0.0735269345218299,0.22494531006096416,0.42820396838062835,0.30426362082349845,0.42846065792016336,-0.35111548453524877,719.0,0.20940954688783733,0.0454217991119447,2.3815155853033123,0.05410219563902107,1.0,2.0,1.0,1.0,0.0,1.0,1.0,1.0,0.0,0.0,0.9996060255225159,0.9996060255225159,0.0,0.9996060255225159,0.9996060255225159,0.0,XS032_GROSS_PROFIT_AT,weekly,5,20,factor_topk
2134.0,1.1922966132242325,0.09712510086931636,0.20814740297862358,0.5499087160584647,0.415947090100009,0.5836206407937733,-0.36869167806101755,483.0,0.2634317687345316,0.04950288499844307,2.5954914698715084,0.0,1.0,2.0,1.0,1.0,0.0,1.0,1.0,1.0,0.0,0.0,0.9998004980380201,0.9998004980380201,0.0,0.9998004980380201,0.9998004980380201,0.0,XS032_GROSS_PROFIT_AT,weekly,10,0,factor_topk
2134.0,1.1683347442230012,0.09570216222482508,0.20815084601432457,0.5436673804917143,0.40970911131407667,0.5746926631481238,-0.36895459716420564,483.0,0.25938736896191106,0.04950288499844307,2.5954914698715084,0.017235197243737906,1.0,2.0,1.0,1.0,0.0,1.0,1.0,1.0,0.0,0.0,0.9998004980380201,0.9998004980380201,0.0,0.9998004980380201,0.9998004980380201,0.0,XS032_GROSS_PROFIT_AT,weekly,10,5,factor_topk
2134.0,1.144632368935576,0.0942809238637814,0.208154893962642,0.5374246896000541,0.40347016485139875,0.5657682413128144,-0.36921743689249775,484.0,0.2553533892041845,0.04950288499844307,2.5954914698715084,0.03425329839305562,1.0,2.0,1.0,1.0,0.0,1.0,1.0,1.0,0.0,0.0,0.9998004980380201,0.9998004980380201,0.0,0.9998004980380201,0.9998004980380201,0.0,XS032_GROSS_PROFIT_AT,weekly,10,10,factor_topk
2134.0,1.097994990047252,0.0914435403904994,0.2081648044506961,0.5249354602411329,0.39098958689424157,0.5479304703667353,-0.3697428782861951,489.0,0.24731656986701608,0.04950288499844307,2.5954914698715084,0.06764817352411326,1.0,2.0,1.0,1.0,0.0,1.0,1.0,1.0,0.0,0.0,0.9998004980380201,0.9998004980380201,0.0,0.9998004980380201,0.9998004980380201,0.0,XS032_GROSS_PROFIT_AT,weekly,10,20,factor_topk
2134.0,1.4332104110102502,0.11071649632097214,0.20819022948845228,0.608872614045701,0.47495079967593773,0.6698222247941673,-0.40565164459050695,529.0,0.27293491299101497,0.04725140178961524,2.477443694206406,0.0,2.0,2.0,1.0,1.0,0.0,1.0,1.0,1.0,0.0,0.0,0.999827647331298,0.999827647331298,0.0,0.999827647331298,0.999827647331298,0.0,XS032_GROSS_PROFIT_AT,weekly,20,0,factor_topk
2134.0,1.4078189893435415,0.10934142996382068,0.20819094709028135,0.6029200943112085,0.46899957113696167,0.661246190581883,-0.40587407319802227,529.0,0.26939742443335124,0.04725140178961524,2.477443694206406,0.01627148958668316,2.0,2.0,1.0,1.0,0.0,1.0,1.0,1.0,0.0,0.0,0.999827647331298,0.999827647331298,0.0,0.999827647331298,0.999827647331298,0.0,XS032_GROSS_PROFIT_AT,weekly,20,5,factor_topk
2134.0,1.3826907396014079,0.10796796728074876,0.20819206434391366,0.596966469654243,0.46304749287978364,0.6526741497414914,-0.4060964388725692,531.0,0.2658678012062758,0.04725140178961524,2.477443694206406,0.03234726656084398,2.0,2.0,1.0,1.0,0.0,1.0,1.0,1.0,0.0,0.0,0.999827647331298,0.999827647331298,0.0,0.999827647331298,0.999827647331298,0.0,XS032_GROSS_PROFIT_AT,weekly,20,10,factor_topk
2134.0,1.3332129452106165,0.10522584579555727,0.2081954977785506,0.5850560428784245,0.45114092440547493,0.6355420374888378,-0.4065409814736711,534.0,0.25883207497095106,0.04725140178961524,2.477443694206406,0.06392033383829401,2.0,2.0,1.0,1.0,0.0,1.0,1.0,1.0,0.0,0.0,0.999827647331298,0.999827647331298,0.0,0.999827647331298,0.999827647331298,0.0,XS032_GROSS_PROFIT_AT,weekly,20,20,factor_topk
2134.0,1.2186071421682376,0.09867179831954909,0.20462188672455411,0.562549229305076,0.4262937637368714,0.5975140247157507,-0.3673363280400186,544.0,0.26861432095765797,0.044626253748743815,2.3398042546576607,0.0,3.0,2.0,1.0,1.0,0.0,1.0,1.0,1.0,0.0,0.0,0.9999121978365508,0.9999121978365508,0.0,0.9999121978365508,0.9999121978365508,0.0,XS032_GROSS_PROFIT_AT,weekly,50,0,factor_topk
2134.0,1.1967352478649378,0.09738717548106246,0.20462416113045068,0.5568267416532634,0.4205736810857382,0.5893456400134673,-0.36753076718481303,544.0,0.26497693302528674,0.044626253748743815,2.3398042546576607,0.015483985985974471,3.0,2.0,1.0,1.0,0.0,1.0,1.0,1.0,0.0,0.0,0.9999121978365508,0.9999121978365508,0.0,0.9999121978365508,0.9999121978365508,0.0,XS032_GROSS_PROFIT_AT,weekly,50,5,factor_topk
2134.0,1.1750777686365756,0.0961039828859358,0.20462673064984507,0.5511035864064401,0.41485312472037694,0.5811811524034862,-0.36772516098316443,548.0,0.26134731338206074,0.044626253748743815,2.3398042546576607,0.03079400498455158,3.0,2.0,1.0,1.0,0.0,1.0,1.0,1.0,0.0,0.0,0.9999121978365508,0.9999121978365508,0.0,0.9999121978365508,0.9999121978365508,0.0,XS032_GROSS_PROFIT_AT,weekly,50,10,factor_topk
2134.0,1.1323977132885483,0.09354188226504068,0.20463275498338265,0.5396553723993396,0.40341068998230434,0.5648639288750976,-0.36811381257081377,548.0,0.25411130761915135,0.044626253748743815,2.3398042546576607,0.06089934535647825,3.0,2.0,1.0,1.0,0.0,1.0,1.0,1.0,0.0,0.0,0.9999121978365508,0.9999121978365508,0.0,0.9999121978365508,0.9999121978365508,0.0,XS032_GROSS_PROFIT_AT,weekly,50,20,factor_topk
2134.0,3.3369646512571887,0.18917033997019228,0.271510144872516,0.7739451264261498,0.6711889840456683,0.9893437005139785,-0.449406197687616,337.0,0.42093398120353764,0.2780306184100936,3.348874890165438,0.0,1.0,0.0,0.0,0.0,0.0,1.0,1.0,1.0,0.0,0.0,0.998696108147648,0.998696108147648,0.0,0.998696108147648,0.998696108147648,0.0,XS041_ASSET_GROWTH,monthly,5,0,factor_topk
2134.0,3.2758864733983186,0.1871802946892156,0.27150102541781757,0.767790827934393,0.6650323902525,0.9798798352099577,-0.4498655125274962,337.0,0.41608056069373617,0.2780306184100936,3.348874890165438,0.028041175053076312,1.0,0.0,0.0,0.0,0.0,1.0,1.0,1.0,0.0,0.0,0.998696108147648,0.998696108147648,0.0,0.998696108147648,0.998696108147648,0.0,XS041_ASSET_GROWTH,monthly,5,5,factor_topk
2134.0,3.215637160776266,0.18519254026737086,0.27149509665784183,0.761627165010722,0.658867639916048,0.9704110025870387,-0.45032480576178957,337.0,0.4112421476629316,0.2780306184100936,3.348874890165438,0.055607235610407396,1.0,0.0,0.0,0.0,0.0,1.0,1.0,1.0,0.0,0.0,0.998696108147648,0.998696108147648,0.0,0.998696108147648,0.998696108147648,0.0,XS041_ASSET_GROWTH,monthly,5,10,factor_topk
2134.0,3.097581920916194,0.18122389638210668,0.27149281194568975,0.7492726113316021,0.6465145354098282,0.9514549928461313,-0.4512433274136175,337.0,0.40161014107582294,0.2780306184100936,3.348874890165438,0.10934144486197409,1.0,0.0,0.0,0.0,0.0,1.0,1.0,1.0,0.0,0.0,0.998696108147648,0.998696108147648,0.0,0.998696108147648,0.998696108147648,0.0,XS041_ASSET_GROWTH,monthly,5,20,factor_topk
2134.0,2.9831389052538615,0.17727922884594483,0.25502516491796895,0.7680316266906408,0.6586514724579635,0.9483598668259471,-0.4507250525800275,586.0,0.3933201135174717,0.261929777532602,3.1549404881433936,0.0,2.0,0.0,0.0,2.0,0.0,1.0,1.0,1.0,0.0,0.0,0.9973833591991417,0.9973833591991417,0.0,0.9973833591991417,0.9973833591991417,0.0,XS041_ASSET_GROWTH,monthly,10,0,factor_topk
2134.0,2.9302724319433757,0.1754231514252289,0.25502960356033166,0.7618331506510369,0.6524559033946379,0.9391008480750936,-0.45108110967920967,586.0,0.38889491858788466,0.261929777532602,3.1549404881433936,0.024877443584792446,2.0,0.0,0.0,2.0,0.0,1.0,1.0,1.0,0.0,0.0,0.9973833591991417,0.9973833591991417,0.0,0.9973833591991417,0.9973833591991417,0.0,XS041_ASSET_GROWTH,monthly,10,5,factor_topk
2134.0,2.878084226605983,0.17356916385264243,0.2550367781229419,0.7556267842570139,0.6462536183845183,0.9298373374240935,-0.45143714685725145,586.0,0.3844813504182601,0.261929777532602,3.1549404881433936,0.04936116960606341,2.0,0.0,0.0,2.0,0.0,1.0,1.0,1.0,0.0,0.0,0.9973833591991417,0.9973833591991417,0.0,0.9973833591991417,0.9973833591991417,0.0,XS041_ASSET_GROWTH,monthly,10,10,factor_topk
2134.0,2.7757090691955124,0.16986745096434164,0.2550593339973587,0.7431911854030908,0.6338297038307651,0.9112976925156929,-0.4521491614499138,713.0,0.3756889660474544,0.261929777532602,3.1549404881433936,0.0971690277041665,2.0,0.0,0.0,2.0,0.0,1.0,1.0,1.0,0.0,0.0,0.9973833591991417,0.9973833591991417,0.0,0.9973833591991417,0.9973833591991417,0.0,XS041_ASSET_GROWTH,monthly,10,20,factor_topk
2134.0,2.978928845236808,0.17713221746932173,0.23530481586813318,0.8113383372452552,0.6927857127045052,0.9947929678977667,-0.42404294657958375,316.0,0.41772235312037626,0.2539918170190196,3.0593278653499905,0.0,4.0,3.0,2.0,20.0,0.0,1.0,1.0,1.0,0.0,0.0,0.9896899885749036,0.9896899885749036,0.0,0.9896899885749036,0.9896899885749036,0.0,XS041_ASSET_GROWTH,monthly,20,0,factor_topk
2134.0,2.927710626084601,0.1753326513825315,0.23531586012348263,0.8048066088352486,0.6862606606043643,0.9850672892039872,-0.42431264416068537,316.0,0.41321571203551927,0.2539918170190196,3.0593278653499905,0.024864233683995072,4.0,3.0,2.0,20.0,0.0,1.0,1.0,1.0,0.0,0.0,0.9896899885749036,0.9896899885749036,0.0,0.9896899885749036,0.9896899885749036,0.0,XS041_ASSET_GROWTH,monthly,20,5,factor_topk
2134.0,2.877133486744901,0.17353518519369482,0.23532920659670675,0.7982676840106092,0.6797295728055027,0.9753393811971158,-0.42458234174178755,317.0,0.4087197420453047,0.2539918170190196,3.0593278653499905,0.0493431599210422,4.0,3.0,2.0,20.0,0.0,1.0,1.0,1.0,0.0,0.0,0.9896899885749036,0.9896899885749036,0.0,0.9896899885749036,0.9896899885749036,0.0,XS041_ASSET_GROWTH,monthly,20,10,factor_topk
2134.0,2.777871323728797,0.1699465445805648,0.23536280456262776,0.7851690234197106,0.6666500655492797,0.9558781547391121,-0.42512173690399124,317.0,0.39975971545991595,0.2539918170190196,3.0593278653499905,0.09716582199345247,4.0,3.0,2.0,20.0,0.0,1.0,1.0,1.0,0.0,0.0,0.9896899885749036,0.9896899885749036,0.0,0.9896899885749036,0.9896899885749036,0.0,XS041_ASSET_GROWTH,monthly,20,20,factor_topk
2134.0,1.6949918561586323,0.12420033653916329,0.2108543903465832,0.6612310242460906,0.5289708566963782,0.7435405519709644,-0.4218884967819887,359.0,0.29439137944390065,0.21863251598497419,2.633425581479745,0.0,8.0,9.0,5.0,73.0,0.0,1.0,1.0,1.0,0.0,0.0,0.9850486661511575,0.9850486661511575,0.0,0.9850486661511575,0.9850486661511575,0.0,XS041_ASSET_GROWTH,monthly,50,0,factor_topk
2134.0,1.6651045702271734,0.1227208457076232,0.21085494727954107,0.6549822039871006,0.5227234613586978,0.7345213499981469,-0.42215266030320797,373.0,0.29070252836848137,0.21863251598497419,2.633425581479745,0.016973664538924498,8.0,9.0,5.0,73.0,0.0,1.0,1.0,1.0,0.0,0.0,0.9850486661511575,0.9850486661511575,0.0,0.9850486661511575,0.9850486661511575,0.0,XS041_ASSET_GROWTH,monthly,50,5,factor_topk
2134.0,1.6355401402703271,0.12124287028976344,0.2108572965841256,0.6487279022438031,0.5164717097689716,0.7255017660497756,-0.42241680043168306,444.0,0.28702189440822656,0.21863251598497419,2.633425581479745,0.03373100900849482,8.0,9.0,5.0,73.0,0.0,1.0,1.0,1.0,0.0,0.0,0.9850486661511575,0.9850486661511575,0.0,0.9850486661511575,0.9850486661511575,0.0,XS041_ASSET_GROWTH,monthly,50,10,factor_topk
2134.0,1.5773662913093824,0.11829146060950979,0.21086737202284025,0.6362034941159644,0.5039557767782612,0.7074624051070844,-0.42294501051039723,444.0,0.2796852017872471,0.21863251598497419,2.633425581479745,0.06660659581522377,8.0,9.0,5.0,73.0,0.0,1.0,1.0,1.0,0.0,0.0,0.9850486661511575,0.9850486661511575,0.0,0.9850486661511575,0.9850486661511575,0.0,XS041_ASSET_GROWTH,monthly,50,20,factor_topk
2134.0,3.8307714419818435,0.20440959300615158,0.2741921978940783,0.8156837387145773,0.7139418774543111,1.0484934520295164,-0.4499681030777912,317.0,0.4542757400090933,0.08827616287664536,4.628417671950373,0.0,1.0,0.0,0.0,1.0,0.0,1.0,1.0,1.0,0.0,0.0,0.9992477815874428,0.9992477815874428,0.0,0.9992477815874428,0.9992477815874428,0.0,XS041_ASSET_GROWTH,weekly,5,0,factor_topk
2134.0,3.7370107375363864,0.2016251949688712,0.2741914457257137,0.8072417089086269,0.7055009240771878,1.0356192818330698,-0.4507074558869387,317.0,0.447352694825287,0.08827616287664536,4.628417671950373,0.04081953107998788,1.0,0.0,0.0,1.0,0.0,1.0,1.0,1.0,0.0,0.0,0.9992477815874428,0.9992477815874428,0.0,0.9992477815874428,0.9992477815874428,0.0,XS041_ASSET_GROWTH,weekly,5,5,factor_topk
2134.0,3.6450459048403516,0.19884650453155328,0.27419284342874195,0.798793369615484,0.6970544569893627,1.02274951590363,-0.4514461423404845,323.0,0.4404656190008631,0.08827616287664536,4.628417671950373,0.08065981523609506,1.0,0.0,0.0,1.0,0.0,1.0,1.0,1.0,0.0,0.0,0.9992477815874428,0.9992477815874428,0.0,0.9992477815874428,0.9992477815874428,0.0,XS041_ASSET_GROWTH,weekly,5,10,factor_topk
2134.0,3.466368701037627,0.1933062047054026,0.2742020882669057,0.7818785586362642,0.6801457771662233,0.9970222026900997,-0.4529215175786434,323.0,0.4267984566925278,0.08827616287664536,4.628417671950373,0.1574846625359343,1.0,0.0,0.0,1.0,0.0,1.0,1.0,1.0,0.0,0.0,0.9992477815874428,0.9992477815874428,0.0,0.9992477815874428,0.9992477815874428,0.0,XS041_ASSET_GROWTH,weekly,5,20,factor_topk
2134.0,3.232827789293693,0.18576223727205243,0.25383838164542166,0.7988482475396091,0.688960624725842,0.9892091319904964,-0.45253590464767324,320.0,0.4104917098604135,0.08488671113000369,4.450704936698151,0.0,2.0,0.0,0.0,7.0,0.0,1.0,1.0,1.0,0.0,0.0,0.9982121915958989,0.9982121915958989,0.0,0.9982121915958989,0.9982121915958989,0.0,XS041_ASSET_GROWTH,weekly,10,0,factor_topk
2134.0,3.153799611367112,0.18312616069309495,0.25383291846476164,0.7900890207730521,0.6802003396502491,0.9761971340882384,-0.4531252905753138,321.0,0.4041402334012023,0.08488671113000369,4.450704936698151,0.03628553915756403,2.0,0.0,0.0,7.0,0.0,1.0,1.0,1.0,0.0,0.0,0.9982121915958989,0.9982121915958989,0.0,0.9982121915958989,0.9982121915958989,0.0,XS041_ASSET_GROWTH,weekly,10,5,factor_topk
2134.0,3.0762310609332584,0.1804954022569445,0.2538291908871714,0.7813240744717928,0.6714350862228167,0.9631889404734845,-0.4537141768144436,322.0,0.39781741783828384,0.08488671113000369,4.450704936698151,0.07173745336732987,2.0,0.0,0.0,7.0,0.0,1.0,1.0,1.0,0.0,0.0,0.9982121915958989,0.9982121915958989,0.0,0.9982121915958989,0.9982121915958989,0.0,XS041_ASSET_GROWTH,weekly,10,10,factor_topk
2134.0,2.925366641628213,0.17524980062476048,0.25382694281145557,0.7637777408679465,0.6538903919445296,0.9371851472810885,-0.4548904515103701,324.0,0.3852571537671973,0.08488671113000369,4.450704936698151,0.1402079765047663,2.0,0.0,0.0,7.0,0.0,1.0,1.0,1.0,0.0,0.0,0.9982121915958989,0.9982121915958989,0.0,0.9982121915958989,0.9982121915958989,0.0,XS041_ASSET_GROWTH,weekly,10,20,factor_topk
2134.0,2.8041107130109015,0.17090319296735257,0.2416644456593698,0.7745693743918333,0.65914927424924,0.9386811714016715,-0.4633743854039717,287.0,0.3688231338431848,0.08211130092241889,4.305187084164763,0.0,4.0,3.0,2.0,82.0,0.0,1.0,1.0,1.0,0.0,0.0,0.990633940066655,0.990633940066655,0.0,0.990633940066655,0.990633940066655,0.0,XS041_ASSET_GROWTH,weekly,20,0,factor_topk
2134.0,2.7353899677060887,0.16838524335226768,0.24167115906736383,0.7656443157017796,0.6502288133560152,0.9255721265141814,-0.4638847737360715,287.0,0.36298937340864507,0.08211130092241889,4.305187084164763,0.03381345371779837,4.0,3.0,2.0,82.0,0.0,1.0,1.0,1.0,0.0,0.0,0.990633940066655,0.990633940066655,0.0,0.990633940066655,0.990633940066655,0.0,XS041_ASSET_GROWTH,weekly,20,5,factor_topk
2134.0,2.667900983819986,0.16587234547212892,0.24167908080516817,0.7567159694648158,0.6413056414931322,0.9124700402577358,-0.4643947539158909,287.0,0.35717962805017167,0.08211130092241889,4.305187084164763,0.06687980940348692,4.0,3.0,2.0,82.0,0.0,1.0,1.0,1.0,0.0,0.0,0.990633940066655,0.990633940066655,0.0,0.990633940066655,0.990633940066655,0.0,XS041_ASSET_GROWTH,weekly,20,10,factor_topk
2134.0,2.5365310580679816,0.1608616669554468,0.2416985487768451,0.7388499528784811,0.623451702429943,0.8862863199274331,-0.46541349088725603,314.0,0.34563172341391085,0.08211130092241889,4.305187084164763,0.1308299033618031,4.0,3.0,2.0,82.0,0.0,1.0,1.0,1.0,0.0,0.0,0.990633940066655,0.990633940066655,0.0,0.990633940066655,0.990633940066655,0.0,XS041_ASSET_GROWTH,weekly,20,20,factor_topk
2134.0,1.78747221795994,0.12868841271811782,0.212957670631963,0.6754201885215916,0.5444672001564785,0.7686359827541336,-0.425035835203712,445.0,0.30277073615790484,0.07365057148481288,3.8615816036985677,0.0,8.0,9.0,5.0,316.0,0.0,1.0,1.0,1.0,0.0,0.0,0.9857178723733205,0.9857178723733205,0.0,0.9857178723733205,0.9857178723733205,0.0,XS041_ASSET_GROWTH,weekly,50,0,factor_topk
2134.0,1.742263707331126,0.1265111218653845,0.2129633163492691,0.6663386021277152,0.5353905477564326,0.7555010759635749,-0.42550675418755646,445.0,0.29731871614338806,0.07365057148481288,3.8615816036985677,0.025395856989437266,8.0,9.0,5.0,316.0,0.0,1.0,1.0,1.0,0.0,0.0,0.9857178723733205,0.9857178723733205,0.0,0.9857178723733205,0.9857178723733205,0.0,XS041_ASSET_GROWTH,weekly,50,5,factor_topk
2134.0,1.6977830477058786,0.12433776724076329,0.2129699940405817,0.6572543124045725,0.5263118269325965,0.7423739498197752,-0.4259773544592327,449.0,0.2918882094063589,0.07365057148481288,3.8615816036985677,0.05030666664763238,8.0,9.0,5.0,316.0,0.0,1.0,1.0,1.0,0.0,0.0,0.9857178723733205,0.9857178723733205,0.0,0.9857178723733205,0.9857178723733205,0.0,XS041_ASSET_GROWTH,weekly,50,10,factor_topk
2134.0,1.610958932697987,0.12000283985553684,0.21298644494196467,0.6390781534647756,0.5081487095081973,0.7161438569958053,-0.42691759956704634,454.0,0.2810913393526909,0.07365057148481288,3.8615816036985677,0.09870676558075492,8.0,9.0,5.0,316.0,0.0,1.0,1.0,1.0,0.0,0.0,0.9857178723733205,0.9857178723733205,0.0,0.9857178723733205,0.9857178723733205,0.0,XS041_ASSET_GROWTH,weekly,50,20,factor_topk
2134.0,1.5581234560170443,0.11730225127618987,0.33335404919254213,0.5005609096151757,0.4169249778417602,0.5930673250428691,-0.5539508945377284,818.0,0.2117556852653492,0.28802070817967884,3.4692053809983436,0.0,0.0,0.0,0.0,0.0,0.0,1.0,1.0,1.0,0.0,0.0,1.0,1.0,0.0,1.0,1.0,0.0,XS056_CFO_ACCRUALS_PT,monthly,5,0,factor_topk
2134.0,1.5208148287258614,0.1153654981658152,0.33336406741804897,0.4953515713036866,0.4117186289051352,0.5855105897733551,-0.5541447216083024,819.0,0.2081865867656164,0.28802070817967884,3.4692053809983436,0.023215078140585467,0.0,0.0,0.0,0.0,0.0,1.0,1.0,1.0,0.0,0.0,1.0,1.0,0.0,1.0,1.0,0.0,XS056_CFO_ACCRUALS_PT,monthly,5,5,factor_topk
2134.0,1.4840368287894297,0.11343138792454766,0.3333759536271882,0.4901397997002692,0.4065103143839716,0.5779539709171804,-0.5543385486788763,826.0,0.20462475177828107,0.28802070817967884,3.4692053809983436,0.04604639650261492,0.0,0.0,0.0,0.0,0.0,1.0,1.0,1.0,0.0,0.0,1.0,1.0,0.0,1.0,1.0,0.0,XS056_CFO_ACCRUALS_PT,monthly,5,10,factor_topk
2134.0,1.4120433757399038,0.10957108470382071,0.33340532916582233,0.4797093093378999,0.39608814058849,0.5628412755966767,-0.5547262028200238,985.0,0.197522821432991,0.28802070817967884,3.4692053809983436,0.09058041878453006,0.0,0.0,0.0,0.0,0.0,1.0,1.0,1.0,0.0,0.0,1.0,1.0,0.0,1.0,1.0,0.0,XS056_CFO_ACCRUALS_PT,monthly,5,20,factor_topk
2134.0,1.587799454214566,0.11882507439692236,0.2873995535193422,0.5356522323733175,0.4386297753696289,0.6149193974444728,-0.5743460403644167,600.0,0.20688760093397537,0.2963136348510894,3.569093566172634,0.0,3.0,6.0,2.0,1.0,0.0,1.0,1.0,1.0,0.0,0.0,0.9972940190704165,0.9972940190704165,0.0,0.9972940190704165,0.9972940190704165,0.0,XS056_CFO_ACCRUALS_PT,monthly,10,0,factor_topk
2134.0,1.5489803118863046,0.11682993128068775,0.2874058858599212,0.5294354009392204,0.43241590722694756,0.6060241036819142,-0.5746209193858238,601.0,0.2033165298011773,0.2963136348510894,3.569093566172634,0.024413627587724196,3.0,6.0,2.0,1.0,0.0,1.0,1.0,1.0,0.0,0.0,0.9972940190704165,0.9972940190704165,0.0,0.9972940190704165,0.9972940190704165,0.0,XS056_CFO_ACCRUALS_PT,monthly,10,5,factor_topk
2134.0,1.510730997112553,0.11483769099776042,0.2874142105940884,0.5232152164241005,0.4261993572048085,0.5971299584904712,-0.5748957392900118,601.0,0.1997539434534397,0.2963136348510894,3.569093566172634,0.04840769240847745,3.0,6.0,2.0,1.0,0.0,1.0,1.0,1.0,0.0,0.0,0.9972940190704165,0.9972940190704165,0.0,0.9972940190704165,0.9972940190704165,0.0,XS056_CFO_ACCRUALS_PT,monthly,10,10,factor_topk
2134.0,1.435909226751721,0.11086190509171945,0.2874368365093121,0.5107653081486971,0.4137587305727098,0.5793459539468334,-0.575445201746728,637.0,0.19265414804955375,0.2963136348510894,3.569093566172634,0.09516300136433893,3.0,6.0,2.0,1.0,0.0,1.0,1.0,1.0,0.0,0.0,0.9972940190704165,0.9972940190704165,0.0,0.9972940190704165,0.9972940190704165,0.0,XS056_CFO_ACCRUALS_PT,monthly,10,20,factor_topk
2134.0,2.574100170643656,0.16231115423899767,0.2670894154401616,0.697803189117757,0.5934185683851795,0.83233724641664,-0.5011004186803487,426.0,0.3239094364886886,0.2652526512744859,3.1949644556510703,0.0,5.0,10.0,4.0,9.0,0.0,1.0,1.0,1.0,0.0,0.0,0.9944108487911487,0.9944108487911487,0.0,0.9944108487911487,0.9944108487911487,0.0,XS056_CFO_ACCRUALS_PT,monthly,20,0,factor_topk
2134.0,2.526068957259136,0.16045560226147249,0.2670872242129069,0.6918221882582258,0.5874371960945325,0.8237181573045,-0.5013263433040733,426.0,0.3200621798646438,0.2652526512744859,3.1949644556510703,0.022022995849182717,5.0,10.0,4.0,9.0,0.0,1.0,1.0,1.0,0.0,0.0,0.9944108487911487,0.9944108487911487,0.0,0.9944108487911487,0.9944108487911487,0.0,XS056_CFO_ACCRUALS_PT,monthly,20,5,factor_topk
2134.0,2.4786698672469103,0.15860248736905502,0.2670866939422211,0.6858368241566615,0.5814521089853191,0.8150991397201116,-0.5015522246601476,572.0,0.3162232756050963,0.2652526512744859,3.1949644556510703,0.04370181411271019,5.0,10.0,4.0,9.0,0.0,1.0,1.0,1.0,0.0,0.0,0.9944108487911487,0.9944108487911487,0.0,0.9944108487911487,0.9944108487911487,0.0,XS056_CFO_ACCRUALS_PT,monthly,20,10,factor_topk
2134.0,2.3857355704048184,0.15490355814512347,0.2670906162791402,0.6738534529188712,0.5694712369043232,0.797861915422784,-0.5020038575693444,589.0,0.3085704538111559,0.2652526512744859,3.1949644556510703,0.08604631770759268,5.0,10.0,4.0,9.0,0.0,1.0,1.0,1.0,0.0,0.0,0.9944108487911487,0.9944108487911487,0.0,0.9944108487911487,0.9944108487911487,0.0,XS056_CFO_ACCRUALS_PT,monthly,20,20,factor_topk
2134.0,2.897212751021307,0.17425124547286774,0.23706879808180048,0.7971682892238121,0.6795233816817878,0.9474014716932486,-0.4556086584412846,159.0,0.3824581518468309,0.21483566970381635,2.58769262139967,0.0,14.0,21.0,8.0,23.0,0.0,1.0,1.0,1.0,0.0,0.0,0.9941399396374052,0.9941399396374052,0.0,0.9941399396374052,0.9941399396374052,0.0,XS056_CFO_ACCRUALS_PT,monthly,50,0,factor_topk
2134.0,2.8547409327007136,0.17273276145181304,0.23706845880201854,0.7917080878261696,0.6740638082035819,0.9395579851756882,-0.4558084036617539,174.0,0.3789591417449918,0.21483566970381635,2.58769262139967,0.020523093913817,14.0,21.0,8.0,23.0,0.0,1.0,1.0,1.0,0.0,0.0,0.9941399396374052,0.9941399396374052,0.0,0.9941399396374052,0.9941399396374052,0.0,XS056_CFO_ACCRUALS_PT,monthly,50,5,factor_topk
2134.0,2.812722837006656,0.17121590968100397,0.23706928696341392,0.7862439989438088,0.668600926150405,0.9317139385329939,-0.45600812542634284,177.0,0.37546679573072606,0.21483566970381635,2.58769262139967,0.04077585528295362,14.0,21.0,8.0,23.0,0.0,1.0,1.0,1.0,0.0,0.0,0.9941399396374052,0.9941399396374052,0.0,0.9941399396374052,0.9941399396374052,0.0,XS056_CFO_ACCRUALS_PT,monthly,50,10,factor_topk
2134.0,2.7300288549223533,0.1681870969474033,0.23707444554355195,0.7753044821052366,0.657665559459937,0.916024570815505,-0.456407498587881,179.0,0.368502045798485,0.21483566970381635,2.58769262139967,0.08048291589898024,14.0,21.0,8.0,23.0,0.0,1.0,1.0,1.0,0.0,0.0,0.9941399396374052,0.9941399396374052,0.0,0.9941399396374052,0.9941399396374052,0.0,XS056_CFO_ACCRUALS_PT,monthly,50,20,factor_topk
2134.0,1.03443193823531,0.08748547885179403,0.342109949035587,0.4189558518429387,0.337468874948251,0.4674966845762632,-0.6495813739864305,826.0,0.13467978355798974,0.09352866144705964,4.90381202998529,0.0,0.0,0.0,0.0,0.0,0.0,1.0,1.0,1.0,0.0,0.0,1.0,1.0,0.0,1.0,1.0,0.0,XS056_CFO_ACCRUALS_PT,weekly,5,0,factor_topk
2134.0,0.9926212461594093,0.0848220395120407,0.342111900118264,0.41179381249129143,0.330307874384917,0.4574141947044534,-0.649856324841599,826.0,0.13052429632460047,0.09352866144705964,4.90381202998529,0.027828635621140713,0.0,0.0,0.0,0.0,0.0,1.0,1.0,1.0,0.0,0.0,1.0,1.0,0.0,1.0,1.0,0.0,XS056_CFO_ACCRUALS_PT,weekly,5,5,factor_topk
2134.0,0.9516608840784637,0.0821645377762994,0.34211536421242844,0.4046300653383575,0.3231455251313789,0.4473374298859695,-0.6501311226681913,1009.0,0.12638148661317644,0.09352866144705964,4.90381202998529,0.05502757465019875,0.0,0.0,0.0,0.0,0.0,1.0,1.0,1.0,0.0,0.0,1.0,1.0,0.0,1.0,1.0,0.0,XS056_CFO_ACCRUALS_PT,weekly,5,10,factor_topk
2134.0,0.872223032707903,0.07686729866716568,0.34212683123131293,0.39029782828296283,0.30881716097169526,0.4272014202500409,-0.6506802594455644,1059.0,0.11813374933590769,0.09352866144705964,4.90381202998529,0.10758935148496883,0.0,0.0,0.0,0.0,0.0,1.0,1.0,1.0,0.0,0.0,1.0,1.0,0.0,1.0,1.0,0.0,XS056_CFO_ACCRUALS_PT,weekly,5,20,factor_topk
2134.0,1.4040834780151985,0.10913805622595474,0.2930107538276371,0.5020082567694267,0.4068537349336166,0.5617265522021918,-0.6109503371409698,704.0,0.1786365430890537,0.09667684981537075,5.068875057236271,0.0,3.0,6.0,2.0,4.0,0.0,1.0,1.0,1.0,0.0,0.0,0.9992401051412299,0.9992401051412299,0.0,0.9992401051412299,0.9992401051412299,0.0,XS056_CFO_ACCRUALS_PT,weekly,10,0,factor_topk
2134.0,1.3530323738597243,0.10633036372964333,0.293034181722997,0.49334722032881095,0.39820127403516353,0.5495357447989053,-0.6114694465722409,704.0,0.17389317540836627,0.09667684981537075,5.068875057236271,0.03248146669790001,3.0,6.0,2.0,4.0,0.0,1.0,1.0,1.0,0.0,0.0,0.9992401051412299,0.9992401051412299,0.0,0.9992401051412299,0.9992401051412299,0.0,XS056_CFO_ACCRUALS_PT,weekly,10,5,factor_topk
2134.0,1.3030579213715683,0.10352935844613786,0.29305880421985114,0.48468559292444874,0.38954860617027864,0.5373560051941508,-0.6119879857586591,708.0,0.16916893935065785,0.09667684981537075,5.068875057236271,0.06417814282702461,3.0,6.0,2.0,4.0,0.0,1.0,1.0,1.0,0.0,0.0,0.9992401051412299,0.9992401051412299,0.0,0.9992401051412299,0.9992401051412299,0.0,XS056_CFO_ACCRUALS_PT,weekly,10,10,factor_topk
2134.0,1.2062492364035249,0.09794734950800077,0.2931116317992231,0.4673609913924687,0.37224307438951354,0.5130301374534574,-0.6130233554084308,709.0,0.15977751686596461,0.09667684981537075,5.068875057236271,0.1252870796906372,3.0,6.0,2.0,4.0,0.0,1.0,1.0,1.0,0.0,0.0,0.9992401051412299,0.9992401051412299,0.0,0.9992401051412299,0.9992401051412299,0.0,XS056_CFO_ACCRUALS_PT,weekly,10,20,factor_topk
2134.0,2.431054057714638,0.15671834133781304,0.27522557321579977,0.6680980138456728,0.5668018688551851,0.7868406600634962,-0.5582703175441985,572.0,0.2807212499263953,0.09061198846528994,4.750887612654339,0.0,5.0,10.0,4.0,36.0,0.0,1.0,1.0,1.0,0.0,0.0,0.9961125542909393,0.9961125542909393,0.0,0.9961125542909393,0.9961125542909393,0.0,XS056_CFO_ACCRUALS_PT,weekly,20,0,factor_topk
2134.0,2.36272070277567,0.15397370861315585,0.2752349754131178,0.6594541191797593,0.5581620516628897,0.774544109124463,-0.5586956434236394,572.0,0.27559496914924564,0.09061198846528994,4.750887612654339,0.03224721692594907,5.0,10.0,4.0,36.0,0.0,1.0,1.0,1.0,0.0,0.0,0.9961125542909393,0.9961125542909393,0.0,0.9961125542909393,0.9961125542909393,0.0,XS056_CFO_ACCRUALS_PT,weekly,20,5,factor_topk
2134.0,2.2957398531847195,0.15123524049761583,0.2752453909234083,0.650808419102191,0.549520800795586,0.7622560523349717,-0.5591206303324815,582.0,0.27048767706475735,0.09061198846528994,4.750887612654339,0.06373893320970708,5.0,10.0,4.0,36.0,0.0,1.0,1.0,1.0,0.0,0.0,0.9961125542909393,0.9961125542909393,0.0,0.9961125542909393,0.9961125542909393,0.0,XS056_CFO_ACCRUALS_PT,weekly,20,10,factor_topk
2134.0,2.1657297704169567,0.1457767455162271,0.27526926141162056,0.6335119865718546,0.532234381295171,0.7377052334632147,-0.5599695881235688,589.0,0.26032975470099723,0.09061198846528994,4.750887612654339,0.12452078508946576,5.0,10.0,4.0,36.0,0.0,1.0,1.0,1.0,0.0,0.0,0.9961125542909393,0.9961125542909393,0.0,0.9961125542909393,0.9961125542909393,0.0,XS056_CFO_ACCRUALS_PT,weekly,20,20,factor_topk
2134.0,2.91832696395857,0.17500071277107399,0.24136494496331815,0.7900087477535128,0.674455112578152,0.9380669453195978,-0.4828817108482286,210.0,0.362409072117617,0.07328695936759305,3.842517014864691,0.0,14.0,21.0,8.0,104.0,0.0,1.0,1.0,1.0,0.0,0.0,0.9952603146545814,0.9952603146545814,0.0,0.9952603146545814,0.9952603146545814,0.0,XS056_CFO_ACCRUALS_PT,weekly,50,0,factor_topk
2134.0,2.8550900054083637,0.17274530176957192,0.24136939244930286,0.7820363556465506,0.6664860275801453,0.9266567965846297,-0.4832163412442817,210.0,0.35749060415621065,0.07328695936759305,3.842517014864691,0.03125865666396601,14.0,21.0,8.0,104.0,0.0,1.0,1.0,1.0,0.0,0.0,0.9952603146545814,0.9952603146545814,0.0,0.9952603146545814,0.9952603146545814,0.0,XS056_CFO_ACCRUALS_PT,weekly,50,5,factor_topk
2134.0,2.7928682383658483,0.17049402414908887,0.24137447330404194,0.7740622261822018,0.658515506076438,0.9152534624200707,-0.483550790053631,210.0,0.352587624001564,0.07328695936759305,3.842517014864691,0.061899239053633336,14.0,21.0,8.0,104.0,0.0,1.0,1.0,1.0,0.0,0.0,0.9952603146545814,0.9952603146545814,0.0,0.9952603146545814,0.9952603146545814,0.0,XS056_CFO_ACCRUALS_PT,weekly,50,10,factor_topk
2134.0,2.6714056860437694,0.16600384001652424,0.24138653495481927,0.7581090072433071,0.6425704052677595,0.8924674152639663,-0.4842191432357027,210.0,0.34282791652398337,0.07328695936759305,3.842517014864691,0.12136977424026237,14.0,21.0,8.0,104.0,0.0,1.0,1.0,1.0,0.0,0.0,0.9952603146545814,0.9952603146545814,0.0,0.9952603146545814,0.9952603146545814,0.0,XS056_CFO_ACCRUALS_PT,weekly,50,20,factor_topk
