group_id,strategy_id,portfolio_mode,signal,top_n,frequency,variant_id,cost_bps,borrow_fee_annual,valid_scenario,invalid_reason,is_primary_scenario,collateralized_total_return,signed_skipped_rebalance_count,terminal_last_close_count,observations,total_return,cagr,annualized_volatility,sharpe_zero_rf,sharpe_excess_rf,sortino,max_drawdown,max_drawdown_duration,calmar,average_l1_turnover,annualized_l1_turnover,total_cost,corporate_action_events_applied,valuation_fallback_count,valuation_fallback_sid_count,unfilled_execution_count,skipped_signed_rebalance_count,average_target_risk_allocation,minimum_target_risk_allocation,maximum_target_risk_allocation,below_full_investment_fraction,leveraged_rebalance_fraction,average_actual_risky_weight,average_long_exposure,average_short_exposure,average_gross_exposure,average_net_exposure,total_short_borrow_fee,relative_observations,annualized_excess_return,geometric_excess_return,beta,annualized_alpha_zero_rf,annualized_alpha_excess_rf,tracking_error,information_ratio,base_target_gross_exposure,base_target_net_exposure,high_vol_rebalance_fraction,delta_vs_g00_cagr,delta_vs_g00_sharpe_excess_rf,delta_vs_g00_max_drawdown,delta_vs_g00_annualized_volatility,delta_vs_g00_annualized_l1_turnover
G11,G11__mom_12_1__top10__monthly__long_only,long_only,mom_12_1,10,monthly,base,0.0,0.0,True,,False,True,0,0,2134.0,3.6085011664644417,0.1977288281963121,0.2924573976271308,0.7640393129491195,0.6687803549944925,0.9304180924727089,-0.34090055661000385,679.0,0.5800190828744153,0.6912526011903967,8.326127863635406,0.0,0.0,0.0,0.0,0.0,0.0,0.8811975576516257,0.16627809729421433,1.0,0.39215686274509803,0.0,0.8815075782531249,0.8815075782531249,0.0,0.8815075782531249,0.8815075782531249,0.0,2134.0,0.06849508649657683,0.04494706364107568,0.9897458018580175,0.07008401410708971,0.06981646407701401,0.22240532197270424,0.30797413429244835,1.0,1.0,0.2549019607843137,-0.03018365523047789,-0.021028501160989643,0.10796214059490228,-0.05080320796131771,-0.5822359651910585
G11,G11__mom_12_1__top10__monthly__long_only,long_only,mom_12_1,10,monthly,base,5.0,0.0,True,,True,True,0,0,2134.0,3.448833891887814,0.1927520161651992,0.2924441197347637,0.7498150819395987,0.6545510106659361,0.9100435922753005,-0.3464918154854809,679.0,0.556296014943753,0.6912526011903967,8.326127863635406,0.04644094164690627,0.0,0.0,0.0,0.0,0.0,0.8811975576516257,0.16627809729421433,1.0,0.39215686274509803,0.0,0.8815075782531249,0.8815075782531249,0.0,0.8815075782531249,0.8815075782531249,0.0,2134.0,0.06432514894833195,0.040605091572126814,0.9896226631755751,0.06593315737333136,0.0656621336557209,0.2224082496190889,0.28922105658625286,1.0,1.0,0.2549019607843137,-0.029702166076518377,-0.022275703077370812,0.1072207224960352,-0.05081213509454813,-0.5822359651910585
G11,G11__mom_12_1__top10__monthly__long_only,long_only,mom_12_1,10,monthly,base,10.0,0.0,True,,False,True,0,0,2134.0,3.2946402225233102,0.18779398082098764,0.29243610546754806,0.7355763191741083,0.6403088515850427,0.889679714943655,-0.35203802706318765,855.0,0.5334479981825382,0.6912526011903967,8.326127863635406,0.09102010023882529,0.0,0.0,0.0,0.0,0.0,0.8811975576516257,0.16627809729421433,1.0,0.39215686274509803,0.0,0.8815075782531249,0.8815075782531249,0.0,0.8815075782531249,0.8815075782531249,0.0,2134.0,0.060155211400086624,0.03627950104412375,0.9894995244931329,0.0617823006395725,0.06150780323442752,0.22241809869803908,0.27046005586872224,1.0,1.0,0.2549019607843137,-0.02922393547992197,-0.023525498327327865,0.10648384293524432,-0.05082091288007912,-0.5822359651910567
G11,G11__mom_12_1__top10__monthly__long_only,long_only,mom_12_1,10,monthly,base,20.0,0.0,True,,False,True,0,0,2134.0,3.0019373392751367,0.1779339852445685,0.2924358692553567,0.7070582671115091,0.6117891598272706,0.8489870255651869,-0.36299668122216167,1063.0,0.49018074943684986,0.6912526011903967,8.326127863635406,0.17486927411748773,0.0,0.0,0.0,0.0,0.0,0.8811975576516257,0.16627809729421433,1.0,0.39215686274509803,0.0,0.8815075782531249,0.8815075782531249,0.0,0.8815075782531249,0.8815075782531249,0.0,2134.0,0.05181533630359667,0.027677242183401438,0.9892532471282485,0.05348058717205544,0.05319914239184113,0.22245855683033416,0.2329213002272395,1.0,1.0,0.2549019607843137,-0.028277184720361503,-0.02603212290702872,0.10502360560319052,-0.0508380185961681,-0.5822359651910585
G11,G11__mom_12_1__top10__monthly__long_short,long_short,mom_12_1,10,monthly,base,0.0,0.0,True,,False,True,0,0,2134.0,0.9883806038885317,0.08454915466816315,0.19078742728743303,0.5213978855122839,0.3753932391452647,0.5130212327649291,-0.369381324651765,1053.0,0.2288939614039016,0.7063365086083457,8.50781331643342,0.0,4.0,27.0,3.0,0.0,0.0,0.8811975576516257,0.16627809729421433,1.0,0.39215686274509803,0.0,0.0008658411251785883,0.44349833673188654,0.442632495606708,0.8861308323385946,0.0008658411251785883,0.0,2134.0,-0.05547770148334747,-0.05379546032003905,0.041673615106814374,0.09301867353846657,0.06633048112367602,0.26486443665856574,-0.2094569666778755,1.0,0.0,0.2549019607843137,0.01673113619063485,0.09566364298663288,0.06774816210393642,-0.04163028542378186,-0.932273015672548
G11,G11__mom_12_1__top10__monthly__long_short,long_short,mom_12_1,10,monthly,base,0.0,0.01,True,,False,True,0,0,2134.0,0.9158082123063767,0.07979773985746075,0.1908219603916882,0.49832388432438274,0.3523413174320969,0.4810596145075176,-0.37328301963556276,1063.0,0.2137727559516838,0.7064997888329064,8.509780024442843,0.0,4.0,27.0,3.0,0.0,0.0,0.8811975576516257,0.16627809729421433,1.0,0.39215686274509803,0.0,0.0008657253011012763,0.4435875258504129,0.44272180054931154,0.8863093263997245,0.0008657253011012763,0.03890426639429216,2134.0,-0.05986272213656411,-0.05794078673926107,0.04167534405866787,0.0886333849774819,0.06194518109961871,0.26488907232088554,-0.22599166365023415,1.0,0.0,0.2549019607843137,0.01731377721351085,0.09416913077603067,0.07010184469184055,-0.041646091555262194,-0.9327057160208607
G11,G11__mom_12_1__top10__monthly__long_short,long_short,mom_12_1,10,monthly,base,0.0,0.03,True,,False,True,0,0,2134.0,0.7803736539929038,0.07048943671271513,0.19089013110782194,0.4528503291997054,0.30691140797425176,0.41824741708838825,-0.3809065782657475,1309.0,0.18505702115634423,0.7068222469982205,8.513664028510899,0.0,4.0,27.0,3.0,0.0,0.0,0.8811975576516257,0.16627809729421433,1.0,0.39215686274509803,0.0,0.0008654961249204529,0.44376343665215146,0.44289794052723097,0.8866613771793823,0.0008654961249204529,0.11132519512736608,2134.0,-0.06850920394019157,-0.06606172681317686,0.041678789133681934,0.07998636934617386,0.05329814383432537,0.26493770684823353,-0.2585860833295288,1.0,0.0,0.2549019607843137,0.018446212796805528,0.09122153181076806,0.07617502804789045,-0.041677231691395755,-0.9335568011988524
G11,G11__mom_12_1__top10__monthly__long_short,long_short,mom_12_1,10,monthly,base,5.0,0.0,True,,False,True,0,0,2134.0,0.918014424149385,0.07994450512496076,0.19079716130336666,0.4990755832709608,0.35307425573067414,0.4820544896734113,-0.37293184356989295,1063.0,0.21436760229346835,0.7063365086083457,8.50781331643342,0.037276047480081426,4.0,27.0,3.0,0.0,0.0,0.8811975576516257,0.16627809729421433,1.0,0.39215686274509803,0.0,0.0008658411251785883,0.44349833673188654,0.442632495606708,0.8861308323385946,0.0008658411251785883,0.0,2134.0,-0.059731658089422365,-0.0578127427849795,0.04156354539258347,0.0887817726597729,0.06209047831230488,0.26488674978639065,-0.22549885238725995,1.0,0.0,0.2549019607843137,0.017155813164380765,0.09366286763387982,0.07039864599821866,-0.04161672293876684,-0.932273015672548
G11,G11__mom_12_1__top10__monthly__long_short,long_short,mom_12_1,10,monthly,base,5.0,0.01,True,,True,True,0,0,2134.0,0.847994879357771,0.07521220557544006,0.1908317045893014,0.4760020175731946,0.33002279340268875,0.4501533841552408,-0.3768127483853544,1065.0,0.19960101110624562,0.7064997888329064,8.509780024442843,0.036606921755500704,4.0,27.0,3.0,0.0,0.0,0.8811975576516257,0.16627809729421433,1.0,0.39215686274509803,0.0,0.0008657253011012763,0.4435875258504129,0.44272180054931154,0.8863093263997245,0.0008657253011012763,0.03815927983519596,2134.0,-0.06411758625190433,-0.061941392277359536,0.04156522547755861,0.08439558416163444,0.05770427699900836,0.2649113987694989,-0.2420340783738546,1.0,0.0,0.2549019607843137,0.01773371575012056,0.09216953811814474,0.07350867057188182,-0.04163251154486611,-0.9327057160208607
G11,G11__mom_12_1__top10__monthly__long_short,long_short,mom_12_1,10,monthly,base,5.0,0.03,True,,False,True,0,0,2134.0,0.7173260072419378,0.06594136075818735,0.19089989501772756,0.4305293209976931,0.2845937892618479,0.38746016316524134,-0.3843956651528211,1328.0,0.1715455368935328,0.7068222469982205,8.513664028510899,0.03533501012165996,4.0,27.0,3.0,0.0,0.0,0.8811975576516257,0.16627809729421433,1.0,0.39215686274509803,0.0,0.0008654961249204529,0.44376343665215146,0.44289794052723097,0.8866613771793823,0.0008654961249204529,0.10921870425006833,2134.0,-0.07276586047283054,-0.07002965219162481,0.04156857388539709,0.07574679109197995,0.04905545962126399,0.2649600593423642,-0.274629544745109,1.0,0.0,0.2549019607843137,0.01885690237087445,0.08922427673054692,0.0794560601046837,-0.041663617007835246,-0.9335568011988524
G11,G11__mom_12_1__top10__monthly__long_short,long_short,mom_12_1,10,monthly,base,10.0,0.0,True,,False,True,0,0,2134.0,0.8501129328976318,0.07535765670346195,0.19081503224651433,0.47673522828287707,0.33074345271076494,0.4511334794527106,-0.37646393924594523,1065.0,0.200172310937411,0.7063365086083457,8.50781331643342,0.07320265845369522,4.0,27.0,3.0,0.0,0.0,0.8811975576516257,0.16627809729421433,1.0,0.39215686274509803,0.0,0.0008658411251785883,0.44349833673188654,0.442632495606708,0.8861308323385946,0.0008658411251785883,0.0,2134.0,-0.06398561469549713,-0.06181449483150052,0.04145347567835252,0.08454487178107939,0.057850475500933904,0.26491492226314184,-0.24153269339784408,1.0,0.0,0.2549019607843137,0.01757670598585115,0.09165937774415203,0.07380483437639668,-0.04160321087070146,-0.932273015672548
G11,G11__mom_12_1__top10__monthly__long_short,long_short,mom_12_1,10,monthly,base,10.0,0.01,True,,False,True,0,0,2134.0,0.7825573565921418,0.07064440258760318,0.1908495878046288,0.45366308244129827,0.30769343401695287,0.41929398572005694,-0.3803241555965555,1309.0,0.18574787204035006,0.7064997888329064,8.509780024442843,0.07189684806110846,4.0,27.0,3.0,0.0,0.0,0.8811975576516257,0.16627809729421433,1.0,0.39215686274509803,0.0,0.0008657253011012763,0.4435875258504129,0.44272180054931154,0.8863093263997245,0.0008657253011012763,0.037432726335106845,2134.0,-0.06837245036724457,-0.06592652831739149,0.041455106896449365,0.08015778334578699,0.05346337289839797,0.26493958658723027,-0.2580680797761161,1.0,0.0,0.2549019607843137,0.01814989728740348,0.09016745716316257,0.076850597162194,-0.0416189821667253,-0.9327057160208607
G11,G11__mom_12_1__top10__monthly__long_short,long_short,mom_12_1,10,monthly,base,10.0,0.03,True,,False,True,0,0,2134.0,0.6564881970707521,0.06141087922685018,0.19091780207594278,0.40819318471346416,0.2622672752525762,0.35672189088020556,-0.387866629415188,1342.0,0.15832988602150022,0.7068222469982205,8.513664028510899,0.06941442980549546,4.0,27.0,3.0,0.0,0.0,0.8811975576516257,0.16627809729421433,1.0,0.39215686274509803,0.0,0.0008654961249204529,0.44376343665215146,0.44289794052723097,0.8866613771793823,0.0008654961249204529,0.10716404072903382,2134.0,-0.07702251700546976,-0.07398222748379694,0.04145835863711228,0.07150721283778574,0.0448127754082024,0.2649882771968023,-0.29066386566325897,1.0,0.0,0.2549019607843137,0.019263888037066877,0.0872249794335079,0.08267393984339078,-0.04165005338097641,-0.9335568011988524
G11,G11__mom_12_1__top10__monthly__long_short,long_short,mom_12_1,10,monthly,base,20.0,0.0,True,,False,True,0,0,2134.0,0.721365194633742,0.06623711480925087,0.1908751747318628,0.43201183632986906,0.28605784704314097,0.3894399482460377,-0.3834732108876684,1328.0,0.17272944479204794,0.7063365086083457,8.50781331643342,0.14119937253075737,4.0,27.0,3.0,0.0,0.0,0.8811975576516257,0.16627809729421433,1.0,0.39215686274509803,0.0,0.0008658411251785883,0.44349833673188654,0.442632495606708,0.8861308323385946,0.0008658411251785883,0.0,2134.0,-0.072493527907647,-0.06977162439773404,0.04123333624989084,0.07607107002369194,0.04937046987819155,0.26498883739945295,-0.273572006349716,1.0,0.0,0.2549019607843137,0.018407225431524475,0.08764711317735346,0.08042332940526953,-0.0415763454605666,-0.932273015672548
G11,G11__mom_12_1__top10__monthly__long_short,long_short,mom_12_1,10,monthly,base,20.0,0.01,True,,False,True,0,0,2134.0,0.6584830650124753,0.06156174299614259,0.19090976109852037,0.4089454808710872,0.2630136658978311,0.357727018768455,-0.38729235360509817,1342.0,0.1589541916412682,0.7064997888329064,8.509780024442843,0.13871235780114546,4.0,27.0,3.0,0.0,0.0,0.8811975576516257,0.16627809729421433,1.0,0.39215686274509803,0.0,0.0008657253011012763,0.4435875258504129,0.44272180054931154,0.8863093263997245,0.0008657253011012763,0.03603292357501813,2134.0,-0.07688217859792489,-0.07385060783081675,0.0412348697342307,0.07168218171409228,0.0449815646971774,0.2650135384598933,-0.290106607551901,1.0,0.0,0.2549019607843137,0.018971075120831488,0.08615868675390709,0.08334323374944241,-0.04159208279138213,-0.9327057160208607
G11,G11__mom_12_1__top10__monthly__long_short,long_short,mom_12_1,10,monthly,base,20.0,0.03,True,,False,True,0,0,2134.0,0.541138096431135,0.052402453735238774,0.1909780354331419,0.3634869969478655,0.21759901320204517,0.29540373816716664,-0.39475453471821953,1357.0,0.13274693290767203,0.7068222469982205,8.513664028510899,0.133983400473971,4.0,27.0,3.0,0.0,0.0,0.8811975576516257,0.16627809729421433,1.0,0.39215686274509803,0.0,0.0008654961249204529,0.44376343665215146,0.44289794052723097,0.8866613771793823,0.0008654961249204529,0.10320460372609729,2134.0,-0.08553583007074787,-0.08184154216662415,0.04123792814054268,0.06302805632939769,0.03632740698207952,0.26506230110429574,-0.32270085075995614,1.0,0.0,0.2549019607843137,0.020066832418680375,0.08322310977574807,0.0889236399817831,-0.041623086799358694,-0.9335568011988524
G11,G11__mom_12_1__top10__weekly__long_only,long_only,mom_12_1,10,weekly,base,0.0,0.0,True,,False,True,0,0,2134.0,3.796112678148493,0.2033859349610596,0.285513991838273,0.7919851712301358,0.6944211660720347,0.9692501943308238,-0.31753096094474065,479.0,0.6405231614452063,0.2003069117382498,10.502314780023099,0.0,0.0,0.0,0.0,0.0,0.0,0.8782029958700078,0.165148629013548,1.0,0.41216216216216217,0.0,0.8783692087574088,0.8783692087574088,0.0,0.8783692087574088,0.8783692087574088,0.0,2134.0,0.07116898506129056,0.049882552345502824,0.8964855825513807,0.08720894388526476,0.08434544765597686,0.22873382334570266,0.3111432494779205,1.0,1.0,0.2747747747747748,-0.0453254765724444,-0.04663961689893803,0.07901733015984796,-0.05566816362058152,-0.16027765226834134
G11,G11__mom_12_1__top10__weekly__long_only,long_only,mom_12_1,10,weekly,base,5.0,0.0,True,,False,True,0,0,2134.0,3.587482443819943,0.1970824505971216,0.285540722526725,0.7735372348043287,0.6759811087390085,0.9426511644744763,-0.32139992791388594,486.0,0.6132000460495646,0.2003069117382498,10.502314780023099,0.05674382008869121,0.0,0.0,0.0,0.0,0.0,0.8782029958700078,0.165148629013548,1.0,0.41216216216216217,0.0,0.8783692087574088,0.8783692087574088,0.0,0.8783692087574088,0.8783692087574088,0.0,2134.0,0.0659225182740093,0.044383137685237606,0.896588996714138,0.08194645267401117,0.07908581833207244,0.22875054255429803,0.288185188712116,1.0,1.0,0.2747747747747748,-0.044988332947133,-0.04942252594737229,0.07552338855879914,-0.055661994493972466,-0.16027765226834134
G11,G11__mom_12_1__top10__weekly__long_only,long_only,mom_12_1,10,weekly,base,10.0,0.0,True,,True,True,0,0,2134.0,3.3878730687290926,0.19081023721966872,0.28557218927834066,0.7550802292232391,0.6575336003475729,0.9160902624592867,-0.3252480840816492,525.0,0.586660603269744,0.2003069117382498,10.502314780023099,0.11062222368498525,0.0,0.0,0.0,0.0,0.0,0.8782029958700078,0.165148629013548,1.0,0.41216216216216217,0.0,0.8783692087574088,0.8783692087574088,0.0,0.8783692087574088,0.8783692087574088,0.0,2134.0,0.06067605148672802,0.038911005098122356,0.8966924108768952,0.07668396146275766,0.07382618900816794,0.22877317560830823,0.26522362740032923,1.0,1.0,0.2747747747747748,-0.044653059587078575,-0.05220473640465639,0.07205018664122481,-0.05565591351049376,-0.16027765226834134
G11,G11__mom_12_1__top10__weekly__long_only,long_only,mom_12_1,10,weekly,base,20.0,0.0,True,,False,True,0,0,2134.0,3.014182662248979,0.1783590369766217,0.2856493244748698,0.7181427120215607,0.6206199259017792,0.863087602892579,-0.33288238774793333,529.0,0.5358019635201593,0.2003069117382498,10.502314780023099,0.21032111024441863,0.0,0.0,0.0,0.0,0.0,0.8782029958700078,0.165148629013548,1.0,0.41216216216216217,0.0,0.8783692087574088,0.8783692087574088,0.0,0.8783692087574088,0.8783692087574088,0.0,2134.0,0.05018311791216604,0.028048074502745178,0.89689923920241,0.06615897904025103,0.0633069303603596,0.22883617577516574,0.21929713578796894,1.0,1.0,0.2747747747747748,-0.04398809112557189,-0.05776604024624732,0.06516557815265478,-0.055644017958593806,-0.16027765226834134
G11,G11__mom_12_1__top10__weekly__long_short,long_short,mom_12_1,10,weekly,base,0.0,0.0,True,,False,True,4,0,2134.0,0.8315606005560732,0.07407860658556564,0.18842411571836026,0.4740451225342844,0.32621352806143883,0.44429078937824085,-0.4060168704091668,1479.0,0.18245204075119423,0.20766515577219183,10.888115721199155,0.0,3.0,28.0,4.0,7.0,0.0,0.8782029958700078,0.165148629013548,1.0,0.41216216216216217,0.0,0.0007832890104623962,0.4394574925457004,0.43867420353523795,0.8781316960809383,0.0007832890104623962,0.0,2134.0,-0.06563232962921939,-0.06293038987675847,0.012215976446054816,0.0874286202877258,0.05992397340329011,0.26725713258282224,-0.24557746689465854,1.0,0.0,0.2747747747747748,0.02972763134620964,0.14240401315132703,0.15351047847077426,-0.041069077649777824,-0.8321945730719289
G11,G11__mom_12_1__top10__weekly__long_short,long_short,mom_12_1,10,weekly,base,0.0,0.01,True,,False,True,4,0,2134.0,0.7651304518390099,0.06940301377231561,0.18843310870368116,0.4508748337980046,0.30304494004944166,0.412338949340678,-0.4126268292960117,1494.0,0.16819801536105894,0.2076782459202674,10.888802052261893,0.0,3.0,28.0,4.0,7.0,0.0,0.8782029958700078,0.165148629013548,1.0,0.41216216216216217,0.0,0.000783388278847314,0.439481226375665,0.4386978380968178,0.8781790644724828,0.000783388278847314,0.03622294610989312,2134.0,-0.06999411608453009,-0.06700956611929919,0.012213912696229226,0.08306715361842214,0.0555623815158713,0.2672637573113845,-0.26189153661781805,1.0,0.0,0.2747747747747748,0.030236785337099517,0.14092266957363025,0.15315921028844226,-0.04107503611333313,-0.8324742410627799
G11,G11__mom_12_1__top10__weekly__long_short,long_short,mom_12_1,10,weekly,base,0.0,0.03,True,,False,True,4,0,2134.0,0.6411675567240631,0.060246870770687355,0.18845089207092583,0.4052134843415551,0.2573870659439148,0.34955076050352335,-0.4254404092929952,1497.0,0.14161059799375128,0.20770438080117049,10.89017233321526,0.0,3.0,28.0,4.0,7.0,0.0,0.8782029958700078,0.165148629013548,1.0,0.41216216216216217,0.0,0.0007835840281708556,0.43952800954415844,0.4387444255159876,0.8782724350601461,0.0007835840281708556,0.10374009022913663,2134.0,-0.07859102005000948,-0.07499775553128563,0.012209846045446384,0.0744708797961896,0.046965860906849066,0.26727685594946704,-0.29404349198446267,1.0,0.0,0.2747747747747748,0.031224724736240755,0.1380016272756789,0.15242257372936685,-0.041086728698222275,-0.8330323082496722
G11,G11__mom_12_1__top10__weekly__long_short,long_short,mom_12_1,10,weekly,base,5.0,0.0,True,,False,True,4,0,2134.0,0.7490284968510161,0.06824636153562791,0.18845700527112325,0.445101754194222,0.2972894567748119,0.40431161648798647,-0.4146158712691005,1494.0,0.16460142089286683,0.20766515577219183,10.888115721199155,0.04466071573972842,3.0,28.0,4.0,7.0,0.0,0.8782029958700078,0.165148629013548,1.0,0.41216216216216217,0.0,0.0007832890104623962,0.4394574925457004,0.43867420353523795,0.8781316960809383,0.0007832890104623962,0.0,2134.0,-0.07107131901697697,-0.0680186763034484,0.012312818814108574,0.08197462480096981,0.054472669244054396,0.2672669796980198,-0.265918816822337,1.0,0.0,0.2747747747747748,0.029998502041535008,0.13899811135765228,0.15256410353540284,-0.04109818184711475,-0.8321945730719342
G11,G11__mom_12_1__top10__weekly__long_short,long_short,mom_12_1,10,weekly,base,5.0,0.01,True,,False,True,4,0,2134.0,0.6855868630980821,0.06359579211086319,0.18846601118861186,0.42193555533476323,0.2741249872825722,0.3724497965330065,-0.42113069829953786,1496.0,0.1510120073593623,0.2076782459202674,10.888802052261893,0.04387944292806585,3.0,28.0,4.0,7.0,0.0,0.8782029958700078,0.165148629013548,1.0,0.41216216216216217,0.0,0.000783388278847314,0.439481226375665,0.4386978380968178,0.8781790644724828,0.000783388278847314,0.03535543463199739,2134.0,-0.07543335156074903,-0.07207602112997723,0.012310717700499874,0.0776129178328673,0.050110836023653835,0.26727361955578915,-0.28223268606202084,1.0,0.0,0.2747747747747748,0.030502879216859194,0.13751496255210918,0.15220005777816592,-0.04110413987511655,-0.8324742410627799
G11,G11__mom_12_1__top10__weekly__long_short,long_short,mom_12_1,10,weekly,base,5.0,0.03,True,,False,True,4,0,2134.0,0.5672011194351336,0.05448864743934312,0.18848382010840103,0.3762822364705089,0.22847520019560402,0.3098383920085208,-0.4337598540470139,1510.0,0.12561938808066195,0.20770438080117049,10.89017233321526,0.04239469033406084,3.0,28.0,4.0,7.0,0.0,0.8782029958700078,0.165148629013548,1.0,0.41216216216216217,0.0,0.0007835840281708556,0.43952800954415844,0.4387444255159876,0.8782724350601461,0.0007835840281708556,0.10128626883586335,2134.0,-0.08403074928444945,-0.08002146241737679,0.012306578758206009,0.0690161614542626,0.04151383085720677,0.26728674787780154,-0.3143842706442997,1.0,0.0,0.2747747747747748,0.03148151733931822,0.1345903816032326,0.15143960824562275,-0.04111583113083436,-0.8330323082496705
G11,G11__mom_12_1__top10__weekly__long_short,long_short,mom_12_1,10,weekly,base,10.0,0.0,True,,False,True,4,0,2134.0,0.6701945352065781,0.062444219819592695,0.18849706110671588,0.4161526645988315,0.2683652801713933,0.36445006751175846,-0.42309254870868274,1496.0,0.147589977677882,0.20766515577219183,10.888115721199155,0.08729929257987563,3.0,28.0,4.0,7.0,0.0,0.8782029958700078,0.165148629013548,1.0,0.41216216216216217,0.0,0.0007832890104623962,0.4394574925457004,0.43867420353523795,0.8781316960809383,0.0007832890104623962,0.0,2134.0,-0.07651030840473509,-0.07308069936431974,0.012409661182162423,0.07652062931421325,0.04902136508481812,0.2672818843767865,-0.28625325125618595,1.0,0.0,0.2747747747747748,0.030265708295851595,0.13558258203511608,0.1516095863505902,-0.041127449542544825,-0.8321945730719289
G11,G11__mom_12_1__top10__weekly__long_short,long_short,mom_12_1,10,weekly,base,10.0,0.01,True,,True,True,4,0,2134.0,0.6096077254694972,0.057818546540064464,0.18850608008980477,0.39299143869037695,0.2452058124182097,0.33267894312635066,-0.429513589197426,1500.0,0.13461400988057717,0.2076782459202674,10.888802052261893,0.08578520325117905,3.0,28.0,4.0,7.0,0.0,0.8782029958700078,0.165148629013548,1.0,0.41216216216216217,0.0,0.000783388278847314,0.439481226375665,0.4386978380968178,0.8781790644724828,0.000783388278847314,0.034515145567725294,2134.0,-0.08087258703696786,-0.0771163237869906,0.012407522704770474,0.07215868204731256,0.04465929053143646,0.2672885395758151,-0.30256660897362847,1.0,0.0,0.2747747747747748,0.030765343454988162,0.134097820182795,0.1512332432004917,-0.041133407092798335,-0.8324742410627799
G11,G11__mom_12_1__top10__weekly__long_short,long_short,mom_12_1,10,weekly,base,10.0,0.03,True,,False,True,4,0,2134.0,0.49654962236251876,0.048760151070634805,0.18852391483196715,0.34734789054651166,0.19956585275706826,0.2702456418018931,-0.4419609288620229,1511.0,0.11032683634769304,0.20770438080117049,10.89017233321526,0.082907358941163,3.0,28.0,4.0,7.0,0.0,0.8782029958700078,0.165148629013548,1.0,0.41216216216216217,0.0,0.0007835840281708556,0.43952800954415844,0.4387444255159876,0.8782724350601461,0.0007835840281708556,0.09890897531271067,2134.0,-0.08947047851888966,-0.08501923429915914,0.012403311470965668,0.06356144311233534,0.03606180080756422,0.2673016980053384,-0.33471720975413644,1.0,0.0,0.2747747747747748,0.03173474814930341,0.13117007951241155,0.15044989545768395,-0.041145096935524456,-0.8330323082496705
G11,G11__mom_12_1__top10__weekly__long_short,long_short,mom_12_1,10,weekly,base,20.0,0.0,True,,False,True,4,0,2134.0,0.5229692289940275,0.050929656772471965,0.18859865254521443,0.3582505736985288,0.21052982707613918,0.2850918021192749,-0.4396857490037359,1510.0,0.11583194790340869,0.20766515577219183,10.888115721199155,0.16687580069851438,3.0,28.0,4.0,7.0,0.0,0.8782029958700078,0.165148629013548,1.0,0.41216216216216217,0.0,0.0007832890104623962,0.4394574925457004,0.43867420353523795,0.8781316960809383,0.0007832890104623962,0.0,2134.0,-0.0873882871802511,-0.08312646979410766,0.012603345918269912,0.06561263834070039,0.038118756766345824,0.2673268627541911,-0.3268967670510735,1.0,0.0,0.2747747747747748,0.030789243685804164,0.1287261153204114,0.14967800309020707,-0.04118646727170877,-0.8321945730719289
G11,G11__mom_12_1__top10__weekly__long_short,long_short,mom_12_1,10,weekly,base,20.0,0.01,True,,False,True,4,0,2134.0,0.46771451946730536,0.04635339650776138,0.18860769805438882,0.33510193547726863,0.18738300498016577,0.25350413256231913,-0.445923177836987,1512.0,0.10394928725751607,0.2076782459202674,10.888802052261893,0.1640315300593535,3.0,28.0,4.0,7.0,0.0,0.8782029958700078,0.165148629013548,1.0,0.41216216216216217,0.0,0.000783388278847314,0.439481226375665,0.4386978380968178,0.8781790644724828,0.000783388278847314,0.032912470999829815,2134.0,-0.0917510579894057,-0.08711898430448083,0.012601132713311399,0.061250210476202945,0.033756199547001584,0.26733354926833736,-0.34320816912249996,1.0,0.0,0.2747747747747748,0.03127949833875788,0.12723870468847148,0.1492784595239377,-0.04119242374190568,-0.8324742410627799
G11,G11__mom_12_1__top10__weekly__long_short,long_short,mom_12_1,10,weekly,base,20.0,0.03,True,,False,True,4,0,2134.0,0.3646070731967004,0.03739175686269092,0.18862558524007103,0.28948313451792457,0.14176790667005482,0.19143108746189985,-0.4580145653647041,1528.0,0.08163879424427674,0.20770438080117049,10.89017233321526,0.15862377531964914,3.0,28.0,4.0,7.0,0.0,0.8782029958700078,0.165148629013548,1.0,0.41216216216216217,0.0,0.0007835840281708556,0.43952800954415844,0.4387444255159876,0.8782724350601461,0.0007835840281708556,0.09437342758105087,2134.0,-0.10034993698776995,-0.09493748112285401,0.012596776896484767,0.05265200642848101,0.025157740708279284,0.26734676917663985,-0.37535496425418674,1.0,0.0,0.2747747747747748,0.032230638021446815,0.12430578287159562,0.14845197119071796,-0.04120411051135267,-0.8330323082496705
G11,G11__mom_12_1__top20__monthly__long_only,long_only,mom_12_1,20,monthly,base,0.0,0.0,True,,False,True,0,0,2134.0,2.658364686962849,0.1655139869703941,0.2508816107850555,0.7365669252794856,0.6255196170483496,0.8672412273319191,-0.2973784903475164,799.0,0.556576861954523,0.642914892428926,7.7439008411401655,0.0,3.0,5.0,2.0,0.0,0.0,0.8811975576516257,0.16627809729421433,1.0,0.39215686274509803,0.0,0.8812520678753508,0.8812520678753508,0.0,0.8812520678753508,0.8812520678753508,0.0,2134.0,0.02983723401176933,0.016841533447417827,0.916726452628612,0.04274079183381206,0.04043577605461171,0.17958806036383249,0.16614263749673136,1.0,1.0,0.2549019607843137,-0.033023489124032995,-0.03963408728776907,0.08696617685156688,-0.046252389022807316,-0.3431558978381535
G11,G11__mom_12_1__top20__monthly__long_only,long_only,mom_12_1,20,monthly,base,5.0,0.0,True,,True,True,0,0,2134.0,2.5403364071636116,0.16100910095694299,0.2508652220549204,0.721153868707812,0.6100983511449722,0.8453058029403915,-0.30256104141350715,803.0,0.5321541074975792,0.642914892428926,7.7439008411401655,0.04248719997265461,3.0,5.0,2.0,0.0,0.0,0.8811975576516257,0.16627809729421433,1.0,0.39215686274509803,0.0,0.8812520678753508,0.8812520678753508,0.0,0.8812520678753508,0.8812520678753508,0.0,2134.0,0.025958562755806436,0.012911288720085666,0.916650218458398,0.038873933356990034,0.036566768827116646,0.17958079707318184,0.14455088282756615,1.0,1.0,0.2549019607843137,-0.03269094724132632,-0.041444007019864504,0.08312947565245093,-0.04626244749436881,-0.3431558978381535
G11,G11__mom_12_1__top20__monthly__long_only,long_only,mom_12_1,20,monthly,base,10.0,0.0,True,,False,True,0,0,2134.0,2.4260760668447694,0.1565200342238433,0.25085410717866224,0.7057239610077461,0.5946625696733606,0.8233826443051924,-0.307707468961988,1002.0,0.5086650472016286,0.642914892428926,7.7439008411401655,0.08341679544777042,3.0,5.0,2.0,0.0,0.0,0.8811975576516257,0.16627809729421433,1.0,0.39215686274509803,0.0,0.8812520678753508,0.8812520678753508,0.0,0.8812520678753508,0.8812520678753508,0.0,2134.0,0.022079891499843553,0.008994845372633665,0.9165739842881839,0.03500707488016795,0.032697761599621705,0.1795809020325212,0.12295233652320668,1.0,1.0,0.2549019607843137,-0.032360331652258184,-0.04325749311817051,0.08264675161724672,-0.046272060723149155,-0.3431558978381535
G11,G11__mom_12_1__top20__monthly__long_only,long_only,mom_12_1,20,monthly,base,20.0,0.0,True,,False,True,0,0,2134.0,2.2083868688553574,0.14758915854353138,0.2508477014593098,0.6748174715434646,0.5637513433523113,0.779576774907528,-0.31789290079757904,1054.0,0.4642732133156695,0.642914892428926,7.7439008411401655,0.16081664725491826,3.0,5.0,2.0,0.0,0.0,0.8811975576516257,0.16627809729421433,1.0,0.39215686274509803,0.0,0.8812520678753508,0.8812520678753508,0.0,0.8812520678753508,0.8812520678753508,0.0,2134.0,0.014322548987917584,0.0012031882811531234,0.9164215159477556,0.027273357926523734,0.02495974714463147,0.17960321574264737,0.07974550415868,1.0,1.0,0.2549019607843137,-0.03170484486392541,-0.046893937832561905,0.08168857449995215,-0.04628994903826239,-0.34315589783815525
G11,G11__mom_12_1__top20__monthly__long_short,long_short,mom_12_1,20,monthly,base,0.0,0.0,True,,False,True,0,0,2134.0,0.7433976782496752,0.06783966587546386,0.15929216614976308,0.4921973144413962,0.31732483296865727,0.42850114929938943,-0.3445476641820475,1063.0,0.19689486514591387,0.6522055499252402,7.855806680074214,0.0,7.0,33.0,6.0,0.0,0.0,0.8811975576516257,0.16627809729421433,1.0,0.39215686274509803,0.0,-0.00010620392270600825,0.4432563929220998,0.4433625968448058,0.8866189897669056,-0.00010620392270600825,0.0,2134.0,-0.0765506862628776,-0.06837349404338972,0.023108562234468964,0.07482241541186992,0.04761647591822353,0.2459563784125631,-0.31123684108924704,1.0,0.0,0.2549019607843137,0.013006881065028363,0.08803062434567216,0.08626571085087831,-0.03567446739488592,-0.6755757456937141
G11,G11__mom_12_1__top20__monthly__long_short,long_short,mom_12_1,20,monthly,base,0.0,0.01,True,,False,True,0,0,2134.0,0.6796530924779678,0.06315296166344542,0.15932107840853602,0.46452318157121025,0.2896751317187955,0.3907280684418096,-0.3485891743671685,1308.0,0.1811673061221531,0.6523573357792355,7.857634938551766,0.0,7.0,33.0,6.0,0.0,0.0,0.8811975576516257,0.16627809729421433,1.0,0.39215686274509803,0.0,-0.0001064087559393064,0.44334564615117594,0.4434520549071152,0.886797701058291,-0.0001064087559393064,0.038684297471122814,2134.0,-0.08094552841965427,-0.07246236431954171,0.02310735600619647,0.07042776016482331,0.04322172858348026,0.2459752848209886,-0.32907992556473037,1.0,0.0,0.2549019607843137,0.013594793076321915,0.08610221743980428,0.08775691166969157,-0.03568758072893649,-0.6759601848765664
G11,G11__mom_12_1__top20__monthly__long_short,long_short,mom_12_1,20,monthly,base,0.0,0.03,True,,False,True,0,0,2134.0,0.5607048995509354,0.05397154192688647,0.15937817101958268,0.4099839124153562,0.23518422540293835,0.31653124106637764,-0.3564861516880006,1328.0,0.1513987055915787,0.6526595237467291,7.861274788372035,0.0,7.0,33.0,6.0,0.0,0.0,0.8811975576516257,0.16627809729421433,1.0,0.39215686274509803,0.0,-0.0001068131965467417,0.4435216833824401,0.4436284965789869,0.8871501799614271,-0.0001068131965467417,0.11074205246331056,2134.0,-0.0896113765451314,-0.08047260617722633,0.02310501070186812,0.061762275453310936,0.034556063186865896,0.2460126192584074,-0.3642552029048769,1.0,0.0,0.2549019607843137,0.014737674357750571,0.08229932749768296,0.0906137758986969,-0.035713395081627825,-0.6767208800285891
G11,G11__mom_12_1__top20__monthly__long_short,long_short,mom_12_1,20,monthly,base,5.0,0.0,True,,False,True,0,0,2134.0,0.6863517967968511,0.06365277815391113,0.1592937327076949,0.46752604641693246,0.2926488405166685,0.39477318082536506,-0.34808548509995185,1065.0,0.18286536175340204,0.6522055499252402,7.855806680074214,0.03440487023633248,7.0,33.0,6.0,0.0,0.0,0.8811975576516257,0.16627809729421433,1.0,0.39215686274509803,0.0,-0.00010620392270600825,0.4432563929220998,0.4433625968448058,0.8866189897669056,-0.00010620392270600825,0.0,2134.0,-0.08047989358151945,-0.07202630420161256,0.023032988626845892,0.0709049185156439,0.043696839508864424,0.24596870687907832,-0.32719566079226703,1.0,0.0,0.2549019607843137,0.013310855223753824,0.08524500475561861,0.08753785968168576,-0.0356675596912335,-0.6755757456937141
G11,G11__mom_12_1__top20__monthly__long_short,long_short,mom_12_1,20,monthly,base,5.0,0.01,True,,True,True,0,0,2134.0,0.6246804223642695,0.058983481625088485,0.1593226585321953,0.43985132878850774,0.2649985979882124,0.3570754680969032,-0.3521062895666901,1308.0,0.16751612616086717,0.6523573357792355,7.857634938551766,0.03378578804682061,7.0,33.0,6.0,0.0,0.0,0.8811975576516257,0.16627809729421433,1.0,0.39215686274509803,0.0,-0.0001064087559393064,0.44334564615117594,0.4434520549071152,0.886797701058291,-0.0001064087559393064,0.03801390483699116,2134.0,-0.08487557959183989,-0.07609998731101059,0.02303174136992012,0.06650942577260184,0.039301253551564434,0.2459876274520606,-0.34504003502526126,1.0,0.0,0.2549019607843137,0.013894875370222388,0.0833172964336669,0.08900474398752878,-0.0356806623888436,-0.6759601848765664
G11,G11__mom_12_1__top20__monthly__long_short,long_short,mom_12_1,20,monthly,base,5.0,0.03,True,,False,True,0,0,2134.0,0.5096019616951375,0.04983615833056021,0.15937977745282977,0.38531082537698647,0.21050654253979387,0.28302663167790654,-0.35996284018432056,1348.0,0.13844806398638643,0.6526595237467291,7.861274788372035,0.03260941030307219,7.0,33.0,6.0,0.0,0.0,0.8811975576516257,0.16627809729421433,1.0,0.39215686274509803,0.0,-0.0001068131965467417,0.4435216833824401,0.4436284965789869,0.8871501799614271,-0.0001068131965467417,0.10884609140410788,2134.0,-0.0935431090545934,-0.0840804820538714,0.023029314170197747,0.05784227241382073,0.030633917261202237,0.24602498968424524,-0.38021791678418126,1.0,0.0,0.2549019607843137,0.015030164622516412,0.07951578860298028,0.09181452088266262,-0.035706455907616313,-0.6767208800285891
G11,G11__mom_12_1__top20__monthly__long_short,long_short,mom_12_1,20,monthly,base,10.0,0.0,True,,False,True,0,0,2134.0,0.6311531981854679,0.05948082484681727,0.15930369972866634,0.44283191083030427,0.2679592140409056,0.36110043023011823,-0.35160575099946845,1308.0,0.169169089748214,0.6522055499252402,7.855806680074214,0.06766854871491404,7.0,33.0,6.0,0.0,0.0,0.8811975576516257,0.16627809729421433,1.0,0.39215686274509803,0.0,-0.00010620392270600825,0.4432563929220998,0.4433625968448058,0.8866189897669056,-0.00010620392270600825,0.0,2134.0,-0.08440910090016134,-0.07566608497274128,0.022957415019222778,0.06698742161941788,0.039777203099505304,0.24598647489187622,-0.3431452925908366,1.0,0.0,0.2549019607843137,0.01361234647958437,0.08245457363049022,0.08878902762255997,-0.03566024641821247,-0.6755757456937141
G11,G11__mom_12_1__top20__monthly__long_short,long_short,mom_12_1,20,monthly,base,10.0,0.01,True,,False,True,0,0,2134.0,0.5714883071389478,0.05482887736242992,0.15933264120387217,0.41515807049654607,0.24030989235759243,0.3234794664582544,-0.3556059469236956,1328.0,0.15418436569114763,0.6523573357792355,7.857634938551766,0.06645801715751774,7.0,33.0,6.0,0.0,0.0,0.8811975576516257,0.16627809729421433,1.0,0.39215686274509803,0.0,-0.0001064087559393064,0.44334564615117594,0.4434520549071152,0.886797701058291,-0.0001064087559393064,0.03735863355206981,2134.0,-0.08880563076402563,-0.07972463207421097,0.02295612673364371,0.06259109138038026,0.035380778519648506,0.24600541154809746,-0.360990557911621,1.0,0.0,0.2549019607843137,0.014192494267036018,0.08052797031753403,0.09023184505963305,-0.035673338628077145,-0.6759601848765664
G11,G11__mom_12_1__top20__monthly__long_short,long_short,mom_12_1,20,monthly,base,10.0,0.03,True,,False,True,0,0,2134.0,0.46015499316920483,0.045715535679971,0.15938979062099956,0.3606192144763104,0.18581956961538537,0.2495813253567533,-0.3634849117376292,1481.0,0.12577010545342637,0.6526595237467291,7.861274788372035,0.06415754029412832,7.0,33.0,6.0,0.0,0.0,0.8811975576516257,0.16627809729421433,1.0,0.39215686274509803,0.0,-0.0001068131965467417,0.4435216833824401,0.4436284965789869,0.8871501799614271,-0.0001068131965467417,0.10699264718028877,2134.0,-0.09747484156405521,-0.0876754798845492,0.022953617638527237,0.05392226937433073,0.02671177133553879,0.24604280540956733,-0.39617025745498563,1.0,0.0,0.2549019607843137,0.015320229589571199,0.07672864571120028,0.09293236787138698,-0.03569911158783523,-0.6767208800285891
G11,G11__mom_12_1__top20__monthly__long_short,long_short,mom_12_1,20,monthly,base,20.0,0.0,True,,False,True,0,0,2134.0,0.526062947818452,0.05118152929299935,0.15934882752594468,0.39339070195349995,0.21855471103358035,0.2939353039174727,-0.35859393610580537,1347.0,0.14272837362731622,0.6522055499252402,7.855806680074214,0.13092180693583294,7.0,33.0,6.0,0.0,0.0,0.8811975576516257,0.16627809729421433,1.0,0.39215686274509803,0.0,-0.00010620392270600825,0.4432563929220998,0.4433625968448058,0.8866189897669056,-0.00010620392270600825,0.0,2134.0,-0.0922675155374451,-0.08290672602194406,0.02280626780397663,0.059152427826965795,0.03193793028078703,0.2460383244816429,-0.3750127779151303,1.0,0.0,0.2549019607843137,0.014207932158928849,0.07686414461555535,0.09122926887045785,-0.03564440850878303,-0.6755757456937141
G11,G11__mom_12_1__top20__monthly__long_short,long_short,mom_12_1,20,monthly,base,20.0,0.01,True,,False,True,0,0,2134.0,0.47021927341054504,0.04656410469142491,0.15937780654675807,0.36572300000782065,0.19091161496616657,0.25647204851040917,-0.3625532048121737,1357.0,0.12843385211709318,0.6523573357792355,7.857634938551766,0.1286072195289313,7.0,33.0,6.0,0.0,0.0,0.8811975576516257,0.16627809729421433,1.0,0.39215686274509803,0.0,-0.0001064087559393064,0.44334564615117594,0.4434520549071152,0.886797701058291,-0.0001064087559393064,0.03609195589700403,2134.0,-0.09666573310839724,-0.08693515396440687,0.022804897461090958,0.05475442259593696,0.027539828455816515,0.24605729905459445,-0.3928586287820275,1.0,0.0,0.2549019607843137,0.014780393423219615,0.07494096809382877,0.0926246930850253,-0.03565748019701814,-0.6759601848765664
G11,G11__mom_12_1__top20__monthly__long_short,long_short,mom_12_1,20,monthly,base,20.0,0.03,True,,False,True,0,0,2134.0,0.36601824689493934,0.037518383133613,0.15943502949656396,0.3111960792244447,0.13643339849820912,0.1828835532066336,-0.37239812372484704,1493.0,0.10074804555496128,0.6526595237467291,7.861274788372035,0.12420772586786344,7.0,33.0,6.0,0.0,0.0,0.8811975576516257,0.16627809729421433,1.0,0.39215686274509803,0.0,-0.0001068131965467417,0.4435216833824401,0.4436284965789869,0.8871501799614271,-0.0001068131965467417,0.10340910733100384,2134.0,-0.10533830658297927,-0.09482700724357074,0.02280222457518639,0.04608226329535026,0.018867479484211427,0.24609476766673377,-0.4280396027177239,1.0,0.0,0.2549019607843137,0.015893134554019698,0.07114840839502143,0.09318758488531398,-0.035683212878738435,-0.6767208800285891
G11,G11__mom_12_1__top20__weekly__long_only,long_only,mom_12_1,20,weekly,base,0.0,0.0,True,,False,True,1,0,2134.0,2.740778618873378,0.16858415499765123,0.2430637640939378,0.7631288687520444,0.6485118765625957,0.895500692955408,-0.25197205185198734,478.0,0.6690589442700591,0.18347460193562687,9.619778004392417,0.0,4.0,1.0,1.0,2.0,0.0,0.8782029958700078,0.165148629013548,1.0,0.41216216216216217,0.0,0.8779437312376034,0.8779437312376034,0.0,0.8779437312376034,0.8779437312376034,0.0,2134.0,0.030535112674276842,0.0195200721862747,0.8259217427494842,0.0575092110392067,0.052672698461442416,0.18729007301392347,0.16303647162338825,1.0,1.0,0.2747747747747748,-0.04896681891527607,-0.07259972140507598,0.13789187841070744,-0.05204813051873883,0.11137922916806708
G11,G11__mom_12_1__top20__weekly__long_only,long_only,mom_12_1,20,weekly,base,5.0,0.0,True,,False,True,1,0,2134.0,2.591454261944263,0.16297617570921163,0.2430837730778274,0.7432878800351465,0.6286790395341548,0.8673504074697407,-0.25548994399119773,485.0,0.637896635629724,0.18347460193562687,9.619778004392417,0.05172965724456251,4.0,1.0,1.0,2.0,0.0,0.8782029958700078,0.165148629013548,1.0,0.41216216216216217,0.0,0.8779437312376034,0.8779437312376034,0.0,0.8779437312376034,0.8779437312376034,0.0,2134.0,0.02572735970861923,0.01462744427880353,0.8260437694693608,0.05268254956195728,0.047849413432307135,0.18729205039658336,0.137364931688999,1.0,1.0,0.2747747747747748,-0.04879920636384316,-0.07629852595510156,0.13463503596327858,-0.052038872568018896,0.11137922916806708
G11,G11__mom_12_1__top20__weekly__long_only,long_only,mom_12_1,20,weekly,base,10.0,0.0,True,,True,True,1,0,2134.0,2.4480547037595035,0.15739368468556303,0.24310844534793674,0.7234362802353305,0.6088377922455289,0.8392399315633735,-0.2589921349808335,492.0,0.6077160787033583,0.18347460193562687,9.619778004392417,0.10110178870519093,4.0,1.0,1.0,2.0,0.0,0.8782029958700078,0.165148629013548,1.0,0.41216216216216217,0.0,0.8779437312376034,0.8779437312376034,0.0,0.8779437312376034,0.8779437312376034,0.0,2134.0,0.020919606742961797,0.009757053364234386,0.8261657961892376,0.047855888084708004,0.04302612840317203,0.1873000827054027,0.11169032304094317,1.0,1.0,0.2747747747747748,-0.04863181040616507,-0.07999652886617259,0.13139384683961458,-0.052029401686468635,0.11137922916806708
G11,G11__mom_12_1__top20__weekly__long_only,long_only,mom_12_1,20,weekly,base,20.0,0.0,True,,False,True,1,0,2134.0,2.178104500875269,0.1463047293671249,0.24317177380087382,0.6837058465557514,0.5691346585180308,0.7831410870238606,-0.26594967901329525,499.0,0.5501218497797506,0.18347460193562687,9.619778004392417,0.19317577229326044,4.0,1.0,1.0,2.0,0.0,0.8782029958700078,0.165148629013548,1.0,0.41216216216216217,0.0,0.8779437312376034,0.8779437312376034,0.0,0.8779437312376034,0.8779437312376034,0.0,2134.0,0.011304100811646465,8.260032773351797e-05,0.826409849628991,0.03820256513020906,0.033379558344901444,0.18733430839901127,0.060341861073143016,1.0,1.0,0.2747747747747748,-0.0482976781075119,-0.08738847194035182,0.12495816308284446,-0.0520098241252909,0.11137922916806708
G11,G11__mom_12_1__top20__weekly__long_short,long_short,mom_12_1,20,weekly,base,0.0,0.0,True,,False,True,7,0,2134.0,0.7145077936842301,0.06573464429250686,0.1576065723014535,0.48319136099347865,0.30646174111928404,0.4145388320462216,-0.3833809647207179,1475.0,0.17146037581806564,0.18990061370512468,9.956700968246949,0.0,7.0,29.0,5.0,10.0,2.0,0.8782029958700078,0.165148629013548,1.0,0.41216216216216217,0.0,0.00045287494430305814,0.4389531516230636,0.43850027667876046,0.8774534283018239,0.00045287494430305814,0.0,2134.0,-0.07879972848148727,-0.0702099999955126,-0.0026966856721483204,0.07657199603311772,0.048650916354977,0.2487183111219794,-0.31682318895628625,1.0,0.0,0.2747747747747748,0.015618609106089962,0.10003145719480344,0.11973196261620556,-0.0370324155100884,-0.4915733254038983
G11,G11__mom_12_1__top20__weekly__long_short,long_short,mom_12_1,20,weekly,base,0.0,0.01,True,,False,True,7,0,2134.0,0.6523444523053834,0.06109699184780104,0.15761433046899526,0.4555006644191444,0.2787708919294892,0.37665505582256925,-0.38871657935544524,1481.0,0.15717619235359012,0.1899134740109961,9.957375248426585,0.0,7.0,29.0,5.0,10.0,2.0,0.8782029958700078,0.165148629013548,1.0,0.41216216216216217,0.0,0.0004529365166077068,0.43897708772725563,0.43852415121064797,0.8775012389379037,0.0004529365166077068,0.037244130872328314,2134.0,-0.08316043040273773,-0.0742560755262991,-0.002700027163043952,0.07221181188878854,0.04429057003104097,0.24872372204350338,-0.33434860864695665,1.0,0.0,0.2747747747747748,0.016194529814344244,0.09791962377312907,0.11960151892661086,-0.037037630843188535,-0.4917873567133064
G11,G11__mom_12_1__top20__weekly__long_short,long_short,mom_12_1,20,weekly,base,0.0,0.03,True,,False,True,7,0,2134.0,0.5363412894134054,0.052015110938026465,0.15762969103122065,0.4009311350448293,0.2242012752636413,0.30224817844572677,-0.4020210628164613,1512.0,0.12938404414341206,0.18993910447299664,9.958719082134323,0.0,7.0,29.0,5.0,10.0,2.0,0.8782029958700078,0.165148629013548,1.0,0.41216216216216217,0.0,0.0004530579415892463,0.43902426987058885,0.4385712119289996,0.8775954817995885,0.0004530579415892463,0.10665475224635484,2134.0,-0.09175521171143063,-0.0821794756863338,-0.002706612881102484,0.06361805106254716,0.03569648954879512,0.24873443114308824,-0.3688882608240396,1.0,0.0,0.2747747747747748,0.017313158734898068,0.0937558865490227,0.11997916523809271,-0.03704784565969535,-0.492217536505402
G11,G11__mom_12_1__top20__weekly__long_short,long_short,mom_12_1,20,weekly,base,5.0,0.0,True,,False,True,7,0,2134.0,0.6437212989232424,0.06044155889101521,0.15763035293976682,0.45155192295613167,0.27483901676987327,0.37121693918716886,-0.3897470674667882,1482.0,0.1550789317899503,0.18990061370512468,9.956700968246949,0.04219488371548632,7.0,29.0,5.0,10.0,2.0,0.8782029958700078,0.165148629013548,1.0,0.41216216216216217,0.0,0.00045287494430305814,0.4389531516230636,0.43850027667876046,0.8774534283018239,0.00045287494430305814,0.0,2134.0,-0.08377557366713824,-0.07482790174228804,-0.002563902015690747,0.0715755755070014,0.04365816955072558,0.248713722992584,-0.3368353489269919,1.0,0.0,0.2747747747747748,0.015797944614765212,0.09525402271801678,0.11883090909412053,-0.03705152728915828,-0.4915733254038983
G11,G11__mom_12_1__top20__weekly__long_short,long_short,mom_12_1,20,weekly,base,5.0,0.01,True,,False,True,7,0,2134.0,0.5841199577709968,0.05582658381116823,0.15763812663962626,0.4238653436998681,0.24715233909298998,0.33344329441503,-0.3965229291201109,1511.0,0.1407903041951397,0.1899134740109961,9.957375248426585,0.04144558806523775,7.0,29.0,5.0,10.0,2.0,0.8782029958700078,0.165148629013548,1.0,0.41216216216216217,0.0,0.0004529365166077068,0.43897708772725563,0.43852415121064797,0.8775012389379037,0.0004529365166077068,0.03643070538284418,2134.0,-0.08813652392503514,-0.07885419262294181,-0.002567284331723082,0.0672151493520384,0.03929758008730032,0.24871915064415845,-0.3543616311682076,1.0,0.0,0.2747747747747748,0.016369835213213627,0.09314068613826448,0.11904200859884506,-0.037056739092825336,-0.4917873567133064
G11,G11__mom_12_1__top20__weekly__long_short,long_short,mom_12_1,20,weekly,base,5.0,0.03,True,,False,True,7,0,2134.0,0.4728981263123777,0.04678910858730112,0.15765351771135694,0.3693039102120652,0.19259092489447008,0.2592526411365972,-0.4096586427567903,1514.0,0.11421486990347543,0.18993910447299664,9.958719082134323,0.04002212499625213,7.0,29.0,5.0,10.0,2.0,0.8782029958700078,0.165148629013548,1.0,0.41216216216216217,0.0,0.0004530579415892463,0.43902426987058885,0.4385712119289996,0.8775954817995885,0.0004530579415892463,0.10435371463607906,2134.0,-0.09673180210385247,-0.08673885146690583,-0.0025739502863727165,0.05862090408864232,0.030703012949216218,0.2487298926264435,-0.38890300270072375,1.0,0.0,0.2747747747747748,0.01748062106182332,0.08897402050294707,0.1193884329571191,-0.03706694697454416,-0.492217536505402
G11,G11__mom_12_1__top20__weekly__long_short,long_short,mom_12_1,20,weekly,base,10.0,0.0,True,,False,True,7,0,2134.0,0.5758404921759941,0.05517342919525747,0.15766150570084264,0.4199023947302108,0.24321447877420893,0.32802339997340474,-0.3975415310049242,1512.0,0.13878657924314847,0.18990061370512468,9.956700968246949,0.08262699686339481,7.0,29.0,5.0,10.0,2.0,0.8782029958700078,0.165148629013548,1.0,0.41216216216216217,0.0,0.00045287494430305814,0.4389531516230636,0.43850027667876046,0.8774534283018239,0.00045287494430305814,0.0,2134.0,-0.08875141885278906,-0.07942403112221792,-0.0024311183592333903,0.06657915498088528,0.03866542274647435,0.24871381022961533,-0.3568415391604221,1.0,0.0,0.2747747747747748,0.015975261307709376,0.09046847379131714,0.11828070395672952,-0.03707029459088207,-0.4915733254038983
G11,G11__mom_12_1__top20__weekly__long_short,long_short,mom_12_1,20,weekly,base,10.0,0.01,True,,True,True,7,0,2134.0,0.5186961708681783,0.050581026277518815,0.15766929506494912,0.3922212322985043,0.21553327263262995,0.29036083699419746,-0.4042314236579537,1513.0,0.12512888241048445,0.1899134740109961,9.957375248426585,0.08117104634957105,7.0,29.0,5.0,10.0,2.0,0.8782029958700078,0.165148629013548,1.0,0.41216216216216217,0.0,0.0004529365166077068,0.43897708772725563,0.43852415121064797,0.8775012389379037,0.0004529365166077068,0.035640451316672844,2134.0,-0.09311261744733285,-0.08343062913587226,-0.002434541500402302,0.06221848681528802,0.034304590143559424,0.24871925482699409,-0.3743683516264183,1.0,0.0,0.2747747747747748,0.016543145892519616,0.08835401063155596,0.11847562328537486,-0.03707550281458749,-0.4917873567133064
G11,G11__mom_12_1__top20__weekly__long_short,long_short,mom_12_1,20,weekly,base,10.0,0.03,True,,False,True,7,0,2134.0,0.41205973581992716,0.041587750754406905,0.1576847169132344,0.3376704553198237,0.1609826225222318,0.21638826641942227,-0.41720046875883166,1528.0,0.09968289555889082,0.18993910447299664,9.958719082134323,0.07840475545755286,7.0,29.0,5.0,10.0,2.0,0.8782029958700078,0.165148629013548,1.0,0.41216216216216217,0.0,0.0004530579415892463,0.43902426987058885,0.4385712119289996,0.8775954817995885,0.0004530579415892463,0.10211781990806712,2134.0,-0.1017083924962743,-0.09127672637354457,-0.002441287691642988,0.053623757114737505,0.025709536349637355,0.24873003012286876,-0.40891078751541154,1.0,0.0,0.2747747747747748,0.017646135605975406,0.08418515877359341,0.1187915903040827,-0.037085703667275094,-0.492217536505402
G11,G11__mom_12_1__top20__weekly__long_short,long_short,mom_12_1,20,weekly,base,20.0,0.0,True,,False,True,7,0,2134.0,0.44832641332216805,0.04471159088317478,0.15774590908691521,0.3565908856518069,0.1799777341457487,0.24203619521833872,-0.4128384958860789,1523.0,0.10830286256907776,0.18990061370512468,9.956700968246949,0.15849564420731654,7.0,29.0,5.0,10.0,2.0,0.8782029958700078,0.165148629013548,1.0,0.41216216216216217,0.0,0.00045287494430305814,0.4389531516230636,0.43850027667876046,0.8774534283018239,0.00045287494430305814,0.0,2134.0,-0.09870310922409115,-0.08855136192293157,-0.002165551046318427,0.05658631392865254,0.0286799291379714,0.24872801051963045,-0.39683149886450436,1.0,0.0,0.2747747747747748,0.01632389419779928,0.08087919250436629,0.11715960887079513,-0.037106791900997776,-0.4915733254038983
G11,G11__mom_12_1__top20__weekly__long_short,long_short,mom_12_1,20,weekly,base,20.0,0.01,True,,False,True,7,0,2134.0,0.39579812445065254,0.0401640185303771,0.157753730167087,0.3289244451237832,0.15231136078028687,0.2045987821408701,-0.41935964913710766,1529.0,0.0957746378627994,0.1899134740109961,9.957375248426585,0.15574630683847873,7.0,29.0,5.0,10.0,2.0,0.8782029958700078,0.165148629013548,1.0,0.41216216216216217,0.0,0.0004529365166077068,0.43897708772725563,0.43852415121064797,0.8775012389379037,0.0004529365166077068,0.03412654330958477,2134.0,-0.10306480449192755,-0.09251884793886646,-0.0021690558377606083,0.0522251617417879,0.024318610256078284,0.2487334896520375,-0.41435837464472003,1.0,0.0,0.2747747747747748,0.0168838385316486,0.07876360502770777,0.11732334097809849,-0.0371119928174084,-0.4917873567133064
G11,G11__mom_12_1__top20__weekly__long_short,long_short,mom_12_1,20,weekly,base,20.0,0.03,True,,False,True,7,0,2134.0,0.29777628498364983,0.03125852807319984,0.15776921435348032,0.27440264280729487,0.09778990329439692,0.13106825525664703,-0.4320015586182918,1532.0,0.07235744281381001,0.18993910447299664,9.958719082134323,0.1505211784509664,7.0,29.0,5.0,10.0,2.0,0.8782029958700078,0.165148629013548,1.0,0.41216216216216217,0.0,0.0004530579415892463,0.43902426987058885,0.4385712119289996,0.8775954817995885,0.0004530579415892463,0.09783329495568358,2134.0,-0.11166157328111807,-0.1002883579351522,-0.0021759625021835535,0.043629463166927764,0.01572258315047951,0.24874433286020697,-0.44890097393242445,1.0,0.0,0.2747747747747748,0.01797137578693464,0.07459260549899042,0.1175806290851219,-0.03712217933755399,-0.492217536505402
G11,G11__mom_12_1__top50__monthly__long_only,long_only,mom_12_1,50,monthly,base,0.0,0.0,True,,False,True,0,0,2134.0,1.9070270780481846,0.1342997067115419,0.19922806413799793,0.732580665902946,0.592715777528046,0.8165390422142027,-0.2701957010952082,419.0,0.4970460527949667,0.6144390838497449,7.4009101271198885,0.0,7.0,8.0,5.0,1.0,0.0,0.8811975576516257,0.16627809729421433,1.0,0.39215686274509803,0.0,0.8809517759057227,0.8809517759057227,0.0,0.8809517759057227,0.8809517759057227,0.0,2134.0,-0.009003234760574314,-0.010391066897750614,0.8092635013083596,0.020552122460669797,0.01524326602856247,0.13006225982969796,-0.0692224998424835,1.0,1.0,0.2549019607843137,-0.03062064336109871,-0.0472512528237774,0.09047560387930081,-0.04111817192991338,-0.23014033559095637
G11,G11__mom_12_1__top50__monthly__long_only,long_only,mom_12_1,50,monthly,base,5.0,0.0,True,,True,True,0,0,2134.0,1.817329355521283,0.1301093517790084,0.1992096161005924,0.7140433029432177,0.5741646613908263,0.790367323457559,-0.27046157720667985,421.0,0.48106408726435157,0.6144390838497449,7.4009101271198885,0.04288274809965631,7.0,8.0,5.0,1.0,0.0,0.8811975576516257,0.16627809729421433,1.0,0.39215686274509803,0.0,0.8809517759057227,0.8809517759057227,0.0,0.8809517759057227,0.8809517759057227,0.0,2134.0,-0.012709570394826262,-0.014046901991038734,0.8091951342955596,0.016856380559129254,0.011545568537168573,0.13005335793301565,-0.09772581497951296,1.0,1.0,0.2549019607843137,-0.030373941905528,-0.04993016958227248,0.09039994780516186,-0.0411280928302514,-0.23014033559095637
G11,G11__mom_12_1__top50__monthly__long_only,long_only,mom_12_1,50,monthly,base,10.0,0.0,True,,False,True,0,0,2134.0,1.7303711969953905,0.12593310846355266,0.19919701707136445,0.6954820843257551,0.5555938069064273,0.7642124678518407,-0.27072745331815096,421.0,0.46516563769230956,0.6144390838497449,7.4009101271198885,0.08426778656606508,7.0,8.0,5.0,1.0,0.0,0.8811975576516257,0.16627809729421433,1.0,0.39215686274509803,0.0,0.8809517759057227,0.8809517759057227,0.0,0.8809517759057227,0.8809517759057227,0.0,2134.0,-0.016415906029078133,-0.017690425538942775,0.8091267672827593,0.013160638657588878,0.007847871045774786,0.1300534168859518,-0.12622433475526287,1.0,1.0,0.2549019607843137,-0.030128549626318335,-0.05261479950086445,0.09032429173102313,-0.04113726222847544,-0.23014033559095637
G11,G11__mom_12_1__top50__monthly__long_only,long_only,mom_12_1,50,monthly,base,20.0,0.0,True,,False,True,0,0,2134.0,1.5643447913022985,0.11762278492632472,0.19918936996169284,0.658294593637096,0.5183994055369162,0.7119595415961351,-0.2712592055410935,534.0,0.43361767093469517,0.6144390838497449,7.4009101271198885,0.16273932395316937,7.0,8.0,5.0,1.0,0.0,0.8811975576516257,0.16627809729421433,1.0,0.39215686274509803,0.0,0.8809517759057227,0.8809517759057227,0.0,0.8809517759057227,0.8809517759057227,0.0,2134.0,-0.02382857729758191,-0.024940687846823333,0.808990033257159,0.005769154854507987,0.00045247606298712815,0.13008041544008808,-0.18318343477736496,1.0,1.0,0.2549019607843137,-0.029641670461512087,-0.05799871733761042,0.09017297958274578,-0.04115334314286806,-0.23014033559095637
G11,G11__mom_12_1__top50__monthly__long_short,long_short,mom_12_1,50,monthly,base,0.0,0.0,True,,False,True,1,0,2134.0,0.5650297392751444,0.054316014109049515,0.11920217685741286,0.5036786195462376,0.26996299648957894,0.3601451033560442,-0.24556910251622777,1175.0,0.2211842351195635,0.5880075149320058,7.08254225108354,0.0,18.0,43.0,13.0,1.0,1.0,0.8811975576516257,0.16627809729421433,1.0,0.39215686274509803,0.0,-0.0002965841993116488,0.4426302003051791,0.44292678450449063,0.8855569848096698,-0.0002965841993116488,0.0,2134.0,-0.09491427476689548,-0.08017207471569388,0.0051850190417445565,0.05923614915799871,0.031522382828906036,0.22505483671505142,-0.4217384356287764,1.0,0.0,0.2549019607843137,0.0074246234413878134,0.07382905640956555,0.07199780866498362,-0.028425039707938332,-0.4830986795586254
G11,G11__mom_12_1__top50__monthly__long_short,long_short,mom_12_1,50,monthly,base,0.0,0.01,True,,False,True,1,0,2134.0,0.5078143661497929,0.049689278776863244,0.11922379150752738,0.46671385396511744,0.23302952259406243,0.31041709004832735,-0.2514299487190923,1189.0,0.19762673074550127,0.5881462879810193,7.084213770508023,0.0,18.0,43.0,13.0,1.0,1.0,0.8811975576516257,0.16627809729421433,1.0,0.39215686274509803,0.0,-0.0002967807294808057,0.44272118487054263,0.4430179656000235,0.8857391504705662,-0.0002967807294808057,0.04033076455912568,2134.0,-0.09931046743453192,-0.08420862571605342,0.005182849338001819,0.05484029269433803,0.027126401926936414,0.22506664081998165,-0.4412491654592422,1.0,0.0,0.2549019607843137,0.008023665456367547,0.07080781352846421,0.07247966123792349,-0.02843471296299871,-0.4833912261713982
G11,G11__mom_12_1__top50__monthly__long_short,long_short,mom_12_1,50,monthly,base,0.0,0.03,True,,False,True,1,0,2134.0,0.4010476951528119,0.04062521925917051,0.11926651338264475,0.393863890776159,0.16024173160275318,0.21283918818627245,-0.2668982822009137,1451.0,0.1522123669143324,0.5884223102607149,7.087538454986605,0.0,18.0,43.0,13.0,1.0,1.0,0.8811975576516257,0.16627809729421433,1.0,0.39215686274509803,0.0,-0.00029716876582171767,0.44290064306564875,0.44319781183147045,0.8860984548971192,-0.00029716876582171767,0.11545531777358492,2134.0,-0.10797908965314836,-0.092116477772968,0.00517861686620955,0.04617232631357437,0.018458191421443653,0.22508996704050818,-0.47971524929725534,1.0,0.0,0.2549019607843137,0.00918852932175241,0.06485092261481258,0.06934727273710628,-0.028453714666130933,-0.4839867130079121
G11,G11__mom_12_1__top50__monthly__long_short,long_short,mom_12_1,50,monthly,base,5.0,0.0,True,,False,True,1,0,2134.0,0.5187865209667264,0.05058840671352138,0.11919733674500833,0.4739747458714034,0.24024077166239816,0.32010187626668846,-0.25005034417726524,1188.0,0.20231288575095238,0.5880075149320058,7.08254225108354,0.03246306208586107,18.0,43.0,13.0,1.0,1.0,0.8811975576516257,0.16627809729421433,1.0,0.39215686274509803,0.0,-0.0002965841993116488,0.4426302003051791,0.44292678450449063,0.8855569848096698,-0.0002965841993116488,0.0,2134.0,-0.09845733526108025,-0.08342419014505234,0.005107906156901543,0.055705037603180727,0.027989080856636407,0.22506488976901992,-0.4374619931261836,1.0,0.0,0.2549019607843137,0.00765039948916308,0.06974311623004537,0.07213130045614186,-0.02841963622939707,-0.4830986795586254
G11,G11__mom_12_1__top50__monthly__long_short,long_short,mom_12_1,50,monthly,base,5.0,0.01,True,,True,True,1,0,2134.0,0.4632513779078655,0.045977155048931406,0.11921896253458118,0.4370073390887474,0.20330475294386216,0.2704895464164944,-0.25705417708122624,1375.0,0.17886173090431104,0.5881462879810193,7.084213770508023,0.03187268143179904,18.0,43.0,13.0,1.0,1.0,0.8811975576516257,0.16627809729421433,1.0,0.39215686274509803,0.0,-0.0002967807294808057,0.44272118487054263,0.4430179656000235,0.8857391504705662,-0.0002967807294808057,0.039703494478368656,2134.0,-0.10285430106718528,-0.08744723256766797,0.005105691199543227,0.05130841501327398,0.023592332577633525,0.22507670618573247,-0.4569744368940174,1.0,0.0,0.2549019607843137,0.008246210472361806,0.06672241122369055,0.07142909372617107,-0.028429301055926906,-0.4833912261713982
G11,G11__mom_12_1__top50__monthly__long_short,long_short,mom_12_1,50,monthly,base,5.0,0.03,True,,False,True,1,0,2134.0,0.359621016862234,0.03694342536490325,0.11926170594453887,0.3641520988641642,0.1305118739200784,0.17313878185141224,-0.273358073436445,1481.0,0.13514664081612535,0.5884223102607149,7.087538454986605,0.030750818750161793,18.0,43.0,13.0,1.0,1.0,0.8811975576516257,0.16627809729421433,1.0,0.39215686274509803,0.0,-0.00029716876582171767,0.44290064306564875,0.44319781183147045,0.8860984548971192,-0.00029716876582171767,0.11368078812016276,2134.0,-0.11152446211951907,-0.09532862365121463,0.005101369543016286,0.042638923618312105,0.014922594592791208,0.22510005644528192,-0.49544395448265394,1.0,0.0,0.2549019607843137,0.009404781369839247,0.0607666554950302,0.06738124129050077,-0.028448286218615934,-0.4839867130079121
G11,G11__mom_12_1__top50__monthly__long_short,long_short,mom_12_1,50,monthly,base,10.0,0.0,True,,False,True,1,0,2134.0,0.47389562524651385,0.04687279893911578,0.11920154069760963,0.44423475223706294,0.21050019944771528,0.28013590503661545,-0.25526391143335625,1375.0,0.18362485584396143,0.5880075149320058,7.08254225108354,0.06394988475426738,18.0,43.0,13.0,1.0,1.0,0.8811975576516257,0.16627809729421433,1.0,0.39215686274509803,0.0,-0.0002965841993116488,0.4426302003051791,0.44292678450449063,0.8855569848096698,-0.0002965841993116488,0.0,2134.0,-0.10200039575526489,-0.0866658366197002,0.005030793272058541,0.05217392604836286,0.02445577888436689,0.225079732056593,-0.4531745032005742,1.0,0.0,0.2549019607843137,0.007874565992664478,0.06565048924053618,0.07150294600633816,-0.02841342633918098,-0.4830986795586254
G11,G11__mom_12_1__top50__monthly__long_short,long_short,mom_12_1,50,monthly,base,10.0,0.01,True,,False,True,1,0,2134.0,0.419991878957072,0.042276983890853215,0.1192231801168179,0.40726751212246487,0.17356444470902993,0.23064210462895512,-0.26359929182765374,1434.0,0.16038352606233372,0.5881462879810193,7.084213770508023,0.06279278591673207,18.0,43.0,13.0,1.0,1.0,0.8811975576516257,0.16627809729421433,1.0,0.39215686274509803,0.0,-0.0002967807294808057,0.44272118487054263,0.4430179656000235,0.8857391504705662,-0.0002967807294808057,0.039088866622910626,2134.0,-0.10639813469983872,-0.09067541151400399,0.005028533061084716,0.04777653733220982,0.02005826322833053,0.22509156272015232,-0.47268824035008117,1.0,0.0,0.2549019607843137,0.008467159829488313,0.06263123644911193,0.06942837032113347,-0.028423082612117095,-0.4833912261713982
G11,G11__mom_12_1__top50__monthly__long_short,long_short,mom_12_1,50,monthly,base,10.0,0.03,True,,False,True,1,0,2134.0,0.3194066492120775,0.033273491891432805,0.11926595003930936,0.33441252976485125,0.10077201442674878,0.13352401685632578,-0.27976289723963643,1482.0,0.11893461291592122,0.5884223102607149,7.087538454986605,0.06059383300388576,18.0,43.0,13.0,1.0,1.0,0.8811975576516257,0.16627809729421433,1.0,0.39215686274509803,0.0,-0.00029716876582171767,0.44290064306564875,0.44319781183147045,0.8860984548971192,-0.00029716876582171767,0.11194181540757518,2134.0,-0.11506983458588986,-0.09853042201874304,0.005024122219823158,0.03910552092304971,0.01138699776413865,0.2251149408739221,-0.5111603616320425,1.0,0.0,0.2549019607843137,0.009619464816358805,0.05667841857384758,0.06786890250948968,-0.028442051013667938,-0.4839867130079103
G11,G11__mom_12_1__top50__monthly__long_short,long_short,mom_12_1,50,monthly,base,20.0,0.0,True,,False,True,1,0,2134.0,0.38801537804833863,0.03947744279450194,0.11923707491345877,0.38467352493341045,0.15099112207371151,0.2004632480924605,-0.26833041537103786,1452.0,0.1471225046922613,0.5880075149320058,7.08254225108354,0.12410990636683376,18.0,43.0,13.0,1.0,1.0,0.8811975576516257,0.16627809729421433,1.0,0.39215686274509803,0.0,-0.0002965841993116488,0.4426302003051791,0.44292678450449063,0.8855569848096698,-0.0002965841993116488,0.0,2134.0,-0.10908651674363436,-0.09311784437468817,0.004876567502372527,0.04511170293872691,0.017389174939827667,0.2251237802378791,-0.48456238887054537,1.0,0.0,0.2549019607843137,0.008318100253634136,0.05745510126239202,0.06751901780965064,-0.028398593172289446,-0.4830986795586254
G11,G11__mom_12_1__top50__monthly__long_short,long_short,mom_12_1,50,monthly,base,20.0,0.01,True,,False,True,1,0,2134.0,0.3372335033147429,0.034912360339740545,0.1192587490489453,0.3477150399353863,0.11406431960425806,0.15121505190081994,-0.27652293464196653,1481.0,0.1262548453166968,0.5881462879810193,7.084213770508023,0.12188723978118006,18.0,43.0,13.0,1.0,1.0,0.8811975576516257,0.16627809729421433,1.0,0.39215686274509803,0.0,-0.0002967807294808057,0.44272118487054263,0.4430179656000235,0.8857391504705662,-0.0002967807294808057,0.03789641480635104,2134.0,-0.11348580196514543,-0.09710060691165205,0.004874216784167568,0.040712781970081706,0.012990124529724726,0.22513564519512486,-0.5040774501380597,1.0,0.0,0.2549019607843137,0.008904301253433146,0.054441492048267655,0.06644516179645515,-0.02840823197257429,-0.48339122617139996
G11,G11__mom_12_1__top50__monthly__long_short,long_short,mom_12_1,50,monthly,base,20.0,0.03,True,,False,True,1,0,2134.0,0.2424754179729811,0.02596906827008838,0.11930158690318698,0.274877174612305,0.04128939318841221,0.054579040697896854,-0.2924094442419528,1500.0,0.08881063447663612,0.5884223102607149,7.087538454986605,0.11766253669610388,18.0,43.0,13.0,1.0,1.0,0.8811975576516257,0.16627809729421433,1.0,0.39215686274509803,0.0,-0.00029716876582171767,0.44290064306564875,0.44319781183147045,0.8860984548971192,-0.00029716876582171767,0.10856739293144699,2134.0,-0.12216057951863127,-0.1049030965632878,0.004869627573436691,0.03203871553252516,0.004315804106833755,0.22515909069268122,-0.5425522866645779,1.0,0.0,0.2549019607843137,0.01004415520030438,0.04849995017043131,0.06931008217016121,-0.028427166208828902,-0.4839867130079121
G11,G11__mom_12_1__top50__weekly__long_only,long_only,mom_12_1,50,weekly,base,0.0,0.0,True,,False,True,2,0,2134.0,1.4700410768368055,0.11268872923941697,0.19070105355827274,0.6557135666231523,0.5095883679980203,0.6936573527109613,-0.21324044675754883,526.0,0.5284585122237263,0.17152512394739772,8.993253546497861,0.0,9.0,7.0,4.0,5.0,0.0,0.8782029958700078,0.165148629013548,1.0,0.41216216216216217,0.0,0.8780502967834091,0.8780502967834091,0.0,0.8780502967834091,0.8780502967834091,0.0,2134.0,-0.02990859466585588,-0.0292453575521033,0.724069228574821,0.012847944191392444,0.00516310131828923,0.1409445698662348,-0.2122011134890901,1.0,1.0,0.2747747747747748,-0.03931985364454843,-0.09080754628459853,0.1281074135061563,-0.04516844698208036,0.23140773198803544
G11,G11__mom_12_1__top50__weekly__long_only,long_only,mom_12_1,50,weekly,base,5.0,0.0,True,,False,True,2,0,2134.0,1.3777429354962312,0.1076960253618724,0.19071000672223282,0.6321031764021208,0.48598409115885666,0.6608370961264205,-0.21364094971727732,527.0,0.5040982335286956,0.17152512394739772,8.993253546497861,0.048629646372336646,9.0,7.0,4.0,5.0,0.0,0.8782029958700078,0.165148629013548,1.0,0.41216216216216217,0.0,0.8780502967834091,0.8780502967834091,0.0,0.8780502967834091,0.8780502967834091,0.0,2134.0,-0.03440546163255049,-0.033601194310516024,0.7241366265764942,0.008340633644003448,0.0006576375872455482,0.1409390758527782,-0.24411584526415986,1.0,1.0,0.2747747747747748,-0.039276059239405,-0.09581651680669212,0.12797284424567268,-0.045168527089093385,0.23140773198803544
G11,G11__mom_12_1__top50__weekly__long_only,long_only,mom_12_1,50,weekly,base,10.0,0.0,True,,True,True,2,0,2134.0,1.2888730397138404,0.10272454847825707,0.19072412472463662,0.6084785247888883,0.46236952062913916,0.6280726039486779,-0.21404131689287775,529.0,0.4799285949528525,0.17152512394739772,8.993253546497861,0.09524531662866657,9.0,7.0,4.0,5.0,0.0,0.8782029958700078,0.165148629013548,1.0,0.41216216216216217,0.0,0.8780502967834091,0.8780502967834091,0.0,0.8780502967834091,0.8780502967834091,0.0,2134.0,-0.03890232859924485,-0.03793851178104652,0.7242040245781681,0.0038333230966146304,-0.003847826143797888,0.14094057145448993,-0.2760193760943173,1.0,1.0,0.2747747747747748,-0.03923170971783274,-0.10082603450613459,0.12783836433002532,-0.04516812199559217,0.23140773198803544
G11,G11__mom_12_1__top50__weekly__long_only,long_only,mom_12_1,50,weekly,base,20.0,0.0,True,,False,True,2,0,2134.0,1.1209163456634204,0.09284493432756169,0.19076785023851756,0.561194142445147,0.41511719273381786,0.5627183150596059,-0.21484164399362982,550.0,0.4321552032543309,0.17152512394739772,8.993253546497861,0.18274869425669601,9.0,7.0,4.0,5.0,0.0,0.8782029958700078,0.165148629013548,1.0,0.41216216216216217,0.0,0.8780502967834091,0.8780502967834091,0.0,0.8780502967834091,0.8780502967834091,0.0,2134.0,-0.047896062532634585,-0.04655788667930549,0.7243388205815149,-0.005181297998163933,-0.01285875360588573,0.14096452957379585,-0.33977386139227805,1.0,1.0,0.2747747747747748,-0.03914136901198992,-0.11084346114402832,0.12756967245072187,-0.04516585767097814,0.23140773198803544
G11,G11__mom_12_1__top50__weekly__long_short,long_short,mom_12_1,50,weekly,base,0.0,0.0,True,,False,True,12,0,2134.0,0.43081435107467425,0.04321190472870495,0.11839388544094155,0.4168287078218122,0.181507781544408,0.24057381707460773,-0.3158293481172685,1491.0,0.13682042212448298,0.1698206457400203,8.903885853120615,0.0,16.0,37.0,9.0,15.0,5.0,0.8782029958700078,0.165148629013548,1.0,0.41216216216216217,0.0,0.00010169829337176155,0.4388523785370383,0.4387506802436666,0.8776030587807049,0.00010169829337176155,0.0,2134.0,-0.10560389237099234,-0.0898597487686065,-0.020314837059927322,0.052497832753960354,0.024077458557334945,0.2287696722484756,-0.4616166615664505,1.0,0.0,0.2747747747747748,0.011916670023376152,0.08646403046993109,0.10739220859125143,-0.030806178214612942,-0.22941111164652916
G11,G11__mom_12_1__top50__weekly__long_short,long_short,mom_12_1,50,weekly,base,0.0,0.01,True,,False,True,12,0,2134.0,0.37890038718592534,0.03866900962369879,0.11839975510816395,0.37994903197681956,0.14462542867943534,0.191406221745393,-0.31946039377297475,1520.0,0.12104476917153933,0.1698329227071703,8.9045295482005,0.0,16.0,37.0,9.0,15.0,5.0,0.8782029958700078,0.165148629013548,1.0,0.41216216216216217,0.0,0.00010172277161187277,0.43887680370930365,0.43877508093769185,0.8776518846469955,0.00010172277161187277,0.037867916036968124,2134.0,-0.10996799031370427,-0.09382315416442676,-0.020318382899893912,0.04813428425284759,0.01971374031236796,0.22877328072353065,-0.4806854627687011,1.0,0.0,0.2747747747747748,0.012496285074533892,0.08296193354135345,0.10764994982215736,-0.030810734844513854,-0.22956541392435348
G11,G11__mom_12_1__top50__weekly__long_short,long_short,mom_12_1,50,weekly,base,0.0,0.03,True,,False,True,12,0,2134.0,0.28202707983126873,0.029772701731293205,0.11841141501005464,0.3072707759540262,0.07194240273881432,0.09493617482955535,-0.3265609355492791,1539.0,0.0911704324989613,0.16985740216107054,8.90581303326985,0.0,16.0,37.0,9.0,15.0,5.0,0.8782029958700078,0.165148629013548,1.0,0.41216216216216217,0.0,0.00010177105628857653,0.43892495032570666,0.43882317926941805,0.8777481295951248,0.00010177105628857653,0.10846643723268856,2134.0,-0.11856949528138996,-0.10158465291988,-0.02032537105131199,0.039533862126216957,0.01111298363365491,0.22878044017924906,-0.5182676245770441,1.0,0.0,0.2747747747747748,0.013622321623811204,0.07605748256582012,0.10813790724088568,-0.03081962855918205,-0.229876756975127
G11,G11__mom_12_1__top50__weekly__long_short,long_short,mom_12_1,50,weekly,base,5.0,0.0,True,,False,True,12,0,2134.0,0.3778706581759559,0.0385773841129311,0.11841934353850947,0.37916265738553934,0.1438778277458665,0.19036851319206943,-0.31962611088992854,1520.0,0.12069534621411519,0.1698206457400203,8.903885853120615,0.03847494017354272,16.0,37.0,9.0,15.0,5.0,0.8782029958700078,0.165148629013548,1.0,0.41216216216216217,0.0,0.00010169829337176155,0.4388523785370383,0.4387506802436666,0.8776030587807049,0.00010169829337176155,0.0,2134.0,-0.11005366967143132,-0.09390309196518679,-0.020236699885358023,0.048035947796505045,0.019617728536006553,0.22877027202647546,-0.48106630593460536,1.0,0.0,0.2747747747747748,0.011981565023812202,0.0794272442364717,0.10733623140774834,-0.030825309489970726,-0.22941111164653094
G11,G11__mom_12_1__top50__weekly__long_short,long_short,mom_12_1,50,weekly,base,5.0,0.01,True,,False,True,12,0,2134.0,0.3278740204721853,0.03405433818097303,0.11842522812433097,0.3422906830191343,0.1070032844465788,0.14136999635643968,-0.3232373942284118,1532.0,0.1053539559129998,0.1698329227071703,8.9045295482005,0.0377949779737819,16.0,37.0,9.0,15.0,5.0,0.8782029958700078,0.165148629013548,1.0,0.41216216216216217,0.0,0.00010172277161187277,0.43887680370930365,0.43877508093769185,0.8776518846469955,0.00010172277161187277,0.03713124826817925,2134.0,-0.11441801043196963,-0.09784918013977889,-0.02024028830492871,0.04367216307544003,0.015253772894463469,0.2287738957213033,-0.500135778477785,1.0,0.0,0.2747747747747748,0.012558094596166133,0.0759229111036204,0.10758916223685078,-0.03082986260293892,-0.22956541392435348
G11,G11__mom_12_1__top50__weekly__long_short,long_short,mom_12_1,50,weekly,base,5.0,0.03,True,,False,True,12,0,2134.0,0.23457881056802377,0.0251968974061203,0.11843691713547093,0.26962759626534527,0.03433563987077009,0.045231594143439496,-0.33365225841734436,1543.0,0.07551843804576652,0.16985740216107054,8.90581303326985,0.03650288875840023,16.0,37.0,9.0,15.0,5.0,0.8782029958700078,0.165148629013548,1.0,0.41216216216216217,0.0,0.00010177105628857653,0.43892495032570666,0.43882317926941805,0.8777481295951248,0.00010177105628857653,0.10638155343853356,2134.0,-0.12302000137702876,-0.10557676965016463,-0.020247360503268346,0.03507126799483108,0.0066525409386642064,0.22878108505285885,-0.5377192845667532,1.0,0.0,0.2747747747747748,0.013678131114877999,0.06901410755599,0.10552933343019366,-0.030838749470570262,-0.229876756975127
G11,G11__mom_12_1__top50__weekly__long_short,long_short,mom_12_1,50,weekly,base,10.0,0.0,True,,False,True,12,0,2134.0,0.3268746804620408,0.033962409705911245,0.1184526325818455,0.34149022102589444,0.10625706809181044,0.14035033274937186,-0.3234026795538354,1532.0,0.10501585748382049,0.1698206457400203,8.903885853120615,0.0755158197468262,16.0,37.0,9.0,15.0,5.0,0.8782029958700078,0.165148629013548,1.0,0.41216216216216217,0.0,0.00010169829337176155,0.4388523785370383,0.4387506802436666,0.8776030587807049,0.00010169829337176155,0.0,2134.0,-0.11450344697187019,-0.0979293822588384,-0.020158562710788776,0.04357406283904986,0.01515799851467828,0.22877492916106357,-0.5005069715976472,1.0,0.0,0.2747747747747748,0.012045766839104344,0.07238300296192685,0.10727720958813192,-0.030843708692169,-0.22941111164653094
G11,G11__mom_12_1__top50__weekly__long_short,long_short,mom_12_1,50,weekly,base,10.0,0.01,True,,True,True,12,0,2134.0,0.278724967141156,0.029459130675825174,0.11845853221189924,0.3046283912969477,0.06939277889488239,0.09152283436763639,-0.32699430357292536,1539.0,0.09009065403873398,0.1698329227071703,8.9045295482005,0.07419030821552693,16.0,37.0,9.0,15.0,5.0,0.8782029958700078,0.165148629013548,1.0,0.41216216216216217,0.0,0.00010172277161187277,0.43887680370930365,0.43877508093769185,0.8776518846469955,0.00010172277161187277,0.03641321162963988,2134.0,-0.11886803055023512,-0.10185822498890074,-0.020162193709963305,0.03921004189803228,0.010793805476558792,0.22877856828135637,-0.5195767743596021,1.0,0.0,0.2747747747747748,0.012619225622685873,0.06887729357574099,0.10752537552725505,-0.03084825823035757,-0.2295654139243517
G11,G11__mom_12_1__top50__weekly__long_short,long_short,mom_12_1,50,weekly,base,10.0,0.03,True,,False,True,12,0,2134.0,0.18887646048496554,0.020640395938007705,0.11847025058244538,0.23198528783012762,-0.0032546676653310786,-0.004280157670729324,-0.3413543343061358,1545.0,0.060466189714459107,0.16985740216107054,8.90581303326985,0.07167122852236693,16.0,37.0,9.0,15.0,5.0,0.8782029958700078,0.165148629013548,1.0,0.41216216216216217,0.0,0.00010177105628857653,0.43892495032570666,0.43882317926941805,0.8777481295951248,0.00010177105628857653,0.10434907357385508,2134.0,-0.12747050747266775,-0.10955204578737786,-0.02016934995522444,0.030608673863445006,0.0021920982436733124,0.22878578789767048,-0.5571609523651082,1.0,0.0,0.2747747747747748,0.013733290689364006,0.06196583215495272,0.10512118918514346,-0.03085713814419412,-0.229876756975127
G11,G11__mom_12_1__top50__weekly__long_short,long_short,mom_12_1,50,weekly,base,20.0,0.0,True,,False,True,12,0,2134.0,0.2304435091899839,0.024790787026537586,0.11854267556493873,0.2661561410709984,0.031072949270410266,0.04090373214056225,-0.33477532785836783,1543.0,0.07405201328643231,0.1698206457400203,8.903885853120615,0.14550738775393834,16.0,37.0,9.0,15.0,5.0,0.8782029958700078,0.165148629013548,1.0,0.41216216216216217,0.0,0.00010169829337176155,0.4388523785370383,0.4387506802436666,0.8776030587807049,0.00010169829337176155,0.0,2134.0,-0.12340300157274822,-0.10593107676765959,-0.020002288361650192,0.034650292924139146,0.006238538472021376,0.2287964142931049,-0.5393572357941763,1.0,0.0,0.2747747747747748,0.012172107222316686,0.05828461013133607,0.10327049106156017,-0.030878308338175273,-0.22941111164653094
G11,G11__mom_12_1__top50__weekly__long_short,long_short,mom_12_1,50,weekly,base,20.0,0.01,True,,False,True,12,0,2134.0,0.18578662616209152,0.020326796278240744,0.1185486056493552,0.22932190317774037,-0.005763525303320622,-0.007575817813097403,-0.34216725814171245,1545.0,0.059406023792674435,0.1698329227071703,8.9045295482005,0.14298827246383145,16.0,37.0,9.0,15.0,5.0,0.8782029958700078,0.165148629013548,1.0,0.41216216216216217,0.0,0.00010172277161187277,0.43887680370930365,0.43877508093769185,0.8776518846469955,0.00010172277161187277,0.035030946990015355,2134.0,-0.1277680707867661,-0.1098256428119448,-0.020006004520032806,0.030285799543216894,0.0018738706407495302,0.2288000848780689,-0.5584266756494243,1.0,0.0,0.2747747747747748,0.012739468245304844,0.054778722426170774,0.10303452186276385,-0.030882850559562816,-0.2295654139243517
G11,G11__mom_12_1__top50__weekly__long_short,long_short,mom_12_1,50,weekly,base,20.0,0.03,True,,False,True,12,0,2134.0,0.10245635732326197,0.011584992901402913,0.11856038346774772,0.15673315525715142,-0.07835617950198712,-0.10269635853738397,-0.3564971787677247,1578.0,0.03249673094594418,0.16985740216107054,8.90581303326985,0.1381996713079844,16.0,37.0,9.0,15.0,5.0,0.8782029958700078,0.165148629013548,1.0,0.41216216216216217,0.0,0.00010177105628857653,0.43892495032570666,0.43882317926941805,0.8777481295951248,0.00010177105628857653,0.10043548235255334,2134.0,-0.13637151966394576,-0.11745234558014168,-0.02001332885913708,0.02168348560067284,-0.006728787146308505,0.22880736628411405,-0.5960101804354101,1.0,0.0,0.2747747747747748,0.013841675650937612,0.04786701809767757,0.10428825006191972,-0.03089171625777737,-0.229876756975127
G11,G11__mom_255_0__top10__monthly__long_only,long_only,mom_255_0,10,monthly,base,0.0,0.0,True,,False,True,0,0,2134.0,3.8946072566253864,0.20627817053986486,0.29189031999553156,0.7892909324384589,0.6938482620894242,0.9708496485411691,-0.4202705313622336,959.0,0.4908223516677464,0.6694967079113591,8.06407843493607,0.0,0.0,0.0,0.0,0.0,0.0,0.8811975576516257,0.16627809729421433,1.0,0.39215686274509803,0.0,0.8817149347289418,0.8817149347289418,0.0,0.8817149347289418,0.8817149347289418,0.0,2134.0,0.07543252018568956,0.052405855621071744,0.9563335285538989,0.08219880860470487,0.08099986778881663,0.22714179469731355,0.33209440951283337,1.0,1.0,0.2549019607843137,-0.03839273678731864,-0.03989107359692301,0.08952505433576807,-0.04740230883051694,-0.45366628978707446
G11,G11__mom_255_0__top10__monthly__long_only,long_only,mom_255_0,10,monthly,base,5.0,0.0,True,,True,True,0,0,2134.0,3.730274574244123,0.20142328587881142,0.29186983558262247,0.7755009388633554,0.6800508880340231,0.9509622745154324,-0.4218644493358298,973.0,0.4774597295314311,0.6694967079113591,8.06407843493607,0.04269675337359682,0.0,0.0,0.0,0.0,0.0,0.8811975576516257,0.16627809729421433,1.0,0.39215686274509803,0.0,0.8817149347289418,0.8817149347289418,0.0,0.8817149347289418,0.8817149347289418,0.0,2134.0,0.07139146886687325,0.04817025792027608,0.9561926580908552,0.07817958570827092,0.07697671659876056,0.22713830870827886,0.3143083580787055,1.0,1.0,0.2549019607843137,-0.03795694489148488,-0.04114409173920164,0.09302244928191827,-0.0474061669509514,-0.45366628978707446
G11,G11__mom_255_0__top10__monthly__long_only,long_only,mom_255_0,10,monthly,base,10.0,0.0,True,,False,True,0,0,2134.0,3.5714001697699613,0.1965861148582062,0.2918543827302681,0.761695877655722,0.6662400897924899,0.9310823088169198,-0.4234547857053651,1004.0,0.46424345997352484,0.6694967079113591,8.06407843493607,0.08368069100100838,0.0,0.0,0.0,0.0,0.0,0.8811975576516257,0.16627809729421433,1.0,0.39215686274509803,0.0,0.8817149347289418,0.8817149347289418,0.0,0.8817149347289418,0.8817149347289418,0.0,2134.0,0.06735041754805686,0.043950114315714384,0.956051787627812,0.07416036281183687,0.0729535654087043,0.22714128961354363,0.29651331848404283,1.0,1.0,0.2549019607843137,-0.03752382809450849,-0.04239921810595415,0.09647288920437413,-0.04740982104987551,-0.45366628978707446
G11,G11__mom_255_0__top10__monthly__long_only,long_only,mom_255_0,10,monthly,base,20.0,0.0,True,,False,True,0,0,2134.0,3.2693146760777037,0.18696468150353596,0.29183857464403085,0.7340433930814816,0.6385810647930313,0.8913456104853112,-0.42720645251053857,1121.0,0.43764479774313286,0.6694967079113591,8.06407843493607,0.16076215692759477,0.0,0.0,0.0,0.0,0.0,0.8811975576516257,0.16627809729421433,1.0,0.39215686274509803,0.0,0.8817149347289418,0.8817149347289418,0.0,0.8817149347289418,0.8817149347289418,0.0,2134.0,0.05926831491042401,0.035555986784259176,0.9557700467017244,0.06612191701896876,0.064907263028592,0.22716665053636867,0.26090235855696325,1.0,1.0,0.2549019607843137,-0.03666556969353535,-0.04491508809347522,0.10265307477095709,-0.047416516055029445,-0.45366628978707446
G11,G11__mom_255_0__top10__monthly__long_short,long_short,mom_255_0,10,monthly,base,0.0,0.0,True,,False,True,0,0,2134.0,0.7500648625592621,0.06832108900073353,0.19328890727142484,0.4391034513911817,0.29498088980905024,0.4022944759258526,-0.40117545655576914,1638.0,0.17030226521655598,0.6966025102092462,8.390567442557854,0.0,4.0,28.0,4.0,0.0,0.0,0.8811975576516257,0.16627809729421433,1.0,0.39215686274509803,0.0,0.0009895001494937977,0.44393793322700437,0.4429484330775105,0.8868863663045148,0.0009895001494937977,0.0,2134.0,-0.07008003635483094,-0.06795348104105112,0.010909215592935303,0.0831834012038693,0.05564091326027463,0.2708866280742569,-0.2587061489636182,1.0,0.0,0.2549019607843137,0.029906316117869924,0.13077831335249285,0.16830462214276165,-0.05216108187673965,-0.8752581522017575
G11,G11__mom_255_0__top10__monthly__long_short,long_short,mom_255_0,10,monthly,base,0.0,0.01,True,,False,True,0,0,2134.0,0.6860450739077399,0.06362993064551681,0.1933251379147975,0.4162899150641095,0.2721896404360045,0.37086026696722196,-0.4109553927804197,1667.0,0.15483415417671703,0.6967652508710569,8.39252765154154,0.0,4.0,28.0,4.0,0.0,0.0,0.8811975576516257,0.16627809729421433,1.0,0.39215686274509803,0.0,0.0009892093387942817,0.4440273170823676,0.44303810774357333,0.8870654248259409,0.0009892093387942817,0.03387222367237268,2134.0,-0.07447455741103537,-0.07204623729184588,0.0109069031710211,0.07878923846637258,0.0512466306338103,0.2709127956423342,-0.27490232506167234,1.0,0.0,0.2549019607843137,0.03042932549695771,0.12847272664705292,0.16706962266830083,-0.052185141000751695,-0.8757912274229636
G11,G11__mom_255_0__top10__monthly__long_short,long_short,mom_255_0,10,monthly,base,0.0,0.03,True,,False,True,0,0,2134.0,0.566586330446077,0.05443979069563043,0.19339666090815935,0.3713304634536536,0.2272742392618724,0.3090850756319899,-0.4297750757139842,1927.0,0.1266704231398011,0.6970874033095744,8.396407973134629,0.0,4.0,28.0,4.0,0.0,0.0,0.8811975576516257,0.16627809729421433,1.0,0.39215686274509803,0.0,0.000988634772573043,0.4442036124890685,0.44321497771649543,0.887418590205564,0.000988634772573043,0.09696915512323193,2134.0,-0.08313979092792777,-0.08006408701626641,0.010902381125210225,0.07012470565794568,0.042581862448375286,0.27096445406784025,-0.306829141903286,1.0,0.0,0.2549019607843137,0.03144493692825463,0.1239243285659266,0.16460728142125447,-0.052232588068597235,-0.8768622976710692
G11,G11__mom_255_0__top10__monthly__long_short,long_short,mom_255_0,10,monthly,base,5.0,0.0,True,,False,True,0,0,2134.0,0.6889709173667529,0.06384772493674884,0.19328387107389286,0.41739597748906054,0.27326525951446656,0.3723442099102484,-0.4107857292514423,1667.0,0.1554282936096536,0.6966025102092462,8.390567442557854,0.0320413519625245,4.0,28.0,4.0,0.0,0.0,0.8811975576516257,0.16627809729421433,1.0,0.39215686274509803,0.0,0.0009895001494937977,0.44393793322700437,0.4429484330775105,0.8868863663045148,0.0009895001494937977,0.0,2134.0,-0.0742779523535866,-0.07185622474498064,0.010793194062396438,0.0790034631894216,0.05145773010650027,0.2708988054384986,-0.27419077110123957,1.0,0.0,0.2549019607843137,0.030233702520598843,0.12795539466490177,0.16693101322481385,-0.05214051217055443,-0.8752581522017575
G11,G11__mom_255_0__top10__monthly__long_short,long_short,mom_255_0,10,monthly,base,5.0,0.01,True,,True,True,0,0,2134.0,0.6271725189950601,0.05917517128043692,0.19332011451679051,0.3945812069528278,0.2504727993258157,0.3409645551923964,-0.42041124336873614,1923.0,0.14075544413671948,0.6967652508710569,8.39252765154154,0.0314778959283452,4.0,28.0,4.0,0.0,0.0,0.8811975576516257,0.16627809729421433,1.0,0.39215686274509803,0.0,0.0009892093387942817,0.4440273170823676,0.44303810774357333,0.8870654248259409,0.0009892093387942817,0.03323740022775222,2134.0,-0.07867337853904958,-0.07593274950411236,0.010790838360255003,0.0746084020291047,0.047062547867056694,0.2709249861724694,-0.2903880503991852,1.0,0.0,0.2549019607843137,0.030752493352830722,0.12565082314489978,0.16568946806491125,-0.05216453495484549,-0.8757912274229636
G11,G11__mom_255_0__top10__monthly__long_short,long_short,mom_255_0,10,monthly,base,5.0,0.03,True,,False,True,0,0,2134.0,0.5118601320205431,0.05002148401151807,0.19339166213795939,0.34961930368975985,0.20555499211945485,0.2792966427136389,-0.4389336569285389,1958.0,0.1139613771282567,0.6970874033095744,8.396407973134629,0.03040712464289613,4.0,28.0,4.0,0.0,0.0,0.8811975576516257,0.16627809729421433,1.0,0.39215686274509803,0.0,0.000988634772573043,0.4442036124890685,0.44321497771649543,0.887418590205564,0.000988634772573043,0.09517419132011845,2134.0,-0.08734040439726501,-0.08391879643557855,0.010786230282351148,0.06594209021035988,0.0383959983040043,0.2709766702152585,-0.32231706267511345,1.0,0.0,0.2549019607843137,0.03175988408174617,0.12110447827657446,0.16321614793173134,-0.052211910163034,-0.8768622976710727
G11,G11__mom_255_0__top10__monthly__long_short,long_short,mom_255_0,10,monthly,base,10.0,0.0,True,,False,True,0,0,2134.0,0.6299878640409351,0.059391413671958215,0.19328667559419987,0.3956713211911462,0.25153829251927073,0.34243254751617136,-0.42024558167520143,1923.0,0.14132549219246887,0.6966025102092462,8.390567442557854,0.0629567713907956,4.0,28.0,4.0,0.0,0.0,0.8811975576516257,0.16627809729421433,1.0,0.39215686274509803,0.0,0.0009895001494937977,0.44393793322700437,0.4429484330775105,0.8868863663045148,0.0009895001494937977,0.0,2134.0,-0.07847586835234215,-0.07574409089730949,0.010677172531857494,0.07482352517497404,0.04727454695272602,0.27091657628943777,-0.2896680204185855,1.0,0.0,0.2549019607843137,0.030557923899575717,0.12512897020069044,0.16555385266835432,-0.05211961978665172,-0.8752581522017575
G11,G11__mom_255_0__top10__monthly__long_short,long_short,mom_255_0,10,monthly,base,10.0,0.01,True,,False,True,0,0,2134.0,0.5703345700175295,0.05473739771388386,0.19332293392892905,0.3728562438059153,0.2287455488124986,0.3111085920801219,-0.4297190510770542,1927.0,0.12737949964445197,0.6967652508710569,8.39252765154154,0.06185696913924603,4.0,28.0,4.0,0.0,0.0,0.8811975576516257,0.16627809729421433,1.0,0.39215686274509803,0.0,0.0009892093387942817,0.4440273170823676,0.44303810774357333,0.8870654248259409,0.0009892093387942817,0.03261808588651781,2134.0,-0.08287219966706404,-0.07980444261886921,0.010674773549488994,0.07042756559183656,0.04287846510030285,0.2709427721889899,-0.3058660653595825,1.0,0.0,0.2549019607843137,0.03107251998131956,0.12282571655626828,0.1643063466283945,-0.052143606431606454,-0.8757912274229636
G11,G11__mom_255_0__top10__monthly__long_short,long_short,mom_255_0,10,monthly,base,10.0,0.03,True,,False,True,0,0,2134.0,0.45902610212502437,0.045620031834146646,0.19339451032645855,0.32789371673320883,0.18382716329729354,0.24955021494058965,-0.44794877357863916,1971.0,0.10184207330157556,0.6970874033095744,8.396407973134629,0.05976671997318179,4.0,28.0,4.0,0.0,0.0,0.8811975576516257,0.16627809729421433,1.0,0.39215686274509803,0.0,0.000988634772573043,0.4442036124890685,0.44321497771649543,0.887418590205564,0.000988634772573043,0.09342283109726052,2134.0,-0.09154101786660222,-0.08775880130164368,0.010670079439492096,0.061759474762774096,0.03421013415963338,0.2709944858101105,-0.33779660716324045,1.0,0.0,0.2549019607843137,0.032071736433406745,0.11828202176500643,0.16182314384172658,-0.05219091020255365,-0.8768622976710727
G11,G11__mom_255_0__top10__monthly__long_short,long_short,mom_255_0,10,monthly,base,20.0,0.0,True,,False,True,0,0,2134.0,0.5180681568458674,0.05052971494107683,0.193315804469307,0.35218104639913045,0.2080609346594693,0.2827366348219974,-0.4387231711819548,1942.0,0.1151744841854279,0.6966025102092462,8.390567442557854,0.12156801942383133,4.0,28.0,4.0,0.0,0.0,0.8811975576516257,0.16627809729421433,1.0,0.39215686274509803,0.0,0.0009895001494937977,0.44393793322700437,0.4429484330775105,0.8868863663045148,0.0009895001494937977,0.0,2134.0,-0.08687170034985343,-0.08347539522071953,0.010445129470779635,0.06646364914607866,0.038908180645177336,0.2709688937029906,-0.3205965790489355,1.0,0.0,0.2549019607843137,0.03119694448263013,0.11946924690484599,0.16279092485335278,-0.05207687526357821,-0.8752581522017575
G11,G11__mom_255_0__top10__monthly__long_short,long_short,mom_255_0,10,monthly,base,20.0,0.01,True,,False,True,0,0,2134.0,0.46248649680357956,0.04591257424582773,0.19335209885693244,0.32936813774839324,0.1852704061266238,0.2515277508932526,-0.4478995411846548,1971.0,0.10250641053213187,0.6967652508710569,8.39252765154154,0.11947257430044943,4.0,28.0,4.0,0.0,0.0,0.8811975576516257,0.16627809729421433,1.0,0.39215686274509803,0.0,0.0009892093387942817,0.4440273170823676,0.44303810774357333,0.8870654248259409,0.0009892093387942817,0.03142432918292526,2134.0,-0.0912698419230926,-0.08750357547182315,0.010442643927956866,0.062065892717300675,0.03451029956679552,0.27099512592765,-0.3367951420183835,1.0,0.0,0.2549019607843137,0.031703222019709834,0.1171695354621639,0.16153318164506303,-0.05210079024665637,-0.8757912274229636
G11,G11__mom_255_0__top10__monthly__long_short,long_short,mom_255_0,10,monthly,base,20.0,0.03,True,,False,True,0,0,2134.0,0.35877776096044567,0.036867458970822886,0.1934237452379614,0.28440984730384744,0.14035634781551729,0.19019566012675293,-0.4655573426764197,1982.0,0.07918994201418318,0.6970874033095744,8.396407973134629,0.11548917086022477,4.0,28.0,4.0,0.0,0.0,0.8811975576516257,0.16627809729421433,1.0,0.39215686274509803,0.0,0.000988634772573043,0.4442036124890685,0.44321497771649543,0.887418590205564,0.000988634772573043,0.09004628156917976,2134.0,-0.09994224480527675,-0.09539489980534949,0.010437777753774045,0.05339424386760246,0.025838405870891378,0.2710469105785447,-0.36872674398668426,1.0,0.0,0.2549019607843137,0.03268622835006309,0.11263292817466469,0.15903336988818983,-0.0521479524412555,-0.8768622976710709
G11,G11__mom_255_0__top10__weekly__long_only,long_only,mom_255_0,10,weekly,base,0.0,0.0,True,,False,True,0,0,2134.0,2.6860077399014957,0.16655051253945397,0.28482768727492197,0.684008529602079,0.586205124048204,0.8151061117978166,-0.3848830091571268,1482.0,0.4327302286068452,0.33647704260881944,17.641866608910775,0.0,0.0,0.0,0.0,0.0,0.0,0.8782029958700078,0.165148629013548,1.0,0.41216216216216217,0.0,0.8782941194167779,0.8782941194167779,0.0,0.8782941194167779,0.8782941194167779,0.0,2134.0,0.039870704909536495,0.017745840269028753,0.862191191587668,0.06122471208068192,0.05740647778757695,0.2333523844899743,0.17086049922600852,1.0,1.0,0.2747747747747748,-0.039465360976317726,-0.059755756222719336,0.059333138428751875,-0.04887289850122095,-1.4024556176363774
G11,G11__mom_255_0__top10__weekly__long_only,long_only,mom_255_0,10,weekly,base,5.0,0.0,True,,False,True,0,0,2134.0,2.4206749012008824,0.15630458155401494,0.28483150545945224,0.6530179308449058,0.5552136213827493,0.7709942454748862,-0.3901166296066877,1505.0,0.4006611605139722,0.33647704260881944,17.641866608910775,0.07623944867519161,0.0,0.0,0.0,0.0,0.0,0.8782029958700078,0.165148629013548,1.0,0.41216216216216217,0.0,0.8782941194167779,0.8782941194167779,0.0,0.8782941194167779,0.8782941194167779,0.0,2134.0,0.03104621768122732,0.008806875750970845,0.8621961100802888,0.05239946271294267,0.04858134144205916,0.23335626880365642,0.1330421412734761,1.0,1.0,0.2747747747747748,-0.03828056006088726,-0.06218556299039646,0.0654683091369676,-0.04888099234657384,-1.4024556176363774
G11,G11__mom_255_0__top10__weekly__long_only,long_only,mom_255_0,10,weekly,base,10.0,0.0,True,,True,True,0,0,2134.0,2.1743897482911776,0.14614642537089018,0.2848410299608696,0.6220157016375131,0.5242124516418126,0.726988075995052,-0.3953068856230515,1516.0,0.369703718012768,0.33647704260881944,17.641866608910775,0.1462717375528744,0.0,0.0,0.0,0.0,0.0,0.8782029958700078,0.165148629013548,1.0,0.41216216216216217,0.0,0.8782941194167779,0.8782941194167779,0.0,0.8782941194167779,0.8782941194167779,0.0,2134.0,0.022221730452918535,-5.551048010045689e-05,0.8622010285729097,0.043574213345203866,0.03975620509654159,0.23336711811162622,0.09522220025140493,1.0,1.0,0.2747747747747748,-0.037113636633976516,-0.06461695271182011,0.07141709073051011,-0.04888911210063651,-1.4024556176363774
G11,G11__mom_255_0__top10__weekly__long_only,long_only,mom_255_0,10,weekly,base,20.0,0.0,True,,False,True,0,0,2134.0,1.7336052039469134,0.12609051082765066,0.2848771952820592,0.5599838151021366,0.46218857304012273,0.6392995997202638,-0.4055587005126311,1536.0,0.31090569791320155,0.33647704260881944,17.641866608910775,0.26963027602457956,0.0,0.0,0.0,0.0,0.0,0.8782029958700078,0.165148629013548,1.0,0.41216216216216217,0.0,0.8782941194167779,0.8782941194167779,0.0,0.8782941194167779,0.8782941194167779,0.0,2134.0,0.004572755996300148,-0.017553101351445922,0.8622108655581521,0.02592371460972538,0.022105932405505922,0.233409707201971,0.019591113202259883,1.0,1.0,0.2747747747747748,-0.03483254955158524,-0.06948291918019212,0.08277234705722841,-0.04890542803570069,-1.4024556176363774
G11,G11__mom_255_0__top10__weekly__long_short,long_short,mom_255_0,10,weekly,base,0.0,0.0,True,,False,True,4,0,2134.0,0.4203240745868475,0.04230577461117013,0.18888578324886302,0.31433393547533767,0.16683614294923016,0.22565615268992073,-0.4654811703632039,1985.0,0.09088611377805023,0.3471068150187332,18.199197431497666,0.0,5.0,28.0,4.0,7.0,0.0,0.8782029958700078,0.165148629013548,1.0,0.41216216216216217,0.0,0.00037415063936218176,0.43938820316642924,0.4390140525270671,0.8784022556934964,0.00037415063936218176,0.0,2134.0,-0.09558065104938693,-0.09065029332535762,-0.02700699656495502,0.06355805004036207,0.03496601600455541,0.2729269724493906,-0.3502059550640809,1.0,0.0,0.2747747747747748,0.03539322974136043,0.13170257490247195,0.19257924075363653,-0.05249278588049508,-1.9660013342932423
G11,G11__mom_255_0__top10__weekly__long_short,long_short,mom_255_0,10,weekly,base,0.0,0.01,True,,False,True,4,0,2134.0,0.3687626063362932,0.03776430774563089,0.18889539068663938,0.29120895848435885,0.14371231081527241,0.19419157771597245,-0.4733327618824391,2022.0,0.07978384508066304,0.34712766936384815,18.200290848070406,0.0,5.0,28.0,4.0,7.0,0.0,0.8782029958700078,0.165148629013548,1.0,0.41216216216216217,0.0,0.00037422427245528233,0.43941195189816273,0.4390377276257074,0.8784496795238702,0.00037422427245528233,0.030288583863085777,2134.0,-0.09994583266899137,-0.09461245266731196,-0.02701122226176389,0.05919352320880061,0.030601304661647937,0.27293419170168914,-0.3661902235328211,1.0,0.0,0.2747747747747748,0.03585634075336809,0.12920786599544962,0.18797847457017414,-0.05249930619387172,-1.9663477194080414
G11,G11__mom_255_0__top10__weekly__long_short,long_short,mom_255_0,10,weekly,base,0.0,0.03,True,,False,True,4,0,2134.0,0.27255045945658507,0.028870873875883607,0.18891438558154136,0.24563737480364595,0.0981431064532015,0.13236322515768006,-0.4905710829084975,2038.0,0.05885156072533666,0.34716890452283294,18.20245285344458,0.0,5.0,28.0,4.0,7.0,0.0,0.8782029958700078,0.165148629013548,1.0,0.41216216216216217,0.0,0.00037436948921292445,0.43945876443791454,0.4390843949487016,0.8785431593866161,0.00037436948921292445,0.08679846983008364,2134.0,-0.1085494289164501,-0.10237144400917862,-0.027019549881073142,0.05059121735812054,0.021998635163995355,0.27294846169598647,-0.3976920340271192,1.0,0.0,0.2747747747747748,0.036754403240088204,0.1242901603161373,0.17705746981491122,-0.052512105909194334,-1.9670334792037707
G11,G11__mom_255_0__top10__weekly__long_short,long_short,mom_255_0,10,weekly,base,5.0,0.0,True,,False,True,4,0,2134.0,0.3149771861648223,0.032863252253147124,0.18890395868211748,0.26614567662379524,0.11864901638668819,0.16012381444432133,-0.4841953429790158,2024.0,0.06787188833943693,0.3471068150187332,18.199197431497666,0.06144470866514042,5.0,28.0,4.0,7.0,0.0,0.8782029958700078,0.165148629013548,1.0,0.41216216216216217,0.0,0.00037415063936218176,0.43938820316642924,0.4390140525270671,0.8784022556934964,0.00037415063936218176,0.0,2134.0,-0.10467789075297804,-0.09888833166851033,-0.027012915631697415,0.05446172751902602,0.02586955351119905,0.2729403500597882,-0.3835192954433016,1.0,0.0,0.2747747747747748,0.036053148039084625,0.1252620956298669,0.18111686039348784,-0.052500988022571415,-1.9660013342932388
G11,G11__mom_255_0__top10__weekly__long_short,long_short,mom_255_0,10,weekly,base,5.0,0.01,True,,False,True,4,0,2134.0,0.26723421661333546,0.028362365399767553,0.18891359704703695,0.24302330825559165,0.09552784025952427,0.12879571254413336,-0.4928805566721264,2039.0,0.05754409464083353,0.34712766936384815,18.200290848070406,0.06039555245024496,5.0,28.0,4.0,7.0,0.0,0.8782029958700078,0.165148629013548,1.0,0.41216216216216217,0.0,0.00037422427245528233,0.43941195189816273,0.4390377276257074,0.8784496795238702,0.00037422427245528233,0.029109512923946538,2134.0,-0.10904345532450897,-0.10281508736687844,-0.027017171862664478,0.05009682246692377,0.021504463103764554,0.27294759512268507,-0.3995032646303255,1.0,0.0,0.2747747747747748,0.03650734190489655,0.12276716045258526,0.1756141715238254,-0.052507484848620445,-1.9663477194080414
G11,G11__mom_255_0__top10__weekly__long_short,long_short,mom_255_0,10,weekly,base,5.0,0.03,True,,False,True,4,0,2134.0,0.17814784818523188,0.01954840194250229,0.18893265252831426,0.19745688384532295,0.049963888233846385,0.0672356109337727,-0.5095733720910107,2044.0,0.03836229091462595,0.34716890452283294,18.20245285344458,0.058401094311450484,5.0,28.0,4.0,7.0,0.0,0.8782029958700078,0.165148629013548,1.0,0.41216216216216217,0.0,0.00037436948921292445,0.43945876443791454,0.4390843949487016,0.8785431593866161,0.00037436948921292445,0.08346423512465379,2134.0,-0.11764780982847158,-0.11050474550725968,-0.027025559034277388,0.04149376758759935,0.012901042931434329,0.2729619156520987,-0.4310044848103228,1.0,0.0,0.2747747747747748,0.03738802770326079,0.11784904387604789,0.1651059274554032,-0.05252023834786504,-1.9670334792037671
G11,G11__mom_255_0__top10__weekly__long_short,long_short,mom_255_0,10,weekly,base,10.0,0.0,True,,False,True,4,0,2134.0,0.21742440732794943,0.023504328654126327,0.18893042981747038,0.21795711911817417,0.07046805105667579,0.09489030401798534,-0.5034360187994653,2041.0,0.046687816875273784,0.3471068150187332,18.199197431497666,0.11838629130471962,5.0,28.0,4.0,7.0,0.0,0.8782029958700078,0.165148629013548,1.0,0.41216216216216217,0.0,0.00037415063936218176,0.43938820316642924,0.4390140525270671,0.8784022556934964,0.00037415063936218176,0.0,2134.0,-0.11377513045656944,-0.10705343507373177,-0.02701883469843996,0.04536540499768969,0.01677309101784241,0.2729594700759239,-0.416820601332948,1.0,0.0,0.2747747747747748,0.03669759216996293,0.1188171424613045,0.1689760901339341,-0.05250877413081892,-1.9660013342932423
G11,G11__mom_255_0__top10__weekly__long_short,long_short,mom_255_0,10,weekly,base,10.0,0.01,True,,True,True,4,0,2134.0,0.17321785839157466,0.01904366752056763,0.18894009936807338,0.1948383895024949,0.04735056142256792,0.06369930021548297,-0.5117984737231649,2044.0,0.03720930893371221,0.34712766936384815,18.200290848070406,0.11639529753054244,5.0,28.0,4.0,7.0,0.0,0.8782029958700078,0.165148629013548,1.0,0.41216216216216217,0.0,0.00037422427245528233,0.43941195189816273,0.4390377276257074,0.8784496795238702,0.00037422427245528233,0.027992346597688993,2134.0,-0.11814107798002692,-0.1109450962274751,-0.02702312146356507,0.04100012172504665,0.012407621545880865,0.2729667412708646,-0.43280392852987043,1.0,0.0,0.2747747747747748,0.03714299300695903,0.1163223368600304,0.16372927662196113,-0.052515247502010615,-1.9663477194080414
G11,G11__mom_255_0__top10__weekly__long_short,long_short,mom_255_0,10,weekly,base,10.0,0.03,True,,False,True,4,0,2134.0,0.09073083426639195,0.010308480611548099,0.1889592159492743,0.1492791540817101,0.0017938921436690238,0.002408674475223256,-0.5278708975717652,2069.0,0.01952841245646932,0.34716890452283294,18.20245285344458,0.11260941586644292,5.0,28.0,4.0,7.0,0.0,0.8782029958700078,0.165148629013548,1.0,0.41216216216216217,0.0,0.00037436948921292445,0.43945876443791454,0.4390843949487016,0.8785431593866161,0.00037436948921292445,0.08030400643103759,2134.0,-0.12674619074049281,-0.11856602652159008,-0.02703156818748196,0.03239631781707842,0.0038034506988735305,0.27298111297261557,-0.4643038830060288,1.0,0.0,0.2747747747747748,0.0380065443704147,0.11140451057135373,0.15371143374575946,-0.052527954852958886,-1.9670334792037671
G11,G11__mom_255_0__top10__weekly__long_short,long_short,mom_255_0,10,weekly,base,20.0,0.0,True,,False,True,4,0,2134.0,0.04344271779777653,0.005034391674757055,0.1890082441601228,0.12160449874409025,-0.02585001976055831,-0.034655711635875296,-0.5398028093632208,2073.0,0.009326353230165443,0.3471068150187332,18.199197431497666,0.22010201641906374,5.0,28.0,4.0,7.0,0.0,0.8782029958700078,0.165148629013548,1.0,0.41216216216216217,0.0,0.00037415063936218176,0.43938820316642924,0.4390140525270671,0.8784022556934964,0.00037415063936218176,0.0,2134.0,-0.1319696098637513,-0.12316735498437849,-0.027030672831924653,0.027172759955017875,-0.0014198339688699976,0.2730149321371797,-0.48337872522460257,1.0,0.0,0.2747747747747748,0.03794096035424806,0.10592287202422199,0.14636595229696725,-0.05252309909776939,-1.9660013342932423
G11,G11__mom_255_0__top10__weekly__long_short,long_short,mom_255_0,10,weekly,base,20.0,0.01,True,,False,True,4,0,2134.0,0.005544388702950709,0.0006531311633495296,0.18901797684156146,0.09849613075631897,-0.04895705129429339,-0.06557069268618161,-0.5475550857878055,2080.0,0.0011928136187609772,0.34712766936384815,18.200290848070406,0.2165130658938809,5.0,28.0,4.0,7.0,0.0,0.8782029958700078,0.165148629013548,1.0,0.41216216216216217,0.0,0.00037422427245528233,0.43941195189816273,0.4390377276257074,0.8784496795238702,0.00037422427245528233,0.02592949373067294,2134.0,-0.13633632329106232,-0.12698974382454362,-0.027035020665366373,0.022806720241292794,-0.005786061569886099,0.2730222565537766,-0.49935974089426827,1.0,0.0,0.2747747747747748,0.03836914151821883,0.103429391134305,0.141599686220389,-0.052529525670178934,-1.9663477194080414
G11,G11__mom_255_0__top10__weekly__long_short,long_short,mom_255_0,10,weekly,base,20.0,0.03,True,,False,True,4,0,2134.0,-0.06517092548288961,-0.007926560622884105,0.1890372171316085,0.05295735009598046,-0.0944930763775615,-0.12631880263308293,-0.5624546595013143,2080.0,-0.014092799284322725,0.34716890452283294,18.20245285344458,0.20968506357759964,5.0,28.0,4.0,7.0,0.0,0.8782029958700078,0.165148629013548,1.0,0.41216216216216217,0.0,0.00037436948921292445,0.43945876443791454,0.4390843949487016,0.8785431593866161,0.00037436948921292445,0.074465686482776,2134.0,-0.1449429525645352,-0.13447501388560676,-0.027043586493890544,0.0142014182760366,-0.014391733766248015,0.27303673249860644,-0.5308551389336416,1.0,0.0,0.2747747747747748,0.0391991391152269,0.09851424502802829,0.13718714668658805,-0.05254214095443949,-1.9670334792037707
G11,G11__mom_255_0__top20__monthly__long_only,long_only,mom_255_0,20,monthly,base,0.0,0.0,True,,False,True,0,0,2134.0,3.800739094246153,0.20352295425118339,0.2475369802766575,0.8729042673557419,0.7603592587684116,1.0598839064157863,-0.30719892813946903,589.0,0.6625119282928731,0.6387267785572202,7.693455068432422,0.0,2.0,0.0,0.0,0.0,0.0,0.8811975576516257,0.16627809729421433,1.0,0.39215686274509803,0.0,0.8815517503211763,0.8815517503211763,0.0,0.8815517503211763,0.8815517503211763,0.0,2134.0,0.06112222375850476,0.05000209351500984,0.8726917489978704,0.08084912899892616,0.07731498128959279,0.18392327121437146,0.3323245794560922,1.0,1.0,0.2549019607843137,-0.0361052676061597,-0.033780665737165316,0.06112085885368518,-0.04046004421989402,-0.31041849462774085
G11,G11__mom_255_0__top20__monthly__long_only,long_only,mom_255_0,20,monthly,base,5.0,0.0,True,,True,True,0,0,2134.0,3.646848092429284,0.19890142135430255,0.24750586911928554,0.8574287608367619,0.7448686887804908,1.0375726226262298,-0.30809285596337743,589.0,0.645589203074367,0.6387267785572202,7.693455068432422,0.05007695958589422,2.0,0.0,0.0,0.0,0.0,0.8811975576516257,0.16627809729421433,1.0,0.39215686274509803,0.0,0.8815517503211763,0.8815517503211763,0.0,0.8815517503211763,0.8815517503211763,0.0,2134.0,0.0572647880054311,0.045970081329591024,0.8725828889546904,0.07700856153003183,0.07347134516965738,0.18390319548002731,0.31138549744042,1.0,1.0,0.2549019607843137,-0.03577491221420276,-0.035405275640393974,0.06483590883661328,-0.04046657810097057,-0.31041849462774085
G11,G11__mom_255_0__top20__monthly__long_only,long_only,mom_255_0,20,monthly,base,10.0,0.0,True,,False,True,0,0,2134.0,3.4978392485158576,0.1942960384123713,0.2474799536946671,0.8419316869711819,0.7293589141052005,1.0152698871817696,-0.3089860255673508,590.0,0.6288182064402777,0.6387267785572202,7.693455068432422,0.09820968134969003,2.0,0.0,0.0,0.0,0.0,0.8811975576516257,0.16627809729421433,1.0,0.39215686274509803,0.0,0.8815517503211763,0.8815517503211763,0.0,0.8815517503211763,0.8815517503211763,0.0,2134.0,0.05340735225235738,0.04195215901794289,0.8724740289115104,0.07316799406113747,0.06962770904972196,0.18389011531224322,0.2904307942907771,1.0,1.0,0.2549019607843137,-0.03544641831543699,-0.037033938646388376,0.06852006517605913,-0.04047271955065798,-0.31041849462774085
G11,G11__mom_255_0__top20__monthly__long_only,long_only,mom_255_0,20,monthly,base,20.0,0.0,True,,False,True,0,0,2134.0,3.213859711396502,0.18513351882609475,0.247443716246348,0.8108766973083924,0.698285619962712,0.9706931377486355,-0.3115935502941355,659.0,0.5941506769037226,0.6387267785572202,7.693455068432422,0.18891487174234214,2.0,0.0,0.0,0.0,0.0,0.8811975576516257,0.16627809729421433,1.0,0.39215686274509803,0.0,0.8815517503211763,0.8815517503211763,0.0,0.8815517503211763,0.8815517503211763,0.0,2134.0,0.045692480746210004,0.03395840641565167,0.8722563088251499,0.06548685912334884,0.061940436809851084,0.18388494684928758,0.2484840740316805,1.0,1.0,0.2549019607843137,-0.034794982097950455,-0.04030231304096088,0.0757059518486467,-0.04048382267132719,-0.31041849462774085
G11,G11__mom_255_0__top20__monthly__long_short,long_short,mom_255_0,20,monthly,base,0.0,0.0,True,,False,True,0,0,2134.0,1.0591845389985157,0.08903961373433278,0.16230468532325126,0.607183830483767,0.4355978265972241,0.5922189969929943,-0.3226056088221626,831.0,0.27600144355647627,0.6421731381512582,7.734966421293318,0.0,7.0,28.0,4.0,0.0,0.0,0.8811975576516257,0.16627809729421433,1.0,0.39215686274509803,0.0,0.001056747492122174,0.44362054476041973,0.4425637972682976,0.8861843420287173,0.001056747492122174,0.0,2134.0,-0.056405082113309524,-0.04987780224491523,-0.0029111729562975816,0.09899987803446439,0.07107129997497981,0.2517530007624234,-0.22404929411958985,1.0,0.0,0.2549019607843137,0.018562098396969484,0.1364677314668462,0.1336465082431006,-0.044427356194798345,-0.6728111321076762
G11,G11__mom_255_0__top20__monthly__long_short,long_short,mom_255_0,20,monthly,base,0.0,0.01,True,,False,True,0,0,2134.0,0.9840645867424178,0.08427089192603954,0.1623338315479127,0.5800633081046029,0.40850033856696516,0.5547664397864309,-0.3267725086293096,832.0,0.2578885606978534,0.6423260464807755,7.736808199972753,0.0,7.0,28.0,4.0,0.0,0.0,0.8811975576516257,0.16627809729421433,1.0,0.39215686274509803,0.0,0.0010567498096730305,0.4437097466871895,0.4426529968775165,0.8863627435647061,0.0010567498096730305,0.04149559482896764,2134.0,-0.060789963308366064,-0.054038227988694405,-0.002915299345307375,0.09461563623932374,0.06668688749594243,0.25177239576029087,-0.24144808697075504,1.0,0.0,0.2549019607843137,0.019140833133044335,0.13361821652734035,0.134776193230784,-0.04444636555882511,-0.6732409617563633
G11,G11__mom_255_0__top20__monthly__long_short,long_short,mom_255_0,20,monthly,base,0.0,0.03,True,,False,True,0,0,2134.0,0.843872106241019,0.07492866409142307,0.16239138486724625,0.5266147587684524,0.35509738439219635,0.4811953346970225,-0.33491466188767005,890.0,0.22372464576231077,0.6426292747238219,7.740460579897432,0.0,7.0,28.0,4.0,0.0,0.0,0.8811975576516257,0.16627809729421433,1.0,0.39215686274509803,0.0,0.0010567539144177409,0.4438856826191673,0.4428289287047496,0.8867146113239168,0.0010567539144177409,0.11858591498759954,2134.0,-0.06943616268540388,-0.06218876533390479,-0.0029234015589807974,0.08597069233159067,0.058041607960588715,0.25181069271651463,-0.2757474749635602,1.0,0.0,0.2549019607843137,0.02026557028073247,0.12799744249591335,0.13692870016334635,-0.044483826190473946,-0.6741009913627849
G11,G11__mom_255_0__top20__monthly__long_short,long_short,mom_255_0,20,monthly,base,5.0,0.0,True,,False,True,0,0,2134.0,0.9928257985556923,0.08483518948265556,0.16229696927096998,0.5833641954340385,0.4117632893861777,0.5592528207964316,-0.32604685276832934,832.0,0.26019324757271833,0.6421731381512582,7.734966421293318,0.03636773937890964,7.0,28.0,4.0,0.0,0.0,0.8811975576516257,0.16627809729421433,1.0,0.39215686274509803,0.0,0.001056747492122174,0.44362054476041973,0.4425637972682976,0.8861843420287173,0.001056747492122174,0.0,2134.0,-0.06027562175320139,-0.053545911981161765,-0.0030075493739990153,0.09514427229276406,0.06721297468539458,0.2517621225795483,-0.23941497289432942,1.0,0.0,0.2549019607843137,0.01884922058981836,0.13297176595130955,0.13430510529989848,-0.04441294321999181,-0.6728111321076762
G11,G11__mom_255_0__top20__monthly__long_short,long_short,mom_255_0,20,monthly,base,5.0,0.01,True,,True,True,0,0,2134.0,0.9201116632235034,0.08008388315759674,0.1623261321165641,0.5562413573191743,0.3846635315964981,0.5218703951529167,-0.3301936629668447,887.0,0.24253609968777048,0.6423260464807755,7.736808199972753,0.03567277340342882,7.0,28.0,4.0,0.0,0.0,0.8811975576516257,0.16627809729421433,1.0,0.39215686274509803,0.0,0.0010567498096730305,0.4437097466871895,0.4426529968775165,0.8863627435647061,0.0010567498096730305,0.0407627124914539,2134.0,-0.06466135459645443,-0.05769114375311974,-0.003011722475467884,0.09075918608770286,0.06282771650112295,0.25178153352879895,-0.2568153179870057,1.0,0.0,0.2549019607843137,0.01942413892571314,0.1301229431932382,0.13541658641316257,-0.04443192564418169,-0.6732409617563615
G11,G11__mom_255_0__top20__monthly__long_short,long_short,mom_255_0,20,monthly,base,5.0,0.03,True,,False,True,0,0,2134.0,0.7844104420836009,0.07077577504443489,0.16238371788551234,0.5027882112953279,0.3312560709739266,0.4484371562241723,-0.33938133671852844,1058.0,0.20854350957764645,0.6426292747238219,7.740460579897432,0.03435376199976609,7.0,28.0,4.0,0.0,0.0,0.8811975576516257,0.16627809729421433,1.0,0.39215686274509803,0.0,0.0010567539144177409,0.4438856826191673,0.4428289287047496,0.8867146113239168,0.0010567539144177409,0.1165160081541079,2134.0,-0.07330924359420177,-0.06581191367359447,-0.0030199158887605103,0.08211256669099355,0.05418075894797354,0.2518198615961454,-0.2911177979748517,1.0,0.0,0.2549019607843137,0.020541436743653683,0.12450357671206752,0.13644912447018126,-0.044469333067215566,-0.6741009913627849
G11,G11__mom_255_0__top20__monthly__long_short,long_short,mom_255_0,20,monthly,base,10.0,0.0,True,,False,True,0,0,2134.0,0.9285839502327424,0.08064557006918616,0.16229703884020827,0.5595154533266409,0.3879078820768579,0.5263272911072782,-0.32947192633908895,862.0,0.24477220552681203,0.6421731381512582,7.734966421293318,0.0714870967312775,7.0,28.0,4.0,0.0,0.0,0.8811975576516257,0.16627809729421433,1.0,0.39215686274509803,0.0,0.001056747492122174,0.44362054476041973,0.4425637972682976,0.8861843420287173,0.001056747492122174,0.0,2134.0,-0.0641461613930931,-0.05720110537787681,-0.003103925791700433,0.09128866655106387,0.06335464939580954,0.25177626290762506,-0.2547744598807866,1.0,0.0,0.2549019607843137,0.019133943553780355,0.1294682652155203,0.13495054411225227,-0.04439791434014642,-0.6728111321076762
G11,G11__mom_255_0__top20__monthly__long_short,long_short,mom_255_0,20,monthly,base,10.0,0.01,True,,False,True,0,0,2134.0,0.8581993624028781,0.07591162139342322,0.16232622041311592,0.5323916034566777,0.36080715889458465,0.48901647804972276,-0.3335987362575915,889.0,0.2275536839408388,0.6423260464807755,7.736808199972753,0.0701284826584973,7.0,28.0,4.0,0.0,0.0,0.8811975576516257,0.16627809729421433,1.0,0.39215686274509803,0.0,0.0010567498096730305,0.4437097466871895,0.4426529968775165,0.8863627435647061,0.0010567498096730305,0.040046436359681525,2134.0,-0.0685327458845428,-0.061331193634677705,-0.0031081456056284876,0.086902735936082,0.058968545506303476,0.2517956916790596,-0.2721760067757438,1.0,0.0,0.2549019607843137,0.01970506438831502,0.12662059945345924,0.1360439943125029,-0.04441686978013937,-0.6732409617563615
G11,G11__mom_255_0__top20__monthly__long_short,long_short,mom_255_0,20,monthly,base,10.0,0.03,True,,False,True,0,0,2134.0,0.7268469737431593,0.06663751969415665,0.16238384282498675,0.4789364310965618,0.307397762953954,0.4157239985372241,-0.34403288306462954,1061.0,0.19369520465762635,0.6426292747238219,7.740460579897432,0.06754966465967649,7.0,28.0,4.0,0.0,0.0,0.8811975576516257,0.16627809729421433,1.0,0.39215686274509803,0.0,0.0010567539144177409,0.4438856826191673,0.4428289287047496,0.8867146113239168,0.0010567539144177409,0.11449275472481876,2134.0,-0.07718232450299949,-0.06942229498451465,-0.003116430218540195,0.0782544410503966,0.05031990993535858,0.2518340545742403,-0.3064808873187811,1.0,0.0,0.2549019607843137,0.020814959757579556,0.1210035571252806,0.13575612097603634,-0.044454223917291646,-0.6741009913627849
G11,G11__mom_255_0__top20__monthly__long_short,long_short,mom_255_0,20,monthly,base,20.0,0.0,True,,False,True,0,0,2134.0,0.8061856482675087,0.07231055728270985,0.16232053368290109,0.5117443868361132,0.34014820401254475,0.46061220649367524,-0.33733726223516736,1047.0,0.21435686293173303,0.6421731381512582,7.734966421293318,0.13814639249389066,7.0,28.0,4.0,0.0,0.0,0.8811975576516257,0.16627809729421433,1.0,0.39215686274509803,0.0,0.001056747492122174,0.44362054476041973,0.4425637972682976,0.8861843420287173,0.001056747492122174,0.0,2134.0,-0.07188724067287679,-0.06447290758518871,-0.0032966786271033293,0.08357745506766326,0.05563799881663915,0.25181959541496296,-0.28547119438587304,1.0,0.0,0.2549019607843137,0.01969624179011705,0.12244394421037685,0.13513904010384575,-0.044366015506607015,-0.6728111321076762
G11,G11__mom_255_0__top20__monthly__long_short,long_short,mom_255_0,20,monthly,base,20.0,0.01,True,,False,True,0,0,2134.0,0.7402408455788825,0.06761115109577553,0.1623497590183904,0.48462242671830313,0.3130494643862274,0.42344917561931705,-0.3427323589853498,1060.0,0.19727098805591797,0.6423260464807755,7.736808199972753,0.1355498425695971,7.0,28.0,4.0,0.0,0.0,0.8811975576516257,0.16627809729421433,1.0,0.39215686274509803,0.0,0.0010567498096730305,0.4437097466871895,0.4426529968775165,0.8863627435647061,0.0010567498096730305,0.03866206492499294,2134.0,-0.07627552846071958,-0.06857285957790221,-0.0033009918659496285,0.07918983563284024,0.05125020351666447,0.25183906543770396,-0.30287409273914834,1.0,0.0,0.2549019607843137,0.020259824010095837,0.11959998557739437,0.13488892117627288,-0.04438491685983639,-0.6732409617563615
G11,G11__mom_255_0__top20__monthly__long_short,long_short,mom_255_0,20,monthly,base,20.0,0.03,True,,False,True,0,0,2134.0,0.6171765842218468,0.058404723657419444,0.16240746727411554,0.43117091540229535,0.25964391370421946,0.3504471527602178,-0.35324278785145435,1138.0,0.16533875755159025,0.6426292747238219,7.740460579897432,0.130620360663435,7.0,28.0,4.0,0.0,0.0,0.8811975576516257,0.16627809729421433,1.0,0.39215686274509803,0.0,0.0010567539144177409,0.4438856826191673,0.4428289287047496,0.8867146113239168,0.0010567539144177409,0.1105816197148053,2134.0,-0.08492848632059495,-0.07660491916589966,-0.0033094588780995422,0.07053818976920263,0.04259821191012857,0.25187750912796275,-0.33718169841614665,1.0,0.0,0.2549019607843137,0.021355024523336742,0.11399033875745215,0.13437840604994833,-0.044422164222470056,-0.6741009913627849
G11,G11__mom_255_0__top20__weekly__long_only,long_only,mom_255_0,20,weekly,base,0.0,0.0,True,,False,True,0,0,2134.0,3.144574216752157,0.18281556008498678,0.23914707823696307,0.8222912950882691,0.7058172874849334,0.9801262336068948,-0.2798607523812594,373.0,0.6532375780793078,0.3015717110484319,15.811741146104476,0.0,2.0,0.0,0.0,0.0,0.0,0.8782029958700078,0.165148629013548,1.0,0.41216216216216217,0.0,0.8783203309855515,0.8783203309855515,0.0,0.8783203309855515,0.8783203309855515,0.0,2134.0,0.04169469802670428,0.03193612547597513,0.7911275350874335,0.07406029326683146,0.06825829156398502,0.18908017726858226,0.22051332206801522,1.0,1.0,0.2747747747747748,-0.04118777260922571,-0.05182714649048803,0.0824000080233167,-0.044293445968398126,-0.8895379855395671
G11,G11__mom_255_0__top20__weekly__long_only,long_only,mom_255_0,20,weekly,base,5.0,0.0,True,,False,True,0,0,2134.0,2.8761601411274573,0.1735003910104178,0.23913533218694277,0.7892391225160864,0.6727564912797684,0.9329244844322846,-0.2817880050568278,374.0,0.6157124785188364,0.3015717110484319,15.811741146104476,0.08529922612953444,2.0,0.0,0.0,0.0,0.0,0.8782029958700078,0.165148629013548,1.0,0.41216216216216217,0.0,0.8783203309855515,0.8783203309855515,0.0,0.8783203309855515,0.8783203309855515,0.0,2134.0,0.03378109708447189,0.023809195287237437,0.791125672778392,0.06614698089657846,0.06034490082202564,0.18906568344378835,0.1786738686215124,1.0,1.0,0.2747747747747748,-0.04032332383000958,-0.055411505242441206,0.089792575972027,-0.0443014697061439,-0.8895379855395671
G11,G11__mom_255_0__top20__weekly__long_only,long_only,mom_255_0,20,weekly,base,10.0,0.0,True,,True,True,0,0,2134.0,2.625084831136372,0.16425689619079997,0.23912861716840095,0.7561677934525244,0.6396789946178836,0.8858329752479037,-0.2848694216442177,769.0,0.5766041691759586,0.3015717110484319,15.811741146104476,0.16414829578677032,2.0,0.0,0.0,0.0,0.0,0.8782029958700078,0.165148629013548,1.0,0.41216216216216217,0.0,0.8783203309855515,0.8783203309855515,0.0,0.8783203309855515,0.8783203309855515,0.0,2134.0,0.025867496142239498,0.015744796616891606,0.7911238104693501,0.05823366852632558,0.05243151008006619,0.1890575527558842,0.1368233945968837,1.0,1.0,0.2747747747747748,-0.03946994575909382,-0.05900033501740709,0.0958967080186206,-0.04430910468035826,-0.8895379855395671
G11,G11__mom_255_0__top20__weekly__long_only,long_only,mom_255_0,20,weekly,base,20.0,0.0,True,,False,True,0,0,2134.0,2.170553654296025,0.14598277885627975,0.23913028160352792,0.6899760072405812,0.5734822455246018,0.791987697326144,-0.29504516775694734,1462.0,0.49478112102665456,0.3015717110484319,15.811741146104476,0.30430514834723205,2.0,0.0,0.0,0.0,0.0,0.8782029958700078,0.165148629013548,1.0,0.41216216216216217,0.0,0.8783203309855515,0.8783203309855515,0.0,0.8783203309855515,0.8783203309855515,0.0,2134.0,0.010040294257774347,-0.00019828231700724054,0.791120085851266,0.04240704378581946,0.03660472859614705,0.1890603834320791,0.053106283164719034,1.0,1.0,0.2747747747747748,-0.03779592880232174,-0.06618886039291949,0.10369684378526006,-0.04432320655153085,-0.8895379855395671
G11,G11__mom_255_0__top20__weekly__long_short,long_short,mom_255_0,20,weekly,base,0.0,0.0,True,,False,True,5,0,2134.0,0.6513842913923829,0.06102416090154339,0.15956429084997276,0.4514133728274756,0.27684556424680246,0.37459003306933375,-0.3993560304212357,1471.0,0.15280640895086992,0.3080859154690216,16.15328814901494,0.0,7.0,28.0,4.0,8.0,1.0,0.8782029958700078,0.165148629013548,1.0,0.41216216216216217,0.0,0.0003215277711975393,0.43937006254058697,0.43904853476938943,0.8784185973099763,0.0003215277711975393,0.0,2134.0,-0.08292440793793317,-0.07431961618896188,-0.03497179930434244,0.07744847010155588,0.04862883237940997,0.25467355951736464,-0.32561058986682545,1.0,0.0,0.2747747747747748,0.02338922574972399,0.12885062424269336,0.17582458654552668,-0.04623096772088883,-1.4601376333926765
G11,G11__mom_255_0__top20__weekly__long_short,long_short,mom_255_0,20,weekly,base,0.0,0.01,True,,False,True,5,0,2134.0,0.5914402964933883,0.05640157147996172,0.15957214087690721,0.42403213402966944,0.2494640339398211,0.33716009557180193,-0.4040681150368376,1482.0,0.13958431606220592,0.30810439454768457,16.154257027718526,0.0,7.0,28.0,4.0,8.0,1.0,0.8782029958700078,0.165148629013548,1.0,0.41216216216216217,0.0,0.00032157904640096066,0.4393939187826856,0.4390723397362847,0.8784662585189703,0.00032157904640096066,0.036123197368063825,2134.0,-0.08729014722562566,-0.0783525501292548,-0.03497616103387207,0.07308340668070186,0.0442635782021892,0.254679108615658,-0.3427456130976067,1.0,0.0,0.2747747747747748,0.02392085740941812,0.1256674581609229,0.17508971944942486,-0.04623697838677798,-1.4604516218106731
G11,G11__mom_255_0__top20__weekly__long_short,long_short,mom_255_0,20,weekly,base,0.0,0.03,True,,False,True,5,0,2134.0,0.47958593373732095,0.04734926386268379,0.15958768105480264,0.3700724986521936,0.1955040297757621,0.2636437626202378,-0.41324772193083037,1520.0,0.11457840261393899,0.3081410145809481,16.156177056903996,0.0,7.0,28.0,4.0,8.0,1.0,0.8782029958700078,0.165148629013548,1.0,0.41216216216216217,0.0,0.0003216801718012766,0.4394409434142412,0.43911926324243994,0.8785602066566812,0.0003216801718012766,0.1034017773968962,2134.0,-0.09589485077128351,-0.08625014935302552,-0.034984757396857136,0.0644800351746933,0.03565983072153011,0.25469008862260806,-0.37651583259440286,1.0,0.0,0.2747747747747748,0.02495287761540889,0.11939243045047879,0.1736406926941395,-0.04624876292532776,-1.4610755952432584
G11,G11__mom_255_0__top20__weekly__long_short,long_short,mom_255_0,20,weekly,base,5.0,0.0,True,,False,True,5,0,2134.0,0.542204090891403,0.052488388510203654,0.15957795012582165,0.40076459528726066,0.22619553329215233,0.3053698176383025,-0.40844684850510504,1489.0,0.12850726771992127,0.3080859154690216,16.15328814901494,0.06536067564134015,7.0,28.0,4.0,8.0,1.0,0.8782029958700078,0.165148629013548,1.0,0.41216216216216217,0.0,0.0003215277711975393,0.43937006254058697,0.43904853476938943,0.8784185973099763,0.0003215277711975393,0.0,2134.0,-0.09100067005439809,-0.08176656919390245,-0.034991185913538565,0.06937521201506965,0.040554981030235845,0.25468492081578087,-0.3573068627813299,1.0,0.0,0.2747747747747748,0.023952370667668553,0.12099638274655714,0.17419050127779345,-0.046237142248820945,-1.4601376333926765
G11,G11__mom_255_0__top20__weekly__long_short,long_short,mom_255_0,20,weekly,base,5.0,0.01,True,,False,True,5,0,2134.0,0.4862171561512092,0.047902479351920935,0.1595858325005642,0.3733859900347929,0.19881673075189626,0.26810503046315587,-0.41308821830029496,1520.0,0.11596186293819247,0.30810439454768457,16.154257027718526,0.06416242176107861,7.0,28.0,4.0,8.0,1.0,0.8782029958700078,0.165148629013548,1.0,0.41216216216216217,0.0,0.00032157904640096066,0.4393939187826856,0.4390723397362847,0.8784662585189703,0.00032157904640096066,0.03486823158252562,2134.0,-0.09536674858959387,-0.0857675017892125,-0.034995580707899605,0.06500981447023567,0.036189391810632895,0.25469049513667963,-0.37444172597966535,1.0,0.0,0.2747747747747748,0.024476142329351136,0.11781300330389667,0.17345724807155594,-0.04624312869983649,-1.4604516218106731
G11,G11__mom_255_0__top20__weekly__long_short,long_short,mom_255_0,20,weekly,base,5.0,0.03,True,,False,True,5,0,2134.0,0.38174716531106,0.03892200290678982,0.1596014362330834,0.3194315658630054,0.14486212321457564,0.19491315796925748,-0.42213005763853095,1536.0,0.0922038177630048,0.3081410145809481,16.156177056903996,0.06188706284642976,7.0,28.0,4.0,8.0,1.0,0.8782029958700078,0.165148629013548,1.0,0.41216216216216217,0.0,0.0003216801718012766,0.4394409434142412,0.43911926324243994,0.8785602066566812,0.0003216801718012766,0.09985447103872595,2134.0,-0.10397212596342523,-0.09360243259368253,-0.03500424206680854,0.056405779207423075,0.02758497876755919,0.25470152470932667,-0.40821163549013484,1.0,0.0,0.2747747747747748,0.025492848167151923,0.11153760808610434,0.17201166497715836,-0.046254865534048006,-1.4610755952432584
G11,G11__mom_255_0__top20__weekly__long_short,long_short,mom_255_0,20,weekly,base,10.0,0.0,True,,False,True,5,0,2134.0,0.4402243862575146,0.04401975431631766,0.1595991678156045,0.35010790624571564,0.17554591966495967,0.23646162381886307,-0.4174017990070067,1522.0,0.10546134305371963,0.3080859154690216,16.15328814901494,0.12627984547039625,7.0,28.0,4.0,8.0,1.0,0.8782029958700078,0.165148629013548,1.0,0.41216216216216217,0.0,0.0003215277711975393,0.43937006254058697,0.43904853476938943,0.8784185973099763,0.0003215277711975393,0.0,2134.0,-0.09907693217086379,-0.08915494812043956,-0.0350105725227347,0.06130195392858265,0.032481129681060934,0.25470101847814874,-0.38899307416536216,1.0,0.0,0.2747747747747748,0.02450462135187496,0.11313641944663316,0.17256302229487264,-0.04624260497452601,-1.4601376333926765
G11,G11__mom_255_0__top20__weekly__long_short,long_short,mom_255_0,20,weekly,base,10.0,0.01,True,,True,True,5,0,2134.0,0.38793394351411803,0.039470240899758924,0.15960708282986164,0.322733250846335,0.14817116190987262,0.1993627053833787,-0.4219735018525447,1533.0,0.09353724991374338,0.30810439454768457,16.154257027718526,0.12399298193860162,7.0,28.0,4.0,8.0,1.0,0.8782029958700078,0.165148629013548,1.0,0.41216216216216217,0.0,0.00032157904640096066,0.4393939187826856,0.4390723397362847,0.8784662585189703,0.00032157904640096066,0.03367105572842814,2134.0,-0.10344334995356218,-0.0931241275988931,-0.03501500038192719,0.05693622225976941,0.028115205419076535,0.25470661833640984,-0.4061274521612034,1.0,0.0,0.2747747747747748,0.025020624841474923,0.10995333629721901,0.17183152067353868,-0.046248567178216876,-1.4604516218106731
G11,G11__mom_255_0__top20__weekly__long_short,long_short,mom_255_0,20,weekly,base,10.0,0.03,True,,False,True,5,0,2134.0,0.2903620339527522,0.030561038439594235,0.15962275069730608,0.26878663166967026,0.0942245461692203,0.12649671887728203,-0.43087961522836304,1540.0,0.07092709276440731,0.3081410145809481,16.156177056903996,0.11964953520684712,7.0,28.0,4.0,8.0,1.0,0.8782029958700078,0.165148629013548,1.0,0.41216216216216217,0.0,0.0003216801718012766,0.4394409434142412,0.43911926324243994,0.8785602066566812,0.0003216801718012766,0.09646954457588564,2134.0,-0.11204940115556725,-0.10089687609669146,-0.035023726736760026,0.04833152324015256,0.019510126813587995,0.2547176980997145,-0.4398964107774844,1.0,0.0,0.2747747747747748,0.026022195481536337,0.1036785779671309,0.17038964443517746,-0.04626025625080671,-1.4610755952432584
G11,G11__mom_255_0__top20__weekly__long_short,long_short,mom_255_0,20,weekly,base,20.0,0.0,True,,False,True,5,0,2134.0,0.2560027585955966,0.02728183995011424,0.15966426531034175,0.24879960567467407,0.07427674048838281,0.09960723606090371,-0.4349120879614756,1543.0,0.06272955088001798,0.3080859154690216,16.15328814901494,0.23598577743700858,7.0,28.0,4.0,8.0,1.0,0.8782029958700078,0.165148629013548,1.0,0.41216216216216217,0.0,0.0003215277711975393,0.43937006254058697,0.43904853476938943,0.8784185973099763,0.0003215277711975393,0.0,2134.0,-0.11522945640379412,-0.10375778146359232,-0.03504934574112688,0.04515543775560969,0.016333426982712177,0.25474741903902925,-0.4523282584705602,1.0,0.0,0.2747747747747748,0.02557699111893904,0.09741105434337882,0.16932870590001925,-0.04625139681758894,-1.4601376333926765
G11,G11__mom_255_0__top20__weekly__long_short,long_short,mom_255_0,20,weekly,base,20.0,0.01,True,,False,True,5,0,2134.0,0.2103909359112055,0.022804273062721814,0.1596722464603146,0.22143679165078242,0.0469140159385067,0.06284224914286524,-0.4393475394191585,1543.0,0.05190486122414686,0.30810439454768457,16.154257027718526,0.23181767600456465,7.0,28.0,4.0,8.0,1.0,0.8782029958700078,0.165148629013548,1.0,0.41216216216216217,0.0,0.00032157904640096066,0.4393939187826856,0.4390723397362847,0.8784662585189703,0.00032157904640096066,0.031438379874232994,2134.0,-0.11959655268149857,-0.1076641918806174,-0.035053839729982474,0.0407890378388371,0.011966832635963983,0.25475307091040006,-0.46946069091179765,1.0,0.0,0.2747747747747748,0.026077729944645814,0.0942300900676598,0.16860110163205955,-0.04625731044467199,-1.4604516218106731
G11,G11__mom_255_0__top20__weekly__long_short,long_short,mom_255_0,20,weekly,base,20.0,0.03,True,,False,True,5,0,2134.0,0.12528200224255182,0.014035963873197055,0.15968804430229064,0.16751354949813843,-0.007008845361193616,-0.009367680391519487,-0.44798820659911454,1570.0,0.03133110127998802,0.3081410145809481,16.156177056903996,0.22389773089162834,7.0,28.0,4.0,8.0,1.0,0.8782029958700078,0.165148629013548,1.0,0.41216216216216217,0.0,0.0003216801718012766,0.4394409434142412,0.43911926324243994,0.8785602066566812,0.0003216801718012766,0.09015408099286354,2134.0,-0.12820395153985098,-0.11531401939164808,-0.03506269607666296,0.032183011305611846,0.003360422905645888,0.25476425291832794,-0.5032258257242648,1.0,0.0,0.2747747747747748,0.027049560285242455,0.08795961334724618,0.1671673922017617,-0.04626890385244836,-1.4610755952432584
G11,G11__mom_255_0__top50__monthly__long_only,long_only,mom_255_0,50,monthly,base,0.0,0.0,True,,False,True,0,0,2134.0,2.1501392942848088,0.14510896048686717,0.19689483616229572,0.7871306170025391,0.6456156927142414,0.8897696172632493,-0.27485874348839334,610.0,0.5279401289739025,0.5873775986304003,7.074954918086133,0.0,7.0,2.0,2.0,1.0,0.0,0.8811975576516257,0.16627809729421433,1.0,0.39215686274509803,0.0,0.8813399394048067,0.8813399394048067,0.0,0.8813399394048067,0.8813399394048067,0.0,2134.0,2.809121969800576e-05,-0.0009606367980706006,0.7855261178156697,0.033261647702418115,0.027292201299071922,0.1331918910142687,0.000210907882485101,1.0,1.0,0.2549019607843137,-0.029418310540706427,-0.03950055073330849,0.07883714225258598,-0.03761723779326698,-0.15416797393109682
G11,G11__mom_255_0__top50__monthly__long_only,long_only,mom_255_0,50,monthly,base,5.0,0.0,True,,True,True,0,0,2134.0,2.0571578201167413,0.14106468002494443,0.1968689471842658,0.7692284322121069,0.6276940539123652,0.8643905623779908,-0.27947976328172497,610.0,0.5047402300922464,0.5873775986304003,7.074954918086133,0.04108579097450993,7.0,2.0,2.0,1.0,0.0,0.8811975576516257,0.16627809729421433,1.0,0.39215686274509803,0.0,0.8813399394048067,0.8813399394048067,0.0,0.8813399394048067,0.8813399394048067,0.0,2134.0,-0.003516671059542823,-0.004489030616218975,0.7854590664903118,0.02972727528503753,0.023755936336235673,0.13317215800397383,-0.02640695406796582,1.0,1.0,0.2549019607843137,-0.029224178273135254,-0.04203175068642706,0.07832183461415981,-0.03762514367477429,-0.15416797393109682
G11,G11__mom_255_0__top50__monthly__long_only,long_only,mom_255_0,50,monthly,base,10.0,0.0,True,,False,True,0,0,2134.0,1.966892662421079,0.13703340766571825,0.1968485246393289,0.7513006743918058,0.6097507723509302,0.8390244224293427,-0.2840730304353991,613.0,0.48238795304040993,0.5873775986304003,7.074954918086133,0.08077437741623214,7.0,2.0,2.0,1.0,0.0,0.8811975576516257,0.16627809729421433,1.0,0.39215686274509803,0.0,0.8813399394048067,0.8813399394048067,0.0,0.8813399394048067,0.8813399394048067,0.0,2134.0,-0.007061433338783861,-0.008006075639552265,0.7853920151649538,0.026192902867656725,0.020219671373399202,0.13316050815496758,-0.05302948626905216,1.0,1.0,0.2549019607843137,-0.029030986682145654,-0.04456906504607783,0.07780970296238426,-0.03763230124093131,-0.15416797393109682
G11,G11__mom_255_0__top50__monthly__long_only,long_only,mom_255_0,50,monthly,base,20.0,0.0,True,,False,True,0,0,2134.0,1.794199420570827,0.1290097361775131,0.19682408519966452,0.7153743639313417,0.5738052197696034,0.7883378504346206,-0.2931769321541572,664.0,0.4400405421722528,0.5873775986304003,7.074954918086133,0.15613564588186526,7.0,2.0,2.0,1.0,0.0,0.8811975576516257,0.16627809729421433,1.0,0.39215686274509803,0.0,0.8813399394048067,0.8813399394048067,0.0,0.8813399394048067,0.8813399394048067,0.0,2134.0,-0.01415095789726548,-0.015006251108190637,0.7852579125142375,0.019124158032895664,0.013147141447726687,0.13316146495485354,-0.10626916654952061,1.0,1.0,0.2549019607843137,-0.028647410587440997,-0.04965980173622775,0.07679489414588031,-0.03764436799455348,-0.15416797393109682
G11,G11__mom_255_0__top50__monthly__long_short,long_short,mom_255_0,50,monthly,base,0.0,0.0,True,,False,True,1,0,2134.0,0.6393208186123593,0.06010591556975009,0.12180713177379371,0.5404411719897567,0.3117561630334919,0.4177694382932579,-0.26542261656631616,986.0,0.22645363212570302,0.5805617926610621,6.992858631002783,0.0,15.0,32.0,7.0,1.0,1.0,0.8811975576516257,0.16627809729421433,1.0,0.39215686274509803,0.0,0.0005279335574674773,0.443713469563913,0.44318553600644556,0.8868990055703585,0.0005279335574674773,0.0,2134.0,-0.08912427360080385,-0.07512073054855165,-0.012714661005671903,0.0677997748876965,0.039590703871512735,0.22933755731077776,-0.38861612832140974,1.0,0.0,0.2549019607843137,0.00987700043963069,0.09737207180945431,0.10195472640472752,-0.03377082766560069,-0.4258663526460298
G11,G11__mom_255_0__top50__monthly__long_short,long_short,mom_255_0,50,monthly,base,0.0,0.01,True,,False,True,1,0,2134.0,0.5793448155167285,0.05545024852198499,0.12182895423159043,0.5042319218083474,0.27557483467257987,0.36875148602239666,-0.26800943492921925,1004.0,0.206896628607979,0.5807007828414871,6.994532765772064,0.0,15.0,32.0,7.0,1.0,1.0,0.8811975576516257,0.16627809729421433,1.0,0.39215686274509803,0.0,0.0005279016058267981,0.44380369386566926,0.4432757922598424,0.8870794861255117,0.0005279016058267981,0.03928701993096924,2134.0,-0.0935238149292476,-0.07918252274752151,-0.012720704043066368,0.06340116995123918,0.03519186930997535,0.2293501187472897,-0.40777748640408246,1.0,0.0,0.2549019607843137,0.010452447334098794,0.09330455216525196,0.10379566966277293,-0.03378338218390087,-0.42619015394488624
G11,G11__mom_255_0__top50__monthly__long_short,long_short,mom_255_0,50,monthly,base,0.0,0.03,True,,False,True,1,0,2134.0,0.4674320716352718,0.04632961616964271,0.12187208239972931,0.4328709227449494,0.20426932696412364,0.27255919055755073,-0.2743859728665349,1177.0,0.16884834048050287,0.580977230658415,6.997862575840628,0.0,15.0,32.0,7.0,1.0,1.0,0.8811975576516257,0.16627809729421433,1.0,0.39215686274509803,0.0,0.0005278383018363842,0.44398164793002143,0.443453809628185,0.8874354575582064,0.0005278383018363842,0.11241077001680719,2134.0,-0.10219898188812432,-0.08713973123308967,-0.012732593025200705,0.054727845236067205,0.026518092532323696,0.22937493958511698,-0.4455542618255387,1.0,0.0,0.2549019607843137,0.011571315627176205,0.08528388573438095,0.10606041401276772,-0.03380807794526568,-0.4268373233418812
G11,G11__mom_255_0__top50__monthly__long_short,long_short,mom_255_0,50,monthly,base,5.0,0.0,True,,False,True,1,0,2134.0,0.5914869080404004,0.056405225178588925,0.12179758641126132,0.5117568106100016,0.28304362270627376,0.3788262674676323,-0.2672437110564203,1004.0,0.21106287199656756,0.5805617926610621,6.992858631002783,0.031117358776614847,15.0,32.0,7.0,1.0,1.0,0.8811975576516257,0.16627809729421433,1.0,0.39215686274509803,0.0,0.0005279335574674773,0.443713469563913,0.44318553600644556,0.8868990055703585,0.0005279335574674773,0.0,2134.0,-0.09262311829152052,-0.07834936249482471,-0.012799733590224155,0.06431411252256214,0.036102636021546855,0.22934614678752477,-0.4038573117050455,1.0,0.0,0.2549019607843137,0.010065408630257427,0.09251176808512207,0.10311294142480909,-0.03376280277390539,-0.4258663526460289
G11,G11__mom_255_0__top50__monthly__long_short,long_short,mom_255_0,50,monthly,base,5.0,0.01,True,,True,True,1,0,2134.0,0.5332500788958412,0.051764929768508994,0.1218194233312849,0.47554344440795004,0.24685827049449244,0.3299187676837868,-0.2698247888239602,1006.0,0.19184645708101195,0.5807007828414871,6.994532765772064,0.03054730326298445,15.0,32.0,7.0,1.0,1.0,0.8811975576516257,0.16627809729421433,1.0,0.39215686274509803,0.0,0.0005279016058267981,0.44380369386566926,0.4432757922598424,0.8870794861255117,0.0005279016058267981,0.0386742581438153,2134.0,-0.09702343448659426,-0.08239774385548126,-0.012805818992154027,0.05991473928402322,0.03170303199232047,0.2293587213281526,-0.4230204717080672,1.0,0.0,0.2549019607843137,0.01063789625235309,0.08844455183650254,0.10494026288163161,-0.03377534622335071,-0.42619015394488624
G11,G11__mom_255_0__top50__monthly__long_short,long_short,mom_255_0,50,monthly,base,5.0,0.03,True,,False,True,1,0,2134.0,0.42458352723187986,0.042674407437080175,0.12186257936058034,0.40417426917769134,0.17554476698360666,0.23394335934323415,-0.27747938902000024,1220.0,0.15379307121800054,0.580977230658415,6.997862575840628,0.029464317378187884,15.0,32.0,7.0,1.0,1.0,0.8811975576516257,0.16627809729421433,1.0,0.39215686274509803,0.0,0.0005278383018363842,0.44398164793002143,0.443453809628185,0.8874354575582064,0.0005278383018363842,0.11067838276888482,2134.0,-0.1057001437001727,-0.09032868314120793,-0.012817791085889279,0.05123988519261311,0.02302772355147003,0.22938356758639242,-0.4608008534018593,1.0,0.0,0.2549019607843137,0.011750997197674376,0.08042452199697896,0.10588914139553024,-0.03380002020553377,-0.4268373233418812
G11,G11__mom_255_0__top50__monthly__long_short,long_short,mom_255_0,50,monthly,base,10.0,0.0,True,,False,True,1,0,2134.0,0.5450344404895391,0.05271630223066737,0.12179662897590375,0.48303389154346604,0.25430867131655194,0.33995251135920845,-0.269060932076541,1006.0,0.19592700368580793,0.5805617926610621,6.992858631002783,0.06130142748069293,15.0,32.0,7.0,1.0,1.0,0.8811975576516257,0.16627809729421433,1.0,0.39215686274509803,0.0,0.0005279335574674773,0.443713469563913,0.44318553600644556,0.8868990055703585,0.0005279335574674773,0.0,2134.0,-0.0961219629822372,-0.08156772804776341,-0.012884806174776428,0.06082845015742772,0.03261456817158093,0.22935929666994184,-0.41908902049242397,1.0,0.0,0.2549019607843137,0.010252448746284969,0.08764246595321074,0.10426203470228995,-0.03375365913589744,-0.4258663526460289
G11,G11__mom_255_0__top50__monthly__long_short,long_short,mom_255_0,50,monthly,base,10.0,0.01,True,,False,True,1,0,2134.0,0.4884868718743498,0.04809133236122021,0.12181848277456547,0.44681896679119737,0.21812185422793476,0.29115815174271176,-0.272791337753137,1205.0,0.17629347308945909,0.5807007828414871,6.994532765772064,0.06018408474898057,15.0,32.0,7.0,1.0,1.0,0.8811975576516257,0.16627809729421433,1.0,0.39215686274509803,0.0,0.0005279016058267981,0.44380369386566926,0.4432757922598424,0.8870794861255117,0.0005279016058267981,0.03807388757759688,2134.0,-0.10052305404394105,-0.08560273878703523,-0.012890933941241653,0.0564283086168071,0.028214194674665433,0.22937188616371648,-0.43825359648562906,1.0,0.0,0.2549019607843137,0.010821989423576608,0.08357656808081637,0.10492074385831868,-0.03376619134465764,-0.42619015394488624
G11,G11__mom_255_0__top50__monthly__long_short,long_short,mom_255_0,50,monthly,base,10.0,0.03,True,,False,True,1,0,2134.0,0.38297332070317314,0.03903082977236516,0.12186167149034619,0.37544665670162913,0.14680539921364077,0.19540488568058553,-0.28066357855344004,1404.0,0.13906624426843278,0.580977230658415,6.997862575840628,0.058061186377993255,15.0,32.0,7.0,1.0,1.0,0.8811975576516257,0.16627809729421433,1.0,0.39215686274509803,0.0,0.0005278383018363842,0.44398164793002143,0.443453809628185,0.8874354575582064,0.0005278383018363842,0.10898083042704934,2134.0,-0.10920130551222096,-0.0935074876353986,-0.012902989146577885,0.047751925149159116,0.019537354570616484,0.2293967615239719,-0.47603682278143,1.0,0.0,0.2549019607843137,0.011929347070638162,0.07555917597862177,0.10561433054080654,-0.03379084321483092,-0.4268373233418812
G11,G11__mom_255_0__top50__monthly__long_short,long_short,mom_255_0,50,monthly,base,20.0,0.0,True,,False,True,1,0,2134.0,0.45611701859612963,0.04537362355670993,0.12182047688040562,0.42549669494858333,0.19679587023489328,0.2624391828895456,-0.27519435600163167,1208.0,0.16487846704400036,0.5805617926610621,6.992858631002783,0.1189794647919353,15.0,32.0,7.0,1.0,1.0,0.8811975576516257,0.16627809729421433,1.0,0.39215686274509803,0.0,0.0005279335574674773,0.443713469563913,0.44318553600644556,0.8868990055703585,0.0005279335574674773,0.0,2134.0,-0.10311965236367077,-0.08797377784717135,-0.013054951343881,0.05385712542715872,0.025638432471648896,0.2293992742428066,-0.44952039497092855,1.0,0.0,0.2549019607843137,0.010622450065700027,0.07788745276398928,0.10402246252857134,-0.03373202137159678,-0.4258663526460298
G11,G11__mom_255_0__top50__monthly__long_short,long_short,mom_255_0,50,monthly,base,20.0,0.01,True,,False,True,1,0,2134.0,0.40280386137393465,0.04077916697496753,0.12184237167068408,0.38928632826441967,0.16061380283448634,0.21387916965252263,-0.2791860506917013,1403.0,0.1460644859366524,0.5807007828414871,6.994532765772064,0.11683286784196277,15.0,32.0,7.0,1.0,1.0,0.8811975576516257,0.16627809729421433,1.0,0.39215686274509803,0.0,0.0005279016058267981,0.44380369386566926,0.4432757922598424,0.8870794861255117,0.0005279016058267981,0.03690922042070463,2134.0,-0.10752229315863432,-0.09198216756034915,-0.01306116383941704,0.04945544728237519,0.021236520039355673,0.2294118991850942,-0.46868664415651407,1.0,0.0,0.2549019607843137,0.011186133662402228,0.07382723464570294,0.10438154675155109,-0.03374453059519471,-0.42619015394488624
G11,G11__mom_255_0__top50__monthly__long_short,long_short,mom_255_0,50,monthly,base,20.0,0.03,True,,False,True,1,0,2134.0,0.30332725180903686,0.03177843401045233,0.12188564020652971,0.31792287796466934,0.08930658283131095,0.1185859368002205,-0.28699289373267356,1465.0,0.11072899261419732,0.580977230658415,6.997862575840628,0.11275373132058894,15.0,32.0,7.0,1.0,1.0,0.8811975576516257,0.16627809729421433,1.0,0.39215686274509803,0.0,0.0005278383018363842,0.44398164793002143,0.443453809628185,0.8874354575582064,0.0005278383018363842,0.10568714828055167,2134.0,-0.11620362913631752,-0.09983477097146581,-0.01307338526795511,0.040776005062251104,0.012556616608909379,0.22943684378463708,-0.5064732726422662,1.0,0.0,0.2549019607843137,0.012282076522451928,0.06582111761852565,0.10506568354193124,-0.033769137265795376,-0.4268373233418812
G11,G11__mom_255_0__top50__weekly__long_only,long_only,mom_255_0,50,weekly,base,0.0,0.0,True,,False,True,1,0,2134.0,1.5346819671270744,0.11608829810810439,0.18832690254573642,0.6777899402155286,0.5298445708814299,0.7218597134142188,-0.2314777773108565,524.0,0.5015094729901736,0.2854656571756049,14.967282778849148,0.0,9.0,4.0,3.0,2.0,0.0,0.8782029958700078,0.165148629013548,1.0,0.41216216216216217,0.0,0.877929543656673,0.877929543656673,0.0,0.877929543656673,0.877929543656673,0.0,2134.0,-0.027307782635893268,-0.026279436198826417,0.7061775639152726,0.01822113876965039,0.01004244794233855,0.14241885113594638,-0.1917427532807896,1.0,1.0,0.2747747747747748,-0.032160154602705215,-0.06628917081779695,0.12269765792460618,-0.041356818929516675,-0.80663692674133
G11,G11__mom_255_0__top50__weekly__long_only,long_only,mom_255_0,50,weekly,base,5.0,0.0,True,,False,True,1,0,2134.0,1.3790221529004945,0.10776638169170849,0.18832471623927965,0.6380406557248816,0.49009069916275527,0.6665838694364473,-0.23326975663191452,614.0,0.46198179844529647,0.2854656571756049,14.967282778849148,0.07437539715692043,9.0,4.0,3.0,2.0,0.0,0.8782029958700078,0.165148629013548,1.0,0.41216216216216217,0.0,0.877929543656673,0.877929543656673,0.0,0.877929543656673,0.877929543656673,0.0,2134.0,-0.03479503721483143,-0.03353981260328848,0.7061402640621998,0.010739663947022287,0.0025598829821682624,0.1424256038112315,-0.24430324522933525,1.0,1.0,0.2747747747747748,-0.031460734582351796,-0.07167575711376284,0.1297660555383769,-0.041368134913282645,-0.80663692674133
G11,G11__mom_255_0__top50__weekly__long_only,long_only,mom_255_0,50,weekly,base,10.0,0.0,True,,True,True,1,0,2134.0,1.232898247950419,0.0995051516526535,0.18832794575329626,0.5982732430330329,0.4503229847900092,0.6114765003165799,-0.23899166497616464,783.0,0.41635406683566745,0.2854656571756049,14.967282778849148,0.14368404190899384,9.0,4.0,3.0,2.0,0.0,0.8782029958700078,0.165148629013548,1.0,0.41216216216216217,0.0,0.877929543656673,0.877929543656673,0.0,0.877929543656673,0.877929543656673,0.0,2134.0,-0.04228229179377005,-0.04074724375811368,0.7061029642091267,0.0032581891243937465,-0.004922681978002463,0.14243951686249956,-0.29684383045602586,1.0,1.0,0.2747747747747748,-0.0307699845510101,-0.07706793572678539,0.13278459401625786,-0.04137881517120745,-0.80663692674133
G11,G11__mom_255_0__top50__weekly__long_only,long_only,mom_255_0,50,weekly,base,20.0,0.0,True,,False,True,1,0,2134.0,0.9669627124024676,0.08316302309123857,0.18835065066123668,0.5186977658888615,0.370759760101362,0.5017784695453397,-0.2597854159721523,1507.0,0.3201219852162649,0.2854656571756049,14.967282778849148,0.2684083225162422,9.0,4.0,3.0,2.0,0.0,0.8782029958700078,0.165148629013548,1.0,0.41216216216216217,0.0,0.877929543656673,0.877929543656673,0.0,0.877929543656673,0.877929543656673,0.0,2134.0,-0.05725680095164677,-0.0550047775603279,0.7060283645029805,-0.011704760520862816,-0.01988781189834341,0.14248881462357404,-0.4018336534197957,1.0,1.0,0.2747747747747748,-0.029414139548177023,-0.08786393503637568,0.129118330480758,-0.04139826631985091,-0.80663692674133
G11,G11__mom_255_0__top50__weekly__long_short,long_short,mom_255_0,50,weekly,base,0.0,0.0,True,,False,True,8,0,2134.0,0.3767732830461288,0.0384796729420156,0.11928266799125171,0.3764729447993723,0.14289122208787747,0.19004894724903654,-0.3079335098068232,1488.0,0.1249609792911306,0.2779910372390517,14.575380119307882,0.0,17.0,35.0,9.0,11.0,2.0,0.8782029958700078,0.165148629013548,1.0,0.41216216216216217,0.0,-3.130518697584193e-05,0.43890416462525045,0.43893546981222625,0.8778396344374766,-3.130518697584193e-05,0.0,2134.0,-0.1100471653711513,-0.09398833914195039,-0.039044401663913784,0.05095677813500444,0.02201460048042454,0.23222002417385457,-0.4738918005139947,1.0,0.0,0.2747747747747748,0.016712460667079695,0.10490474389792717,0.1489081487722943,-0.03658328942027368,-1.1162379482182665
G11,G11__mom_255_0__top50__weekly__long_short,long_short,mom_255_0,50,weekly,base,0.0,0.01,True,,False,True,8,0,2134.0,0.3267992226565113,0.03395546592466525,0.11928851226855403,0.33985521815665837,0.10627073389576515,0.14113379414783533,-0.3148703543875969,1521.0,0.1078395137919748,0.2780081668679172,14.57627824485357,0.0,17.0,35.0,9.0,11.0,2.0,0.8782029958700078,0.165148629013548,1.0,0.41216216216216217,0.0,-3.1293687427189655e-05,0.4389282063489472,0.4389595000363744,0.8778877063853215,-3.1293687427189655e-05,0.035709910509939116,2134.0,-0.11441303929273101,-0.09793544029439069,-0.039048917642873625,0.04659160398180821,0.01764922983517383,0.23222374228647505,-0.4926845040314147,1.0,0.0,0.2747747747747748,0.01726545252579385,0.10024357178063785,0.14977069745182148,-0.03658819832601018,-1.1165103446561773
G11,G11__mom_255_0__top50__weekly__long_short,long_short,mom_255_0,50,weekly,base,0.0,0.03,True,,False,True,8,0,2134.0,0.2335482418027326,0.025095801986493527,0.11930012135545993,0.2676932763134191,0.034103843092750295,0.045160045555529695,-0.32979881238966413,1539.0,0.07609427640037199,0.2780422282391018,14.578064120532625,0.0,17.0,35.0,9.0,11.0,2.0,0.8782029958700078,0.165148629013548,1.0,0.41216216216216217,0.0,-3.1270994578292666e-05,0.43897559681748194,0.43900686781206016,0.8779824646295421,-3.1270994578292666e-05,0.10230545632870097,2134.0,-0.12301802230311208,-0.10566496938235725,-0.03905781918263083,0.03798800029939607,0.00904523884126957,0.23223111727177653,-0.5297223892659741,1.0,0.0,0.2747747747747748,0.018339418333783126,0.09105513197094109,0.14988882859525726,-0.036597787242567556,-1.1170509272516504
G11,G11__mom_255_0__top50__weekly__long_short,long_short,mom_255_0,50,weekly,base,5.0,0.0,True,,False,True,8,0,2134.0,0.2943693701522101,0.030938462917501353,0.11929928533363722,0.31533947735250595,0.08176672557335267,0.10846487952124063,-0.3201829737772748,1531.0,0.09662744571490775,0.2779910372390517,14.575380119307882,0.0586201169645591,17.0,35.0,9.0,11.0,2.0,0.8782029958700078,0.165148629013548,1.0,0.41216216216216217,0.0,-3.130518697584193e-05,0.43890416462525045,0.43893546981222625,0.8778396344374766,-3.130518697584193e-05,0.0,2134.0,-0.11733408836770702,-0.10056759571982289,-0.0390832880463093,0.04367588073360551,0.014732552724277011,0.23223472609157178,-0.5052392049302797,1.0,0.0,0.2747747747747748,0.017157146378466853,0.09411150997926877,0.14886285352527662,-0.03658774864448398,-1.1162379482182665
G11,G11__mom_255_0__top50__weekly__long_short,long_short,mom_255_0,50,weekly,base,5.0,0.01,True,,False,True,8,0,2134.0,0.2473816593021585,0.026446648675412687,0.11930516487583054,0.27872709361093845,0.04515179187991867,0.059806099290263884,-0.32773983924434946,1537.0,0.08069403077877006,0.2780081668679172,14.57627824485357,0.05758655398698084,17.0,35.0,9.0,11.0,2.0,0.8782029958700078,0.165148629013548,1.0,0.41216216216216217,0.0,-3.1293687427189655e-05,0.4389282063489472,0.4389595000363744,0.8778877063853215,-3.1293687427189655e-05,0.03459700386217067,2134.0,-0.1217002807947296,-0.10448643610522082,-0.0390878424843723,0.03931039403435302,0.010366868463044604,0.23223846860106176,-0.5240315333106412,1.0,0.0,0.2747747747747748,0.017703439281932888,0.08945085428852917,0.14893124640487476,-0.03659263223113415,-1.1165103446561737
G11,G11__mom_255_0__top50__weekly__long_short,long_short,mom_255_0,50,weekly,base,5.0,0.03,True,,False,True,8,0,2134.0,0.15970358542852026,0.017650416758122844,0.11931684322336157,0.20657572381873246,-0.027004110517156794,-0.03566441792980513,-0.3423893387126201,1543.0,0.051550719495204504,0.2780422282391018,14.578064120532625,0.05562194031206008,17.0,35.0,9.0,11.0,2.0,0.8782029958700078,0.165148629013548,1.0,0.41216216216216217,0.0,-3.1270994578292666e-05,0.43897559681748194,0.43900686781206016,0.8779824646295421,-3.1270994578292666e-05,0.09915662281630358,2134.0,-0.13030589940071152,-0.11216062453309725,-0.03909681986259307,0.030706166507802904,0.0017622515149750579,0.23224589155804104,-0.5610686954526665,1.0,0.0,0.2747747747747748,0.018764354526240146,0.08026352575772311,0.1489923603115304,-0.036602171238344736,-1.1170509272516504
G11,G11__mom_255_0__top50__weekly__long_short,long_short,mom_255_0,50,weekly,base,10.0,0.0,True,,False,True,8,0,2134.0,0.21688553074299244,0.02345081952281225,0.11932392151679759,0.25420595387330797,0.020658043734029196,0.027331316314854966,-0.3329538351206661,1539.0,0.07043264575797246,0.2779910372390517,14.575380119307882,0.11372078835800253,17.0,35.0,9.0,11.0,2.0,0.8782029958700078,0.165148629013548,1.0,0.41216216216216217,0.0,-3.130518697584193e-05,0.43890416462525045,0.43893546981222625,0.8778396344374766,-3.130518697584193e-05,0.0,2134.0,-0.12462101136426242,-0.1071001186036999,-0.03912217442870508,0.03639498333220699,0.0074505049681298586,0.23225354797155212,-0.5365731221446262,1.0,0.0,0.2747747747747748,0.01759431574068485,0.0833177276115765,0.1480239994311029,-0.03659110790298191,-1.1162379482182665
G11,G11__mom_255_0__top50__weekly__long_short,long_short,mom_255_0,50,weekly,base,10.0,0.01,True,,True,True,8,0,2134.0,0.17270614732899525,0.018991171231703907,0.11932983667568497,0.2176014069908334,-0.015948839704258384,-0.02106973021425514,-0.34036947629677583,1543.0,0.05579575301031129,0.2780081668679172,14.57627824485357,0.11173793172111951,17.0,35.0,9.0,11.0,2.0,0.8782029958700078,0.165148629013548,1.0,0.41216216216216217,0.0,-3.1293687427189655e-05,0.4389282063489472,0.4389595000363744,0.8778877063853215,-3.1293687427189655e-05,0.033530114933623976,2134.0,-0.12898752229672825,-0.11099089611273184,-0.039126767325871184,0.03202918408689778,0.0030845070909153224,0.23225731519801468,-0.5553647349568209,1.0,0.0,0.2747747747747748,0.018133977356772007,0.07865866150254353,0.14806334031620055,-0.03659596610376853,-1.1165103446561737
G11,G11__mom_255_0__top50__weekly__long_short,long_short,mom_255_0,50,weekly,base,10.0,0.03,True,,False,True,8,0,2134.0,0.09026874386037753,0.010257927181153814,0.11934158498713836,0.14546552366388726,-0.08808883580624605,-0.11603437221078201,-0.3547451890298843,1571.0,0.028916325008398268,0.2780422282391018,14.578064120532625,0.10796815274815587,17.0,35.0,9.0,11.0,2.0,0.8782029958700078,0.165148629013548,1.0,0.41216216216216217,0.0,-3.1270994578292666e-05,0.43897559681748194,0.43900686781206016,0.8779824646295421,-3.1270994578292666e-05,0.0961371933071791,2134.0,-0.13759377649831128,-0.11861013137855263,-0.03913582054255535,0.023424332716209414,-0.005520735811319768,0.2322647867649645,-0.5924005029550452,1.0,0.0,0.2747747747747748,0.019181974043474215,0.06947455915151485,0.14806971078568654,-0.036605455074793555,-1.117050927251647
G11,G11__mom_255_0__top50__weekly__long_short,long_short,mom_255_0,50,weekly,base,20.0,0.0,True,,False,True,8,0,2134.0,0.07552331111487676,0.008634746963390061,0.11939722893468725,0.13198803218951322,-0.10146265358983801,-0.13354079459875304,-0.35778586494407627,1571.0,0.024133840404063238,0.2779910372390517,14.575380119307882,0.2142048719663891,17.0,35.0,9.0,11.0,2.0,0.8782029958700078,0.165148629013548,1.0,0.41216216216216217,0.0,-3.130518697584193e-05,0.43890416462525045,0.43893546981222625,0.8778396344374766,-3.130518697584193e-05,0.0,2134.0,-0.1391948573573735,-0.12002625943891378,-0.03919994719349628,0.021833188529409527,-0.007113590544164815,0.2323035473933666,-0.5991938518341723,1.0,0.0,0.2747747747747748,0.01844644471033976,0.0617510001262553,0.14626346210633068,-0.03659453217240104,-1.1162379482182665
G11,G11__mom_255_0__top50__weekly__long_short,long_short,mom_255_0,50,weekly,base,20.0,0.01,True,,False,True,8,0,2134.0,0.036468233298987185,0.004238756302039404,0.11940321635373104,0.09540662052913294,-0.13804597015085499,-0.1814225445619528,-0.3649268649047527,1578.0,0.011615358335281057,0.2780081668679172,14.57627824485357,0.21055353107049837,17.0,35.0,9.0,11.0,2.0,0.8782029958700078,0.165148629013548,1.0,0.41216216216216217,0.0,-3.1293687427189655e-05,0.4389282063489472,0.4389595000363744,0.8778877063853215,-3.1293687427189655e-05,0.03152598017949991,2134.0,-0.14356200530072527,-0.12386149945754941,-0.03920461700886872,0.01746676419198756,-0.01148021565334298,0.23230736500854696,-0.6179830127014845,1.0,0.0,0.2747747747747748,0.018973044292062403,0.05709832262398612,0.1462481299485502,-0.03659933942473097,-1.1165103446561737
G11,G11__mom_255_0__top50__weekly__long_short,long_short,mom_255_0,50,weekly,base,20.0,0.03,True,,False,True,8,0,2134.0,-0.036406678294754524,-0.004369832336224455,0.11941510664664948,0.02331641312411342,-0.21013944129387577,-0.27536800477336226,-0.3787701407946188,1578.0,-0.01153689762096088,0.2780422282391018,14.578064120532625,0.2036089187160312,17.0,35.0,9.0,11.0,2.0,0.8782029958700078,0.165148629013548,1.0,0.41216216216216217,0.0,-3.1270994578292666e-05,0.43897559681748194,0.43900686781206016,0.8779824646295421,-3.1270994578292666e-05,0.09046297856350276,2134.0,-0.1521695306935103,-0.13137198030085837,-0.0392138219024799,0.008860665133022893,-0.020086710463908985,0.23231493569941786,-0.6550139802048536,1.0,0.0,0.2747747747747748,0.019995595073019946,0.047926997401343346,0.1461515622676769,-0.03660872798929812,-1.1170509272516504
G11,G11__mom_255_21__top10__monthly__long_only,long_only,mom_255_21,10,monthly,base,0.0,0.0,True,,False,True,0,0,2134.0,3.0996426154803975,0.18129403029045377,0.29587249428486734,0.7119122117357001,0.6177475791525774,0.8598749214207573,-0.3795379364074407,844.0,0.4776703799533531,0.7043286254849113,8.483628392438689,0.0,0.0,0.0,0.0,0.0,0.0,0.8811975576516257,0.16627809729421433,1.0,0.39215686274509803,0.0,0.8814556219076798,0.8814556219076798,0.0,0.8814556219076798,0.8814556219076798,0.0,2134.0,0.055681379144754496,0.030608681355393505,0.9950800054513876,0.05644375130429535,0.05632373854877357,0.22600994370424907,0.246366944003215,1.0,1.0,0.2549019607843137,-0.023312711918626244,-0.012649117598895976,0.10823694889008606,-0.05180012327668104,-0.6233945411247372
G11,G11__mom_255_21__top10__monthly__long_only,long_only,mom_255_21,10,monthly,base,5.0,0.0,True,,True,True,0,0,2134.0,2.954965409854865,0.17629281456608248,0.2958586123869211,0.6975846177009677,0.6034150039636011,0.8393987077169818,-0.3849611806558326,850.0,0.4579495892696095,0.7043286254849113,8.483628392438689,0.04490143241359266,0.0,0.0,0.0,0.0,0.0,0.8811975576516257,0.16627809729421433,1.0,0.39215686274509803,0.0,0.8814556219076798,0.8814556219076798,0.0,0.8814556219076798,0.8814556219076798,0.0,2134.0,0.051432554362125495,0.026245418517606242,0.9949965693384754,0.05220785526964688,0.052085550871054154,0.2260053648327743,0.22757227201301808,1.0,1.0,0.2549019607843137,-0.022840025579945633,-0.013875630443941911,0.10743623220231685,-0.05181290326304627,-0.6233945411247372
G11,G11__mom_255_21__top10__monthly__long_only,long_only,mom_255_21,10,monthly,base,10.0,0.0,True,,False,True,0,0,2134.0,2.8153390111932306,0.17131078279189205,0.2958502416241283,0.6832429513093043,0.5890701059089347,0.8189325306274554,-0.3903394247335944,1054.0,0.43887645453392565,0.7043286254849113,8.483628392438689,0.08798164057835525,0.0,0.0,0.0,0.0,0.0,0.8811975576516257,0.16627809729421433,1.0,0.39215686274509803,0.0,0.8814556219076798,0.8814556219076798,0.0,0.8814556219076798,0.8814556219076798,0.0,2134.0,0.047183729579496514,0.02189889253371797,0.9949131332255634,0.04797195923499843,0.04784736319333466,0.22600800098573517,0.20877017350582464,1.0,1.0,0.2549019607843137,-0.02237067679417265,-0.01510494185245781,0.10664096154596292,-0.05182560125500946,-0.6233945411247372
G11,G11__mom_255_21__top10__monthly__long_only,long_only,mom_255_21,10,monthly,base,20.0,0.0,True,,False,True,0,0,2134.0,2.5505469317914753,0.16140400684811707,0.29585003506719704,0.6545206006942005,0.5603465423116563,0.7780340998999656,-0.40096232403122556,1116.0,0.4025415785338163,0.7043286254849113,8.483628392438689,0.16895305016471482,0.0,0.0,0.0,0.0,0.0,0.8811975576516257,0.16627809729421433,1.0,0.39215686274509803,0.0,0.8814556219076798,0.8814556219076798,0.0,0.8814556219076798,0.8814556219076798,0.0,2134.0,0.0386860800142384,0.01325582058880458,0.9947462609997397,0.03950016716570126,0.039370987837895464,0.22603491666430348,0.17115090263551255,1.0,1.0,0.2549019607843137,-0.021441923633257448,-0.01757122086503704,0.10506662464163907,-0.05185074862741146,-0.6233945411247372
G11,G11__mom_255_21__top10__monthly__long_short,long_short,mom_255_21,10,monthly,base,0.0,0.0,True,,False,True,0,0,2134.0,0.8185424829543475,0.07317426147726769,0.1901147267746514,0.46705178579731715,0.32052486170960576,0.43895134491388915,-0.35688872598212995,1051.0,0.2050338274931432,0.7044751753300584,8.485393583263273,0.0,4.0,27.0,3.0,0.0,0.0,0.8811975576516257,0.16627809729421433,1.0,0.39215686274509803,0.0,0.000713795603964269,0.44329159409738095,0.4425777984934166,0.8858693925907976,0.000713795603964269,0.0,2134.0,-0.06616044000687368,-0.06371937711926678,0.04214351488484788,0.0822631222292741,0.05558961907453308,0.26431483326741106,-0.250309220973377,1.0,0.0,0.2549019607843137,0.015435325250813085,0.08166074487969766,0.07648397163243786,-0.04181802499230278,-0.9417602458897179
G11,G11__mom_255_21__top10__monthly__long_short,long_short,mom_255_21,10,monthly,base,0.0,0.01,True,,False,True,0,0,2134.0,0.7521316949305905,0.06847000212585042,0.19014891975727213,0.44389408661133223,0.2973888603313171,0.4068750640053607,-0.360865312922646,1053.0,0.18973838624530653,0.7046363220618009,8.487334593381693,0.0,4.0,27.0,3.0,0.0,0.0,0.8811975576516257,0.16627809729421433,1.0,0.39215686274509803,0.0,0.0007136160383258884,0.44338075372432484,0.44266713768599897,0.8860478914103238,0.0007136160383258884,0.037073065554033155,2134.0,-0.07054788159755786,-0.06782356320892809,0.042145647411074995,0.07787535019541385,0.05120184918696058,0.2643391313901467,-0.2668839881047878,1.0,0.0,0.2549019607843137,0.016015105647004813,0.08011928516913211,0.0795324216871991,-0.04183308721364545,-0.9422076953996115
G11,G11__mom_255_21__top10__monthly__long_short,long_short,mom_255_21,10,monthly,base,0.0,0.03,True,,False,True,0,0,2134.0,0.6281997454380128,0.0592541091937695,0.1902164204192555,0.3982554257504527,0.25179309277177997,0.34383955790527176,-0.3701067401882333,1310.0,0.16010005428064708,0.7049564206149991,8.491190175954983,0.0,4.0,27.0,3.0,0.0,0.0,0.8811975576516257,0.16627809729421433,1.0,0.39215686274509803,0.0,0.0007132611265481501,0.44355660643956907,0.44284334531302083,0.8863999517525899,0.0007132611265481501,0.10612150938622768,2134.0,-0.07919914115454596,-0.07586388087641979,0.0421498888640392,0.06922343340890566,0.04254993762054483,0.2643871005470093,-0.2995575086329296,1.0,0.0,0.2549019607843137,0.0171420432682544,0.07707951895977708,0.08389049826082501,-0.04186275745053131,-0.9430975254916447
G11,G11__mom_255_21__top10__monthly__long_short,long_short,mom_255_21,10,monthly,base,5.0,0.0,True,,False,True,0,0,2134.0,0.754353208549928,0.06862988723268093,0.1901096764226436,0.44473298325286686,0.29819787357156946,0.4079810590819523,-0.36070373554564483,1053.0,0.19026663843351366,0.7044751753300584,8.485393583263273,0.035520204425209145,4.0,27.0,3.0,0.0,0.0,0.8811975576516257,0.16627809729421433,1.0,0.39215686274509803,0.0,0.000713795603964269,0.44329159409738095,0.4425777984934166,0.8858693925907976,0.000713795603964269,0.0,2134.0,-0.07040581911266418,-0.06768407297627478,0.04205790292775478,0.07803100902692452,0.051355141396493366,0.2643231274187182,-0.26636268948624114,1.0,0.0,0.2549019607843137,0.01586600518087663,0.07966739491624006,0.07982716854096006,-0.0418068099362818,-0.9417602458897179
G11,G11__mom_255_21__top10__monthly__long_short,long_short,mom_255_21,10,monthly,base,5.0,0.01,True,,True,True,0,0,2134.0,0.6902726317344878,0.06394451517805866,0.19014387854379944,0.42157395240080875,0.27506055621497205,0.37596333475638233,-0.3653533868454092,1064.0,0.17502100016145544,0.7046363220618009,8.487334593381693,0.03488920425971493,4.0,27.0,3.0,0.0,0.0,0.8811975576516257,0.16627809729421433,1.0,0.39215686274509803,0.0,0.0007136160383258884,0.44338075372432484,0.44266713768599897,0.8860478914103238,0.0007136160383258884,0.036370025711118484,2134.0,-0.0747941562508148,-0.07177178102444443,0.04205999278665455,0.07364234805706496,0.04696648140478141,0.2643474366424872,-0.28293883686100973,1.0,0.0,0.2549019607843137,0.01644107102145606,0.07812658208455975,0.0821159489880322,-0.04182185608443617,-0.9422076953996132
G11,G11__mom_255_21__top10__monthly__long_short,long_short,mom_255_21,10,monthly,base,5.0,0.03,True,,False,True,0,0,2134.0,0.5706904517257023,0.05476562184293998,0.1902113968379663,0.3759326100705712,0.2294621377786439,0.3130429065240037,-0.37509055317120765,1343.0,0.14600640133408685,0.7049564206149991,8.491190175954983,0.03368972614633541,4.0,27.0,3.0,0.0,0.0,0.8811975576516257,0.16627809729421433,1.0,0.39215686274509803,0.0,0.0007132611265481501,0.44355660643956907,0.44284334531302083,0.8863999517525899,0.0007132611265481501,0.10413327395261411,2134.0,-0.0834471957748778,-0.07977981874734931,0.04206415231718714,0.06498866399767911,0.03831280032185247,0.2643954270997909,-0.3156151250051018,1.0,0.0,0.2549019607843137,0.01755881073929788,0.0750881076506876,0.08581055673377502,-0.04185149396756968,-0.9430975254916447
G11,G11__mom_255_21__top10__monthly__long_short,long_short,mom_255_21,10,monthly,base,10.0,0.0,True,,False,True,0,0,2134.0,0.6924063766021418,0.06410302975662563,0.19011278674877138,0.42239486258757997,0.27585784432741256,0.37705344750477804,-0.36541649197355397,1064.0,0.17542456666478237,0.7044751753300584,8.485393583263273,0.06976888213155348,4.0,27.0,3.0,0.0,0.0,0.8811975576516257,0.16627809729421433,1.0,0.39215686274509803,0.0,0.000713795603964269,0.44329159409738095,0.4425777984934166,0.8858693925907976,0.000713795603964269,0.0,2134.0,-0.07465119821845449,-0.07163348649606853,0.04197229097066172,0.07379889582457508,0.047120663718453824,0.26433729054861754,-0.2824088801981742,1.0,0.0,0.2549019607843137,0.016292897631746926,0.07767094436047206,0.0821855644272057,-0.041795698354932104,-0.9417602458897179
G11,G11__mom_255_21__top10__monthly__long_short,long_short,mom_255_21,10,monthly,base,10.0,0.01,True,,False,True,0,0,2134.0,0.6305750909752461,0.059436476162231466,0.19014700006157256,0.39923549529937546,0.2527202061372759,0.34509548254387595,-0.3703741641027155,1309.0,0.1604768418613238,0.7046363220618009,8.487334593381693,0.06853734698753512,4.0,27.0,3.0,0.0,0.0,0.8811975576516257,0.16627809729421433,1.0,0.39215686274509803,0.0,0.0007136160383258884,0.44338075372432484,0.44266713768599897,0.8860478914103238,0.0007136160383258884,0.03568429810673271,2134.0,-0.07904043090407135,-0.07570477655855203,0.041974338162234184,0.06940934591871646,0.042731113622602616,0.2643616128652669,-0.29898603676757973,1.0,0.0,0.2549019607843137,0.016863275850878066,0.0761310050208748,0.08408074609289068,-0.041810728771661726,-0.9422076953996132
G11,G11__mom_255_21__top10__monthly__long_short,long_short,mom_255_21,10,monthly,base,10.0,0.03,True,,False,True,0,0,2134.0,0.5151915844469164,0.050294447588273394,0.1902145400842334,0.35359343312214553,0.20712109830157147,0.28229248861121786,-0.3800370323034138,1357.0,0.13234091236698042,0.7049564206149991,8.491190175954983,0.06619604773658683,4.0,27.0,3.0,0.0,0.0,0.8811975576516257,0.16627809729421433,1.0,0.39215686274509803,0.0,0.0007132611265481501,0.44355660643956907,0.44284334531302083,0.8863999517525899,0.0007132611265481501,0.10219372447499515,2134.0,-0.0876952503952096,-0.08368065197307824,0.041978415770334995,0.0607538945864526,0.03407566302316013,0.26440962858674055,-0.3316643605754352,1.0,0.0,0.2549019607843137,0.017971870277193894,0.07309426917711337,0.0876839126516798,-0.041840334982467586,-0.9430975254916465
G11,G11__mom_255_21__top10__monthly__long_short,long_short,mom_255_21,10,monthly,base,20.0,0.0,True,,False,True,0,0,2134.0,0.5749325814836845,0.055101621463705674,0.19014348678281356,0.3776721855602324,0.2311501817237399,0.31533948975643405,-0.37542088521152395,1343.0,0.14677292509355117,0.7044751753300584,8.485393583263273,0.1346315325532662,4.0,27.0,3.0,0.0,0.0,0.8811975576516257,0.16627809729421433,1.0,0.39215686274509803,0.0,0.000713795603964269,0.44329159409738095,0.4425777984934166,0.8858693925907976,0.000713795603964269,0.0,2134.0,-0.08314195643003533,-0.07948667909099484,0.041801067056475516,0.06533466941987602,0.03865170836237452,0.2643832195804943,-0.3144751643540746,1.0,0.0,0.2549019607843137,0.017135405703215374,0.07367156270122821,0.08606637348688206,-0.041773790806817035,-0.9417602458897179
G11,G11__mom_255_21__top10__monthly__long_short,long_short,mom_255_21,10,monthly,base,20.0,0.01,True,,False,True,0,0,2134.0,0.517368147013989,0.05047249918263419,0.19017772863201768,0.354515131333879,0.20801488752079758,0.28350473720447217,-0.38030316751670123,1356.0,0.1327164838310679,0.7046363220618009,8.487334593381693,0.13228548757361472,4.0,27.0,3.0,0.0,0.0,0.8811975576516257,0.16627809729421433,1.0,0.39215686274509803,0.0,0.0007136160383258884,0.44338075372432484,0.44266713768599897,0.8860478914103238,0.0007136160383258884,0.03436291721138299,2134.0,-0.0875329802105851,-0.08352531256208319,0.041803028913393325,0.060943341642018846,0.034260378058244466,0.26440757405379456,-0.33105322539957294,1.0,0.0,0.2549019607843137,0.01769648898531069,0.07213404882044938,0.08786882425165965,-0.04178879079408812,-0.9422076953996115
G11,G11__mom_255_21__top10__monthly__long_short,long_short,mom_255_21,10,monthly,base,20.0,0.03,True,,False,True,0,0,2134.0,0.4099492986912201,0.04140379739125666,0.190245324388488,0.308877514894795,0.16242028583598156,0.22094386600282187,-0.38981904377581666,1359.0,0.10621286479546087,0.7049564206149991,8.491190175954983,0.12782438779866806,4.0,27.0,3.0,0.0,0.0,0.8811975576516257,0.16627809729421433,1.0,0.39215686274509803,0.0,0.0007132611265481501,0.44355660643956907,0.44284334531302083,0.8863999517525899,0.0007132611265481501,0.09845546162712554,2134.0,-0.09619135963587336,-0.09143721472628814,0.041806942676630855,0.052284355763999424,0.025601388425775348,0.26445565218573974,-0.36373342313104967,1.0,0.0,0.2549019607843137,0.01878694969362016,0.06910212790530786,0.10106440175151482,-0.04181833572076818,-0.9430975254916447
G11,G11__mom_255_21__top10__weekly__long_only,long_only,mom_255_21,10,weekly,base,0.0,0.0,True,,False,True,0,0,2134.0,2.0719929725768775,0.1417171538251405,0.28883932563833165,0.6040069751031863,0.5075566672278102,0.7026315171594355,-0.40042001694856955,1502.0,0.3539212522518394,0.3497176352233488,18.336085646612023,0.0,0.0,0.0,0.0,0.0,0.0,0.8782029958700078,0.165148629013548,1.0,0.41216216216216217,0.0,0.8783948748545614,0.8783948748545614,0.0,0.8783948748545614,0.8783948748545614,0.0,2134.0,0.019507104716309207,-0.003919786088103566,0.9122425803468069,0.03310545586806194,0.03068283259768486,0.23036635700161026,0.08467861787723133,1.0,1.0,0.2747747747747748,-0.0512710990111688,-0.09569413826634032,0.12796029060205705,-0.05733875230841495,-1.6721916304913158
G11,G11__mom_255_21__top10__weekly__long_only,long_only,mom_255_21,10,weekly,base,5.0,0.0,True,,False,True,0,0,2134.0,1.842490423585891,0.1312965245668034,0.2888689955883592,0.5722222326272457,0.4757795223980754,0.657781590973873,-0.40561715697496625,1513.0,0.3236956876922904,0.3497176352233488,18.336085646612023,0.07490560173694832,0.0,0.0,0.0,0.0,0.0,0.8782029958700078,0.165148629013548,1.0,0.41216216216216217,0.0,0.8783948748545614,0.8783948748545614,0.0,0.8783948748545614,0.8783948748545614,0.0,2134.0,0.010343398939017177,-0.013011164443911408,0.9122021989211471,0.023948007348655355,0.021524194365984527,0.23041001040493736,0.044891274128407106,1.0,1.0,0.2747747747747748,-0.0498149769897511,-0.09853471779941969,0.1320702554748281,-0.05734292120958917,-1.6721916304913158
G11,G11__mom_255_21__top10__weekly__long_only,long_only,mom_255_21,10,weekly,base,10.0,0.0,True,,True,True,0,0,2134.0,1.6300881200802855,0.12096871910227303,0.28890456119261093,0.5404329899484567,0.4439998575544302,0.6130461362282252,-0.41077040355826633,1531.0,0.29449229558505435,0.3497176352233488,18.336085646612023,0.14364285973862267,0.0,0.0,0.0,0.0,0.0,0.8782029958700078,0.165148629013548,1.0,0.41216216216216217,0.0,0.8783948748545614,0.8783948748545614,0.0,0.8783948748545614,0.8783948748545614,0.0,2134.0,0.0011796931617259335,-0.022021559568380974,0.912161817495487,0.014790558829249536,0.012365556134284961,0.23046105015828522,0.005118839651714235,1.0,1.0,0.2747747747747748,-0.048381433934617774,-0.1013742567900418,0.13604272632178416,-0.057347039504280384,-1.6721916304913158
G11,G11__mom_255_21__top10__weekly__long_only,long_only,mom_255_21,10,weekly,base,20.0,0.0,True,,False,True,0,0,2134.0,1.2515954053040987,0.10058835979675584,0.2889933702962219,0.4768488083973446,0.3804407647833685,0.5239261128218686,-0.43384726152436914,1755.0,0.2318520104133602,0.3497176352233488,18.336085646612023,0.2645572361671259,0.0,0.0,0.0,0.0,0.0,0.8782029958700078,0.165148629013548,1.0,0.41216216216216217,0.0,0.8783948748545614,0.8783948748545614,0.0,0.8783948748545614,0.8783948748545614,0.0,2134.0,-0.01714771839285768,-0.039802209170278734,0.9120810546441674,-0.0035243382095631955,-0.005951720329115265,0.2305852683857128,-0.07436606212055898,1.0,1.0,0.2747747747747748,-0.04558093856920076,-0.10704829430004598,0.1320485107398801,-0.0573551250092898,-1.6721916304913158
G11,G11__mom_255_21__top10__weekly__long_short,long_short,mom_255_21,10,weekly,base,0.0,0.0,True,,False,True,4,0,2134.0,0.40101463429194406,0.04062231947129713,0.18868192157291724,0.3059289378950404,0.15826552635310384,0.21351083714746077,-0.4382538943567209,1963.0,0.09269129149650455,0.35635670857715224,18.684179666954268,0.0,3.0,27.0,3.0,7.0,0.0,0.8782029958700078,0.165148629013548,1.0,0.41216216216216217,0.0,0.00047068791046601857,0.4394022949770129,0.4389316070665468,0.8783339020435598,0.00047068791046601857,0.0,2134.0,-0.09723060278654579,-0.09211900766517073,0.03206225864768217,0.052755089043948954,0.025806610690414455,0.2646923133947698,-0.36733444027720313,1.0,0.0,0.2747747747747748,0.013895426146458431,0.04910830563735574,0.10824954924825847,-0.03997948391866715,-2.2181825944279794
G11,G11__mom_255_21__top10__weekly__long_short,long_short,mom_255_21,10,weekly,base,0.0,0.01,True,,False,True,4,0,2134.0,0.3501532716133384,0.03608810813123009,0.1886918807452766,0.2827789872089947,0.1351175768424998,0.1821085326321672,-0.44723598356745886,1976.0,0.08069142344801229,0.3563770938322163,18.685248488612473,0.0,3.0,27.0,3.0,7.0,0.0,0.8782029958700078,0.165148629013548,1.0,0.41216216216216217,0.0,0.00047075698635536193,0.4394260496620041,0.43895529267564876,0.8783813423376529,0.00047075698635536193,0.03163202944428853,2134.0,-0.10159576372163397,-0.09607483699330702,0.03206068065117105,0.04839017262551545,0.021441582671150743,0.26469963224787224,-0.38381528096154216,1.0,0.0,0.2747747747747748,0.01445913129948689,0.047723524410943616,0.10753330016488305,-0.0399842470439363,-2.218513757243308
G11,G11__mom_255_21__top10__weekly__long_short,long_short,mom_255_21,10,weekly,base,0.0,0.03,True,,False,True,4,0,2134.0,0.2552475828098981,0.027208882714435,0.1887115686714354,0.2371584471742395,0.08950110456085242,0.12040061365646679,-0.4645214690498817,1994.0,0.058574004706579516,0.3564174907241217,18.68736654270878,0.0,3.0,27.0,3.0,7.0,0.0,0.8782029958700078,0.165148629013548,1.0,0.41216216216216217,0.0,0.000470893216979195,0.4394728739627109,0.4390019807457317,0.8784748547084426,0.000470893216979195,0.09062908245469417,2134.0,-0.1101993200634112,-0.10382143230625243,0.032057571090524636,0.03978709812217152,0.012838288211508717,0.26471409974949944,-0.4162956191895086,1.0,0.0,0.2747747747747748,0.015554093098959101,0.04499359452766972,0.10610156852902586,-0.0399935834560565,-2.219161673224516
G11,G11__mom_255_21__top10__weekly__long_short,long_short,mom_255_21,10,weekly,base,5.0,0.0,True,,False,True,4,0,2134.0,0.2944387437364968,0.03094498767704157,0.1887196783302037,0.25639767539761055,0.10875160012869638,0.14639098131516387,-0.45828035504206643,1988.0,0.06752414179787626,0.35635670857715224,18.684179666954268,0.0659769017177306,3.0,27.0,3.0,7.0,0.0,0.8782029958700078,0.165148629013548,1.0,0.41216216216216217,0.0,0.00047068791046601857,0.4394022949770129,0.4389316070665468,0.8783339020435598,0.00047068791046601857,0.0,2134.0,-0.10656657582769462,-0.10056190325575048,0.0320095232646206,0.043427287554104015,0.01647736690989475,0.2647265644291296,-0.40255338959843506,1.0,0.0,0.2747747747747748,0.014893971833257268,0.045272334492649474,0.10655706798382547,-0.0399891979675743,-2.2181825944279794
G11,G11__mom_255_21__top10__weekly__long_short,long_short,mom_255_21,10,weekly,base,5.0,0.01,True,,False,True,4,0,2134.0,0.24744078404734804,0.026452393851678968,0.18872966214813633,0.23325299279795256,0.08560896179249478,0.11512853913635837,-0.4669434279285788,1995.0,0.05665010420860873,0.3563770938322163,18.685248488612473,0.06482910065823445,3.0,27.0,3.0,7.0,0.0,0.8782029958700078,0.165148629013548,1.0,0.41216216216216217,0.0,0.00047075698635536193,0.4394260496620041,0.43895529267564876,0.8783813423376529,0.00047075698635536193,0.030373760905155523,2134.0,-0.11093210412754441,-0.10448142378112205,0.03200791130494738,0.039062009033632036,0.012111975849428002,0.26473390604963143,-0.419032475978907,1.0,0.0,0.2747747747747748,0.015446994372291767,0.04388757657357518,0.10582695914310303,-0.03999394576324167,-2.218513757243308
G11,G11__mom_255_21__top10__weekly__long_short,long_short,mom_255_21,10,weekly,base,5.0,0.03,True,,False,True,4,0,2134.0,0.1597446128272515,0.017654668089400527,0.1887493985033343,0.18764283599894327,0.040002957477466954,0.05369553992785671,-0.4836149431670139,1999.0,0.03650562981736397,0.3564174907241217,18.68736654270878,0.0626477450085256,3.0,27.0,3.0,7.0,0.0,0.8782029958700078,0.165148629013548,1.0,0.41216216216216217,0.0,0.000470893216979195,0.4394728739627109,0.4390019807457317,0.8784748547084426,0.000470893216979195,0.08707115250998661,2134.0,-0.11953639022508332,-0.11215691549977462,0.03200473482853832,0.030458215143382334,0.0035079601520279255,0.2647484183217999,-0.45150936493901034,1.0,0.0,0.2747747747747748,0.016521122478469825,0.041157703744026455,0.10437068613376532,-0.04000325198412949,-2.219161673224516
G11,G11__mom_255_21__top10__weekly__long_short,long_short,mom_255_21,10,weekly,base,10.0,0.0,True,,False,True,4,0,2134.0,0.19595021602601292,0.02135564204519902,0.1887659877049854,0.2068768545609596,0.05925478346890307,0.07958835071006432,-0.4775971005121996,1996.0,0.04471476485576678,0.35635670857715224,18.684179666954268,0.1269540263998264,3.0,27.0,3.0,7.0,0.0,0.8782029958700078,0.165148629013548,1.0,0.41216216216216217,0.0,0.00047068791046601857,0.4394022949770129,0.4389316070665468,0.8783339020435598,0.00047068791046601857,0.0,2134.0,-0.1159025488688435,-0.10892803616024402,0.031956787881559166,0.03409948606425899,0.0071481231293749675,0.26476691395112284,-0.43775314346957883,1.0,0.0,0.2747747747747748,0.01587196548378872,0.04143530070280737,0.10483751449800194,-0.0399991436169336,-2.2181825944279794
G11,G11__mom_255_21__top10__weekly__long_short,long_short,mom_255_21,10,weekly,base,10.0,0.01,True,,True,True,4,0,2134.0,0.1525229189321109,0.016904292334590787,0.1887759963915375,0.1837384984473801,0.036118514913268146,0.04846646503472115,-0.4859524201801432,1999.0,0.034785900085288896,0.3563770938322163,18.685248488612473,0.12477869740887589,3.0,27.0,3.0,7.0,0.0,0.8782029958700078,0.165148629013548,1.0,0.41216216216216217,0.0,0.00047075698635536193,0.4394260496620041,0.43895529267564876,0.8783813423376529,0.00047075698635536193,0.029182789239881025,2134.0,-0.12026844453345452,-0.11281157365206868,0.03195514195872376,0.029733845441748955,0.0027823690277055508,0.26477427865285447,-0.4542300904202952,1.0,0.0,0.2747747747747748,0.016414456532161788,0.04005078875519635,0.1040956080236195,-0.040003876116444015,-2.218513757243308
G11,G11__mom_255_21__top10__weekly__long_short,long_short,mom_255_21,10,weekly,base,10.0,0.03,True,,False,True,4,0,2134.0,0.07148994066764391,0.008187334988139616,0.1887957816216083,0.13814081036439138,-0.009474935557599295,-0.012690262845644661,-0.5020316433475828,2026.0,0.016308404254253544,0.3564174907241217,18.68736654270878,0.12064348546933855,3.0,27.0,3.0,7.0,0.0,0.8782029958700078,0.165148629013548,1.0,0.41216216216216217,0.0,0.000470893216979195,0.4394728739627109,0.4390019807457317,0.8784748547084426,0.000470893216979195,0.08370237612895154,2134.0,-0.128873460386756,-0.1204165997386292,0.03195189856655199,0.021129332164592573,-0.005822367907453453,0.26478883631945,-0.4867027710763411,1.0,0.0,0.2747747747747748,0.017468046086868617,0.037321411766099204,0.10261867788604129,-0.04001315221062712,-2.219161673224516
G11,G11__mom_255_21__top10__weekly__long_short,long_short,mom_255_21,10,weekly,base,20.0,0.0,True,,False,True,4,0,2134.0,0.020832726324916395,0.0024377887660633757,0.18888423798277412,0.10789342678800358,-0.039660673908980044,-0.05303809645666007,-0.5142005767536606,2027.0,0.004740929661055696,0.35635670857715224,18.684179666954268,0.23543655197821572,3.0,27.0,3.0,7.0,0.0,0.8782029958700078,0.165148629013548,1.0,0.41216216216216217,0.0,0.00047068791046601857,0.4394022949770129,0.4389316070665468,0.8783339020435598,0.00047068791046601857,0.0,2134.0,-0.1345744949511414,-0.125432736363707,0.031851317115435894,0.015443883084568934,-0.011510364431664628,0.264865896888278,-0.5080853991856329,1.0,0.0,0.2747747747747748,0.017767479888911877,0.03376392299424425,0.1013346192115987,-0.040019729124463166,-2.2181825944279794
G11,G11__mom_255_21__top10__weekly__long_short,long_short,mom_255_21,10,weekly,base,20.0,0.01,True,,False,True,4,0,2134.0,-0.016244626895372205,-0.0019321798482949681,0.18889429706287647,0.08477088804188947,-0.06278103796274237,-0.08387688268167243,-0.5220951869475934,2034.0,-0.0037008191161297097,0.3563770938322163,18.685248488612473,0.23152549291959743,3.0,27.0,3.0,7.0,0.0,0.8782029958700078,0.165148629013548,1.0,0.41216216216216217,0.0,0.00047075698635536193,0.4394260496620041,0.43895529267564876,0.8783813423376529,0.00047075698635536193,0.026986973117573386,2134.0,-0.13894112534527517,-0.12924527369626346,0.031849603266276706,0.011077518257982382,-0.015876844615739714,0.26487330868729003,-0.5245569137708374,1.0,0.0,0.2747747747747748,0.018289353878961433,0.03238056886629913,0.10045219630351088,-0.040024431141331335,-2.2185137572433042
G11,G11__mom_255_21__top10__weekly__long_short,long_short,mom_255_21,10,weekly,base,20.0,0.03,True,,False,True,4,0,2134.0,-0.08542811718073395,-0.010489768490247298,0.18891418135497826,0.039204372536363594,-0.10834314455351887,-0.14447718332543702,-0.5400941019576291,2034.0,-0.019422112650788085,0.3564174907241217,18.68736654270878,0.2240867819528056,3.0,27.0,3.0,7.0,0.0,0.8782029958700078,0.165148629013548,1.0,0.41216216216216217,0.0,0.000470893216979195,0.4394728739627109,0.4390019807457317,0.8784748547084426,0.000470893216979195,0.07748812201875305,2134.0,-0.14754760071010098,-0.13671126008044557,0.031846226042579404,0.0024715662070135345,-0.024483024026415723,0.26488795900126616,-0.5570189043941998,1.0,0.0,0.2747747747747748,0.019302737201676804,0.029653495729845325,0.09590233448252827,-0.04003364719407124,-2.219161673224516
G11,G11__mom_255_21__top20__monthly__long_only,long_only,mom_255_21,20,monthly,base,0.0,0.0,True,,False,True,0,0,2134.0,2.839516897680172,0.1721848664796104,0.2502488067921576,0.7606323218663849,0.6492983937559325,0.8999894013010701,-0.31519505375997636,787.0,0.5462803569586806,0.6451636944704007,7.77098763011583,0.0,1.0,0.0,0.0,0.0,0.0,0.8811975576516257,0.16627809729421433,1.0,0.39215686274509803,0.0,0.8816158472233419,0.8816158472233419,0.0,0.8816158472233419,0.8816158472233419,0.0,2134.0,0.035393468301267494,0.02266147848919826,0.9115101011903395,0.04910531992762787,0.04665246580359972,0.17977461150237875,0.19687690050048684,1.0,1.0,0.2549019607843137,-0.0346561342502012,-0.04064628902554146,0.08418380219317656,-0.04571085059117019,-0.33216969294517895
G11,G11__mom_255_21__top20__monthly__long_only,long_only,mom_255_21,20,monthly,base,5.0,0.0,True,,True,True,0,0,2134.0,2.7152179372291796,0.16763837800655823,0.25023335877668634,0.7451254986823171,0.6337839516178776,0.8779111535839856,-0.3201236145836379,788.0,0.5236676407786836,0.6451636944704007,7.77098763011583,0.044546285486945086,1.0,0.0,0.0,0.0,0.0,0.8811975576516257,0.16627809729421433,1.0,0.39215686274509803,0.0,0.8816158472233419,0.8816158472233419,0.0,0.8816158472233419,0.8816158472233419,0.0,2134.0,0.031501393592085904,0.018694938093784568,0.9114481914971996,0.04522283836453402,0.04276825121071424,0.17976578875815533,0.1752357543095463,1.0,1.0,0.2549019607843137,-0.03432200455377146,-0.04246808744463515,0.0836788476320659,-0.045720076785897734,-0.33216969294517895
G11,G11__mom_255_21__top20__monthly__long_only,long_only,mom_255_21,20,monthly,base,10.0,0.0,True,,False,True,0,0,2134.0,2.5949008137420555,0.16310791269038227,0.25022322708618916,0.7296012590924043,0.6182544575192738,0.8558452325735662,-0.32501864168321415,790.0,0.5018417154341523,0.6451636944704007,7.77098763011583,0.08741157760737103,1.0,0.0,0.0,0.0,0.0,0.8811975576516257,0.16627809729421433,1.0,0.39215686274509803,0.0,0.8816158472233419,0.8816158472233419,0.0,0.8816158472233419,0.8816158472233419,0.0,2134.0,0.027609318882904518,0.014742376948374563,0.9113862818040595,0.04134035680144036,0.038884036617828875,0.17976436704712598,0.15358616024090369,1.0,1.0,0.2549019607843137,-0.03398979809597402,-0.04429350214950745,0.08317664968476624,-0.04572883591194582,-0.33216969294517895
G11,G11__mom_255_21__top20__monthly__long_only,long_only,mom_255_21,20,monthly,base,20.0,0.0,True,,False,True,0,0,2134.0,2.3657112100962325,0.15409484813812835,0.25021891492443354,0.6985044762529989,0.5871542625646176,0.8117519015384959,-0.3351986750692676,850.0,0.4597119845604557,0.6451636944704007,7.77098763011583,0.16833303481352205,1.0,0.0,0.0,0.0,0.0,0.8811975576516257,0.16627809729421433,1.0,0.39215686274509803,0.0,0.8816158472233419,0.8816158472233419,0.0,0.8816158472233419,0.8816158472233419,0.0,2134.0,0.01982516946454147,0.006879014961448017,0.9112624624177794,0.03357539367525279,0.031115607432058056,0.17978372651294897,0.11027232469293355,1.0,1.0,0.2549019607843137,-0.03333112044215514,-0.0479539261441122,0.08211997702501622,-0.04574495074519613,-0.33216969294517895
G11,G11__mom_255_21__top20__monthly__long_short,long_short,mom_255_21,20,monthly,base,0.0,0.0,True,,False,True,0,0,2134.0,0.9103308953633229,0.07943272332657525,0.1588045476507454,0.5612046243288058,0.38581668121892115,0.5229046031212184,-0.32273331048448795,892.0,0.24612496059774763,0.6479568231556565,7.804630825863634,0.0,6.0,28.0,4.0,0.0,0.0,0.8811975576516257,0.16627809729421433,1.0,0.39215686274509803,0.0,0.0006846340985565221,0.44325465150516186,0.44257001740660534,0.885824668911767,0.0006846340985565221,0.0,2134.0,-0.06583201614730115,-0.05825924192139421,0.02134405231083974,0.08581450315580286,0.05856017711557924,0.24590521977794425,-0.2677129676496837,1.0,0.0,0.2549019607843137,0.009742380512782353,0.08479967628251234,0.09353220832623405,-0.036136809446043694,-0.6869574137330074
G11,G11__mom_255_21__top20__monthly__long_short,long_short,mom_255_21,20,monthly,base,0.0,0.01,True,,False,True,0,0,2134.0,0.8406450149640694,0.07470633226814116,0.15883344843666933,0.5334972911707171,0.3581336052636596,0.48484022434422736,-0.3251633182072975,903.0,0.22975018424591953,0.6481030915617705,7.806392626759019,0.0,6.0,28.0,4.0,0.0,0.0,0.8811975576516257,0.16627809729421433,1.0,0.39215686274509803,0.0,0.0006846341775715181,0.44334377600747965,0.4426591418299081,0.8860029178373877,0.0006846341775715181,0.0402756043307904,2134.0,-0.0702166481650768,-0.06238273660722211,0.021342116376915264,0.08143017111846665,0.054175733954987176,0.2459241746415256,-0.2855215363330139,1.0,0.0,0.2549019607843137,0.010349950764866556,0.0827864858426614,0.09531884829550269,-0.03615013556744548,-0.6873406300077551
G11,G11__mom_255_21__top20__monthly__long_short,long_short,mom_255_21,20,monthly,base,0.0,0.03,True,,False,True,0,0,2134.0,0.7105935147158406,0.06544703352662329,0.15889051830509984,0.4788927029693713,0.3035770356041846,0.4100727311297753,-0.33073573956358604,983.0,0.19788316077658333,0.648393121668693,7.809886035319628,0.0,6.0,28.0,4.0,0.0,0.0,0.8811975576516257,0.16627809729421433,1.0,0.39215686274509803,0.0,0.0006846339440870511,0.44351955907939666,0.44283492513530953,0.8863544842147062,0.0006846339440870511,0.11517533843682667,2134.0,-0.07886235286601004,-0.07046092325811493,0.021338332036936452,0.07278505281563073,0.045530397429074956,0.24596160439147427,-0.3206287138235289,1.0,0.0,0.2549019607843137,0.011531311981469089,0.078816393292098,0.10062479130646718,-0.03617637070777435,-0.6880964640038689
G11,G11__mom_255_21__top20__monthly__long_short,long_short,mom_255_21,20,monthly,base,5.0,0.0,True,,False,True,0,0,2134.0,0.8482233862438129,0.0752279046901001,0.15880439699689974,0.5366212225428619,0.3612264565478992,0.48906456843464646,-0.3246642316984739,903.0,0.2317098631301235,0.6479568231556565,7.804630825863634,0.03563816120042172,6.0,28.0,4.0,0.0,0.0,0.8811975576516257,0.16627809729421433,1.0,0.39215686274509803,0.0,0.0006846340985565221,0.44325465150516186,0.44257001740660534,0.885824668911767,0.0006846340985565221,0.0,2134.0,-0.06973605299168534,-0.06192769573488686,0.02127632045547987,0.08192096162403138,0.05466472835773774,0.24591526459311078,-0.28357756931872447,1.0,0.0,0.2549019607843137,0.0100704763601967,0.08199980921354832,0.0951871131636371,-0.03613125383438445,-0.6869574137330074
G11,G11__mom_255_21__top20__monthly__long_short,long_short,mom_255_21,20,monthly,base,5.0,0.01,True,,True,True,0,0,2134.0,0.7807898016238657,0.07051898144242097,0.1588333095973114,0.5089131887051676,0.33354271754595827,0.45107662459009296,-0.32708798264552374,906.0,0.21559636912385363,0.6481030915617705,7.806392626759019,0.03497416468806294,6.0,28.0,4.0,0.0,0.0,0.8811975576516257,0.16627809729421433,1.0,0.39215686274509803,0.0,0.0006846341775715181,0.44334377600747965,0.4426591418299081,0.8860029178373877,0.0006846341775715181,0.03956492462610875,2134.0,-0.07412149659358083,-0.06603595079624652,0.021274340551106146,0.07753582481596628,0.05027947922135688,0.24593423287848465,-0.30138747146357636,1.0,0.0,0.2549019607843137,0.01067404840148787,0.07998707557110457,0.09805101741169425,-0.036144569695553186,-0.6873406300077551
G11,G11__mom_255_21__top20__monthly__long_short,long_short,mom_255_21,20,monthly,base,5.0,0.03,True,,False,True,0,0,2134.0,0.6549429070505515,0.0612939050408805,0.1588904021961323,0.45430718491232336,0.2789848057655778,0.37645929409110607,-0.33423723482555756,992.0,0.18338443074084948,0.648393121668693,7.809886035319628,0.0337133561653956,6.0,28.0,4.0,0.0,0.0,0.8811975576516257,0.16627809729421433,1.0,0.39215686274509803,0.0,0.0006846339440870511,0.44351955907939666,0.44283492513530953,0.8863544842147062,0.0006846339440870511,0.11316701221873646,2134.0,-0.08276881132203195,-0.07408428049385488,0.021270470260096784,0.06888910980405663,0.04163254363057516,0.24597168861581742,-0.3364973090513208,1.0,0.0,0.2549019607843137,0.011847608081708705,0.07601789067535153,0.10196796412163273,-0.0361707845643334,-0.6880964640038689
G11,G11__mom_255_21__top20__monthly__long_short,long_short,mom_255_21,20,monthly,base,10.0,0.0,True,,False,True,0,0,2134.0,0.7881142296753303,0.07103799082239237,0.15881254345417403,0.5120110228619168,0.33661859914977893,0.45527582733866584,-0.32659051542577866,906.0,0.21751394320125794,0.6479568231556565,7.804630825863634,0.07006488512735139,6.0,28.0,4.0,0.0,0.0,0.8811975576516257,0.16627809729421433,1.0,0.39215686274509803,0.0,0.0006846340985565221,0.44325465150516186,0.44257001740660534,0.885824668911767,0.0006846340985565221,0.0,2134.0,-0.07364008983606941,-0.06558314602538712,0.021208588600120034,0.07802742009225998,0.050769279599896334,0.2459306668709785,-0.2994343518561794,1.0,0.0,0.2549019607843137,0.010395976819993269,0.07919406088637015,0.09779751114396823,-0.03612531649468467,-0.6869574137330074
G11,G11__mom_255_21__top20__monthly__long_short,long_short,mom_255_21,20,monthly,base,10.0,0.01,True,,False,True,0,0,2134.0,0.7228608993703283,0.06634647680630334,0.15884146983791908,0.4843037382476702,0.3089356470225654,0.41736578480558506,-0.3296128799000174,982.0,0.20128605662020382,0.6481030915617705,7.806392626759019,0.06876686074545729,6.0,28.0,4.0,0.0,0.0,0.8811975576516257,0.16627809729421433,1.0,0.39215686274509803,0.0,0.0006846341775715181,0.44334377600747965,0.4426591418299081,0.8860029178373877,0.0006846341775715181,0.03887038071617688,2134.0,-0.0780263450220849,-0.06967621256911026,0.021206564725296882,0.07364147851346586,0.046383224487726527,0.24594965041086306,-0.31724519588355005,1.0,0.0,0.2549019607843137,0.010995570595590046,0.07718219112602998,0.10042255420285129,-0.036138622315054714,-0.6873406300077551
G11,G11__mom_255_21__top20__monthly__long_short,long_short,mom_255_21,20,monthly,base,10.0,0.03,True,,False,True,0,0,2134.0,0.6010840828396748,0.05715550797643121,0.15889858908530446,0.4296991764894424,0.25437925079462465,0.3429014866961096,-0.3380699471338422,1177.0,0.16906414918272308,0.648393121668693,7.809886035319628,0.06630191454828432,6.0,28.0,4.0,0.0,0.0,0.8811975576516257,0.16627809729421433,1.0,0.39215686274509803,0.0,0.0006846339440870511,0.44351955907939666,0.44283492513530953,0.8863544842147062,0.0006846339440870511,0.11120403532559095,2134.0,-0.08667526977805405,-0.07769478544194874,0.0212026084832571,0.06499316679248238,0.03773468983207519,0.24598713577476272,-0.3523569210441068,1.0,0.0,0.2549019607843137,0.012161367716757805,0.07321471628611073,0.10294077215938519,-0.03616481734464633,-0.6880964640038689
G11,G11__mom_255_21__top20__monthly__long_short,long_short,mom_255_21,20,monthly,base,20.0,0.0,True,,False,True,0,0,2134.0,0.6736384653044616,0.06270268674856494,0.1588537212959945,0.46272569838978955,0.28736544603305897,0.3878669840993165,-0.33250385252600645,987.0,0.1885773240587061,0.6479568231556565,7.804630825863634,0.13544459867643605,6.0,28.0,4.0,0.0,0.0,0.8811975576516257,0.16627809729421433,1.0,0.39215686274509803,0.0,0.0006846340985565221,0.44325465150516186,0.44257001740660534,0.885824668911767,0.0006846340985565221,0.0,2134.0,-0.08144816352483764,-0.07285520236356317,0.021073124889400278,0.07024033702871715,0.04297838208421351,0.2459775394391628,-0.33112032793946244,1.0,0.0,0.2549019607843137,0.011039245032827438,0.07356974751678377,0.10165110388112197,-0.0361123009969366,-0.6869574137330074
G11,G11__mom_255_21__top20__monthly__long_short,long_short,mom_255_21,20,monthly,base,20.0,0.01,True,,False,True,0,0,2134.0,0.6125385686535905,0.058045816164846276,0.15888268114364343,0.43502425989250626,0.25968841530731995,0.3501172079119899,-0.3371632820737773,1170.0,0.17215936387801806,0.6481030915617705,7.806392626759019,0.13296400858693727,6.0,28.0,4.0,0.0,0.0,0.8811975576516257,0.16627809729421433,1.0,0.39215686274509803,0.0,0.0006846341775715181,0.44334377600747965,0.4426591418299081,0.8860029178373877,0.0006846341775715181,0.03752810214505064,2134.0,-0.08583604187909313,-0.07691804457597058,0.02107101307367862,0.06585278590846493,0.03859071502046577,0.2459965589809572,-0.3489318803265772,1.0,0.0,0.2549019607843137,0.011630941783840276,0.07156082463804106,0.10254665511018335,-0.03612558740109967,-0.6873406300077551
G11,G11__mom_255_21__top20__monthly__long_short,long_short,mom_255_21,20,monthly,base,20.0,0.03,True,,False,True,0,0,2134.0,0.49851522884592003,0.04892271955788208,0.15893986542464064,0.3804311511256101,0.20514361910520798,0.2759677301320649,-0.3478330455026327,1217.0,0.14065000491022003,0.648393121668693,7.809886035319628,0.1282524676013986,6.0,28.0,4.0,0.0,0.0,0.8811975576516257,0.16627809729421433,1.0,0.39215686274509803,0.0,0.0006846339440870511,0.44351955907939666,0.44283492513530953,0.8863544842147062,0.0006846339440870511,0.10740965107505036,2134.0,-0.09448818669009806,-0.0848774029769183,0.021066884929577763,0.057201280769334,0.02993898223507541,0.24603411450524554,-0.384045061718803,1.0,0.0,0.2549019607843137,0.012781330076286075,0.06759917290210637,0.10267246678096759,-0.03615174406333707,-0.6880964640038689
G11,G11__mom_255_21__top20__weekly__long_only,long_only,mom_255_21,20,weekly,base,0.0,0.0,True,,False,True,0,0,2134.0,2.602353839163431,0.16339240801192068,0.2439898007487673,0.7428934048447832,0.6287064633514132,0.8694451403177557,-0.2899058816280853,592.0,0.5636050124072118,0.3192136151635089,16.736725854458616,0.0,0.0,0.0,0.0,0.0,0.0,0.8782029958700078,0.165148629013548,1.0,0.41216216216216217,0.0,0.8784053735066761,0.8784053735066761,0.0,0.8784053735066761,0.8784053735066761,0.0,2134.0,0.02630455117230826,0.014990582171344854,0.8355753417633627,0.05178278708153114,0.047214197392975166,0.18659491985364893,0.1409714219065534,1.0,1.0,0.2747747747747748,-0.05076141029437542,-0.08185174392820616,0.1006710694142568,-0.05190323308828737,-1.1238378518871635
G11,G11__mom_255_21__top20__weekly__long_only,long_only,mom_255_21,20,weekly,base,5.0,0.0,True,,False,True,0,0,2134.0,2.355884135289954,0.15369641554830493,0.24398835565243238,0.7085788468627756,0.5943893111155906,0.8208235790386402,-0.29168796835387434,595.0,0.5269206557119327,0.3192136151635089,16.736725854458616,0.09212626504593102,0.0,0.0,0.0,0.0,0.0,0.8782029958700078,0.165148629013548,1.0,0.41216216216216217,0.0,0.8784053735066761,0.8784053735066761,0.0,0.8784053735066761,0.8784053735066761,0.0,2134.0,0.017931125042801612,0.0065314062582142885,0.8354864099765179,0.04342314127590874,0.03885205453959932,0.18661057927688224,0.09608846996930664,1.0,1.0,0.2747747747747748,-0.049661835126132564,-0.0859565557655515,0.10790055951802524,-0.05191391383181443,-1.12383785188716
G11,G11__mom_255_21__top20__weekly__long_only,long_only,mom_255_21,20,weekly,base,10.0,0.0,True,,True,True,0,0,2134.0,2.1262351920745775,0.1440793965699152,0.24399235190323632,0.6742488454387354,0.5600592666382843,0.7723233286100826,-0.2934658729402323,613.0,0.4909579268157651,0.3192136151635089,16.736725854458616,0.17699239545149797,0.0,0.0,0.0,0.0,0.0,0.8782029958700078,0.165148629013548,1.0,0.41216216216216217,0.0,0.8784053735066761,0.8784053735066761,0.0,0.8784053735066761,0.8784053735066761,0.0,2134.0,0.009557698913295042,-0.001858869992865691,0.8353974781896728,0.035063495470286477,0.03048991168622354,0.18663335111832952,0.051211098423857036,1.0,1.0,0.2747747747747748,-0.0485770887089185,-0.09006486945278502,0.1150028052043966,-0.05192427576814346,-1.12383785188716
G11,G11__mom_255_21__top20__weekly__long_only,long_only,mom_255_21,20,weekly,base,20.0,0.0,True,,False,True,0,0,2134.0,1.7128970783115864,0.12507977039938534,0.24401666701289712,0.6055517072520964,0.4913696954656541,0.6756959999716085,-0.2970091722317889,1223.0,0.4211310023172343,0.3192136151635089,16.736725854458616,0.3270683297822978,0.0,0.0,0.0,0.0,0.0,0.8782029958700078,0.165148629013548,1.0,0.41216216216216217,0.0,0.8784053735066761,0.8784053735066761,0.0,0.8784053735066761,0.8784053735066761,0.0,2134.0,-0.007189153345717534,-0.018434912173524328,0.835219614615983,0.018344203859042462,0.013765625979472444,0.18670022083298812,-0.03850639979771937,1.0,1.0,0.2747747747747748,-0.046451412596719255,-0.09828909783221895,0.1288330605803346,-0.05194404140441897,-1.1238378518871635
G11,G11__mom_255_21__top20__weekly__long_short,long_short,mom_255_21,20,weekly,base,0.0,0.0,True,,False,True,5,0,2134.0,0.715219382483516,0.06578686772107512,0.1566754104115923,0.48540513152248926,0.3076243501017585,0.41548372244144893,-0.38273702305085233,1161.0,0.1718852991975494,0.31870125116567954,16.70986203862491,0.0,5.0,28.0,4.0,8.0,1.0,0.8782029958700078,0.165148629013548,1.0,0.41216216216216217,0.0,0.000553074957212615,0.4393321547310179,0.43877907977380526,0.8781112345048232,0.000553074957212615,0.0,2134.0,-0.07890281445616472,-0.07016443816461125,0.006013135320964341,0.07511928965253827,0.04744052682854043,0.24683338182053108,-0.3196602253480196,1.0,0.0,0.2747747747747748,0.007346283666180016,0.05997122161017798,0.11789095529209248,-0.03524076589460709,-1.6159146347425484
G11,G11__mom_255_21__top20__weekly__long_short,long_short,mom_255_21,20,weekly,base,0.0,0.01,True,,False,True,5,0,2134.0,0.6529908757838745,0.06114600389425662,0.1566834034674736,0.4575312916731193,0.279750722313183,0.37740372993247,-0.386008687732484,1208.0,0.15840577126241442,0.3187196490068216,16.710826657954666,0.0,5.0,28.0,4.0,8.0,1.0,0.8782029958700078,0.165148629013548,1.0,0.41216216216216217,0.0,0.000553149711407833,0.43935604377837867,0.4388028940669708,0.8781589378453494,0.000553149711407833,0.03883784375106555,2134.0,-0.08326630268112997,-0.07421331543501501,0.006010945557563296,0.07075614073987029,0.043077247820376995,0.24683878208261026,-0.33733071431726236,1.0,0.0,0.2747747747747748,0.007957788896180616,0.05803086542624869,0.11791555362876904,-0.0352452474994602,-1.616203960477577
G11,G11__mom_255_21__top20__weekly__long_short,long_short,mom_255_21,20,weekly,base,0.0,0.03,True,,False,True,5,0,2134.0,0.536870248694495,0.052057876749529663,0.15669922656517074,0.4026011664965149,0.22482123161694462,0.3026149238679941,-0.392406494172432,1502.0,0.13266313764586754,0.3187561852370387,16.712742293252944,0.0,5.0,28.0,4.0,8.0,1.0,0.8782029958700078,0.165148629013548,1.0,0.41216216216216217,0.0,0.0005532971290451268,0.43940313310657964,0.4388498359775345,0.8782529690841141,0.0005532971290451268,0.11114424666882564,2134.0,-0.09186657124910425,-0.08214216506300705,0.006006629574723407,0.062156540950108204,0.034477391604216645,0.24684947006917296,-0.37215624252043605,1.0,0.0,0.2747747747747748,0.00914609837846126,0.054205526601488224,0.11795132058549107,-0.035254016711074865,-1.6167834665401486
G11,G11__mom_255_21__top20__weekly__long_short,long_short,mom_255_21,20,weekly,base,5.0,0.0,True,,False,True,5,0,2134.0,0.5980477629827681,0.05691856609354007,0.15670909886370854,0.43200622381590115,0.2542470953066625,0.34260631367653316,-0.38932399281317953,1220.0,0.14619845461425987,0.31870125116567954,16.70986203862491,0.07253090294140896,5.0,28.0,4.0,8.0,1.0,0.8782029958700078,0.165148629013548,1.0,0.41216216216216217,0.0,0.000553074957212615,0.4393321547310179,0.43877907977380526,0.8781112345048232,0.000553074957212615,0.0,2134.0,-0.08725455661564022,-0.07790150312207127,0.005987583301137271,0.06677150687723356,0.03909202008576852,0.24685857812085105,-0.3534596904828815,1.0,0.0,0.2747747747747748,0.00813302513801007,0.054359574370114905,0.11784538125987609,-0.03525201633968797,-1.6159146347425484
G11,G11__mom_255_21__top20__weekly__long_short,long_short,mom_255_21,20,weekly,base,5.0,0.01,True,,False,True,5,0,2134.0,0.5400639750661822,0.052315810774038685,0.15671712567756527,0.40413889357774224,0.22638006639643976,0.3047050133202523,-0.3925612661692581,1502.0,0.13326788779889967,0.3187196490068216,16.710826657954666,0.07120441219844696,5.0,28.0,4.0,8.0,1.0,0.8782029958700078,0.165148629013548,1.0,0.41216216216216217,0.0,0.000553149711407833,0.43935604377837867,0.4388028940669708,0.8781589378453494,0.000553149711407833,0.0374222506366068,2134.0,-0.09161837687732846,-0.08191713298965525,0.005985352039844159,0.06240803235810129,0.03472841432175731,0.2468640065430116,-0.3711289392095547,1.0,0.0,0.2747747747747748,0.008735381449405187,0.052418987568248754,0.11786192007155005,-0.03525647508335933,-1.616203960477577
G11,G11__mom_255_21__top20__weekly__long_short,long_short,mom_255_21,20,weekly,base,5.0,0.03,True,,False,True,5,0,2134.0,0.43186471120529424,0.04330230985549122,0.1567330151128168,0.34922160818266296,0.17146359105219414,0.2302672381410688,-0.39889181453724043,1513.0,0.1085565265502547,0.3187561852370387,16.712742293252944,0.06868491895798007,5.0,28.0,4.0,8.0,1.0,0.8782029958700078,0.165148629013548,1.0,0.41216216216216217,0.0,0.0005532971290451268,0.43940313310657964,0.4388498359775345,0.8782529690841141,0.0005532971290451268,0.10714331420783295,2134.0,-0.10021930706032817,-0.08978087568018192,0.005980954300049762,0.05380778362186965,0.026127906894728173,0.24687474990891223,-0.405952034775956,1.0,0.0,0.2747747747747748,0.00990585911463552,0.04859325963785244,0.11788208299078407,-0.035265199180044726,-1.6167834665401486
G11,G11__mom_255_21__top20__weekly__long_short,long_short,mom_255_21,20,weekly,base,10.0,0.0,True,,False,True,5,0,2134.0,0.48886088300019526,0.04812242779743925,0.1567509130567661,0.3786106423299489,0.2008823935560984,0.27007921571663335,-0.39584200858988905,1512.0,0.12156978479587383,0.31870125116567954,16.70986203862491,0.1399357953046812,5.0,28.0,4.0,8.0,1.0,0.8782029958700078,0.165148629013548,1.0,0.41216216216216217,0.0,0.000553074957212615,0.4393321547310179,0.43877907977380526,0.8781112345048232,0.000553074957212615,0.0,2134.0,-0.09560629877511548,-0.08557560987103582,0.005962031281310335,0.058423724101929086,0.030743513342996864,0.24688893543688048,-0.3872441614523392,1.0,0.0,0.2747747747747748,0.008905774797203447,0.04874443084406002,0.11778470006495123,-0.0352629810231368,-1.6159146347425448
G11,G11__mom_255_21__top20__weekly__long_short,long_short,mom_255_21,20,weekly,base,10.0,0.01,True,,True,True,5,0,2134.0,0.4348329834271425,0.04355747501750162,0.1567589738492839,0.3507512854267649,0.1730234278225139,0.23235748496405967,-0.39904524517362605,1513.0,0.10915422635483253,0.3187196490068216,16.710826657954666,0.1374085181731381,5.0,28.0,4.0,8.0,1.0,0.8782029958700078,0.165148629013548,1.0,0.41216216216216217,0.0,0.000553149711407833,0.43935604377837867,0.4388028940669708,0.8781589378453494,0.000553149711407833,0.03607473934684573,2134.0,-0.0999704510735267,-0.08955825927444053,0.005959758522125168,0.054059923976332476,0.02637958082313782,0.246894392313932,-0.40491179300019076,1.0,0.0,0.2747747747747748,0.009499092072315522,0.04680401789303959,0.11779336094744741,-0.03526741690940341,-1.616203960477577
G11,G11__mom_255_21__top20__weekly__long_short,long_short,mom_255_21,20,weekly,base,10.0,0.03,True,,False,True,5,0,2134.0,0.33401603786457623,0.034618001171923485,0.15677493006682292,0.29584972394516007,0.11812285307543142,0.15827244247728764,-0.4082874152387088,1531.0,0.08478831303601109,0.3187561852370387,16.712742293252944,0.13260722243965464,5.0,28.0,4.0,8.0,1.0,0.8782029958700078,0.165148629013548,1.0,0.41216216216216217,0.0,0.0005532971290451268,0.43940313310657964,0.4388498359775345,0.8782529690841141,0.0005532971290451268,0.10333369140446466,2134.0,-0.10857204287155232,-0.0973574177529919,0.005955279025375998,0.04545902629363088,0.01777842218523944,0.24690519164775657,-0.4397317129987487,1.0,0.0,0.2747747747747748,0.010651952341474386,0.04297869793526342,0.1148200866914747,-0.035276095909228394,-1.6167834665401486
G11,G11__mom_255_21__top20__weekly__long_short,long_short,mom_255_21,20,weekly,base,20.0,0.0,True,,False,True,5,0,2134.0,0.29230698607463723,0.03074434951573135,0.1568588914097543,0.27186268611245273,0.09422381523837085,0.12610719055716607,-0.4149133672921479,1532.0,0.0740982381849455,0.31870125116567954,16.70986203862491,0.2607918246192126,5.0,28.0,4.0,8.0,1.0,0.8782029958700078,0.165148629013548,1.0,0.41216216216216217,0.0,0.000553074957212615,0.4393321547310179,0.43877907977380526,0.8781112345048232,0.000553074957212615,0.0,2134.0,-0.11230978309406632,-0.10073694810111126,0.005910927241656261,0.041728158551319824,0.014046499857453223,0.24696512517971142,-0.4547596872730141,1.0,0.0,0.2747747747747748,0.010410007749367851,0.037513477534660555,0.11177885222925488,-0.03528405355906852,-1.6159146347425448
G11,G11__mom_255_21__top20__weekly__long_short,long_short,mom_255_21,20,weekly,base,20.0,0.01,True,,False,True,5,0,2134.0,0.24540146483603698,0.026254093497414255,0.15686702080116677,0.24402365131891124,0.06638535284642869,0.08874719851328336,-0.42141732026830814,1535.0,0.06229951222863547,0.3187196490068216,16.710826657954666,0.2562009917272051,5.0,28.0,4.0,8.0,1.0,0.8782029958700078,0.165148629013548,1.0,0.41216216216216217,0.0,0.000553149711407833,0.43935604377837867,0.4388028940669708,0.8781589378453494,0.000553149711407833,0.03356963488019281,2134.0,-0.11667459946592336,-0.10465442902907982,0.005908571486686951,0.037363707212794764,0.009681913825898739,0.24697063984354303,-0.47242295497083064,1.0,0.0,0.2747747747747748,0.010985571903924955,0.03557462185380349,0.10961708320797825,-0.03528844375784734,-1.616203960477577
G11,G11__mom_255_21__top20__weekly__long_short,long_short,mom_255_21,20,weekly,base,20.0,0.03,True,,False,True,5,0,2134.0,0.15787590995332734,0.017460895108816876,0.15688311187720552,0.18916215903832234,0.01152520366353167,0.015372768892513709,-0.43402569210741726,1562.0,0.04023009565179259,0.3187561852370387,16.712742293252944,0.24747542113128573,5.0,28.0,4.0,8.0,1.0,0.8782029958700078,0.165148629013548,1.0,0.41216216216216217,0.0,0.0005532971290451268,0.43940313310657964,0.4388498359775345,0.8782529690841141,0.0005532971290451268,0.09624824272511404,2134.0,-0.12527751449400082,-0.1123259708838545,0.005903928476028583,0.028761511637153164,0.0010794527662618416,0.2469815528643452,-0.5072342976271171,1.0,0.0,0.2747747747747748,0.012103831476672176,0.03175250140890827,0.10980379992325218,-0.03529703264962039,-1.6167834665401486
G11,G11__mom_255_21__top50__monthly__long_only,long_only,mom_255_21,50,monthly,base,0.0,0.0,True,,False,True,0,0,2134.0,1.8628312059151013,0.13224950677149594,0.19883313874498915,0.7245340358092802,0.5843891259201652,0.8054943760851141,-0.2629136435956768,411.0,0.503015001286417,0.6122878131997805,7.374998102383861,0.0,6.0,7.0,4.0,0.0,0.0,0.8811975576516257,0.16627809729421433,1.0,0.39215686274509803,0.0,0.8812909936271931,0.8812909936271931,0.0,0.8812909936271931,0.8812909936271931,0.0,2134.0,-0.010892486185810141,-0.012179744231713231,0.8049650833172836,0.019328927506449822,0.013899782067289772,0.1306734205179659,-0.0833565551635083,1.0,1.0,0.2549019607843137,-0.031538061614523966,-0.05296837719196956,0.08758075438789109,-0.040615018551248744,-0.2758609941511345
G11,G11__mom_255_21__top50__monthly__long_only,long_only,mom_255_21,50,monthly,base,5.0,0.0,True,,True,True,0,0,2134.0,1.774801655674184,0.12808134430120877,0.19881161240065964,0.706032494113478,0.565871813376049,0.7793391232564439,-0.2632003570317134,411.0,0.48663058722893776,0.6122878131997805,7.374998102383861,0.042122896797693495,6.0,7.0,4.0,0.0,0.0,0.8811975576516257,0.16627809729421433,1.0,0.39215686274509803,0.0,0.8812909936271931,0.8812909936271931,0.0,0.8812909936271931,0.8812909936271931,0.0,2134.0,-0.01458640409138388,-0.015816217723516608,0.8048989513110436,0.01564525701068797,0.010214252070645437,0.13065930225754477,-0.11163693544476744,1.0,1.0,0.2549019607843137,-0.03126198904624222,-0.05551313203305419,0.08751190537620318,-0.04062797697256185,-0.27586099415113274
G11,G11__mom_255_21__top50__monthly__long_only,long_only,mom_255_21,50,monthly,base,10.0,0.0,True,,False,True,0,0,2134.0,1.6894513859513873,0.12392716651816738,0.1987959211905688,0.6875067649168143,0.5473344276081398,0.7532023279154377,-0.26348707046774933,418.0,0.4703349059905237,0.6122878131997805,7.374998102383861,0.0827826367853842,6.0,7.0,4.0,0.0,0.0,0.8811975576516257,0.16627809729421433,1.0,0.39215686274509803,0.0,0.8812909936271931,0.8812909936271931,0.0,0.8812909936271931,0.8812909936271931,0.0,2134.0,-0.01828032199695776,-0.01944049040865273,0.8048328193048038,0.011961586514925958,0.006528722074001023,0.1306540646037559,-0.13991391735418127,1.0,1.0,0.2549019607843137,-0.030987403872831915,-0.05806369036392356,0.08744305636451527,-0.040640289732300106,-0.27586099415113274
G11,G11__mom_255_21__top50__monthly__long_only,long_only,mom_255_21,50,monthly,base,20.0,0.0,True,,False,True,0,0,2134.0,1.526468257627748,0.11566059545885365,0.19878204918652068,0.6503892347136795,0.5102059383311488,0.7009908246682897,-0.26406049733982107,421.0,0.4380079437251431,0.6122878131997805,7.374998102383861,0.15990170905859624,6.0,7.0,4.0,0.0,0.0,0.8811975576516257,0.16627809729421433,1.0,0.39215686274509803,0.0,0.8812909936271931,0.8812909936271931,0.0,0.8812909936271931,0.8812909936271931,0.0,2134.0,-0.02566815780810551,-0.0266525812855316,0.804700555292324,0.004594245523402011,-0.0008423379192878909,0.13067023357697968,-0.19643462099563813,1.0,1.0,0.2549019607843137,-0.030442670547176753,-0.06317987125086133,0.08730535834114095,-0.04066297379487194,-0.2758609941511345
G11,G11__mom_255_21__top50__monthly__long_short,long_short,mom_255_21,50,monthly,base,0.0,0.0,True,,False,True,0,0,2134.0,0.5768967431294021,0.055256923432969174,0.11897168167153445,0.5119241934347002,0.2777549884871758,0.3709000716036446,-0.24289673163580283,1177.0,0.22749142428075528,0.590615738505156,7.11395826735545,0.0,15.0,39.0,10.0,0.0,0.0,0.8811975576516257,0.16627809729421433,1.0,0.39215686274509803,0.0,-0.00022996402555070997,0.442579810876168,0.44280977490171874,0.8853895857778866,-0.00022996402555070997,0.0,2134.0,-0.09404938047207348,-0.07935118737288589,0.003560583044595811,0.06035275608521205,0.03259314104705944,0.22519860738358674,-0.4176286059881209,1.0,0.0,0.2549019607843137,0.009975109946397172,0.09203866890147377,0.08547477109091078,-0.02869881674350365,-0.5140422022648856
G11,G11__mom_255_21__top50__monthly__long_short,long_short,mom_255_21,50,monthly,base,0.0,0.01,True,,False,True,0,0,2134.0,0.5192787269909467,0.050628606788767794,0.11899284935987373,0.4749078683280161,0.2407695989902858,0.32103922261403894,-0.24820101166264796,1189.0,0.2039822740834821,0.5907510986746014,7.115588678693512,0.0,15.0,39.0,10.0,0.0,0.0,0.8811975576516257,0.16627809729421433,1.0,0.39215686274509803,0.0,-0.00023008636370592923,0.4426688356342313,0.44289892199793723,0.8855677576321686,-0.00023008636370592923,0.040844165518004544,2134.0,-0.09844322221756929,-0.08338911797379334,0.003557195657873538,0.05595943922837315,0.028199665573617805,0.22521034476628632,-0.4371167866188806,1.0,0.0,0.2549019607843137,0.010564928897122593,0.0889558414988024,0.08453276313804525,-0.02870916974023116,-0.5143880287590594
G11,G11__mom_255_21__top50__monthly__long_short,long_short,mom_255_21,50,monthly,base,0.0,0.03,True,,False,True,0,0,2134.0,0.41175888552670403,0.04156154237517673,0.11903468665314391,0.40195656643189154,0.1678797641506048,0.22320095968976203,-0.26468571471481084,1452.0,0.15702223453939618,0.5910201064148873,7.118828873143516,0.0,15.0,39.0,10.0,0.0,0.0,0.8811975576516257,0.16627809729421433,1.0,0.39215686274509803,0.0,-0.00023032783941034492,0.4428444219957762,0.4430747498351866,0.8859191718309627,-0.00023032783941034492,0.11692309330165963,2134.0,-0.10710708871994983,-0.09129959162340336,0.0035505474514149963,0.0472966028912631,0.019536517304205026,0.2252335397382357,-0.4755379187505941,1.0,0.0,0.2549019607843137,0.011711706539287828,0.0828767772369782,0.08512671767897928,-0.028729515037197076,-0.5150848202445806
G11,G11__mom_255_21__top50__monthly__long_short,long_short,mom_255_21,50,monthly,base,5.0,0.0,True,,False,True,0,0,2134.0,0.5300993609018263,0.05150947429851782,0.11896744662866852,0.48202913986949664,0.24784308267064678,0.33055202249245447,-0.24657905398136026,1189.0,0.20889639029279264,0.590615738505156,7.11395826735545,0.03303045665078371,15.0,39.0,10.0,0.0,0.0,0.8811975576516257,0.16627809729421433,1.0,0.39215686274509803,0.0,-0.00022996402555070997,0.442579810876168,0.44280977490171874,0.8853895857778866,-0.00022996402555070997,0.0,2134.0,-0.09760808668245632,-0.08262061353764462,0.0034851217653241373,0.05680574289153312,0.029044002194547006,0.2252087085602641,-0.4334116886796017,1.0,0.0,0.2549019607843137,0.01020744128671422,0.08796730917058257,0.08473440417721834,-0.028692388929729376,-0.5140422022648856
G11,G11__mom_255_21__top50__monthly__long_short,long_short,mom_255_21,50,monthly,base,5.0,0.01,True,,True,True,0,0,2134.0,0.47418108784225943,0.046896740112648105,0.11898862647542681,0.4450104485227189,0.2108554115164294,0.28080784502502476,-0.2550047162975111,1432.0,0.18390538337312246,0.5907510986746014,7.115588678693512,0.03243381488620213,15.0,39.0,10.0,0.0,0.0,0.8811975576516257,0.16627809729421433,1.0,0.39215686274509803,0.0,-0.00023008636370592923,0.4426688356342313,0.44289892199793723,0.8855677576321686,-0.00023008636370592923,0.04020114690467233,2134.0,-0.10200268061641173,-0.0866449493717744,0.0034816919398218973,0.05241168042228753,0.024649779937483733,0.22522045838056645,-0.4529014875018708,1.0,0.0,0.2549019607843137,0.010793999441235408,0.0848853419142116,0.08325830293410769,-0.0287027326607094,-0.5143880287590594
G11,G11__mom_255_21__top50__monthly__long_short,long_short,mom_255_21,50,monthly,base,5.0,0.03,True,,False,True,0,0,2134.0,0.3698340212635802,0.037860200227992635,0.1190304870481583,0.3720544273230184,0.13796102263354149,0.18319866536526072,-0.27134359091269744,1481.0,0.13952863268539054,0.5910201064148873,7.118828873143516,0.03129994567806186,15.0,39.0,10.0,0.0,0.0,0.8811975576516257,0.16627809729421433,1.0,0.39215686274509803,0.0,-0.00023032783941034492,0.4428444219957762,0.4430747498351866,0.8859191718309627,-0.00023032783941034492,0.11510363432220387,2134.0,-0.11066804296066117,-0.0945287921879875,0.003474960837914686,0.04374736108827851,0.015985146384203595,0.22524367738033105,-0.49132585761239683,1.0,0.0,0.2549019607843137,0.011934423849957337,0.07880803866402299,0.08581888728922565,-0.028723059656028088,-0.5150848202445806
G11,G11__mom_255_21__top50__monthly__long_short,long_short,mom_255_21,50,monthly,base,10.0,0.0,True,,False,True,0,0,2134.0,0.4846766642963236,0.04777415688156039,0.11897223433591587,0.45209766850841493,0.21791253618046622,0.2902824875909413,-0.2533978579692815,1426.0,0.18853417808824524,0.590615738505156,7.11395826735545,0.06506214800086431,15.0,39.0,10.0,0.0,0.0,0.8811975576516257,0.16627809729421433,1.0,0.39215686274509803,0.0,-0.00022996402555070997,0.442579810876168,0.44280977490171874,0.8853895857778866,-0.00022996402555070997,0.0,2134.0,-0.10116679289283931,-0.08587945550147602,0.003409660486052461,0.05325872969785405,0.02549486334203445,0.22522357541607385,-0.4491838507844734,1.0,0.0,0.2549019607843137,0.010438084148628492,0.08388863443196601,0.08284822151649218,-0.028685264071574415,-0.5140422022648856
G11,G11__mom_255_21__top50__monthly__long_short,long_short,mom_255_21,50,monthly,base,10.0,0.01,True,,False,True,0,0,2134.0,0.43040850299865996,0.04317695746393202,0.11899342861964068,0.4150794225449939,0.18092539556321607,0.24065770511072862,-0.26174897547048015,1434.0,0.164955592992575,0.5907510986746014,7.115588678693512,0.0638929371493099,15.0,39.0,10.0,0.0,0.0,0.8811975576516257,0.16627809729421433,1.0,0.39215686274509803,0.0,-0.00023008636370592923,0.4426688356342313,0.44289892199793723,0.8855677576321686,-0.00023008636370592923,0.039571150433650434,2134.0,-0.10556213901525426,-0.08989023817559497,0.003406188221770259,0.048863921616201775,0.02109989430134954,0.2252353394762403,-0.4686748503175712,1.0,0.0,0.2549019607843137,0.01102139571281402,0.08080842570809947,0.08399269010032234,-0.028695598595367605,-0.5143880287590594
G11,G11__mom_255_21__top50__monthly__long_short,long_short,mom_255_21,50,monthly,base,10.0,0.03,True,,False,True,0,0,2134.0,0.32914154172907084,0.034170848699246026,0.11903531702056018,0.3421242238968198,0.10803199562667011,0.14328289952264414,-0.27794326649255285,1483.0,0.12294181158067952,0.5910201064148873,7.118828873143516,0.061670752399078085,15.0,39.0,10.0,0.0,0.0,0.8811975576516257,0.16627809729421433,1.0,0.39215686274509803,0.0,-0.00023032783941034492,0.4428444219957762,0.4430747498351866,0.8859191718309627,-0.00023032783941034492,0.11332081094051857,2134.0,-0.11422899720137261,-0.09774753165216929,0.003399374224414453,0.040198119285293814,0.012433775464202058,0.22525858609066993,-0.5071016345427728,1.0,0.0,0.2549019607843137,0.012155494587315324,0.0747346544921742,0.08648880350003962,-0.028715907426523427,-0.5150848202445806
G11,G11__mom_255_21__top50__monthly__long_short,long_short,mom_255_21,50,monthly,base,20.0,0.0,True,,False,True,0,0,2134.0,0.3977966077181969,0.04033977520385568,0.11900887159274516,0.392152758993,0.15802279308720096,0.21000557583877816,-0.2668572256164502,1480.0,0.15116613429023434,0.590615738505156,7.11395826735545,0.12624740137594348,15.0,39.0,10.0,0.0,0.0,0.8811975576516257,0.16627809729421433,1.0,0.39215686274509803,0.0,-0.00022996402555070997,0.442579810876168,0.44280977490171874,0.8853895857778866,-0.00022996402555070997,0.0,2134.0,-0.10828420531360498,-0.09236551070965116,0.003258737927509132,0.046164703310496186,0.018396585637009605,0.22526760208841454,-0.48069142792714986,1.0,0.0,0.2549019607843137,0.010894336063091377,0.07571911265610456,0.08412348248376889,-0.02866892980313375,-0.5140422022648856
G11,G11__mom_255_21__top50__monthly__long_short,long_short,mom_255_21,50,monthly,base,20.0,0.01,True,,False,True,0,0,2134.0,0.3466854721025101,0.03577350277850866,0.11903010157191689,0.35514383573690905,0.12104514695964323,0.160627690212276,-0.2750611575123798,1482.0,0.13005654125082558,0.5907510986746014,7.115588678693512,0.12400208172820248,15.0,39.0,10.0,0.0,0.0,0.8811975576516257,0.16627809729421433,1.0,0.39215686274509803,0.0,-0.00023008636370592923,0.4426688356342313,0.44289892199793723,0.8855677576321686,-0.00023008636370592923,0.03834906475401906,2134.0,-0.1126810558129392,-0.09634931142507465,0.0032551807856670304,0.0417684040040304,0.014000123029081275,0.2252794000300344,-0.5001835755862121,1.0,0.0,0.2549019607843137,0.011471196856944359,0.07264511118916234,0.0853931471522768,-0.028679246098441705,-0.5143880287590594
G11,G11__mom_255_21__top50__monthly__long_short,long_short,mom_255_21,50,monthly,base,20.0,0.03,True,,False,True,0,0,2134.0,0.25131135130804605,0.026827977057097385,0.11907205924806111,0.2822069021292697,0.04817034779251793,0.06373751741049466,-0.29096997497837385,1501.0,0.09220187429679422,0.5910201064148873,7.118828873143516,0.11973390734761612,15.0,39.0,10.0,0.0,0.0,0.8811975576516257,0.16627809729421433,1.0,0.39215686274509803,0.0,-0.00023032783941034492,0.4428444219957762,0.4430747498351866,0.8859191718309627,-0.00023032783941034492,0.10986182023314403,2134.0,-0.12135090568279547,-0.10415374980482961,0.00324820099741394,0.033099635679324446,0.005331033624199011,0.22530271262445004,-0.5386127147304767,1.0,0.0,0.2549019607843137,0.012592727356495284,0.06658370723855203,0.08776331613258825,-0.02869951903374679,-0.5150848202445806
G11,G11__mom_255_21__top50__weekly__long_only,long_only,mom_255_21,50,weekly,base,0.0,0.0,True,,False,True,1,0,2134.0,1.7169265722468001,0.12527697741368748,0.1927644547983346,0.7091224348720336,0.5645829454835417,0.7729433811947685,-0.22864602855792038,422.0,0.5479079527591815,0.2971089066228949,15.57775133281278,0.0,8.0,5.0,2.0,2.0,0.0,0.8782029958700078,0.165148629013548,1.0,0.41216216216216217,0.0,0.8779837277101226,0.8779837277101226,0.0,0.8779837277101226,0.8779837277101226,0.0,2134.0,-0.018260263109968564,-0.018262860799564132,0.740383166759214,0.021968368010520187,0.014742902939445439,0.13948182407122925,-0.13091500080070353,1.0,1.0,0.2747747747747748,-0.04712152050468282,-0.1010840963991948,0.13010756721451183,-0.048088745099496205,-0.983125754638154
G11,G11__mom_255_21__top50__weekly__long_only,long_only,mom_255_21,50,weekly,base,5.0,0.0,True,,False,True,1,0,2134.0,1.5434909965030128,0.1165456438578667,0.19276611497472124,0.668693373286512,0.524152526937453,0.7163949490486533,-0.23050467498074778,530.0,0.5056107598147449,0.2971089066228949,15.57775133281278,0.08245392539090282,8.0,5.0,2.0,2.0,0.0,0.8782029958700078,0.165148629013548,1.0,0.41216216216216217,0.0,0.8779837277101226,0.8779837277101226,0.0,0.8779837277101226,0.8779837277101226,0.0,2134.0,-0.02605243897556172,-0.025880429272524222,0.7403852141244825,0.014175874897770436,0.006950440749531531,0.13948357794845598,-0.18677782258488523,1.0,1.0,0.2747747747747748,-0.04618410889515259,-0.10707866756226314,0.12889461752833742,-0.048110559227022676,-0.983125754638154
G11,G11__mom_255_21__top50__weekly__long_only,long_only,mom_255_21,50,weekly,base,10.0,0.0,True,,True,True,1,0,2134.0,1.3811001272969508,0.10788059817943374,0.192773369635468,0.6282467751702653,0.4837087815065626,0.6600185026379446,-0.23235913679703368,550.0,0.46428386534103766,0.2971089066228949,15.57775133281278,0.15899895176251938,8.0,5.0,2.0,2.0,0.0,0.8782029958700078,0.165148629013548,1.0,0.41216216216216217,0.0,0.8779837277101226,0.8779837277101226,0.0,0.8779837277101226,0.8779837277101226,0.0,2134.0,-0.03384461484115536,-0.033440165520695314,0.7403872614897511,0.006383381785020178,-0.000842021440382828,0.1394930632604564,-0.24262579120484237,1.0,1.0,0.2747747747747748,-0.04525845320332106,-0.1130809708469549,0.1276853357825426,-0.04813173353092828,-0.983125754638154
G11,G11__mom_255_21__top50__weekly__long_only,long_only,mom_255_21,50,weekly,base,20.0,0.0,True,,False,True,1,0,2134.0,1.0866903556966792,0.09074740513607016,0.19280465939700345,0.5473150722136636,0.40279540875540326,0.5477947406437687,-0.24190971670759487,614.0,0.37512922742892496,0.2971089066228949,15.57775133281278,0.2959521305607695,8.0,5.0,2.0,2.0,0.0,0.8782029958700078,0.165148629013548,1.0,0.41216216216216217,0.0,0.8779837277101226,0.8779837277101226,0.0,0.8779837277101226,0.8779837277101226,0.0,2134.0,-0.049428966572341915,-0.04838785596613518,0.740391356220288,-0.009201604440479601,-0.016426945820210793,0.13953522059681628,-0.35424007186806084,1.0,1.0,0.2747747747747748,-0.04344191424695373,-0.12510319737078374,0.13162501488822892,-0.048172158361056344,-0.983125754638154
G11,G11__mom_255_21__top50__weekly__long_short,long_short,mom_255_21,50,weekly,base,0.0,0.0,True,,False,True,9,0,2134.0,0.5081041325385678,0.04971309814402591,0.11786031462910752,0.47089809603347305,0.23453216152634104,0.3123826478186803,-0.2807936541554681,1218.0,0.17704494887374156,0.2854837428056848,14.968231028604713,0.0,16.0,36.0,8.0,12.0,3.0,0.8782029958700078,0.165148629013548,1.0,0.41216216216216217,0.0,0.00013851011995527247,0.4390057949888886,0.4388672848689332,0.8778730798578218,0.00013851011995527247,0.0,2134.0,-0.09945366489659084,-0.08418784473692933,-0.006190228260069197,0.056459397536356426,0.028432666616029573,0.22620632496545068,-0.43965908076080884,1.0,0.0,0.2747747747747748,0.00446271180998721,0.048465679590128735,0.0937975190771313,-0.02776538310189937,-1.1733537289043667
G11,G11__mom_255_21__top50__weekly__long_short,long_short,mom_255_21,50,weekly,base,0.0,0.01,True,,False,True,9,0,2134.0,0.45337070269672664,0.04514060347894522,0.11786629925029976,0.43383706104172476,0.1974685763988986,0.2626239530834014,-0.2887446534539607,1461.0,0.15633398900715134,0.28550036443545307,14.969102519191177,0.0,16.0,36.0,8.0,12.0,3.0,0.8782029958700078,0.165148629013548,1.0,0.41216216216216217,0.0,0.00013852377110989218,0.4390300175421718,0.4388914937710619,0.8779215113132338,0.00013852377110989218,0.03870724316346828,2134.0,-0.10381909379072918,-0.08817707398591211,-0.006192844436493521,0.05209437402886042,0.02406749773655988,0.22620986905194104,-0.45895032885099646,1.0,0.0,0.2747747747747748,0.005080797093560317,0.0456022995945988,0.0918067323514904,-0.02776914901242994,-1.1735933043665536
G11,G11__mom_255_21__top50__weekly__long_short,long_short,mom_255_21,50,weekly,base,0.0,0.03,True,,False,True,9,0,2134.0,0.3512378792778037,0.03618635950263327,0.11787818600296705,0.36080172051321185,0.12442872992741155,0.1649984174395578,-0.3041596373967842,1510.0,0.11897160258455733,0.2855334802308223,14.970838817275654,0.0,16.0,36.0,8.0,12.0,3.0,0.8782029958700078,0.165148629013548,1.0,0.41216216216216217,0.0,0.00013855069628480963,0.43907776464135323,0.43893921394506835,0.8780169785864217,0.00013855069628480963,0.11082607244558504,2134.0,-0.11242321033249675,-0.09598911852379287,-0.006198001516274113,0.04349105659652487,0.015463893751531442,0.22621690229663252,-0.49697086818507946,1.0,0.0,0.2747747747747748,0.006282076778193771,0.039957264794622846,0.08866171491427571,-0.02777648392632294,-1.1740714147495357
G11,G11__mom_255_21__top50__weekly__long_short,long_short,mom_255_21,50,weekly,base,5.0,0.0,True,,False,True,9,0,2134.0,0.4154829814572347,0.04188561829334514,0.1178764686082971,0.407345336038797,0.1709872332861818,0.22712869096284538,-0.29489416214951225,1479.0,0.14203610538790185,0.2854837428056848,14.968231028604713,0.0651850172525286,16.0,36.0,8.0,12.0,3.0,0.8782029958700078,0.165148629013548,1.0,0.41216216216216217,0.0,0.00013851011995527247,0.4390057949888886,0.4388672848689332,0.8778730798578218,0.00013851011995527247,0.0,2134.0,-0.10693743293703017,-0.09101685468736571,-0.006177864063875049,0.04897371361595821,0.020947292802930416,0.22621272949030338,-0.47272951074848363,1.0,0.0,0.2747747747747748,0.005037993476210839,0.04036322381687599,0.08997813475533084,-0.02778793634169628,-1.1733537289043667
G11,G11__mom_255_21__top50__weekly__long_short,long_short,mom_255_21,50,weekly,base,5.0,0.01,True,,False,True,9,0,2134.0,0.36410600475819477,0.037346767620547894,0.11788248889244883,0.370289933661728,0.13392948045138345,0.17763839820596122,-0.3026900675896712,1510.0,0.12338286458469273,0.28550036443545307,14.969102519191177,0.06400881285888037,16.0,36.0,8.0,12.0,3.0,0.8782029958700078,0.165148629013548,1.0,0.41216216216216217,0.0,0.00013852377110989218,0.4390300175421718,0.4388914937710619,0.8779215113132338,0.00013852377110989218,0.037454875838084684,2134.0,-0.11130316366147941,-0.09497673155698064,-0.0061805214843023105,0.044608394669068886,0.01658182734094976,0.22621629920146064,-0.4920209730880468,1.0,0.0,0.2747747747747748,0.005648568952912693,0.03749562484804485,0.08804541392537468,-0.027791678516913457,-1.1735933043665536
G11,G11__mom_255_21__top50__weekly__long_short,long_short,mom_255_21,50,weekly,base,5.0,0.03,True,,False,True,9,0,2134.0,0.268236760533896,0.028458404340486076,0.11789444568063866,0.29726572830746895,0.060901161963170206,0.08053969985085602,-0.3178043542384852,1523.0,0.08954693024479601,0.2855334802308223,14.970838817275654,0.06177403864762175,16.0,36.0,8.0,12.0,3.0,0.8782029958700078,0.165148629013548,1.0,0.41216216216216217,0.0,0.00013855069628480963,0.43907776464135323,0.43893921394506835,0.8780169785864217,0.00013855069628480963,0.10728395691493794,2134.0,-0.11990788439468329,-0.10273129911135938,-0.006185759919449017,0.03600448565162524,0.007977629515608771,0.22622338283755117,-0.530041956276412,1.0,0.0,0.2747747747747748,0.006835214884792575,0.031842380838369905,0.0891472320542942,-0.027798966642526055,-1.1740714147495357
G11,G11__mom_255_21__top50__weekly__long_short,long_short,mom_255_21,50,weekly,base,10.0,0.0,True,,False,True,9,0,2134.0,0.3285365891544292,0.034115253704502635,0.11790100329649926,0.3437855534947533,0.10745217993197229,0.14234852625234773,-0.3087203965540223,1511.0,0.11050534427041941,0.2854837428056848,14.968231028604713,0.1262806941960439,16.0,36.0,8.0,12.0,3.0,0.8782029958700078,0.165148629013548,1.0,0.41216216216216217,0.0,0.00013851011995527247,0.4390057949888886,0.4388672848689332,0.8778730798578218,0.00013851011995527247,0.0,2134.0,-0.11442120097746994,-0.09779603497374108,-0.00616549986768088,0.041488029695559564,0.013461918989830856,0.2262235026521314,-0.5057883006674944,1.0,0.0,0.2747747747747748,0.005604257261304736,0.03224524593958339,0.08701115285855682,-0.02780975590696254,-1.1733537289043667
G11,G11__mom_255_21__top50__weekly__long_short,long_short,mom_255_21,50,weekly,base,10.0,0.01,True,,True,True,9,0,2134.0,0.2803107292067297,0.029609804824948682,0.11790705952587929,0.3067384537155398,0.07040293113228056,0.09312823086689649,-0.3163642095572249,1522.0,0.0935940410781289,0.28550036443545307,14.969102519191177,0.12402744306342631,16.0,36.0,8.0,12.0,3.0,0.8782029958700078,0.165148629013548,1.0,0.41216216216216217,0.0,0.00013852377110989218,0.4390300175421718,0.4388914937710619,0.8779215113132338,0.00013852377110989218,0.03625583058133772,2134.0,-0.11878723353222934,-0.10172677076822353,-0.006168198532111151,0.03712241530927762,0.009096156945339906,0.22622709829363283,-0.5250795966893795,1.0,0.0,0.2747747747747748,0.0062074001188719835,0.02937430295895256,0.08790832765210571,-0.027813474299152513,-1.1735933043665536
G11,G11__mom_255_21__top50__weekly__long_short,long_short,mom_255_21,50,weekly,base,10.0,0.03,True,,False,True,9,0,2134.0,0.19032185385857447,0.020786848003324643,0.11791908692004092,0.23373064460007797,-0.0026085949113946565,-0.003440503784170849,-0.33118361827128595,1533.0,0.0627653267146121,0.2855334802308223,14.970838817275654,0.11974544132763174,16.0,36.0,8.0,12.0,3.0,0.8782029958700078,0.165148629013548,1.0,0.41216216216216217,0.0,0.00013855069628480963,0.43907776464135323,0.43893921394506835,0.8780169785864217,0.00013855069628480963,0.10389175481836513,2134.0,-0.12739255845686986,-0.10942427508334684,-0.006173518322623786,0.02851791470672553,0.000491365279686035,0.2262342329333968,-0.5631002735751939,1.0,0.0,0.2747747747747748,0.007379562882071743,0.023714574011047044,0.08957186573392517,-0.02782071555068978,-1.1740714147495357
G11,G11__mom_255_21__top50__weekly__long_short,long_short,mom_255_21,50,weekly,base,20.0,0.0,True,,False,True,9,0,2134.0,0.17030183273251986,0.018744242517842125,0.11797519209918943,0.21669916479984588,-0.01953413288925096,-0.025739901023863778,-0.3355711141781975,1533.0,0.055857735442295595,0.2854837428056848,14.968231028604713,0.23721464044681617,16.0,36.0,8.0,12.0,3.0,0.8782029958700078,0.165148629013548,1.0,0.41216216216216217,0.0,0.00013851011995527247,0.4390057949888886,0.4388672848689332,0.8778730798578218,0.00013851011995527247,0.0,2134.0,-0.12938873705834794,-0.11120632670804222,-0.0061407714752927675,0.02651666185476381,-0.0015088286363667536,0.22625815213753814,-0.5718633155798732,1.0,0.0,0.2747747747747748,0.006710137133683824,0.01598211054502504,0.08796352962191828,-0.02785118634222257,-1.1733537289043667
G11,G11__mom_255_21__top50__weekly__long_short,long_short,mom_255_21,50,weekly,base,20.0,0.01,True,,False,True,9,0,2134.0,0.12781156054546194,0.014304877436843721,0.11798132103554572,0.17967665723311266,-0.05655838185565107,-0.0744155559647074,-0.34291951717650226,1560.0,0.04171497019074868,0.28550036443545307,14.969102519191177,0.23307723332483393,16.0,36.0,8.0,12.0,3.0,0.8782029958700078,0.165148629013548,1.0,0.41216216216216217,0.0,0.00013852377110989218,0.4390300175421718,0.4388914937710619,0.8779215113132338,0.00013852377110989218,0.034007713025957495,2134.0,-0.1337553732737301,-0.11507940832435887,-0.006143552627728988,0.02215045658969428,-0.005875183845880641,0.22626180055058553,-0.591153137419793,1.0,0.0,0.2747747747747748,0.007298643441914222,0.013107104210876325,0.08876548042301263,-0.02785485704892167,-1.1735933043665536
G11,G11__mom_255_21__top50__weekly__long_short,long_short,mom_255_21,50,weekly,base,20.0,0.03,True,,False,True,9,0,2134.0,0.04852592291791358,0.00561132415050003,0.11799349129348964,0.10671737851014192,-0.12952057595043776,-0.16991533994079228,-0.35716618331868655,1568.0,0.01571068150506636,0.2855334802308223,14.970838817275654,0.22521147043378542,16.0,36.0,8.0,12.0,3.0,0.8782029958700078,0.165148629013548,1.0,0.41216216216216217,0.0,0.00013855069628480963,0.43907776464135323,0.43893921394506835,0.8780169785864217,0.00013855069628480963,0.09752908981127537,2134.0,-0.14236190658124317,-0.12266401576246536,-0.0061490351289735555,0.013544772816926022,-0.01448116319215956,0.2262690390223667,-0.6291709515201093,1.0,0.0,0.2747747747747748,0.00844228600908933,0.007439577556980936,0.09024783326169367,-0.027862004341524957,-1.1740714147495357
