group_id,strategy_id,portfolio_mode,variant_id,cost_bps,borrow_fee_annual,reference_strategy_id,comparison_type,metric,estimate
G23,G23__mom_12_1__top10__monthly__long_only__rev20,long_only,rev20,0.0,0.0,G00__mom_12_1__top10__monthly__long_only,delta_vs_same_scenario_G00,cagr,-0.13914299578170136
G23,G23__mom_12_1__top10__monthly__long_only__rev20,long_only,rev20,0.0,0.0,G00__mom_12_1__top10__monthly__long_only,delta_vs_same_scenario_G00,sharpe_excess_rf,-0.34902329237159846
G23,G23__mom_12_1__top10__monthly__long_only__rev20,long_only,rev20,0.0,0.0,G00__mom_12_1__top10__monthly__long_only,delta_vs_same_scenario_G00,max_drawdown,-0.16685224064733561
G23,G23__mom_12_1__top10__monthly__long_only__rev20,long_only,rev20,0.0,0.0,G00__mom_12_1__top10__monthly__long_only,delta_vs_same_scenario_G00,annualized_volatility,0.024149974272808017
G23,G23__mom_12_1__top10__monthly__long_only__rev20,long_only,rev20,0.0,0.0,G00__mom_12_1__top10__monthly__long_only,delta_vs_same_scenario_G00,annualized_l1_turnover,6.240542065180698
G23,G23__mom_12_1__top10__monthly__long_only__rev20,long_only,rev20,5.0,0.0,G00__mom_12_1__top10__monthly__long_only,delta_vs_same_scenario_G00,cagr,-0.14190352276397616
G23,G23__mom_12_1__top10__monthly__long_only__rev20,long_only,rev20,5.0,0.0,G00__mom_12_1__top10__monthly__long_only,delta_vs_same_scenario_G00,sharpe_excess_rf,-0.35666552003799074
G23,G23__mom_12_1__top10__monthly__long_only__rev20,long_only,rev20,5.0,0.0,G00__mom_12_1__top10__monthly__long_only,delta_vs_same_scenario_G00,max_drawdown,-0.16238668493287323
G23,G23__mom_12_1__top10__monthly__long_only__rev20,long_only,rev20,5.0,0.0,G00__mom_12_1__top10__monthly__long_only,delta_vs_same_scenario_G00,annualized_volatility,0.024129992190711602
G23,G23__mom_12_1__top10__monthly__long_only__rev20,long_only,rev20,5.0,0.0,G00__mom_12_1__top10__monthly__long_only,delta_vs_same_scenario_G00,annualized_l1_turnover,6.240542065180698
G23,G23__mom_12_1__top10__monthly__long_only__rev20,long_only,rev20,10.0,0.0,G00__mom_12_1__top10__monthly__long_only,delta_vs_same_scenario_G00,cagr,-0.14463030057522808
G23,G23__mom_12_1__top10__monthly__long_only__rev20,long_only,rev20,10.0,0.0,G00__mom_12_1__top10__monthly__long_only,delta_vs_same_scenario_G00,sharpe_excess_rf,-0.3643127534996007
G23,G23__mom_12_1__top10__monthly__long_only__rev20,long_only,rev20,10.0,0.0,G00__mom_12_1__top10__monthly__long_only,delta_vs_same_scenario_G00,max_drawdown,-0.1579616379781052
G23,G23__mom_12_1__top10__monthly__long_only__rev20,long_only,rev20,10.0,0.0,G00__mom_12_1__top10__monthly__long_only,delta_vs_same_scenario_G00,annualized_volatility,0.02412020866356246
G23,G23__mom_12_1__top10__monthly__long_only__rev20,long_only,rev20,10.0,0.0,G00__mom_12_1__top10__monthly__long_only,delta_vs_same_scenario_G00,annualized_l1_turnover,6.2405420651806995
G23,G23__mom_12_1__top10__monthly__long_only__rev20,long_only,rev20,20.0,0.0,G00__mom_12_1__top10__monthly__long_only,delta_vs_same_scenario_G00,cagr,-0.14998363584205648
G23,G23__mom_12_1__top10__monthly__long_only__rev20,long_only,rev20,20.0,0.0,G00__mom_12_1__top10__monthly__long_only,delta_vs_same_scenario_G00,sharpe_excess_rf,-0.3796142435909873
G23,G23__mom_12_1__top10__monthly__long_only__rev20,long_only,rev20,20.0,0.0,G00__mom_12_1__top10__monthly__long_only,delta_vs_same_scenario_G00,max_drawdown,-0.14923179127548064
G23,G23__mom_12_1__top10__monthly__long_only__rev20,long_only,rev20,20.0,0.0,G00__mom_12_1__top10__monthly__long_only,delta_vs_same_scenario_G00,annualized_volatility,0.024131240235821805
G23,G23__mom_12_1__top10__monthly__long_only__rev20,long_only,rev20,20.0,0.0,G00__mom_12_1__top10__monthly__long_only,delta_vs_same_scenario_G00,annualized_l1_turnover,6.240542065180698
G23,G23__mom_12_1__top10__monthly__long_only__rev5,long_only,rev5,0.0,0.0,G00__mom_12_1__top10__monthly__long_only,delta_vs_same_scenario_G00,cagr,-0.07339989713448153
G23,G23__mom_12_1__top10__monthly__long_only__rev5,long_only,rev5,0.0,0.0,G00__mom_12_1__top10__monthly__long_only,delta_vs_same_scenario_G00,sharpe_excess_rf,-0.18360847854548157
G23,G23__mom_12_1__top10__monthly__long_only__rev5,long_only,rev5,0.0,0.0,G00__mom_12_1__top10__monthly__long_only,delta_vs_same_scenario_G00,max_drawdown,-0.1971840606174251
G23,G23__mom_12_1__top10__monthly__long_only__rev5,long_only,rev5,0.0,0.0,G00__mom_12_1__top10__monthly__long_only,delta_vs_same_scenario_G00,annualized_volatility,0.008648671107432115
G23,G23__mom_12_1__top10__monthly__long_only__rev5,long_only,rev5,0.0,0.0,G00__mom_12_1__top10__monthly__long_only,delta_vs_same_scenario_G00,annualized_l1_turnover,6.457387454987169
G23,G23__mom_12_1__top10__monthly__long_only__rev5,long_only,rev5,5.0,0.0,G00__mom_12_1__top10__monthly__long_only,delta_vs_same_scenario_G00,cagr,-0.07678103566200684
G23,G23__mom_12_1__top10__monthly__long_only__rev5,long_only,rev5,5.0,0.0,G00__mom_12_1__top10__monthly__long_only,delta_vs_same_scenario_G00,sharpe_excess_rf,-0.19247524541570826
G23,G23__mom_12_1__top10__monthly__long_only__rev5,long_only,rev5,5.0,0.0,G00__mom_12_1__top10__monthly__long_only,delta_vs_same_scenario_G00,max_drawdown,-0.19823194404724265
G23,G23__mom_12_1__top10__monthly__long_only__rev5,long_only,rev5,5.0,0.0,G00__mom_12_1__top10__monthly__long_only,delta_vs_same_scenario_G00,annualized_volatility,0.008665951923635173
G23,G23__mom_12_1__top10__monthly__long_only__rev5,long_only,rev5,5.0,0.0,G00__mom_12_1__top10__monthly__long_only,delta_vs_same_scenario_G00,annualized_l1_turnover,6.457387454987169
G23,G23__mom_12_1__top10__monthly__long_only__rev5,long_only,rev5,10.0,0.0,G00__mom_12_1__top10__monthly__long_only,delta_vs_same_scenario_G00,cagr,-0.08012338502310601
G23,G23__mom_12_1__top10__monthly__long_only__rev5,long_only,rev5,10.0,0.0,G00__mom_12_1__top10__monthly__long_only,delta_vs_same_scenario_G00,sharpe_excess_rf,-0.20135183613307595
G23,G23__mom_12_1__top10__monthly__long_only__rev5,long_only,rev5,10.0,0.0,G00__mom_12_1__top10__monthly__long_only,delta_vs_same_scenario_G00,max_drawdown,-0.19922663979917593
G23,G23__mom_12_1__top10__monthly__long_only__rev5,long_only,rev5,10.0,0.0,G00__mom_12_1__top10__monthly__long_only,delta_vs_same_scenario_G00,annualized_volatility,0.008694582181631327
G23,G23__mom_12_1__top10__monthly__long_only__rev5,long_only,rev5,10.0,0.0,G00__mom_12_1__top10__monthly__long_only,delta_vs_same_scenario_G00,annualized_l1_turnover,6.45738745498717
G23,G23__mom_12_1__top10__monthly__long_only__rev5,long_only,rev5,20.0,0.0,G00__mom_12_1__top10__monthly__long_only,delta_vs_same_scenario_G00,cagr,-0.08669288451158991
G23,G23__mom_12_1__top10__monthly__long_only__rev5,long_only,rev5,20.0,0.0,G00__mom_12_1__top10__monthly__long_only,delta_vs_same_scenario_G00,sharpe_excess_rf,-0.2191244954547184
G23,G23__mom_12_1__top10__monthly__long_only__rev5,long_only,rev5,20.0,0.0,G00__mom_12_1__top10__monthly__long_only,delta_vs_same_scenario_G00,max_drawdown,-0.20106083526645785
G23,G23__mom_12_1__top10__monthly__long_only__rev5,long_only,rev5,20.0,0.0,G00__mom_12_1__top10__monthly__long_only,delta_vs_same_scenario_G00,annualized_volatility,0.008785872583521481
G23,G23__mom_12_1__top10__monthly__long_only__rev5,long_only,rev5,20.0,0.0,G00__mom_12_1__top10__monthly__long_only,delta_vs_same_scenario_G00,annualized_l1_turnover,6.457387454987169
G23,G23__mom_12_1__top10__monthly__long_short__rev20,long_short,rev20,0.0,0.0,G00__mom_12_1__top10__monthly__long_short,delta_vs_same_scenario_G00,cagr,-0.014299486392474553
G23,G23__mom_12_1__top10__monthly__long_short__rev20,long_short,rev20,0.0,0.0,G00__mom_12_1__top10__monthly__long_short,delta_vs_same_scenario_G00,sharpe_excess_rf,-0.057662824428468096
G23,G23__mom_12_1__top10__monthly__long_short__rev20,long_short,rev20,0.0,0.0,G00__mom_12_1__top10__monthly__long_short,delta_vs_same_scenario_G00,max_drawdown,0.17050929349092148
G23,G23__mom_12_1__top10__monthly__long_short__rev20,long_short,rev20,0.0,0.0,G00__mom_12_1__top10__monthly__long_short,delta_vs_same_scenario_G00,annualized_volatility,-0.038102070812950806
G23,G23__mom_12_1__top10__monthly__long_short__rev20,long_short,rev20,0.0,0.0,G00__mom_12_1__top10__monthly__long_short,delta_vs_same_scenario_G00,annualized_l1_turnover,3.9299628844983854
G23,G23__mom_12_1__top10__monthly__long_short__rev20,long_short,rev20,0.0,0.01,G00__mom_12_1__top10__monthly__long_short,delta_vs_same_scenario_G00,cagr,-0.014228046615542611
G23,G23__mom_12_1__top10__monthly__long_short__rev20,long_short,rev20,0.0,0.01,G00__mom_12_1__top10__monthly__long_short,delta_vs_same_scenario_G00,sharpe_excess_rf,-0.06187804538331024
G23,G23__mom_12_1__top10__monthly__long_short__rev20,long_short,rev20,0.0,0.01,G00__mom_12_1__top10__monthly__long_short,delta_vs_same_scenario_G00,max_drawdown,0.17635242866929068
G23,G23__mom_12_1__top10__monthly__long_short__rev20,long_short,rev20,0.0,0.01,G00__mom_12_1__top10__monthly__long_short,delta_vs_same_scenario_G00,annualized_volatility,-0.0381122813785508
G23,G23__mom_12_1__top10__monthly__long_short__rev20,long_short,rev20,0.0,0.01,G00__mom_12_1__top10__monthly__long_short,delta_vs_same_scenario_G00,annualized_l1_turnover,3.930538948829426
G23,G23__mom_12_1__top10__monthly__long_short__rev20,long_short,rev20,0.0,0.03,G00__mom_12_1__top10__monthly__long_short,delta_vs_same_scenario_G00,cagr,-0.014088174404977838
G23,G23__mom_12_1__top10__monthly__long_short__rev20,long_short,rev20,0.0,0.03,G00__mom_12_1__top10__monthly__long_short,delta_vs_same_scenario_G00,sharpe_excess_rf,-0.07018614750602153
G23,G23__mom_12_1__top10__monthly__long_short__rev20,long_short,rev20,0.0,0.03,G00__mom_12_1__top10__monthly__long_short,delta_vs_same_scenario_G00,max_drawdown,0.18923679150425432
G23,G23__mom_12_1__top10__monthly__long_short__rev20,long_short,rev20,0.0,0.03,G00__mom_12_1__top10__monthly__long_short,delta_vs_same_scenario_G00,annualized_volatility,-0.03813243171376332
G23,G23__mom_12_1__top10__monthly__long_short__rev20,long_short,rev20,0.0,0.03,G00__mom_12_1__top10__monthly__long_short,delta_vs_same_scenario_G00,annualized_l1_turnover,3.931675302903038
G23,G23__mom_12_1__top10__monthly__long_short__rev20,long_short,rev20,5.0,0.0,G00__mom_12_1__top10__monthly__long_short,delta_vs_same_scenario_G00,cagr,-0.016291879554688013
G23,G23__mom_12_1__top10__monthly__long_short__rev20,long_short,rev20,5.0,0.0,G00__mom_12_1__top10__monthly__long_short,delta_vs_same_scenario_G00,sharpe_excess_rf,-0.07175490935466197
G23,G23__mom_12_1__top10__monthly__long_short__rev20,long_short,rev20,5.0,0.0,G00__mom_12_1__top10__monthly__long_short,delta_vs_same_scenario_G00,max_drawdown,0.17540879195416892
G23,G23__mom_12_1__top10__monthly__long_short__rev20,long_short,rev20,5.0,0.0,G00__mom_12_1__top10__monthly__long_short,delta_vs_same_scenario_G00,annualized_volatility,-0.03799157910542664
G23,G23__mom_12_1__top10__monthly__long_short__rev20,long_short,rev20,5.0,0.0,G00__mom_12_1__top10__monthly__long_short,delta_vs_same_scenario_G00,annualized_l1_turnover,3.9299628844983854
G23,G23__mom_12_1__top10__monthly__long_short__rev20,long_short,rev20,5.0,0.01,G00__mom_12_1__top10__monthly__long_short,delta_vs_same_scenario_G00,cagr,-0.016210768229762917
G23,G23__mom_12_1__top10__monthly__long_short__rev20,long_short,rev20,5.0,0.01,G00__mom_12_1__top10__monthly__long_short,delta_vs_same_scenario_G00,sharpe_excess_rf,-0.0759551596266079
G23,G23__mom_12_1__top10__monthly__long_short__rev20,long_short,rev20,5.0,0.01,G00__mom_12_1__top10__monthly__long_short,delta_vs_same_scenario_G00,max_drawdown,0.1819879427487564
G23,G23__mom_12_1__top10__monthly__long_short__rev20,long_short,rev20,5.0,0.01,G00__mom_12_1__top10__monthly__long_short,delta_vs_same_scenario_G00,annualized_volatility,-0.038001775460664994
G23,G23__mom_12_1__top10__monthly__long_short__rev20,long_short,rev20,5.0,0.01,G00__mom_12_1__top10__monthly__long_short,delta_vs_same_scenario_G00,annualized_l1_turnover,3.930538948829426
G23,G23__mom_12_1__top10__monthly__long_short__rev20,long_short,rev20,5.0,0.03,G00__mom_12_1__top10__monthly__long_short,delta_vs_same_scenario_G00,cagr,-0.016051961499486733
G23,G23__mom_12_1__top10__monthly__long_short__rev20,long_short,rev20,5.0,0.03,G00__mom_12_1__top10__monthly__long_short,delta_vs_same_scenario_G00,sharpe_excess_rf,-0.0842337682503342
G23,G23__mom_12_1__top10__monthly__long_short__rev20,long_short,rev20,5.0,0.03,G00__mom_12_1__top10__monthly__long_short,delta_vs_same_scenario_G00,max_drawdown,0.1947067839984306
G23,G23__mom_12_1__top10__monthly__long_short__rev20,long_short,rev20,5.0,0.03,G00__mom_12_1__top10__monthly__long_short,delta_vs_same_scenario_G00,annualized_volatility,-0.038021898061936094
G23,G23__mom_12_1__top10__monthly__long_short__rev20,long_short,rev20,5.0,0.03,G00__mom_12_1__top10__monthly__long_short,delta_vs_same_scenario_G00,annualized_l1_turnover,3.931675302903038
G23,G23__mom_12_1__top10__monthly__long_short__rev20,long_short,rev20,10.0,0.0,G00__mom_12_1__top10__monthly__long_short,delta_vs_same_scenario_G00,cagr,-0.018263852423477722
G23,G23__mom_12_1__top10__monthly__long_short__rev20,long_short,rev20,10.0,0.0,G00__mom_12_1__top10__monthly__long_short,delta_vs_same_scenario_G00,sharpe_excess_rf,-0.08581803607230376
G23,G23__mom_12_1__top10__monthly__long_short__rev20,long_short,rev20,10.0,0.0,G00__mom_12_1__top10__monthly__long_short,delta_vs_same_scenario_G00,max_drawdown,0.1810467260292093
G23,G23__mom_12_1__top10__monthly__long_short__rev20,long_short,rev20,10.0,0.0,G00__mom_12_1__top10__monthly__long_short,delta_vs_same_scenario_G00,annualized_volatility,-0.03786671871002176
G23,G23__mom_12_1__top10__monthly__long_short__rev20,long_short,rev20,10.0,0.0,G00__mom_12_1__top10__monthly__long_short,delta_vs_same_scenario_G00,annualized_l1_turnover,3.9299628844983854
G23,G23__mom_12_1__top10__monthly__long_short__rev20,long_short,rev20,10.0,0.01,G00__mom_12_1__top10__monthly__long_short,delta_vs_same_scenario_G00,cagr,-0.018173163808251826
G23,G23__mom_12_1__top10__monthly__long_short__rev20,long_short,rev20,10.0,0.01,G00__mom_12_1__top10__monthly__long_short,delta_vs_same_scenario_G00,sharpe_excess_rf,-0.09000111008926462
G23,G23__mom_12_1__top10__monthly__long_short__rev20,long_short,rev20,10.0,0.01,G00__mom_12_1__top10__monthly__long_short,delta_vs_same_scenario_G00,max_drawdown,0.18754139020041827
G23,G23__mom_12_1__top10__monthly__long_short__rev20,long_short,rev20,10.0,0.01,G00__mom_12_1__top10__monthly__long_short,delta_vs_same_scenario_G00,annualized_volatility,-0.0378768988555524
G23,G23__mom_12_1__top10__monthly__long_short__rev20,long_short,rev20,10.0,0.01,G00__mom_12_1__top10__monthly__long_short,delta_vs_same_scenario_G00,annualized_l1_turnover,3.930538948829426
G23,G23__mom_12_1__top10__monthly__long_short__rev20,long_short,rev20,10.0,0.03,G00__mom_12_1__top10__monthly__long_short,delta_vs_same_scenario_G00,cagr,-0.01799560715466756
G23,G23__mom_12_1__top10__monthly__long_short__rev20,long_short,rev20,10.0,0.03,G00__mom_12_1__top10__monthly__long_short,delta_vs_same_scenario_G00,sharpe_excess_rf,-0.09824587934650686
G23,G23__mom_12_1__top10__monthly__long_short__rev20,long_short,rev20,10.0,0.03,G00__mom_12_1__top10__monthly__long_short,delta_vs_same_scenario_G00,max_drawdown,0.20009665541645383
G23,G23__mom_12_1__top10__monthly__long_short__rev20,long_short,rev20,10.0,0.03,G00__mom_12_1__top10__monthly__long_short,delta_vs_same_scenario_G00,annualized_volatility,-0.03789698977579278
G23,G23__mom_12_1__top10__monthly__long_short__rev20,long_short,rev20,10.0,0.03,G00__mom_12_1__top10__monthly__long_short,delta_vs_same_scenario_G00,annualized_l1_turnover,3.931675302903038
G23,G23__mom_12_1__top10__monthly__long_short__rev20,long_short,rev20,20.0,0.0,G00__mom_12_1__top10__monthly__long_short,delta_vs_same_scenario_G00,cagr,-0.02214709658223716
G23,G23__mom_12_1__top10__monthly__long_short__rev20,long_short,rev20,20.0,0.0,G00__mom_12_1__top10__monthly__long_short,delta_vs_same_scenario_G00,sharpe_excess_rf,-0.11381834708609984
G23,G23__mom_12_1__top10__monthly__long_short__rev20,long_short,rev20,20.0,0.0,G00__mom_12_1__top10__monthly__long_short,delta_vs_same_scenario_G00,max_drawdown,0.19207725585134516
G23,G23__mom_12_1__top10__monthly__long_short__rev20,long_short,rev20,20.0,0.0,G00__mom_12_1__top10__monthly__long_short,delta_vs_same_scenario_G00,annualized_volatility,-0.03757407645761615
G23,G23__mom_12_1__top10__monthly__long_short__rev20,long_short,rev20,20.0,0.0,G00__mom_12_1__top10__monthly__long_short,delta_vs_same_scenario_G00,annualized_l1_turnover,3.9299628844983854
G23,G23__mom_12_1__top10__monthly__long_short__rev20,long_short,rev20,20.0,0.01,G00__mom_12_1__top10__monthly__long_short,delta_vs_same_scenario_G00,cagr,-0.022037533709155316
G23,G23__mom_12_1__top10__monthly__long_short__rev20,long_short,rev20,20.0,0.01,G00__mom_12_1__top10__monthly__long_short,delta_vs_same_scenario_G00,sharpe_excess_rf,-0.11796052667505796
G23,G23__mom_12_1__top10__monthly__long_short__rev20,long_short,rev20,20.0,0.01,G00__mom_12_1__top10__monthly__long_short,delta_vs_same_scenario_G00,max_drawdown,0.19840591469805025
G23,G23__mom_12_1__top10__monthly__long_short__rev20,long_short,rev20,20.0,0.01,G00__mom_12_1__top10__monthly__long_short,delta_vs_same_scenario_G00,annualized_volatility,-0.03758421820154348
G23,G23__mom_12_1__top10__monthly__long_short__rev20,long_short,rev20,20.0,0.01,G00__mom_12_1__top10__monthly__long_short,delta_vs_same_scenario_G00,annualized_l1_turnover,3.930538948829426
G23,G23__mom_12_1__top10__monthly__long_short__rev20,long_short,rev20,20.0,0.03,G00__mom_12_1__top10__monthly__long_short,delta_vs_same_scenario_G00,cagr,-0.021823026197786727
G23,G23__mom_12_1__top10__monthly__long_short__rev20,long_short,rev20,20.0,0.03,G00__mom_12_1__top10__monthly__long_short,delta_vs_same_scenario_G00,sharpe_excess_rf,-0.1261247269277473
G23,G23__mom_12_1__top10__monthly__long_short__rev20,long_short,rev20,20.0,0.03,G00__mom_12_1__top10__monthly__long_short,delta_vs_same_scenario_G00,max_drawdown,0.2106397772916958
G23,G23__mom_12_1__top10__monthly__long_short__rev20,long_short,rev20,20.0,0.03,G00__mom_12_1__top10__monthly__long_short,delta_vs_same_scenario_G00,annualized_volatility,-0.0376042339489461
G23,G23__mom_12_1__top10__monthly__long_short__rev20,long_short,rev20,20.0,0.03,G00__mom_12_1__top10__monthly__long_short,delta_vs_same_scenario_G00,annualized_l1_turnover,3.931675302903038
G23,G23__mom_12_1__top10__monthly__long_short__rev5,long_short,rev5,0.0,0.0,G00__mom_12_1__top10__monthly__long_short,delta_vs_same_scenario_G00,cagr,0.019721879496968936
G23,G23__mom_12_1__top10__monthly__long_short__rev5,long_short,rev5,0.0,0.0,G00__mom_12_1__top10__monthly__long_short,delta_vs_same_scenario_G00,sharpe_excess_rf,0.12000489664099007
G23,G23__mom_12_1__top10__monthly__long_short__rev5,long_short,rev5,0.0,0.0,G00__mom_12_1__top10__monthly__long_short,delta_vs_same_scenario_G00,max_drawdown,0.1725638024215601
G23,G23__mom_12_1__top10__monthly__long_short__rev5,long_short,rev5,0.0,0.0,G00__mom_12_1__top10__monthly__long_short,delta_vs_same_scenario_G00,annualized_volatility,-0.050849216573865985
G23,G23__mom_12_1__top10__monthly__long_short__rev5,long_short,rev5,0.0,0.0,G00__mom_12_1__top10__monthly__long_short,delta_vs_same_scenario_G00,annualized_l1_turnover,3.9704086493044297
G23,G23__mom_12_1__top10__monthly__long_short__rev5,long_short,rev5,0.0,0.01,G00__mom_12_1__top10__monthly__long_short,delta_vs_same_scenario_G00,cagr,0.019641336722400038
G23,G23__mom_12_1__top10__monthly__long_short__rev5,long_short,rev5,0.0,0.01,G00__mom_12_1__top10__monthly__long_short,delta_vs_same_scenario_G00,sharpe_excess_rf,0.11402840616387377
G23,G23__mom_12_1__top10__monthly__long_short__rev5,long_short,rev5,0.0,0.01,G00__mom_12_1__top10__monthly__long_short,delta_vs_same_scenario_G00,max_drawdown,0.1766798555072432
G23,G23__mom_12_1__top10__monthly__long_short__rev5,long_short,rev5,0.0,0.01,G00__mom_12_1__top10__monthly__long_short,delta_vs_same_scenario_G00,annualized_volatility,-0.05086244786839561
G23,G23__mom_12_1__top10__monthly__long_short__rev5,long_short,rev5,0.0,0.01,G00__mom_12_1__top10__monthly__long_short,delta_vs_same_scenario_G00,annualized_l1_turnover,3.9710063015313644
G23,G23__mom_12_1__top10__monthly__long_short__rev5,long_short,rev5,0.0,0.03,G00__mom_12_1__top10__monthly__long_short,delta_vs_same_scenario_G00,cagr,0.01948348882008416
G23,G23__mom_12_1__top10__monthly__long_short__rev5,long_short,rev5,0.0,0.03,G00__mom_12_1__top10__monthly__long_short,delta_vs_same_scenario_G00,sharpe_excess_rf,0.10224910219744224
G23,G23__mom_12_1__top10__monthly__long_short__rev5,long_short,rev5,0.0,0.03,G00__mom_12_1__top10__monthly__long_short,delta_vs_same_scenario_G00,max_drawdown,0.18617612569293152
G23,G23__mom_12_1__top10__monthly__long_short__rev5,long_short,rev5,0.0,0.03,G00__mom_12_1__top10__monthly__long_short,delta_vs_same_scenario_G00,annualized_volatility,-0.050888556225872295
G23,G23__mom_12_1__top10__monthly__long_short__rev5,long_short,rev5,0.0,0.03,G00__mom_12_1__top10__monthly__long_short,delta_vs_same_scenario_G00,annualized_l1_turnover,3.97218522946965
G23,G23__mom_12_1__top10__monthly__long_short__rev5,long_short,rev5,5.0,0.0,G00__mom_12_1__top10__monthly__long_short,delta_vs_same_scenario_G00,cagr,0.017480867372135403
G23,G23__mom_12_1__top10__monthly__long_short__rev5,long_short,rev5,5.0,0.0,G00__mom_12_1__top10__monthly__long_short,delta_vs_same_scenario_G00,sharpe_excess_rf,0.10330218933444352
G23,G23__mom_12_1__top10__monthly__long_short__rev5,long_short,rev5,5.0,0.0,G00__mom_12_1__top10__monthly__long_short,delta_vs_same_scenario_G00,max_drawdown,0.17455033157196476
G23,G23__mom_12_1__top10__monthly__long_short__rev5,long_short,rev5,5.0,0.0,G00__mom_12_1__top10__monthly__long_short,delta_vs_same_scenario_G00,annualized_volatility,-0.05077290076419039
G23,G23__mom_12_1__top10__monthly__long_short__rev5,long_short,rev5,5.0,0.0,G00__mom_12_1__top10__monthly__long_short,delta_vs_same_scenario_G00,annualized_l1_turnover,3.9704086493044297
G23,G23__mom_12_1__top10__monthly__long_short__rev5,long_short,rev5,5.0,0.01,G00__mom_12_1__top10__monthly__long_short,delta_vs_same_scenario_G00,cagr,0.017411056302809647
G23,G23__mom_12_1__top10__monthly__long_short__rev5,long_short,rev5,5.0,0.01,G00__mom_12_1__top10__monthly__long_short,delta_vs_same_scenario_G00,sharpe_excess_rf,0.0973373943185307
G23,G23__mom_12_1__top10__monthly__long_short__rev5,long_short,rev5,5.0,0.01,G00__mom_12_1__top10__monthly__long_short,delta_vs_same_scenario_G00,max_drawdown,0.17941339312918314
G23,G23__mom_12_1__top10__monthly__long_short__rev5,long_short,rev5,5.0,0.01,G00__mom_12_1__top10__monthly__long_short,delta_vs_same_scenario_G00,annualized_volatility,-0.05078610945396014
G23,G23__mom_12_1__top10__monthly__long_short__rev5,long_short,rev5,5.0,0.01,G00__mom_12_1__top10__monthly__long_short,delta_vs_same_scenario_G00,annualized_l1_turnover,3.9710063015313644
G23,G23__mom_12_1__top10__monthly__long_short__rev5,long_short,rev5,5.0,0.03,G00__mom_12_1__top10__monthly__long_short,delta_vs_same_scenario_G00,cagr,0.01727422028314196
G23,G23__mom_12_1__top10__monthly__long_short__rev5,long_short,rev5,5.0,0.03,G00__mom_12_1__top10__monthly__long_short,delta_vs_same_scenario_G00,sharpe_excess_rf,0.08558114221991872
G23,G23__mom_12_1__top10__monthly__long_short__rev5,long_short,rev5,5.0,0.03,G00__mom_12_1__top10__monthly__long_short,delta_vs_same_scenario_G00,max_drawdown,0.18876572808484665
G23,G23__mom_12_1__top10__monthly__long_short__rev5,long_short,rev5,5.0,0.03,G00__mom_12_1__top10__monthly__long_short,delta_vs_same_scenario_G00,annualized_volatility,-0.05081217357323409
G23,G23__mom_12_1__top10__monthly__long_short__rev5,long_short,rev5,5.0,0.03,G00__mom_12_1__top10__monthly__long_short,delta_vs_same_scenario_G00,annualized_l1_turnover,3.97218522946965
G23,G23__mom_12_1__top10__monthly__long_short__rev5,long_short,rev5,10.0,0.0,G00__mom_12_1__top10__monthly__long_short,delta_vs_same_scenario_G00,cagr,0.015261885193765812
G23,G23__mom_12_1__top10__monthly__long_short__rev5,long_short,rev5,10.0,0.0,G00__mom_12_1__top10__monthly__long_short,delta_vs_same_scenario_G00,sharpe_excess_rf,0.08659415309015342
G23,G23__mom_12_1__top10__monthly__long_short__rev5,long_short,rev5,10.0,0.0,G00__mom_12_1__top10__monthly__long_short,delta_vs_same_scenario_G00,max_drawdown,0.1772945136190685
G23,G23__mom_12_1__top10__monthly__long_short__rev5,long_short,rev5,10.0,0.0,G00__mom_12_1__top10__monthly__long_short,delta_vs_same_scenario_G00,annualized_volatility,-0.05068031809905582
G23,G23__mom_12_1__top10__monthly__long_short__rev5,long_short,rev5,10.0,0.0,G00__mom_12_1__top10__monthly__long_short,delta_vs_same_scenario_G00,annualized_l1_turnover,3.9704086493044297
G23,G23__mom_12_1__top10__monthly__long_short__rev5,long_short,rev5,10.0,0.01,G00__mom_12_1__top10__monthly__long_short,delta_vs_same_scenario_G00,cagr,0.015202705036608609
G23,G23__mom_12_1__top10__monthly__long_short__rev5,long_short,rev5,10.0,0.01,G00__mom_12_1__top10__monthly__long_short,delta_vs_same_scenario_G00,sharpe_excess_rf,0.08064398904475431
G23,G23__mom_12_1__top10__monthly__long_short__rev5,long_short,rev5,10.0,0.01,G00__mom_12_1__top10__monthly__long_short,delta_vs_same_scenario_G00,max_drawdown,0.18208402996885953
G23,G23__mom_12_1__top10__monthly__long_short__rev5,long_short,rev5,10.0,0.01,G00__mom_12_1__top10__monthly__long_short,delta_vs_same_scenario_G00,annualized_volatility,-0.05069350170656378
G23,G23__mom_12_1__top10__monthly__long_short__rev5,long_short,rev5,10.0,0.01,G00__mom_12_1__top10__monthly__long_short,delta_vs_same_scenario_G00,annualized_l1_turnover,3.9710063015313644
G23,G23__mom_12_1__top10__monthly__long_short__rev5,long_short,rev5,10.0,0.03,G00__mom_12_1__top10__monthly__long_short,delta_vs_same_scenario_G00,cagr,0.015086683493449403
G23,G23__mom_12_1__top10__monthly__long_short__rev5,long_short,rev5,10.0,0.03,G00__mom_12_1__top10__monthly__long_short,delta_vs_same_scenario_G00,sharpe_excess_rf,0.06891657319069788
G23,G23__mom_12_1__top10__monthly__long_short__rev5,long_short,rev5,10.0,0.03,G00__mom_12_1__top10__monthly__long_short,delta_vs_same_scenario_G00,max_drawdown,0.19129427419710054
G23,G23__mom_12_1__top10__monthly__long_short__rev5,long_short,rev5,10.0,0.03,G00__mom_12_1__top10__monthly__long_short,delta_vs_same_scenario_G00,annualized_volatility,-0.05071951669695143
G23,G23__mom_12_1__top10__monthly__long_short__rev5,long_short,rev5,10.0,0.03,G00__mom_12_1__top10__monthly__long_short,delta_vs_same_scenario_G00,annualized_l1_turnover,3.97218522946965
G23,G23__mom_12_1__top10__monthly__long_short__rev5,long_short,rev5,20.0,0.0,G00__mom_12_1__top10__monthly__long_short,delta_vs_same_scenario_G00,cagr,0.01088941471225232
G23,G23__mom_12_1__top10__monthly__long_short__rev5,long_short,rev5,20.0,0.0,G00__mom_12_1__top10__monthly__long_short,delta_vs_same_scenario_G00,sharpe_excess_rf,0.053213534367797743
G23,G23__mom_12_1__top10__monthly__long_short__rev5,long_short,rev5,20.0,0.0,G00__mom_12_1__top10__monthly__long_short,delta_vs_same_scenario_G00,max_drawdown,0.18259486941154424
G23,G23__mom_12_1__top10__monthly__long_short__rev5,long_short,rev5,20.0,0.0,G00__mom_12_1__top10__monthly__long_short,delta_vs_same_scenario_G00,annualized_volatility,-0.05044651565272398
G23,G23__mom_12_1__top10__monthly__long_short__rev5,long_short,rev5,20.0,0.0,G00__mom_12_1__top10__monthly__long_short,delta_vs_same_scenario_G00,annualized_l1_turnover,3.9704086493044297
G23,G23__mom_12_1__top10__monthly__long_short__rev5,long_short,rev5,20.0,0.01,G00__mom_12_1__top10__monthly__long_short,delta_vs_same_scenario_G00,cagr,0.010851196591858597
G23,G23__mom_12_1__top10__monthly__long_short__rev5,long_short,rev5,20.0,0.01,G00__mom_12_1__top10__monthly__long_short,delta_vs_same_scenario_G00,sharpe_excess_rf,0.047301363174789474
G23,G23__mom_12_1__top10__monthly__long_short__rev5,long_short,rev5,20.0,0.01,G00__mom_12_1__top10__monthly__long_short,delta_vs_same_scenario_G00,max_drawdown,0.18724010970869787
G23,G23__mom_12_1__top10__monthly__long_short__rev5,long_short,rev5,20.0,0.01,G00__mom_12_1__top10__monthly__long_short,delta_vs_same_scenario_G00,annualized_volatility,-0.05045964169769909
G23,G23__mom_12_1__top10__monthly__long_short__rev5,long_short,rev5,20.0,0.01,G00__mom_12_1__top10__monthly__long_short,delta_vs_same_scenario_G00,annualized_l1_turnover,3.9710063015313644
G23,G23__mom_12_1__top10__monthly__long_short__rev5,long_short,rev5,20.0,0.03,G00__mom_12_1__top10__monthly__long_short,delta_vs_same_scenario_G00,cagr,0.010776216860743731
G23,G23__mom_12_1__top10__monthly__long_short__rev5,long_short,rev5,20.0,0.03,G00__mom_12_1__top10__monthly__long_short,delta_vs_same_scenario_G00,sharpe_excess_rf,0.035648823944078756
G23,G23__mom_12_1__top10__monthly__long_short__rev5,long_short,rev5,20.0,0.03,G00__mom_12_1__top10__monthly__long_short,delta_vs_same_scenario_G00,max_drawdown,0.196171620269329
G23,G23__mom_12_1__top10__monthly__long_short__rev5,long_short,rev5,20.0,0.03,G00__mom_12_1__top10__monthly__long_short,delta_vs_same_scenario_G00,annualized_volatility,-0.05048554382526618
G23,G23__mom_12_1__top10__monthly__long_short__rev5,long_short,rev5,20.0,0.03,G00__mom_12_1__top10__monthly__long_short,delta_vs_same_scenario_G00,annualized_l1_turnover,3.97218522946965
G23,G23__mom_12_1__top10__weekly__long_only__rev20,long_only,rev20,0.0,0.0,G00__mom_12_1__top10__weekly__long_only,delta_vs_same_scenario_G00,cagr,-0.10486256539862165
G23,G23__mom_12_1__top10__weekly__long_only__rev20,long_only,rev20,0.0,0.0,G00__mom_12_1__top10__weekly__long_only,delta_vs_same_scenario_G00,sharpe_excess_rf,-0.26938641796977664
G23,G23__mom_12_1__top10__weekly__long_only__rev20,long_only,rev20,0.0,0.0,G00__mom_12_1__top10__weekly__long_only,delta_vs_same_scenario_G00,max_drawdown,-0.3086606604042558
G23,G23__mom_12_1__top10__weekly__long_only__rev20,long_only,rev20,0.0,0.0,G00__mom_12_1__top10__weekly__long_only,delta_vs_same_scenario_G00,annualized_volatility,0.04128880443202193
G23,G23__mom_12_1__top10__weekly__long_only__rev20,long_only,rev20,0.0,0.0,G00__mom_12_1__top10__weekly__long_only,delta_vs_same_scenario_G00,annualized_l1_turnover,22.943246795071722
G23,G23__mom_12_1__top10__weekly__long_only__rev20,long_only,rev20,5.0,0.0,G00__mom_12_1__top10__weekly__long_only,delta_vs_same_scenario_G00,cagr,-0.11728744482224784
G23,G23__mom_12_1__top10__weekly__long_only__rev20,long_only,rev20,5.0,0.0,G00__mom_12_1__top10__weekly__long_only,delta_vs_same_scenario_G00,sharpe_excess_rf,-0.29765933108144327
G23,G23__mom_12_1__top10__weekly__long_only__rev20,long_only,rev20,5.0,0.0,G00__mom_12_1__top10__weekly__long_only,delta_vs_same_scenario_G00,max_drawdown,-0.30885683877798886
G23,G23__mom_12_1__top10__weekly__long_only__rev20,long_only,rev20,5.0,0.0,G00__mom_12_1__top10__weekly__long_only,delta_vs_same_scenario_G00,annualized_volatility,0.041229428804001766
G23,G23__mom_12_1__top10__weekly__long_only__rev20,long_only,rev20,5.0,0.0,G00__mom_12_1__top10__weekly__long_only,delta_vs_same_scenario_G00,annualized_l1_turnover,22.943246795071722
G23,G23__mom_12_1__top10__weekly__long_only__rev20,long_only,rev20,10.0,0.0,G00__mom_12_1__top10__weekly__long_only,delta_vs_same_scenario_G00,cagr,-0.1294396586701935
G23,G23__mom_12_1__top10__weekly__long_only__rev20,long_only,rev20,10.0,0.0,G00__mom_12_1__top10__weekly__long_only,delta_vs_same_scenario_G00,sharpe_excess_rf,-0.32595872526184905
G23,G23__mom_12_1__top10__weekly__long_only__rev20,long_only,rev20,10.0,0.0,G00__mom_12_1__top10__weekly__long_only,delta_vs_same_scenario_G00,max_drawdown,-0.3090524278694858
G23,G23__mom_12_1__top10__weekly__long_only__rev20,long_only,rev20,10.0,0.0,G00__mom_12_1__top10__weekly__long_only,delta_vs_same_scenario_G00,annualized_volatility,0.04119067621442857
G23,G23__mom_12_1__top10__weekly__long_only__rev20,long_only,rev20,10.0,0.0,G00__mom_12_1__top10__weekly__long_only,delta_vs_same_scenario_G00,annualized_l1_turnover,22.943246795071722
G23,G23__mom_12_1__top10__weekly__long_only__rev20,long_only,rev20,20.0,0.0,G00__mom_12_1__top10__weekly__long_only,delta_vs_same_scenario_G00,cagr,-0.15294426163299102
G23,G23__mom_12_1__top10__weekly__long_only__rev20,long_only,rev20,20.0,0.0,G00__mom_12_1__top10__weekly__long_only,delta_vs_same_scenario_G00,sharpe_excess_rf,-0.38260454179245185
G23,G23__mom_12_1__top10__weekly__long_only__rev20,long_only,rev20,20.0,0.0,G00__mom_12_1__top10__weekly__long_only,delta_vs_same_scenario_G00,max_drawdown,-0.314735429231647
G23,G23__mom_12_1__top10__weekly__long_only__rev20,long_only,rev20,20.0,0.0,G00__mom_12_1__top10__weekly__long_only,delta_vs_same_scenario_G00,annualized_volatility,0.041175050254026124
G23,G23__mom_12_1__top10__weekly__long_only__rev20,long_only,rev20,20.0,0.0,G00__mom_12_1__top10__weekly__long_only,delta_vs_same_scenario_G00,annualized_l1_turnover,22.943246795071722
G23,G23__mom_12_1__top10__weekly__long_only__rev5,long_only,rev5,0.0,0.0,G00__mom_12_1__top10__weekly__long_only,delta_vs_same_scenario_G00,cagr,0.0017675013617438062
G23,G23__mom_12_1__top10__weekly__long_only__rev5,long_only,rev5,0.0,0.0,G00__mom_12_1__top10__weekly__long_only,delta_vs_same_scenario_G00,sharpe_excess_rf,-0.026859818107948352
G23,G23__mom_12_1__top10__weekly__long_only__rev5,long_only,rev5,0.0,0.0,G00__mom_12_1__top10__weekly__long_only,delta_vs_same_scenario_G00,max_drawdown,-0.30824830861499813
G23,G23__mom_12_1__top10__weekly__long_only__rev5,long_only,rev5,0.0,0.0,G00__mom_12_1__top10__weekly__long_only,delta_vs_same_scenario_G00,annualized_volatility,0.031204948064376514
G23,G23__mom_12_1__top10__weekly__long_only__rev5,long_only,rev5,0.0,0.0,G00__mom_12_1__top10__weekly__long_only,delta_vs_same_scenario_G00,annualized_l1_turnover,35.710502473188015
G23,G23__mom_12_1__top10__weekly__long_only__rev5,long_only,rev5,5.0,0.0,G00__mom_12_1__top10__weekly__long_only,delta_vs_same_scenario_G00,cagr,-0.020264816626223592
G23,G23__mom_12_1__top10__weekly__long_only__rev5,long_only,rev5,5.0,0.0,G00__mom_12_1__top10__weekly__long_only,delta_vs_same_scenario_G00,sharpe_excess_rf,-0.0733508085049559
G23,G23__mom_12_1__top10__weekly__long_only__rev5,long_only,rev5,5.0,0.0,G00__mom_12_1__top10__weekly__long_only,delta_vs_same_scenario_G00,max_drawdown,-0.3085625958481414
G23,G23__mom_12_1__top10__weekly__long_only__rev5,long_only,rev5,5.0,0.0,G00__mom_12_1__top10__weekly__long_only,delta_vs_same_scenario_G00,annualized_volatility,0.03100285417997467
G23,G23__mom_12_1__top10__weekly__long_only__rev5,long_only,rev5,5.0,0.0,G00__mom_12_1__top10__weekly__long_only,delta_vs_same_scenario_G00,annualized_l1_turnover,35.710502473188015
G23,G23__mom_12_1__top10__weekly__long_only__rev5,long_only,rev5,10.0,0.0,G00__mom_12_1__top10__weekly__long_only,delta_vs_same_scenario_G00,cagr,-0.04169671272348388
G23,G23__mom_12_1__top10__weekly__long_only__rev5,long_only,rev5,10.0,0.0,G00__mom_12_1__top10__weekly__long_only,delta_vs_same_scenario_G00,sharpe_excess_rf,-0.11997127369627458
G23,G23__mom_12_1__top10__weekly__long_only__rev5,long_only,rev5,10.0,0.0,G00__mom_12_1__top10__weekly__long_only,delta_vs_same_scenario_G00,max_drawdown,-0.30887590061588205
G23,G23__mom_12_1__top10__weekly__long_only__rev5,long_only,rev5,10.0,0.0,G00__mom_12_1__top10__weekly__long_only,delta_vs_same_scenario_G00,annualized_volatility,0.03084431741674931
G23,G23__mom_12_1__top10__weekly__long_only__rev5,long_only,rev5,10.0,0.0,G00__mom_12_1__top10__weekly__long_only,delta_vs_same_scenario_G00,annualized_l1_turnover,35.710502473188015
G23,G23__mom_12_1__top10__weekly__long_only__rev5,long_only,rev5,20.0,0.0,G00__mom_12_1__top10__weekly__long_only,delta_vs_same_scenario_G00,cagr,-0.0828122387535839
G23,G23__mom_12_1__top10__weekly__long_only__rev5,long_only,rev5,20.0,0.0,G00__mom_12_1__top10__weekly__long_only,delta_vs_same_scenario_G00,sharpe_excess_rf,-0.2135068228681089
G23,G23__mom_12_1__top10__weekly__long_only__rev5,long_only,rev5,20.0,0.0,G00__mom_12_1__top10__weekly__long_only,delta_vs_same_scenario_G00,max_drawdown,-0.30949956595316575
G23,G23__mom_12_1__top10__weekly__long_only__rev5,long_only,rev5,20.0,0.0,G00__mom_12_1__top10__weekly__long_only,delta_vs_same_scenario_G00,annualized_volatility,0.03065810871918151
G23,G23__mom_12_1__top10__weekly__long_only__rev5,long_only,rev5,20.0,0.0,G00__mom_12_1__top10__weekly__long_only,delta_vs_same_scenario_G00,annualized_l1_turnover,35.710502473188015
G23,G23__mom_12_1__top10__weekly__long_short__rev20,long_short,rev20,0.0,0.0,G00__mom_12_1__top10__weekly__long_short,delta_vs_same_scenario_G00,cagr,0.06069562533153188
G23,G23__mom_12_1__top10__weekly__long_short__rev20,long_short,rev20,0.0,0.0,G00__mom_12_1__top10__weekly__long_short,delta_vs_same_scenario_G00,sharpe_excess_rf,0.2671063526703241
G23,G23__mom_12_1__top10__weekly__long_short__rev20,long_short,rev20,0.0,0.0,G00__mom_12_1__top10__weekly__long_short,delta_vs_same_scenario_G00,max_drawdown,0.24812109319208675
G23,G23__mom_12_1__top10__weekly__long_short__rev20,long_short,rev20,0.0,0.0,G00__mom_12_1__top10__weekly__long_short,delta_vs_same_scenario_G00,annualized_volatility,-0.022120323064770714
G23,G23__mom_12_1__top10__weekly__long_short__rev20,long_short,rev20,0.0,0.0,G00__mom_12_1__top10__weekly__long_short,delta_vs_same_scenario_G00,annualized_l1_turnover,14.07157397795957
G23,G23__mom_12_1__top10__weekly__long_short__rev20,long_short,rev20,0.0,0.01,G00__mom_12_1__top10__weekly__long_short,delta_vs_same_scenario_G00,cagr,0.06040729822899339
G23,G23__mom_12_1__top10__weekly__long_short__rev20,long_short,rev20,0.0,0.01,G00__mom_12_1__top10__weekly__long_short,delta_vs_same_scenario_G00,sharpe_excess_rf,0.26483302093172106
G23,G23__mom_12_1__top10__weekly__long_short__rev20,long_short,rev20,0.0,0.01,G00__mom_12_1__top10__weekly__long_short,delta_vs_same_scenario_G00,max_drawdown,0.2469418645414443
G23,G23__mom_12_1__top10__weekly__long_short__rev20,long_short,rev20,0.0,0.01,G00__mom_12_1__top10__weekly__long_short,delta_vs_same_scenario_G00,annualized_volatility,-0.022123327860582576
G23,G23__mom_12_1__top10__weekly__long_short__rev20,long_short,rev20,0.0,0.01,G00__mom_12_1__top10__weekly__long_short,delta_vs_same_scenario_G00,annualized_l1_turnover,14.072115753307289
G23,G23__mom_12_1__top10__weekly__long_short__rev20,long_short,rev20,0.0,0.03,G00__mom_12_1__top10__weekly__long_short,delta_vs_same_scenario_G00,cagr,0.05984300448316153
G23,G23__mom_12_1__top10__weekly__long_short__rev20,long_short,rev20,0.0,0.03,G00__mom_12_1__top10__weekly__long_short,delta_vs_same_scenario_G00,sharpe_excess_rf,0.2603521847286351
G23,G23__mom_12_1__top10__weekly__long_short__rev20,long_short,rev20,0.0,0.03,G00__mom_12_1__top10__weekly__long_short,delta_vs_same_scenario_G00,max_drawdown,0.24459283893652006
G23,G23__mom_12_1__top10__weekly__long_short__rev20,long_short,rev20,0.0,0.03,G00__mom_12_1__top10__weekly__long_short,delta_vs_same_scenario_G00,annualized_volatility,-0.02212925181934744
G23,G23__mom_12_1__top10__weekly__long_short__rev20,long_short,rev20,0.0,0.03,G00__mom_12_1__top10__weekly__long_short,delta_vs_same_scenario_G00,annualized_l1_turnover,14.073179632607122
G23,G23__mom_12_1__top10__weekly__long_short__rev20,long_short,rev20,5.0,0.0,G00__mom_12_1__top10__weekly__long_short,delta_vs_same_scenario_G00,cagr,0.05263560946868198
G23,G23__mom_12_1__top10__weekly__long_short__rev20,long_short,rev20,5.0,0.0,G00__mom_12_1__top10__weekly__long_short,delta_vs_same_scenario_G00,sharpe_excess_rf,0.23043326683632714
G23,G23__mom_12_1__top10__weekly__long_short__rev20,long_short,rev20,5.0,0.0,G00__mom_12_1__top10__weekly__long_short,delta_vs_same_scenario_G00,max_drawdown,0.24147670478043326
G23,G23__mom_12_1__top10__weekly__long_short__rev20,long_short,rev20,5.0,0.0,G00__mom_12_1__top10__weekly__long_short,delta_vs_same_scenario_G00,annualized_volatility,-0.022204165561971606
G23,G23__mom_12_1__top10__weekly__long_short__rev20,long_short,rev20,5.0,0.0,G00__mom_12_1__top10__weekly__long_short,delta_vs_same_scenario_G00,annualized_l1_turnover,14.071573977959565
G23,G23__mom_12_1__top10__weekly__long_short__rev20,long_short,rev20,5.0,0.01,G00__mom_12_1__top10__weekly__long_short,delta_vs_same_scenario_G00,cagr,0.05238681057575885
G23,G23__mom_12_1__top10__weekly__long_short__rev20,long_short,rev20,5.0,0.01,G00__mom_12_1__top10__weekly__long_short,delta_vs_same_scenario_G00,sharpe_excess_rf,0.22815253003580951
G23,G23__mom_12_1__top10__weekly__long_short__rev20,long_short,rev20,5.0,0.01,G00__mom_12_1__top10__weekly__long_short,delta_vs_same_scenario_G00,max_drawdown,0.24034296278058853
G23,G23__mom_12_1__top10__weekly__long_short__rev20,long_short,rev20,5.0,0.01,G00__mom_12_1__top10__weekly__long_short,delta_vs_same_scenario_G00,annualized_volatility,-0.022207174785720263
G23,G23__mom_12_1__top10__weekly__long_short__rev20,long_short,rev20,5.0,0.01,G00__mom_12_1__top10__weekly__long_short,delta_vs_same_scenario_G00,annualized_l1_turnover,14.072115753307289
G23,G23__mom_12_1__top10__weekly__long_short__rev20,long_short,rev20,5.0,0.03,G00__mom_12_1__top10__weekly__long_short,delta_vs_same_scenario_G00,cagr,0.05189986305082769
G23,G23__mom_12_1__top10__weekly__long_short__rev20,long_short,rev20,5.0,0.03,G00__mom_12_1__top10__weekly__long_short,delta_vs_same_scenario_G00,sharpe_excess_rf,0.22365710831888158
G23,G23__mom_12_1__top10__weekly__long_short__rev20,long_short,rev20,5.0,0.03,G00__mom_12_1__top10__weekly__long_short,delta_vs_same_scenario_G00,max_drawdown,0.238083215116765
G23,G23__mom_12_1__top10__weekly__long_short__rev20,long_short,rev20,5.0,0.03,G00__mom_12_1__top10__weekly__long_short,delta_vs_same_scenario_G00,annualized_volatility,-0.02221310737936444
G23,G23__mom_12_1__top10__weekly__long_short__rev20,long_short,rev20,5.0,0.03,G00__mom_12_1__top10__weekly__long_short,delta_vs_same_scenario_G00,annualized_l1_turnover,14.073179632607124
G23,G23__mom_12_1__top10__weekly__long_short__rev20,long_short,rev20,10.0,0.0,G00__mom_12_1__top10__weekly__long_short,delta_vs_same_scenario_G00,cagr,0.04471543013480703
G23,G23__mom_12_1__top10__weekly__long_short__rev20,long_short,rev20,10.0,0.0,G00__mom_12_1__top10__weekly__long_short,delta_vs_same_scenario_G00,sharpe_excess_rf,0.19368605466641026
G23,G23__mom_12_1__top10__weekly__long_short__rev20,long_short,rev20,10.0,0.0,G00__mom_12_1__top10__weekly__long_short,delta_vs_same_scenario_G00,max_drawdown,0.23160412478766024
G23,G23__mom_12_1__top10__weekly__long_short__rev20,long_short,rev20,10.0,0.0,G00__mom_12_1__top10__weekly__long_short,delta_vs_same_scenario_G00,annualized_volatility,-0.022263021417966017
G23,G23__mom_12_1__top10__weekly__long_short__rev20,long_short,rev20,10.0,0.0,G00__mom_12_1__top10__weekly__long_short,delta_vs_same_scenario_G00,annualized_l1_turnover,14.07157397795957
G23,G23__mom_12_1__top10__weekly__long_short__rev20,long_short,rev20,10.0,0.01,G00__mom_12_1__top10__weekly__long_short,delta_vs_same_scenario_G00,cagr,0.04450548186869008
G23,G23__mom_12_1__top10__weekly__long_short__rev20,long_short,rev20,10.0,0.01,G00__mom_12_1__top10__weekly__long_short,delta_vs_same_scenario_G00,sharpe_excess_rf,0.19140096369075169
G23,G23__mom_12_1__top10__weekly__long_short__rev20,long_short,rev20,10.0,0.01,G00__mom_12_1__top10__weekly__long_short,delta_vs_same_scenario_G00,max_drawdown,0.22930598807581803
G23,G23__mom_12_1__top10__weekly__long_short__rev20,long_short,rev20,10.0,0.01,G00__mom_12_1__top10__weekly__long_short,delta_vs_same_scenario_G00,annualized_volatility,-0.022266035083156638
G23,G23__mom_12_1__top10__weekly__long_short__rev20,long_short,rev20,10.0,0.01,G00__mom_12_1__top10__weekly__long_short,delta_vs_same_scenario_G00,annualized_l1_turnover,14.072115753307289
G23,G23__mom_12_1__top10__weekly__long_short__rev20,long_short,rev20,10.0,0.03,G00__mom_12_1__top10__weekly__long_short,delta_vs_same_scenario_G00,cagr,0.044094554755558096
G23,G23__mom_12_1__top10__weekly__long_short__rev20,long_short,rev20,10.0,0.03,G00__mom_12_1__top10__weekly__long_short,delta_vs_same_scenario_G00,sharpe_excess_rf,0.18689696756572857
G23,G23__mom_12_1__top10__weekly__long_short__rev20,long_short,rev20,10.0,0.03,G00__mom_12_1__top10__weekly__long_short,delta_vs_same_scenario_G00,max_drawdown,0.22483487277988967
G23,G23__mom_12_1__top10__weekly__long_short__rev20,long_short,rev20,10.0,0.03,G00__mom_12_1__top10__weekly__long_short,delta_vs_same_scenario_G00,annualized_volatility,-0.022271976334685778
G23,G23__mom_12_1__top10__weekly__long_short__rev20,long_short,rev20,10.0,0.03,G00__mom_12_1__top10__weekly__long_short,delta_vs_same_scenario_G00,annualized_l1_turnover,14.073179632607124
G23,G23__mom_12_1__top10__weekly__long_short__rev20,long_short,rev20,20.0,0.0,G00__mom_12_1__top10__weekly__long_short,delta_vs_same_scenario_G00,cagr,0.029287179166170192
G23,G23__mom_12_1__top10__weekly__long_short__rev20,long_short,rev20,20.0,0.0,G00__mom_12_1__top10__weekly__long_short,delta_vs_same_scenario_G00,sharpe_excess_rf,0.12007598089546066
G23,G23__mom_12_1__top10__weekly__long_short__rev20,long_short,rev20,20.0,0.0,G00__mom_12_1__top10__weekly__long_short,delta_vs_same_scenario_G00,max_drawdown,0.2034865186548157
G23,G23__mom_12_1__top10__weekly__long_short__rev20,long_short,rev20,20.0,0.0,G00__mom_12_1__top10__weekly__long_short,delta_vs_same_scenario_G00,annualized_volatility,-0.022305780634739175
G23,G23__mom_12_1__top10__weekly__long_short__rev20,long_short,rev20,20.0,0.0,G00__mom_12_1__top10__weekly__long_short,delta_vs_same_scenario_G00,annualized_l1_turnover,14.07157397795957
G23,G23__mom_12_1__top10__weekly__long_short__rev20,long_short,rev20,20.0,0.01,G00__mom_12_1__top10__weekly__long_short,delta_vs_same_scenario_G00,cagr,0.029152934811595983
G23,G23__mom_12_1__top10__weekly__long_short__rev20,long_short,rev20,20.0,0.01,G00__mom_12_1__top10__weekly__long_short,delta_vs_same_scenario_G00,sharpe_excess_rf,0.11779132254463198
G23,G23__mom_12_1__top10__weekly__long_short__rev20,long_short,rev20,20.0,0.01,G00__mom_12_1__top10__weekly__long_short,delta_vs_same_scenario_G00,max_drawdown,0.20142557709540598
G23,G23__mom_12_1__top10__weekly__long_short__rev20,long_short,rev20,20.0,0.01,G00__mom_12_1__top10__weekly__long_short,delta_vs_same_scenario_G00,annualized_volatility,-0.022308803233284907
G23,G23__mom_12_1__top10__weekly__long_short__rev20,long_short,rev20,20.0,0.01,G00__mom_12_1__top10__weekly__long_short,delta_vs_same_scenario_G00,annualized_l1_turnover,14.072115753307289
G23,G23__mom_12_1__top10__weekly__long_short__rev20,long_short,rev20,20.0,0.03,G00__mom_12_1__top10__weekly__long_short,delta_vs_same_scenario_G00,cagr,0.028890140371671973
G23,G23__mom_12_1__top10__weekly__long_short__rev20,long_short,rev20,20.0,0.03,G00__mom_12_1__top10__weekly__long_short,delta_vs_same_scenario_G00,sharpe_excess_rf,0.11328818796446526
G23,G23__mom_12_1__top10__weekly__long_short__rev20,long_short,rev20,20.0,0.03,G00__mom_12_1__top10__weekly__long_short,delta_vs_same_scenario_G00,max_drawdown,0.19741773301870946
G23,G23__mom_12_1__top10__weekly__long_short__rev20,long_short,rev20,20.0,0.03,G00__mom_12_1__top10__weekly__long_short,delta_vs_same_scenario_G00,annualized_volatility,-0.02231476188879411
G23,G23__mom_12_1__top10__weekly__long_short__rev20,long_short,rev20,20.0,0.03,G00__mom_12_1__top10__weekly__long_short,delta_vs_same_scenario_G00,annualized_l1_turnover,14.073179632607124
G23,G23__mom_12_1__top10__weekly__long_short__rev5,long_short,rev5,0.0,0.0,G00__mom_12_1__top10__weekly__long_short,delta_vs_same_scenario_G00,cagr,0.07967455995884071
G23,G23__mom_12_1__top10__weekly__long_short__rev5,long_short,rev5,0.0,0.0,G00__mom_12_1__top10__weekly__long_short,delta_vs_same_scenario_G00,sharpe_excess_rf,0.36352091342440174
G23,G23__mom_12_1__top10__weekly__long_short__rev5,long_short,rev5,0.0,0.0,G00__mom_12_1__top10__weekly__long_short,delta_vs_same_scenario_G00,max_drawdown,0.2861880988289093
G23,G23__mom_12_1__top10__weekly__long_short__rev5,long_short,rev5,0.0,0.0,G00__mom_12_1__top10__weekly__long_short,delta_vs_same_scenario_G00,annualized_volatility,-0.03081138225170174
G23,G23__mom_12_1__top10__weekly__long_short__rev5,long_short,rev5,0.0,0.0,G00__mom_12_1__top10__weekly__long_short,delta_vs_same_scenario_G00,annualized_l1_turnover,22.168274863202566
G23,G23__mom_12_1__top10__weekly__long_short__rev5,long_short,rev5,0.0,0.01,G00__mom_12_1__top10__weekly__long_short,delta_vs_same_scenario_G00,cagr,0.07929585600843693
G23,G23__mom_12_1__top10__weekly__long_short__rev5,long_short,rev5,0.0,0.01,G00__mom_12_1__top10__weekly__long_short,delta_vs_same_scenario_G00,sharpe_excess_rf,0.3602096811848111
G23,G23__mom_12_1__top10__weekly__long_short__rev5,long_short,rev5,0.0,0.01,G00__mom_12_1__top10__weekly__long_short,delta_vs_same_scenario_G00,max_drawdown,0.2845148056578166
G23,G23__mom_12_1__top10__weekly__long_short__rev5,long_short,rev5,0.0,0.01,G00__mom_12_1__top10__weekly__long_short,delta_vs_same_scenario_G00,annualized_volatility,-0.030814670877680805
G23,G23__mom_12_1__top10__weekly__long_short__rev5,long_short,rev5,0.0,0.01,G00__mom_12_1__top10__weekly__long_short,delta_vs_same_scenario_G00,annualized_l1_turnover,22.16915420876333
G23,G23__mom_12_1__top10__weekly__long_short__rev5,long_short,rev5,0.0,0.03,G00__mom_12_1__top10__weekly__long_short,delta_vs_same_scenario_G00,cagr,0.07855468388991853
G23,G23__mom_12_1__top10__weekly__long_short__rev5,long_short,rev5,0.0,0.03,G00__mom_12_1__top10__weekly__long_short,delta_vs_same_scenario_G00,sharpe_excess_rf,0.35368367795944766
G23,G23__mom_12_1__top10__weekly__long_short__rev5,long_short,rev5,0.0,0.03,G00__mom_12_1__top10__weekly__long_short,delta_vs_same_scenario_G00,max_drawdown,0.28121017131751214
G23,G23__mom_12_1__top10__weekly__long_short__rev5,long_short,rev5,0.0,0.03,G00__mom_12_1__top10__weekly__long_short,delta_vs_same_scenario_G00,annualized_volatility,-0.030821153709088833
G23,G23__mom_12_1__top10__weekly__long_short__rev5,long_short,rev5,0.0,0.03,G00__mom_12_1__top10__weekly__long_short,delta_vs_same_scenario_G00,annualized_l1_turnover,22.1708805495145
G23,G23__mom_12_1__top10__weekly__long_short__rev5,long_short,rev5,5.0,0.0,G00__mom_12_1__top10__weekly__long_short,delta_vs_same_scenario_G00,cagr,0.06688496594721863
G23,G23__mom_12_1__top10__weekly__long_short__rev5,long_short,rev5,5.0,0.0,G00__mom_12_1__top10__weekly__long_short,delta_vs_same_scenario_G00,sharpe_excess_rf,0.30398390639161604
G23,G23__mom_12_1__top10__weekly__long_short__rev5,long_short,rev5,5.0,0.0,G00__mom_12_1__top10__weekly__long_short,delta_vs_same_scenario_G00,max_drawdown,0.2754120991505026
G23,G23__mom_12_1__top10__weekly__long_short__rev5,long_short,rev5,5.0,0.0,G00__mom_12_1__top10__weekly__long_short,delta_vs_same_scenario_G00,annualized_volatility,-0.03107603839109288
G23,G23__mom_12_1__top10__weekly__long_short__rev5,long_short,rev5,5.0,0.0,G00__mom_12_1__top10__weekly__long_short,delta_vs_same_scenario_G00,annualized_l1_turnover,22.168274863202562
G23,G23__mom_12_1__top10__weekly__long_short__rev5,long_short,rev5,5.0,0.01,G00__mom_12_1__top10__weekly__long_short,delta_vs_same_scenario_G00,cagr,0.06656895737239561
G23,G23__mom_12_1__top10__weekly__long_short__rev5,long_short,rev5,5.0,0.01,G00__mom_12_1__top10__weekly__long_short,delta_vs_same_scenario_G00,sharpe_excess_rf,0.3006429978155566
G23,G23__mom_12_1__top10__weekly__long_short__rev5,long_short,rev5,5.0,0.01,G00__mom_12_1__top10__weekly__long_short,delta_vs_same_scenario_G00,max_drawdown,0.2738308387836875
G23,G23__mom_12_1__top10__weekly__long_short__rev5,long_short,rev5,5.0,0.01,G00__mom_12_1__top10__weekly__long_short,delta_vs_same_scenario_G00,annualized_volatility,-0.031079327581698735
G23,G23__mom_12_1__top10__weekly__long_short__rev5,long_short,rev5,5.0,0.01,G00__mom_12_1__top10__weekly__long_short,delta_vs_same_scenario_G00,annualized_l1_turnover,22.16915420876333
G23,G23__mom_12_1__top10__weekly__long_short__rev5,long_short,rev5,5.0,0.03,G00__mom_12_1__top10__weekly__long_short,delta_vs_same_scenario_G00,cagr,0.06595046445310712
G23,G23__mom_12_1__top10__weekly__long_short__rev5,long_short,rev5,5.0,0.03,G00__mom_12_1__top10__weekly__long_short,delta_vs_same_scenario_G00,sharpe_excess_rf,0.2940585382597617
G23,G23__mom_12_1__top10__weekly__long_short__rev5,long_short,rev5,5.0,0.03,G00__mom_12_1__top10__weekly__long_short,delta_vs_same_scenario_G00,max_drawdown,0.2707057015567438
G23,G23__mom_12_1__top10__weekly__long_short__rev5,long_short,rev5,5.0,0.03,G00__mom_12_1__top10__weekly__long_short,delta_vs_same_scenario_G00,annualized_volatility,-0.031085811566204463
G23,G23__mom_12_1__top10__weekly__long_short__rev5,long_short,rev5,5.0,0.03,G00__mom_12_1__top10__weekly__long_short,delta_vs_same_scenario_G00,annualized_l1_turnover,22.1708805495145
G23,G23__mom_12_1__top10__weekly__long_short__rev5,long_short,rev5,10.0,0.0,G00__mom_12_1__top10__weekly__long_short,delta_vs_same_scenario_G00,cagr,0.05436469679075859
G23,G23__mom_12_1__top10__weekly__long_short__rev5,long_short,rev5,10.0,0.0,G00__mom_12_1__top10__weekly__long_short,delta_vs_same_scenario_G00,sharpe_excess_rf,0.24414506676041248
G23,G23__mom_12_1__top10__weekly__long_short__rev5,long_short,rev5,10.0,0.0,G00__mom_12_1__top10__weekly__long_short,delta_vs_same_scenario_G00,max_drawdown,0.26496132541117
G23,G23__mom_12_1__top10__weekly__long_short__rev5,long_short,rev5,10.0,0.0,G00__mom_12_1__top10__weekly__long_short,delta_vs_same_scenario_G00,annualized_volatility,-0.03128650588905246
G23,G23__mom_12_1__top10__weekly__long_short__rev5,long_short,rev5,10.0,0.0,G00__mom_12_1__top10__weekly__long_short,delta_vs_same_scenario_G00,annualized_l1_turnover,22.168274863202566
G23,G23__mom_12_1__top10__weekly__long_short__rev5,long_short,rev5,10.0,0.01,G00__mom_12_1__top10__weekly__long_short,delta_vs_same_scenario_G00,cagr,0.05411007821265734
G23,G23__mom_12_1__top10__weekly__long_short__rev5,long_short,rev5,10.0,0.01,G00__mom_12_1__top10__weekly__long_short,delta_vs_same_scenario_G00,sharpe_excess_rf,0.2407815349532428
G23,G23__mom_12_1__top10__weekly__long_short__rev5,long_short,rev5,10.0,0.01,G00__mom_12_1__top10__weekly__long_short,delta_vs_same_scenario_G00,max_drawdown,0.26346900979630794
G23,G23__mom_12_1__top10__weekly__long_short__rev5,long_short,rev5,10.0,0.01,G00__mom_12_1__top10__weekly__long_short,delta_vs_same_scenario_G00,annualized_volatility,-0.03128979582616492
G23,G23__mom_12_1__top10__weekly__long_short__rev5,long_short,rev5,10.0,0.01,G00__mom_12_1__top10__weekly__long_short,delta_vs_same_scenario_G00,annualized_l1_turnover,22.16915420876333
G23,G23__mom_12_1__top10__weekly__long_short__rev5,long_short,rev5,10.0,0.03,G00__mom_12_1__top10__weekly__long_short,delta_vs_same_scenario_G00,cagr,0.05361171021292263
G23,G23__mom_12_1__top10__weekly__long_short__rev5,long_short,rev5,10.0,0.03,G00__mom_12_1__top10__weekly__long_short,delta_vs_same_scenario_G00,sharpe_excess_rf,0.23415251533584788
G23,G23__mom_12_1__top10__weekly__long_short__rev5,long_short,rev5,10.0,0.03,G00__mom_12_1__top10__weekly__long_short,delta_vs_same_scenario_G00,max_drawdown,0.26051736389631086
G23,G23__mom_12_1__top10__weekly__long_short__rev5,long_short,rev5,10.0,0.03,G00__mom_12_1__top10__weekly__long_short,delta_vs_same_scenario_G00,annualized_volatility,-0.03129628132728504
G23,G23__mom_12_1__top10__weekly__long_short__rev5,long_short,rev5,10.0,0.03,G00__mom_12_1__top10__weekly__long_short,delta_vs_same_scenario_G00,annualized_l1_turnover,22.1708805495145
G23,G23__mom_12_1__top10__weekly__long_short__rev5,long_short,rev5,20.0,0.0,G00__mom_12_1__top10__weekly__long_short,delta_vs_same_scenario_G00,cagr,0.0301143730541178
G23,G23__mom_12_1__top10__weekly__long_short__rev5,long_short,rev5,20.0,0.0,G00__mom_12_1__top10__weekly__long_short,delta_vs_same_scenario_G00,sharpe_excess_rf,0.12386739330909351
G23,G23__mom_12_1__top10__weekly__long_short__rev5,long_short,rev5,20.0,0.0,G00__mom_12_1__top10__weekly__long_short,delta_vs_same_scenario_G00,max_drawdown,0.2351908545693696
G23,G23__mom_12_1__top10__weekly__long_short__rev5,long_short,rev5,20.0,0.0,G00__mom_12_1__top10__weekly__long_short,delta_vs_same_scenario_G00,annualized_volatility,-0.03154437939390475
G23,G23__mom_12_1__top10__weekly__long_short__rev5,long_short,rev5,20.0,0.0,G00__mom_12_1__top10__weekly__long_short,delta_vs_same_scenario_G00,annualized_l1_turnover,22.168274863202566
G23,G23__mom_12_1__top10__weekly__long_short__rev5,long_short,rev5,20.0,0.01,G00__mom_12_1__top10__weekly__long_short,delta_vs_same_scenario_G00,cagr,0.02997870339708509
G23,G23__mom_12_1__top10__weekly__long_short__rev5,long_short,rev5,20.0,0.01,G00__mom_12_1__top10__weekly__long_short,delta_vs_same_scenario_G00,sharpe_excess_rf,0.12047993599193058
G23,G23__mom_12_1__top10__weekly__long_short__rev5,long_short,rev5,20.0,0.01,G00__mom_12_1__top10__weekly__long_short,delta_vs_same_scenario_G00,max_drawdown,0.23257885980280835
G23,G23__mom_12_1__top10__weekly__long_short__rev5,long_short,rev5,20.0,0.01,G00__mom_12_1__top10__weekly__long_short,delta_vs_same_scenario_G00,annualized_volatility,-0.03154767143864187
G23,G23__mom_12_1__top10__weekly__long_short__rev5,long_short,rev5,20.0,0.01,G00__mom_12_1__top10__weekly__long_short,delta_vs_same_scenario_G00,annualized_l1_turnover,22.16915420876333
G23,G23__mom_12_1__top10__weekly__long_short__rev5,long_short,rev5,20.0,0.03,G00__mom_12_1__top10__weekly__long_short,delta_vs_same_scenario_G00,cagr,0.029713088845732476
G23,G23__mom_12_1__top10__weekly__long_short__rev5,long_short,rev5,20.0,0.03,G00__mom_12_1__top10__weekly__long_short,delta_vs_same_scenario_G00,sharpe_excess_rf,0.11380380347804549
G23,G23__mom_12_1__top10__weekly__long_short__rev5,long_short,rev5,20.0,0.03,G00__mom_12_1__top10__weekly__long_short,delta_vs_same_scenario_G00,max_drawdown,0.22751099717725143
G23,G23__mom_12_1__top10__weekly__long_short__rev5,long_short,rev5,20.0,0.03,G00__mom_12_1__top10__weekly__long_short,delta_vs_same_scenario_G00,annualized_volatility,-0.03155416119793078
G23,G23__mom_12_1__top10__weekly__long_short__rev5,long_short,rev5,20.0,0.03,G00__mom_12_1__top10__weekly__long_short,delta_vs_same_scenario_G00,annualized_l1_turnover,22.1708805495145
G23,G23__mom_12_1__top20__monthly__long_only__rev20,long_only,rev20,0.0,0.0,G00__mom_12_1__top20__monthly__long_only,delta_vs_same_scenario_G00,cagr,-0.09339880713643992
G23,G23__mom_12_1__top20__monthly__long_only__rev20,long_only,rev20,0.0,0.0,G00__mom_12_1__top20__monthly__long_only,delta_vs_same_scenario_G00,sharpe_excess_rf,-0.2789975155345675
G23,G23__mom_12_1__top20__monthly__long_only__rev20,long_only,rev20,0.0,0.0,G00__mom_12_1__top20__monthly__long_only,delta_vs_same_scenario_G00,max_drawdown,-0.183454163415743
G23,G23__mom_12_1__top20__monthly__long_only__rev20,long_only,rev20,0.0,0.0,G00__mom_12_1__top20__monthly__long_only,delta_vs_same_scenario_G00,annualized_volatility,0.023791797103148715
G23,G23__mom_12_1__top20__monthly__long_only__rev20,long_only,rev20,0.0,0.0,G00__mom_12_1__top20__monthly__long_only,delta_vs_same_scenario_G00,annualized_l1_turnover,6.265911532298544
G23,G23__mom_12_1__top20__monthly__long_only__rev20,long_only,rev20,5.0,0.0,G00__mom_12_1__top20__monthly__long_only,delta_vs_same_scenario_G00,cagr,-0.09646697280250288
G23,G23__mom_12_1__top20__monthly__long_only__rev20,long_only,rev20,5.0,0.0,G00__mom_12_1__top20__monthly__long_only,delta_vs_same_scenario_G00,sharpe_excess_rf,-0.2877558109337688
G23,G23__mom_12_1__top20__monthly__long_only__rev20,long_only,rev20,5.0,0.0,G00__mom_12_1__top20__monthly__long_only,delta_vs_same_scenario_G00,max_drawdown,-0.18254051471825333
G23,G23__mom_12_1__top20__monthly__long_only__rev20,long_only,rev20,5.0,0.0,G00__mom_12_1__top20__monthly__long_only,delta_vs_same_scenario_G00,annualized_volatility,0.023795988020672898
G23,G23__mom_12_1__top20__monthly__long_only__rev20,long_only,rev20,5.0,0.0,G00__mom_12_1__top20__monthly__long_only,delta_vs_same_scenario_G00,annualized_l1_turnover,6.265911532298544
G23,G23__mom_12_1__top20__monthly__long_only__rev20,long_only,rev20,10.0,0.0,G00__mom_12_1__top20__monthly__long_only,delta_vs_same_scenario_G00,cagr,-0.09950224344597572
G23,G23__mom_12_1__top20__monthly__long_only__rev20,long_only,rev20,10.0,0.0,G00__mom_12_1__top20__monthly__long_only,delta_vs_same_scenario_G00,sharpe_excess_rf,-0.29652080713204887
G23,G23__mom_12_1__top20__monthly__long_only__rev20,long_only,rev20,10.0,0.0,G00__mom_12_1__top20__monthly__long_only,delta_vs_same_scenario_G00,max_drawdown,-0.17830901237436186
G23,G23__mom_12_1__top20__monthly__long_only__rev20,long_only,rev20,10.0,0.0,G00__mom_12_1__top20__monthly__long_only,delta_vs_same_scenario_G00,annualized_volatility,0.02381164047196538
G23,G23__mom_12_1__top20__monthly__long_only__rev20,long_only,rev20,10.0,0.0,G00__mom_12_1__top20__monthly__long_only,delta_vs_same_scenario_G00,annualized_l1_turnover,6.265911532298544
G23,G23__mom_12_1__top20__monthly__long_only__rev20,long_only,rev20,20.0,0.0,G00__mom_12_1__top20__monthly__long_only,delta_vs_same_scenario_G00,cagr,-0.10547501454798344
G23,G23__mom_12_1__top20__monthly__long_only__rev20,long_only,rev20,20.0,0.0,G00__mom_12_1__top20__monthly__long_only,delta_vs_same_scenario_G00,sharpe_excess_rf,-0.31405990228660846
G23,G23__mom_12_1__top20__monthly__long_only__rev20,long_only,rev20,20.0,0.0,G00__mom_12_1__top20__monthly__long_only,delta_vs_same_scenario_G00,max_drawdown,-0.16994615999483575
G23,G23__mom_12_1__top20__monthly__long_only__rev20,long_only,rev20,20.0,0.0,G00__mom_12_1__top20__monthly__long_only,delta_vs_same_scenario_G00,annualized_volatility,0.023877318821341587
G23,G23__mom_12_1__top20__monthly__long_only__rev20,long_only,rev20,20.0,0.0,G00__mom_12_1__top20__monthly__long_only,delta_vs_same_scenario_G00,annualized_l1_turnover,6.265911532298542
G23,G23__mom_12_1__top20__monthly__long_only__rev5,long_only,rev5,0.0,0.0,G00__mom_12_1__top20__monthly__long_only,delta_vs_same_scenario_G00,cagr,-0.09598011352134686
G23,G23__mom_12_1__top20__monthly__long_only__rev5,long_only,rev5,0.0,0.0,G00__mom_12_1__top20__monthly__long_only,delta_vs_same_scenario_G00,sharpe_excess_rf,-0.28488209934706704
G23,G23__mom_12_1__top20__monthly__long_only__rev5,long_only,rev5,0.0,0.0,G00__mom_12_1__top20__monthly__long_only,delta_vs_same_scenario_G00,max_drawdown,-0.22988181719314743
G23,G23__mom_12_1__top20__monthly__long_only__rev5,long_only,rev5,0.0,0.0,G00__mom_12_1__top20__monthly__long_only,delta_vs_same_scenario_G00,annualized_volatility,0.01896499291968018
G23,G23__mom_12_1__top20__monthly__long_only__rev5,long_only,rev5,0.0,0.0,G00__mom_12_1__top20__monthly__long_only,delta_vs_same_scenario_G00,annualized_l1_turnover,6.279339431216865
G23,G23__mom_12_1__top20__monthly__long_only__rev5,long_only,rev5,5.0,0.0,G00__mom_12_1__top20__monthly__long_only,delta_vs_same_scenario_G00,cagr,-0.099037174707782
G23,G23__mom_12_1__top20__monthly__long_only__rev5,long_only,rev5,5.0,0.0,G00__mom_12_1__top20__monthly__long_only,delta_vs_same_scenario_G00,sharpe_excess_rf,-0.2940103286553256
G23,G23__mom_12_1__top20__monthly__long_only__rev5,long_only,rev5,5.0,0.0,G00__mom_12_1__top20__monthly__long_only,delta_vs_same_scenario_G00,max_drawdown,-0.2289217408418805
G23,G23__mom_12_1__top20__monthly__long_only__rev5,long_only,rev5,5.0,0.0,G00__mom_12_1__top20__monthly__long_only,delta_vs_same_scenario_G00,annualized_volatility,0.019013677769068205
G23,G23__mom_12_1__top20__monthly__long_only__rev5,long_only,rev5,5.0,0.0,G00__mom_12_1__top20__monthly__long_only,delta_vs_same_scenario_G00,annualized_l1_turnover,6.279339431216865
G23,G23__mom_12_1__top20__monthly__long_only__rev5,long_only,rev5,10.0,0.0,G00__mom_12_1__top20__monthly__long_only,delta_vs_same_scenario_G00,cagr,-0.10206137625410952
G23,G23__mom_12_1__top20__monthly__long_only__rev5,long_only,rev5,10.0,0.0,G00__mom_12_1__top20__monthly__long_only,delta_vs_same_scenario_G00,sharpe_excess_rf,-0.3031390222539206
G23,G23__mom_12_1__top20__monthly__long_only__rev5,long_only,rev5,10.0,0.0,G00__mom_12_1__top20__monthly__long_only,delta_vs_same_scenario_G00,max_drawdown,-0.22464381084421176
G23,G23__mom_12_1__top20__monthly__long_only__rev5,long_only,rev5,10.0,0.0,G00__mom_12_1__top20__monthly__long_only,delta_vs_same_scenario_G00,annualized_volatility,0.019074042165261318
G23,G23__mom_12_1__top20__monthly__long_only__rev5,long_only,rev5,10.0,0.0,G00__mom_12_1__top20__monthly__long_only,delta_vs_same_scenario_G00,annualized_l1_turnover,6.279339431216865
G23,G23__mom_12_1__top20__monthly__long_only__rev5,long_only,rev5,20.0,0.0,G00__mom_12_1__top20__monthly__long_only,delta_vs_same_scenario_G00,cagr,-0.10801211507999883
G23,G23__mom_12_1__top20__monthly__long_only__rev5,long_only,rev5,20.0,0.0,G00__mom_12_1__top20__monthly__long_only,delta_vs_same_scenario_G00,sharpe_excess_rf,-0.32138614947423977
G23,G23__mom_12_1__top20__monthly__long_only__rev5,long_only,rev5,20.0,0.0,G00__mom_12_1__top20__monthly__long_only,delta_vs_same_scenario_G00,max_drawdown,-0.21618810315713055
G23,G23__mom_12_1__top20__monthly__long_only__rev5,long_only,rev5,20.0,0.0,G00__mom_12_1__top20__monthly__long_only,delta_vs_same_scenario_G00,annualized_volatility,0.019229770098697807
G23,G23__mom_12_1__top20__monthly__long_only__rev5,long_only,rev5,20.0,0.0,G00__mom_12_1__top20__monthly__long_only,delta_vs_same_scenario_G00,annualized_l1_turnover,6.279339431216863
G23,G23__mom_12_1__top20__monthly__long_short__rev20,long_short,rev20,0.0,0.0,G00__mom_12_1__top20__monthly__long_short,delta_vs_same_scenario_G00,cagr,0.00739483956929312
G23,G23__mom_12_1__top20__monthly__long_short__rev20,long_short,rev20,0.0,0.0,G00__mom_12_1__top20__monthly__long_short,delta_vs_same_scenario_G00,sharpe_excess_rf,0.054712347341855705
G23,G23__mom_12_1__top20__monthly__long_short__rev20,long_short,rev20,0.0,0.0,G00__mom_12_1__top20__monthly__long_short,delta_vs_same_scenario_G00,max_drawdown,0.20165780660884414
G23,G23__mom_12_1__top20__monthly__long_short__rev20,long_short,rev20,0.0,0.0,G00__mom_12_1__top20__monthly__long_short,delta_vs_same_scenario_G00,annualized_volatility,-0.03621811533366376
G23,G23__mom_12_1__top20__monthly__long_short__rev20,long_short,rev20,0.0,0.0,G00__mom_12_1__top20__monthly__long_short,delta_vs_same_scenario_G00,annualized_l1_turnover,3.767595592182083
G23,G23__mom_12_1__top20__monthly__long_short__rev20,long_short,rev20,0.0,0.01,G00__mom_12_1__top20__monthly__long_short,delta_vs_same_scenario_G00,cagr,0.007373808327198
G23,G23__mom_12_1__top20__monthly__long_short__rev20,long_short,rev20,0.0,0.01,G00__mom_12_1__top20__monthly__long_short,delta_vs_same_scenario_G00,sharpe_excess_rf,0.04893051293158285
G23,G23__mom_12_1__top20__monthly__long_short__rev20,long_short,rev20,0.0,0.01,G00__mom_12_1__top20__monthly__long_short,delta_vs_same_scenario_G00,max_drawdown,0.20492775206800562
G23,G23__mom_12_1__top20__monthly__long_short__rev20,long_short,rev20,0.0,0.01,G00__mom_12_1__top20__monthly__long_short,delta_vs_same_scenario_G00,annualized_volatility,-0.03622822909863804
G23,G23__mom_12_1__top20__monthly__long_short__rev20,long_short,rev20,0.0,0.01,G00__mom_12_1__top20__monthly__long_short,delta_vs_same_scenario_G00,annualized_l1_turnover,3.7681309034149297
G23,G23__mom_12_1__top20__monthly__long_short__rev20,long_short,rev20,0.0,0.03,G00__mom_12_1__top20__monthly__long_short,delta_vs_same_scenario_G00,cagr,0.007332465340971248
G23,G23__mom_12_1__top20__monthly__long_short__rev20,long_short,rev20,0.0,0.03,G00__mom_12_1__top20__monthly__long_short,delta_vs_same_scenario_G00,sharpe_excess_rf,0.03753409091444335
G23,G23__mom_12_1__top20__monthly__long_short__rev20,long_short,rev20,0.0,0.03,G00__mom_12_1__top20__monthly__long_short,delta_vs_same_scenario_G00,max_drawdown,0.21123878107671734
G23,G23__mom_12_1__top20__monthly__long_short__rev20,long_short,rev20,0.0,0.03,G00__mom_12_1__top20__monthly__long_short,delta_vs_same_scenario_G00,annualized_volatility,-0.03624818726145179
G23,G23__mom_12_1__top20__monthly__long_short__rev20,long_short,rev20,0.0,0.03,G00__mom_12_1__top20__monthly__long_short,delta_vs_same_scenario_G00,annualized_l1_turnover,3.7691817367620875
G23,G23__mom_12_1__top20__monthly__long_short__rev20,long_short,rev20,5.0,0.0,G00__mom_12_1__top20__monthly__long_short,delta_vs_same_scenario_G00,cagr,0.005371451642503043
G23,G23__mom_12_1__top20__monthly__long_short__rev20,long_short,rev20,5.0,0.0,G00__mom_12_1__top20__monthly__long_short,delta_vs_same_scenario_G00,sharpe_excess_rf,0.03780515222067357
G23,G23__mom_12_1__top20__monthly__long_short__rev20,long_short,rev20,5.0,0.0,G00__mom_12_1__top20__monthly__long_short,delta_vs_same_scenario_G00,max_drawdown,0.2013318730382962
G23,G23__mom_12_1__top20__monthly__long_short__rev20,long_short,rev20,5.0,0.0,G00__mom_12_1__top20__monthly__long_short,delta_vs_same_scenario_G00,annualized_volatility,-0.036125188700361494
G23,G23__mom_12_1__top20__monthly__long_short__rev20,long_short,rev20,5.0,0.0,G00__mom_12_1__top20__monthly__long_short,delta_vs_same_scenario_G00,annualized_l1_turnover,3.767595592182083
G23,G23__mom_12_1__top20__monthly__long_short__rev20,long_short,rev20,5.0,0.01,G00__mom_12_1__top20__monthly__long_short,delta_vs_same_scenario_G00,cagr,0.005360152843508333
G23,G23__mom_12_1__top20__monthly__long_short__rev20,long_short,rev20,5.0,0.01,G00__mom_12_1__top20__monthly__long_short,delta_vs_same_scenario_G00,sharpe_excess_rf,0.03204174273945881
G23,G23__mom_12_1__top20__monthly__long_short__rev20,long_short,rev20,5.0,0.01,G00__mom_12_1__top20__monthly__long_short,delta_vs_same_scenario_G00,max_drawdown,0.20457071470278754
G23,G23__mom_12_1__top20__monthly__long_short__rev20,long_short,rev20,5.0,0.01,G00__mom_12_1__top20__monthly__long_short,delta_vs_same_scenario_G00,annualized_volatility,-0.03613528334515623
G23,G23__mom_12_1__top20__monthly__long_short__rev20,long_short,rev20,5.0,0.01,G00__mom_12_1__top20__monthly__long_short,delta_vs_same_scenario_G00,annualized_l1_turnover,3.7681309034149297
G23,G23__mom_12_1__top20__monthly__long_short__rev20,long_short,rev20,5.0,0.03,G00__mom_12_1__top20__monthly__long_short,delta_vs_same_scenario_G00,cagr,0.005337867268420365
G23,G23__mom_12_1__top20__monthly__long_short__rev20,long_short,rev20,5.0,0.03,G00__mom_12_1__top20__monthly__long_short,delta_vs_same_scenario_G00,sharpe_excess_rf,0.020681628357112763
G23,G23__mom_12_1__top20__monthly__long_short__rev20,long_short,rev20,5.0,0.03,G00__mom_12_1__top20__monthly__long_short,delta_vs_same_scenario_G00,max_drawdown,0.210821566234909
G23,G23__mom_12_1__top20__monthly__long_short__rev20,long_short,rev20,5.0,0.03,G00__mom_12_1__top20__monthly__long_short,delta_vs_same_scenario_G00,annualized_volatility,-0.03615520435124084
G23,G23__mom_12_1__top20__monthly__long_short__rev20,long_short,rev20,5.0,0.03,G00__mom_12_1__top20__monthly__long_short,delta_vs_same_scenario_G00,annualized_l1_turnover,3.7691817367620875
G23,G23__mom_12_1__top20__monthly__long_short__rev20,long_short,rev20,10.0,0.0,G00__mom_12_1__top20__monthly__long_short,delta_vs_same_scenario_G00,cagr,0.0033663449638497434
G23,G23__mom_12_1__top20__monthly__long_short__rev20,long_short,rev20,10.0,0.0,G00__mom_12_1__top20__monthly__long_short,delta_vs_same_scenario_G00,sharpe_excess_rf,0.020917645474862995
G23,G23__mom_12_1__top20__monthly__long_short__rev20,long_short,rev20,10.0,0.0,G00__mom_12_1__top20__monthly__long_short,delta_vs_same_scenario_G00,max_drawdown,0.20099675658046717
G23,G23__mom_12_1__top20__monthly__long_short__rev20,long_short,rev20,10.0,0.0,G00__mom_12_1__top20__monthly__long_short,delta_vs_same_scenario_G00,annualized_volatility,-0.036015883003691684
G23,G23__mom_12_1__top20__monthly__long_short__rev20,long_short,rev20,10.0,0.0,G00__mom_12_1__top20__monthly__long_short,delta_vs_same_scenario_G00,annualized_l1_turnover,3.767595592182083
G23,G23__mom_12_1__top20__monthly__long_short__rev20,long_short,rev20,10.0,0.01,G00__mom_12_1__top20__monthly__long_short,delta_vs_same_scenario_G00,cagr,0.0033646946423360885
G23,G23__mom_12_1__top20__monthly__long_short__rev20,long_short,rev20,10.0,0.01,G00__mom_12_1__top20__monthly__long_short,delta_vs_same_scenario_G00,sharpe_excess_rf,0.015176413081537055
G23,G23__mom_12_1__top20__monthly__long_short__rev20,long_short,rev20,10.0,0.01,G00__mom_12_1__top20__monthly__long_short,delta_vs_same_scenario_G00,max_drawdown,0.2042047683470714
G23,G23__mom_12_1__top20__monthly__long_short__rev20,long_short,rev20,10.0,0.01,G00__mom_12_1__top20__monthly__long_short,delta_vs_same_scenario_G00,annualized_volatility,-0.036025955937497994
G23,G23__mom_12_1__top20__monthly__long_short__rev20,long_short,rev20,10.0,0.01,G00__mom_12_1__top20__monthly__long_short,delta_vs_same_scenario_G00,annualized_l1_turnover,3.7681309034149297
G23,G23__mom_12_1__top20__monthly__long_short__rev20,long_short,rev20,10.0,0.03,G00__mom_12_1__top20__monthly__long_short,delta_vs_same_scenario_G00,cagr,0.0033613020691275024
G23,G23__mom_12_1__top20__monthly__long_short__rev20,long_short,rev20,10.0,0.03,G00__mom_12_1__top20__monthly__long_short,delta_vs_same_scenario_G00,sharpe_excess_rf,0.003860000210187814
G23,G23__mom_12_1__top20__monthly__long_short__rev20,long_short,rev20,10.0,0.03,G00__mom_12_1__top20__monthly__long_short,delta_vs_same_scenario_G00,max_drawdown,0.21039597328338894
G23,G23__mom_12_1__top20__monthly__long_short__rev20,long_short,rev20,10.0,0.03,G00__mom_12_1__top20__monthly__long_short,delta_vs_same_scenario_G00,annualized_volatility,-0.03604583466929956
G23,G23__mom_12_1__top20__monthly__long_short__rev20,long_short,rev20,10.0,0.03,G00__mom_12_1__top20__monthly__long_short,delta_vs_same_scenario_G00,annualized_l1_turnover,3.7691817367620875
G23,G23__mom_12_1__top20__monthly__long_short__rev20,long_short,rev20,20.0,0.0,G00__mom_12_1__top20__monthly__long_short,delta_vs_same_scenario_G00,cagr,-0.0005894737558928553
G23,G23__mom_12_1__top20__monthly__long_short__rev20,long_short,rev20,20.0,0.0,G00__mom_12_1__top20__monthly__long_short,delta_vs_same_scenario_G00,sharpe_excess_rf,-0.012737790913398495
G23,G23__mom_12_1__top20__monthly__long_short__rev20,long_short,rev20,20.0,0.0,G00__mom_12_1__top20__monthly__long_short,delta_vs_same_scenario_G00,max_drawdown,0.20029958230672457
G23,G23__mom_12_1__top20__monthly__long_short__rev20,long_short,rev20,20.0,0.0,G00__mom_12_1__top20__monthly__long_short,delta_vs_same_scenario_G00,annualized_volatility,-0.03574834896064005
G23,G23__mom_12_1__top20__monthly__long_short__rev20,long_short,rev20,20.0,0.0,G00__mom_12_1__top20__monthly__long_short,delta_vs_same_scenario_G00,annualized_l1_turnover,3.767595592182083
G23,G23__mom_12_1__top20__monthly__long_short__rev20,long_short,rev20,20.0,0.01,G00__mom_12_1__top20__monthly__long_short,delta_vs_same_scenario_G00,cagr,-0.0005720770590513374
G23,G23__mom_12_1__top20__monthly__long_short__rev20,long_short,rev20,20.0,0.01,G00__mom_12_1__top20__monthly__long_short,delta_vs_same_scenario_G00,sharpe_excess_rf,-0.018423540677603212
G23,G23__mom_12_1__top20__monthly__long_short__rev20,long_short,rev20,20.0,0.01,G00__mom_12_1__top20__monthly__long_short,delta_vs_same_scenario_G00,max_drawdown,0.20344674715267863
G23,G23__mom_12_1__top20__monthly__long_short__rev20,long_short,rev20,20.0,0.01,G00__mom_12_1__top20__monthly__long_short,delta_vs_same_scenario_G00,annualized_volatility,-0.035758370747964036
G23,G23__mom_12_1__top20__monthly__long_short__rev20,long_short,rev20,20.0,0.01,G00__mom_12_1__top20__monthly__long_short,delta_vs_same_scenario_G00,annualized_l1_turnover,3.7681309034149297
G23,G23__mom_12_1__top20__monthly__long_short__rev20,long_short,rev20,20.0,0.03,G00__mom_12_1__top20__monthly__long_short,delta_vs_same_scenario_G00,cagr,-0.0005381730183361931
G23,G23__mom_12_1__top20__monthly__long_short__rev20,long_short,rev20,20.0,0.03,G00__mom_12_1__top20__monthly__long_short,delta_vs_same_scenario_G00,sharpe_excess_rf,-0.02963062097385729
G23,G23__mom_12_1__top20__monthly__long_short__rev20,long_short,rev20,20.0,0.03,G00__mom_12_1__top20__monthly__long_short,delta_vs_same_scenario_G00,max_drawdown,0.20952023443288537
G23,G23__mom_12_1__top20__monthly__long_short__rev20,long_short,rev20,20.0,0.03,G00__mom_12_1__top20__monthly__long_short,delta_vs_same_scenario_G00,annualized_volatility,-0.03577814967228676
G23,G23__mom_12_1__top20__monthly__long_short__rev20,long_short,rev20,20.0,0.03,G00__mom_12_1__top20__monthly__long_short,delta_vs_same_scenario_G00,annualized_l1_turnover,3.7691817367620875
G23,G23__mom_12_1__top20__monthly__long_short__rev5,long_short,rev5,0.0,0.0,G00__mom_12_1__top20__monthly__long_short,delta_vs_same_scenario_G00,cagr,0.009250160866926004
G23,G23__mom_12_1__top20__monthly__long_short__rev5,long_short,rev5,0.0,0.0,G00__mom_12_1__top20__monthly__long_short,delta_vs_same_scenario_G00,sharpe_excess_rf,0.07717931797712518
G23,G23__mom_12_1__top20__monthly__long_short__rev5,long_short,rev5,0.0,0.0,G00__mom_12_1__top20__monthly__long_short,delta_vs_same_scenario_G00,max_drawdown,0.21932748852958683
G23,G23__mom_12_1__top20__monthly__long_short__rev5,long_short,rev5,0.0,0.0,G00__mom_12_1__top20__monthly__long_short,delta_vs_same_scenario_G00,annualized_volatility,-0.04782252889018726
G23,G23__mom_12_1__top20__monthly__long_short__rev5,long_short,rev5,0.0,0.0,G00__mom_12_1__top20__monthly__long_short,delta_vs_same_scenario_G00,annualized_l1_turnover,3.7282160085424643
G23,G23__mom_12_1__top20__monthly__long_short__rev5,long_short,rev5,0.0,0.01,G00__mom_12_1__top20__monthly__long_short,delta_vs_same_scenario_G00,cagr,0.009224328431487322
G23,G23__mom_12_1__top20__monthly__long_short__rev5,long_short,rev5,0.0,0.01,G00__mom_12_1__top20__monthly__long_short,delta_vs_same_scenario_G00,sharpe_excess_rf,0.06893416272953873
G23,G23__mom_12_1__top20__monthly__long_short__rev5,long_short,rev5,0.0,0.01,G00__mom_12_1__top20__monthly__long_short,delta_vs_same_scenario_G00,max_drawdown,0.22417252291270606
G23,G23__mom_12_1__top20__monthly__long_short__rev5,long_short,rev5,0.0,0.01,G00__mom_12_1__top20__monthly__long_short,delta_vs_same_scenario_G00,annualized_volatility,-0.0478349119802475
G23,G23__mom_12_1__top20__monthly__long_short__rev5,long_short,rev5,0.0,0.01,G00__mom_12_1__top20__monthly__long_short,delta_vs_same_scenario_G00,annualized_l1_turnover,3.728746713519641
G23,G23__mom_12_1__top20__monthly__long_short__rev5,long_short,rev5,0.0,0.03,G00__mom_12_1__top20__monthly__long_short,delta_vs_same_scenario_G00,cagr,0.00917352947301335
G23,G23__mom_12_1__top20__monthly__long_short__rev5,long_short,rev5,0.0,0.03,G00__mom_12_1__top20__monthly__long_short,delta_vs_same_scenario_G00,sharpe_excess_rf,0.052683297629645576
G23,G23__mom_12_1__top20__monthly__long_short__rev5,long_short,rev5,0.0,0.03,G00__mom_12_1__top20__monthly__long_short,delta_vs_same_scenario_G00,max_drawdown,0.2304576704774135
G23,G23__mom_12_1__top20__monthly__long_short__rev5,long_short,rev5,0.0,0.03,G00__mom_12_1__top20__monthly__long_short,delta_vs_same_scenario_G00,annualized_volatility,-0.04785934643000897
G23,G23__mom_12_1__top20__monthly__long_short__rev5,long_short,rev5,0.0,0.03,G00__mom_12_1__top20__monthly__long_short,delta_vs_same_scenario_G00,annualized_l1_turnover,3.7297932643887126
G23,G23__mom_12_1__top20__monthly__long_short__rev5,long_short,rev5,5.0,0.0,G00__mom_12_1__top20__monthly__long_short,delta_vs_same_scenario_G00,cagr,0.007236241552794308
G23,G23__mom_12_1__top20__monthly__long_short__rev5,long_short,rev5,5.0,0.0,G00__mom_12_1__top20__monthly__long_short,delta_vs_same_scenario_G00,sharpe_excess_rf,0.057324318851101036
G23,G23__mom_12_1__top20__monthly__long_short__rev5,long_short,rev5,5.0,0.0,G00__mom_12_1__top20__monthly__long_short,delta_vs_same_scenario_G00,max_drawdown,0.22137157757920262
G23,G23__mom_12_1__top20__monthly__long_short__rev5,long_short,rev5,5.0,0.0,G00__mom_12_1__top20__monthly__long_short,delta_vs_same_scenario_G00,annualized_volatility,-0.04772982109329532
G23,G23__mom_12_1__top20__monthly__long_short__rev5,long_short,rev5,5.0,0.0,G00__mom_12_1__top20__monthly__long_short,delta_vs_same_scenario_G00,annualized_l1_turnover,3.7282160085424643
G23,G23__mom_12_1__top20__monthly__long_short__rev5,long_short,rev5,5.0,0.01,G00__mom_12_1__top20__monthly__long_short,delta_vs_same_scenario_G00,cagr,0.0072200670342783616
G23,G23__mom_12_1__top20__monthly__long_short__rev5,long_short,rev5,5.0,0.01,G00__mom_12_1__top20__monthly__long_short,delta_vs_same_scenario_G00,sharpe_excess_rf,0.049100339313037394
G23,G23__mom_12_1__top20__monthly__long_short__rev5,long_short,rev5,5.0,0.01,G00__mom_12_1__top20__monthly__long_short,delta_vs_same_scenario_G00,max_drawdown,0.22459513508882534
G23,G23__mom_12_1__top20__monthly__long_short__rev5,long_short,rev5,5.0,0.01,G00__mom_12_1__top20__monthly__long_short,delta_vs_same_scenario_G00,annualized_volatility,-0.047742179294438664
G23,G23__mom_12_1__top20__monthly__long_short__rev5,long_short,rev5,5.0,0.01,G00__mom_12_1__top20__monthly__long_short,delta_vs_same_scenario_G00,annualized_l1_turnover,3.728746713519641
G23,G23__mom_12_1__top20__monthly__long_short__rev5,long_short,rev5,5.0,0.03,G00__mom_12_1__top20__monthly__long_short,delta_vs_same_scenario_G00,cagr,0.0071881773988485
G23,G23__mom_12_1__top20__monthly__long_short__rev5,long_short,rev5,5.0,0.03,G00__mom_12_1__top20__monthly__long_short,delta_vs_same_scenario_G00,sharpe_excess_rf,0.03289118777372049
G23,G23__mom_12_1__top20__monthly__long_short__rev5,long_short,rev5,5.0,0.03,G00__mom_12_1__top20__monthly__long_short,delta_vs_same_scenario_G00,max_drawdown,0.23081577644926543
G23,G23__mom_12_1__top20__monthly__long_short__rev5,long_short,rev5,5.0,0.03,G00__mom_12_1__top20__monthly__long_short,delta_vs_same_scenario_G00,annualized_volatility,-0.04776656501326268
G23,G23__mom_12_1__top20__monthly__long_short__rev5,long_short,rev5,5.0,0.03,G00__mom_12_1__top20__monthly__long_short,delta_vs_same_scenario_G00,annualized_l1_turnover,3.7297932643887126
G23,G23__mom_12_1__top20__monthly__long_short__rev5,long_short,rev5,10.0,0.0,G00__mom_12_1__top20__monthly__long_short,delta_vs_same_scenario_G00,cagr,0.005240456854362974
G23,G23__mom_12_1__top20__monthly__long_short__rev5,long_short,rev5,10.0,0.0,G00__mom_12_1__top20__monthly__long_short,delta_vs_same_scenario_G00,sharpe_excess_rf,0.03748798736882583
G23,G23__mom_12_1__top20__monthly__long_short__rev5,long_short,rev5,10.0,0.0,G00__mom_12_1__top20__monthly__long_short,delta_vs_same_scenario_G00,max_drawdown,0.22180920191258663
G23,G23__mom_12_1__top20__monthly__long_short__rev5,long_short,rev5,10.0,0.0,G00__mom_12_1__top20__monthly__long_short,delta_vs_same_scenario_G00,annualized_volatility,-0.0476191000739391
G23,G23__mom_12_1__top20__monthly__long_short__rev5,long_short,rev5,10.0,0.0,G00__mom_12_1__top20__monthly__long_short,delta_vs_same_scenario_G00,annualized_l1_turnover,3.7282160085424643
G23,G23__mom_12_1__top20__monthly__long_short__rev5,long_short,rev5,10.0,0.01,G00__mom_12_1__top20__monthly__long_short,delta_vs_same_scenario_G00,cagr,0.005233857119009214
G23,G23__mom_12_1__top20__monthly__long_short__rev5,long_short,rev5,10.0,0.01,G00__mom_12_1__top20__monthly__long_short,delta_vs_same_scenario_G00,sharpe_excess_rf,0.029290098020858357
G23,G23__mom_12_1__top20__monthly__long_short__rev5,long_short,rev5,10.0,0.01,G00__mom_12_1__top20__monthly__long_short,delta_vs_same_scenario_G00,max_drawdown,0.22499974785102966
G23,G23__mom_12_1__top20__monthly__long_short__rev5,long_short,rev5,10.0,0.01,G00__mom_12_1__top20__monthly__long_short,delta_vs_same_scenario_G00,annualized_volatility,-0.047631430434878
G23,G23__mom_12_1__top20__monthly__long_short__rev5,long_short,rev5,10.0,0.01,G00__mom_12_1__top20__monthly__long_short,delta_vs_same_scenario_G00,annualized_l1_turnover,3.728746713519641
G23,G23__mom_12_1__top20__monthly__long_short__rev5,long_short,rev5,10.0,0.03,G00__mom_12_1__top20__monthly__long_short,delta_vs_same_scenario_G00,cagr,0.0052207140505238885
G23,G23__mom_12_1__top20__monthly__long_short__rev5,long_short,rev5,10.0,0.03,G00__mom_12_1__top20__monthly__long_short,delta_vs_same_scenario_G00,sharpe_excess_rf,0.013132344574751417
G23,G23__mom_12_1__top20__monthly__long_short__rev5,long_short,rev5,10.0,0.03,G00__mom_12_1__top20__monthly__long_short,delta_vs_same_scenario_G00,max_drawdown,0.2311564575025316
G23,G23__mom_12_1__top20__monthly__long_short__rev5,long_short,rev5,10.0,0.03,G00__mom_12_1__top20__monthly__long_short,delta_vs_same_scenario_G00,annualized_volatility,-0.0476557615612728
G23,G23__mom_12_1__top20__monthly__long_short__rev5,long_short,rev5,10.0,0.03,G00__mom_12_1__top20__monthly__long_short,delta_vs_same_scenario_G00,annualized_l1_turnover,3.7297932643887126
G23,G23__mom_12_1__top20__monthly__long_short__rev5,long_short,rev5,20.0,0.0,G00__mom_12_1__top20__monthly__long_short,delta_vs_same_scenario_G00,cagr,0.0013028465523155508
G23,G23__mom_12_1__top20__monthly__long_short__rev5,long_short,rev5,20.0,0.0,G00__mom_12_1__top20__monthly__long_short,delta_vs_same_scenario_G00,sharpe_excess_rf,-0.0020511092318408197
G23,G23__mom_12_1__top20__monthly__long_short__rev5,long_short,rev5,20.0,0.0,G00__mom_12_1__top20__monthly__long_short,delta_vs_same_scenario_G00,max_drawdown,0.22263042297256025
G23,G23__mom_12_1__top20__monthly__long_short__rev5,long_short,rev5,20.0,0.0,G00__mom_12_1__top20__monthly__long_short,delta_vs_same_scenario_G00,annualized_volatility,-0.04734386947100777
G23,G23__mom_12_1__top20__monthly__long_short__rev5,long_short,rev5,20.0,0.0,G00__mom_12_1__top20__monthly__long_short,delta_vs_same_scenario_G00,annualized_l1_turnover,3.7282160085424643
G23,G23__mom_12_1__top20__monthly__long_short__rev5,long_short,rev5,20.0,0.01,G00__mom_12_1__top20__monthly__long_short,delta_vs_same_scenario_G00,cagr,0.0013151489202401362
G23,G23__mom_12_1__top20__monthly__long_short__rev5,long_short,rev5,20.0,0.01,G00__mom_12_1__top20__monthly__long_short,delta_vs_same_scenario_G00,sharpe_excess_rf,-0.010182248652263068
G23,G23__mom_12_1__top20__monthly__long_short__rev5,long_short,rev5,20.0,0.01,G00__mom_12_1__top20__monthly__long_short,delta_vs_same_scenario_G00,max_drawdown,0.2257558246853597
G23,G23__mom_12_1__top20__monthly__long_short__rev5,long_short,rev5,20.0,0.01,G00__mom_12_1__top20__monthly__long_short,delta_vs_same_scenario_G00,annualized_volatility,-0.04735613536661554
G23,G23__mom_12_1__top20__monthly__long_short__rev5,long_short,rev5,20.0,0.01,G00__mom_12_1__top20__monthly__long_short,delta_vs_same_scenario_G00,annualized_l1_turnover,3.728746713519641
G23,G23__mom_12_1__top20__monthly__long_short__rev5,long_short,rev5,20.0,0.03,G00__mom_12_1__top20__monthly__long_short,delta_vs_same_scenario_G00,cagr,0.001339014511476281
G23,G23__mom_12_1__top20__monthly__long_short__rev5,long_short,rev5,20.0,0.03,G00__mom_12_1__top20__monthly__long_short,delta_vs_same_scenario_G00,sharpe_excess_rf,-0.026208494631429435
G23,G23__mom_12_1__top20__monthly__long_short__rev5,long_short,rev5,20.0,0.03,G00__mom_12_1__top20__monthly__long_short,delta_vs_same_scenario_G00,max_drawdown,0.23178637622389953
G23,G23__mom_12_1__top20__monthly__long_short__rev5,long_short,rev5,20.0,0.03,G00__mom_12_1__top20__monthly__long_short,delta_vs_same_scenario_G00,annualized_volatility,-0.04738033985954063
G23,G23__mom_12_1__top20__monthly__long_short__rev5,long_short,rev5,20.0,0.03,G00__mom_12_1__top20__monthly__long_short,delta_vs_same_scenario_G00,annualized_l1_turnover,3.7297932643887126
G23,G23__mom_12_1__top20__weekly__long_only__rev20,long_only,rev20,0.0,0.0,G00__mom_12_1__top20__weekly__long_only,delta_vs_same_scenario_G00,cagr,-0.07413362491824269
G23,G23__mom_12_1__top20__weekly__long_only__rev20,long_only,rev20,0.0,0.0,G00__mom_12_1__top20__weekly__long_only,delta_vs_same_scenario_G00,sharpe_excess_rf,-0.2378034537598933
G23,G23__mom_12_1__top20__weekly__long_only__rev20,long_only,rev20,0.0,0.0,G00__mom_12_1__top20__weekly__long_only,delta_vs_same_scenario_G00,max_drawdown,-0.24576648634645376
G23,G23__mom_12_1__top20__weekly__long_only__rev20,long_only,rev20,0.0,0.0,G00__mom_12_1__top20__weekly__long_only,delta_vs_same_scenario_G00,annualized_volatility,0.0440120461917744
G23,G23__mom_12_1__top20__weekly__long_only__rev20,long_only,rev20,0.0,0.0,G00__mom_12_1__top20__weekly__long_only,delta_vs_same_scenario_G00,annualized_l1_turnover,21.0221420877978
G23,G23__mom_12_1__top20__weekly__long_only__rev20,long_only,rev20,5.0,0.0,G00__mom_12_1__top20__weekly__long_only,delta_vs_same_scenario_G00,cagr,-0.08568526152959399
G23,G23__mom_12_1__top20__weekly__long_only__rev20,long_only,rev20,5.0,0.0,G00__mom_12_1__top20__weekly__long_only,delta_vs_same_scenario_G00,sharpe_excess_rf,-0.26668652515780755
G23,G23__mom_12_1__top20__weekly__long_only__rev20,long_only,rev20,5.0,0.0,G00__mom_12_1__top20__weekly__long_only,delta_vs_same_scenario_G00,max_drawdown,-0.24619059776085633
G23,G23__mom_12_1__top20__weekly__long_only__rev20,long_only,rev20,5.0,0.0,G00__mom_12_1__top20__weekly__long_only,delta_vs_same_scenario_G00,annualized_volatility,0.04398750067929863
G23,G23__mom_12_1__top20__weekly__long_only__rev20,long_only,rev20,5.0,0.0,G00__mom_12_1__top20__weekly__long_only,delta_vs_same_scenario_G00,annualized_l1_turnover,21.0221420877978
G23,G23__mom_12_1__top20__weekly__long_only__rev20,long_only,rev20,10.0,0.0,G00__mom_12_1__top20__weekly__long_only,delta_vs_same_scenario_G00,cagr,-0.09701028491867794
G23,G23__mom_12_1__top20__weekly__long_only__rev20,long_only,rev20,10.0,0.0,G00__mom_12_1__top20__weekly__long_only,delta_vs_same_scenario_G00,sharpe_excess_rf,-0.29559272617822624
G23,G23__mom_12_1__top20__weekly__long_only__rev20,long_only,rev20,10.0,0.0,G00__mom_12_1__top20__weekly__long_only,delta_vs_same_scenario_G00,max_drawdown,-0.2466139694622475
G23,G23__mom_12_1__top20__weekly__long_only__rev20,long_only,rev20,10.0,0.0,G00__mom_12_1__top20__weekly__long_only,delta_vs_same_scenario_G00,annualized_volatility,0.043983098177168944
G23,G23__mom_12_1__top20__weekly__long_only__rev20,long_only,rev20,10.0,0.0,G00__mom_12_1__top20__weekly__long_only,delta_vs_same_scenario_G00,annualized_l1_turnover,21.0221420877978
G23,G23__mom_12_1__top20__weekly__long_only__rev20,long_only,rev20,20.0,0.0,G00__mom_12_1__top20__weekly__long_only,delta_vs_same_scenario_G00,cagr,-0.11899412395072012
G23,G23__mom_12_1__top20__weekly__long_only__rev20,long_only,rev20,20.0,0.0,G00__mom_12_1__top20__weekly__long_only,delta_vs_same_scenario_G00,sharpe_excess_rf,-0.35343822645310613
G23,G23__mom_12_1__top20__weekly__long_only__rev20,long_only,rev20,20.0,0.0,G00__mom_12_1__top20__weekly__long_only,delta_vs_same_scenario_G00,max_drawdown,-0.2661559190818047
G23,G23__mom_12_1__top20__weekly__long_only__rev20,long_only,rev20,20.0,0.0,G00__mom_12_1__top20__weekly__long_only,delta_vs_same_scenario_G00,annualized_volatility,0.0440347104112771
G23,G23__mom_12_1__top20__weekly__long_only__rev20,long_only,rev20,20.0,0.0,G00__mom_12_1__top20__weekly__long_only,delta_vs_same_scenario_G00,annualized_l1_turnover,21.0221420877978
G23,G23__mom_12_1__top20__weekly__long_only__rev5,long_only,rev5,0.0,0.0,G00__mom_12_1__top20__weekly__long_only,delta_vs_same_scenario_G00,cagr,-0.04639292135982617
G23,G23__mom_12_1__top20__weekly__long_only__rev5,long_only,rev5,0.0,0.0,G00__mom_12_1__top20__weekly__long_only,delta_vs_same_scenario_G00,sharpe_excess_rf,-0.15812753199235385
G23,G23__mom_12_1__top20__weekly__long_only__rev5,long_only,rev5,0.0,0.0,G00__mom_12_1__top20__weekly__long_only,delta_vs_same_scenario_G00,max_drawdown,-0.2550674710040656
G23,G23__mom_12_1__top20__weekly__long_only__rev5,long_only,rev5,0.0,0.0,G00__mom_12_1__top20__weekly__long_only,delta_vs_same_scenario_G00,annualized_volatility,0.03175572584400682
G23,G23__mom_12_1__top20__weekly__long_only__rev5,long_only,rev5,0.0,0.0,G00__mom_12_1__top20__weekly__long_only,delta_vs_same_scenario_G00,annualized_l1_turnover,33.268934773626434
G23,G23__mom_12_1__top20__weekly__long_only__rev5,long_only,rev5,5.0,0.0,G00__mom_12_1__top20__weekly__long_only,delta_vs_same_scenario_G00,cagr,-0.06541105856283713
G23,G23__mom_12_1__top20__weekly__long_only__rev5,long_only,rev5,5.0,0.0,G00__mom_12_1__top20__weekly__long_only,delta_vs_same_scenario_G00,sharpe_excess_rf,-0.20739684580756196
G23,G23__mom_12_1__top20__weekly__long_only__rev5,long_only,rev5,5.0,0.0,G00__mom_12_1__top20__weekly__long_only,delta_vs_same_scenario_G00,max_drawdown,-0.2554904327113147
G23,G23__mom_12_1__top20__weekly__long_only__rev5,long_only,rev5,5.0,0.0,G00__mom_12_1__top20__weekly__long_only,delta_vs_same_scenario_G00,annualized_volatility,0.03163250071903384
G23,G23__mom_12_1__top20__weekly__long_only__rev5,long_only,rev5,5.0,0.0,G00__mom_12_1__top20__weekly__long_only,delta_vs_same_scenario_G00,annualized_l1_turnover,33.268934773626434
G23,G23__mom_12_1__top20__weekly__long_only__rev5,long_only,rev5,10.0,0.0,G00__mom_12_1__top20__weekly__long_only,delta_vs_same_scenario_G00,cagr,-0.08395001779600389
G23,G23__mom_12_1__top20__weekly__long_only__rev5,long_only,rev5,10.0,0.0,G00__mom_12_1__top20__weekly__long_only,delta_vs_same_scenario_G00,sharpe_excess_rf,-0.25676746347817825
G23,G23__mom_12_1__top20__weekly__long_only__rev5,long_only,rev5,10.0,0.0,G00__mom_12_1__top20__weekly__long_only,delta_vs_same_scenario_G00,max_drawdown,-0.2559126280997976
G23,G23__mom_12_1__top20__weekly__long_only__rev5,long_only,rev5,10.0,0.0,G00__mom_12_1__top20__weekly__long_only,delta_vs_same_scenario_G00,annualized_volatility,0.0315540913404766
G23,G23__mom_12_1__top20__weekly__long_only__rev5,long_only,rev5,10.0,0.0,G00__mom_12_1__top20__weekly__long_only,delta_vs_same_scenario_G00,annualized_l1_turnover,33.268934773626434
G23,G23__mom_12_1__top20__weekly__long_only__rev5,long_only,rev5,20.0,0.0,G00__mom_12_1__top20__weekly__long_only,delta_vs_same_scenario_G00,cagr,-0.119629291328124
G23,G23__mom_12_1__top20__weekly__long_only__rev5,long_only,rev5,20.0,0.0,G00__mom_12_1__top20__weekly__long_only,delta_vs_same_scenario_G00,sharpe_excess_rf,-0.35569726156252274
G23,G23__mom_12_1__top20__weekly__long_only__rev5,long_only,rev5,20.0,0.0,G00__mom_12_1__top20__weekly__long_only,delta_vs_same_scenario_G00,max_drawdown,-0.2738229501120498
G23,G23__mom_12_1__top20__weekly__long_only__rev5,long_only,rev5,20.0,0.0,G00__mom_12_1__top20__weekly__long_only,delta_vs_same_scenario_G00,annualized_volatility,0.03153181486308054
G23,G23__mom_12_1__top20__weekly__long_only__rev5,long_only,rev5,20.0,0.0,G00__mom_12_1__top20__weekly__long_only,delta_vs_same_scenario_G00,annualized_l1_turnover,33.268934773626434
G23,G23__mom_12_1__top20__weekly__long_short__rev20,long_short,rev20,0.0,0.0,G00__mom_12_1__top20__weekly__long_short,delta_vs_same_scenario_G00,cagr,0.0446041005641105
G23,G23__mom_12_1__top20__weekly__long_short__rev20,long_short,rev20,0.0,0.0,G00__mom_12_1__top20__weekly__long_short,delta_vs_same_scenario_G00,sharpe_excess_rf,0.24515392335362735
G23,G23__mom_12_1__top20__weekly__long_short__rev20,long_short,rev20,0.0,0.0,G00__mom_12_1__top20__weekly__long_short,delta_vs_same_scenario_G00,max_drawdown,0.24154234523633344
G23,G23__mom_12_1__top20__weekly__long_short__rev20,long_short,rev20,0.0,0.0,G00__mom_12_1__top20__weekly__long_short,delta_vs_same_scenario_G00,annualized_volatility,-0.0236178455183787
G23,G23__mom_12_1__top20__weekly__long_short__rev20,long_short,rev20,0.0,0.0,G00__mom_12_1__top20__weekly__long_short,delta_vs_same_scenario_G00,annualized_l1_turnover,14.516711213830114
G23,G23__mom_12_1__top20__weekly__long_short__rev20,long_short,rev20,0.0,0.01,G00__mom_12_1__top20__weekly__long_short,delta_vs_same_scenario_G00,cagr,0.04439182268782796
G23,G23__mom_12_1__top20__weekly__long_short__rev20,long_short,rev20,0.0,0.01,G00__mom_12_1__top20__weekly__long_short,delta_vs_same_scenario_G00,sharpe_excess_rf,0.2416619060594024
G23,G23__mom_12_1__top20__weekly__long_short__rev20,long_short,rev20,0.0,0.01,G00__mom_12_1__top20__weekly__long_short,delta_vs_same_scenario_G00,max_drawdown,0.24442816607343987
G23,G23__mom_12_1__top20__weekly__long_short__rev20,long_short,rev20,0.0,0.01,G00__mom_12_1__top20__weekly__long_short,delta_vs_same_scenario_G00,annualized_volatility,-0.023621207594430566
G23,G23__mom_12_1__top20__weekly__long_short__rev20,long_short,rev20,0.0,0.01,G00__mom_12_1__top20__weekly__long_short,delta_vs_same_scenario_G00,annualized_l1_turnover,14.51730492332394
G23,G23__mom_12_1__top20__weekly__long_short__rev20,long_short,rev20,0.0,0.03,G00__mom_12_1__top20__weekly__long_short,delta_vs_same_scenario_G00,cagr,0.043976393130894784
G23,G23__mom_12_1__top20__weekly__long_short__rev20,long_short,rev20,0.0,0.03,G00__mom_12_1__top20__weekly__long_short,delta_vs_same_scenario_G00,sharpe_excess_rf,0.23477893157636462
G23,G23__mom_12_1__top20__weekly__long_short__rev20,long_short,rev20,0.0,0.03,G00__mom_12_1__top20__weekly__long_short,delta_vs_same_scenario_G00,max_drawdown,0.25356008555558507
G23,G23__mom_12_1__top20__weekly__long_short__rev20,long_short,rev20,0.0,0.03,G00__mom_12_1__top20__weekly__long_short,delta_vs_same_scenario_G00,annualized_volatility,-0.023627835571636585
G23,G23__mom_12_1__top20__weekly__long_short__rev20,long_short,rev20,0.0,0.03,G00__mom_12_1__top20__weekly__long_short,delta_vs_same_scenario_G00,annualized_l1_turnover,14.518472108393984
G23,G23__mom_12_1__top20__weekly__long_short__rev20,long_short,rev20,5.0,0.0,G00__mom_12_1__top20__weekly__long_short,delta_vs_same_scenario_G00,cagr,0.03649287477951021
G23,G23__mom_12_1__top20__weekly__long_short__rev20,long_short,rev20,5.0,0.0,G00__mom_12_1__top20__weekly__long_short,delta_vs_same_scenario_G00,sharpe_excess_rf,0.19897469563646433
G23,G23__mom_12_1__top20__weekly__long_short__rev20,long_short,rev20,5.0,0.0,G00__mom_12_1__top20__weekly__long_short,delta_vs_same_scenario_G00,max_drawdown,0.24158055639304354
G23,G23__mom_12_1__top20__weekly__long_short__rev20,long_short,rev20,5.0,0.0,G00__mom_12_1__top20__weekly__long_short,delta_vs_same_scenario_G00,annualized_volatility,-0.02364821100017564
G23,G23__mom_12_1__top20__weekly__long_short__rev20,long_short,rev20,5.0,0.0,G00__mom_12_1__top20__weekly__long_short,delta_vs_same_scenario_G00,annualized_l1_turnover,14.516711213830114
G23,G23__mom_12_1__top20__weekly__long_short__rev20,long_short,rev20,5.0,0.01,G00__mom_12_1__top20__weekly__long_short,delta_vs_same_scenario_G00,cagr,0.03632041762746037
G23,G23__mom_12_1__top20__weekly__long_short__rev20,long_short,rev20,5.0,0.01,G00__mom_12_1__top20__weekly__long_short,delta_vs_same_scenario_G00,sharpe_excess_rf,0.19548013026033836
G23,G23__mom_12_1__top20__weekly__long_short__rev20,long_short,rev20,5.0,0.01,G00__mom_12_1__top20__weekly__long_short,delta_vs_same_scenario_G00,max_drawdown,0.24626471591799493
G23,G23__mom_12_1__top20__weekly__long_short__rev20,long_short,rev20,5.0,0.01,G00__mom_12_1__top20__weekly__long_short,delta_vs_same_scenario_G00,annualized_volatility,-0.023651580356030766
G23,G23__mom_12_1__top20__weekly__long_short__rev20,long_short,rev20,5.0,0.01,G00__mom_12_1__top20__weekly__long_short,delta_vs_same_scenario_G00,annualized_l1_turnover,14.51730492332394
G23,G23__mom_12_1__top20__weekly__long_short__rev20,long_short,rev20,5.0,0.03,G00__mom_12_1__top20__weekly__long_short,delta_vs_same_scenario_G00,cagr,0.03598290578617765
G23,G23__mom_12_1__top20__weekly__long_short__rev20,long_short,rev20,5.0,0.03,G00__mom_12_1__top20__weekly__long_short,delta_vs_same_scenario_G00,sharpe_excess_rf,0.18859213365134014
G23,G23__mom_12_1__top20__weekly__long_short__rev20,long_short,rev20,5.0,0.03,G00__mom_12_1__top20__weekly__long_short,delta_vs_same_scenario_G00,max_drawdown,0.25522910813869526
G23,G23__mom_12_1__top20__weekly__long_short__rev20,long_short,rev20,5.0,0.03,G00__mom_12_1__top20__weekly__long_short,delta_vs_same_scenario_G00,annualized_volatility,-0.023658222881780627
G23,G23__mom_12_1__top20__weekly__long_short__rev20,long_short,rev20,5.0,0.03,G00__mom_12_1__top20__weekly__long_short,delta_vs_same_scenario_G00,annualized_l1_turnover,14.518472108393984
G23,G23__mom_12_1__top20__weekly__long_short__rev20,long_short,rev20,10.0,0.0,G00__mom_12_1__top20__weekly__long_short,delta_vs_same_scenario_G00,cagr,0.028515826339772066
G23,G23__mom_12_1__top20__weekly__long_short__rev20,long_short,rev20,10.0,0.0,G00__mom_12_1__top20__weekly__long_short,delta_vs_same_scenario_G00,sharpe_excess_rf,0.15273299949883581
G23,G23__mom_12_1__top20__weekly__long_short__rev20,long_short,rev20,10.0,0.0,G00__mom_12_1__top20__weekly__long_short,delta_vs_same_scenario_G00,max_drawdown,0.24343499359654286
G23,G23__mom_12_1__top20__weekly__long_short__rev20,long_short,rev20,10.0,0.0,G00__mom_12_1__top20__weekly__long_short,delta_vs_same_scenario_G00,annualized_volatility,-0.02364873259567496
G23,G23__mom_12_1__top20__weekly__long_short__rev20,long_short,rev20,10.0,0.0,G00__mom_12_1__top20__weekly__long_short,delta_vs_same_scenario_G00,annualized_l1_turnover,14.516711213830114
G23,G23__mom_12_1__top20__weekly__long_short__rev20,long_short,rev20,10.0,0.01,G00__mom_12_1__top20__weekly__long_short,delta_vs_same_scenario_G00,cagr,0.028382539535338334
G23,G23__mom_12_1__top20__weekly__long_short__rev20,long_short,rev20,10.0,0.01,G00__mom_12_1__top20__weekly__long_short,delta_vs_same_scenario_G00,sharpe_excess_rf,0.14924123095373787
G23,G23__mom_12_1__top20__weekly__long_short__rev20,long_short,rev20,10.0,0.01,G00__mom_12_1__top20__weekly__long_short,delta_vs_same_scenario_G00,max_drawdown,0.2480334431210781
G23,G23__mom_12_1__top20__weekly__long_short__rev20,long_short,rev20,10.0,0.01,G00__mom_12_1__top20__weekly__long_short,delta_vs_same_scenario_G00,annualized_volatility,-0.023652109152285522
G23,G23__mom_12_1__top20__weekly__long_short__rev20,long_short,rev20,10.0,0.01,G00__mom_12_1__top20__weekly__long_short,delta_vs_same_scenario_G00,annualized_l1_turnover,14.51730492332394
G23,G23__mom_12_1__top20__weekly__long_short__rev20,long_short,rev20,10.0,0.03,G00__mom_12_1__top20__weekly__long_short,delta_vs_same_scenario_G00,cagr,0.028121672849121388
G23,G23__mom_12_1__top20__weekly__long_short__rev20,long_short,rev20,10.0,0.03,G00__mom_12_1__top20__weekly__long_short,delta_vs_same_scenario_G00,sharpe_excess_rf,0.14235874340437915
G23,G23__mom_12_1__top20__weekly__long_short__rev20,long_short,rev20,10.0,0.03,G00__mom_12_1__top20__weekly__long_short,delta_vs_same_scenario_G00,max_drawdown,0.2557998251096265
G23,G23__mom_12_1__top20__weekly__long_short__rev20,long_short,rev20,10.0,0.03,G00__mom_12_1__top20__weekly__long_short,delta_vs_same_scenario_G00,annualized_volatility,-0.023658766072841314
G23,G23__mom_12_1__top20__weekly__long_short__rev20,long_short,rev20,10.0,0.03,G00__mom_12_1__top20__weekly__long_short,delta_vs_same_scenario_G00,annualized_l1_turnover,14.518472108393984
G23,G23__mom_12_1__top20__weekly__long_short__rev20,long_short,rev20,20.0,0.0,G00__mom_12_1__top20__weekly__long_short,delta_vs_same_scenario_G00,cagr,0.012957480468551993
G23,G23__mom_12_1__top20__weekly__long_short__rev20,long_short,rev20,20.0,0.0,G00__mom_12_1__top20__weekly__long_short,delta_vs_same_scenario_G00,sharpe_excess_rf,0.06023970899153577
G23,G23__mom_12_1__top20__weekly__long_short__rev20,long_short,rev20,20.0,0.0,G00__mom_12_1__top20__weekly__long_short,delta_vs_same_scenario_G00,max_drawdown,0.23237361112106591
G23,G23__mom_12_1__top20__weekly__long_short__rev20,long_short,rev20,20.0,0.0,G00__mom_12_1__top20__weekly__long_short,delta_vs_same_scenario_G00,annualized_volatility,-0.023560373171610166
G23,G23__mom_12_1__top20__weekly__long_short__rev20,long_short,rev20,20.0,0.0,G00__mom_12_1__top20__weekly__long_short,delta_vs_same_scenario_G00,annualized_l1_turnover,14.516711213830114
G23,G23__mom_12_1__top20__weekly__long_short__rev20,long_short,rev20,20.0,0.01,G00__mom_12_1__top20__weekly__long_short,delta_vs_same_scenario_G00,cagr,0.012900615665881798
G23,G23__mom_12_1__top20__weekly__long_short__rev20,long_short,rev20,20.0,0.01,G00__mom_12_1__top20__weekly__long_short,delta_vs_same_scenario_G00,sharpe_excess_rf,0.05676948992071315
G23,G23__mom_12_1__top20__weekly__long_short__rev20,long_short,rev20,20.0,0.01,G00__mom_12_1__top20__weekly__long_short,delta_vs_same_scenario_G00,max_drawdown,0.23539907809877603
G23,G23__mom_12_1__top20__weekly__long_short__rev20,long_short,rev20,20.0,0.01,G00__mom_12_1__top20__weekly__long_short,delta_vs_same_scenario_G00,annualized_volatility,-0.023563763893449163
G23,G23__mom_12_1__top20__weekly__long_short__rev20,long_short,rev20,20.0,0.01,G00__mom_12_1__top20__weekly__long_short,delta_vs_same_scenario_G00,annualized_l1_turnover,14.51730492332394
G23,G23__mom_12_1__top20__weekly__long_short__rev20,long_short,rev20,20.0,0.03,G00__mom_12_1__top20__weekly__long_short,delta_vs_same_scenario_G00,cagr,0.012789285072946079
G23,G23__mom_12_1__top20__weekly__long_short__rev20,long_short,rev20,20.0,0.03,G00__mom_12_1__top20__weekly__long_short,delta_vs_same_scenario_G00,sharpe_excess_rf,0.04992945867798883
G23,G23__mom_12_1__top20__weekly__long_short__rev20,long_short,rev20,20.0,0.03,G00__mom_12_1__top20__weekly__long_short,delta_vs_same_scenario_G00,max_drawdown,0.24114114787067853
G23,G23__mom_12_1__top20__weekly__long_short__rev20,long_short,rev20,20.0,0.03,G00__mom_12_1__top20__weekly__long_short,delta_vs_same_scenario_G00,annualized_volatility,-0.02357044914343054
G23,G23__mom_12_1__top20__weekly__long_short__rev20,long_short,rev20,20.0,0.03,G00__mom_12_1__top20__weekly__long_short,delta_vs_same_scenario_G00,annualized_l1_turnover,14.518472108393984
G23,G23__mom_12_1__top20__weekly__long_short__rev5,long_short,rev5,0.0,0.0,G00__mom_12_1__top20__weekly__long_short,delta_vs_same_scenario_G00,cagr,0.04153597181702788
G23,G23__mom_12_1__top20__weekly__long_short__rev5,long_short,rev5,0.0,0.0,G00__mom_12_1__top20__weekly__long_short,delta_vs_same_scenario_G00,sharpe_excess_rf,0.2392707241259851
G23,G23__mom_12_1__top20__weekly__long_short__rev5,long_short,rev5,0.0,0.0,G00__mom_12_1__top20__weekly__long_short,delta_vs_same_scenario_G00,max_drawdown,0.2188357520894053
G23,G23__mom_12_1__top20__weekly__long_short__rev5,long_short,rev5,0.0,0.0,G00__mom_12_1__top20__weekly__long_short,delta_vs_same_scenario_G00,annualized_volatility,-0.030148051888351318
G23,G23__mom_12_1__top20__weekly__long_short__rev5,long_short,rev5,0.0,0.0,G00__mom_12_1__top20__weekly__long_short,delta_vs_same_scenario_G00,annualized_l1_turnover,23.218161277953193
G23,G23__mom_12_1__top20__weekly__long_short__rev5,long_short,rev5,0.0,0.01,G00__mom_12_1__top20__weekly__long_short,delta_vs_same_scenario_G00,cagr,0.04133819105025974
G23,G23__mom_12_1__top20__weekly__long_short__rev5,long_short,rev5,0.0,0.01,G00__mom_12_1__top20__weekly__long_short,delta_vs_same_scenario_G00,sharpe_excess_rf,0.23462242020480512
G23,G23__mom_12_1__top20__weekly__long_short__rev5,long_short,rev5,0.0,0.01,G00__mom_12_1__top20__weekly__long_short,delta_vs_same_scenario_G00,max_drawdown,0.22158889808735194
G23,G23__mom_12_1__top20__weekly__long_short__rev5,long_short,rev5,0.0,0.01,G00__mom_12_1__top20__weekly__long_short,delta_vs_same_scenario_G00,annualized_volatility,-0.03015159751565971
G23,G23__mom_12_1__top20__weekly__long_short__rev5,long_short,rev5,0.0,0.01,G00__mom_12_1__top20__weekly__long_short,delta_vs_same_scenario_G00,annualized_l1_turnover,23.219130153582043
G23,G23__mom_12_1__top20__weekly__long_short__rev5,long_short,rev5,0.0,0.03,G00__mom_12_1__top20__weekly__long_short,delta_vs_same_scenario_G00,cagr,0.04095112970912544
G23,G23__mom_12_1__top20__weekly__long_short__rev5,long_short,rev5,0.0,0.03,G00__mom_12_1__top20__weekly__long_short,delta_vs_same_scenario_G00,sharpe_excess_rf,0.22546097057022277
G23,G23__mom_12_1__top20__weekly__long_short__rev5,long_short,rev5,0.0,0.03,G00__mom_12_1__top20__weekly__long_short,delta_vs_same_scenario_G00,max_drawdown,0.2304625724994962
G23,G23__mom_12_1__top20__weekly__long_short__rev5,long_short,rev5,0.0,0.03,G00__mom_12_1__top20__weekly__long_short,delta_vs_same_scenario_G00,annualized_volatility,-0.030158586692558442
G23,G23__mom_12_1__top20__weekly__long_short__rev5,long_short,rev5,0.0,0.03,G00__mom_12_1__top20__weekly__long_short,delta_vs_same_scenario_G00,annualized_l1_turnover,23.221036422711784
G23,G23__mom_12_1__top20__weekly__long_short__rev5,long_short,rev5,5.0,0.0,G00__mom_12_1__top20__weekly__long_short,delta_vs_same_scenario_G00,cagr,0.028779120022529213
G23,G23__mom_12_1__top20__weekly__long_short__rev5,long_short,rev5,5.0,0.0,G00__mom_12_1__top20__weekly__long_short,delta_vs_same_scenario_G00,sharpe_excess_rf,0.16390230661710972
G23,G23__mom_12_1__top20__weekly__long_short__rev5,long_short,rev5,5.0,0.0,G00__mom_12_1__top20__weekly__long_short,delta_vs_same_scenario_G00,max_drawdown,0.21525892609691455
G23,G23__mom_12_1__top20__weekly__long_short__rev5,long_short,rev5,5.0,0.0,G00__mom_12_1__top20__weekly__long_short,delta_vs_same_scenario_G00,annualized_volatility,-0.03033553412847828
G23,G23__mom_12_1__top20__weekly__long_short__rev5,long_short,rev5,5.0,0.0,G00__mom_12_1__top20__weekly__long_short,delta_vs_same_scenario_G00,annualized_l1_turnover,23.218161277953193
G23,G23__mom_12_1__top20__weekly__long_short__rev5,long_short,rev5,5.0,0.01,G00__mom_12_1__top20__weekly__long_short,delta_vs_same_scenario_G00,cagr,0.028644002349274736
G23,G23__mom_12_1__top20__weekly__long_short__rev5,long_short,rev5,5.0,0.01,G00__mom_12_1__top20__weekly__long_short,delta_vs_same_scenario_G00,sharpe_excess_rf,0.1592235349188946
G23,G23__mom_12_1__top20__weekly__long_short__rev5,long_short,rev5,5.0,0.01,G00__mom_12_1__top20__weekly__long_short,delta_vs_same_scenario_G00,max_drawdown,0.2198242104012994
G23,G23__mom_12_1__top20__weekly__long_short__rev5,long_short,rev5,5.0,0.01,G00__mom_12_1__top20__weekly__long_short,delta_vs_same_scenario_G00,annualized_volatility,-0.030339084776447367
G23,G23__mom_12_1__top20__weekly__long_short__rev5,long_short,rev5,5.0,0.01,G00__mom_12_1__top20__weekly__long_short,delta_vs_same_scenario_G00,annualized_l1_turnover,23.219130153582043
G23,G23__mom_12_1__top20__weekly__long_short__rev5,long_short,rev5,5.0,0.03,G00__mom_12_1__top20__weekly__long_short,delta_vs_same_scenario_G00,cagr,0.02837955395992483
G23,G23__mom_12_1__top20__weekly__long_short__rev5,long_short,rev5,5.0,0.03,G00__mom_12_1__top20__weekly__long_short,delta_vs_same_scenario_G00,sharpe_excess_rf,0.15000205582315557
G23,G23__mom_12_1__top20__weekly__long_short__rev5,long_short,rev5,5.0,0.03,G00__mom_12_1__top20__weekly__long_short,delta_vs_same_scenario_G00,max_drawdown,0.22855740692492932
G23,G23__mom_12_1__top20__weekly__long_short__rev5,long_short,rev5,5.0,0.03,G00__mom_12_1__top20__weekly__long_short,delta_vs_same_scenario_G00,annualized_volatility,-0.030346084213635494
G23,G23__mom_12_1__top20__weekly__long_short__rev5,long_short,rev5,5.0,0.03,G00__mom_12_1__top20__weekly__long_short,delta_vs_same_scenario_G00,annualized_l1_turnover,23.221036422711784
G23,G23__mom_12_1__top20__weekly__long_short__rev5,long_short,rev5,10.0,0.0,G00__mom_12_1__top20__weekly__long_short,delta_vs_same_scenario_G00,cagr,0.016285807538476027
G23,G23__mom_12_1__top20__weekly__long_short__rev5,long_short,rev5,10.0,0.0,G00__mom_12_1__top20__weekly__long_short,delta_vs_same_scenario_G00,sharpe_excess_rf,0.08823702411759513
G23,G23__mom_12_1__top20__weekly__long_short__rev5,long_short,rev5,10.0,0.0,G00__mom_12_1__top20__weekly__long_short,delta_vs_same_scenario_G00,max_drawdown,0.21356854369437117
G23,G23__mom_12_1__top20__weekly__long_short__rev5,long_short,rev5,10.0,0.0,G00__mom_12_1__top20__weekly__long_short,delta_vs_same_scenario_G00,annualized_volatility,-0.030456586345566083
G23,G23__mom_12_1__top20__weekly__long_short__rev5,long_short,rev5,10.0,0.0,G00__mom_12_1__top20__weekly__long_short,delta_vs_same_scenario_G00,annualized_l1_turnover,23.218161277953193
G23,G23__mom_12_1__top20__weekly__long_short__rev5,long_short,rev5,10.0,0.01,G00__mom_12_1__top20__weekly__long_short,delta_vs_same_scenario_G00,cagr,0.01621207399064819
G23,G23__mom_12_1__top20__weekly__long_short__rev5,long_short,rev5,10.0,0.01,G00__mom_12_1__top20__weekly__long_short,delta_vs_same_scenario_G00,sharpe_excess_rf,0.08354037467997363
G23,G23__mom_12_1__top20__weekly__long_short__rev5,long_short,rev5,10.0,0.01,G00__mom_12_1__top20__weekly__long_short,delta_vs_same_scenario_G00,max_drawdown,0.2180616747211661
G23,G23__mom_12_1__top20__weekly__long_short__rev5,long_short,rev5,10.0,0.01,G00__mom_12_1__top20__weekly__long_short,delta_vs_same_scenario_G00,annualized_volatility,-0.030460142076425334
G23,G23__mom_12_1__top20__weekly__long_short__rev5,long_short,rev5,10.0,0.01,G00__mom_12_1__top20__weekly__long_short,delta_vs_same_scenario_G00,annualized_l1_turnover,23.219130153582043
G23,G23__mom_12_1__top20__weekly__long_short__rev5,long_short,rev5,10.0,0.03,G00__mom_12_1__top20__weekly__long_short,delta_vs_same_scenario_G00,cagr,0.01606773602358726
G23,G23__mom_12_1__top20__weekly__long_short__rev5,long_short,rev5,10.0,0.03,G00__mom_12_1__top20__weekly__long_short,delta_vs_same_scenario_G00,sharpe_excess_rf,0.0742836718753488
G23,G23__mom_12_1__top20__weekly__long_short__rev5,long_short,rev5,10.0,0.03,G00__mom_12_1__top20__weekly__long_short,delta_vs_same_scenario_G00,max_drawdown,0.22665656858804473
G23,G23__mom_12_1__top20__weekly__long_short__rev5,long_short,rev5,10.0,0.03,G00__mom_12_1__top20__weekly__long_short,delta_vs_same_scenario_G00,annualized_volatility,-0.030467151901071854
G23,G23__mom_12_1__top20__weekly__long_short__rev5,long_short,rev5,10.0,0.03,G00__mom_12_1__top20__weekly__long_short,delta_vs_same_scenario_G00,annualized_l1_turnover,23.221036422711784
G23,G23__mom_12_1__top20__weekly__long_short__rev5,long_short,rev5,20.0,0.0,G00__mom_12_1__top20__weekly__long_short,delta_vs_same_scenario_G00,cagr,-0.00792727698052759
G23,G23__mom_12_1__top20__weekly__long_short__rev5,long_short,rev5,20.0,0.0,G00__mom_12_1__top20__weekly__long_short,delta_vs_same_scenario_G00,sharpe_excess_rf,-0.06344702954683662
G23,G23__mom_12_1__top20__weekly__long_short__rev5,long_short,rev5,20.0,0.0,G00__mom_12_1__top20__weekly__long_short,delta_vs_same_scenario_G00,max_drawdown,0.1968935395218976
G23,G23__mom_12_1__top20__weekly__long_short__rev5,long_short,rev5,20.0,0.0,G00__mom_12_1__top20__weekly__long_short,delta_vs_same_scenario_G00,annualized_volatility,-0.030499095330915188
G23,G23__mom_12_1__top20__weekly__long_short__rev5,long_short,rev5,20.0,0.0,G00__mom_12_1__top20__weekly__long_short,delta_vs_same_scenario_G00,annualized_l1_turnover,23.218161277953193
G23,G23__mom_12_1__top20__weekly__long_short__rev5,long_short,rev5,20.0,0.01,G00__mom_12_1__top20__weekly__long_short,delta_vs_same_scenario_G00,cagr,-0.007881997303451349
G23,G23__mom_12_1__top20__weekly__long_short__rev5,long_short,rev5,20.0,0.01,G00__mom_12_1__top20__weekly__long_short,delta_vs_same_scenario_G00,sharpe_excess_rf,-0.06814153515210986
G23,G23__mom_12_1__top20__weekly__long_short__rev5,long_short,rev5,20.0,0.01,G00__mom_12_1__top20__weekly__long_short,delta_vs_same_scenario_G00,max_drawdown,0.1948612914906952
G23,G23__mom_12_1__top20__weekly__long_short__rev5,long_short,rev5,20.0,0.01,G00__mom_12_1__top20__weekly__long_short,delta_vs_same_scenario_G00,annualized_volatility,-0.030502661464023584
G23,G23__mom_12_1__top20__weekly__long_short__rev5,long_short,rev5,20.0,0.01,G00__mom_12_1__top20__weekly__long_short,delta_vs_same_scenario_G00,annualized_l1_turnover,23.219130153582043
G23,G23__mom_12_1__top20__weekly__long_short__rev5,long_short,rev5,20.0,0.03,G00__mom_12_1__top20__weekly__long_short,delta_vs_same_scenario_G00,cagr,-0.007793461805514211
G23,G23__mom_12_1__top20__weekly__long_short__rev5,long_short,rev5,20.0,0.03,G00__mom_12_1__top20__weekly__long_short,delta_vs_same_scenario_G00,sharpe_excess_rf,-0.07739401343160943
G23,G23__mom_12_1__top20__weekly__long_short__rev5,long_short,rev5,20.0,0.03,G00__mom_12_1__top20__weekly__long_short,delta_vs_same_scenario_G00,max_drawdown,0.19080607758300117
G23,G23__mom_12_1__top20__weekly__long_short__rev5,long_short,rev5,20.0,0.03,G00__mom_12_1__top20__weekly__long_short,delta_vs_same_scenario_G00,annualized_volatility,-0.030509692540808764
G23,G23__mom_12_1__top20__weekly__long_short__rev5,long_short,rev5,20.0,0.03,G00__mom_12_1__top20__weekly__long_short,delta_vs_same_scenario_G00,annualized_l1_turnover,23.221036422711784
G23,G23__mom_12_1__top50__monthly__long_only__rev20,long_only,rev20,0.0,0.0,G00__mom_12_1__top50__monthly__long_only,delta_vs_same_scenario_G00,cagr,-0.06754998475187768
G23,G23__mom_12_1__top50__monthly__long_only__rev20,long_only,rev20,0.0,0.0,G00__mom_12_1__top50__monthly__long_only,delta_vs_same_scenario_G00,sharpe_excess_rf,-0.26575464346758093
G23,G23__mom_12_1__top50__monthly__long_only__rev20,long_only,rev20,0.0,0.0,G00__mom_12_1__top50__monthly__long_only,delta_vs_same_scenario_G00,max_drawdown,-0.16994473909813296
G23,G23__mom_12_1__top50__monthly__long_only__rev20,long_only,rev20,0.0,0.0,G00__mom_12_1__top50__monthly__long_only,delta_vs_same_scenario_G00,annualized_volatility,0.03613036001938533
G23,G23__mom_12_1__top50__monthly__long_only__rev20,long_only,rev20,0.0,0.0,G00__mom_12_1__top50__monthly__long_only,delta_vs_same_scenario_G00,annualized_l1_turnover,5.176455189918214
G23,G23__mom_12_1__top50__monthly__long_only__rev20,long_only,rev20,5.0,0.0,G00__mom_12_1__top50__monthly__long_only,delta_vs_same_scenario_G00,cagr,-0.07012016103368479
G23,G23__mom_12_1__top50__monthly__long_only__rev20,long_only,rev20,5.0,0.0,G00__mom_12_1__top50__monthly__long_only,delta_vs_same_scenario_G00,sharpe_excess_rf,-0.2730611195158448
G23,G23__mom_12_1__top50__monthly__long_only__rev20,long_only,rev20,5.0,0.0,G00__mom_12_1__top50__monthly__long_only,delta_vs_same_scenario_G00,max_drawdown,-0.1701989173908191
G23,G23__mom_12_1__top50__monthly__long_only__rev20,long_only,rev20,5.0,0.0,G00__mom_12_1__top50__monthly__long_only,delta_vs_same_scenario_G00,annualized_volatility,0.03616414877019139
G23,G23__mom_12_1__top50__monthly__long_only__rev20,long_only,rev20,5.0,0.0,G00__mom_12_1__top50__monthly__long_only,delta_vs_same_scenario_G00,annualized_l1_turnover,5.176455189918214
G23,G23__mom_12_1__top50__monthly__long_only__rev20,long_only,rev20,10.0,0.0,G00__mom_12_1__top50__monthly__long_only,delta_vs_same_scenario_G00,cagr,-0.07266578134893215
G23,G23__mom_12_1__top50__monthly__long_only__rev20,long_only,rev20,10.0,0.0,G00__mom_12_1__top50__monthly__long_only,delta_vs_same_scenario_G00,sharpe_excess_rf,-0.28036747116898836
G23,G23__mom_12_1__top50__monthly__long_only__rev20,long_only,rev20,10.0,0.0,G00__mom_12_1__top50__monthly__long_only,delta_vs_same_scenario_G00,max_drawdown,-0.1704530956835058
G23,G23__mom_12_1__top50__monthly__long_only__rev20,long_only,rev20,10.0,0.0,G00__mom_12_1__top50__monthly__long_only,delta_vs_same_scenario_G00,annualized_volatility,0.03620811565401197
G23,G23__mom_12_1__top50__monthly__long_only__rev20,long_only,rev20,10.0,0.0,G00__mom_12_1__top50__monthly__long_only,delta_vs_same_scenario_G00,annualized_l1_turnover,5.176455189918214
G23,G23__mom_12_1__top50__monthly__long_only__rev20,long_only,rev20,20.0,0.0,G00__mom_12_1__top50__monthly__long_only,delta_vs_same_scenario_G00,cagr,-0.07768396694728438
G23,G23__mom_12_1__top50__monthly__long_only__rev20,long_only,rev20,20.0,0.0,G00__mom_12_1__top50__monthly__long_only,delta_vs_same_scenario_G00,sharpe_excess_rf,-0.2949684187909915
G23,G23__mom_12_1__top50__monthly__long_only__rev20,long_only,rev20,20.0,0.0,G00__mom_12_1__top50__monthly__long_only,delta_vs_same_scenario_G00,max_drawdown,-0.1709614522688781
G23,G23__mom_12_1__top50__monthly__long_only__rev20,long_only,rev20,20.0,0.0,G00__mom_12_1__top50__monthly__long_only,delta_vs_same_scenario_G00,annualized_volatility,0.03632655388391298
G23,G23__mom_12_1__top50__monthly__long_only__rev20,long_only,rev20,20.0,0.0,G00__mom_12_1__top50__monthly__long_only,delta_vs_same_scenario_G00,annualized_l1_turnover,5.176455189918214
G23,G23__mom_12_1__top50__monthly__long_only__rev5,long_only,rev5,0.0,0.0,G00__mom_12_1__top50__monthly__long_only,delta_vs_same_scenario_G00,cagr,-0.06116255061273601
G23,G23__mom_12_1__top50__monthly__long_only__rev5,long_only,rev5,0.0,0.0,G00__mom_12_1__top50__monthly__long_only,delta_vs_same_scenario_G00,sharpe_excess_rf,-0.24060693616289086
G23,G23__mom_12_1__top50__monthly__long_only__rev5,long_only,rev5,0.0,0.0,G00__mom_12_1__top50__monthly__long_only,delta_vs_same_scenario_G00,max_drawdown,-0.17799345844558506
G23,G23__mom_12_1__top50__monthly__long_only__rev5,long_only,rev5,0.0,0.0,G00__mom_12_1__top50__monthly__long_only,delta_vs_same_scenario_G00,annualized_volatility,0.027940430633099894
G23,G23__mom_12_1__top50__monthly__long_only__rev5,long_only,rev5,0.0,0.0,G00__mom_12_1__top50__monthly__long_only,delta_vs_same_scenario_G00,annualized_l1_turnover,5.297024385624645
G23,G23__mom_12_1__top50__monthly__long_only__rev5,long_only,rev5,5.0,0.0,G00__mom_12_1__top50__monthly__long_only,delta_vs_same_scenario_G00,cagr,-0.06383969414212287
G23,G23__mom_12_1__top50__monthly__long_only__rev5,long_only,rev5,5.0,0.0,G00__mom_12_1__top50__monthly__long_only,delta_vs_same_scenario_G00,sharpe_excess_rf,-0.24885928985657674
G23,G23__mom_12_1__top50__monthly__long_only__rev5,long_only,rev5,5.0,0.0,G00__mom_12_1__top50__monthly__long_only,delta_vs_same_scenario_G00,max_drawdown,-0.17825551771066678
G23,G23__mom_12_1__top50__monthly__long_only__rev5,long_only,rev5,5.0,0.0,G00__mom_12_1__top50__monthly__long_only,delta_vs_same_scenario_G00,annualized_volatility,0.027995481838288344
G23,G23__mom_12_1__top50__monthly__long_only__rev5,long_only,rev5,5.0,0.0,G00__mom_12_1__top50__monthly__long_only,delta_vs_same_scenario_G00,annualized_l1_turnover,5.297024385624645
G23,G23__mom_12_1__top50__monthly__long_only__rev5,long_only,rev5,10.0,0.0,G00__mom_12_1__top50__monthly__long_only,delta_vs_same_scenario_G00,cagr,-0.0664913341122379
G23,G23__mom_12_1__top50__monthly__long_only__rev5,long_only,rev5,10.0,0.0,G00__mom_12_1__top50__monthly__long_only,delta_vs_same_scenario_G00,sharpe_excess_rf,-0.2571104300176747
G23,G23__mom_12_1__top50__monthly__long_only__rev5,long_only,rev5,10.0,0.0,G00__mom_12_1__top50__monthly__long_only,delta_vs_same_scenario_G00,max_drawdown,-0.17851757697574971
G23,G23__mom_12_1__top50__monthly__long_only__rev5,long_only,rev5,10.0,0.0,G00__mom_12_1__top50__monthly__long_only,delta_vs_same_scenario_G00,annualized_volatility,0.028061594899962267
G23,G23__mom_12_1__top50__monthly__long_only__rev5,long_only,rev5,10.0,0.0,G00__mom_12_1__top50__monthly__long_only,delta_vs_same_scenario_G00,annualized_l1_turnover,5.297024385624645
G23,G23__mom_12_1__top50__monthly__long_only__rev5,long_only,rev5,20.0,0.0,G00__mom_12_1__top50__monthly__long_only,delta_vs_same_scenario_G00,cagr,-0.07171874131485631
G23,G23__mom_12_1__top50__monthly__long_only__rev5,long_only,rev5,20.0,0.0,G00__mom_12_1__top50__monthly__long_only,delta_vs_same_scenario_G00,sharpe_excess_rf,-0.2735955900175994
G23,G23__mom_12_1__top50__monthly__long_only__rev5,long_only,rev5,20.0,0.0,G00__mom_12_1__top50__monthly__long_only,delta_vs_same_scenario_G00,max_drawdown,-0.17904169550591392
G23,G23__mom_12_1__top50__monthly__long_only__rev5,long_only,rev5,20.0,0.0,G00__mom_12_1__top50__monthly__long_only,delta_vs_same_scenario_G00,annualized_volatility,0.02822695786877677
G23,G23__mom_12_1__top50__monthly__long_only__rev5,long_only,rev5,20.0,0.0,G00__mom_12_1__top50__monthly__long_only,delta_vs_same_scenario_G00,annualized_l1_turnover,5.297024385624645
G23,G23__mom_12_1__top50__monthly__long_short__rev20,long_short,rev20,0.0,0.0,G00__mom_12_1__top50__monthly__long_short,delta_vs_same_scenario_G00,cagr,0.04433546933285446
G23,G23__mom_12_1__top50__monthly__long_short__rev20,long_short,rev20,0.0,0.0,G00__mom_12_1__top50__monthly__long_short,delta_vs_same_scenario_G00,sharpe_excess_rf,0.3644264083057679
G23,G23__mom_12_1__top50__monthly__long_short__rev20,long_short,rev20,0.0,0.0,G00__mom_12_1__top50__monthly__long_short,delta_vs_same_scenario_G00,max_drawdown,0.1463693243045877
G23,G23__mom_12_1__top50__monthly__long_short__rev20,long_short,rev20,0.0,0.0,G00__mom_12_1__top50__monthly__long_short,delta_vs_same_scenario_G00,annualized_volatility,-0.02906320594120905
G23,G23__mom_12_1__top50__monthly__long_short__rev20,long_short,rev20,0.0,0.0,G00__mom_12_1__top50__monthly__long_short,delta_vs_same_scenario_G00,annualized_l1_turnover,3.9765569064065724
G23,G23__mom_12_1__top50__monthly__long_short__rev20,long_short,rev20,0.0,0.01,G00__mom_12_1__top50__monthly__long_short,delta_vs_same_scenario_G00,cagr,0.04415336899152642
G23,G23__mom_12_1__top50__monthly__long_short__rev20,long_short,rev20,0.0,0.01,G00__mom_12_1__top50__monthly__long_short,delta_vs_same_scenario_G00,sharpe_excess_rf,0.3563449824532584
G23,G23__mom_12_1__top50__monthly__long_short__rev20,long_short,rev20,0.0,0.01,G00__mom_12_1__top50__monthly__long_short,delta_vs_same_scenario_G00,max_drawdown,0.15110143876882687
G23,G23__mom_12_1__top50__monthly__long_short__rev20,long_short,rev20,0.0,0.01,G00__mom_12_1__top50__monthly__long_short,delta_vs_same_scenario_G00,annualized_volatility,-0.029070044380660173
G23,G23__mom_12_1__top50__monthly__long_short__rev20,long_short,rev20,0.0,0.01,G00__mom_12_1__top50__monthly__long_short,delta_vs_same_scenario_G00,annualized_l1_turnover,3.9770888841328578
G23,G23__mom_12_1__top50__monthly__long_short__rev20,long_short,rev20,0.0,0.03,G00__mom_12_1__top50__monthly__long_short,delta_vs_same_scenario_G00,cagr,0.04379642135946083
G23,G23__mom_12_1__top50__monthly__long_short__rev20,long_short,rev20,0.0,0.03,G00__mom_12_1__top50__monthly__long_short,delta_vs_same_scenario_G00,sharpe_excess_rf,0.34041789623979407
G23,G23__mom_12_1__top50__monthly__long_short__rev20,long_short,rev20,0.0,0.03,G00__mom_12_1__top50__monthly__long_short,delta_vs_same_scenario_G00,max_drawdown,0.16008404382766983
G23,G23__mom_12_1__top50__monthly__long_short__rev20,long_short,rev20,0.0,0.03,G00__mom_12_1__top50__monthly__long_short,delta_vs_same_scenario_G00,annualized_volatility,-0.029083530164588103
G23,G23__mom_12_1__top50__monthly__long_short__rev20,long_short,rev20,0.0,0.03,G00__mom_12_1__top50__monthly__long_short,delta_vs_same_scenario_G00,annualized_l1_turnover,3.978127613698506
G23,G23__mom_12_1__top50__monthly__long_short__rev20,long_short,rev20,5.0,0.0,G00__mom_12_1__top50__monthly__long_short,delta_vs_same_scenario_G00,cagr,0.04200741115545676
G23,G23__mom_12_1__top50__monthly__long_short__rev20,long_short,rev20,5.0,0.0,G00__mom_12_1__top50__monthly__long_short,delta_vs_same_scenario_G00,sharpe_excess_rf,0.3411752577841037
G23,G23__mom_12_1__top50__monthly__long_short__rev20,long_short,rev20,5.0,0.0,G00__mom_12_1__top50__monthly__long_short,delta_vs_same_scenario_G00,max_drawdown,0.14742641967097675
G23,G23__mom_12_1__top50__monthly__long_short__rev20,long_short,rev20,5.0,0.0,G00__mom_12_1__top50__monthly__long_short,delta_vs_same_scenario_G00,annualized_volatility,-0.028995691906882837
G23,G23__mom_12_1__top50__monthly__long_short__rev20,long_short,rev20,5.0,0.0,G00__mom_12_1__top50__monthly__long_short,delta_vs_same_scenario_G00,annualized_l1_turnover,3.9765569064065724
G23,G23__mom_12_1__top50__monthly__long_short__rev20,long_short,rev20,5.0,0.01,G00__mom_12_1__top50__monthly__long_short,delta_vs_same_scenario_G00,cagr,0.04183637735422459
G23,G23__mom_12_1__top50__monthly__long_short__rev20,long_short,rev20,5.0,0.01,G00__mom_12_1__top50__monthly__long_short,delta_vs_same_scenario_G00,sharpe_excess_rf,0.33311738459924745
G23,G23__mom_12_1__top50__monthly__long_short__rev20,long_short,rev20,5.0,0.01,G00__mom_12_1__top50__monthly__long_short,delta_vs_same_scenario_G00,max_drawdown,0.15212358279703259
G23,G23__mom_12_1__top50__monthly__long_short__rev20,long_short,rev20,5.0,0.01,G00__mom_12_1__top50__monthly__long_short,delta_vs_same_scenario_G00,annualized_volatility,-0.02900250546510051
G23,G23__mom_12_1__top50__monthly__long_short__rev20,long_short,rev20,5.0,0.01,G00__mom_12_1__top50__monthly__long_short,delta_vs_same_scenario_G00,annualized_l1_turnover,3.9770888841328578
G23,G23__mom_12_1__top50__monthly__long_short__rev20,long_short,rev20,5.0,0.03,G00__mom_12_1__top50__monthly__long_short,delta_vs_same_scenario_G00,cagr,0.04150110330458001
G23,G23__mom_12_1__top50__monthly__long_short__rev20,long_short,rev20,5.0,0.03,G00__mom_12_1__top50__monthly__long_short,delta_vs_same_scenario_G00,sharpe_excess_rf,0.3172367533993175
G23,G23__mom_12_1__top50__monthly__long_short__rev20,long_short,rev20,5.0,0.03,G00__mom_12_1__top50__monthly__long_short,delta_vs_same_scenario_G00,max_drawdown,0.1610391228695251
G23,G23__mom_12_1__top50__monthly__long_short__rev20,long_short,rev20,5.0,0.03,G00__mom_12_1__top50__monthly__long_short,delta_vs_same_scenario_G00,annualized_volatility,-0.029015942655871527
G23,G23__mom_12_1__top50__monthly__long_short__rev20,long_short,rev20,5.0,0.03,G00__mom_12_1__top50__monthly__long_short,delta_vs_same_scenario_G00,annualized_l1_turnover,3.978127613698506
G23,G23__mom_12_1__top50__monthly__long_short__rev20,long_short,rev20,10.0,0.0,G00__mom_12_1__top50__monthly__long_short,delta_vs_same_scenario_G00,cagr,0.03969791959384364
G23,G23__mom_12_1__top50__monthly__long_short__rev20,long_short,rev20,10.0,0.0,G00__mom_12_1__top50__monthly__long_short,delta_vs_same_scenario_G00,sharpe_excess_rf,0.31786582271790964
G23,G23__mom_12_1__top50__monthly__long_short__rev20,long_short,rev20,10.0,0.0,G00__mom_12_1__top50__monthly__long_short,delta_vs_same_scenario_G00,max_drawdown,0.14846621888418815
G23,G23__mom_12_1__top50__monthly__long_short__rev20,long_short,rev20,10.0,0.0,G00__mom_12_1__top50__monthly__long_short,delta_vs_same_scenario_G00,annualized_volatility,-0.02890650934058976
G23,G23__mom_12_1__top50__monthly__long_short__rev20,long_short,rev20,10.0,0.0,G00__mom_12_1__top50__monthly__long_short,delta_vs_same_scenario_G00,annualized_l1_turnover,3.9765569064065724
G23,G23__mom_12_1__top50__monthly__long_short__rev20,long_short,rev20,10.0,0.01,G00__mom_12_1__top50__monthly__long_short,delta_vs_same_scenario_G00,cagr,0.039537867625277334
G23,G23__mom_12_1__top50__monthly__long_short__rev20,long_short,rev20,10.0,0.01,G00__mom_12_1__top50__monthly__long_short,delta_vs_same_scenario_G00,sharpe_excess_rf,0.30984017104005257
G23,G23__mom_12_1__top50__monthly__long_short__rev20,long_short,rev20,10.0,0.01,G00__mom_12_1__top50__monthly__long_short,delta_vs_same_scenario_G00,max_drawdown,0.1531286635029665
G23,G23__mom_12_1__top50__monthly__long_short__rev20,long_short,rev20,10.0,0.01,G00__mom_12_1__top50__monthly__long_short,delta_vs_same_scenario_G00,annualized_volatility,-0.028913294811914944
G23,G23__mom_12_1__top50__monthly__long_short__rev20,long_short,rev20,10.0,0.01,G00__mom_12_1__top50__monthly__long_short,delta_vs_same_scenario_G00,annualized_l1_turnover,3.9770888841328578
G23,G23__mom_12_1__top50__monthly__long_short__rev20,long_short,rev20,10.0,0.03,G00__mom_12_1__top50__monthly__long_short,delta_vs_same_scenario_G00,cagr,0.0392241012873136
G23,G23__mom_12_1__top50__monthly__long_short__rev20,long_short,rev20,10.0,0.03,G00__mom_12_1__top50__monthly__long_short,delta_vs_same_scenario_G00,sharpe_excess_rf,0.29402307603306316
G23,G23__mom_12_1__top50__monthly__long_short__rev20,long_short,rev20,10.0,0.03,G00__mom_12_1__top50__monthly__long_short,delta_vs_same_scenario_G00,max_drawdown,0.1644050945931284
G23,G23__mom_12_1__top50__monthly__long_short__rev20,long_short,rev20,10.0,0.03,G00__mom_12_1__top50__monthly__long_short,delta_vs_same_scenario_G00,annualized_volatility,-0.028926677073111542
G23,G23__mom_12_1__top50__monthly__long_short__rev20,long_short,rev20,10.0,0.03,G00__mom_12_1__top50__monthly__long_short,delta_vs_same_scenario_G00,annualized_l1_turnover,3.9781276136985078
G23,G23__mom_12_1__top50__monthly__long_short__rev20,long_short,rev20,20.0,0.0,G00__mom_12_1__top50__monthly__long_short,delta_vs_same_scenario_G00,cagr,0.03513422428617832
G23,G23__mom_12_1__top50__monthly__long_short__rev20,long_short,rev20,20.0,0.0,G00__mom_12_1__top50__monthly__long_short,delta_vs_same_scenario_G00,sharpe_excess_rf,0.27120415809335807
G23,G23__mom_12_1__top50__monthly__long_short__rev20,long_short,rev20,20.0,0.0,G00__mom_12_1__top50__monthly__long_short,delta_vs_same_scenario_G00,max_drawdown,0.15049451487914123
G23,G23__mom_12_1__top50__monthly__long_short__rev20,long_short,rev20,20.0,0.0,G00__mom_12_1__top50__monthly__long_short,delta_vs_same_scenario_G00,annualized_volatility,-0.028663424092841144
G23,G23__mom_12_1__top50__monthly__long_short__rev20,long_short,rev20,20.0,0.0,G00__mom_12_1__top50__monthly__long_short,delta_vs_same_scenario_G00,annualized_l1_turnover,3.9765569064065724
G23,G23__mom_12_1__top50__monthly__long_short__rev20,long_short,rev20,20.0,0.01,G00__mom_12_1__top50__monthly__long_short,delta_vs_same_scenario_G00,cagr,0.03499588365252796
G23,G23__mom_12_1__top50__monthly__long_short__rev20,long_short,rev20,20.0,0.01,G00__mom_12_1__top50__monthly__long_short,delta_vs_same_scenario_G00,sharpe_excess_rf,0.2632686499654006
G23,G23__mom_12_1__top50__monthly__long_short__rev20,long_short,rev20,20.0,0.01,G00__mom_12_1__top50__monthly__long_short,delta_vs_same_scenario_G00,max_drawdown,0.15602696920434184
G23,G23__mom_12_1__top50__monthly__long_short__rev20,long_short,rev20,20.0,0.01,G00__mom_12_1__top50__monthly__long_short,delta_vs_same_scenario_G00,annualized_volatility,-0.028670143868004982
G23,G23__mom_12_1__top50__monthly__long_short__rev20,long_short,rev20,20.0,0.01,G00__mom_12_1__top50__monthly__long_short,delta_vs_same_scenario_G00,annualized_l1_turnover,3.977088884132856
G23,G23__mom_12_1__top50__monthly__long_short__rev20,long_short,rev20,20.0,0.03,G00__mom_12_1__top50__monthly__long_short,delta_vs_same_scenario_G00,cagr,0.03472463863369707
G23,G23__mom_12_1__top50__monthly__long_short__rev20,long_short,rev20,20.0,0.03,G00__mom_12_1__top50__monthly__long_short,delta_vs_same_scenario_G00,sharpe_excess_rf,0.247629268285833
G23,G23__mom_12_1__top50__monthly__long_short__rev20,long_short,rev20,20.0,0.03,G00__mom_12_1__top50__monthly__long_short,delta_vs_same_scenario_G00,max_drawdown,0.1714761714708628
G23,G23__mom_12_1__top50__monthly__long_short__rev20,long_short,rev20,20.0,0.03,G00__mom_12_1__top50__monthly__long_short,delta_vs_same_scenario_G00,annualized_volatility,-0.02868339744640551
G23,G23__mom_12_1__top50__monthly__long_short__rev20,long_short,rev20,20.0,0.03,G00__mom_12_1__top50__monthly__long_short,delta_vs_same_scenario_G00,annualized_l1_turnover,3.978127613698506
G23,G23__mom_12_1__top50__monthly__long_short__rev5,long_short,rev5,0.0,0.0,G00__mom_12_1__top50__monthly__long_short,delta_vs_same_scenario_G00,cagr,0.05640065651479662
G23,G23__mom_12_1__top50__monthly__long_short__rev5,long_short,rev5,0.0,0.0,G00__mom_12_1__top50__monthly__long_short,delta_vs_same_scenario_G00,sharpe_excess_rf,0.5018823523948409
G23,G23__mom_12_1__top50__monthly__long_short__rev5,long_short,rev5,0.0,0.0,G00__mom_12_1__top50__monthly__long_short,delta_vs_same_scenario_G00,max_drawdown,0.17073522079277192
G23,G23__mom_12_1__top50__monthly__long_short__rev5,long_short,rev5,0.0,0.0,G00__mom_12_1__top50__monthly__long_short,delta_vs_same_scenario_G00,annualized_volatility,-0.03812832956445458
G23,G23__mom_12_1__top50__monthly__long_short__rev5,long_short,rev5,0.0,0.0,G00__mom_12_1__top50__monthly__long_short,delta_vs_same_scenario_G00,annualized_l1_turnover,3.557541933575119
G23,G23__mom_12_1__top50__monthly__long_short__rev5,long_short,rev5,0.0,0.01,G00__mom_12_1__top50__monthly__long_short,delta_vs_same_scenario_G00,cagr,0.05615626583204456
G23,G23__mom_12_1__top50__monthly__long_short__rev5,long_short,rev5,0.0,0.01,G00__mom_12_1__top50__monthly__long_short,delta_vs_same_scenario_G00,sharpe_excess_rf,0.49028055973230633
G23,G23__mom_12_1__top50__monthly__long_short__rev5,long_short,rev5,0.0,0.01,G00__mom_12_1__top50__monthly__long_short,delta_vs_same_scenario_G00,max_drawdown,0.17599187527962346
G23,G23__mom_12_1__top50__monthly__long_short__rev5,long_short,rev5,0.0,0.01,G00__mom_12_1__top50__monthly__long_short,delta_vs_same_scenario_G00,annualized_volatility,-0.03813673379239754
G23,G23__mom_12_1__top50__monthly__long_short__rev5,long_short,rev5,0.0,0.01,G00__mom_12_1__top50__monthly__long_short,delta_vs_same_scenario_G00,annualized_l1_turnover,3.5580617255993374
G23,G23__mom_12_1__top50__monthly__long_short__rev5,long_short,rev5,0.0,0.03,G00__mom_12_1__top50__monthly__long_short,delta_vs_same_scenario_G00,cagr,0.05567725155640569
G23,G23__mom_12_1__top50__monthly__long_short__rev5,long_short,rev5,0.0,0.03,G00__mom_12_1__top50__monthly__long_short,delta_vs_same_scenario_G00,sharpe_excess_rf,0.4674150738303321
G23,G23__mom_12_1__top50__monthly__long_short__rev5,long_short,rev5,0.0,0.03,G00__mom_12_1__top50__monthly__long_short,delta_vs_same_scenario_G00,max_drawdown,0.18619016545861022
G23,G23__mom_12_1__top50__monthly__long_short__rev5,long_short,rev5,0.0,0.03,G00__mom_12_1__top50__monthly__long_short,delta_vs_same_scenario_G00,annualized_volatility,-0.03815330656818067
G23,G23__mom_12_1__top50__monthly__long_short__rev5,long_short,rev5,0.0,0.03,G00__mom_12_1__top50__monthly__long_short,delta_vs_same_scenario_G00,annualized_l1_turnover,3.5590737865543076
G23,G23__mom_12_1__top50__monthly__long_short__rev5,long_short,rev5,5.0,0.0,G00__mom_12_1__top50__monthly__long_short,delta_vs_same_scenario_G00,cagr,0.05423312967537448
G23,G23__mom_12_1__top50__monthly__long_short__rev5,long_short,rev5,5.0,0.0,G00__mom_12_1__top50__monthly__long_short,delta_vs_same_scenario_G00,sharpe_excess_rf,0.4763986392924416
G23,G23__mom_12_1__top50__monthly__long_short__rev5,long_short,rev5,5.0,0.0,G00__mom_12_1__top50__monthly__long_short,delta_vs_same_scenario_G00,max_drawdown,0.17467594448075413
G23,G23__mom_12_1__top50__monthly__long_short__rev5,long_short,rev5,5.0,0.0,G00__mom_12_1__top50__monthly__long_short,delta_vs_same_scenario_G00,annualized_volatility,-0.038055434093906174
G23,G23__mom_12_1__top50__monthly__long_short__rev5,long_short,rev5,5.0,0.0,G00__mom_12_1__top50__monthly__long_short,delta_vs_same_scenario_G00,annualized_l1_turnover,3.557541933575119
G23,G23__mom_12_1__top50__monthly__long_short__rev5,long_short,rev5,5.0,0.01,G00__mom_12_1__top50__monthly__long_short,delta_vs_same_scenario_G00,cagr,0.05399901534356351
G23,G23__mom_12_1__top50__monthly__long_short__rev5,long_short,rev5,5.0,0.01,G00__mom_12_1__top50__monthly__long_short,delta_vs_same_scenario_G00,sharpe_excess_rf,0.46482591407434704
G23,G23__mom_12_1__top50__monthly__long_short__rev5,long_short,rev5,5.0,0.01,G00__mom_12_1__top50__monthly__long_short,delta_vs_same_scenario_G00,max_drawdown,0.17989206767795746
G23,G23__mom_12_1__top50__monthly__long_short__rev5,long_short,rev5,5.0,0.01,G00__mom_12_1__top50__monthly__long_short,delta_vs_same_scenario_G00,annualized_volatility,-0.038063818492452814
G23,G23__mom_12_1__top50__monthly__long_short__rev5,long_short,rev5,5.0,0.01,G00__mom_12_1__top50__monthly__long_short,delta_vs_same_scenario_G00,annualized_l1_turnover,3.5580617255993374
G23,G23__mom_12_1__top50__monthly__long_short__rev5,long_short,rev5,5.0,0.03,G00__mom_12_1__top50__monthly__long_short,delta_vs_same_scenario_G00,cagr,0.05354012995293678
G23,G23__mom_12_1__top50__monthly__long_short__rev5,long_short,rev5,5.0,0.03,G00__mom_12_1__top50__monthly__long_short,delta_vs_same_scenario_G00,sharpe_excess_rf,0.4420177443906045
G23,G23__mom_12_1__top50__monthly__long_short__rev5,long_short,rev5,5.0,0.03,G00__mom_12_1__top50__monthly__long_short,delta_vs_same_scenario_G00,max_drawdown,0.19001151102573527
G23,G23__mom_12_1__top50__monthly__long_short__rev5,long_short,rev5,5.0,0.03,G00__mom_12_1__top50__monthly__long_short,delta_vs_same_scenario_G00,annualized_volatility,-0.03808035269178321
G23,G23__mom_12_1__top50__monthly__long_short__rev5,long_short,rev5,5.0,0.03,G00__mom_12_1__top50__monthly__long_short,delta_vs_same_scenario_G00,annualized_l1_turnover,3.5590737865543076
G23,G23__mom_12_1__top50__monthly__long_short__rev5,long_short,rev5,10.0,0.0,G00__mom_12_1__top50__monthly__long_short,delta_vs_same_scenario_G00,cagr,0.05208220431441671
G23,G23__mom_12_1__top50__monthly__long_short__rev5,long_short,rev5,10.0,0.0,G00__mom_12_1__top50__monthly__long_short,delta_vs_same_scenario_G00,sharpe_excess_rf,0.4508208618293632
G23,G23__mom_12_1__top50__monthly__long_short__rev5,long_short,rev5,10.0,0.0,G00__mom_12_1__top50__monthly__long_short,delta_vs_same_scenario_G00,max_drawdown,0.17858750009673624
G23,G23__mom_12_1__top50__monthly__long_short__rev5,long_short,rev5,10.0,0.0,G00__mom_12_1__top50__monthly__long_short,delta_vs_same_scenario_G00,annualized_volatility,-0.03796067311673748
G23,G23__mom_12_1__top50__monthly__long_short__rev5,long_short,rev5,10.0,0.0,G00__mom_12_1__top50__monthly__long_short,delta_vs_same_scenario_G00,annualized_l1_turnover,3.557541933575119
G23,G23__mom_12_1__top50__monthly__long_short__rev5,long_short,rev5,10.0,0.01,G00__mom_12_1__top50__monthly__long_short,delta_vs_same_scenario_G00,cagr,0.05185829090273475
G23,G23__mom_12_1__top50__monthly__long_short__rev5,long_short,rev5,10.0,0.01,G00__mom_12_1__top50__monthly__long_short,delta_vs_same_scenario_G00,sharpe_excess_rf,0.4392877689903734
G23,G23__mom_12_1__top50__monthly__long_short__rev5,long_short,rev5,10.0,0.01,G00__mom_12_1__top50__monthly__long_short,delta_vs_same_scenario_G00,max_drawdown,0.18376334300258346
G23,G23__mom_12_1__top50__monthly__long_short__rev5,long_short,rev5,10.0,0.01,G00__mom_12_1__top50__monthly__long_short,delta_vs_same_scenario_G00,annualized_volatility,-0.03796903430437297
G23,G23__mom_12_1__top50__monthly__long_short__rev5,long_short,rev5,10.0,0.01,G00__mom_12_1__top50__monthly__long_short,delta_vs_same_scenario_G00,annualized_l1_turnover,3.5580617255993374
G23,G23__mom_12_1__top50__monthly__long_short__rev5,long_short,rev5,10.0,0.03,G00__mom_12_1__top50__monthly__long_short,delta_vs_same_scenario_G00,cagr,0.051419386668207806
G23,G23__mom_12_1__top50__monthly__long_short__rev5,long_short,rev5,10.0,0.03,G00__mom_12_1__top50__monthly__long_short,delta_vs_same_scenario_G00,sharpe_excess_rf,0.4165577333241024
G23,G23__mom_12_1__top50__monthly__long_short__rev5,long_short,rev5,10.0,0.03,G00__mom_12_1__top50__monthly__long_short,delta_vs_same_scenario_G00,max_drawdown,0.1962319340012761
G23,G23__mom_12_1__top50__monthly__long_short__rev5,long_short,rev5,10.0,0.03,G00__mom_12_1__top50__monthly__long_short,delta_vs_same_scenario_G00,annualized_volatility,-0.03798552325825405
G23,G23__mom_12_1__top50__monthly__long_short__rev5,long_short,rev5,10.0,0.03,G00__mom_12_1__top50__monthly__long_short,delta_vs_same_scenario_G00,annualized_l1_turnover,3.5590737865543094
G23,G23__mom_12_1__top50__monthly__long_short__rev5,long_short,rev5,20.0,0.0,G00__mom_12_1__top50__monthly__long_short,delta_vs_same_scenario_G00,cagr,0.04782980147799168
G23,G23__mom_12_1__top50__monthly__long_short__rev5,long_short,rev5,20.0,0.0,G00__mom_12_1__top50__monthly__long_short,delta_vs_same_scenario_G00,sharpe_excess_rf,0.3995369205001172
G23,G23__mom_12_1__top50__monthly__long_short__rev5,long_short,rev5,20.0,0.0,G00__mom_12_1__top50__monthly__long_short,delta_vs_same_scenario_G00,max_drawdown,0.18632381881290994
G23,G23__mom_12_1__top50__monthly__long_short__rev5,long_short,rev5,20.0,0.0,G00__mom_12_1__top50__monthly__long_short,delta_vs_same_scenario_G00,annualized_volatility,-0.03770588413693553
G23,G23__mom_12_1__top50__monthly__long_short__rev5,long_short,rev5,20.0,0.0,G00__mom_12_1__top50__monthly__long_short,delta_vs_same_scenario_G00,annualized_l1_turnover,3.557541933575119
G23,G23__mom_12_1__top50__monthly__long_short__rev5,long_short,rev5,20.0,0.01,G00__mom_12_1__top50__monthly__long_short,delta_vs_same_scenario_G00,cagr,0.04762606515555915
G23,G23__mom_12_1__top50__monthly__long_short__rev5,long_short,rev5,20.0,0.01,G00__mom_12_1__top50__monthly__long_short,delta_vs_same_scenario_G00,sharpe_excess_rf,0.388114375640248
G23,G23__mom_12_1__top50__monthly__long_short__rev5,long_short,rev5,20.0,0.01,G00__mom_12_1__top50__monthly__long_short,delta_vs_same_scenario_G00,max_drawdown,0.19235860219863282
G23,G23__mom_12_1__top50__monthly__long_short__rev5,long_short,rev5,20.0,0.01,G00__mom_12_1__top50__monthly__long_short,delta_vs_same_scenario_G00,annualized_volatility,-0.03771418884601567
G23,G23__mom_12_1__top50__monthly__long_short__rev5,long_short,rev5,20.0,0.01,G00__mom_12_1__top50__monthly__long_short,delta_vs_same_scenario_G00,annualized_l1_turnover,3.5580617255993356
G23,G23__mom_12_1__top50__monthly__long_short__rev5,long_short,rev5,20.0,0.03,G00__mom_12_1__top50__monthly__long_short,delta_vs_same_scenario_G00,cagr,0.047226683064686636
G23,G23__mom_12_1__top50__monthly__long_short__rev5,long_short,rev5,20.0,0.03,G00__mom_12_1__top50__monthly__long_short,delta_vs_same_scenario_G00,sharpe_excess_rf,0.3656022507840079
G23,G23__mom_12_1__top50__monthly__long_short__rev5,long_short,rev5,20.0,0.03,G00__mom_12_1__top50__monthly__long_short,delta_vs_same_scenario_G00,max_drawdown,0.20897659273058
G23,G23__mom_12_1__top50__monthly__long_short__rev5,long_short,rev5,20.0,0.03,G00__mom_12_1__top50__monthly__long_short,delta_vs_same_scenario_G00,annualized_volatility,-0.03773056747378592
G23,G23__mom_12_1__top50__monthly__long_short__rev5,long_short,rev5,20.0,0.03,G00__mom_12_1__top50__monthly__long_short,delta_vs_same_scenario_G00,annualized_l1_turnover,3.5590737865543076
G23,G23__mom_12_1__top50__weekly__long_only__rev20,long_only,rev20,0.0,0.0,G00__mom_12_1__top50__weekly__long_only,delta_vs_same_scenario_G00,cagr,0.03032275965783754
G23,G23__mom_12_1__top50__weekly__long_only__rev20,long_only,rev20,0.0,0.0,G00__mom_12_1__top50__weekly__long_only,delta_vs_same_scenario_G00,sharpe_excess_rf,0.02961321080029755
G23,G23__mom_12_1__top50__weekly__long_only__rev20,long_only,rev20,0.0,0.0,G00__mom_12_1__top50__weekly__long_only,delta_vs_same_scenario_G00,max_drawdown,-0.2335049198933986
G23,G23__mom_12_1__top50__weekly__long_only__rev20,long_only,rev20,0.0,0.0,G00__mom_12_1__top50__weekly__long_only,delta_vs_same_scenario_G00,annualized_volatility,0.05181458133086381
G23,G23__mom_12_1__top50__weekly__long_only__rev20,long_only,rev20,0.0,0.0,G00__mom_12_1__top50__weekly__long_only,delta_vs_same_scenario_G00,annualized_l1_turnover,18.680074684008563
G23,G23__mom_12_1__top50__weekly__long_only__rev20,long_only,rev20,5.0,0.0,G00__mom_12_1__top50__weekly__long_only,delta_vs_same_scenario_G00,cagr,0.01924273557278003
G23,G23__mom_12_1__top50__weekly__long_only__rev20,long_only,rev20,5.0,0.0,G00__mom_12_1__top50__weekly__long_only,delta_vs_same_scenario_G00,sharpe_excess_rf,0.0004679157631365394
G23,G23__mom_12_1__top50__weekly__long_only__rev20,long_only,rev20,5.0,0.0,G00__mom_12_1__top50__weekly__long_only,delta_vs_same_scenario_G00,max_drawdown,-0.23403355315480445
G23,G23__mom_12_1__top50__weekly__long_only__rev20,long_only,rev20,5.0,0.0,G00__mom_12_1__top50__weekly__long_only,delta_vs_same_scenario_G00,annualized_volatility,0.05183446419659135
G23,G23__mom_12_1__top50__weekly__long_only__rev20,long_only,rev20,5.0,0.0,G00__mom_12_1__top50__weekly__long_only,delta_vs_same_scenario_G00,annualized_l1_turnover,18.680074684008563
G23,G23__mom_12_1__top50__weekly__long_only__rev20,long_only,rev20,10.0,0.0,G00__mom_12_1__top50__weekly__long_only,delta_vs_same_scenario_G00,cagr,0.00835266423093195
G23,G23__mom_12_1__top50__weekly__long_only__rev20,long_only,rev20,10.0,0.0,G00__mom_12_1__top50__weekly__long_only,delta_vs_same_scenario_G00,sharpe_excess_rf,-0.02870421497749409
G23,G23__mom_12_1__top50__weekly__long_only__rev20,long_only,rev20,10.0,0.0,G00__mom_12_1__top50__weekly__long_only,delta_vs_same_scenario_G00,max_drawdown,-0.2345613140544946
G23,G23__mom_12_1__top50__weekly__long_only__rev20,long_only,rev20,10.0,0.0,G00__mom_12_1__top50__weekly__long_only,delta_vs_same_scenario_G00,annualized_volatility,0.05187442173625745
G23,G23__mom_12_1__top50__weekly__long_only__rev20,long_only,rev20,10.0,0.0,G00__mom_12_1__top50__weekly__long_only,delta_vs_same_scenario_G00,annualized_l1_turnover,18.680074684008563
G23,G23__mom_12_1__top50__weekly__long_only__rev20,long_only,rev20,20.0,0.0,G00__mom_12_1__top50__weekly__long_only,delta_vs_same_scenario_G00,cagr,-0.012867815524854692
G23,G23__mom_12_1__top50__weekly__long_only__rev20,long_only,rev20,20.0,0.0,G00__mom_12_1__top50__weekly__long_only,delta_vs_same_scenario_G00,sharpe_excess_rf,-0.08708395879675418
G23,G23__mom_12_1__top50__weekly__long_only__rev20,long_only,rev20,20.0,0.0,G00__mom_12_1__top50__weekly__long_only,delta_vs_same_scenario_G00,max_drawdown,-0.235614220811666
G23,G23__mom_12_1__top50__weekly__long_only__rev20,long_only,rev20,20.0,0.0,G00__mom_12_1__top50__weekly__long_only,delta_vs_same_scenario_G00,annualized_volatility,0.052014502628258685
G23,G23__mom_12_1__top50__weekly__long_only__rev20,long_only,rev20,20.0,0.0,G00__mom_12_1__top50__weekly__long_only,delta_vs_same_scenario_G00,annualized_l1_turnover,18.680074684008563
G23,G23__mom_12_1__top50__weekly__long_only__rev5,long_only,rev5,0.0,0.0,G00__mom_12_1__top50__weekly__long_only,delta_vs_same_scenario_G00,cagr,0.02988789723570534
G23,G23__mom_12_1__top50__weekly__long_only__rev5,long_only,rev5,0.0,0.0,G00__mom_12_1__top50__weekly__long_only,delta_vs_same_scenario_G00,sharpe_excess_rf,0.0395770202666067
G23,G23__mom_12_1__top50__weekly__long_only__rev5,long_only,rev5,0.0,0.0,G00__mom_12_1__top50__weekly__long_only,delta_vs_same_scenario_G00,max_drawdown,-0.2346750271168051
G23,G23__mom_12_1__top50__weekly__long_only__rev5,long_only,rev5,0.0,0.0,G00__mom_12_1__top50__weekly__long_only,delta_vs_same_scenario_G00,annualized_volatility,0.0431185371958574
G23,G23__mom_12_1__top50__weekly__long_only__rev5,long_only,rev5,0.0,0.0,G00__mom_12_1__top50__weekly__long_only,delta_vs_same_scenario_G00,annualized_l1_turnover,29.903142042579475
G23,G23__mom_12_1__top50__weekly__long_only__rev5,long_only,rev5,5.0,0.0,G00__mom_12_1__top50__weekly__long_only,delta_vs_same_scenario_G00,cagr,0.012286002585095962
G23,G23__mom_12_1__top50__weekly__long_only__rev5,long_only,rev5,5.0,0.0,G00__mom_12_1__top50__weekly__long_only,delta_vs_same_scenario_G00,sharpe_excess_rf,-0.011065805191164624
G23,G23__mom_12_1__top50__weekly__long_only__rev5,long_only,rev5,5.0,0.0,G00__mom_12_1__top50__weekly__long_only,delta_vs_same_scenario_G00,max_drawdown,-0.23531993181879063
G23,G23__mom_12_1__top50__weekly__long_only__rev5,long_only,rev5,5.0,0.0,G00__mom_12_1__top50__weekly__long_only,delta_vs_same_scenario_G00,annualized_volatility,0.04302779293734968
G23,G23__mom_12_1__top50__weekly__long_only__rev5,long_only,rev5,5.0,0.0,G00__mom_12_1__top50__weekly__long_only,delta_vs_same_scenario_G00,annualized_l1_turnover,29.903142042579475
G23,G23__mom_12_1__top50__weekly__long_only__rev5,long_only,rev5,10.0,0.0,G00__mom_12_1__top50__weekly__long_only,delta_vs_same_scenario_G00,cagr,-0.004920290931827331
G23,G23__mom_12_1__top50__weekly__long_only__rev5,long_only,rev5,10.0,0.0,G00__mom_12_1__top50__weekly__long_only,delta_vs_same_scenario_G00,sharpe_excess_rf,-0.06182905742862155
G23,G23__mom_12_1__top50__weekly__long_only__rev5,long_only,rev5,10.0,0.0,G00__mom_12_1__top50__weekly__long_only,delta_vs_same_scenario_G00,max_drawdown,-0.23596362306473223
G23,G23__mom_12_1__top50__weekly__long_only__rev5,long_only,rev5,10.0,0.0,G00__mom_12_1__top50__weekly__long_only,delta_vs_same_scenario_G00,annualized_volatility,0.04298197725594244
G23,G23__mom_12_1__top50__weekly__long_only__rev5,long_only,rev5,10.0,0.0,G00__mom_12_1__top50__weekly__long_only,delta_vs_same_scenario_G00,annualized_l1_turnover,29.903142042579475
G23,G23__mom_12_1__top50__weekly__long_only__rev5,long_only,rev5,20.0,0.0,G00__mom_12_1__top50__weekly__long_only,delta_vs_same_scenario_G00,cagr,-0.03817498199978517
G23,G23__mom_12_1__top50__weekly__long_only__rev5,long_only,rev5,20.0,0.0,G00__mom_12_1__top50__weekly__long_only,delta_vs_same_scenario_G00,sharpe_excess_rf,-0.16357339531198434
G23,G23__mom_12_1__top50__weekly__long_only__rev5,long_only,rev5,20.0,0.0,G00__mom_12_1__top50__weekly__long_only,delta_vs_same_scenario_G00,max_drawdown,-0.24323084832595493
G23,G23__mom_12_1__top50__weekly__long_only__rev5,long_only,rev5,20.0,0.0,G00__mom_12_1__top50__weekly__long_only,delta_vs_same_scenario_G00,annualized_volatility,0.04302517720811566
G23,G23__mom_12_1__top50__weekly__long_only__rev5,long_only,rev5,20.0,0.0,G00__mom_12_1__top50__weekly__long_only,delta_vs_same_scenario_G00,annualized_l1_turnover,29.903142042579475
G23,G23__mom_12_1__top50__weekly__long_short__rev20,long_short,rev20,0.0,0.0,G00__mom_12_1__top50__weekly__long_short,delta_vs_same_scenario_G00,cagr,0.05283225208503661
G23,G23__mom_12_1__top50__weekly__long_short__rev20,long_short,rev20,0.0,0.0,G00__mom_12_1__top50__weekly__long_short,delta_vs_same_scenario_G00,sharpe_excess_rf,0.3731631739672041
G23,G23__mom_12_1__top50__weekly__long_short__rev20,long_short,rev20,0.0,0.0,G00__mom_12_1__top50__weekly__long_short,delta_vs_same_scenario_G00,max_drawdown,0.22176305991917933
G23,G23__mom_12_1__top50__weekly__long_short__rev20,long_short,rev20,0.0,0.0,G00__mom_12_1__top50__weekly__long_short,delta_vs_same_scenario_G00,annualized_volatility,-0.01778157171657374
G23,G23__mom_12_1__top50__weekly__long_short__rev20,long_short,rev20,0.0,0.0,G00__mom_12_1__top50__weekly__long_short,delta_vs_same_scenario_G00,annualized_l1_turnover,12.585165209396425
G23,G23__mom_12_1__top50__weekly__long_short__rev20,long_short,rev20,0.0,0.01,G00__mom_12_1__top50__weekly__long_short,delta_vs_same_scenario_G00,cagr,0.052579804259728816
G23,G23__mom_12_1__top50__weekly__long_short__rev20,long_short,rev20,0.0,0.01,G00__mom_12_1__top50__weekly__long_short,delta_vs_same_scenario_G00,sharpe_excess_rf,0.3687008793360067
G23,G23__mom_12_1__top50__weekly__long_short__rev20,long_short,rev20,0.0,0.01,G00__mom_12_1__top50__weekly__long_short,delta_vs_same_scenario_G00,max_drawdown,0.22313497655391812
G23,G23__mom_12_1__top50__weekly__long_short__rev20,long_short,rev20,0.0,0.01,G00__mom_12_1__top50__weekly__long_short,delta_vs_same_scenario_G00,annualized_volatility,-0.01778444934206186
G23,G23__mom_12_1__top50__weekly__long_short__rev20,long_short,rev20,0.0,0.01,G00__mom_12_1__top50__weekly__long_short,delta_vs_same_scenario_G00,annualized_l1_turnover,12.585646949340381
G23,G23__mom_12_1__top50__weekly__long_short__rev20,long_short,rev20,0.0,0.03,G00__mom_12_1__top50__weekly__long_short,delta_vs_same_scenario_G00,cagr,0.05208576844324013
G23,G23__mom_12_1__top50__weekly__long_short__rev20,long_short,rev20,0.0,0.03,G00__mom_12_1__top50__weekly__long_short,delta_vs_same_scenario_G00,sharpe_excess_rf,0.359904997756146
G23,G23__mom_12_1__top50__weekly__long_short__rev20,long_short,rev20,0.0,0.03,G00__mom_12_1__top50__weekly__long_short,delta_vs_same_scenario_G00,max_drawdown,0.2253848975045809
G23,G23__mom_12_1__top50__weekly__long_short__rev20,long_short,rev20,0.0,0.03,G00__mom_12_1__top50__weekly__long_short,delta_vs_same_scenario_G00,annualized_volatility,-0.017790121282418553
G23,G23__mom_12_1__top50__weekly__long_short__rev20,long_short,rev20,0.0,0.03,G00__mom_12_1__top50__weekly__long_short,delta_vs_same_scenario_G00,annualized_l1_turnover,12.586595736042634
G23,G23__mom_12_1__top50__weekly__long_short__rev20,long_short,rev20,5.0,0.0,G00__mom_12_1__top50__weekly__long_short,delta_vs_same_scenario_G00,cagr,0.04581964183547038
G23,G23__mom_12_1__top50__weekly__long_short__rev20,long_short,rev20,5.0,0.0,G00__mom_12_1__top50__weekly__long_short,delta_vs_same_scenario_G00,sharpe_excess_rf,0.32105433384339865
G23,G23__mom_12_1__top50__weekly__long_short__rev20,long_short,rev20,5.0,0.0,G00__mom_12_1__top50__weekly__long_short,delta_vs_same_scenario_G00,max_drawdown,0.22019891895225746
G23,G23__mom_12_1__top50__weekly__long_short__rev20,long_short,rev20,5.0,0.0,G00__mom_12_1__top50__weekly__long_short,delta_vs_same_scenario_G00,annualized_volatility,-0.017803288361424585
G23,G23__mom_12_1__top50__weekly__long_short__rev20,long_short,rev20,5.0,0.0,G00__mom_12_1__top50__weekly__long_short,delta_vs_same_scenario_G00,annualized_l1_turnover,12.585165209396424
G23,G23__mom_12_1__top50__weekly__long_short__rev20,long_short,rev20,5.0,0.01,G00__mom_12_1__top50__weekly__long_short,delta_vs_same_scenario_G00,cagr,0.045601642895953864
G23,G23__mom_12_1__top50__weekly__long_short__rev20,long_short,rev20,5.0,0.01,G00__mom_12_1__top50__weekly__long_short,delta_vs_same_scenario_G00,sharpe_excess_rf,0.316589754687225
G23,G23__mom_12_1__top50__weekly__long_short__rev20,long_short,rev20,5.0,0.01,G00__mom_12_1__top50__weekly__long_short,delta_vs_same_scenario_G00,max_drawdown,0.22148076961543672
G23,G23__mom_12_1__top50__weekly__long_short__rev20,long_short,rev20,5.0,0.01,G00__mom_12_1__top50__weekly__long_short,delta_vs_same_scenario_G00,annualized_volatility,-0.017806175338796693
G23,G23__mom_12_1__top50__weekly__long_short__rev20,long_short,rev20,5.0,0.01,G00__mom_12_1__top50__weekly__long_short,delta_vs_same_scenario_G00,annualized_l1_turnover,12.585646949340381
G23,G23__mom_12_1__top50__weekly__long_short__rev20,long_short,rev20,5.0,0.03,G00__mom_12_1__top50__weekly__long_short,delta_vs_same_scenario_G00,cagr,0.045175012443927486
G23,G23__mom_12_1__top50__weekly__long_short__rev20,long_short,rev20,5.0,0.03,G00__mom_12_1__top50__weekly__long_short,delta_vs_same_scenario_G00,sharpe_excess_rf,0.3077893574910642
G23,G23__mom_12_1__top50__weekly__long_short__rev20,long_short,rev20,5.0,0.03,G00__mom_12_1__top50__weekly__long_short,delta_vs_same_scenario_G00,max_drawdown,0.21772168091492594
G23,G23__mom_12_1__top50__weekly__long_short__rev20,long_short,rev20,5.0,0.03,G00__mom_12_1__top50__weekly__long_short,delta_vs_same_scenario_G00,annualized_volatility,-0.017811865957503226
G23,G23__mom_12_1__top50__weekly__long_short__rev20,long_short,rev20,5.0,0.03,G00__mom_12_1__top50__weekly__long_short,delta_vs_same_scenario_G00,annualized_l1_turnover,12.586595736042634
G23,G23__mom_12_1__top50__weekly__long_short__rev20,long_short,rev20,10.0,0.0,G00__mom_12_1__top50__weekly__long_short,delta_vs_same_scenario_G00,cagr,0.03890752592076123
G23,G23__mom_12_1__top50__weekly__long_short__rev20,long_short,rev20,10.0,0.0,G00__mom_12_1__top50__weekly__long_short,delta_vs_same_scenario_G00,sharpe_excess_rf,0.2688688147724986
G23,G23__mom_12_1__top50__weekly__long_short__rev20,long_short,rev20,10.0,0.0,G00__mom_12_1__top50__weekly__long_short,delta_vs_same_scenario_G00,max_drawdown,0.21815682043233964
G23,G23__mom_12_1__top50__weekly__long_short__rev20,long_short,rev20,10.0,0.0,G00__mom_12_1__top50__weekly__long_short,delta_vs_same_scenario_G00,annualized_volatility,-0.017794155016168434
G23,G23__mom_12_1__top50__weekly__long_short__rev20,long_short,rev20,10.0,0.0,G00__mom_12_1__top50__weekly__long_short,delta_vs_same_scenario_G00,annualized_l1_turnover,12.585165209396424
G23,G23__mom_12_1__top50__weekly__long_short__rev20,long_short,rev20,10.0,0.01,G00__mom_12_1__top50__weekly__long_short,delta_vs_same_scenario_G00,cagr,0.038723488408706055
G23,G23__mom_12_1__top50__weekly__long_short__rev20,long_short,rev20,10.0,0.01,G00__mom_12_1__top50__weekly__long_short,delta_vs_same_scenario_G00,sharpe_excess_rf,0.26441128273131137
G23,G23__mom_12_1__top50__weekly__long_short__rev20,long_short,rev20,10.0,0.01,G00__mom_12_1__top50__weekly__long_short,delta_vs_same_scenario_G00,max_drawdown,0.2175710577569696
G23,G23__mom_12_1__top50__weekly__long_short__rev20,long_short,rev20,10.0,0.01,G00__mom_12_1__top50__weekly__long_short,delta_vs_same_scenario_G00,annualized_volatility,-0.017797051149395254
G23,G23__mom_12_1__top50__weekly__long_short__rev20,long_short,rev20,10.0,0.01,G00__mom_12_1__top50__weekly__long_short,delta_vs_same_scenario_G00,annualized_l1_turnover,12.585646949340383
G23,G23__mom_12_1__top50__weekly__long_short__rev20,long_short,rev20,10.0,0.03,G00__mom_12_1__top50__weekly__long_short,delta_vs_same_scenario_G00,cagr,0.03836330956959842
G23,G23__mom_12_1__top50__weekly__long_short__rev20,long_short,rev20,10.0,0.03,G00__mom_12_1__top50__weekly__long_short,delta_vs_same_scenario_G00,sharpe_excess_rf,0.2556247562866754
G23,G23__mom_12_1__top50__weekly__long_short__rev20,long_short,rev20,10.0,0.03,G00__mom_12_1__top50__weekly__long_short,delta_vs_same_scenario_G00,max_drawdown,0.2128124106219229
G23,G23__mom_12_1__top50__weekly__long_short__rev20,long_short,rev20,10.0,0.03,G00__mom_12_1__top50__weekly__long_short,delta_vs_same_scenario_G00,annualized_volatility,-0.01780276005159273
G23,G23__mom_12_1__top50__weekly__long_short__rev20,long_short,rev20,10.0,0.03,G00__mom_12_1__top50__weekly__long_short,delta_vs_same_scenario_G00,annualized_l1_turnover,12.586595736042634
G23,G23__mom_12_1__top50__weekly__long_short__rev20,long_short,rev20,20.0,0.0,G00__mom_12_1__top50__weekly__long_short,delta_vs_same_scenario_G00,cagr,0.025380372379614692
G23,G23__mom_12_1__top50__weekly__long_short__rev20,long_short,rev20,20.0,0.0,G00__mom_12_1__top50__weekly__long_short,delta_vs_same_scenario_G00,sharpe_excess_rf,0.16453709222289747
G23,G23__mom_12_1__top50__weekly__long_short__rev20,long_short,rev20,20.0,0.0,G00__mom_12_1__top50__weekly__long_short,delta_vs_same_scenario_G00,max_drawdown,0.1967452074280468
G23,G23__mom_12_1__top50__weekly__long_short__rev20,long_short,rev20,20.0,0.0,G00__mom_12_1__top50__weekly__long_short,delta_vs_same_scenario_G00,annualized_volatility,-0.017683550916873597
G23,G23__mom_12_1__top50__weekly__long_short__rev20,long_short,rev20,20.0,0.0,G00__mom_12_1__top50__weekly__long_short,delta_vs_same_scenario_G00,annualized_l1_turnover,12.585165209396424
G23,G23__mom_12_1__top50__weekly__long_short__rev20,long_short,rev20,20.0,0.01,G00__mom_12_1__top50__weekly__long_short,delta_vs_same_scenario_G00,cagr,0.025262816433810932
G23,G23__mom_12_1__top50__weekly__long_short__rev20,long_short,rev20,20.0,0.01,G00__mom_12_1__top50__weekly__long_short,delta_vs_same_scenario_G00,sharpe_excess_rf,0.16012144519550114
G23,G23__mom_12_1__top50__weekly__long_short__rev20,long_short,rev20,20.0,0.01,G00__mom_12_1__top50__weekly__long_short,delta_vs_same_scenario_G00,max_drawdown,0.19413407363674373
G23,G23__mom_12_1__top50__weekly__long_short__rev20,long_short,rev20,20.0,0.01,G00__mom_12_1__top50__weekly__long_short,delta_vs_same_scenario_G00,annualized_volatility,-0.017686464764990695
G23,G23__mom_12_1__top50__weekly__long_short__rev20,long_short,rev20,20.0,0.01,G00__mom_12_1__top50__weekly__long_short,delta_vs_same_scenario_G00,annualized_l1_turnover,12.585646949340383
G23,G23__mom_12_1__top50__weekly__long_short__rev20,long_short,rev20,20.0,0.03,G00__mom_12_1__top50__weekly__long_short,delta_vs_same_scenario_G00,cagr,0.025032720820987488
G23,G23__mom_12_1__top50__weekly__long_short__rev20,long_short,rev20,20.0,0.03,G00__mom_12_1__top50__weekly__long_short,delta_vs_same_scenario_G00,sharpe_excess_rf,0.15141741751528912
G23,G23__mom_12_1__top50__weekly__long_short__rev20,long_short,rev20,20.0,0.03,G00__mom_12_1__top50__weekly__long_short,delta_vs_same_scenario_G00,max_drawdown,0.1907905511920454
G23,G23__mom_12_1__top50__weekly__long_short__rev20,long_short,rev20,20.0,0.03,G00__mom_12_1__top50__weekly__long_short,delta_vs_same_scenario_G00,annualized_volatility,-0.01769220903107513
G23,G23__mom_12_1__top50__weekly__long_short__rev20,long_short,rev20,20.0,0.03,G00__mom_12_1__top50__weekly__long_short,delta_vs_same_scenario_G00,annualized_l1_turnover,12.586595736042634
G23,G23__mom_12_1__top50__weekly__long_short__rev5,long_short,rev5,0.0,0.0,G00__mom_12_1__top50__weekly__long_short,delta_vs_same_scenario_G00,cagr,0.06281826482666486
G23,G23__mom_12_1__top50__weekly__long_short__rev5,long_short,rev5,0.0,0.0,G00__mom_12_1__top50__weekly__long_short,delta_vs_same_scenario_G00,sharpe_excess_rf,0.45364748896881313
G23,G23__mom_12_1__top50__weekly__long_short__rev5,long_short,rev5,0.0,0.0,G00__mom_12_1__top50__weekly__long_short,delta_vs_same_scenario_G00,max_drawdown,0.19859867513888407
G23,G23__mom_12_1__top50__weekly__long_short__rev5,long_short,rev5,0.0,0.0,G00__mom_12_1__top50__weekly__long_short,delta_vs_same_scenario_G00,annualized_volatility,-0.02115617628792013
G23,G23__mom_12_1__top50__weekly__long_short__rev5,long_short,rev5,0.0,0.0,G00__mom_12_1__top50__weekly__long_short,delta_vs_same_scenario_G00,annualized_l1_turnover,20.721233054849307
G23,G23__mom_12_1__top50__weekly__long_short__rev5,long_short,rev5,0.0,0.01,G00__mom_12_1__top50__weekly__long_short,delta_vs_same_scenario_G00,cagr,0.06251763721225341
G23,G23__mom_12_1__top50__weekly__long_short__rev5,long_short,rev5,0.0,0.01,G00__mom_12_1__top50__weekly__long_short,delta_vs_same_scenario_G00,sharpe_excess_rf,0.4481943828583106
G23,G23__mom_12_1__top50__weekly__long_short__rev5,long_short,rev5,0.0,0.01,G00__mom_12_1__top50__weekly__long_short,delta_vs_same_scenario_G00,max_drawdown,0.19983776838950174
G23,G23__mom_12_1__top50__weekly__long_short__rev5,long_short,rev5,0.0,0.01,G00__mom_12_1__top50__weekly__long_short,delta_vs_same_scenario_G00,annualized_volatility,-0.021159016994372004
G23,G23__mom_12_1__top50__weekly__long_short__rev5,long_short,rev5,0.0,0.01,G00__mom_12_1__top50__weekly__long_short,delta_vs_same_scenario_G00,annualized_l1_turnover,20.722104712206693
G23,G23__mom_12_1__top50__weekly__long_short__rev5,long_short,rev5,0.0,0.03,G00__mom_12_1__top50__weekly__long_short,delta_vs_same_scenario_G00,cagr,0.0619292968745873
G23,G23__mom_12_1__top50__weekly__long_short__rev5,long_short,rev5,0.0,0.03,G00__mom_12_1__top50__weekly__long_short,delta_vs_same_scenario_G00,sharpe_excess_rf,0.43744622708514225
G23,G23__mom_12_1__top50__weekly__long_short__rev5,long_short,rev5,0.0,0.03,G00__mom_12_1__top50__weekly__long_short,delta_vs_same_scenario_G00,max_drawdown,0.2022300795884756
G23,G23__mom_12_1__top50__weekly__long_short__rev5,long_short,rev5,0.0,0.03,G00__mom_12_1__top50__weekly__long_short,delta_vs_same_scenario_G00,annualized_volatility,-0.02116461584730947
G23,G23__mom_12_1__top50__weekly__long_short__rev5,long_short,rev5,0.0,0.03,G00__mom_12_1__top50__weekly__long_short,delta_vs_same_scenario_G00,annualized_l1_turnover,20.723818894437592
G23,G23__mom_12_1__top50__weekly__long_short__rev5,long_short,rev5,5.0,0.0,G00__mom_12_1__top50__weekly__long_short,delta_vs_same_scenario_G00,cagr,0.05130093283777515
G23,G23__mom_12_1__top50__weekly__long_short__rev5,long_short,rev5,5.0,0.0,G00__mom_12_1__top50__weekly__long_short,delta_vs_same_scenario_G00,sharpe_excess_rf,0.36791236805682626
G23,G23__mom_12_1__top50__weekly__long_short__rev5,long_short,rev5,5.0,0.0,G00__mom_12_1__top50__weekly__long_short,delta_vs_same_scenario_G00,max_drawdown,0.1942426810441223
G23,G23__mom_12_1__top50__weekly__long_short__rev5,long_short,rev5,5.0,0.0,G00__mom_12_1__top50__weekly__long_short,delta_vs_same_scenario_G00,annualized_volatility,-0.021323195387831673
G23,G23__mom_12_1__top50__weekly__long_short__rev5,long_short,rev5,5.0,0.0,G00__mom_12_1__top50__weekly__long_short,delta_vs_same_scenario_G00,annualized_l1_turnover,20.721233054849307
G23,G23__mom_12_1__top50__weekly__long_short__rev5,long_short,rev5,5.0,0.01,G00__mom_12_1__top50__weekly__long_short,delta_vs_same_scenario_G00,cagr,0.05105685531668708
G23,G23__mom_12_1__top50__weekly__long_short__rev5,long_short,rev5,5.0,0.01,G00__mom_12_1__top50__weekly__long_short,delta_vs_same_scenario_G00,sharpe_excess_rf,0.3624140030644946
G23,G23__mom_12_1__top50__weekly__long_short__rev5,long_short,rev5,5.0,0.01,G00__mom_12_1__top50__weekly__long_short,delta_vs_same_scenario_G00,max_drawdown,0.195484232445582
G23,G23__mom_12_1__top50__weekly__long_short__rev5,long_short,rev5,5.0,0.01,G00__mom_12_1__top50__weekly__long_short,delta_vs_same_scenario_G00,annualized_volatility,-0.021326041473919782
G23,G23__mom_12_1__top50__weekly__long_short__rev5,long_short,rev5,5.0,0.01,G00__mom_12_1__top50__weekly__long_short,delta_vs_same_scenario_G00,annualized_l1_turnover,20.722104712206693
G23,G23__mom_12_1__top50__weekly__long_short__rev5,long_short,rev5,5.0,0.03,G00__mom_12_1__top50__weekly__long_short,delta_vs_same_scenario_G00,cagr,0.05057916774520373
G23,G23__mom_12_1__top50__weekly__long_short__rev5,long_short,rev5,5.0,0.03,G00__mom_12_1__top50__weekly__long_short,delta_vs_same_scenario_G00,sharpe_excess_rf,0.3515766788502822
G23,G23__mom_12_1__top50__weekly__long_short__rev5,long_short,rev5,5.0,0.03,G00__mom_12_1__top50__weekly__long_short,delta_vs_same_scenario_G00,max_drawdown,0.1983649584630479
G23,G23__mom_12_1__top50__weekly__long_short__rev5,long_short,rev5,5.0,0.03,G00__mom_12_1__top50__weekly__long_short,delta_vs_same_scenario_G00,annualized_volatility,-0.021331651327763462
G23,G23__mom_12_1__top50__weekly__long_short__rev5,long_short,rev5,5.0,0.03,G00__mom_12_1__top50__weekly__long_short,delta_vs_same_scenario_G00,annualized_l1_turnover,20.723818894437592
G23,G23__mom_12_1__top50__weekly__long_short__rev5,long_short,rev5,10.0,0.0,G00__mom_12_1__top50__weekly__long_short,delta_vs_same_scenario_G00,cagr,0.039992049364487234
G23,G23__mom_12_1__top50__weekly__long_short__rev5,long_short,rev5,10.0,0.0,G00__mom_12_1__top50__weekly__long_short,delta_vs_same_scenario_G00,sharpe_excess_rf,0.2817380057547888
G23,G23__mom_12_1__top50__weekly__long_short__rev5,long_short,rev5,10.0,0.0,G00__mom_12_1__top50__weekly__long_short,delta_vs_same_scenario_G00,max_drawdown,0.1899422595995598
G23,G23__mom_12_1__top50__weekly__long_short__rev5,long_short,rev5,10.0,0.0,G00__mom_12_1__top50__weekly__long_short,delta_vs_same_scenario_G00,annualized_volatility,-0.021418098421576687
G23,G23__mom_12_1__top50__weekly__long_short__rev5,long_short,rev5,10.0,0.0,G00__mom_12_1__top50__weekly__long_short,delta_vs_same_scenario_G00,annualized_l1_turnover,20.721233054849307
G23,G23__mom_12_1__top50__weekly__long_short__rev5,long_short,rev5,10.0,0.01,G00__mom_12_1__top50__weekly__long_short,delta_vs_same_scenario_G00,cagr,0.03980351076628448
G23,G23__mom_12_1__top50__weekly__long_short__rev5,long_short,rev5,10.0,0.01,G00__mom_12_1__top50__weekly__long_short,delta_vs_same_scenario_G00,sharpe_excess_rf,0.2762168521457752
G23,G23__mom_12_1__top50__weekly__long_short__rev5,long_short,rev5,10.0,0.01,G00__mom_12_1__top50__weekly__long_short,delta_vs_same_scenario_G00,max_drawdown,0.19118616100879382
G23,G23__mom_12_1__top50__weekly__long_short__rev5,long_short,rev5,10.0,0.01,G00__mom_12_1__top50__weekly__long_short,delta_vs_same_scenario_G00,annualized_volatility,-0.021420949740179107
G23,G23__mom_12_1__top50__weekly__long_short__rev5,long_short,rev5,10.0,0.01,G00__mom_12_1__top50__weekly__long_short,delta_vs_same_scenario_G00,annualized_l1_turnover,20.722104712206693
G23,G23__mom_12_1__top50__weekly__long_short__rev5,long_short,rev5,10.0,0.03,G00__mom_12_1__top50__weekly__long_short,delta_vs_same_scenario_G00,cagr,0.03943449741484027
G23,G23__mom_12_1__top50__weekly__long_short__rev5,long_short,rev5,10.0,0.03,G00__mom_12_1__top50__weekly__long_short,delta_vs_same_scenario_G00,sharpe_excess_rf,0.2653346320067277
G23,G23__mom_12_1__top50__weekly__long_short__rev5,long_short,rev5,10.0,0.03,G00__mom_12_1__top50__weekly__long_short,delta_vs_same_scenario_G00,max_drawdown,0.1909893485435905
G23,G23__mom_12_1__top50__weekly__long_short__rev5,long_short,rev5,10.0,0.03,G00__mom_12_1__top50__weekly__long_short,delta_vs_same_scenario_G00,annualized_volatility,-0.021426570309629772
G23,G23__mom_12_1__top50__weekly__long_short__rev5,long_short,rev5,10.0,0.03,G00__mom_12_1__top50__weekly__long_short,delta_vs_same_scenario_G00,annualized_l1_turnover,20.723818894437592
G23,G23__mom_12_1__top50__weekly__long_short__rev5,long_short,rev5,20.0,0.0,G00__mom_12_1__top50__weekly__long_short,delta_vs_same_scenario_G00,cagr,0.017987746156727748
G23,G23__mom_12_1__top50__weekly__long_short__rev5,long_short,rev5,20.0,0.0,G00__mom_12_1__top50__weekly__long_short,delta_vs_same_scenario_G00,sharpe_excess_rf,0.10892035216644118
G23,G23__mom_12_1__top50__weekly__long_short__rev5,long_short,rev5,20.0,0.0,G00__mom_12_1__top50__weekly__long_short,delta_vs_same_scenario_G00,max_drawdown,0.17807351976477148
G23,G23__mom_12_1__top50__weekly__long_short__rev5,long_short,rev5,20.0,0.0,G00__mom_12_1__top50__weekly__long_short,delta_vs_same_scenario_G00,annualized_volatility,-0.021391351991033425
G23,G23__mom_12_1__top50__weekly__long_short__rev5,long_short,rev5,20.0,0.0,G00__mom_12_1__top50__weekly__long_short,delta_vs_same_scenario_G00,annualized_l1_turnover,20.721233054849307
G23,G23__mom_12_1__top50__weekly__long_short__rev5,long_short,rev5,20.0,0.01,G00__mom_12_1__top50__weekly__long_short,delta_vs_same_scenario_G00,cagr,0.01790730882962447
G23,G23__mom_12_1__top50__weekly__long_short__rev5,long_short,rev5,20.0,0.01,G00__mom_12_1__top50__weekly__long_short,delta_vs_same_scenario_G00,sharpe_excess_rf,0.10342115896332632
G23,G23__mom_12_1__top50__weekly__long_short__rev5,long_short,rev5,20.0,0.01,G00__mom_12_1__top50__weekly__long_short,delta_vs_same_scenario_G00,max_drawdown,0.17705188480660783
G23,G23__mom_12_1__top50__weekly__long_short__rev5,long_short,rev5,20.0,0.01,G00__mom_12_1__top50__weekly__long_short,delta_vs_same_scenario_G00,annualized_volatility,-0.021394213385160843
G23,G23__mom_12_1__top50__weekly__long_short__rev5,long_short,rev5,20.0,0.01,G00__mom_12_1__top50__weekly__long_short,delta_vs_same_scenario_G00,annualized_l1_turnover,20.722104712206693
G23,G23__mom_12_1__top50__weekly__long_short__rev5,long_short,rev5,20.0,0.03,G00__mom_12_1__top50__weekly__long_short,delta_vs_same_scenario_G00,cagr,0.017749819686269076
G23,G23__mom_12_1__top50__weekly__long_short__rev5,long_short,rev5,20.0,0.03,G00__mom_12_1__top50__weekly__long_short,delta_vs_same_scenario_G00,sharpe_excess_rf,0.09258221459372802
G23,G23__mom_12_1__top50__weekly__long_short__rev5,long_short,rev5,20.0,0.03,G00__mom_12_1__top50__weekly__long_short,delta_vs_same_scenario_G00,max_drawdown,0.17678071171614024
G23,G23__mom_12_1__top50__weekly__long_short__rev5,long_short,rev5,20.0,0.03,G00__mom_12_1__top50__weekly__long_short,delta_vs_same_scenario_G00,annualized_volatility,-0.021399854627725867
G23,G23__mom_12_1__top50__weekly__long_short__rev5,long_short,rev5,20.0,0.03,G00__mom_12_1__top50__weekly__long_short,delta_vs_same_scenario_G00,annualized_l1_turnover,20.723818894437592
G23,G23__mom_255_0__top10__monthly__long_only__rev20,long_only,rev20,0.0,0.0,G00__mom_255_0__top10__monthly__long_only,delta_vs_same_scenario_G00,cagr,-0.14664222614762185
G23,G23__mom_255_0__top10__monthly__long_only__rev20,long_only,rev20,0.0,0.0,G00__mom_255_0__top10__monthly__long_only,delta_vs_same_scenario_G00,sharpe_excess_rf,-0.3696885975227783
G23,G23__mom_255_0__top10__monthly__long_only__rev20,long_only,rev20,0.0,0.0,G00__mom_255_0__top10__monthly__long_only,delta_vs_same_scenario_G00,max_drawdown,-0.10667795595375773
G23,G23__mom_255_0__top10__monthly__long_only__rev20,long_only,rev20,0.0,0.0,G00__mom_255_0__top10__monthly__long_only,delta_vs_same_scenario_G00,annualized_volatility,0.03590011876758564
G23,G23__mom_255_0__top10__monthly__long_only__rev20,long_only,rev20,0.0,0.0,G00__mom_255_0__top10__monthly__long_only,delta_vs_same_scenario_G00,annualized_l1_turnover,6.656850621305033
G23,G23__mom_255_0__top10__monthly__long_only__rev20,long_only,rev20,5.0,0.0,G00__mom_255_0__top10__monthly__long_only,delta_vs_same_scenario_G00,cagr,-0.1496543293721712
G23,G23__mom_255_0__top10__monthly__long_only__rev20,long_only,rev20,5.0,0.0,G00__mom_255_0__top10__monthly__long_only,delta_vs_same_scenario_G00,sharpe_excess_rf,-0.37737434311354334
G23,G23__mom_255_0__top10__monthly__long_only__rev20,long_only,rev20,5.0,0.0,G00__mom_255_0__top10__monthly__long_only,delta_vs_same_scenario_G00,max_drawdown,-0.10197016949235971
G23,G23__mom_255_0__top10__monthly__long_only__rev20,long_only,rev20,5.0,0.0,G00__mom_255_0__top10__monthly__long_only,delta_vs_same_scenario_G00,annualized_volatility,0.03588827833299679
G23,G23__mom_255_0__top10__monthly__long_only__rev20,long_only,rev20,5.0,0.0,G00__mom_255_0__top10__monthly__long_only,delta_vs_same_scenario_G00,annualized_l1_turnover,6.656850621305033
G23,G23__mom_255_0__top10__monthly__long_only__rev20,long_only,rev20,10.0,0.0,G00__mom_255_0__top10__monthly__long_only,delta_vs_same_scenario_G00,cagr,-0.1526304675574912
G23,G23__mom_255_0__top10__monthly__long_only__rev20,long_only,rev20,10.0,0.0,G00__mom_255_0__top10__monthly__long_only,delta_vs_same_scenario_G00,sharpe_excess_rf,-0.38506504507205536
G23,G23__mom_255_0__top10__monthly__long_only__rev20,long_only,rev20,10.0,0.0,G00__mom_255_0__top10__monthly__long_only,delta_vs_same_scenario_G00,max_drawdown,-0.09731291965871669
G23,G23__mom_255_0__top10__monthly__long_only__rev20,long_only,rev20,10.0,0.0,G00__mom_255_0__top10__monthly__long_only,delta_vs_same_scenario_G00,annualized_volatility,0.035886896739542096
G23,G23__mom_255_0__top10__monthly__long_only__rev20,long_only,rev20,10.0,0.0,G00__mom_255_0__top10__monthly__long_only,delta_vs_same_scenario_G00,annualized_l1_turnover,6.656850621305033
G23,G23__mom_255_0__top10__monthly__long_only__rev20,long_only,rev20,20.0,0.0,G00__mom_255_0__top10__monthly__long_only,delta_vs_same_scenario_G00,cagr,-0.15847592468421995
G23,G23__mom_255_0__top10__monthly__long_only__rev20,long_only,rev20,20.0,0.0,G00__mom_255_0__top10__monthly__long_only,delta_vs_same_scenario_G00,sharpe_excess_rf,-0.4004535629936491
G23,G23__mom_255_0__top10__monthly__long_only__rev20,long_only,rev20,20.0,0.0,G00__mom_255_0__top10__monthly__long_only,delta_vs_same_scenario_G00,max_drawdown,-0.08814812020365681
G23,G23__mom_255_0__top10__monthly__long_only__rev20,long_only,rev20,20.0,0.0,G00__mom_255_0__top10__monthly__long_only,delta_vs_same_scenario_G00,annualized_volatility,0.03591551284327499
G23,G23__mom_255_0__top10__monthly__long_only__rev20,long_only,rev20,20.0,0.0,G00__mom_255_0__top10__monthly__long_only,delta_vs_same_scenario_G00,annualized_l1_turnover,6.656850621305033
G23,G23__mom_255_0__top10__monthly__long_only__rev5,long_only,rev5,0.0,0.0,G00__mom_255_0__top10__monthly__long_only,delta_vs_same_scenario_G00,cagr,-0.09507916269852873
G23,G23__mom_255_0__top10__monthly__long_only__rev5,long_only,rev5,0.0,0.0,G00__mom_255_0__top10__monthly__long_only,delta_vs_same_scenario_G00,sharpe_excess_rf,-0.24321072561598894
G23,G23__mom_255_0__top10__monthly__long_only__rev5,long_only,rev5,0.0,0.0,G00__mom_255_0__top10__monthly__long_only,delta_vs_same_scenario_G00,max_drawdown,-0.1719899575191549
G23,G23__mom_255_0__top10__monthly__long_only__rev5,long_only,rev5,0.0,0.0,G00__mom_255_0__top10__monthly__long_only,delta_vs_same_scenario_G00,annualized_volatility,0.022075759461847366
G23,G23__mom_255_0__top10__monthly__long_only__rev5,long_only,rev5,0.0,0.0,G00__mom_255_0__top10__monthly__long_only,delta_vs_same_scenario_G00,annualized_l1_turnover,6.651250662125536
G23,G23__mom_255_0__top10__monthly__long_only__rev5,long_only,rev5,5.0,0.0,G00__mom_255_0__top10__monthly__long_only,delta_vs_same_scenario_G00,cagr,-0.0984779718203323
G23,G23__mom_255_0__top10__monthly__long_only__rev5,long_only,rev5,5.0,0.0,G00__mom_255_0__top10__monthly__long_only,delta_vs_same_scenario_G00,sharpe_excess_rf,-0.2516671169955288
G23,G23__mom_255_0__top10__monthly__long_only__rev5,long_only,rev5,5.0,0.0,G00__mom_255_0__top10__monthly__long_only,delta_vs_same_scenario_G00,max_drawdown,-0.17206249776091198
G23,G23__mom_255_0__top10__monthly__long_only__rev5,long_only,rev5,5.0,0.0,G00__mom_255_0__top10__monthly__long_only,delta_vs_same_scenario_G00,annualized_volatility,0.022099478418643292
G23,G23__mom_255_0__top10__monthly__long_only__rev5,long_only,rev5,5.0,0.0,G00__mom_255_0__top10__monthly__long_only,delta_vs_same_scenario_G00,annualized_l1_turnover,6.651250662125536
G23,G23__mom_255_0__top10__monthly__long_only__rev5,long_only,rev5,10.0,0.0,G00__mom_255_0__top10__monthly__long_only,delta_vs_same_scenario_G00,cagr,-0.10183822699318679
G23,G23__mom_255_0__top10__monthly__long_only__rev5,long_only,rev5,10.0,0.0,G00__mom_255_0__top10__monthly__long_only,delta_vs_same_scenario_G00,sharpe_excess_rf,-0.26013104223517547
G23,G23__mom_255_0__top10__monthly__long_only__rev5,long_only,rev5,10.0,0.0,G00__mom_255_0__top10__monthly__long_only,delta_vs_same_scenario_G00,max_drawdown,-0.17253227699616636
G23,G23__mom_255_0__top10__monthly__long_only__rev5,long_only,rev5,10.0,0.0,G00__mom_255_0__top10__monthly__long_only,delta_vs_same_scenario_G00,annualized_volatility,0.022134203917722417
G23,G23__mom_255_0__top10__monthly__long_only__rev5,long_only,rev5,10.0,0.0,G00__mom_255_0__top10__monthly__long_only,delta_vs_same_scenario_G00,annualized_l1_turnover,6.651250662125536
G23,G23__mom_255_0__top10__monthly__long_only__rev5,long_only,rev5,20.0,0.0,G00__mom_255_0__top10__monthly__long_only,delta_vs_same_scenario_G00,cagr,-0.10844421255770204
G23,G23__mom_255_0__top10__monthly__long_only__rev5,long_only,rev5,20.0,0.0,G00__mom_255_0__top10__monthly__long_only,delta_vs_same_scenario_G00,sharpe_excess_rf,-0.27707254916544194
G23,G23__mom_255_0__top10__monthly__long_only__rev5,long_only,rev5,20.0,0.0,G00__mom_255_0__top10__monthly__long_only,delta_vs_same_scenario_G00,max_drawdown,-0.1733560833446327
G23,G23__mom_255_0__top10__monthly__long_only__rev5,long_only,rev5,20.0,0.0,G00__mom_255_0__top10__monthly__long_only,delta_vs_same_scenario_G00,annualized_volatility,0.022236658602527326
G23,G23__mom_255_0__top10__monthly__long_only__rev5,long_only,rev5,20.0,0.0,G00__mom_255_0__top10__monthly__long_only,delta_vs_same_scenario_G00,annualized_l1_turnover,6.651250662125536
G23,G23__mom_255_0__top10__monthly__long_short__rev20,long_short,rev20,0.0,0.0,G00__mom_255_0__top10__monthly__long_short,delta_vs_same_scenario_G00,cagr,0.009265223180589921
G23,G23__mom_255_0__top10__monthly__long_short__rev20,long_short,rev20,0.0,0.0,G00__mom_255_0__top10__monthly__long_short,delta_vs_same_scenario_G00,sharpe_excess_rf,0.029280947184264827
G23,G23__mom_255_0__top10__monthly__long_short__rev20,long_short,rev20,0.0,0.0,G00__mom_255_0__top10__monthly__long_short,delta_vs_same_scenario_G00,max_drawdown,0.20915783089106155
G23,G23__mom_255_0__top10__monthly__long_short__rev20,long_short,rev20,0.0,0.0,G00__mom_255_0__top10__monthly__long_short,delta_vs_same_scenario_G00,annualized_volatility,-0.049623705716066085
G23,G23__mom_255_0__top10__monthly__long_short__rev20,long_short,rev20,0.0,0.0,G00__mom_255_0__top10__monthly__long_short,delta_vs_same_scenario_G00,annualized_l1_turnover,4.18743005583622
G23,G23__mom_255_0__top10__monthly__long_short__rev20,long_short,rev20,0.0,0.01,G00__mom_255_0__top10__monthly__long_short,delta_vs_same_scenario_G00,cagr,0.009251868525017866
G23,G23__mom_255_0__top10__monthly__long_short__rev20,long_short,rev20,0.0,0.01,G00__mom_255_0__top10__monthly__long_short,delta_vs_same_scenario_G00,sharpe_excess_rf,0.02422813080116859
G23,G23__mom_255_0__top10__monthly__long_short__rev20,long_short,rev20,0.0,0.01,G00__mom_255_0__top10__monthly__long_short,delta_vs_same_scenario_G00,max_drawdown,0.21114378515402465
G23,G23__mom_255_0__top10__monthly__long_short__rev20,long_short,rev20,0.0,0.01,G00__mom_255_0__top10__monthly__long_short,delta_vs_same_scenario_G00,annualized_volatility,-0.049643113671402006
G23,G23__mom_255_0__top10__monthly__long_short__rev20,long_short,rev20,0.0,0.01,G00__mom_255_0__top10__monthly__long_short,delta_vs_same_scenario_G00,annualized_l1_turnover,4.187967152536478
G23,G23__mom_255_0__top10__monthly__long_short__rev20,long_short,rev20,0.0,0.03,G00__mom_255_0__top10__monthly__long_short,delta_vs_same_scenario_G00,cagr,0.00922536036611683
G23,G23__mom_255_0__top10__monthly__long_short__rev20,long_short,rev20,0.0,0.03,G00__mom_255_0__top10__monthly__long_short,delta_vs_same_scenario_G00,sharpe_excess_rf,0.014266515767406382
G23,G23__mom_255_0__top10__monthly__long_short__rev20,long_short,rev20,0.0,0.03,G00__mom_255_0__top10__monthly__long_short,delta_vs_same_scenario_G00,max_drawdown,0.21476315628428788
G23,G23__mom_255_0__top10__monthly__long_short__rev20,long_short,rev20,0.0,0.03,G00__mom_255_0__top10__monthly__long_short,delta_vs_same_scenario_G00,annualized_volatility,-0.04968143398230945
G23,G23__mom_255_0__top10__monthly__long_short__rev20,long_short,rev20,0.0,0.03,G00__mom_255_0__top10__monthly__long_short,delta_vs_same_scenario_G00,annualized_l1_turnover,4.189025447821365
G23,G23__mom_255_0__top10__monthly__long_short__rev20,long_short,rev20,5.0,0.0,G00__mom_255_0__top10__monthly__long_short,delta_vs_same_scenario_G00,cagr,0.007039829372822964
G23,G23__mom_255_0__top10__monthly__long_short__rev20,long_short,rev20,5.0,0.0,G00__mom_255_0__top10__monthly__long_short,delta_vs_same_scenario_G00,sharpe_excess_rf,0.013828724205896314
G23,G23__mom_255_0__top10__monthly__long_short__rev20,long_short,rev20,5.0,0.0,G00__mom_255_0__top10__monthly__long_short,delta_vs_same_scenario_G00,max_drawdown,0.2088619254547296
G23,G23__mom_255_0__top10__monthly__long_short__rev20,long_short,rev20,5.0,0.0,G00__mom_255_0__top10__monthly__long_short,delta_vs_same_scenario_G00,annualized_volatility,-0.04951053573462519
G23,G23__mom_255_0__top10__monthly__long_short__rev20,long_short,rev20,5.0,0.0,G00__mom_255_0__top10__monthly__long_short,delta_vs_same_scenario_G00,annualized_l1_turnover,4.18743005583622
G23,G23__mom_255_0__top10__monthly__long_short__rev20,long_short,rev20,5.0,0.01,G00__mom_255_0__top10__monthly__long_short,delta_vs_same_scenario_G00,cagr,0.007037139256464563
G23,G23__mom_255_0__top10__monthly__long_short__rev20,long_short,rev20,5.0,0.01,G00__mom_255_0__top10__monthly__long_short,delta_vs_same_scenario_G00,sharpe_excess_rf,0.00878962964763405
G23,G23__mom_255_0__top10__monthly__long_short__rev20,long_short,rev20,5.0,0.01,G00__mom_255_0__top10__monthly__long_short,delta_vs_same_scenario_G00,max_drawdown,0.21077236215458905
G23,G23__mom_255_0__top10__monthly__long_short__rev20,long_short,rev20,5.0,0.01,G00__mom_255_0__top10__monthly__long_short,delta_vs_same_scenario_G00,annualized_volatility,-0.049529902547134685
G23,G23__mom_255_0__top10__monthly__long_short__rev20,long_short,rev20,5.0,0.01,G00__mom_255_0__top10__monthly__long_short,delta_vs_same_scenario_G00,annualized_l1_turnover,4.187967152536478
G23,G23__mom_255_0__top10__monthly__long_short__rev20,long_short,rev20,5.0,0.03,G00__mom_255_0__top10__monthly__long_short,delta_vs_same_scenario_G00,cagr,0.007031511642365193
G23,G23__mom_255_0__top10__monthly__long_short__rev20,long_short,rev20,5.0,0.03,G00__mom_255_0__top10__monthly__long_short,delta_vs_same_scenario_G00,sharpe_excess_rf,-0.0011449521193463985
G23,G23__mom_255_0__top10__monthly__long_short__rev20,long_short,rev20,5.0,0.03,G00__mom_255_0__top10__monthly__long_short,delta_vs_same_scenario_G00,max_drawdown,0.2142494357738639
G23,G23__mom_255_0__top10__monthly__long_short__rev20,long_short,rev20,5.0,0.03,G00__mom_255_0__top10__monthly__long_short,delta_vs_same_scenario_G00,annualized_volatility,-0.04956814164440443
G23,G23__mom_255_0__top10__monthly__long_short__rev20,long_short,rev20,5.0,0.03,G00__mom_255_0__top10__monthly__long_short,delta_vs_same_scenario_G00,annualized_l1_turnover,4.189025447821361
G23,G23__mom_255_0__top10__monthly__long_short__rev20,long_short,rev20,10.0,0.0,G00__mom_255_0__top10__monthly__long_short,delta_vs_same_scenario_G00,cagr,0.004836484682340807
G23,G23__mom_255_0__top10__monthly__long_short__rev20,long_short,rev20,10.0,0.0,G00__mom_255_0__top10__monthly__long_short,delta_vs_same_scenario_G00,sharpe_excess_rf,-0.0015996663740684147
G23,G23__mom_255_0__top10__monthly__long_short__rev20,long_short,rev20,10.0,0.0,G00__mom_255_0__top10__monthly__long_short,delta_vs_same_scenario_G00,max_drawdown,0.20852054591200686
G23,G23__mom_255_0__top10__monthly__long_short__rev20,long_short,rev20,10.0,0.0,G00__mom_255_0__top10__monthly__long_short,delta_vs_same_scenario_G00,annualized_volatility,-0.04938202986370768
G23,G23__mom_255_0__top10__monthly__long_short__rev20,long_short,rev20,10.0,0.0,G00__mom_255_0__top10__monthly__long_short,delta_vs_same_scenario_G00,annualized_l1_turnover,4.18743005583622
G23,G23__mom_255_0__top10__monthly__long_short__rev20,long_short,rev20,10.0,0.01,G00__mom_255_0__top10__monthly__long_short,delta_vs_same_scenario_G00,cagr,0.0048443579580108725
G23,G23__mom_255_0__top10__monthly__long_short__rev20,long_short,rev20,10.0,0.01,G00__mom_255_0__top10__monthly__long_short,delta_vs_same_scenario_G00,sharpe_excess_rf,-0.006622699486800887
G23,G23__mom_255_0__top10__monthly__long_short__rev20,long_short,rev20,10.0,0.01,G00__mom_255_0__top10__monthly__long_short,delta_vs_same_scenario_G00,max_drawdown,0.21035736674669891
G23,G23__mom_255_0__top10__monthly__long_short__rev20,long_short,rev20,10.0,0.01,G00__mom_255_0__top10__monthly__long_short,delta_vs_same_scenario_G00,annualized_volatility,-0.04940135350603084
G23,G23__mom_255_0__top10__monthly__long_short__rev20,long_short,rev20,10.0,0.01,G00__mom_255_0__top10__monthly__long_short,delta_vs_same_scenario_G00,annualized_l1_turnover,4.187967152536478
G23,G23__mom_255_0__top10__monthly__long_short__rev20,long_short,rev20,10.0,0.03,G00__mom_255_0__top10__monthly__long_short,delta_vs_same_scenario_G00,cagr,0.004859412849874541
G23,G23__mom_255_0__top10__monthly__long_short__rev20,long_short,rev20,10.0,0.03,G00__mom_255_0__top10__monthly__long_short,delta_vs_same_scenario_G00,sharpe_excess_rf,-0.01652563777886098
G23,G23__mom_255_0__top10__monthly__long_short__rev20,long_short,rev20,10.0,0.03,G00__mom_255_0__top10__monthly__long_short,delta_vs_same_scenario_G00,max_drawdown,0.2136957578687929
G23,G23__mom_255_0__top10__monthly__long_short__rev20,long_short,rev20,10.0,0.03,G00__mom_255_0__top10__monthly__long_short,delta_vs_same_scenario_G00,annualized_volatility,-0.04943950736332864
G23,G23__mom_255_0__top10__monthly__long_short__rev20,long_short,rev20,10.0,0.03,G00__mom_255_0__top10__monthly__long_short,delta_vs_same_scenario_G00,annualized_l1_turnover,4.189025447821361
G23,G23__mom_255_0__top10__monthly__long_short__rev20,long_short,rev20,20.0,0.0,G00__mom_255_0__top10__monthly__long_short,delta_vs_same_scenario_G00,cagr,0.0004953463982084981
G23,G23__mom_255_0__top10__monthly__long_short__rev20,long_short,rev20,20.0,0.0,G00__mom_255_0__top10__monthly__long_short,delta_vs_same_scenario_G00,sharpe_excess_rf,-0.03234401461234802
G23,G23__mom_255_0__top10__monthly__long_short__rev20,long_short,rev20,20.0,0.0,G00__mom_255_0__top10__monthly__long_short,delta_vs_same_scenario_G00,max_drawdown,0.20770732134263847
G23,G23__mom_255_0__top10__monthly__long_short__rev20,long_short,rev20,20.0,0.0,G00__mom_255_0__top10__monthly__long_short,delta_vs_same_scenario_G00,annualized_volatility,-0.04907917864626754
G23,G23__mom_255_0__top10__monthly__long_short__rev20,long_short,rev20,20.0,0.0,G00__mom_255_0__top10__monthly__long_short,delta_vs_same_scenario_G00,annualized_l1_turnover,4.18743005583622
G23,G23__mom_255_0__top10__monthly__long_short__rev20,long_short,rev20,20.0,0.01,G00__mom_255_0__top10__monthly__long_short,delta_vs_same_scenario_G00,cagr,0.000524045615078194
G23,G23__mom_255_0__top10__monthly__long_short__rev20,long_short,rev20,20.0,0.01,G00__mom_255_0__top10__monthly__long_short,delta_vs_same_scenario_G00,sharpe_excess_rf,-0.037327972035367335
G23,G23__mom_255_0__top10__monthly__long_short__rev20,long_short,rev20,20.0,0.01,G00__mom_255_0__top10__monthly__long_short,delta_vs_same_scenario_G00,max_drawdown,0.20940245349883913
G23,G23__mom_255_0__top10__monthly__long_short__rev20,long_short,rev20,20.0,0.01,G00__mom_255_0__top10__monthly__long_short,delta_vs_same_scenario_G00,annualized_volatility,-0.049098409903031104
G23,G23__mom_255_0__top10__monthly__long_short__rev20,long_short,rev20,20.0,0.01,G00__mom_255_0__top10__monthly__long_short,delta_vs_same_scenario_G00,annualized_l1_turnover,4.187967152536478
G23,G23__mom_255_0__top10__monthly__long_short__rev20,long_short,rev20,20.0,0.03,G00__mom_255_0__top10__monthly__long_short,delta_vs_same_scenario_G00,cagr,0.0005798764903157802
G23,G23__mom_255_0__top10__monthly__long_short__rev20,long_short,rev20,20.0,0.03,G00__mom_255_0__top10__monthly__long_short,delta_vs_same_scenario_G00,sharpe_excess_rf,-0.04715392273849839
G23,G23__mom_255_0__top10__monthly__long_short__rev20,long_short,rev20,20.0,0.03,G00__mom_255_0__top10__monthly__long_short,delta_vs_same_scenario_G00,max_drawdown,0.21247401542208633
G23,G23__mom_255_0__top10__monthly__long_short__rev20,long_short,rev20,20.0,0.03,G00__mom_255_0__top10__monthly__long_short,delta_vs_same_scenario_G00,annualized_volatility,-0.04913638127409822
G23,G23__mom_255_0__top10__monthly__long_short__rev20,long_short,rev20,20.0,0.03,G00__mom_255_0__top10__monthly__long_short,delta_vs_same_scenario_G00,annualized_l1_turnover,4.189025447821363
G23,G23__mom_255_0__top10__monthly__long_short__rev5,long_short,rev5,0.0,0.0,G00__mom_255_0__top10__monthly__long_short,delta_vs_same_scenario_G00,cagr,0.03206389968361362
G23,G23__mom_255_0__top10__monthly__long_short__rev5,long_short,rev5,0.0,0.0,G00__mom_255_0__top10__monthly__long_short,delta_vs_same_scenario_G00,sharpe_excess_rf,0.14747187591221272
G23,G23__mom_255_0__top10__monthly__long_short__rev5,long_short,rev5,0.0,0.0,G00__mom_255_0__top10__monthly__long_short,delta_vs_same_scenario_G00,max_drawdown,0.19307144822720168
G23,G23__mom_255_0__top10__monthly__long_short__rev5,long_short,rev5,0.0,0.0,G00__mom_255_0__top10__monthly__long_short,delta_vs_same_scenario_G00,annualized_volatility,-0.06256544467424302
G23,G23__mom_255_0__top10__monthly__long_short__rev5,long_short,rev5,0.0,0.0,G00__mom_255_0__top10__monthly__long_short,delta_vs_same_scenario_G00,annualized_l1_turnover,4.291502706322207
G23,G23__mom_255_0__top10__monthly__long_short__rev5,long_short,rev5,0.0,0.01,G00__mom_255_0__top10__monthly__long_short,delta_vs_same_scenario_G00,cagr,0.03194375339267614
G23,G23__mom_255_0__top10__monthly__long_short__rev5,long_short,rev5,0.0,0.01,G00__mom_255_0__top10__monthly__long_short,delta_vs_same_scenario_G00,sharpe_excess_rf,0.14061797323677552
G23,G23__mom_255_0__top10__monthly__long_short__rev5,long_short,rev5,0.0,0.01,G00__mom_255_0__top10__monthly__long_short,delta_vs_same_scenario_G00,max_drawdown,0.19532103730392092
G23,G23__mom_255_0__top10__monthly__long_short__rev5,long_short,rev5,0.0,0.01,G00__mom_255_0__top10__monthly__long_short,delta_vs_same_scenario_G00,annualized_volatility,-0.06258764047529464
G23,G23__mom_255_0__top10__monthly__long_short__rev5,long_short,rev5,0.0,0.01,G00__mom_255_0__top10__monthly__long_short,delta_vs_same_scenario_G00,annualized_l1_turnover,4.292073963482569
G23,G23__mom_255_0__top10__monthly__long_short__rev5,long_short,rev5,0.0,0.03,G00__mom_255_0__top10__monthly__long_short,delta_vs_same_scenario_G00,cagr,0.03170812048242884
G23,G23__mom_255_0__top10__monthly__long_short__rev5,long_short,rev5,0.0,0.03,G00__mom_255_0__top10__monthly__long_short,delta_vs_same_scenario_G00,sharpe_excess_rf,0.12710690292517274
G23,G23__mom_255_0__top10__monthly__long_short__rev5,long_short,rev5,0.0,0.03,G00__mom_255_0__top10__monthly__long_short,delta_vs_same_scenario_G00,max_drawdown,0.1994496086159505
G23,G23__mom_255_0__top10__monthly__long_short__rev5,long_short,rev5,0.0,0.03,G00__mom_255_0__top10__monthly__long_short,delta_vs_same_scenario_G00,annualized_volatility,-0.06263145881012949
G23,G23__mom_255_0__top10__monthly__long_short__rev5,long_short,rev5,0.0,0.03,G00__mom_255_0__top10__monthly__long_short,delta_vs_same_scenario_G00,annualized_l1_turnover,4.293191124141375
G23,G23__mom_255_0__top10__monthly__long_short__rev5,long_short,rev5,5.0,0.0,G00__mom_255_0__top10__monthly__long_short,delta_vs_same_scenario_G00,cagr,0.02963022995964945
G23,G23__mom_255_0__top10__monthly__long_short__rev5,long_short,rev5,5.0,0.0,G00__mom_255_0__top10__monthly__long_short,delta_vs_same_scenario_G00,sharpe_excess_rf,0.12925036641006957
G23,G23__mom_255_0__top10__monthly__long_short__rev5,long_short,rev5,5.0,0.0,G00__mom_255_0__top10__monthly__long_short,delta_vs_same_scenario_G00,max_drawdown,0.19335229272628152
G23,G23__mom_255_0__top10__monthly__long_short__rev5,long_short,rev5,5.0,0.0,G00__mom_255_0__top10__monthly__long_short,delta_vs_same_scenario_G00,annualized_volatility,-0.06247530820135441
G23,G23__mom_255_0__top10__monthly__long_short__rev5,long_short,rev5,5.0,0.0,G00__mom_255_0__top10__monthly__long_short,delta_vs_same_scenario_G00,annualized_l1_turnover,4.291502706322207
G23,G23__mom_255_0__top10__monthly__long_short__rev5,long_short,rev5,5.0,0.01,G00__mom_255_0__top10__monthly__long_short,delta_vs_same_scenario_G00,cagr,0.029521688161188185
G23,G23__mom_255_0__top10__monthly__long_short__rev5,long_short,rev5,5.0,0.01,G00__mom_255_0__top10__monthly__long_short,delta_vs_same_scenario_G00,sharpe_excess_rf,0.12240835096598943
G23,G23__mom_255_0__top10__monthly__long_short__rev5,long_short,rev5,5.0,0.01,G00__mom_255_0__top10__monthly__long_short,delta_vs_same_scenario_G00,max_drawdown,0.19551930003292972
G23,G23__mom_255_0__top10__monthly__long_short__rev5,long_short,rev5,5.0,0.01,G00__mom_255_0__top10__monthly__long_short,delta_vs_same_scenario_G00,annualized_volatility,-0.06249745366974965
G23,G23__mom_255_0__top10__monthly__long_short__rev5,long_short,rev5,5.0,0.01,G00__mom_255_0__top10__monthly__long_short,delta_vs_same_scenario_G00,annualized_l1_turnover,4.292073963482569
G23,G23__mom_255_0__top10__monthly__long_short__rev5,long_short,rev5,5.0,0.03,G00__mom_255_0__top10__monthly__long_short,delta_vs_same_scenario_G00,cagr,0.029308781047022323
G23,G23__mom_255_0__top10__monthly__long_short__rev5,long_short,rev5,5.0,0.03,G00__mom_255_0__top10__monthly__long_short,delta_vs_same_scenario_G00,sharpe_excess_rf,0.10892072914636118
G23,G23__mom_255_0__top10__monthly__long_short__rev5,long_short,rev5,5.0,0.03,G00__mom_255_0__top10__monthly__long_short,delta_vs_same_scenario_G00,max_drawdown,0.19949190854387577
G23,G23__mom_255_0__top10__monthly__long_short__rev5,long_short,rev5,5.0,0.03,G00__mom_255_0__top10__monthly__long_short,delta_vs_same_scenario_G00,annualized_volatility,-0.062541172689247
G23,G23__mom_255_0__top10__monthly__long_short__rev5,long_short,rev5,5.0,0.03,G00__mom_255_0__top10__monthly__long_short,delta_vs_same_scenario_G00,annualized_l1_turnover,4.293191124141371
G23,G23__mom_255_0__top10__monthly__long_short__rev5,long_short,rev5,10.0,0.0,G00__mom_255_0__top10__monthly__long_short,delta_vs_same_scenario_G00,cagr,0.02722017485028409
G23,G23__mom_255_0__top10__monthly__long_short__rev5,long_short,rev5,10.0,0.0,G00__mom_255_0__top10__monthly__long_short,delta_vs_same_scenario_G00,sharpe_excess_rf,0.11103018887753871
G23,G23__mom_255_0__top10__monthly__long_short__rev5,long_short,rev5,10.0,0.0,G00__mom_255_0__top10__monthly__long_short,delta_vs_same_scenario_G00,max_drawdown,0.1935756247727286
G23,G23__mom_255_0__top10__monthly__long_short__rev5,long_short,rev5,10.0,0.0,G00__mom_255_0__top10__monthly__long_short,delta_vs_same_scenario_G00,annualized_volatility,-0.062367639527581564
G23,G23__mom_255_0__top10__monthly__long_short__rev5,long_short,rev5,10.0,0.0,G00__mom_255_0__top10__monthly__long_short,delta_vs_same_scenario_G00,annualized_l1_turnover,4.291502706322207
G23,G23__mom_255_0__top10__monthly__long_short__rev5,long_short,rev5,10.0,0.01,G00__mom_255_0__top10__monthly__long_short,delta_vs_same_scenario_G00,cagr,0.027123129630523893
G23,G23__mom_255_0__top10__monthly__long_short__rev5,long_short,rev5,10.0,0.01,G00__mom_255_0__top10__monthly__long_short,delta_vs_same_scenario_G00,sharpe_excess_rf,0.10420317368952581
G23,G23__mom_255_0__top10__monthly__long_short__rev5,long_short,rev5,10.0,0.01,G00__mom_255_0__top10__monthly__long_short,delta_vs_same_scenario_G00,max_drawdown,0.1956620856324066
G23,G23__mom_255_0__top10__monthly__long_short__rev5,long_short,rev5,10.0,0.01,G00__mom_255_0__top10__monthly__long_short,delta_vs_same_scenario_G00,annualized_volatility,-0.06238973213427321
G23,G23__mom_255_0__top10__monthly__long_short__rev5,long_short,rev5,10.0,0.01,G00__mom_255_0__top10__monthly__long_short,delta_vs_same_scenario_G00,annualized_l1_turnover,4.292073963482569
G23,G23__mom_255_0__top10__monthly__long_short__rev5,long_short,rev5,10.0,0.03,G00__mom_255_0__top10__monthly__long_short,delta_vs_same_scenario_G00,cagr,0.026932736968225596
G23,G23__mom_255_0__top10__monthly__long_short__rev5,long_short,rev5,10.0,0.03,G00__mom_255_0__top10__monthly__long_short,delta_vs_same_scenario_G00,sharpe_excess_rf,0.09074513460037309
G23,G23__mom_255_0__top10__monthly__long_short__rev5,long_short,rev5,10.0,0.03,G00__mom_255_0__top10__monthly__long_short,delta_vs_same_scenario_G00,max_drawdown,0.19948260499575876
G23,G23__mom_255_0__top10__monthly__long_short__rev5,long_short,rev5,10.0,0.03,G00__mom_255_0__top10__monthly__long_short,delta_vs_same_scenario_G00,annualized_volatility,-0.06243334685212423
G23,G23__mom_255_0__top10__monthly__long_short__rev5,long_short,rev5,10.0,0.03,G00__mom_255_0__top10__monthly__long_short,delta_vs_same_scenario_G00,annualized_l1_turnover,4.293191124141371
G23,G23__mom_255_0__top10__monthly__long_short__rev5,long_short,rev5,20.0,0.0,G00__mom_255_0__top10__monthly__long_short,delta_vs_same_scenario_G00,cagr,0.022470272555846573
G23,G23__mom_255_0__top10__monthly__long_short__rev5,long_short,rev5,20.0,0.0,G00__mom_255_0__top10__monthly__long_short,delta_vs_same_scenario_G00,sharpe_excess_rf,0.07464793973119936
G23,G23__mom_255_0__top10__monthly__long_short__rev5,long_short,rev5,20.0,0.0,G00__mom_255_0__top10__monthly__long_short,delta_vs_same_scenario_G00,max_drawdown,0.19385651934666903
G23,G23__mom_255_0__top10__monthly__long_short__rev5,long_short,rev5,20.0,0.0,G00__mom_255_0__top10__monthly__long_short,delta_vs_same_scenario_G00,annualized_volatility,-0.062099868720706025
G23,G23__mom_255_0__top10__monthly__long_short__rev5,long_short,rev5,20.0,0.0,G00__mom_255_0__top10__monthly__long_short,delta_vs_same_scenario_G00,annualized_l1_turnover,4.291502706322207
G23,G23__mom_255_0__top10__monthly__long_short__rev5,long_short,rev5,20.0,0.01,G00__mom_255_0__top10__monthly__long_short,delta_vs_same_scenario_G00,cagr,0.02239589951433103
G23,G23__mom_255_0__top10__monthly__long_short__rev5,long_short,rev5,20.0,0.01,G00__mom_255_0__top10__monthly__long_short,delta_vs_same_scenario_G00,sharpe_excess_rf,0.06786019110062634
G23,G23__mom_255_0__top10__monthly__long_short__rev5,long_short,rev5,20.0,0.01,G00__mom_255_0__top10__monthly__long_short,delta_vs_same_scenario_G00,max_drawdown,0.19578782276072382
G23,G23__mom_255_0__top10__monthly__long_short__rev5,long_short,rev5,20.0,0.01,G00__mom_255_0__top10__monthly__long_short,delta_vs_same_scenario_G00,annualized_volatility,-0.062121848076099856
G23,G23__mom_255_0__top10__monthly__long_short__rev5,long_short,rev5,20.0,0.01,G00__mom_255_0__top10__monthly__long_short,delta_vs_same_scenario_G00,annualized_l1_turnover,4.292073963482569
G23,G23__mom_255_0__top10__monthly__long_short__rev5,long_short,rev5,20.0,0.03,G00__mom_255_0__top10__monthly__long_short,delta_vs_same_scenario_G00,cagr,0.022249907132910987
G23,G23__mom_255_0__top10__monthly__long_short__rev5,long_short,rev5,20.0,0.03,G00__mom_255_0__top10__monthly__long_short,delta_vs_same_scenario_G00,sharpe_excess_rf,0.05447957635738141
G23,G23__mom_255_0__top10__monthly__long_short__rev5,long_short,rev5,20.0,0.03,G00__mom_255_0__top10__monthly__long_short,delta_vs_same_scenario_G00,max_drawdown,0.19931545912652193
G23,G23__mom_255_0__top10__monthly__long_short__rev5,long_short,rev5,20.0,0.03,G00__mom_255_0__top10__monthly__long_short,delta_vs_same_scenario_G00,annualized_volatility,-0.06216523934803911
G23,G23__mom_255_0__top10__monthly__long_short__rev5,long_short,rev5,20.0,0.03,G00__mom_255_0__top10__monthly__long_short,delta_vs_same_scenario_G00,annualized_l1_turnover,4.293191124141373
G23,G23__mom_255_0__top10__weekly__long_only__rev20,long_only,rev20,0.0,0.0,G00__mom_255_0__top10__weekly__long_only,delta_vs_same_scenario_G00,cagr,-0.04980936662439986
G23,G23__mom_255_0__top10__weekly__long_only__rev20,long_only,rev20,0.0,0.0,G00__mom_255_0__top10__weekly__long_only,delta_vs_same_scenario_G00,sharpe_excess_rf,-0.1466866975494876
G23,G23__mom_255_0__top10__weekly__long_only__rev20,long_only,rev20,0.0,0.0,G00__mom_255_0__top10__weekly__long_only,delta_vs_same_scenario_G00,max_drawdown,-0.25876370753834277
G23,G23__mom_255_0__top10__weekly__long_only__rev20,long_only,rev20,0.0,0.0,G00__mom_255_0__top10__weekly__long_only,delta_vs_same_scenario_G00,annualized_volatility,0.05069613047854882
G23,G23__mom_255_0__top10__weekly__long_only__rev20,long_only,rev20,0.0,0.0,G00__mom_255_0__top10__weekly__long_only,delta_vs_same_scenario_G00,annualized_l1_turnover,20.322238074037536
G23,G23__mom_255_0__top10__weekly__long_only__rev20,long_only,rev20,5.0,0.0,G00__mom_255_0__top10__weekly__long_only,delta_vs_same_scenario_G00,cagr,-0.060920646026091985
G23,G23__mom_255_0__top10__weekly__long_only__rev20,long_only,rev20,5.0,0.0,G00__mom_255_0__top10__weekly__long_only,delta_vs_same_scenario_G00,sharpe_excess_rf,-0.16933023512896772
G23,G23__mom_255_0__top10__weekly__long_only__rev20,long_only,rev20,5.0,0.0,G00__mom_255_0__top10__weekly__long_only,delta_vs_same_scenario_G00,max_drawdown,-0.2479698709573041
G23,G23__mom_255_0__top10__weekly__long_only__rev20,long_only,rev20,5.0,0.0,G00__mom_255_0__top10__weekly__long_only,delta_vs_same_scenario_G00,annualized_volatility,0.05064136343889042
G23,G23__mom_255_0__top10__weekly__long_only__rev20,long_only,rev20,5.0,0.0,G00__mom_255_0__top10__weekly__long_only,delta_vs_same_scenario_G00,annualized_l1_turnover,20.322238074037536
G23,G23__mom_255_0__top10__weekly__long_only__rev20,long_only,rev20,10.0,0.0,G00__mom_255_0__top10__weekly__long_only,delta_vs_same_scenario_G00,cagr,-0.0717110182015587
G23,G23__mom_255_0__top10__weekly__long_only__rev20,long_only,rev20,10.0,0.0,G00__mom_255_0__top10__weekly__long_only,delta_vs_same_scenario_G00,sharpe_excess_rf,-0.19200447790491199
G23,G23__mom_255_0__top10__weekly__long_only__rev20,long_only,rev20,10.0,0.0,G00__mom_255_0__top10__weekly__long_only,delta_vs_same_scenario_G00,max_drawdown,-0.23836855960527198
G23,G23__mom_255_0__top10__weekly__long_only__rev20,long_only,rev20,10.0,0.0,G00__mom_255_0__top10__weekly__long_only,delta_vs_same_scenario_G00,annualized_volatility,0.05060717821649041
G23,G23__mom_255_0__top10__weekly__long_only__rev20,long_only,rev20,10.0,0.0,G00__mom_255_0__top10__weekly__long_only,delta_vs_same_scenario_G00,annualized_l1_turnover,20.322238074037536
G23,G23__mom_255_0__top10__weekly__long_only__rev20,long_only,rev20,20.0,0.0,G00__mom_255_0__top10__weekly__long_only,delta_vs_same_scenario_G00,cagr,-0.09235642449827744
G23,G23__mom_255_0__top10__weekly__long_only__rev20,long_only,rev20,20.0,0.0,G00__mom_255_0__top10__weekly__long_only,delta_vs_same_scenario_G00,sharpe_excess_rf,-0.23740890370116158
G23,G23__mom_255_0__top10__weekly__long_only__rev20,long_only,rev20,20.0,0.0,G00__mom_255_0__top10__weekly__long_only,delta_vs_same_scenario_G00,max_drawdown,-0.23964339974439114
G23,G23__mom_255_0__top10__weekly__long_only__rev20,long_only,rev20,20.0,0.0,G00__mom_255_0__top10__weekly__long_only,delta_vs_same_scenario_G00,annualized_volatility,0.05060056533906149
G23,G23__mom_255_0__top10__weekly__long_only__rev20,long_only,rev20,20.0,0.0,G00__mom_255_0__top10__weekly__long_only,delta_vs_same_scenario_G00,annualized_l1_turnover,20.322238074037536
G23,G23__mom_255_0__top10__weekly__long_only__rev5,long_only,rev5,0.0,0.0,G00__mom_255_0__top10__weekly__long_only,delta_vs_same_scenario_G00,cagr,0.04344310618366007
G23,G23__mom_255_0__top10__weekly__long_only__rev5,long_only,rev5,0.0,0.0,G00__mom_255_0__top10__weekly__long_only,delta_vs_same_scenario_G00,sharpe_excess_rf,0.06506137071466833
G23,G23__mom_255_0__top10__weekly__long_only__rev5,long_only,rev5,0.0,0.0,G00__mom_255_0__top10__weekly__long_only,delta_vs_same_scenario_G00,max_drawdown,-0.2583482377036518
G23,G23__mom_255_0__top10__weekly__long_only__rev5,long_only,rev5,0.0,0.0,G00__mom_255_0__top10__weekly__long_only,delta_vs_same_scenario_G00,annualized_volatility,0.03985555067399893
G23,G23__mom_255_0__top10__weekly__long_only__rev5,long_only,rev5,0.0,0.0,G00__mom_255_0__top10__weekly__long_only,delta_vs_same_scenario_G00,annualized_l1_turnover,33.029960845599305
G23,G23__mom_255_0__top10__weekly__long_only__rev5,long_only,rev5,5.0,0.0,G00__mom_255_0__top10__weekly__long_only,delta_vs_same_scenario_G00,cagr,0.022748757966552458
G23,G23__mom_255_0__top10__weekly__long_only__rev5,long_only,rev5,5.0,0.0,G00__mom_255_0__top10__weekly__long_only,delta_vs_same_scenario_G00,sharpe_excess_rf,0.024027670831565873
G23,G23__mom_255_0__top10__weekly__long_only__rev5,long_only,rev5,5.0,0.0,G00__mom_255_0__top10__weekly__long_only,delta_vs_same_scenario_G00,max_drawdown,-0.2476734025073019
G23,G23__mom_255_0__top10__weekly__long_only__rev5,long_only,rev5,5.0,0.0,G00__mom_255_0__top10__weekly__long_only,delta_vs_same_scenario_G00,annualized_volatility,0.03966294144665161
G23,G23__mom_255_0__top10__weekly__long_only__rev5,long_only,rev5,5.0,0.0,G00__mom_255_0__top10__weekly__long_only,delta_vs_same_scenario_G00,annualized_l1_turnover,33.029960845599305
G23,G23__mom_255_0__top10__weekly__long_only__rev5,long_only,rev5,10.0,0.0,G00__mom_255_0__top10__weekly__long_only,delta_vs_same_scenario_G00,cagr,0.0027501257135980894
G23,G23__mom_255_0__top10__weekly__long_only__rev5,long_only,rev5,10.0,0.0,G00__mom_255_0__top10__weekly__long_only,delta_vs_same_scenario_G00,sharpe_excess_rf,-0.017140227969854704
G23,G23__mom_255_0__top10__weekly__long_only__rev5,long_only,rev5,10.0,0.0,G00__mom_255_0__top10__weekly__long_only,delta_vs_same_scenario_G00,max_drawdown,-0.23722726194998328
G23,G23__mom_255_0__top10__weekly__long_only__rev5,long_only,rev5,10.0,0.0,G00__mom_255_0__top10__weekly__long_only,delta_vs_same_scenario_G00,annualized_volatility,0.03951327155970963
G23,G23__mom_255_0__top10__weekly__long_only__rev5,long_only,rev5,10.0,0.0,G00__mom_255_0__top10__weekly__long_only,delta_vs_same_scenario_G00,annualized_l1_turnover,33.029960845599305
G23,G23__mom_255_0__top10__weekly__long_only__rev5,long_only,rev5,20.0,0.0,G00__mom_255_0__top10__weekly__long_only,delta_vs_same_scenario_G00,cagr,-0.03523326254270334
G23,G23__mom_255_0__top10__weekly__long_only__rev5,long_only,rev5,20.0,0.0,G00__mom_255_0__top10__weekly__long_only,delta_vs_same_scenario_G00,sharpe_excess_rf,-0.09977609800544657
G23,G23__mom_255_0__top10__weekly__long_only__rev5,long_only,rev5,20.0,0.0,G00__mom_255_0__top10__weekly__long_only,delta_vs_same_scenario_G00,max_drawdown,-0.2409721157055596
G23,G23__mom_255_0__top10__weekly__long_only__rev5,long_only,rev5,20.0,0.0,G00__mom_255_0__top10__weekly__long_only,delta_vs_same_scenario_G00,annualized_volatility,0.03934294135362343
G23,G23__mom_255_0__top10__weekly__long_only__rev5,long_only,rev5,20.0,0.0,G00__mom_255_0__top10__weekly__long_only,delta_vs_same_scenario_G00,annualized_l1_turnover,33.029960845599305
G23,G23__mom_255_0__top10__weekly__long_short__rev20,long_short,rev20,0.0,0.0,G00__mom_255_0__top10__weekly__long_short,delta_vs_same_scenario_G00,cagr,0.03656304885428478
G23,G23__mom_255_0__top10__weekly__long_short__rev20,long_short,rev20,0.0,0.0,G00__mom_255_0__top10__weekly__long_short,delta_vs_same_scenario_G00,sharpe_excess_rf,0.14025512202036206
G23,G23__mom_255_0__top10__weekly__long_short__rev20,long_short,rev20,0.0,0.0,G00__mom_255_0__top10__weekly__long_short,delta_vs_same_scenario_G00,max_drawdown,0.26516867795285204
G23,G23__mom_255_0__top10__weekly__long_short__rev20,long_short,rev20,0.0,0.0,G00__mom_255_0__top10__weekly__long_short,delta_vs_same_scenario_G00,annualized_volatility,-0.029850829804460244
G23,G23__mom_255_0__top10__weekly__long_short__rev20,long_short,rev20,0.0,0.0,G00__mom_255_0__top10__weekly__long_short,delta_vs_same_scenario_G00,annualized_l1_turnover,13.488174063599768
G23,G23__mom_255_0__top10__weekly__long_short__rev20,long_short,rev20,0.0,0.01,G00__mom_255_0__top10__weekly__long_short,delta_vs_same_scenario_G00,cagr,0.03639147698444602
G23,G23__mom_255_0__top10__weekly__long_short__rev20,long_short,rev20,0.0,0.01,G00__mom_255_0__top10__weekly__long_short,delta_vs_same_scenario_G00,sharpe_excess_rf,0.13737883670669648
G23,G23__mom_255_0__top10__weekly__long_short__rev20,long_short,rev20,0.0,0.01,G00__mom_255_0__top10__weekly__long_short,delta_vs_same_scenario_G00,max_drawdown,0.2623970155531652
G23,G23__mom_255_0__top10__weekly__long_short__rev20,long_short,rev20,0.0,0.01,G00__mom_255_0__top10__weekly__long_short,delta_vs_same_scenario_G00,annualized_volatility,-0.029854771412919673
G23,G23__mom_255_0__top10__weekly__long_short__rev20,long_short,rev20,0.0,0.01,G00__mom_255_0__top10__weekly__long_short,delta_vs_same_scenario_G00,annualized_l1_turnover,13.488683190820328
G23,G23__mom_255_0__top10__weekly__long_short__rev20,long_short,rev20,0.0,0.03,G00__mom_255_0__top10__weekly__long_short,delta_vs_same_scenario_G00,cagr,0.03605566050590929
G23,G23__mom_255_0__top10__weekly__long_short__rev20,long_short,rev20,0.0,0.03,G00__mom_255_0__top10__weekly__long_short,delta_vs_same_scenario_G00,sharpe_excess_rf,0.1317096406436107
G23,G23__mom_255_0__top10__weekly__long_short__rev20,long_short,rev20,0.0,0.03,G00__mom_255_0__top10__weekly__long_short,delta_vs_same_scenario_G00,max_drawdown,0.25701817703947727
G23,G23__mom_255_0__top10__weekly__long_short__rev20,long_short,rev20,0.0,0.03,G00__mom_255_0__top10__weekly__long_short,delta_vs_same_scenario_G00,annualized_volatility,-0.029862542650630403
G23,G23__mom_255_0__top10__weekly__long_short__rev20,long_short,rev20,0.0,0.03,G00__mom_255_0__top10__weekly__long_short,delta_vs_same_scenario_G00,annualized_l1_turnover,13.489687148235507
G23,G23__mom_255_0__top10__weekly__long_short__rev20,long_short,rev20,5.0,0.0,G00__mom_255_0__top10__weekly__long_short,delta_vs_same_scenario_G00,cagr,0.02924968366387045
G23,G23__mom_255_0__top10__weekly__long_short__rev20,long_short,rev20,5.0,0.0,G00__mom_255_0__top10__weekly__long_short,delta_vs_same_scenario_G00,sharpe_excess_rf,0.1024905623459749
G23,G23__mom_255_0__top10__weekly__long_short__rev20,long_short,rev20,5.0,0.0,G00__mom_255_0__top10__weekly__long_short,delta_vs_same_scenario_G00,max_drawdown,0.2545357828377568
G23,G23__mom_255_0__top10__weekly__long_short__rev20,long_short,rev20,5.0,0.0,G00__mom_255_0__top10__weekly__long_short,delta_vs_same_scenario_G00,annualized_volatility,-0.02978939566155664
G23,G23__mom_255_0__top10__weekly__long_short__rev20,long_short,rev20,5.0,0.0,G00__mom_255_0__top10__weekly__long_short,delta_vs_same_scenario_G00,annualized_l1_turnover,13.488174063599772
G23,G23__mom_255_0__top10__weekly__long_short__rev20,long_short,rev20,5.0,0.01,G00__mom_255_0__top10__weekly__long_short,delta_vs_same_scenario_G00,cagr,0.029114010189330887
G23,G23__mom_255_0__top10__weekly__long_short__rev20,long_short,rev20,5.0,0.01,G00__mom_255_0__top10__weekly__long_short,delta_vs_same_scenario_G00,sharpe_excess_rf,0.09962256787307776
G23,G23__mom_255_0__top10__weekly__long_short__rev20,long_short,rev20,5.0,0.01,G00__mom_255_0__top10__weekly__long_short,delta_vs_same_scenario_G00,max_drawdown,0.25187222520170227
G23,G23__mom_255_0__top10__weekly__long_short__rev20,long_short,rev20,5.0,0.01,G00__mom_255_0__top10__weekly__long_short,delta_vs_same_scenario_G00,annualized_volatility,-0.02979334016004423
G23,G23__mom_255_0__top10__weekly__long_short__rev20,long_short,rev20,5.0,0.01,G00__mom_255_0__top10__weekly__long_short,delta_vs_same_scenario_G00,annualized_l1_turnover,13.488683190820328
G23,G23__mom_255_0__top10__weekly__long_short__rev20,long_short,rev20,5.0,0.03,G00__mom_255_0__top10__weekly__long_short,delta_vs_same_scenario_G00,cagr,0.028848435108876042
G23,G23__mom_255_0__top10__weekly__long_short__rev20,long_short,rev20,5.0,0.03,G00__mom_255_0__top10__weekly__long_short,delta_vs_same_scenario_G00,sharpe_excess_rf,0.09396970384265656
G23,G23__mom_255_0__top10__weekly__long_short__rev20,long_short,rev20,5.0,0.03,G00__mom_255_0__top10__weekly__long_short,delta_vs_same_scenario_G00,max_drawdown,0.24670325748796684
G23,G23__mom_255_0__top10__weekly__long_short__rev20,long_short,rev20,5.0,0.03,G00__mom_255_0__top10__weekly__long_short,delta_vs_same_scenario_G00,annualized_volatility,-0.029801117204287436
G23,G23__mom_255_0__top10__weekly__long_short__rev20,long_short,rev20,5.0,0.03,G00__mom_255_0__top10__weekly__long_short,delta_vs_same_scenario_G00,annualized_l1_turnover,13.489687148235511
G23,G23__mom_255_0__top10__weekly__long_short__rev20,long_short,rev20,10.0,0.0,G00__mom_255_0__top10__weekly__long_short,delta_vs_same_scenario_G00,cagr,0.02211912438562546
G23,G23__mom_255_0__top10__weekly__long_short__rev20,long_short,rev20,10.0,0.0,G00__mom_255_0__top10__weekly__long_short,delta_vs_same_scenario_G00,sharpe_excess_rf,0.06477767532334541
G23,G23__mom_255_0__top10__weekly__long_short__rev20,long_short,rev20,10.0,0.0,G00__mom_255_0__top10__weekly__long_short,delta_vs_same_scenario_G00,max_drawdown,0.24427003613840592
G23,G23__mom_255_0__top10__weekly__long_short__rev20,long_short,rev20,10.0,0.0,G00__mom_255_0__top10__weekly__long_short,delta_vs_same_scenario_G00,annualized_volatility,-0.029700125031747376
G23,G23__mom_255_0__top10__weekly__long_short__rev20,long_short,rev20,10.0,0.0,G00__mom_255_0__top10__weekly__long_short,delta_vs_same_scenario_G00,annualized_l1_turnover,13.488174063599768
G23,G23__mom_255_0__top10__weekly__long_short__rev20,long_short,rev20,10.0,0.01,G00__mom_255_0__top10__weekly__long_short,delta_vs_same_scenario_G00,cagr,0.022018461776914938
G23,G23__mom_255_0__top10__weekly__long_short__rev20,long_short,rev20,10.0,0.01,G00__mom_255_0__top10__weekly__long_short,delta_vs_same_scenario_G00,sharpe_excess_rf,0.06192124824642823
G23,G23__mom_255_0__top10__weekly__long_short__rev20,long_short,rev20,10.0,0.01,G00__mom_255_0__top10__weekly__long_short,delta_vs_same_scenario_G00,max_drawdown,0.24171091030502412
G23,G23__mom_255_0__top10__weekly__long_short__rev20,long_short,rev20,10.0,0.01,G00__mom_255_0__top10__weekly__long_short,delta_vs_same_scenario_G00,annualized_volatility,-0.02970407246083348
G23,G23__mom_255_0__top10__weekly__long_short__rev20,long_short,rev20,10.0,0.01,G00__mom_255_0__top10__weekly__long_short,delta_vs_same_scenario_G00,annualized_l1_turnover,13.488683190820328
G23,G23__mom_255_0__top10__weekly__long_short__rev20,long_short,rev20,10.0,0.03,G00__mom_255_0__top10__weekly__long_short,delta_vs_same_scenario_G00,cagr,0.02182139141374725
G23,G23__mom_255_0__top10__weekly__long_short__rev20,long_short,rev20,10.0,0.03,G00__mom_255_0__top10__weekly__long_short,delta_vs_same_scenario_G00,sharpe_excess_rf,0.05629117196040635
G23,G23__mom_255_0__top10__weekly__long_short__rev20,long_short,rev20,10.0,0.03,G00__mom_255_0__top10__weekly__long_short,delta_vs_same_scenario_G00,max_drawdown,0.23674468132800408
G23,G23__mom_255_0__top10__weekly__long_short__rev20,long_short,rev20,10.0,0.03,G00__mom_255_0__top10__weekly__long_short,delta_vs_same_scenario_G00,annualized_volatility,-0.02971185538489468
G23,G23__mom_255_0__top10__weekly__long_short__rev20,long_short,rev20,10.0,0.03,G00__mom_255_0__top10__weekly__long_short,delta_vs_same_scenario_G00,annualized_l1_turnover,13.489687148235511
G23,G23__mom_255_0__top10__weekly__long_short__rev20,long_short,rev20,20.0,0.0,G00__mom_255_0__top10__weekly__long_short,delta_vs_same_scenario_G00,cagr,0.008392587514191654
G23,G23__mom_255_0__top10__weekly__long_short__rev20,long_short,rev20,20.0,0.0,G00__mom_255_0__top10__weekly__long_short,delta_vs_same_scenario_G00,sharpe_excess_rf,-0.01034953819928705
G23,G23__mom_255_0__top10__weekly__long_short__rev20,long_short,rev20,20.0,0.0,G00__mom_255_0__top10__weekly__long_short,delta_vs_same_scenario_G00,max_drawdown,0.22479355249368538
G23,G23__mom_255_0__top10__weekly__long_short__rev20,long_short,rev20,20.0,0.0,G00__mom_255_0__top10__weekly__long_short,delta_vs_same_scenario_G00,annualized_volatility,-0.029438327795451608
G23,G23__mom_255_0__top10__weekly__long_short__rev20,long_short,rev20,20.0,0.0,G00__mom_255_0__top10__weekly__long_short,delta_vs_same_scenario_G00,annualized_l1_turnover,13.488174063599768
G23,G23__mom_255_0__top10__weekly__long_short__rev20,long_short,rev20,20.0,0.01,G00__mom_255_0__top10__weekly__long_short,delta_vs_same_scenario_G00,cagr,0.008359350411796952
G23,G23__mom_255_0__top10__weekly__long_short__rev20,long_short,rev20,20.0,0.01,G00__mom_255_0__top10__weekly__long_short,delta_vs_same_scenario_G00,sharpe_excess_rf,-0.013173095746052077
G23,G23__mom_255_0__top10__weekly__long_short__rev20,long_short,rev20,20.0,0.01,G00__mom_255_0__top10__weekly__long_short,delta_vs_same_scenario_G00,max_drawdown,0.22243273049299406
G23,G23__mom_255_0__top10__weekly__long_short__rev20,long_short,rev20,20.0,0.01,G00__mom_255_0__top10__weekly__long_short,delta_vs_same_scenario_G00,annualized_volatility,-0.029442281201114362
G23,G23__mom_255_0__top10__weekly__long_short__rev20,long_short,rev20,20.0,0.01,G00__mom_255_0__top10__weekly__long_short,delta_vs_same_scenario_G00,annualized_l1_turnover,13.488683190820328
G23,G23__mom_255_0__top10__weekly__long_short__rev20,long_short,rev20,20.0,0.03,G00__mom_255_0__top10__weekly__long_short,delta_vs_same_scenario_G00,cagr,0.008294209303785237
G23,G23__mom_255_0__top10__weekly__long_short__rev20,long_short,rev20,20.0,0.03,G00__mom_255_0__top10__weekly__long_short,delta_vs_same_scenario_G00,sharpe_excess_rf,-0.01873841634695289
G23,G23__mom_255_0__top10__weekly__long_short__rev20,long_short,rev20,20.0,0.03,G00__mom_255_0__top10__weekly__long_short,delta_vs_same_scenario_G00,max_drawdown,0.22253586937612246
G23,G23__mom_255_0__top10__weekly__long_short__rev20,long_short,rev20,20.0,0.03,G00__mom_255_0__top10__weekly__long_short,delta_vs_same_scenario_G00,annualized_volatility,-0.02945007609161565
G23,G23__mom_255_0__top10__weekly__long_short__rev20,long_short,rev20,20.0,0.03,G00__mom_255_0__top10__weekly__long_short,delta_vs_same_scenario_G00,annualized_l1_turnover,13.489687148235507
G23,G23__mom_255_0__top10__weekly__long_short__rev5,long_short,rev5,0.0,0.0,G00__mom_255_0__top10__weekly__long_short,delta_vs_same_scenario_G00,cagr,0.07703824788103568
G23,G23__mom_255_0__top10__weekly__long_short__rev5,long_short,rev5,0.0,0.0,G00__mom_255_0__top10__weekly__long_short,delta_vs_same_scenario_G00,sharpe_excess_rf,0.32386387217903995
G23,G23__mom_255_0__top10__weekly__long_short__rev5,long_short,rev5,0.0,0.0,G00__mom_255_0__top10__weekly__long_short,delta_vs_same_scenario_G00,max_drawdown,0.27126042099587755
G23,G23__mom_255_0__top10__weekly__long_short__rev5,long_short,rev5,0.0,0.0,G00__mom_255_0__top10__weekly__long_short,delta_vs_same_scenario_G00,annualized_volatility,-0.03509089377742719
G23,G23__mom_255_0__top10__weekly__long_short__rev5,long_short,rev5,0.0,0.0,G00__mom_255_0__top10__weekly__long_short,delta_vs_same_scenario_G00,annualized_l1_turnover,21.265575667500844
G23,G23__mom_255_0__top10__weekly__long_short__rev5,long_short,rev5,0.0,0.01,G00__mom_255_0__top10__weekly__long_short,delta_vs_same_scenario_G00,cagr,0.0766731162264276
G23,G23__mom_255_0__top10__weekly__long_short__rev5,long_short,rev5,0.0,0.01,G00__mom_255_0__top10__weekly__long_short,delta_vs_same_scenario_G00,sharpe_excess_rf,0.32040854298165977
G23,G23__mom_255_0__top10__weekly__long_short__rev5,long_short,rev5,0.0,0.01,G00__mom_255_0__top10__weekly__long_short,delta_vs_same_scenario_G00,max_drawdown,0.26843127460145044
G23,G23__mom_255_0__top10__weekly__long_short__rev5,long_short,rev5,0.0,0.01,G00__mom_255_0__top10__weekly__long_short,delta_vs_same_scenario_G00,annualized_volatility,-0.035095118452117324
G23,G23__mom_255_0__top10__weekly__long_short__rev5,long_short,rev5,0.0,0.01,G00__mom_255_0__top10__weekly__long_short,delta_vs_same_scenario_G00,annualized_l1_turnover,21.266405980253335
G23,G23__mom_255_0__top10__weekly__long_short__rev5,long_short,rev5,0.0,0.03,G00__mom_255_0__top10__weekly__long_short,delta_vs_same_scenario_G00,cagr,0.0759584915041434
G23,G23__mom_255_0__top10__weekly__long_short__rev5,long_short,rev5,0.0,0.03,G00__mom_255_0__top10__weekly__long_short,delta_vs_same_scenario_G00,sharpe_excess_rf,0.31359827779549204
G23,G23__mom_255_0__top10__weekly__long_short__rev5,long_short,rev5,0.0,0.03,G00__mom_255_0__top10__weekly__long_short,delta_vs_same_scenario_G00,max_drawdown,0.26294071321430224
G23,G23__mom_255_0__top10__weekly__long_short__rev5,long_short,rev5,0.0,0.03,G00__mom_255_0__top10__weekly__long_short,delta_vs_same_scenario_G00,annualized_volatility,-0.03510344725195391
G23,G23__mom_255_0__top10__weekly__long_short__rev5,long_short,rev5,0.0,0.03,G00__mom_255_0__top10__weekly__long_short,delta_vs_same_scenario_G00,annualized_l1_turnover,21.26803897994481
G23,G23__mom_255_0__top10__weekly__long_short__rev5,long_short,rev5,5.0,0.0,G00__mom_255_0__top10__weekly__long_short,delta_vs_same_scenario_G00,cagr,0.06490956658422493
G23,G23__mom_255_0__top10__weekly__long_short__rev5,long_short,rev5,5.0,0.0,G00__mom_255_0__top10__weekly__long_short,delta_vs_same_scenario_G00,sharpe_excess_rf,0.2651767380074471
G23,G23__mom_255_0__top10__weekly__long_short__rev5,long_short,rev5,5.0,0.0,G00__mom_255_0__top10__weekly__long_short,delta_vs_same_scenario_G00,max_drawdown,0.2565135935697601
G23,G23__mom_255_0__top10__weekly__long_short__rev5,long_short,rev5,5.0,0.0,G00__mom_255_0__top10__weekly__long_short,delta_vs_same_scenario_G00,annualized_volatility,-0.03518837659946231
G23,G23__mom_255_0__top10__weekly__long_short__rev5,long_short,rev5,5.0,0.0,G00__mom_255_0__top10__weekly__long_short,delta_vs_same_scenario_G00,annualized_l1_turnover,21.265575667500848
G23,G23__mom_255_0__top10__weekly__long_short__rev5,long_short,rev5,5.0,0.01,G00__mom_255_0__top10__weekly__long_short,delta_vs_same_scenario_G00,cagr,0.06460386709786911
G23,G23__mom_255_0__top10__weekly__long_short__rev5,long_short,rev5,5.0,0.01,G00__mom_255_0__top10__weekly__long_short,delta_vs_same_scenario_G00,sharpe_excess_rf,0.26171225081194294
G23,G23__mom_255_0__top10__weekly__long_short__rev5,long_short,rev5,5.0,0.01,G00__mom_255_0__top10__weekly__long_short,delta_vs_same_scenario_G00,max_drawdown,0.2538330580032483
G23,G23__mom_255_0__top10__weekly__long_short__rev5,long_short,rev5,5.0,0.01,G00__mom_255_0__top10__weekly__long_short,delta_vs_same_scenario_G00,annualized_volatility,-0.03519259895187518
G23,G23__mom_255_0__top10__weekly__long_short__rev5,long_short,rev5,5.0,0.01,G00__mom_255_0__top10__weekly__long_short,delta_vs_same_scenario_G00,annualized_l1_turnover,21.266405980253335
G23,G23__mom_255_0__top10__weekly__long_short__rev5,long_short,rev5,5.0,0.03,G00__mom_255_0__top10__weekly__long_short,delta_vs_same_scenario_G00,cagr,0.06400553533205634
G23,G23__mom_255_0__top10__weekly__long_short__rev5,long_short,rev5,5.0,0.03,G00__mom_255_0__top10__weekly__long_short,delta_vs_same_scenario_G00,sharpe_excess_rf,0.25488395233677347
G23,G23__mom_255_0__top10__weekly__long_short__rev5,long_short,rev5,5.0,0.03,G00__mom_255_0__top10__weekly__long_short,delta_vs_same_scenario_G00,max_drawdown,0.24863104391346014
G23,G23__mom_255_0__top10__weekly__long_short__rev5,long_short,rev5,5.0,0.03,G00__mom_255_0__top10__weekly__long_short,delta_vs_same_scenario_G00,annualized_volatility,-0.03520092334552166
G23,G23__mom_255_0__top10__weekly__long_short__rev5,long_short,rev5,5.0,0.03,G00__mom_255_0__top10__weekly__long_short,delta_vs_same_scenario_G00,annualized_l1_turnover,21.268038979944812
G23,G23__mom_255_0__top10__weekly__long_short__rev5,long_short,rev5,10.0,0.0,G00__mom_255_0__top10__weekly__long_short,delta_vs_same_scenario_G00,cagr,0.053122773652848
G23,G23__mom_255_0__top10__weekly__long_short__rev5,long_short,rev5,10.0,0.0,G00__mom_255_0__top10__weekly__long_short,delta_vs_same_scenario_G00,sharpe_excess_rf,0.2063603879146274
G23,G23__mom_255_0__top10__weekly__long_short__rev5,long_short,rev5,10.0,0.0,G00__mom_255_0__top10__weekly__long_short,delta_vs_same_scenario_G00,max_drawdown,0.2423909952712181
G23,G23__mom_255_0__top10__weekly__long_short__rev5,long_short,rev5,10.0,0.0,G00__mom_255_0__top10__weekly__long_short,delta_vs_same_scenario_G00,annualized_volatility,-0.035231962435353315
G23,G23__mom_255_0__top10__weekly__long_short__rev5,long_short,rev5,10.0,0.0,G00__mom_255_0__top10__weekly__long_short,delta_vs_same_scenario_G00,annualized_l1_turnover,21.265575667500844
G23,G23__mom_255_0__top10__weekly__long_short__rev5,long_short,rev5,10.0,0.01,G00__mom_255_0__top10__weekly__long_short,delta_vs_same_scenario_G00,cagr,0.052874848053805185
G23,G23__mom_255_0__top10__weekly__long_short__rev5,long_short,rev5,10.0,0.01,G00__mom_255_0__top10__weekly__long_short,delta_vs_same_scenario_G00,sharpe_excess_rf,0.2028932974626006
G23,G23__mom_255_0__top10__weekly__long_short__rev5,long_short,rev5,10.0,0.01,G00__mom_255_0__top10__weekly__long_short,delta_vs_same_scenario_G00,max_drawdown,0.23985287778015385
G23,G23__mom_255_0__top10__weekly__long_short__rev5,long_short,rev5,10.0,0.01,G00__mom_255_0__top10__weekly__long_short,delta_vs_same_scenario_G00,annualized_volatility,-0.035236182640669966
G23,G23__mom_255_0__top10__weekly__long_short__rev5,long_short,rev5,10.0,0.01,G00__mom_255_0__top10__weekly__long_short,delta_vs_same_scenario_G00,annualized_l1_turnover,21.266405980253335
G23,G23__mom_255_0__top10__weekly__long_short__rev5,long_short,rev5,10.0,0.03,G00__mom_255_0__top10__weekly__long_short,delta_vs_same_scenario_G00,cagr,0.05238956426397487
G23,G23__mom_255_0__top10__weekly__long_short__rev5,long_short,rev5,10.0,0.03,G00__mom_255_0__top10__weekly__long_short,delta_vs_same_scenario_G00,sharpe_excess_rf,0.19605988016683568
G23,G23__mom_255_0__top10__weekly__long_short__rev5,long_short,rev5,10.0,0.03,G00__mom_255_0__top10__weekly__long_short,delta_vs_same_scenario_G00,max_drawdown,0.23492738437628358
G23,G23__mom_255_0__top10__weekly__long_short__rev5,long_short,rev5,10.0,0.03,G00__mom_255_0__top10__weekly__long_short,delta_vs_same_scenario_G00,annualized_volatility,-0.03524450297644538
G23,G23__mom_255_0__top10__weekly__long_short__rev5,long_short,rev5,10.0,0.03,G00__mom_255_0__top10__weekly__long_short,delta_vs_same_scenario_G00,annualized_l1_turnover,21.268038979944812
G23,G23__mom_255_0__top10__weekly__long_short__rev5,long_short,rev5,20.0,0.0,G00__mom_255_0__top10__weekly__long_short,delta_vs_same_scenario_G00,cagr,0.0305449809349176
G23,G23__mom_255_0__top10__weekly__long_short__rev5,long_short,rev5,20.0,0.0,G00__mom_255_0__top10__weekly__long_short,delta_vs_same_scenario_G00,sharpe_excess_rf,0.08868499560784052
G23,G23__mom_255_0__top10__weekly__long_short__rev5,long_short,rev5,20.0,0.0,G00__mom_255_0__top10__weekly__long_short,delta_vs_same_scenario_G00,max_drawdown,0.21592420792997957
G23,G23__mom_255_0__top10__weekly__long_short__rev5,long_short,rev5,20.0,0.0,G00__mom_255_0__top10__weekly__long_short,delta_vs_same_scenario_G00,annualized_volatility,-0.035157450934163004
G23,G23__mom_255_0__top10__weekly__long_short__rev5,long_short,rev5,20.0,0.0,G00__mom_255_0__top10__weekly__long_short,delta_vs_same_scenario_G00,annualized_l1_turnover,21.265575667500844
G23,G23__mom_255_0__top10__weekly__long_short__rev5,long_short,rev5,20.0,0.01,G00__mom_255_0__top10__weekly__long_short,delta_vs_same_scenario_G00,cagr,0.030407771510787586
G23,G23__mom_255_0__top10__weekly__long_short__rev5,long_short,rev5,20.0,0.01,G00__mom_255_0__top10__weekly__long_short,delta_vs_same_scenario_G00,sharpe_excess_rf,0.08523233372000259
G23,G23__mom_255_0__top10__weekly__long_short__rev5,long_short,rev5,20.0,0.01,G00__mom_255_0__top10__weekly__long_short,delta_vs_same_scenario_G00,max_drawdown,0.2136532739040693
G23,G23__mom_255_0__top10__weekly__long_short__rev5,long_short,rev5,20.0,0.01,G00__mom_255_0__top10__weekly__long_short,delta_vs_same_scenario_G00,annualized_volatility,-0.035161667402554164
G23,G23__mom_255_0__top10__weekly__long_short__rev5,long_short,rev5,20.0,0.01,G00__mom_255_0__top10__weekly__long_short,delta_vs_same_scenario_G00,annualized_l1_turnover,21.266405980253335
G23,G23__mom_255_0__top10__weekly__long_short__rev5,long_short,rev5,20.0,0.03,G00__mom_255_0__top10__weekly__long_short,delta_vs_same_scenario_G00,cagr,0.030139129051035794
G23,G23__mom_255_0__top10__weekly__long_short__rev5,long_short,rev5,20.0,0.03,G00__mom_255_0__top10__weekly__long_short,delta_vs_same_scenario_G00,sharpe_excess_rf,0.07842736472703703
G23,G23__mom_255_0__top10__weekly__long_short__rev5,long_short,rev5,20.0,0.03,G00__mom_255_0__top10__weekly__long_short,delta_vs_same_scenario_G00,max_drawdown,0.21393093474543468
G23,G23__mom_255_0__top10__weekly__long_short__rev5,long_short,rev5,20.0,0.03,G00__mom_255_0__top10__weekly__long_short,delta_vs_same_scenario_G00,annualized_volatility,-0.035169980728514155
G23,G23__mom_255_0__top10__weekly__long_short__rev5,long_short,rev5,20.0,0.03,G00__mom_255_0__top10__weekly__long_short,delta_vs_same_scenario_G00,annualized_l1_turnover,21.26803897994481
G23,G23__mom_255_0__top20__monthly__long_only__rev20,long_only,rev20,0.0,0.0,G00__mom_255_0__top20__monthly__long_only,delta_vs_same_scenario_G00,cagr,-0.1188178283541885
G23,G23__mom_255_0__top20__monthly__long_only__rev20,long_only,rev20,0.0,0.0,G00__mom_255_0__top20__monthly__long_only,delta_vs_same_scenario_G00,sharpe_excess_rf,-0.3658459301428508
G23,G23__mom_255_0__top20__monthly__long_only__rev20,long_only,rev20,0.0,0.0,G00__mom_255_0__top20__monthly__long_only,delta_vs_same_scenario_G00,max_drawdown,-0.20176062432790448
G23,G23__mom_255_0__top20__monthly__long_only__rev20,long_only,rev20,0.0,0.0,G00__mom_255_0__top20__monthly__long_only,delta_vs_same_scenario_G00,annualized_volatility,0.038062552297963737
G23,G23__mom_255_0__top20__monthly__long_only__rev20,long_only,rev20,0.0,0.0,G00__mom_255_0__top20__monthly__long_only,delta_vs_same_scenario_G00,annualized_l1_turnover,6.565186584870723
G23,G23__mom_255_0__top20__monthly__long_only__rev20,long_only,rev20,5.0,0.0,G00__mom_255_0__top20__monthly__long_only,delta_vs_same_scenario_G00,cagr,-0.12200393340762145
G23,G23__mom_255_0__top20__monthly__long_only__rev20,long_only,rev20,5.0,0.0,G00__mom_255_0__top20__monthly__long_only,delta_vs_same_scenario_G00,sharpe_excess_rf,-0.37431933241358856
G23,G23__mom_255_0__top20__monthly__long_only__rev20,long_only,rev20,5.0,0.0,G00__mom_255_0__top20__monthly__long_only,delta_vs_same_scenario_G00,max_drawdown,-0.19758156610974698
G23,G23__mom_255_0__top20__monthly__long_only__rev20,long_only,rev20,5.0,0.0,G00__mom_255_0__top20__monthly__long_only,delta_vs_same_scenario_G00,annualized_volatility,0.038041288614823976
G23,G23__mom_255_0__top20__monthly__long_only__rev20,long_only,rev20,5.0,0.0,G00__mom_255_0__top20__monthly__long_only,delta_vs_same_scenario_G00,annualized_l1_turnover,6.565186584870723
G23,G23__mom_255_0__top20__monthly__long_only__rev20,long_only,rev20,10.0,0.0,G00__mom_255_0__top20__monthly__long_only,delta_vs_same_scenario_G00,cagr,-0.1251550873343727
G23,G23__mom_255_0__top20__monthly__long_only__rev20,long_only,rev20,10.0,0.0,G00__mom_255_0__top20__monthly__long_only,delta_vs_same_scenario_G00,sharpe_excess_rf,-0.38280324242387
G23,G23__mom_255_0__top20__monthly__long_only__rev20,long_only,rev20,10.0,0.0,G00__mom_255_0__top20__monthly__long_only,delta_vs_same_scenario_G00,max_drawdown,-0.193434159755007
G23,G23__mom_255_0__top20__monthly__long_only__rev20,long_only,rev20,10.0,0.0,G00__mom_255_0__top20__monthly__long_only,delta_vs_same_scenario_G00,annualized_volatility,0.038031667900136845
G23,G23__mom_255_0__top20__monthly__long_only__rev20,long_only,rev20,10.0,0.0,G00__mom_255_0__top20__monthly__long_only,delta_vs_same_scenario_G00,annualized_l1_turnover,6.565186584870723
G23,G23__mom_255_0__top20__monthly__long_only__rev20,long_only,rev20,20.0,0.0,G00__mom_255_0__top20__monthly__long_only,delta_vs_same_scenario_G00,cagr,-0.131353527784481
G23,G23__mom_255_0__top20__monthly__long_only__rev20,long_only,rev20,20.0,0.0,G00__mom_255_0__top20__monthly__long_only,delta_vs_same_scenario_G00,sharpe_excess_rf,-0.3997918410481129
G23,G23__mom_255_0__top20__monthly__long_only__rev20,long_only,rev20,20.0,0.0,G00__mom_255_0__top20__monthly__long_only,delta_vs_same_scenario_G00,max_drawdown,-0.1845005875329926
G23,G23__mom_255_0__top20__monthly__long_only__rev20,long_only,rev20,20.0,0.0,G00__mom_255_0__top20__monthly__long_only,delta_vs_same_scenario_G00,annualized_volatility,0.03804736696518196
G23,G23__mom_255_0__top20__monthly__long_only__rev20,long_only,rev20,20.0,0.0,G00__mom_255_0__top20__monthly__long_only,delta_vs_same_scenario_G00,annualized_l1_turnover,6.565186584870723
G23,G23__mom_255_0__top20__monthly__long_only__rev5,long_only,rev5,0.0,0.0,G00__mom_255_0__top20__monthly__long_only,delta_vs_same_scenario_G00,cagr,-0.10733836913283598
G23,G23__mom_255_0__top20__monthly__long_only__rev5,long_only,rev5,0.0,0.0,G00__mom_255_0__top20__monthly__long_only,delta_vs_same_scenario_G00,sharpe_excess_rf,-0.33184296066718777
G23,G23__mom_255_0__top20__monthly__long_only__rev5,long_only,rev5,0.0,0.0,G00__mom_255_0__top20__monthly__long_only,delta_vs_same_scenario_G00,max_drawdown,-0.24794318751648697
G23,G23__mom_255_0__top20__monthly__long_only__rev5,long_only,rev5,0.0,0.0,G00__mom_255_0__top20__monthly__long_only,delta_vs_same_scenario_G00,annualized_volatility,0.03270546488398479
G23,G23__mom_255_0__top20__monthly__long_only__rev5,long_only,rev5,0.0,0.0,G00__mom_255_0__top20__monthly__long_only,delta_vs_same_scenario_G00,annualized_l1_turnover,6.667472681420655
G23,G23__mom_255_0__top20__monthly__long_only__rev5,long_only,rev5,5.0,0.0,G00__mom_255_0__top20__monthly__long_only,delta_vs_same_scenario_G00,cagr,-0.11066536376140562
G23,G23__mom_255_0__top20__monthly__long_only__rev5,long_only,rev5,5.0,0.0,G00__mom_255_0__top20__monthly__long_only,delta_vs_same_scenario_G00,sharpe_excess_rf,-0.34086360120115167
G23,G23__mom_255_0__top20__monthly__long_only__rev5,long_only,rev5,5.0,0.0,G00__mom_255_0__top20__monthly__long_only,delta_vs_same_scenario_G00,max_drawdown,-0.2437179467351408
G23,G23__mom_255_0__top20__monthly__long_only__rev5,long_only,rev5,5.0,0.0,G00__mom_255_0__top20__monthly__long_only,delta_vs_same_scenario_G00,annualized_volatility,0.03273131904205123
G23,G23__mom_255_0__top20__monthly__long_only__rev5,long_only,rev5,5.0,0.0,G00__mom_255_0__top20__monthly__long_only,delta_vs_same_scenario_G00,annualized_l1_turnover,6.667472681420655
G23,G23__mom_255_0__top20__monthly__long_only__rev5,long_only,rev5,10.0,0.0,G00__mom_255_0__top20__monthly__long_only,delta_vs_same_scenario_G00,cagr,-0.11395613024224488
G23,G23__mom_255_0__top20__monthly__long_only__rev5,long_only,rev5,10.0,0.0,G00__mom_255_0__top20__monthly__long_only,delta_vs_same_scenario_G00,sharpe_excess_rf,-0.3498909216206295
G23,G23__mom_255_0__top20__monthly__long_only__rev5,long_only,rev5,10.0,0.0,G00__mom_255_0__top20__monthly__long_only,delta_vs_same_scenario_G00,max_drawdown,-0.23952435781721182
G23,G23__mom_255_0__top20__monthly__long_only__rev5,long_only,rev5,10.0,0.0,G00__mom_255_0__top20__monthly__long_only,delta_vs_same_scenario_G00,annualized_volatility,0.03276929625256342
G23,G23__mom_255_0__top20__monthly__long_only__rev5,long_only,rev5,10.0,0.0,G00__mom_255_0__top20__monthly__long_only,delta_vs_same_scenario_G00,annualized_l1_turnover,6.667472681420655
G23,G23__mom_255_0__top20__monthly__long_only__rev5,long_only,rev5,20.0,0.0,G00__mom_255_0__top20__monthly__long_only,delta_vs_same_scenario_G00,cagr,-0.12043000212721239
G23,G23__mom_255_0__top20__monthly__long_only__rev5,long_only,rev5,20.0,0.0,G00__mom_255_0__top20__monthly__long_only,delta_vs_same_scenario_G00,sharpe_excess_rf,-0.36795382002321747
G23,G23__mom_255_0__top20__monthly__long_only__rev5,long_only,rev5,20.0,0.0,G00__mom_255_0__top20__monthly__long_only,delta_vs_same_scenario_G00,max_drawdown,-0.2304984204688203
G23,G23__mom_255_0__top20__monthly__long_only__rev5,long_only,rev5,20.0,0.0,G00__mom_255_0__top20__monthly__long_only,delta_vs_same_scenario_G00,annualized_volatility,0.03288160190848127
G23,G23__mom_255_0__top20__monthly__long_only__rev5,long_only,rev5,20.0,0.0,G00__mom_255_0__top20__monthly__long_only,delta_vs_same_scenario_G00,annualized_l1_turnover,6.667472681420655
G23,G23__mom_255_0__top20__monthly__long_short__rev20,long_short,rev20,0.0,0.0,G00__mom_255_0__top20__monthly__long_short,delta_vs_same_scenario_G00,cagr,0.018934817798613335
G23,G23__mom_255_0__top20__monthly__long_short__rev20,long_short,rev20,0.0,0.0,G00__mom_255_0__top20__monthly__long_short,delta_vs_same_scenario_G00,sharpe_excess_rf,0.1351806696394725
G23,G23__mom_255_0__top20__monthly__long_short__rev20,long_short,rev20,0.0,0.0,G00__mom_255_0__top20__monthly__long_short,delta_vs_same_scenario_G00,max_drawdown,0.2483536968647298
G23,G23__mom_255_0__top20__monthly__long_short__rev20,long_short,rev20,0.0,0.0,G00__mom_255_0__top20__monthly__long_short,delta_vs_same_scenario_G00,annualized_volatility,-0.04277106125156316
G23,G23__mom_255_0__top20__monthly__long_short__rev20,long_short,rev20,0.0,0.0,G00__mom_255_0__top20__monthly__long_short,delta_vs_same_scenario_G00,annualized_l1_turnover,4.0205658193797955
G23,G23__mom_255_0__top20__monthly__long_short__rev20,long_short,rev20,0.0,0.01,G00__mom_255_0__top20__monthly__long_short,delta_vs_same_scenario_G00,cagr,0.018870119042832714
G23,G23__mom_255_0__top20__monthly__long_short__rev20,long_short,rev20,0.0,0.01,G00__mom_255_0__top20__monthly__long_short,delta_vs_same_scenario_G00,sharpe_excess_rf,0.12899806020995547
G23,G23__mom_255_0__top20__monthly__long_short__rev20,long_short,rev20,0.0,0.01,G00__mom_255_0__top20__monthly__long_short,delta_vs_same_scenario_G00,max_drawdown,0.25321151553147075
G23,G23__mom_255_0__top20__monthly__long_short__rev20,long_short,rev20,0.0,0.01,G00__mom_255_0__top20__monthly__long_short,delta_vs_same_scenario_G00,annualized_volatility,-0.04278607688353875
G23,G23__mom_255_0__top20__monthly__long_short__rev20,long_short,rev20,0.0,0.01,G00__mom_255_0__top20__monthly__long_short,delta_vs_same_scenario_G00,annualized_l1_turnover,4.0210828555624065
G23,G23__mom_255_0__top20__monthly__long_short__rev20,long_short,rev20,0.0,0.03,G00__mom_255_0__top20__monthly__long_short,delta_vs_same_scenario_G00,cagr,0.01874313304331706
G23,G23__mom_255_0__top20__monthly__long_short__rev20,long_short,rev20,0.0,0.03,G00__mom_255_0__top20__monthly__long_short,delta_vs_same_scenario_G00,sharpe_excess_rf,0.11680979093105723
G23,G23__mom_255_0__top20__monthly__long_short__rev20,long_short,rev20,0.0,0.03,G00__mom_255_0__top20__monthly__long_short,delta_vs_same_scenario_G00,max_drawdown,0.2495287550191282
G23,G23__mom_255_0__top20__monthly__long_short__rev20,long_short,rev20,0.0,0.03,G00__mom_255_0__top20__monthly__long_short,delta_vs_same_scenario_G00,annualized_volatility,-0.04281571875883017
G23,G23__mom_255_0__top20__monthly__long_short__rev20,long_short,rev20,0.0,0.03,G00__mom_255_0__top20__monthly__long_short,delta_vs_same_scenario_G00,annualized_l1_turnover,4.022093625859542
G23,G23__mom_255_0__top20__monthly__long_short__rev20,long_short,rev20,5.0,0.0,G00__mom_255_0__top20__monthly__long_short,delta_vs_same_scenario_G00,cagr,0.016675301308353874
G23,G23__mom_255_0__top20__monthly__long_short__rev20,long_short,rev20,5.0,0.0,G00__mom_255_0__top20__monthly__long_short,delta_vs_same_scenario_G00,sharpe_excess_rf,0.11750146361966507
G23,G23__mom_255_0__top20__monthly__long_short__rev20,long_short,rev20,5.0,0.0,G00__mom_255_0__top20__monthly__long_short,delta_vs_same_scenario_G00,max_drawdown,0.24957252094699445
G23,G23__mom_255_0__top20__monthly__long_short__rev20,long_short,rev20,5.0,0.0,G00__mom_255_0__top20__monthly__long_short,delta_vs_same_scenario_G00,annualized_volatility,-0.04267999296450617
G23,G23__mom_255_0__top20__monthly__long_short__rev20,long_short,rev20,5.0,0.0,G00__mom_255_0__top20__monthly__long_short,delta_vs_same_scenario_G00,annualized_l1_turnover,4.0205658193797955
G23,G23__mom_255_0__top20__monthly__long_short__rev20,long_short,rev20,5.0,0.01,G00__mom_255_0__top20__monthly__long_short,delta_vs_same_scenario_G00,cagr,0.016621406605999853
G23,G23__mom_255_0__top20__monthly__long_short__rev20,long_short,rev20,5.0,0.01,G00__mom_255_0__top20__monthly__long_short,delta_vs_same_scenario_G00,sharpe_excess_rf,0.11133441500660335
G23,G23__mom_255_0__top20__monthly__long_short__rev20,long_short,rev20,5.0,0.01,G00__mom_255_0__top20__monthly__long_short,delta_vs_same_scenario_G00,max_drawdown,0.24765086177907647
G23,G23__mom_255_0__top20__monthly__long_short__rev20,long_short,rev20,5.0,0.01,G00__mom_255_0__top20__monthly__long_short,delta_vs_same_scenario_G00,annualized_volatility,-0.04269497244144946
G23,G23__mom_255_0__top20__monthly__long_short__rev20,long_short,rev20,5.0,0.01,G00__mom_255_0__top20__monthly__long_short,delta_vs_same_scenario_G00,annualized_l1_turnover,4.021082855562408
G23,G23__mom_255_0__top20__monthly__long_short__rev20,long_short,rev20,5.0,0.03,G00__mom_255_0__top20__monthly__long_short,delta_vs_same_scenario_G00,cagr,0.016515578852681477
G23,G23__mom_255_0__top20__monthly__long_short__rev20,long_short,rev20,5.0,0.03,G00__mom_255_0__top20__monthly__long_short,delta_vs_same_scenario_G00,sharpe_excess_rf,0.09917683491772444
G23,G23__mom_255_0__top20__monthly__long_short__rev20,long_short,rev20,5.0,0.03,G00__mom_255_0__top20__monthly__long_short,delta_vs_same_scenario_G00,max_drawdown,0.24390310250272446
G23,G23__mom_255_0__top20__monthly__long_short__rev20,long_short,rev20,5.0,0.03,G00__mom_255_0__top20__monthly__long_short,delta_vs_same_scenario_G00,annualized_volatility,-0.04272454333695866
G23,G23__mom_255_0__top20__monthly__long_short__rev20,long_short,rev20,5.0,0.03,G00__mom_255_0__top20__monthly__long_short,delta_vs_same_scenario_G00,annualized_l1_turnover,4.022093625859542
G23,G23__mom_255_0__top20__monthly__long_short__rev20,long_short,rev20,10.0,0.0,G00__mom_255_0__top20__monthly__long_short,delta_vs_same_scenario_G00,cagr,0.01443592309994364
G23,G23__mom_255_0__top20__monthly__long_short__rev20,long_short,rev20,10.0,0.0,G00__mom_255_0__top20__monthly__long_short,delta_vs_same_scenario_G00,sharpe_excess_rf,0.09981402462120059
G23,G23__mom_255_0__top20__monthly__long_short__rev20,long_short,rev20,10.0,0.0,G00__mom_255_0__top20__monthly__long_short,delta_vs_same_scenario_G00,max_drawdown,0.24388750031960882
G23,G23__mom_255_0__top20__monthly__long_short__rev20,long_short,rev20,10.0,0.0,G00__mom_255_0__top20__monthly__long_short,delta_vs_same_scenario_G00,annualized_volatility,-0.04257168667690525
G23,G23__mom_255_0__top20__monthly__long_short__rev20,long_short,rev20,10.0,0.0,G00__mom_255_0__top20__monthly__long_short,delta_vs_same_scenario_G00,annualized_l1_turnover,4.0205658193797955
G23,G23__mom_255_0__top20__monthly__long_short__rev20,long_short,rev20,10.0,0.01,G00__mom_255_0__top20__monthly__long_short,delta_vs_same_scenario_G00,cagr,0.014392740349565204
G23,G23__mom_255_0__top20__monthly__long_short__rev20,long_short,rev20,10.0,0.01,G00__mom_255_0__top20__monthly__long_short,delta_vs_same_scenario_G00,sharpe_excess_rf,0.0936662141557377
G23,G23__mom_255_0__top20__monthly__long_short__rev20,long_short,rev20,10.0,0.01,G00__mom_255_0__top20__monthly__long_short,delta_vs_same_scenario_G00,max_drawdown,0.24201436644905516
G23,G23__mom_255_0__top20__monthly__long_short__rev20,long_short,rev20,10.0,0.01,G00__mom_255_0__top20__monthly__long_short,delta_vs_same_scenario_G00,annualized_volatility,-0.04258662731789939
G23,G23__mom_255_0__top20__monthly__long_short__rev20,long_short,rev20,10.0,0.01,G00__mom_255_0__top20__monthly__long_short,delta_vs_same_scenario_G00,annualized_l1_turnover,4.021082855562408
G23,G23__mom_255_0__top20__monthly__long_short__rev20,long_short,rev20,10.0,0.03,G00__mom_255_0__top20__monthly__long_short,delta_vs_same_scenario_G00,cagr,0.014307890467041985
G23,G23__mom_255_0__top20__monthly__long_short__rev20,long_short,rev20,10.0,0.03,G00__mom_255_0__top20__monthly__long_short,delta_vs_same_scenario_G00,sharpe_excess_rf,0.08154656971238011
G23,G23__mom_255_0__top20__monthly__long_short__rev20,long_short,rev20,10.0,0.03,G00__mom_255_0__top20__monthly__long_short,delta_vs_same_scenario_G00,max_drawdown,0.23836111233006613
G23,G23__mom_255_0__top20__monthly__long_short__rev20,long_short,rev20,10.0,0.03,G00__mom_255_0__top20__monthly__long_short,delta_vs_same_scenario_G00,annualized_volatility,-0.042616121946623425
G23,G23__mom_255_0__top20__monthly__long_short__rev20,long_short,rev20,10.0,0.03,G00__mom_255_0__top20__monthly__long_short,delta_vs_same_scenario_G00,annualized_l1_turnover,4.022093625859542
G23,G23__mom_255_0__top20__monthly__long_short__rev20,long_short,rev20,20.0,0.0,G00__mom_255_0__top20__monthly__long_short,delta_vs_same_scenario_G00,cagr,0.010017089155663093
G23,G23__mom_255_0__top20__monthly__long_short__rev20,long_short,rev20,20.0,0.0,G00__mom_255_0__top20__monthly__long_short,delta_vs_same_scenario_G00,sharpe_excess_rf,0.06447422788806745
G23,G23__mom_255_0__top20__monthly__long_short__rev20,long_short,rev20,20.0,0.0,G00__mom_255_0__top20__monthly__long_short,delta_vs_same_scenario_G00,max_drawdown,0.23277067154485326
G23,G23__mom_255_0__top20__monthly__long_short__rev20,long_short,rev20,20.0,0.0,G00__mom_255_0__top20__monthly__long_short,delta_vs_same_scenario_G00,annualized_volatility,-0.04230354277591586
G23,G23__mom_255_0__top20__monthly__long_short__rev20,long_short,rev20,20.0,0.0,G00__mom_255_0__top20__monthly__long_short,delta_vs_same_scenario_G00,annualized_l1_turnover,4.0205658193797955
G23,G23__mom_255_0__top20__monthly__long_short__rev20,long_short,rev20,20.0,0.01,G00__mom_255_0__top20__monthly__long_short,delta_vs_same_scenario_G00,cagr,0.009995056144251543
G23,G23__mom_255_0__top20__monthly__long_short__rev20,long_short,rev20,20.0,0.01,G00__mom_255_0__top20__monthly__long_short,delta_vs_same_scenario_G00,sharpe_excess_rf,0.05837582498010174
G23,G23__mom_255_0__top20__monthly__long_short__rev20,long_short,rev20,20.0,0.01,G00__mom_255_0__top20__monthly__long_short,delta_vs_same_scenario_G00,max_drawdown,0.23099242474081044
G23,G23__mom_255_0__top20__monthly__long_short__rev20,long_short,rev20,20.0,0.01,G00__mom_255_0__top20__monthly__long_short,delta_vs_same_scenario_G00,annualized_volatility,-0.042318397760948756
G23,G23__mom_255_0__top20__monthly__long_short__rev20,long_short,rev20,20.0,0.01,G00__mom_255_0__top20__monthly__long_short,delta_vs_same_scenario_G00,annualized_l1_turnover,4.021082855562408
G23,G23__mom_255_0__top20__monthly__long_short__rev20,long_short,rev20,20.0,0.03,G00__mom_255_0__top20__monthly__long_short,delta_vs_same_scenario_G00,cagr,0.009951625067101046
G23,G23__mom_255_0__top20__monthly__long_short__rev20,long_short,rev20,20.0,0.03,G00__mom_255_0__top20__monthly__long_short,delta_vs_same_scenario_G00,sharpe_excess_rf,0.04635359277755602
G23,G23__mom_255_0__top20__monthly__long_short__rev20,long_short,rev20,20.0,0.03,G00__mom_255_0__top20__monthly__long_short,delta_vs_same_scenario_G00,max_drawdown,0.22752396756227955
G23,G23__mom_255_0__top20__monthly__long_short__rev20,long_short,rev20,20.0,0.03,G00__mom_255_0__top20__monthly__long_short,delta_vs_same_scenario_G00,annualized_volatility,-0.0423477241101666
G23,G23__mom_255_0__top20__monthly__long_short__rev20,long_short,rev20,20.0,0.03,G00__mom_255_0__top20__monthly__long_short,delta_vs_same_scenario_G00,annualized_l1_turnover,4.022093625859542
G23,G23__mom_255_0__top20__monthly__long_short__rev5,long_short,rev5,0.0,0.0,G00__mom_255_0__top20__monthly__long_short,delta_vs_same_scenario_G00,cagr,0.014361327414351754
G23,G23__mom_255_0__top20__monthly__long_short__rev5,long_short,rev5,0.0,0.0,G00__mom_255_0__top20__monthly__long_short,delta_vs_same_scenario_G00,sharpe_excess_rf,0.12799332363797544
G23,G23__mom_255_0__top20__monthly__long_short__rev5,long_short,rev5,0.0,0.0,G00__mom_255_0__top20__monthly__long_short,delta_vs_same_scenario_G00,max_drawdown,0.21600345590346498
G23,G23__mom_255_0__top20__monthly__long_short__rev5,long_short,rev5,0.0,0.0,G00__mom_255_0__top20__monthly__long_short,delta_vs_same_scenario_G00,annualized_volatility,-0.05389656757671715
G23,G23__mom_255_0__top20__monthly__long_short__rev5,long_short,rev5,0.0,0.0,G00__mom_255_0__top20__monthly__long_short,delta_vs_same_scenario_G00,annualized_l1_turnover,3.6391807429879464
G23,G23__mom_255_0__top20__monthly__long_short__rev5,long_short,rev5,0.0,0.01,G00__mom_255_0__top20__monthly__long_short,delta_vs_same_scenario_G00,cagr,0.014305928588439779
G23,G23__mom_255_0__top20__monthly__long_short__rev5,long_short,rev5,0.0,0.01,G00__mom_255_0__top20__monthly__long_short,delta_vs_same_scenario_G00,sharpe_excess_rf,0.11951565444632645
G23,G23__mom_255_0__top20__monthly__long_short__rev5,long_short,rev5,0.0,0.01,G00__mom_255_0__top20__monthly__long_short,delta_vs_same_scenario_G00,max_drawdown,0.21443357437525862
G23,G23__mom_255_0__top20__monthly__long_short__rev5,long_short,rev5,0.0,0.01,G00__mom_255_0__top20__monthly__long_short,delta_vs_same_scenario_G00,annualized_volatility,-0.05391351404358205
G23,G23__mom_255_0__top20__monthly__long_short__rev5,long_short,rev5,0.0,0.01,G00__mom_255_0__top20__monthly__long_short,delta_vs_same_scenario_G00,annualized_l1_turnover,3.639710359333291
G23,G23__mom_255_0__top20__monthly__long_short__rev5,long_short,rev5,0.0,0.03,G00__mom_255_0__top20__monthly__long_short,delta_vs_same_scenario_G00,cagr,0.014197151745234914
G23,G23__mom_255_0__top20__monthly__long_short__rev5,long_short,rev5,0.0,0.03,G00__mom_255_0__top20__monthly__long_short,delta_vs_same_scenario_G00,sharpe_excess_rf,0.10280367880838284
G23,G23__mom_255_0__top20__monthly__long_short__rev5,long_short,rev5,0.0,0.03,G00__mom_255_0__top20__monthly__long_short,delta_vs_same_scenario_G00,max_drawdown,0.21136792044613018
G23,G23__mom_255_0__top20__monthly__long_short__rev5,long_short,rev5,0.0,0.03,G00__mom_255_0__top20__monthly__long_short,delta_vs_same_scenario_G00,annualized_volatility,-0.05394696281193964
G23,G23__mom_255_0__top20__monthly__long_short__rev5,long_short,rev5,0.0,0.03,G00__mom_255_0__top20__monthly__long_short,delta_vs_same_scenario_G00,annualized_l1_turnover,3.6407511708385734
G23,G23__mom_255_0__top20__monthly__long_short__rev5,long_short,rev5,5.0,0.0,G00__mom_255_0__top20__monthly__long_short,delta_vs_same_scenario_G00,cagr,0.012335891158628043
G23,G23__mom_255_0__top20__monthly__long_short__rev5,long_short,rev5,5.0,0.0,G00__mom_255_0__top20__monthly__long_short,delta_vs_same_scenario_G00,sharpe_excess_rf,0.10878925381678478
G23,G23__mom_255_0__top20__monthly__long_short__rev5,long_short,rev5,5.0,0.0,G00__mom_255_0__top20__monthly__long_short,delta_vs_same_scenario_G00,max_drawdown,0.212251441046732
G23,G23__mom_255_0__top20__monthly__long_short__rev5,long_short,rev5,5.0,0.0,G00__mom_255_0__top20__monthly__long_short,delta_vs_same_scenario_G00,annualized_volatility,-0.05380352700377622
G23,G23__mom_255_0__top20__monthly__long_short__rev5,long_short,rev5,5.0,0.0,G00__mom_255_0__top20__monthly__long_short,delta_vs_same_scenario_G00,annualized_l1_turnover,3.6391807429879464
G23,G23__mom_255_0__top20__monthly__long_short__rev5,long_short,rev5,5.0,0.01,G00__mom_255_0__top20__monthly__long_short,delta_vs_same_scenario_G00,cagr,0.012290213430069183
G23,G23__mom_255_0__top20__monthly__long_short__rev5,long_short,rev5,5.0,0.01,G00__mom_255_0__top20__monthly__long_short,delta_vs_same_scenario_G00,sharpe_excess_rf,0.10032927093335559
G23,G23__mom_255_0__top20__monthly__long_short__rev5,long_short,rev5,5.0,0.01,G00__mom_255_0__top20__monthly__long_short,delta_vs_same_scenario_G00,max_drawdown,0.21071216238393886
G23,G23__mom_255_0__top20__monthly__long_short__rev5,long_short,rev5,5.0,0.01,G00__mom_255_0__top20__monthly__long_short,delta_vs_same_scenario_G00,annualized_volatility,-0.053820436729451776
G23,G23__mom_255_0__top20__monthly__long_short__rev5,long_short,rev5,5.0,0.01,G00__mom_255_0__top20__monthly__long_short,delta_vs_same_scenario_G00,annualized_l1_turnover,3.639710359333293
G23,G23__mom_255_0__top20__monthly__long_short__rev5,long_short,rev5,5.0,0.03,G00__mom_255_0__top20__monthly__long_short,delta_vs_same_scenario_G00,cagr,0.012200472372828473
G23,G23__mom_255_0__top20__monthly__long_short__rev5,long_short,rev5,5.0,0.03,G00__mom_255_0__top20__monthly__long_short,delta_vs_same_scenario_G00,sharpe_excess_rf,0.08365215389032227
G23,G23__mom_255_0__top20__monthly__long_short__rev5,long_short,rev5,5.0,0.03,G00__mom_255_0__top20__monthly__long_short,delta_vs_same_scenario_G00,max_drawdown,0.20770616488897647
G23,G23__mom_255_0__top20__monthly__long_short__rev5,long_short,rev5,5.0,0.03,G00__mom_255_0__top20__monthly__long_short,delta_vs_same_scenario_G00,annualized_volatility,-0.053853813168344394
G23,G23__mom_255_0__top20__monthly__long_short__rev5,long_short,rev5,5.0,0.03,G00__mom_255_0__top20__monthly__long_short,delta_vs_same_scenario_G00,annualized_l1_turnover,3.6407511708385734
G23,G23__mom_255_0__top20__monthly__long_short__rev5,long_short,rev5,10.0,0.0,G00__mom_255_0__top20__monthly__long_short,delta_vs_same_scenario_G00,cagr,0.010328182886282525
G23,G23__mom_255_0__top20__monthly__long_short__rev5,long_short,rev5,10.0,0.0,G00__mom_255_0__top20__monthly__long_short,delta_vs_same_scenario_G00,sharpe_excess_rf,0.0895788132182202
G23,G23__mom_255_0__top20__monthly__long_short__rev5,long_short,rev5,10.0,0.0,G00__mom_255_0__top20__monthly__long_short,delta_vs_same_scenario_G00,max_drawdown,0.20854624076528328
G23,G23__mom_255_0__top20__monthly__long_short__rev5,long_short,rev5,10.0,0.0,G00__mom_255_0__top20__monthly__long_short,delta_vs_same_scenario_G00,annualized_volatility,-0.05369299924711951
G23,G23__mom_255_0__top20__monthly__long_short__rev5,long_short,rev5,10.0,0.0,G00__mom_255_0__top20__monthly__long_short,delta_vs_same_scenario_G00,annualized_l1_turnover,3.6391807429879464
G23,G23__mom_255_0__top20__monthly__long_short__rev5,long_short,rev5,10.0,0.01,G00__mom_255_0__top20__monthly__long_short,delta_vs_same_scenario_G00,cagr,0.010292145193467474
G23,G23__mom_255_0__top20__monthly__long_short__rev5,long_short,rev5,10.0,0.01,G00__mom_255_0__top20__monthly__long_short,delta_vs_same_scenario_G00,sharpe_excess_rf,0.08114093900289113
G23,G23__mom_255_0__top20__monthly__long_short__rev5,long_short,rev5,10.0,0.01,G00__mom_255_0__top20__monthly__long_short,delta_vs_same_scenario_G00,max_drawdown,0.20703717934964194
G23,G23__mom_255_0__top20__monthly__long_short__rev5,long_short,rev5,10.0,0.01,G00__mom_255_0__top20__monthly__long_short,delta_vs_same_scenario_G00,annualized_volatility,-0.0537098692029753
G23,G23__mom_255_0__top20__monthly__long_short__rev5,long_short,rev5,10.0,0.01,G00__mom_255_0__top20__monthly__long_short,delta_vs_same_scenario_G00,annualized_l1_turnover,3.639710359333293
G23,G23__mom_255_0__top20__monthly__long_short__rev5,long_short,rev5,10.0,0.03,G00__mom_255_0__top20__monthly__long_short,delta_vs_same_scenario_G00,cagr,0.010221281185957477
G23,G23__mom_255_0__top20__monthly__long_short__rev5,long_short,rev5,10.0,0.03,G00__mom_255_0__top20__monthly__long_short,delta_vs_same_scenario_G00,sharpe_excess_rf,0.0645073956932235
G23,G23__mom_255_0__top20__monthly__long_short__rev5,long_short,rev5,10.0,0.03,G00__mom_255_0__top20__monthly__long_short,delta_vs_same_scenario_G00,max_drawdown,0.2040900867150401
G23,G23__mom_255_0__top20__monthly__long_short__rev5,long_short,rev5,10.0,0.03,G00__mom_255_0__top20__monthly__long_short,delta_vs_same_scenario_G00,annualized_volatility,-0.053743167307299444
G23,G23__mom_255_0__top20__monthly__long_short__rev5,long_short,rev5,10.0,0.03,G00__mom_255_0__top20__monthly__long_short,delta_vs_same_scenario_G00,annualized_l1_turnover,3.6407511708385734
G23,G23__mom_255_0__top20__monthly__long_short__rev5,long_short,rev5,20.0,0.0,G00__mom_255_0__top20__monthly__long_short,delta_vs_same_scenario_G00,cagr,0.00636552645020657
G23,G23__mom_255_0__top20__monthly__long_short__rev5,long_short,rev5,20.0,0.0,G00__mom_255_0__top20__monthly__long_short,delta_vs_same_scenario_G00,sharpe_excess_rf,0.051207246362754366
G23,G23__mom_255_0__top20__monthly__long_short__rev5,long_short,rev5,20.0,0.0,G00__mom_255_0__top20__monthly__long_short,delta_vs_same_scenario_G00,max_drawdown,0.20127431858170824
G23,G23__mom_255_0__top20__monthly__long_short__rev5,long_short,rev5,20.0,0.0,G00__mom_255_0__top20__monthly__long_short,delta_vs_same_scenario_G00,annualized_volatility,-0.05341968405912312
G23,G23__mom_255_0__top20__monthly__long_short__rev5,long_short,rev5,20.0,0.0,G00__mom_255_0__top20__monthly__long_short,delta_vs_same_scenario_G00,annualized_l1_turnover,3.6391807429879464
G23,G23__mom_255_0__top20__monthly__long_short__rev5,long_short,rev5,20.0,0.01,G00__mom_255_0__top20__monthly__long_short,delta_vs_same_scenario_G00,cagr,0.006348527480685248
G23,G23__mom_255_0__top20__monthly__long_short__rev5,long_short,rev5,20.0,0.01,G00__mom_255_0__top20__monthly__long_short,delta_vs_same_scenario_G00,sharpe_excess_rf,0.04282672979339877
G23,G23__mom_255_0__top20__monthly__long_short__rev5,long_short,rev5,20.0,0.01,G00__mom_255_0__top20__monthly__long_short,delta_vs_same_scenario_G00,max_drawdown,0.19982455075974587
G23,G23__mom_255_0__top20__monthly__long_short__rev5,long_short,rev5,20.0,0.01,G00__mom_255_0__top20__monthly__long_short,delta_vs_same_scenario_G00,annualized_volatility,-0.05343646545664521
G23,G23__mom_255_0__top20__monthly__long_short__rev5,long_short,rev5,20.0,0.01,G00__mom_255_0__top20__monthly__long_short,delta_vs_same_scenario_G00,annualized_l1_turnover,3.639710359333293
G23,G23__mom_255_0__top20__monthly__long_short__rev5,long_short,rev5,20.0,0.03,G00__mom_255_0__top20__monthly__long_short,delta_vs_same_scenario_G00,cagr,0.00631494496051891
G23,G23__mom_255_0__top20__monthly__long_short__rev5,long_short,rev5,20.0,0.03,G00__mom_255_0__top20__monthly__long_short,delta_vs_same_scenario_G00,sharpe_excess_rf,0.026306229771990264
G23,G23__mom_255_0__top20__monthly__long_short__rev5,long_short,rev5,20.0,0.03,G00__mom_255_0__top20__monthly__long_short,delta_vs_same_scenario_G00,max_drawdown,0.19699304422331476
G23,G23__mom_255_0__top20__monthly__long_short__rev5,long_short,rev5,20.0,0.03,G00__mom_255_0__top20__monthly__long_short,delta_vs_same_scenario_G00,annualized_volatility,-0.053469589009018076
G23,G23__mom_255_0__top20__monthly__long_short__rev5,long_short,rev5,20.0,0.03,G00__mom_255_0__top20__monthly__long_short,delta_vs_same_scenario_G00,annualized_l1_turnover,3.6407511708385734
G23,G23__mom_255_0__top20__weekly__long_only__rev20,long_only,rev20,0.0,0.0,G00__mom_255_0__top20__weekly__long_only,delta_vs_same_scenario_G00,cagr,-0.0371573263482429
G23,G23__mom_255_0__top20__weekly__long_only__rev20,long_only,rev20,0.0,0.0,G00__mom_255_0__top20__weekly__long_only,delta_vs_same_scenario_G00,sharpe_excess_rf,-0.16469675224250035
G23,G23__mom_255_0__top20__weekly__long_only__rev20,long_only,rev20,0.0,0.0,G00__mom_255_0__top20__weekly__long_only,delta_vs_same_scenario_G00,max_drawdown,-0.28676078227120183
G23,G23__mom_255_0__top20__weekly__long_only__rev20,long_only,rev20,0.0,0.0,G00__mom_255_0__top20__weekly__long_only,delta_vs_same_scenario_G00,annualized_volatility,0.05582260144547374
G23,G23__mom_255_0__top20__weekly__long_only__rev20,long_only,rev20,0.0,0.0,G00__mom_255_0__top20__weekly__long_only,delta_vs_same_scenario_G00,annualized_l1_turnover,19.77827206780354
G23,G23__mom_255_0__top20__weekly__long_only__rev20,long_only,rev20,5.0,0.0,G00__mom_255_0__top20__weekly__long_only,delta_vs_same_scenario_G00,cagr,-0.04843529477105668
G23,G23__mom_255_0__top20__weekly__long_only__rev20,long_only,rev20,5.0,0.0,G00__mom_255_0__top20__weekly__long_only,delta_vs_same_scenario_G00,sharpe_excess_rf,-0.18897752331682216
G23,G23__mom_255_0__top20__weekly__long_only__rev20,long_only,rev20,5.0,0.0,G00__mom_255_0__top20__weekly__long_only,delta_vs_same_scenario_G00,max_drawdown,-0.2782624108003196
G23,G23__mom_255_0__top20__weekly__long_only__rev20,long_only,rev20,5.0,0.0,G00__mom_255_0__top20__weekly__long_only,delta_vs_same_scenario_G00,annualized_volatility,0.055790615077695394
G23,G23__mom_255_0__top20__weekly__long_only__rev20,long_only,rev20,5.0,0.0,G00__mom_255_0__top20__weekly__long_only,delta_vs_same_scenario_G00,annualized_l1_turnover,19.77827206780354
G23,G23__mom_255_0__top20__weekly__long_only__rev20,long_only,rev20,10.0,0.0,G00__mom_255_0__top20__weekly__long_only,delta_vs_same_scenario_G00,cagr,-0.059419883943053003
G23,G23__mom_255_0__top20__weekly__long_only__rev20,long_only,rev20,10.0,0.0,G00__mom_255_0__top20__weekly__long_only,delta_vs_same_scenario_G00,sharpe_excess_rf,-0.21329575913297727
G23,G23__mom_255_0__top20__weekly__long_only__rev20,long_only,rev20,10.0,0.0,G00__mom_255_0__top20__weekly__long_only,delta_vs_same_scenario_G00,max_drawdown,-0.26989694954694987
G23,G23__mom_255_0__top20__weekly__long_only__rev20,long_only,rev20,10.0,0.0,G00__mom_255_0__top20__weekly__long_only,delta_vs_same_scenario_G00,annualized_volatility,0.05578060463450624
G23,G23__mom_255_0__top20__weekly__long_only__rev20,long_only,rev20,10.0,0.0,G00__mom_255_0__top20__weekly__long_only,delta_vs_same_scenario_G00,annualized_l1_turnover,19.77827206780354
G23,G23__mom_255_0__top20__weekly__long_only__rev20,long_only,rev20,20.0,0.0,G00__mom_255_0__top20__weekly__long_only,delta_vs_same_scenario_G00,cagr,-0.08053175380083588
G23,G23__mom_255_0__top20__weekly__long_only__rev20,long_only,rev20,20.0,0.0,G00__mom_255_0__top20__weekly__long_only,delta_vs_same_scenario_G00,sharpe_excess_rf,-0.261999772833912
G23,G23__mom_255_0__top20__weekly__long_only__rev20,long_only,rev20,20.0,0.0,G00__mom_255_0__top20__weekly__long_only,delta_vs_same_scenario_G00,max_drawdown,-0.262568761827812
G23,G23__mom_255_0__top20__weekly__long_only__rev20,long_only,rev20,20.0,0.0,G00__mom_255_0__top20__weekly__long_only,delta_vs_same_scenario_G00,annualized_volatility,0.055826514224119994
G23,G23__mom_255_0__top20__weekly__long_only__rev20,long_only,rev20,20.0,0.0,G00__mom_255_0__top20__weekly__long_only,delta_vs_same_scenario_G00,annualized_l1_turnover,19.77827206780354
G23,G23__mom_255_0__top20__weekly__long_only__rev5,long_only,rev5,0.0,0.0,G00__mom_255_0__top20__weekly__long_only,delta_vs_same_scenario_G00,cagr,-0.0011474916071011754
G23,G23__mom_255_0__top20__weekly__long_only__rev5,long_only,rev5,0.0,0.0,G00__mom_255_0__top20__weekly__long_only,delta_vs_same_scenario_G00,sharpe_excess_rf,-0.06269774533924621
G23,G23__mom_255_0__top20__weekly__long_only__rev5,long_only,rev5,0.0,0.0,G00__mom_255_0__top20__weekly__long_only,delta_vs_same_scenario_G00,max_drawdown,-0.2948840586016058
G23,G23__mom_255_0__top20__weekly__long_only__rev5,long_only,rev5,0.0,0.0,G00__mom_255_0__top20__weekly__long_only,delta_vs_same_scenario_G00,annualized_volatility,0.04343802875748959
G23,G23__mom_255_0__top20__weekly__long_only__rev5,long_only,rev5,0.0,0.0,G00__mom_255_0__top20__weekly__long_only,delta_vs_same_scenario_G00,annualized_l1_turnover,31.716798552614456
G23,G23__mom_255_0__top20__weekly__long_only__rev5,long_only,rev5,5.0,0.0,G00__mom_255_0__top20__weekly__long_only,delta_vs_same_scenario_G00,cagr,-0.02022767928083291
G23,G23__mom_255_0__top20__weekly__long_only__rev5,long_only,rev5,5.0,0.0,G00__mom_255_0__top20__weekly__long_only,delta_vs_same_scenario_G00,sharpe_excess_rf,-0.10718834343216455
G23,G23__mom_255_0__top20__weekly__long_only__rev5,long_only,rev5,5.0,0.0,G00__mom_255_0__top20__weekly__long_only,delta_vs_same_scenario_G00,max_drawdown,-0.2864363198600464
G23,G23__mom_255_0__top20__weekly__long_only__rev5,long_only,rev5,5.0,0.0,G00__mom_255_0__top20__weekly__long_only,delta_vs_same_scenario_G00,annualized_volatility,0.04329501388149054
G23,G23__mom_255_0__top20__weekly__long_only__rev5,long_only,rev5,5.0,0.0,G00__mom_255_0__top20__weekly__long_only,delta_vs_same_scenario_G00,annualized_l1_turnover,31.716798552614456
G23,G23__mom_255_0__top20__weekly__long_only__rev5,long_only,rev5,10.0,0.0,G00__mom_255_0__top20__weekly__long_only,delta_vs_same_scenario_G00,cagr,-0.03871221534150929
G23,G23__mom_255_0__top20__weekly__long_only__rev5,long_only,rev5,10.0,0.0,G00__mom_255_0__top20__weekly__long_only,delta_vs_same_scenario_G00,sharpe_excess_rf,-0.15181780202067052
G23,G23__mom_255_0__top20__weekly__long_only__rev5,long_only,rev5,10.0,0.0,G00__mom_255_0__top20__weekly__long_only,delta_vs_same_scenario_G00,max_drawdown,-0.27812123486305473
G23,G23__mom_255_0__top20__weekly__long_only__rev5,long_only,rev5,10.0,0.0,G00__mom_255_0__top20__weekly__long_only,delta_vs_same_scenario_G00,annualized_volatility,0.043197585939982464
G23,G23__mom_255_0__top20__weekly__long_only__rev5,long_only,rev5,10.0,0.0,G00__mom_255_0__top20__weekly__long_only,delta_vs_same_scenario_G00,annualized_l1_turnover,31.716798552614456
G23,G23__mom_255_0__top20__weekly__long_only__rev5,long_only,rev5,20.0,0.0,G00__mom_255_0__top20__weekly__long_only,delta_vs_same_scenario_G00,cagr,-0.07395229787822255
G23,G23__mom_255_0__top20__weekly__long_only__rev5,long_only,rev5,20.0,0.0,G00__mom_255_0__top20__weekly__long_only,delta_vs_same_scenario_G00,sharpe_excess_rf,-0.24136292699228923
G23,G23__mom_255_0__top20__weekly__long_only__rev5,long_only,rev5,20.0,0.0,G00__mom_255_0__top20__weekly__long_only,delta_vs_same_scenario_G00,max_drawdown,-0.2699049142223157
G23,G23__mom_255_0__top20__weekly__long_only__rev5,long_only,rev5,20.0,0.0,G00__mom_255_0__top20__weekly__long_only,delta_vs_same_scenario_G00,annualized_volatility,0.043139646206212634
G23,G23__mom_255_0__top20__weekly__long_only__rev5,long_only,rev5,20.0,0.0,G00__mom_255_0__top20__weekly__long_only,delta_vs_same_scenario_G00,annualized_l1_turnover,31.716798552614456
G23,G23__mom_255_0__top20__weekly__long_short__rev20,long_short,rev20,0.0,0.0,G00__mom_255_0__top20__weekly__long_short,delta_vs_same_scenario_G00,cagr,0.035593691100088115
G23,G23__mom_255_0__top20__weekly__long_short__rev20,long_short,rev20,0.0,0.0,G00__mom_255_0__top20__weekly__long_short,delta_vs_same_scenario_G00,sharpe_excess_rf,0.18322589907504075
G23,G23__mom_255_0__top20__weekly__long_short__rev20,long_short,rev20,0.0,0.0,G00__mom_255_0__top20__weekly__long_short,delta_vs_same_scenario_G00,max_drawdown,0.23963965619102012
G23,G23__mom_255_0__top20__weekly__long_short__rev20,long_short,rev20,0.0,0.0,G00__mom_255_0__top20__weekly__long_short,delta_vs_same_scenario_G00,annualized_volatility,-0.029820277257145533
G23,G23__mom_255_0__top20__weekly__long_short__rev20,long_short,rev20,0.0,0.0,G00__mom_255_0__top20__weekly__long_short,delta_vs_same_scenario_G00,annualized_l1_turnover,13.255269285238175
G23,G23__mom_255_0__top20__weekly__long_short__rev20,long_short,rev20,0.0,0.01,G00__mom_255_0__top20__weekly__long_short,delta_vs_same_scenario_G00,cagr,0.03542517566288899
G23,G23__mom_255_0__top20__weekly__long_short__rev20,long_short,rev20,0.0,0.01,G00__mom_255_0__top20__weekly__long_short,delta_vs_same_scenario_G00,sharpe_excess_rf,0.17916030119194049
G23,G23__mom_255_0__top20__weekly__long_short__rev20,long_short,rev20,0.0,0.01,G00__mom_255_0__top20__weekly__long_short,delta_vs_same_scenario_G00,max_drawdown,0.24334057987132118
G23,G23__mom_255_0__top20__weekly__long_short__rev20,long_short,rev20,0.0,0.01,G00__mom_255_0__top20__weekly__long_short,delta_vs_same_scenario_G00,annualized_volatility,-0.029824174779208956
G23,G23__mom_255_0__top20__weekly__long_short__rev20,long_short,rev20,0.0,0.01,G00__mom_255_0__top20__weekly__long_short,delta_vs_same_scenario_G00,annualized_l1_turnover,13.255769509207003
G23,G23__mom_255_0__top20__weekly__long_short__rev20,long_short,rev20,0.0,0.03,G00__mom_255_0__top20__weekly__long_short,delta_vs_same_scenario_G00,cagr,0.035095363532326354
G23,G23__mom_255_0__top20__weekly__long_short__rev20,long_short,rev20,0.0,0.03,G00__mom_255_0__top20__weekly__long_short,delta_vs_same_scenario_G00,sharpe_excess_rf,0.17114696049886646
G23,G23__mom_255_0__top20__weekly__long_short__rev20,long_short,rev20,0.0,0.03,G00__mom_255_0__top20__weekly__long_short,delta_vs_same_scenario_G00,max_drawdown,0.25052690654014065
G23,G23__mom_255_0__top20__weekly__long_short__rev20,long_short,rev20,0.0,0.03,G00__mom_255_0__top20__weekly__long_short,delta_vs_same_scenario_G00,annualized_volatility,-0.029831859274227074
G23,G23__mom_255_0__top20__weekly__long_short__rev20,long_short,rev20,0.0,0.03,G00__mom_255_0__top20__weekly__long_short,delta_vs_same_scenario_G00,annualized_l1_turnover,13.256753522108305
G23,G23__mom_255_0__top20__weekly__long_short__rev20,long_short,rev20,5.0,0.0,G00__mom_255_0__top20__weekly__long_short,delta_vs_same_scenario_G00,cagr,0.0282512496268015
G23,G23__mom_255_0__top20__weekly__long_short__rev20,long_short,rev20,5.0,0.0,G00__mom_255_0__top20__weekly__long_short,delta_vs_same_scenario_G00,sharpe_excess_rf,0.13827392740251196
G23,G23__mom_255_0__top20__weekly__long_short__rev20,long_short,rev20,5.0,0.0,G00__mom_255_0__top20__weekly__long_short,delta_vs_same_scenario_G00,max_drawdown,0.24584949537721512
G23,G23__mom_255_0__top20__weekly__long_short__rev20,long_short,rev20,5.0,0.0,G00__mom_255_0__top20__weekly__long_short,delta_vs_same_scenario_G00,annualized_volatility,-0.02979687336940784
G23,G23__mom_255_0__top20__weekly__long_short__rev20,long_short,rev20,5.0,0.0,G00__mom_255_0__top20__weekly__long_short,delta_vs_same_scenario_G00,annualized_l1_turnover,13.255269285238175
G23,G23__mom_255_0__top20__weekly__long_short__rev20,long_short,rev20,5.0,0.01,G00__mom_255_0__top20__weekly__long_short,delta_vs_same_scenario_G00,cagr,0.028118797840867238
G23,G23__mom_255_0__top20__weekly__long_short__rev20,long_short,rev20,5.0,0.01,G00__mom_255_0__top20__weekly__long_short,delta_vs_same_scenario_G00,sharpe_excess_rf,0.13421374941443254
G23,G23__mom_255_0__top20__weekly__long_short__rev20,long_short,rev20,5.0,0.01,G00__mom_255_0__top20__weekly__long_short,delta_vs_same_scenario_G00,max_drawdown,0.2494818051076323
G23,G23__mom_255_0__top20__weekly__long_short__rev20,long_short,rev20,5.0,0.01,G00__mom_255_0__top20__weekly__long_short,delta_vs_same_scenario_G00,annualized_volatility,-0.029800775430330495
G23,G23__mom_255_0__top20__weekly__long_short__rev20,long_short,rev20,5.0,0.01,G00__mom_255_0__top20__weekly__long_short,delta_vs_same_scenario_G00,annualized_l1_turnover,13.255769509207003
G23,G23__mom_255_0__top20__weekly__long_short__rev20,long_short,rev20,5.0,0.03,G00__mom_255_0__top20__weekly__long_short,delta_vs_same_scenario_G00,cagr,0.027859551404253453
G23,G23__mom_255_0__top20__weekly__long_short__rev20,long_short,rev20,5.0,0.03,G00__mom_255_0__top20__weekly__long_short,delta_vs_same_scenario_G00,sharpe_excess_rf,0.12621108589679358
G23,G23__mom_255_0__top20__weekly__long_short__rev20,long_short,rev20,5.0,0.03,G00__mom_255_0__top20__weekly__long_short,delta_vs_same_scenario_G00,max_drawdown,0.25653476718081836
G23,G23__mom_255_0__top20__weekly__long_short__rev20,long_short,rev20,5.0,0.03,G00__mom_255_0__top20__weekly__long_short,delta_vs_same_scenario_G00,annualized_volatility,-0.029808469020933565
G23,G23__mom_255_0__top20__weekly__long_short__rev20,long_short,rev20,5.0,0.03,G00__mom_255_0__top20__weekly__long_short,delta_vs_same_scenario_G00,annualized_l1_turnover,13.256753522108305
G23,G23__mom_255_0__top20__weekly__long_short__rev20,long_short,rev20,10.0,0.0,G00__mom_255_0__top20__weekly__long_short,delta_vs_same_scenario_G00,cagr,0.02107486018264008
G23,G23__mom_255_0__top20__weekly__long_short__rev20,long_short,rev20,10.0,0.0,G00__mom_255_0__top20__weekly__long_short,delta_vs_same_scenario_G00,sharpe_excess_rf,0.09332477418990207
G23,G23__mom_255_0__top20__weekly__long_short__rev20,long_short,rev20,10.0,0.0,G00__mom_255_0__top20__weekly__long_short,delta_vs_same_scenario_G00,max_drawdown,0.25193182509960144
G23,G23__mom_255_0__top20__weekly__long_short__rev20,long_short,rev20,10.0,0.0,G00__mom_255_0__top20__weekly__long_short,delta_vs_same_scenario_G00,annualized_volatility,-0.029743202711268346
G23,G23__mom_255_0__top20__weekly__long_short__rev20,long_short,rev20,10.0,0.0,G00__mom_255_0__top20__weekly__long_short,delta_vs_same_scenario_G00,annualized_l1_turnover,13.255269285238175
G23,G23__mom_255_0__top20__weekly__long_short__rev20,long_short,rev20,10.0,0.01,G00__mom_255_0__top20__weekly__long_short,delta_vs_same_scenario_G00,cagr,0.02097766578491865
G23,G23__mom_255_0__top20__weekly__long_short__rev20,long_short,rev20,10.0,0.01,G00__mom_255_0__top20__weekly__long_short,delta_vs_same_scenario_G00,sharpe_excess_rf,0.08927515977480685
G23,G23__mom_255_0__top20__weekly__long_short__rev20,long_short,rev20,10.0,0.01,G00__mom_255_0__top20__weekly__long_short,delta_vs_same_scenario_G00,max_drawdown,0.25549670580579154
G23,G23__mom_255_0__top20__weekly__long_short__rev20,long_short,rev20,10.0,0.01,G00__mom_255_0__top20__weekly__long_short,delta_vs_same_scenario_G00,annualized_volatility,-0.029747109311168668
G23,G23__mom_255_0__top20__weekly__long_short__rev20,long_short,rev20,10.0,0.01,G00__mom_255_0__top20__weekly__long_short,delta_vs_same_scenario_G00,annualized_l1_turnover,13.255769509207003
G23,G23__mom_255_0__top20__weekly__long_short__rev20,long_short,rev20,10.0,0.03,G00__mom_255_0__top20__weekly__long_short,delta_vs_same_scenario_G00,cagr,0.020787407389030454
G23,G23__mom_255_0__top20__weekly__long_short__rev20,long_short,rev20,10.0,0.03,G00__mom_255_0__top20__weekly__long_short,delta_vs_same_scenario_G00,sharpe_excess_rf,0.08129330803691948
G23,G23__mom_255_0__top20__weekly__long_short__rev20,long_short,rev20,10.0,0.03,G00__mom_255_0__top20__weekly__long_short,delta_vs_same_scenario_G00,max_drawdown,0.26241860681078233
G23,G23__mom_255_0__top20__weekly__long_short__rev20,long_short,rev20,10.0,0.03,G00__mom_255_0__top20__weekly__long_short,delta_vs_same_scenario_G00,annualized_volatility,-0.02975481199857996
G23,G23__mom_255_0__top20__weekly__long_short__rev20,long_short,rev20,10.0,0.03,G00__mom_255_0__top20__weekly__long_short,delta_vs_same_scenario_G00,annualized_l1_turnover,13.256753522108305
G23,G23__mom_255_0__top20__weekly__long_short__rev20,long_short,rev20,20.0,0.0,G00__mom_255_0__top20__weekly__long_short,delta_vs_same_scenario_G00,cagr,0.007208855227695508
G23,G23__mom_255_0__top20__weekly__long_short__rev20,long_short,rev20,20.0,0.0,G00__mom_255_0__top20__weekly__long_short,delta_vs_same_scenario_G00,sharpe_excess_rf,0.0036392971403998373
G23,G23__mom_255_0__top20__weekly__long_short__rev20,long_short,rev20,20.0,0.0,G00__mom_255_0__top20__weekly__long_short,delta_vs_same_scenario_G00,max_drawdown,0.263722763014679
G23,G23__mom_255_0__top20__weekly__long_short__rev20,long_short,rev20,20.0,0.0,G00__mom_255_0__top20__weekly__long_short,delta_vs_same_scenario_G00,annualized_volatility,-0.029545276082513866
G23,G23__mom_255_0__top20__weekly__long_short__rev20,long_short,rev20,20.0,0.0,G00__mom_255_0__top20__weekly__long_short,delta_vs_same_scenario_G00,annualized_l1_turnover,13.255269285238175
G23,G23__mom_255_0__top20__weekly__long_short__rev20,long_short,rev20,20.0,0.01,G00__mom_255_0__top20__weekly__long_short,delta_vs_same_scenario_G00,cagr,0.007179811404631378
G23,G23__mom_255_0__top20__weekly__long_short__rev20,long_short,rev20,20.0,0.01,G00__mom_255_0__top20__weekly__long_short,delta_vs_same_scenario_G00,sharpe_excess_rf,-0.000373876605083763
G23,G23__mom_255_0__top20__weekly__long_short__rev20,long_short,rev20,20.0,0.01,G00__mom_255_0__top20__weekly__long_short,delta_vs_same_scenario_G00,max_drawdown,0.2671562604492319
G23,G23__mom_255_0__top20__weekly__long_short__rev20,long_short,rev20,20.0,0.01,G00__mom_255_0__top20__weekly__long_short,delta_vs_same_scenario_G00,annualized_volatility,-0.029549191756354926
G23,G23__mom_255_0__top20__weekly__long_short__rev20,long_short,rev20,20.0,0.01,G00__mom_255_0__top20__weekly__long_short,delta_vs_same_scenario_G00,annualized_l1_turnover,13.255769509207003
G23,G23__mom_255_0__top20__weekly__long_short__rev20,long_short,rev20,20.0,0.03,G00__mom_255_0__top20__weekly__long_short,delta_vs_same_scenario_G00,cagr,0.007122902947418283
G23,G23__mom_255_0__top20__weekly__long_short__rev20,long_short,rev20,20.0,0.03,G00__mom_255_0__top20__weekly__long_short,delta_vs_same_scenario_G00,sharpe_excess_rf,-0.008283932382784381
G23,G23__mom_255_0__top20__weekly__long_short__rev20,long_short,rev20,20.0,0.03,G00__mom_255_0__top20__weekly__long_short,delta_vs_same_scenario_G00,max_drawdown,0.2738227943640442
G23,G23__mom_255_0__top20__weekly__long_short__rev20,long_short,rev20,20.0,0.03,G00__mom_255_0__top20__weekly__long_short,delta_vs_same_scenario_G00,annualized_volatility,-0.029556912631754
G23,G23__mom_255_0__top20__weekly__long_short__rev20,long_short,rev20,20.0,0.03,G00__mom_255_0__top20__weekly__long_short,delta_vs_same_scenario_G00,annualized_l1_turnover,13.256753522108305
G23,G23__mom_255_0__top20__weekly__long_short__rev5,long_short,rev5,0.0,0.0,G00__mom_255_0__top20__weekly__long_short,delta_vs_same_scenario_G00,cagr,0.03779296942672125
G23,G23__mom_255_0__top20__weekly__long_short__rev5,long_short,rev5,0.0,0.0,G00__mom_255_0__top20__weekly__long_short,delta_vs_same_scenario_G00,sharpe_excess_rf,0.20017564788807266
G23,G23__mom_255_0__top20__weekly__long_short__rev5,long_short,rev5,0.0,0.0,G00__mom_255_0__top20__weekly__long_short,delta_vs_same_scenario_G00,max_drawdown,0.26819559988399333
G23,G23__mom_255_0__top20__weekly__long_short__rev5,long_short,rev5,0.0,0.0,G00__mom_255_0__top20__weekly__long_short,delta_vs_same_scenario_G00,annualized_volatility,-0.035224830090709924
G23,G23__mom_255_0__top20__weekly__long_short__rev5,long_short,rev5,0.0,0.0,G00__mom_255_0__top20__weekly__long_short,delta_vs_same_scenario_G00,annualized_l1_turnover,21.783230338693954
G23,G23__mom_255_0__top20__weekly__long_short__rev5,long_short,rev5,0.0,0.01,G00__mom_255_0__top20__weekly__long_short,delta_vs_same_scenario_G00,cagr,0.03761409870033732
G23,G23__mom_255_0__top20__weekly__long_short__rev5,long_short,rev5,0.0,0.01,G00__mom_255_0__top20__weekly__long_short,delta_vs_same_scenario_G00,sharpe_excess_rf,0.19521771340541988
G23,G23__mom_255_0__top20__weekly__long_short__rev5,long_short,rev5,0.0,0.01,G00__mom_255_0__top20__weekly__long_short,delta_vs_same_scenario_G00,max_drawdown,0.2663199548139249
G23,G23__mom_255_0__top20__weekly__long_short__rev5,long_short,rev5,0.0,0.01,G00__mom_255_0__top20__weekly__long_short,delta_vs_same_scenario_G00,annualized_volatility,-0.03522886334931044
G23,G23__mom_255_0__top20__weekly__long_short__rev5,long_short,rev5,0.0,0.01,G00__mom_255_0__top20__weekly__long_short,delta_vs_same_scenario_G00,annualized_l1_turnover,21.78410961362531
G23,G23__mom_255_0__top20__weekly__long_short__rev5,long_short,rev5,0.0,0.03,G00__mom_255_0__top20__weekly__long_short,delta_vs_same_scenario_G00,cagr,0.037264012165853636
G23,G23__mom_255_0__top20__weekly__long_short__rev5,long_short,rev5,0.0,0.03,G00__mom_255_0__top20__weekly__long_short,delta_vs_same_scenario_G00,sharpe_excess_rf,0.1854460295463858
G23,G23__mom_255_0__top20__weekly__long_short__rev5,long_short,rev5,0.0,0.03,G00__mom_255_0__top20__weekly__long_short,delta_vs_same_scenario_G00,max_drawdown,0.2621015885052883
G23,G23__mom_255_0__top20__weekly__long_short__rev5,long_short,rev5,0.0,0.03,G00__mom_255_0__top20__weekly__long_short,delta_vs_same_scenario_G00,annualized_volatility,-0.035236814617386064
G23,G23__mom_255_0__top20__weekly__long_short__rev5,long_short,rev5,0.0,0.03,G00__mom_255_0__top20__weekly__long_short,delta_vs_same_scenario_G00,annualized_l1_turnover,21.785840914589915
G23,G23__mom_255_0__top20__weekly__long_short__rev5,long_short,rev5,5.0,0.0,G00__mom_255_0__top20__weekly__long_short,delta_vs_same_scenario_G00,cagr,0.025907909587237897
G23,G23__mom_255_0__top20__weekly__long_short__rev5,long_short,rev5,5.0,0.0,G00__mom_255_0__top20__weekly__long_short,delta_vs_same_scenario_G00,sharpe_excess_rf,0.12749112914829358
G23,G23__mom_255_0__top20__weekly__long_short__rev5,long_short,rev5,5.0,0.0,G00__mom_255_0__top20__weekly__long_short,delta_vs_same_scenario_G00,max_drawdown,0.25145845007279766
G23,G23__mom_255_0__top20__weekly__long_short__rev5,long_short,rev5,5.0,0.0,G00__mom_255_0__top20__weekly__long_short,delta_vs_same_scenario_G00,annualized_volatility,-0.0353544126579006
G23,G23__mom_255_0__top20__weekly__long_short__rev5,long_short,rev5,5.0,0.0,G00__mom_255_0__top20__weekly__long_short,delta_vs_same_scenario_G00,annualized_l1_turnover,21.783230338693954
G23,G23__mom_255_0__top20__weekly__long_short__rev5,long_short,rev5,5.0,0.01,G00__mom_255_0__top20__weekly__long_short,delta_vs_same_scenario_G00,cagr,0.025787424031437745
G23,G23__mom_255_0__top20__weekly__long_short__rev5,long_short,rev5,5.0,0.01,G00__mom_255_0__top20__weekly__long_short,delta_vs_same_scenario_G00,sharpe_excess_rf,0.12251369939234315
G23,G23__mom_255_0__top20__weekly__long_short__rev5,long_short,rev5,5.0,0.01,G00__mom_255_0__top20__weekly__long_short,delta_vs_same_scenario_G00,max_drawdown,0.24943928824706696
G23,G23__mom_255_0__top20__weekly__long_short__rev5,long_short,rev5,5.0,0.01,G00__mom_255_0__top20__weekly__long_short,delta_vs_same_scenario_G00,annualized_volatility,-0.03535844867348811
G23,G23__mom_255_0__top20__weekly__long_short__rev5,long_short,rev5,5.0,0.01,G00__mom_255_0__top20__weekly__long_short,delta_vs_same_scenario_G00,annualized_l1_turnover,21.78410961362531
G23,G23__mom_255_0__top20__weekly__long_short__rev5,long_short,rev5,5.0,0.03,G00__mom_255_0__top20__weekly__long_short,delta_vs_same_scenario_G00,cagr,0.025551579158263456
G23,G23__mom_255_0__top20__weekly__long_short__rev5,long_short,rev5,5.0,0.03,G00__mom_255_0__top20__weekly__long_short,delta_vs_same_scenario_G00,sharpe_excess_rf,0.11270360385068907
G23,G23__mom_255_0__top20__weekly__long_short__rev5,long_short,rev5,5.0,0.03,G00__mom_255_0__top20__weekly__long_short,delta_vs_same_scenario_G00,max_drawdown,0.2455060119827277
G23,G23__mom_255_0__top20__weekly__long_short__rev5,long_short,rev5,5.0,0.03,G00__mom_255_0__top20__weekly__long_short,delta_vs_same_scenario_G00,annualized_volatility,-0.03536640567741184
G23,G23__mom_255_0__top20__weekly__long_short__rev5,long_short,rev5,5.0,0.03,G00__mom_255_0__top20__weekly__long_short,delta_vs_same_scenario_G00,annualized_l1_turnover,21.785840914589915
G23,G23__mom_255_0__top20__weekly__long_short__rev5,long_short,rev5,10.0,0.0,G00__mom_255_0__top20__weekly__long_short,delta_vs_same_scenario_G00,cagr,0.014340266980754007
G23,G23__mom_255_0__top20__weekly__long_short__rev5,long_short,rev5,10.0,0.0,G00__mom_255_0__top20__weekly__long_short,delta_vs_same_scenario_G00,sharpe_excess_rf,0.05460031418906493
G23,G23__mom_255_0__top20__weekly__long_short__rev5,long_short,rev5,10.0,0.0,G00__mom_255_0__top20__weekly__long_short,delta_vs_same_scenario_G00,max_drawdown,0.2351503683889794
G23,G23__mom_255_0__top20__weekly__long_short__rev5,long_short,rev5,10.0,0.0,G00__mom_255_0__top20__weekly__long_short,delta_vs_same_scenario_G00,annualized_volatility,-0.03542026090649325
G23,G23__mom_255_0__top20__weekly__long_short__rev5,long_short,rev5,10.0,0.0,G00__mom_255_0__top20__weekly__long_short,delta_vs_same_scenario_G00,annualized_l1_turnover,21.783230338693954
G23,G23__mom_255_0__top20__weekly__long_short__rev5,long_short,rev5,10.0,0.01,G00__mom_255_0__top20__weekly__long_short,delta_vs_same_scenario_G00,cagr,0.01427662481998425
G23,G23__mom_255_0__top20__weekly__long_short__rev5,long_short,rev5,10.0,0.01,G00__mom_255_0__top20__weekly__long_short,delta_vs_same_scenario_G00,sharpe_excess_rf,0.04961466375224179
G23,G23__mom_255_0__top20__weekly__long_short__rev5,long_short,rev5,10.0,0.01,G00__mom_255_0__top20__weekly__long_short,delta_vs_same_scenario_G00,max_drawdown,0.23327147024973582
G23,G23__mom_255_0__top20__weekly__long_short__rev5,long_short,rev5,10.0,0.01,G00__mom_255_0__top20__weekly__long_short,delta_vs_same_scenario_G00,annualized_volatility,-0.03542429979895606
G23,G23__mom_255_0__top20__weekly__long_short__rev5,long_short,rev5,10.0,0.01,G00__mom_255_0__top20__weekly__long_short,delta_vs_same_scenario_G00,annualized_l1_turnover,21.78410961362531
G23,G23__mom_255_0__top20__weekly__long_short__rev5,long_short,rev5,10.0,0.03,G00__mom_255_0__top20__weekly__long_short,delta_vs_same_scenario_G00,cagr,0.014152004737806588
G23,G23__mom_255_0__top20__weekly__long_short__rev5,long_short,rev5,10.0,0.03,G00__mom_255_0__top20__weekly__long_short,delta_vs_same_scenario_G00,sharpe_excess_rf,0.03978837038620855
G23,G23__mom_255_0__top20__weekly__long_short__rev5,long_short,rev5,10.0,0.03,G00__mom_255_0__top20__weekly__long_short,delta_vs_same_scenario_G00,max_drawdown,0.22961114558123508
G23,G23__mom_255_0__top20__weekly__long_short__rev5,long_short,rev5,10.0,0.03,G00__mom_255_0__top20__weekly__long_short,delta_vs_same_scenario_G00,annualized_volatility,-0.035432262776720486
G23,G23__mom_255_0__top20__weekly__long_short__rev5,long_short,rev5,10.0,0.03,G00__mom_255_0__top20__weekly__long_short,delta_vs_same_scenario_G00,annualized_l1_turnover,21.785840914589915
G23,G23__mom_255_0__top20__weekly__long_short__rev5,long_short,rev5,20.0,0.0,G00__mom_255_0__top20__weekly__long_short,delta_vs_same_scenario_G00,cagr,-0.007868801098245871
G23,G23__mom_255_0__top20__weekly__long_short__rev5,long_short,rev5,20.0,0.0,G00__mom_255_0__top20__weekly__long_short,delta_vs_same_scenario_G00,sharpe_excess_rf,-0.0912429613612385
G23,G23__mom_255_0__top20__weekly__long_short__rev5,long_short,rev5,20.0,0.0,G00__mom_255_0__top20__weekly__long_short,delta_vs_same_scenario_G00,max_drawdown,0.20458590329343496
G23,G23__mom_255_0__top20__weekly__long_short__rev5,long_short,rev5,20.0,0.0,G00__mom_255_0__top20__weekly__long_short,delta_vs_same_scenario_G00,annualized_volatility,-0.035360636238963544
G23,G23__mom_255_0__top20__weekly__long_short__rev5,long_short,rev5,20.0,0.0,G00__mom_255_0__top20__weekly__long_short,delta_vs_same_scenario_G00,annualized_l1_turnover,21.783230338693954
G23,G23__mom_255_0__top20__weekly__long_short__rev5,long_short,rev5,20.0,0.01,G00__mom_255_0__top20__weekly__long_short,delta_vs_same_scenario_G00,cagr,-0.007823256820034527
G23,G23__mom_255_0__top20__weekly__long_short__rev5,long_short,rev5,20.0,0.01,G00__mom_255_0__top20__weekly__long_short,delta_vs_same_scenario_G00,sharpe_excess_rf,-0.09621120916643391
G23,G23__mom_255_0__top20__weekly__long_short__rev5,long_short,rev5,20.0,0.01,G00__mom_255_0__top20__weekly__long_short,delta_vs_same_scenario_G00,max_drawdown,0.20296973149189612
G23,G23__mom_255_0__top20__weekly__long_short__rev5,long_short,rev5,20.0,0.01,G00__mom_255_0__top20__weekly__long_short,delta_vs_same_scenario_G00,annualized_volatility,-0.035364681275325466
G23,G23__mom_255_0__top20__weekly__long_short__rev5,long_short,rev5,20.0,0.01,G00__mom_255_0__top20__weekly__long_short,delta_vs_same_scenario_G00,annualized_l1_turnover,21.78410961362531
G23,G23__mom_255_0__top20__weekly__long_short__rev5,long_short,rev5,20.0,0.03,G00__mom_255_0__top20__weekly__long_short,delta_vs_same_scenario_G00,cagr,-0.007734233376397406
G23,G23__mom_255_0__top20__weekly__long_short__rev5,long_short,rev5,20.0,0.03,G00__mom_255_0__top20__weekly__long_short,delta_vs_same_scenario_G00,sharpe_excess_rf,-0.10600321666499098
G23,G23__mom_255_0__top20__weekly__long_short__rev5,long_short,rev5,20.0,0.03,G00__mom_255_0__top20__weekly__long_short,delta_vs_same_scenario_G00,max_drawdown,0.198614432762669
G23,G23__mom_255_0__top20__weekly__long_short__rev5,long_short,rev5,20.0,0.03,G00__mom_255_0__top20__weekly__long_short,delta_vs_same_scenario_G00,annualized_volatility,-0.03537265697252384
G23,G23__mom_255_0__top20__weekly__long_short__rev5,long_short,rev5,20.0,0.03,G00__mom_255_0__top20__weekly__long_short,delta_vs_same_scenario_G00,annualized_l1_turnover,21.785840914589915
G23,G23__mom_255_0__top50__monthly__long_only__rev20,long_only,rev20,0.0,0.0,G00__mom_255_0__top50__monthly__long_only,delta_vs_same_scenario_G00,cagr,-0.05297351119850191
G23,G23__mom_255_0__top50__monthly__long_only__rev20,long_only,rev20,0.0,0.0,G00__mom_255_0__top50__monthly__long_only,delta_vs_same_scenario_G00,sharpe_excess_rf,-0.23177014586187394
G23,G23__mom_255_0__top50__monthly__long_only__rev20,long_only,rev20,0.0,0.0,G00__mom_255_0__top50__monthly__long_only,delta_vs_same_scenario_G00,max_drawdown,-0.1751260384408062
G23,G23__mom_255_0__top50__monthly__long_only__rev20,long_only,rev20,0.0,0.0,G00__mom_255_0__top50__monthly__long_only,delta_vs_same_scenario_G00,annualized_volatility,0.04158341722662254
G23,G23__mom_255_0__top50__monthly__long_only__rev20,long_only,rev20,0.0,0.0,G00__mom_255_0__top50__monthly__long_only,delta_vs_same_scenario_G00,annualized_l1_turnover,5.44101588229038
G23,G23__mom_255_0__top50__monthly__long_only__rev20,long_only,rev20,5.0,0.0,G00__mom_255_0__top50__monthly__long_only,delta_vs_same_scenario_G00,cagr,-0.05582018886743542
G23,G23__mom_255_0__top50__monthly__long_only__rev20,long_only,rev20,5.0,0.0,G00__mom_255_0__top50__monthly__long_only,delta_vs_same_scenario_G00,sharpe_excess_rf,-0.23933987918736072
G23,G23__mom_255_0__top50__monthly__long_only__rev20,long_only,rev20,5.0,0.0,G00__mom_255_0__top50__monthly__long_only,delta_vs_same_scenario_G00,max_drawdown,-0.17147486420167396
G23,G23__mom_255_0__top50__monthly__long_only__rev20,long_only,rev20,5.0,0.0,G00__mom_255_0__top50__monthly__long_only,delta_vs_same_scenario_G00,annualized_volatility,0.041608726786757866
G23,G23__mom_255_0__top50__monthly__long_only__rev20,long_only,rev20,5.0,0.0,G00__mom_255_0__top50__monthly__long_only,delta_vs_same_scenario_G00,annualized_l1_turnover,5.44101588229038
G23,G23__mom_255_0__top50__monthly__long_only__rev20,long_only,rev20,10.0,0.0,G00__mom_255_0__top50__monthly__long_only,delta_vs_same_scenario_G00,cagr,-0.05864088735267181
G23,G23__mom_255_0__top50__monthly__long_only__rev20,long_only,rev20,10.0,0.0,G00__mom_255_0__top50__monthly__long_only,delta_vs_same_scenario_G00,sharpe_excess_rf,-0.24691532370530228
G23,G23__mom_255_0__top50__monthly__long_only__rev20,long_only,rev20,10.0,0.0,G00__mom_255_0__top50__monthly__long_only,delta_vs_same_scenario_G00,max_drawdown,-0.16784826661554836
G23,G23__mom_255_0__top50__monthly__long_only__rev20,long_only,rev20,10.0,0.0,G00__mom_255_0__top50__monthly__long_only,delta_vs_same_scenario_G00,annualized_volatility,0.04164452220019477
G23,G23__mom_255_0__top50__monthly__long_only__rev20,long_only,rev20,10.0,0.0,G00__mom_255_0__top50__monthly__long_only,delta_vs_same_scenario_G00,annualized_l1_turnover,5.44101588229038
G23,G23__mom_255_0__top50__monthly__long_only__rev20,long_only,rev20,20.0,0.0,G00__mom_255_0__top50__monthly__long_only,delta_vs_same_scenario_G00,cagr,-0.06420497539909362
G23,G23__mom_255_0__top50__monthly__long_only__rev20,long_only,rev20,20.0,0.0,G00__mom_255_0__top50__monthly__long_only,delta_vs_same_scenario_G00,sharpe_excess_rf,-0.2620718214128918
G23,G23__mom_255_0__top50__monthly__long_only__rev20,long_only,rev20,20.0,0.0,G00__mom_255_0__top50__monthly__long_only,delta_vs_same_scenario_G00,max_drawdown,-0.16066824954484066
G23,G23__mom_255_0__top50__monthly__long_only__rev20,long_only,rev20,20.0,0.0,G00__mom_255_0__top50__monthly__long_only,delta_vs_same_scenario_G00,annualized_volatility,0.0417475502761106
G23,G23__mom_255_0__top50__monthly__long_only__rev20,long_only,rev20,20.0,0.0,G00__mom_255_0__top50__monthly__long_only,delta_vs_same_scenario_G00,annualized_l1_turnover,5.44101588229038
G23,G23__mom_255_0__top50__monthly__long_only__rev5,long_only,rev5,0.0,0.0,G00__mom_255_0__top50__monthly__long_only,delta_vs_same_scenario_G00,cagr,-0.048968404850910696
G23,G23__mom_255_0__top50__monthly__long_only__rev5,long_only,rev5,0.0,0.0,G00__mom_255_0__top50__monthly__long_only,delta_vs_same_scenario_G00,sharpe_excess_rf,-0.211362302325398
G23,G23__mom_255_0__top50__monthly__long_only__rev5,long_only,rev5,0.0,0.0,G00__mom_255_0__top50__monthly__long_only,delta_vs_same_scenario_G00,max_drawdown,-0.18320552229841014
G23,G23__mom_255_0__top50__monthly__long_only__rev5,long_only,rev5,0.0,0.0,G00__mom_255_0__top50__monthly__long_only,delta_vs_same_scenario_G00,annualized_volatility,0.03187227530940043
G23,G23__mom_255_0__top50__monthly__long_only__rev5,long_only,rev5,0.0,0.0,G00__mom_255_0__top50__monthly__long_only,delta_vs_same_scenario_G00,annualized_l1_turnover,5.532108661810774
G23,G23__mom_255_0__top50__monthly__long_only__rev5,long_only,rev5,5.0,0.0,G00__mom_255_0__top50__monthly__long_only,delta_vs_same_scenario_G00,cagr,-0.05189137533219054
G23,G23__mom_255_0__top50__monthly__long_only__rev5,long_only,rev5,5.0,0.0,G00__mom_255_0__top50__monthly__long_only,delta_vs_same_scenario_G00,sharpe_excess_rf,-0.21995559205003562
G23,G23__mom_255_0__top50__monthly__long_only__rev5,long_only,rev5,5.0,0.0,G00__mom_255_0__top50__monthly__long_only,delta_vs_same_scenario_G00,max_drawdown,-0.17956290873546515
G23,G23__mom_255_0__top50__monthly__long_only__rev5,long_only,rev5,5.0,0.0,G00__mom_255_0__top50__monthly__long_only,delta_vs_same_scenario_G00,annualized_volatility,0.03191583392405123
G23,G23__mom_255_0__top50__monthly__long_only__rev5,long_only,rev5,5.0,0.0,G00__mom_255_0__top50__monthly__long_only,delta_vs_same_scenario_G00,annualized_l1_turnover,5.532108661810774
G23,G23__mom_255_0__top50__monthly__long_only__rev5,long_only,rev5,10.0,0.0,G00__mom_255_0__top50__monthly__long_only,delta_vs_same_scenario_G00,cagr,-0.05478767975337151
G23,G23__mom_255_0__top50__monthly__long_only__rev5,long_only,rev5,10.0,0.0,G00__mom_255_0__top50__monthly__long_only,delta_vs_same_scenario_G00,sharpe_excess_rf,-0.2285544565836834
G23,G23__mom_255_0__top50__monthly__long_only__rev5,long_only,rev5,10.0,0.0,G00__mom_255_0__top50__monthly__long_only,delta_vs_same_scenario_G00,max_drawdown,-0.17594487182552682
G23,G23__mom_255_0__top50__monthly__long_only__rev5,long_only,rev5,10.0,0.0,G00__mom_255_0__top50__monthly__long_only,delta_vs_same_scenario_G00,annualized_volatility,0.03197074125887461
G23,G23__mom_255_0__top50__monthly__long_only__rev5,long_only,rev5,10.0,0.0,G00__mom_255_0__top50__monthly__long_only,delta_vs_same_scenario_G00,annualized_l1_turnover,5.532108661810774
G23,G23__mom_255_0__top50__monthly__long_only__rev5,long_only,rev5,20.0,0.0,G00__mom_255_0__top50__monthly__long_only,delta_vs_same_scenario_G00,cagr,-0.06050093717316837
G23,G23__mom_255_0__top50__monthly__long_only__rev5,long_only,rev5,20.0,0.0,G00__mom_255_0__top50__monthly__long_only,delta_vs_same_scenario_G00,sharpe_excess_rf,-0.24575516066590936
G23,G23__mom_255_0__top50__monthly__long_only__rev5,long_only,rev5,20.0,0.0,G00__mom_255_0__top50__monthly__long_only,delta_vs_same_scenario_G00,max_drawdown,-0.1687819761071941
G23,G23__mom_255_0__top50__monthly__long_only__rev5,long_only,rev5,20.0,0.0,G00__mom_255_0__top50__monthly__long_only,delta_vs_same_scenario_G00,annualized_volatility,0.03211456614853758
G23,G23__mom_255_0__top50__monthly__long_only__rev5,long_only,rev5,20.0,0.0,G00__mom_255_0__top50__monthly__long_only,delta_vs_same_scenario_G00,annualized_l1_turnover,5.532108661810774
G23,G23__mom_255_0__top50__monthly__long_short__rev20,long_short,rev20,0.0,0.0,G00__mom_255_0__top50__monthly__long_short,delta_vs_same_scenario_G00,cagr,-0.011511125567632785
G23,G23__mom_255_0__top50__monthly__long_short__rev20,long_short,rev20,0.0,0.0,G00__mom_255_0__top50__monthly__long_short,delta_vs_same_scenario_G00,sharpe_excess_rf,-0.07081208363626076
G23,G23__mom_255_0__top50__monthly__long_short__rev20,long_short,rev20,0.0,0.0,G00__mom_255_0__top50__monthly__long_short,delta_vs_same_scenario_G00,max_drawdown,0.12623186754733456
G23,G23__mom_255_0__top50__monthly__long_short__rev20,long_short,rev20,0.0,0.0,G00__mom_255_0__top50__monthly__long_short,delta_vs_same_scenario_G00,annualized_volatility,-0.03130280088899948
G23,G23__mom_255_0__top50__monthly__long_short__rev20,long_short,rev20,0.0,0.0,G00__mom_255_0__top50__monthly__long_short,delta_vs_same_scenario_G00,annualized_l1_turnover,3.6603720705154714
G23,G23__mom_255_0__top50__monthly__long_short__rev20,long_short,rev20,0.0,0.01,G00__mom_255_0__top50__monthly__long_short,delta_vs_same_scenario_G00,cagr,-0.011451337088843369
G23,G23__mom_255_0__top50__monthly__long_short__rev20,long_short,rev20,0.0,0.01,G00__mom_255_0__top50__monthly__long_short,delta_vs_same_scenario_G00,sharpe_excess_rf,-0.07886249233363202
G23,G23__mom_255_0__top50__monthly__long_short__rev20,long_short,rev20,0.0,0.01,G00__mom_255_0__top50__monthly__long_short,delta_vs_same_scenario_G00,max_drawdown,0.12627278982165452
G23,G23__mom_255_0__top50__monthly__long_short__rev20,long_short,rev20,0.0,0.01,G00__mom_255_0__top50__monthly__long_short,delta_vs_same_scenario_G00,annualized_volatility,-0.03131177242998276
G23,G23__mom_255_0__top50__monthly__long_short__rev20,long_short,rev20,0.0,0.01,G00__mom_255_0__top50__monthly__long_short,delta_vs_same_scenario_G00,annualized_l1_turnover,3.6609315418867228
G23,G23__mom_255_0__top50__monthly__long_short__rev20,long_short,rev20,0.0,0.03,G00__mom_255_0__top50__monthly__long_short,delta_vs_same_scenario_G00,cagr,-0.011334310727662632
G23,G23__mom_255_0__top50__monthly__long_short__rev20,long_short,rev20,0.0,0.03,G00__mom_255_0__top50__monthly__long_short,delta_vs_same_scenario_G00,sharpe_excess_rf,-0.09473061666303176
G23,G23__mom_255_0__top50__monthly__long_short__rev20,long_short,rev20,0.0,0.03,G00__mom_255_0__top50__monthly__long_short,delta_vs_same_scenario_G00,max_drawdown,0.1263372892136722
G23,G23__mom_255_0__top50__monthly__long_short__rev20,long_short,rev20,0.0,0.03,G00__mom_255_0__top50__monthly__long_short,delta_vs_same_scenario_G00,annualized_volatility,-0.03132947656372789
G23,G23__mom_255_0__top50__monthly__long_short__rev20,long_short,rev20,0.0,0.03,G00__mom_255_0__top50__monthly__long_short,delta_vs_same_scenario_G00,annualized_l1_turnover,3.6620311718597263
G23,G23__mom_255_0__top50__monthly__long_short__rev20,long_short,rev20,5.0,0.0,G00__mom_255_0__top50__monthly__long_short,delta_vs_same_scenario_G00,cagr,-0.013361907997201355
G23,G23__mom_255_0__top50__monthly__long_short__rev20,long_short,rev20,5.0,0.0,G00__mom_255_0__top50__monthly__long_short,delta_vs_same_scenario_G00,sharpe_excess_rf,-0.09154788914560523
G23,G23__mom_255_0__top50__monthly__long_short__rev20,long_short,rev20,5.0,0.0,G00__mom_255_0__top50__monthly__long_short,delta_vs_same_scenario_G00,max_drawdown,0.12233584313134349
G23,G23__mom_255_0__top50__monthly__long_short__rev20,long_short,rev20,5.0,0.0,G00__mom_255_0__top50__monthly__long_short,delta_vs_same_scenario_G00,annualized_volatility,-0.031245417959398267
G23,G23__mom_255_0__top50__monthly__long_short__rev20,long_short,rev20,5.0,0.0,G00__mom_255_0__top50__monthly__long_short,delta_vs_same_scenario_G00,annualized_l1_turnover,3.6603720705154723
G23,G23__mom_255_0__top50__monthly__long_short__rev20,long_short,rev20,5.0,0.01,G00__mom_255_0__top50__monthly__long_short,delta_vs_same_scenario_G00,cagr,-0.013293189139481326
G23,G23__mom_255_0__top50__monthly__long_short__rev20,long_short,rev20,5.0,0.01,G00__mom_255_0__top50__monthly__long_short,delta_vs_same_scenario_G00,sharpe_excess_rf,-0.09958160226216325
G23,G23__mom_255_0__top50__monthly__long_short__rev20,long_short,rev20,5.0,0.01,G00__mom_255_0__top50__monthly__long_short,delta_vs_same_scenario_G00,max_drawdown,0.1223953599208647
G23,G23__mom_255_0__top50__monthly__long_short__rev20,long_short,rev20,5.0,0.01,G00__mom_255_0__top50__monthly__long_short,delta_vs_same_scenario_G00,annualized_volatility,-0.03125436854493434
G23,G23__mom_255_0__top50__monthly__long_short__rev20,long_short,rev20,5.0,0.01,G00__mom_255_0__top50__monthly__long_short,delta_vs_same_scenario_G00,annualized_l1_turnover,3.6609315418867228
G23,G23__mom_255_0__top50__monthly__long_short__rev20,long_short,rev20,5.0,0.03,G00__mom_255_0__top50__monthly__long_short,delta_vs_same_scenario_G00,cagr,-0.01315867614776177
G23,G23__mom_255_0__top50__monthly__long_short__rev20,long_short,rev20,5.0,0.03,G00__mom_255_0__top50__monthly__long_short,delta_vs_same_scenario_G00,sharpe_excess_rf,-0.11541681565872197
G23,G23__mom_255_0__top50__monthly__long_short__rev20,long_short,rev20,5.0,0.03,G00__mom_255_0__top50__monthly__long_short,delta_vs_same_scenario_G00,max_drawdown,0.12249627999835139
G23,G23__mom_255_0__top50__monthly__long_short__rev20,long_short,rev20,5.0,0.03,G00__mom_255_0__top50__monthly__long_short,delta_vs_same_scenario_G00,annualized_volatility,-0.031272031748056775
G23,G23__mom_255_0__top50__monthly__long_short__rev20,long_short,rev20,5.0,0.03,G00__mom_255_0__top50__monthly__long_short,delta_vs_same_scenario_G00,annualized_l1_turnover,3.6620311718597263
G23,G23__mom_255_0__top50__monthly__long_short__rev20,long_short,rev20,10.0,0.0,G00__mom_255_0__top50__monthly__long_short,delta_vs_same_scenario_G00,cagr,-0.01519761459378264
G23,G23__mom_255_0__top50__monthly__long_short__rev20,long_short,rev20,10.0,0.0,G00__mom_255_0__top50__monthly__long_short,delta_vs_same_scenario_G00,sharpe_excess_rf,-0.11225375397682592
G23,G23__mom_255_0__top50__monthly__long_short__rev20,long_short,rev20,10.0,0.0,G00__mom_255_0__top50__monthly__long_short,delta_vs_same_scenario_G00,max_drawdown,0.11848358213503313
G23,G23__mom_255_0__top50__monthly__long_short__rev20,long_short,rev20,10.0,0.0,G00__mom_255_0__top50__monthly__long_short,delta_vs_same_scenario_G00,annualized_volatility,-0.03116910091551231
G23,G23__mom_255_0__top50__monthly__long_short__rev20,long_short,rev20,10.0,0.0,G00__mom_255_0__top50__monthly__long_short,delta_vs_same_scenario_G00,annualized_l1_turnover,3.6603720705154723
G23,G23__mom_255_0__top50__monthly__long_short__rev20,long_short,rev20,10.0,0.01,G00__mom_255_0__top50__monthly__long_short,delta_vs_same_scenario_G00,cagr,-0.015120034421027814
G23,G23__mom_255_0__top50__monthly__long_short__rev20,long_short,rev20,10.0,0.01,G00__mom_255_0__top50__monthly__long_short,delta_vs_same_scenario_G00,sharpe_excess_rf,-0.12026378921844726
G23,G23__mom_255_0__top50__monthly__long_short__rev20,long_short,rev20,10.0,0.01,G00__mom_255_0__top50__monthly__long_short,delta_vs_same_scenario_G00,max_drawdown,0.11856147308338588
G23,G23__mom_255_0__top50__monthly__long_short__rev20,long_short,rev20,10.0,0.01,G00__mom_255_0__top50__monthly__long_short,delta_vs_same_scenario_G00,annualized_volatility,-0.031178027338829503
G23,G23__mom_255_0__top50__monthly__long_short__rev20,long_short,rev20,10.0,0.01,G00__mom_255_0__top50__monthly__long_short,delta_vs_same_scenario_G00,annualized_l1_turnover,3.6609315418867228
G23,G23__mom_255_0__top50__monthly__long_short__rev20,long_short,rev20,10.0,0.03,G00__mom_255_0__top50__monthly__long_short,delta_vs_same_scenario_G00,cagr,-0.0149681700243273
G23,G23__mom_255_0__top50__monthly__long_short__rev20,long_short,rev20,10.0,0.03,G00__mom_255_0__top50__monthly__long_short,delta_vs_same_scenario_G00,sharpe_excess_rf,-0.1360523322884471
G23,G23__mom_255_0__top50__monthly__long_short__rev20,long_short,rev20,10.0,0.03,G00__mom_255_0__top50__monthly__long_short,delta_vs_same_scenario_G00,max_drawdown,0.11869838266139127
G23,G23__mom_255_0__top50__monthly__long_short__rev20,long_short,rev20,10.0,0.03,G00__mom_255_0__top50__monthly__long_short,delta_vs_same_scenario_G00,annualized_volatility,-0.03119564326136587
G23,G23__mom_255_0__top50__monthly__long_short__rev20,long_short,rev20,10.0,0.03,G00__mom_255_0__top50__monthly__long_short,delta_vs_same_scenario_G00,annualized_l1_turnover,3.6620311718597263
G23,G23__mom_255_0__top50__monthly__long_short__rev20,long_short,rev20,20.0,0.0,G00__mom_255_0__top50__monthly__long_short,delta_vs_same_scenario_G00,cagr,-0.018824128980399348
G23,G23__mom_255_0__top50__monthly__long_short__rev20,long_short,rev20,20.0,0.0,G00__mom_255_0__top50__monthly__long_short,delta_vs_same_scenario_G00,sharpe_excess_rf,-0.1534762179076931
G23,G23__mom_255_0__top50__monthly__long_short__rev20,long_short,rev20,20.0,0.0,G00__mom_255_0__top50__monthly__long_short,delta_vs_same_scenario_G00,max_drawdown,0.11090886829245389
G23,G23__mom_255_0__top50__monthly__long_short__rev20,long_short,rev20,20.0,0.0,G00__mom_255_0__top50__monthly__long_short,delta_vs_same_scenario_G00,annualized_volatility,-0.030959854402464418
G23,G23__mom_255_0__top50__monthly__long_short__rev20,long_short,rev20,20.0,0.0,G00__mom_255_0__top50__monthly__long_short,delta_vs_same_scenario_G00,annualized_l1_turnover,3.6603720705154714
G23,G23__mom_255_0__top50__monthly__long_short__rev20,long_short,rev20,20.0,0.01,G00__mom_255_0__top50__monthly__long_short,delta_vs_same_scenario_G00,cagr,-0.01872903194330439
G23,G23__mom_255_0__top50__monthly__long_short__rev20,long_short,rev20,20.0,0.01,G00__mom_255_0__top50__monthly__long_short,delta_vs_same_scenario_G00,sharpe_excess_rf,-0.16141813171234956
G23,G23__mom_255_0__top50__monthly__long_short__rev20,long_short,rev20,20.0,0.01,G00__mom_255_0__top50__monthly__long_short,delta_vs_same_scenario_G00,max_drawdown,0.11102285377408727
G23,G23__mom_255_0__top50__monthly__long_short__rev20,long_short,rev20,20.0,0.01,G00__mom_255_0__top50__monthly__long_short,delta_vs_same_scenario_G00,annualized_volatility,-0.030968722957361833
G23,G23__mom_255_0__top50__monthly__long_short__rev20,long_short,rev20,20.0,0.01,G00__mom_255_0__top50__monthly__long_short,delta_vs_same_scenario_G00,annualized_l1_turnover,3.6609315418867228
G23,G23__mom_255_0__top50__monthly__long_short__rev20,long_short,rev20,20.0,0.03,G00__mom_255_0__top50__monthly__long_short,delta_vs_same_scenario_G00,cagr,-0.018542867621642718
G23,G23__mom_255_0__top50__monthly__long_short__rev20,long_short,rev20,20.0,0.03,G00__mom_255_0__top50__monthly__long_short,delta_vs_same_scenario_G00,sharpe_excess_rf,-0.17707241272794455
G23,G23__mom_255_0__top50__monthly__long_short__rev20,long_short,rev20,20.0,0.03,G00__mom_255_0__top50__monthly__long_short,delta_vs_same_scenario_G00,max_drawdown,0.11123046305039808
G23,G23__mom_255_0__top50__monthly__long_short__rev20,long_short,rev20,20.0,0.03,G00__mom_255_0__top50__monthly__long_short,delta_vs_same_scenario_G00,annualized_volatility,-0.030986225418070404
G23,G23__mom_255_0__top50__monthly__long_short__rev20,long_short,rev20,20.0,0.03,G00__mom_255_0__top50__monthly__long_short,delta_vs_same_scenario_G00,annualized_l1_turnover,3.6620311718597263
G23,G23__mom_255_0__top50__monthly__long_short__rev5,long_short,rev5,0.0,0.0,G00__mom_255_0__top50__monthly__long_short,delta_vs_same_scenario_G00,cagr,-0.0007961998589123276
G23,G23__mom_255_0__top50__monthly__long_short__rev5,long_short,rev5,0.0,0.0,G00__mom_255_0__top50__monthly__long_short,delta_vs_same_scenario_G00,sharpe_excess_rf,0.019648305721198467
G23,G23__mom_255_0__top50__monthly__long_short__rev5,long_short,rev5,0.0,0.0,G00__mom_255_0__top50__monthly__long_short,delta_vs_same_scenario_G00,max_drawdown,0.19428002182775822
G23,G23__mom_255_0__top50__monthly__long_short__rev5,long_short,rev5,0.0,0.0,G00__mom_255_0__top50__monthly__long_short,delta_vs_same_scenario_G00,annualized_volatility,-0.03975801094672195
G23,G23__mom_255_0__top50__monthly__long_short__rev5,long_short,rev5,0.0,0.0,G00__mom_255_0__top50__monthly__long_short,delta_vs_same_scenario_G00,annualized_l1_turnover,3.240412642500976
G23,G23__mom_255_0__top50__monthly__long_short__rev5,long_short,rev5,0.0,0.01,G00__mom_255_0__top50__monthly__long_short,delta_vs_same_scenario_G00,cagr,-0.0007928147587183826
G23,G23__mom_255_0__top50__monthly__long_short__rev5,long_short,rev5,0.0,0.01,G00__mom_255_0__top50__monthly__long_short,delta_vs_same_scenario_G00,sharpe_excess_rf,0.008619053030669399
G23,G23__mom_255_0__top50__monthly__long_short__rev5,long_short,rev5,0.0,0.01,G00__mom_255_0__top50__monthly__long_short,delta_vs_same_scenario_G00,max_drawdown,0.19279184065456817
G23,G23__mom_255_0__top50__monthly__long_short__rev5,long_short,rev5,0.0,0.01,G00__mom_255_0__top50__monthly__long_short,delta_vs_same_scenario_G00,annualized_volatility,-0.03976848090463825
G23,G23__mom_255_0__top50__monthly__long_short__rev5,long_short,rev5,0.0,0.01,G00__mom_255_0__top50__monthly__long_short,delta_vs_same_scenario_G00,annualized_l1_turnover,3.2409448447419207
G23,G23__mom_255_0__top50__monthly__long_short__rev5,long_short,rev5,0.0,0.03,G00__mom_255_0__top50__monthly__long_short,delta_vs_same_scenario_G00,cagr,-0.000786317335613039
G23,G23__mom_255_0__top50__monthly__long_short__rev5,long_short,rev5,0.0,0.03,G00__mom_255_0__top50__monthly__long_short,delta_vs_same_scenario_G00,sharpe_excess_rf,-0.013120497795791788
G23,G23__mom_255_0__top50__monthly__long_short__rev5,long_short,rev5,0.0,0.03,G00__mom_255_0__top50__monthly__long_short,delta_vs_same_scenario_G00,max_drawdown,0.18989059179726336
G23,G23__mom_255_0__top50__monthly__long_short__rev5,long_short,rev5,0.0,0.03,G00__mom_255_0__top50__monthly__long_short,delta_vs_same_scenario_G00,annualized_volatility,-0.039789140122848815
G23,G23__mom_255_0__top50__monthly__long_short__rev5,long_short,rev5,0.0,0.03,G00__mom_255_0__top50__monthly__long_short,delta_vs_same_scenario_G00,annualized_l1_turnover,3.241988064953671
G23,G23__mom_255_0__top50__monthly__long_short__rev5,long_short,rev5,5.0,0.0,G00__mom_255_0__top50__monthly__long_short,delta_vs_same_scenario_G00,cagr,-0.0024868909654171822
G23,G23__mom_255_0__top50__monthly__long_short__rev5,long_short,rev5,5.0,0.0,G00__mom_255_0__top50__monthly__long_short,delta_vs_same_scenario_G00,sharpe_excess_rf,-0.0025677217994867774
G23,G23__mom_255_0__top50__monthly__long_short__rev5,long_short,rev5,5.0,0.0,G00__mom_255_0__top50__monthly__long_short,delta_vs_same_scenario_G00,max_drawdown,0.18705162059375902
G23,G23__mom_255_0__top50__monthly__long_short__rev5,long_short,rev5,5.0,0.0,G00__mom_255_0__top50__monthly__long_short,delta_vs_same_scenario_G00,annualized_volatility,-0.03969321656764678
G23,G23__mom_255_0__top50__monthly__long_short__rev5,long_short,rev5,5.0,0.0,G00__mom_255_0__top50__monthly__long_short,delta_vs_same_scenario_G00,annualized_l1_turnover,3.240412642500977
G23,G23__mom_255_0__top50__monthly__long_short__rev5,long_short,rev5,5.0,0.01,G00__mom_255_0__top50__monthly__long_short,delta_vs_same_scenario_G00,cagr,-0.002475355879051927
G23,G23__mom_255_0__top50__monthly__long_short__rev5,long_short,rev5,5.0,0.01,G00__mom_255_0__top50__monthly__long_short,delta_vs_same_scenario_G00,sharpe_excess_rf,-0.013575823399768955
G23,G23__mom_255_0__top50__monthly__long_short__rev5,long_short,rev5,5.0,0.01,G00__mom_255_0__top50__monthly__long_short,delta_vs_same_scenario_G00,max_drawdown,0.18561464571257658
G23,G23__mom_255_0__top50__monthly__long_short__rev5,long_short,rev5,5.0,0.01,G00__mom_255_0__top50__monthly__long_short,delta_vs_same_scenario_G00,annualized_volatility,-0.039703670772638505
G23,G23__mom_255_0__top50__monthly__long_short__rev5,long_short,rev5,5.0,0.01,G00__mom_255_0__top50__monthly__long_short,delta_vs_same_scenario_G00,annualized_l1_turnover,3.2409448447419207
G23,G23__mom_255_0__top50__monthly__long_short__rev5,long_short,rev5,5.0,0.03,G00__mom_255_0__top50__monthly__long_short,delta_vs_same_scenario_G00,cagr,-0.002452897532206219
G23,G23__mom_255_0__top50__monthly__long_short__rev5,long_short,rev5,5.0,0.03,G00__mom_255_0__top50__monthly__long_short,delta_vs_same_scenario_G00,sharpe_excess_rf,-0.035273689398416776
G23,G23__mom_255_0__top50__monthly__long_short__rev5,long_short,rev5,5.0,0.03,G00__mom_255_0__top50__monthly__long_short,delta_vs_same_scenario_G00,max_drawdown,0.18281331801006845
G23,G23__mom_255_0__top50__monthly__long_short__rev5,long_short,rev5,5.0,0.03,G00__mom_255_0__top50__monthly__long_short,delta_vs_same_scenario_G00,annualized_volatility,-0.039724299376878255
G23,G23__mom_255_0__top50__monthly__long_short__rev5,long_short,rev5,5.0,0.03,G00__mom_255_0__top50__monthly__long_short,delta_vs_same_scenario_G00,annualized_l1_turnover,3.241988064953671
G23,G23__mom_255_0__top50__monthly__long_short__rev5,long_short,rev5,10.0,0.0,G00__mom_255_0__top50__monthly__long_short,delta_vs_same_scenario_G00,cagr,-0.004164322924324428
G23,G23__mom_255_0__top50__monthly__long_short__rev5,long_short,rev5,10.0,0.0,G00__mom_255_0__top50__monthly__long_short,delta_vs_same_scenario_G00,sharpe_excess_rf,-0.024765319571684208
G23,G23__mom_255_0__top50__monthly__long_short__rev5,long_short,rev5,10.0,0.0,G00__mom_255_0__top50__monthly__long_short,delta_vs_same_scenario_G00,max_drawdown,0.17992801963124178
G23,G23__mom_255_0__top50__monthly__long_short__rev5,long_short,rev5,10.0,0.0,G00__mom_255_0__top50__monthly__long_short,delta_vs_same_scenario_G00,annualized_volatility,-0.039609764437655196
G23,G23__mom_255_0__top50__monthly__long_short__rev5,long_short,rev5,10.0,0.0,G00__mom_255_0__top50__monthly__long_short,delta_vs_same_scenario_G00,annualized_l1_turnover,3.240412642500977
G23,G23__mom_255_0__top50__monthly__long_short__rev5,long_short,rev5,10.0,0.01,G00__mom_255_0__top50__monthly__long_short,delta_vs_same_scenario_G00,cagr,-0.004144698418322643
G23,G23__mom_255_0__top50__monthly__long_short__rev5,long_short,rev5,10.0,0.01,G00__mom_255_0__top50__monthly__long_short,delta_vs_same_scenario_G00,sharpe_excess_rf,-0.03574410375274738
G23,G23__mom_255_0__top50__monthly__long_short__rev5,long_short,rev5,10.0,0.01,G00__mom_255_0__top50__monthly__long_short,delta_vs_same_scenario_G00,max_drawdown,0.17854154334531463
G23,G23__mom_255_0__top50__monthly__long_short__rev5,long_short,rev5,10.0,0.01,G00__mom_255_0__top50__monthly__long_short,delta_vs_same_scenario_G00,annualized_volatility,-0.03962019961097826
G23,G23__mom_255_0__top50__monthly__long_short__rev5,long_short,rev5,10.0,0.01,G00__mom_255_0__top50__monthly__long_short,delta_vs_same_scenario_G00,annualized_l1_turnover,3.2409448447419207
G23,G23__mom_255_0__top50__monthly__long_short__rev5,long_short,rev5,10.0,0.03,G00__mom_255_0__top50__monthly__long_short,delta_vs_same_scenario_G00,cagr,-0.004106397754124837
G23,G23__mom_255_0__top50__monthly__long_short__rev5,long_short,rev5,10.0,0.03,G00__mom_255_0__top50__monthly__long_short,delta_vs_same_scenario_G00,sharpe_excess_rf,-0.05738419186795478
G23,G23__mom_255_0__top50__monthly__long_short__rev5,long_short,rev5,10.0,0.03,G00__mom_255_0__top50__monthly__long_short,delta_vs_same_scenario_G00,max_drawdown,0.17583875532145282
G23,G23__mom_255_0__top50__monthly__long_short__rev5,long_short,rev5,10.0,0.03,G00__mom_255_0__top50__monthly__long_short,delta_vs_same_scenario_G00,annualized_volatility,-0.03964079112336187
G23,G23__mom_255_0__top50__monthly__long_short__rev5,long_short,rev5,10.0,0.03,G00__mom_255_0__top50__monthly__long_short,delta_vs_same_scenario_G00,annualized_l1_turnover,3.241988064953671
G23,G23__mom_255_0__top50__monthly__long_short__rev5,long_short,rev5,20.0,0.0,G00__mom_255_0__top50__monthly__long_short,delta_vs_same_scenario_G00,cagr,-0.007479689562050952
G23,G23__mom_255_0__top50__monthly__long_short__rev5,long_short,rev5,20.0,0.0,G00__mom_255_0__top50__monthly__long_short,delta_vs_same_scenario_G00,sharpe_excess_rf,-0.06899458160451774
G23,G23__mom_255_0__top50__monthly__long_short__rev5,long_short,rev5,20.0,0.0,G00__mom_255_0__top50__monthly__long_short,delta_vs_same_scenario_G00,max_drawdown,0.16599037961654223
G23,G23__mom_255_0__top50__monthly__long_short__rev5,long_short,rev5,20.0,0.0,G00__mom_255_0__top50__monthly__long_short,delta_vs_same_scenario_G00,annualized_volatility,-0.03938710726776025
G23,G23__mom_255_0__top50__monthly__long_short__rev5,long_short,rev5,20.0,0.0,G00__mom_255_0__top50__monthly__long_short,delta_vs_same_scenario_G00,annualized_l1_turnover,3.240412642500976
G23,G23__mom_255_0__top50__monthly__long_short__rev5,long_short,rev5,20.0,0.01,G00__mom_255_0__top50__monthly__long_short,delta_vs_same_scenario_G00,cagr,-0.0074440667068282375
G23,G23__mom_255_0__top50__monthly__long_short__rev5,long_short,rev5,20.0,0.01,G00__mom_255_0__top50__monthly__long_short,delta_vs_same_scenario_G00,sharpe_excess_rf,-0.07989047267285247
G23,G23__mom_255_0__top50__monthly__long_short__rev5,long_short,rev5,20.0,0.01,G00__mom_255_0__top50__monthly__long_short,delta_vs_same_scenario_G00,max_drawdown,0.1647028087121346
G23,G23__mom_255_0__top50__monthly__long_short__rev5,long_short,rev5,20.0,0.01,G00__mom_255_0__top50__monthly__long_short,delta_vs_same_scenario_G00,annualized_volatility,-0.039397494609631725
G23,G23__mom_255_0__top50__monthly__long_short__rev5,long_short,rev5,20.0,0.01,G00__mom_255_0__top50__monthly__long_short,delta_vs_same_scenario_G00,annualized_l1_turnover,3.2409448447419207
G23,G23__mom_255_0__top50__monthly__long_short__rev5,long_short,rev5,20.0,0.03,G00__mom_255_0__top50__monthly__long_short,delta_vs_same_scenario_G00,cagr,-0.007374434858693619
G23,G23__mom_255_0__top50__monthly__long_short__rev5,long_short,rev5,20.0,0.03,G00__mom_255_0__top50__monthly__long_short,delta_vs_same_scenario_G00,sharpe_excess_rf,-0.10136719988420788
G23,G23__mom_255_0__top50__monthly__long_short__rev5,long_short,rev5,20.0,0.03,G00__mom_255_0__top50__monthly__long_short,delta_vs_same_scenario_G00,max_drawdown,0.16219301669856567
G23,G23__mom_255_0__top50__monthly__long_short__rev5,long_short,rev5,20.0,0.03,G00__mom_255_0__top50__monthly__long_short,delta_vs_same_scenario_G00,annualized_volatility,-0.03941799263733488
G23,G23__mom_255_0__top50__monthly__long_short__rev5,long_short,rev5,20.0,0.03,G00__mom_255_0__top50__monthly__long_short,delta_vs_same_scenario_G00,annualized_l1_turnover,3.241988064953671
G23,G23__mom_255_0__top50__weekly__long_only__rev20,long_only,rev20,0.0,0.0,G00__mom_255_0__top50__weekly__long_only,delta_vs_same_scenario_G00,cagr,0.024702128595549377
G23,G23__mom_255_0__top50__weekly__long_only__rev20,long_only,rev20,0.0,0.0,G00__mom_255_0__top50__weekly__long_only,delta_vs_same_scenario_G00,sharpe_excess_rf,0.005619570226168102
G23,G23__mom_255_0__top50__weekly__long_only__rev20,long_only,rev20,0.0,0.0,G00__mom_255_0__top50__weekly__long_only,delta_vs_same_scenario_G00,max_drawdown,-0.22423632211460576
G23,G23__mom_255_0__top50__weekly__long_only__rev20,long_only,rev20,0.0,0.0,G00__mom_255_0__top50__weekly__long_only,delta_vs_same_scenario_G00,annualized_volatility,0.058540344869403765
G23,G23__mom_255_0__top50__weekly__long_only__rev20,long_only,rev20,0.0,0.0,G00__mom_255_0__top50__weekly__long_only,delta_vs_same_scenario_G00,annualized_l1_turnover,17.21122591980923
G23,G23__mom_255_0__top50__weekly__long_only__rev20,long_only,rev20,5.0,0.0,G00__mom_255_0__top50__weekly__long_only,delta_vs_same_scenario_G00,cagr,0.014532167385661182
G23,G23__mom_255_0__top50__weekly__long_only__rev20,long_only,rev20,5.0,0.0,G00__mom_255_0__top50__weekly__long_only,delta_vs_same_scenario_G00,sharpe_excess_rf,-0.017264147614877712
G23,G23__mom_255_0__top50__weekly__long_only__rev20,long_only,rev20,5.0,0.0,G00__mom_255_0__top50__weekly__long_only,delta_vs_same_scenario_G00,max_drawdown,-0.21623027053579308
G23,G23__mom_255_0__top50__weekly__long_only__rev20,long_only,rev20,5.0,0.0,G00__mom_255_0__top50__weekly__long_only,delta_vs_same_scenario_G00,annualized_volatility,0.058539110918737675
G23,G23__mom_255_0__top50__weekly__long_only__rev20,long_only,rev20,5.0,0.0,G00__mom_255_0__top50__weekly__long_only,delta_vs_same_scenario_G00,annualized_l1_turnover,17.21122591980923
G23,G23__mom_255_0__top50__weekly__long_only__rev20,long_only,rev20,10.0,0.0,G00__mom_255_0__top50__weekly__long_only,delta_vs_same_scenario_G00,cagr,0.00459705188342463
G23,G23__mom_255_0__top50__weekly__long_only__rev20,long_only,rev20,10.0,0.0,G00__mom_255_0__top50__weekly__long_only,delta_vs_same_scenario_G00,sharpe_excess_rf,-0.04018104574114184
G23,G23__mom_255_0__top50__weekly__long_only__rev20,long_only,rev20,10.0,0.0,G00__mom_255_0__top50__weekly__long_only,delta_vs_same_scenario_G00,max_drawdown,-0.20834300462206823
G23,G23__mom_255_0__top50__weekly__long_only__rev20,long_only,rev20,10.0,0.0,G00__mom_255_0__top50__weekly__long_only,delta_vs_same_scenario_G00,annualized_volatility,0.05855933186632001
G23,G23__mom_255_0__top50__weekly__long_only__rev20,long_only,rev20,10.0,0.0,G00__mom_255_0__top50__weekly__long_only,delta_vs_same_scenario_G00,annualized_l1_turnover,17.21122591980923
G23,G23__mom_255_0__top50__weekly__long_only__rev20,long_only,rev20,20.0,0.0,G00__mom_255_0__top50__weekly__long_only,delta_vs_same_scenario_G00,cagr,-0.014585169643801923
G23,G23__mom_255_0__top50__weekly__long_only__rev20,long_only,rev20,20.0,0.0,G00__mom_255_0__top50__weekly__long_only,delta_vs_same_scenario_G00,sharpe_excess_rf,-0.08606031708740464
G23,G23__mom_255_0__top50__weekly__long_only__rev20,long_only,rev20,20.0,0.0,G00__mom_255_0__top50__weekly__long_only,delta_vs_same_scenario_G00,max_drawdown,-0.2084350936232336
G23,G23__mom_255_0__top50__weekly__long_only__rev20,long_only,rev20,20.0,0.0,G00__mom_255_0__top50__weekly__long_only,delta_vs_same_scenario_G00,annualized_volatility,0.05866409781246143
G23,G23__mom_255_0__top50__weekly__long_only__rev20,long_only,rev20,20.0,0.0,G00__mom_255_0__top50__weekly__long_only,delta_vs_same_scenario_G00,annualized_l1_turnover,17.21122591980923
G23,G23__mom_255_0__top50__weekly__long_only__rev5,long_only,rev5,0.0,0.0,G00__mom_255_0__top50__weekly__long_only,delta_vs_same_scenario_G00,cagr,0.014042710782291634
G23,G23__mom_255_0__top50__weekly__long_only__rev5,long_only,rev5,0.0,0.0,G00__mom_255_0__top50__weekly__long_only,delta_vs_same_scenario_G00,sharpe_excess_rf,-0.016267427728650308
G23,G23__mom_255_0__top50__weekly__long_only__rev5,long_only,rev5,0.0,0.0,G00__mom_255_0__top50__weekly__long_only,delta_vs_same_scenario_G00,max_drawdown,-0.2253966341782958
G23,G23__mom_255_0__top50__weekly__long_only__rev5,long_only,rev5,0.0,0.0,G00__mom_255_0__top50__weekly__long_only,delta_vs_same_scenario_G00,annualized_volatility,0.04943356506860633
G23,G23__mom_255_0__top50__weekly__long_only__rev5,long_only,rev5,0.0,0.0,G00__mom_255_0__top50__weekly__long_only,delta_vs_same_scenario_G00,annualized_l1_turnover,28.64401741799896
G23,G23__mom_255_0__top50__weekly__long_only__rev5,long_only,rev5,5.0,0.0,G00__mom_255_0__top50__weekly__long_only,delta_vs_same_scenario_G00,cagr,-0.0024738282817022006
G23,G23__mom_255_0__top50__weekly__long_only__rev5,long_only,rev5,5.0,0.0,G00__mom_255_0__top50__weekly__long_only,delta_vs_same_scenario_G00,sharpe_excess_rf,-0.06143814175651441
G23,G23__mom_255_0__top50__weekly__long_only__rev5,long_only,rev5,5.0,0.0,G00__mom_255_0__top50__weekly__long_only,delta_vs_same_scenario_G00,max_drawdown,-0.21749747982181994
G23,G23__mom_255_0__top50__weekly__long_only__rev5,long_only,rev5,5.0,0.0,G00__mom_255_0__top50__weekly__long_only,delta_vs_same_scenario_G00,annualized_volatility,0.04934530053723682
G23,G23__mom_255_0__top50__weekly__long_only__rev5,long_only,rev5,5.0,0.0,G00__mom_255_0__top50__weekly__long_only,delta_vs_same_scenario_G00,annualized_l1_turnover,28.64401741799896
G23,G23__mom_255_0__top50__weekly__long_only__rev5,long_only,rev5,10.0,0.0,G00__mom_255_0__top50__weekly__long_only,delta_vs_same_scenario_G00,cagr,-0.018516465573872987
G23,G23__mom_255_0__top50__weekly__long_only__rev5,long_only,rev5,10.0,0.0,G00__mom_255_0__top50__weekly__long_only,delta_vs_same_scenario_G00,sharpe_excess_rf,-0.10672270485363566
G23,G23__mom_255_0__top50__weekly__long_only__rev5,long_only,rev5,10.0,0.0,G00__mom_255_0__top50__weekly__long_only,delta_vs_same_scenario_G00,max_drawdown,-0.22568251597289013
G23,G23__mom_255_0__top50__weekly__long_only__rev5,long_only,rev5,10.0,0.0,G00__mom_255_0__top50__weekly__long_only,delta_vs_same_scenario_G00,annualized_volatility,0.049303017726397225
G23,G23__mom_255_0__top50__weekly__long_only__rev5,long_only,rev5,10.0,0.0,G00__mom_255_0__top50__weekly__long_only,delta_vs_same_scenario_G00,annualized_l1_turnover,28.64401741799896
G23,G23__mom_255_0__top50__weekly__long_only__rev5,long_only,rev5,20.0,0.0,G00__mom_255_0__top50__weekly__long_only,delta_vs_same_scenario_G00,cagr,-0.04922245216701433
G23,G23__mom_255_0__top50__weekly__long_only__rev5,long_only,rev5,20.0,0.0,G00__mom_255_0__top50__weekly__long_only,delta_vs_same_scenario_G00,sharpe_excess_rf,-0.19746820732607062
G23,G23__mom_255_0__top50__weekly__long_only__rev5,long_only,rev5,20.0,0.0,G00__mom_255_0__top50__weekly__long_only,delta_vs_same_scenario_G00,max_drawdown,-0.2458028237875362
G23,G23__mom_255_0__top50__weekly__long_only__rev5,long_only,rev5,20.0,0.0,G00__mom_255_0__top50__weekly__long_only,delta_vs_same_scenario_G00,annualized_volatility,0.04935643526442965
G23,G23__mom_255_0__top50__weekly__long_only__rev5,long_only,rev5,20.0,0.0,G00__mom_255_0__top50__weekly__long_only,delta_vs_same_scenario_G00,annualized_l1_turnover,28.64401741799896
G23,G23__mom_255_0__top50__weekly__long_short__rev20,long_short,rev20,0.0,0.0,G00__mom_255_0__top50__weekly__long_short,delta_vs_same_scenario_G00,cagr,0.039379105037647785
G23,G23__mom_255_0__top50__weekly__long_short__rev20,long_short,rev20,0.0,0.0,G00__mom_255_0__top50__weekly__long_short,delta_vs_same_scenario_G00,sharpe_excess_rf,0.2642331934741743
G23,G23__mom_255_0__top50__weekly__long_short__rev20,long_short,rev20,0.0,0.0,G00__mom_255_0__top50__weekly__long_short,delta_vs_same_scenario_G00,max_drawdown,0.1979379493709864
G23,G23__mom_255_0__top50__weekly__long_short__rev20,long_short,rev20,0.0,0.0,G00__mom_255_0__top50__weekly__long_short,delta_vs_same_scenario_G00,annualized_volatility,-0.022134801548634175
G23,G23__mom_255_0__top50__weekly__long_short__rev20,long_short,rev20,0.0,0.0,G00__mom_255_0__top50__weekly__long_short,delta_vs_same_scenario_G00,annualized_l1_turnover,10.996674305541527
G23,G23__mom_255_0__top50__weekly__long_short__rev20,long_short,rev20,0.0,0.01,G00__mom_255_0__top50__weekly__long_short,delta_vs_same_scenario_G00,cagr,0.0391915985217504
G23,G23__mom_255_0__top50__weekly__long_short__rev20,long_short,rev20,0.0,0.01,G00__mom_255_0__top50__weekly__long_short,delta_vs_same_scenario_G00,sharpe_excess_rf,0.2589888524421398
G23,G23__mom_255_0__top50__weekly__long_short__rev20,long_short,rev20,0.0,0.01,G00__mom_255_0__top50__weekly__long_short,delta_vs_same_scenario_G00,max_drawdown,0.20549842884265146
G23,G23__mom_255_0__top50__weekly__long_short__rev20,long_short,rev20,0.0,0.01,G00__mom_255_0__top50__weekly__long_short,delta_vs_same_scenario_G00,annualized_volatility,-0.022137941393279792
G23,G23__mom_255_0__top50__weekly__long_short__rev20,long_short,rev20,0.0,0.01,G00__mom_255_0__top50__weekly__long_short,delta_vs_same_scenario_G00,annualized_l1_turnover,10.997083267203665
G23,G23__mom_255_0__top50__weekly__long_short__rev20,long_short,rev20,0.0,0.03,G00__mom_255_0__top50__weekly__long_short,delta_vs_same_scenario_G00,cagr,0.03882463054888515
G23,G23__mom_255_0__top50__weekly__long_short__rev20,long_short,rev20,0.0,0.03,G00__mom_255_0__top50__weekly__long_short,delta_vs_same_scenario_G00,sharpe_excess_rf,0.2486518807211519
G23,G23__mom_255_0__top50__weekly__long_short__rev20,long_short,rev20,0.0,0.03,G00__mom_255_0__top50__weekly__long_short,delta_vs_same_scenario_G00,max_drawdown,0.22007433097968715
G23,G23__mom_255_0__top50__weekly__long_short__rev20,long_short,rev20,0.0,0.03,G00__mom_255_0__top50__weekly__long_short,delta_vs_same_scenario_G00,annualized_volatility,-0.022144130722884875
G23,G23__mom_255_0__top50__weekly__long_short__rev20,long_short,rev20,0.0,0.03,G00__mom_255_0__top50__weekly__long_short,delta_vs_same_scenario_G00,annualized_l1_turnover,10.997889621528094
G23,G23__mom_255_0__top50__weekly__long_short__rev20,long_short,rev20,5.0,0.0,G00__mom_255_0__top50__weekly__long_short,delta_vs_same_scenario_G00,cagr,0.03329599660174373
G23,G23__mom_255_0__top50__weekly__long_short__rev20,long_short,rev20,5.0,0.0,G00__mom_255_0__top50__weekly__long_short,delta_vs_same_scenario_G00,sharpe_excess_rf,0.21471961058257447
G23,G23__mom_255_0__top50__weekly__long_short__rev20,long_short,rev20,5.0,0.0,G00__mom_255_0__top50__weekly__long_short,delta_vs_same_scenario_G00,max_drawdown,0.20872825604516354
G23,G23__mom_255_0__top50__weekly__long_short__rev20,long_short,rev20,5.0,0.0,G00__mom_255_0__top50__weekly__long_short,delta_vs_same_scenario_G00,annualized_volatility,-0.02208798049642194
G23,G23__mom_255_0__top50__weekly__long_short__rev20,long_short,rev20,5.0,0.0,G00__mom_255_0__top50__weekly__long_short,delta_vs_same_scenario_G00,annualized_l1_turnover,10.996674305541527
G23,G23__mom_255_0__top50__weekly__long_short__rev20,long_short,rev20,5.0,0.01,G00__mom_255_0__top50__weekly__long_short,delta_vs_same_scenario_G00,cagr,0.033138376296952855
G23,G23__mom_255_0__top50__weekly__long_short__rev20,long_short,rev20,5.0,0.01,G00__mom_255_0__top50__weekly__long_short,delta_vs_same_scenario_G00,sharpe_excess_rf,0.20949053385770797
G23,G23__mom_255_0__top50__weekly__long_short__rev20,long_short,rev20,5.0,0.01,G00__mom_255_0__top50__weekly__long_short,delta_vs_same_scenario_G00,max_drawdown,0.21611500003834616
G23,G23__mom_255_0__top50__weekly__long_short__rev20,long_short,rev20,5.0,0.01,G00__mom_255_0__top50__weekly__long_short,delta_vs_same_scenario_G00,annualized_volatility,-0.022091129814654276
G23,G23__mom_255_0__top50__weekly__long_short__rev20,long_short,rev20,5.0,0.01,G00__mom_255_0__top50__weekly__long_short,delta_vs_same_scenario_G00,annualized_l1_turnover,10.997083267203669
G23,G23__mom_255_0__top50__weekly__long_short__rev20,long_short,rev20,5.0,0.03,G00__mom_255_0__top50__weekly__long_short,delta_vs_same_scenario_G00,cagr,0.03282988554024735
G23,G23__mom_255_0__top50__weekly__long_short__rev20,long_short,rev20,5.0,0.03,G00__mom_255_0__top50__weekly__long_short,delta_vs_same_scenario_G00,sharpe_excess_rf,0.19918361773565363
G23,G23__mom_255_0__top50__weekly__long_short__rev20,long_short,rev20,5.0,0.03,G00__mom_255_0__top50__weekly__long_short,delta_vs_same_scenario_G00,max_drawdown,0.23035571337429195
G23,G23__mom_255_0__top50__weekly__long_short__rev20,long_short,rev20,5.0,0.03,G00__mom_255_0__top50__weekly__long_short,delta_vs_same_scenario_G00,annualized_volatility,-0.0220973380094113
G23,G23__mom_255_0__top50__weekly__long_short__rev20,long_short,rev20,5.0,0.03,G00__mom_255_0__top50__weekly__long_short,delta_vs_same_scenario_G00,annualized_l1_turnover,10.997889621528094
G23,G23__mom_255_0__top50__weekly__long_short__rev20,long_short,rev20,10.0,0.0,G00__mom_255_0__top50__weekly__long_short,delta_vs_same_scenario_G00,cagr,0.0273324685465666
G23,G23__mom_255_0__top50__weekly__long_short__rev20,long_short,rev20,10.0,0.0,G00__mom_255_0__top50__weekly__long_short,delta_vs_same_scenario_G00,sharpe_excess_rf,0.16526084334863558
G23,G23__mom_255_0__top50__weekly__long_short__rev20,long_short,rev20,10.0,0.0,G00__mom_255_0__top50__weekly__long_short,delta_vs_same_scenario_G00,max_drawdown,0.21924810109169923
G23,G23__mom_255_0__top50__weekly__long_short__rev20,long_short,rev20,10.0,0.0,G00__mom_255_0__top50__weekly__long_short,delta_vs_same_scenario_G00,annualized_volatility,-0.02201106052832494
G23,G23__mom_255_0__top50__weekly__long_short__rev20,long_short,rev20,10.0,0.0,G00__mom_255_0__top50__weekly__long_short,delta_vs_same_scenario_G00,annualized_l1_turnover,10.996674305541527
G23,G23__mom_255_0__top50__weekly__long_short__rev20,long_short,rev20,10.0,0.01,G00__mom_255_0__top50__weekly__long_short,delta_vs_same_scenario_G00,cagr,0.02720415381059547
G23,G23__mom_255_0__top50__weekly__long_short__rev20,long_short,rev20,10.0,0.01,G00__mom_255_0__top50__weekly__long_short,delta_vs_same_scenario_G00,sharpe_excess_rf,0.16005585701169456
G23,G23__mom_255_0__top50__weekly__long_short__rev20,long_short,rev20,10.0,0.01,G00__mom_255_0__top50__weekly__long_short,delta_vs_same_scenario_G00,max_drawdown,0.22646496782003162
G23,G23__mom_255_0__top50__weekly__long_short__rev20,long_short,rev20,10.0,0.01,G00__mom_255_0__top50__weekly__long_short,delta_vs_same_scenario_G00,annualized_volatility,-0.02201421916822424
G23,G23__mom_255_0__top50__weekly__long_short__rev20,long_short,rev20,10.0,0.01,G00__mom_255_0__top50__weekly__long_short,delta_vs_same_scenario_G00,annualized_l1_turnover,10.997083267203669
G23,G23__mom_255_0__top50__weekly__long_short__rev20,long_short,rev20,10.0,0.03,G00__mom_255_0__top50__weekly__long_short,delta_vs_same_scenario_G00,cagr,0.026953004156714977
G23,G23__mom_255_0__top50__weekly__long_short__rev20,long_short,rev20,10.0,0.03,G00__mom_255_0__top50__weekly__long_short,delta_vs_same_scenario_G00,sharpe_excess_rf,0.14979638683120455
G23,G23__mom_255_0__top50__weekly__long_short__rev20,long_short,rev20,10.0,0.03,G00__mom_255_0__top50__weekly__long_short,delta_vs_same_scenario_G00,max_drawdown,0.240377937136389
G23,G23__mom_255_0__top50__weekly__long_short__rev20,long_short,rev20,10.0,0.03,G00__mom_255_0__top50__weekly__long_short,delta_vs_same_scenario_G00,annualized_volatility,-0.02202044591989802
G23,G23__mom_255_0__top50__weekly__long_short__rev20,long_short,rev20,10.0,0.03,G00__mom_255_0__top50__weekly__long_short,delta_vs_same_scenario_G00,annualized_l1_turnover,10.997889621528097
G23,G23__mom_255_0__top50__weekly__long_short__rev20,long_short,rev20,20.0,0.0,G00__mom_255_0__top50__weekly__long_short,delta_vs_same_scenario_G00,cagr,0.015757018730427584
G23,G23__mom_255_0__top50__weekly__long_short__rev20,long_short,rev20,20.0,0.0,G00__mom_255_0__top50__weekly__long_short,delta_vs_same_scenario_G00,sharpe_excess_rf,0.06681015025763261
G23,G23__mom_255_0__top50__weekly__long_short__rev20,long_short,rev20,20.0,0.0,G00__mom_255_0__top50__weekly__long_short,delta_vs_same_scenario_G00,max_drawdown,0.2395003648352103
G23,G23__mom_255_0__top50__weekly__long_short__rev20,long_short,rev20,20.0,0.0,G00__mom_255_0__top50__weekly__long_short,delta_vs_same_scenario_G00,annualized_volatility,-0.02176728586584334
G23,G23__mom_255_0__top50__weekly__long_short__rev20,long_short,rev20,20.0,0.0,G00__mom_255_0__top50__weekly__long_short,delta_vs_same_scenario_G00,annualized_l1_turnover,10.996674305541527
G23,G23__mom_255_0__top50__weekly__long_short__rev20,long_short,rev20,20.0,0.01,G00__mom_255_0__top50__weekly__long_short,delta_vs_same_scenario_G00,cagr,0.01568560741446027
G23,G23__mom_255_0__top50__weekly__long_short__rev20,long_short,rev20,20.0,0.01,G00__mom_255_0__top50__weekly__long_short,delta_vs_same_scenario_G00,sharpe_excess_rf,0.06167950269806116
G23,G23__mom_255_0__top50__weekly__long_short__rev20,long_short,rev20,20.0,0.01,G00__mom_255_0__top50__weekly__long_short,delta_vs_same_scenario_G00,max_drawdown,0.2444945515747855
G23,G23__mom_255_0__top50__weekly__long_short__rev20,long_short,rev20,20.0,0.01,G00__mom_255_0__top50__weekly__long_short,delta_vs_same_scenario_G00,annualized_volatility,-0.02177046267466548
G23,G23__mom_255_0__top50__weekly__long_short__rev20,long_short,rev20,20.0,0.01,G00__mom_255_0__top50__weekly__long_short,delta_vs_same_scenario_G00,annualized_l1_turnover,10.997083267203669
G23,G23__mom_255_0__top50__weekly__long_short__rev20,long_short,rev20,20.0,0.03,G00__mom_255_0__top50__weekly__long_short,delta_vs_same_scenario_G00,cagr,0.015545798561496727
G23,G23__mom_255_0__top50__weekly__long_short__rev20,long_short,rev20,20.0,0.03,G00__mom_255_0__top50__weekly__long_short,delta_vs_same_scenario_G00,sharpe_excess_rf,0.051566464891528524
G23,G23__mom_255_0__top50__weekly__long_short__rev20,long_short,rev20,20.0,0.03,G00__mom_255_0__top50__weekly__long_short,delta_vs_same_scenario_G00,max_drawdown,0.2397064109346917
G23,G23__mom_255_0__top50__weekly__long_short__rev20,long_short,rev20,20.0,0.03,G00__mom_255_0__top50__weekly__long_short,delta_vs_same_scenario_G00,annualized_volatility,-0.021776725577660777
G23,G23__mom_255_0__top50__weekly__long_short__rev20,long_short,rev20,20.0,0.03,G00__mom_255_0__top50__weekly__long_short,delta_vs_same_scenario_G00,annualized_l1_turnover,10.997889621528094
G23,G23__mom_255_0__top50__weekly__long_short__rev5,long_short,rev5,0.0,0.0,G00__mom_255_0__top50__weekly__long_short,delta_vs_same_scenario_G00,cagr,0.05081788210512776
G23,G23__mom_255_0__top50__weekly__long_short__rev5,long_short,rev5,0.0,0.0,G00__mom_255_0__top50__weekly__long_short,delta_vs_same_scenario_G00,sharpe_excess_rf,0.34966295834671735
G23,G23__mom_255_0__top50__weekly__long_short__rev5,long_short,rev5,0.0,0.0,G00__mom_255_0__top50__weekly__long_short,delta_vs_same_scenario_G00,max_drawdown,0.20582235287614814
G23,G23__mom_255_0__top50__weekly__long_short__rev5,long_short,rev5,0.0,0.0,G00__mom_255_0__top50__weekly__long_short,delta_vs_same_scenario_G00,annualized_volatility,-0.024883765451469253
G23,G23__mom_255_0__top50__weekly__long_short__rev5,long_short,rev5,0.0,0.0,G00__mom_255_0__top50__weekly__long_short,delta_vs_same_scenario_G00,annualized_l1_turnover,19.407267824492948
G23,G23__mom_255_0__top50__weekly__long_short__rev5,long_short,rev5,0.0,0.01,G00__mom_255_0__top50__weekly__long_short,delta_vs_same_scenario_G00,cagr,0.05057509129331232
G23,G23__mom_255_0__top50__weekly__long_short__rev5,long_short,rev5,0.0,0.01,G00__mom_255_0__top50__weekly__long_short,delta_vs_same_scenario_G00,sharpe_excess_rf,0.34364495762388164
G23,G23__mom_255_0__top50__weekly__long_short__rev5,long_short,rev5,0.0,0.01,G00__mom_255_0__top50__weekly__long_short,delta_vs_same_scenario_G00,max_drawdown,0.21338159851569682
G23,G23__mom_255_0__top50__weekly__long_short__rev5,long_short,rev5,0.0,0.01,G00__mom_255_0__top50__weekly__long_short,delta_vs_same_scenario_G00,annualized_volatility,-0.024886866198699953
G23,G23__mom_255_0__top50__weekly__long_short__rev5,long_short,rev5,0.0,0.01,G00__mom_255_0__top50__weekly__long_short,delta_vs_same_scenario_G00,annualized_l1_turnover,19.408052865834918
G23,G23__mom_255_0__top50__weekly__long_short__rev5,long_short,rev5,0.0,0.03,G00__mom_255_0__top50__weekly__long_short,delta_vs_same_scenario_G00,cagr,0.05009993072223481
G23,G23__mom_255_0__top50__weekly__long_short__rev5,long_short,rev5,0.0,0.03,G00__mom_255_0__top50__weekly__long_short,delta_vs_same_scenario_G00,sharpe_excess_rf,0.33178366382972124
G23,G23__mom_255_0__top50__weekly__long_short__rev5,long_short,rev5,0.0,0.03,G00__mom_255_0__top50__weekly__long_short,delta_vs_same_scenario_G00,max_drawdown,0.21655381782955746
G23,G23__mom_255_0__top50__weekly__long_short__rev5,long_short,rev5,0.0,0.03,G00__mom_255_0__top50__weekly__long_short,delta_vs_same_scenario_G00,annualized_volatility,-0.024892978315776942
G23,G23__mom_255_0__top50__weekly__long_short__rev5,long_short,rev5,0.0,0.03,G00__mom_255_0__top50__weekly__long_short,delta_vs_same_scenario_G00,annualized_l1_turnover,19.40959731353565
G23,G23__mom_255_0__top50__weekly__long_short__rev5,long_short,rev5,5.0,0.0,G00__mom_255_0__top50__weekly__long_short,delta_vs_same_scenario_G00,cagr,0.04013878431677828
G23,G23__mom_255_0__top50__weekly__long_short__rev5,long_short,rev5,5.0,0.0,G00__mom_255_0__top50__weekly__long_short,delta_vs_same_scenario_G00,sharpe_excess_rf,0.26605369194268885
G23,G23__mom_255_0__top50__weekly__long_short__rev5,long_short,rev5,5.0,0.0,G00__mom_255_0__top50__weekly__long_short,delta_vs_same_scenario_G00,max_drawdown,0.19890515768572692
G23,G23__mom_255_0__top50__weekly__long_short__rev5,long_short,rev5,5.0,0.0,G00__mom_255_0__top50__weekly__long_short,delta_vs_same_scenario_G00,annualized_volatility,-0.024992083250323788
G23,G23__mom_255_0__top50__weekly__long_short__rev5,long_short,rev5,5.0,0.0,G00__mom_255_0__top50__weekly__long_short,delta_vs_same_scenario_G00,annualized_l1_turnover,19.407267824492948
G23,G23__mom_255_0__top50__weekly__long_short__rev5,long_short,rev5,5.0,0.01,G00__mom_255_0__top50__weekly__long_short,delta_vs_same_scenario_G00,cagr,0.03994845358211289
G23,G23__mom_255_0__top50__weekly__long_short__rev5,long_short,rev5,5.0,0.01,G00__mom_255_0__top50__weekly__long_short,delta_vs_same_scenario_G00,sharpe_excess_rf,0.26000766106476625
G23,G23__mom_255_0__top50__weekly__long_short__rev5,long_short,rev5,5.0,0.01,G00__mom_255_0__top50__weekly__long_short,delta_vs_same_scenario_G00,max_drawdown,0.1998606550310712
G23,G23__mom_255_0__top50__weekly__long_short__rev5,long_short,rev5,5.0,0.01,G00__mom_255_0__top50__weekly__long_short,delta_vs_same_scenario_G00,annualized_volatility,-0.02499519121285554
G23,G23__mom_255_0__top50__weekly__long_short__rev5,long_short,rev5,5.0,0.01,G00__mom_255_0__top50__weekly__long_short,delta_vs_same_scenario_G00,annualized_l1_turnover,19.408052865834918
G23,G23__mom_255_0__top50__weekly__long_short__rev5,long_short,rev5,5.0,0.03,G00__mom_255_0__top50__weekly__long_short,delta_vs_same_scenario_G00,cagr,0.03957594183986002
G23,G23__mom_255_0__top50__weekly__long_short__rev5,long_short,rev5,5.0,0.03,G00__mom_255_0__top50__weekly__long_short,delta_vs_same_scenario_G00,sharpe_excess_rf,0.2480911355180417
G23,G23__mom_255_0__top50__weekly__long_short__rev5,long_short,rev5,5.0,0.03,G00__mom_255_0__top50__weekly__long_short,delta_vs_same_scenario_G00,max_drawdown,0.200517611114985
G23,G23__mom_255_0__top50__weekly__long_short__rev5,long_short,rev5,5.0,0.03,G00__mom_255_0__top50__weekly__long_short,delta_vs_same_scenario_G00,annualized_volatility,-0.025001317887567737
G23,G23__mom_255_0__top50__weekly__long_short__rev5,long_short,rev5,5.0,0.03,G00__mom_255_0__top50__weekly__long_short,delta_vs_same_scenario_G00,annualized_l1_turnover,19.40959731353565
G23,G23__mom_255_0__top50__weekly__long_short__rev5,long_short,rev5,10.0,0.0,G00__mom_255_0__top50__weekly__long_short,delta_vs_same_scenario_G00,cagr,0.029711743986877957
G23,G23__mom_255_0__top50__weekly__long_short__rev5,long_short,rev5,10.0,0.0,G00__mom_255_0__top50__weekly__long_short,delta_vs_same_scenario_G00,sharpe_excess_rf,0.18217441318133495
G23,G23__mom_255_0__top50__weekly__long_short__rev5,long_short,rev5,10.0,0.0,G00__mom_255_0__top50__weekly__long_short,delta_vs_same_scenario_G00,max_drawdown,0.18390186711589696
G23,G23__mom_255_0__top50__weekly__long_short__rev5,long_short,rev5,10.0,0.0,G00__mom_255_0__top50__weekly__long_short,delta_vs_same_scenario_G00,annualized_volatility,-0.02503042731075708
G23,G23__mom_255_0__top50__weekly__long_short__rev5,long_short,rev5,10.0,0.0,G00__mom_255_0__top50__weekly__long_short,delta_vs_same_scenario_G00,annualized_l1_turnover,19.407267824492948
G23,G23__mom_255_0__top50__weekly__long_short__rev5,long_short,rev5,10.0,0.01,G00__mom_255_0__top50__weekly__long_short,delta_vs_same_scenario_G00,cagr,0.029572649196264327
G23,G23__mom_255_0__top50__weekly__long_short__rev5,long_short,rev5,10.0,0.01,G00__mom_255_0__top50__weekly__long_short,delta_vs_same_scenario_G00,sharpe_excess_rf,0.17612124877535693
G23,G23__mom_255_0__top50__weekly__long_short__rev5,long_short,rev5,10.0,0.01,G00__mom_255_0__top50__weekly__long_short,delta_vs_same_scenario_G00,max_drawdown,0.18439161639995644
G23,G23__mom_255_0__top50__weekly__long_short__rev5,long_short,rev5,10.0,0.01,G00__mom_255_0__top50__weekly__long_short,delta_vs_same_scenario_G00,annualized_volatility,-0.025033542498173883
G23,G23__mom_255_0__top50__weekly__long_short__rev5,long_short,rev5,10.0,0.01,G00__mom_255_0__top50__weekly__long_short,delta_vs_same_scenario_G00,annualized_l1_turnover,19.408052865834918
G23,G23__mom_255_0__top50__weekly__long_short__rev5,long_short,rev5,10.0,0.03,G00__mom_255_0__top50__weekly__long_short,delta_vs_same_scenario_G00,cagr,0.0293003909863232
G23,G23__mom_255_0__top50__weekly__long_short__rev5,long_short,rev5,10.0,0.03,G00__mom_255_0__top50__weekly__long_short,delta_vs_same_scenario_G00,sharpe_excess_rf,0.16419066335956561
G23,G23__mom_255_0__top50__weekly__long_short__rev5,long_short,rev5,10.0,0.03,G00__mom_255_0__top50__weekly__long_short,delta_vs_same_scenario_G00,max_drawdown,0.18524638282081196
G23,G23__mom_255_0__top50__weekly__long_short__rev5,long_short,rev5,10.0,0.03,G00__mom_255_0__top50__weekly__long_short,delta_vs_same_scenario_G00,annualized_volatility,-0.025039683752944297
G23,G23__mom_255_0__top50__weekly__long_short__rev5,long_short,rev5,10.0,0.03,G00__mom_255_0__top50__weekly__long_short,delta_vs_same_scenario_G00,annualized_l1_turnover,19.409597313535656
G23,G23__mom_255_0__top50__weekly__long_short__rev5,long_short,rev5,20.0,0.0,G00__mom_255_0__top50__weekly__long_short,delta_vs_same_scenario_G00,cagr,0.00959549255561445
G23,G23__mom_255_0__top50__weekly__long_short__rev5,long_short,rev5,20.0,0.0,G00__mom_255_0__top50__weekly__long_short,delta_vs_same_scenario_G00,sharpe_excess_rf,0.014523913438296482
G23,G23__mom_255_0__top50__weekly__long_short__rev5,long_short,rev5,20.0,0.0,G00__mom_255_0__top50__weekly__long_short,delta_vs_same_scenario_G00,max_drawdown,0.15498647047824976
G23,G23__mom_255_0__top50__weekly__long_short__rev5,long_short,rev5,20.0,0.0,G00__mom_255_0__top50__weekly__long_short,delta_vs_same_scenario_G00,annualized_volatility,-0.024897240858736208
G23,G23__mom_255_0__top50__weekly__long_short__rev5,long_short,rev5,20.0,0.0,G00__mom_255_0__top50__weekly__long_short,delta_vs_same_scenario_G00,annualized_l1_turnover,19.407267824492948
G23,G23__mom_255_0__top50__weekly__long_short__rev5,long_short,rev5,20.0,0.01,G00__mom_255_0__top50__weekly__long_short,delta_vs_same_scenario_G00,cagr,0.009555285279038185
G23,G23__mom_255_0__top50__weekly__long_short__rev5,long_short,rev5,20.0,0.01,G00__mom_255_0__top50__weekly__long_short,delta_vs_same_scenario_G00,sharpe_excess_rf,0.008519069823461511
G23,G23__mom_255_0__top50__weekly__long_short__rev5,long_short,rev5,20.0,0.01,G00__mom_255_0__top50__weekly__long_short,delta_vs_same_scenario_G00,max_drawdown,0.15565933296818069
G23,G23__mom_255_0__top50__weekly__long_short__rev5,long_short,rev5,20.0,0.01,G00__mom_255_0__top50__weekly__long_short,delta_vs_same_scenario_G00,annualized_volatility,-0.024900370537849076
G23,G23__mom_255_0__top50__weekly__long_short__rev5,long_short,rev5,20.0,0.01,G00__mom_255_0__top50__weekly__long_short,delta_vs_same_scenario_G00,annualized_l1_turnover,19.408052865834918
G23,G23__mom_255_0__top50__weekly__long_short__rev5,long_short,rev5,20.0,0.03,G00__mom_255_0__top50__weekly__long_short,delta_vs_same_scenario_G00,cagr,0.00947652048875457
G23,G23__mom_255_0__top50__weekly__long_short__rev5,long_short,rev5,20.0,0.03,G00__mom_255_0__top50__weekly__long_short,delta_vs_same_scenario_G00,sharpe_excess_rf,-0.0033163203518422057
G23,G23__mom_255_0__top50__weekly__long_short__rev5,long_short,rev5,20.0,0.03,G00__mom_255_0__top50__weekly__long_short,delta_vs_same_scenario_G00,max_drawdown,0.15687397640050316
G23,G23__mom_255_0__top50__weekly__long_short__rev5,long_short,rev5,20.0,0.03,G00__mom_255_0__top50__weekly__long_short,delta_vs_same_scenario_G00,annualized_volatility,-0.024906541042021613
G23,G23__mom_255_0__top50__weekly__long_short__rev5,long_short,rev5,20.0,0.03,G00__mom_255_0__top50__weekly__long_short,delta_vs_same_scenario_G00,annualized_l1_turnover,19.40959731353565
G23,G23__mom_255_21__top10__monthly__long_only__rev20,long_only,rev20,0.0,0.0,G00__mom_255_21__top10__monthly__long_only,delta_vs_same_scenario_G00,cagr,-0.12159397569788674
G23,G23__mom_255_21__top10__monthly__long_only__rev20,long_only,rev20,0.0,0.0,G00__mom_255_21__top10__monthly__long_only,delta_vs_same_scenario_G00,sharpe_excess_rf,-0.30387767093827217
G23,G23__mom_255_21__top10__monthly__long_only__rev20,long_only,rev20,0.0,0.0,G00__mom_255_21__top10__monthly__long_only,delta_vs_same_scenario_G00,max_drawdown,-0.13400463239880323
G23,G23__mom_255_21__top10__monthly__long_only__rev20,long_only,rev20,0.0,0.0,G00__mom_255_21__top10__monthly__long_only,delta_vs_same_scenario_G00,annualized_volatility,0.021149582404025424
G23,G23__mom_255_21__top10__monthly__long_only__rev20,long_only,rev20,0.0,0.0,G00__mom_255_21__top10__monthly__long_only,delta_vs_same_scenario_G00,annualized_l1_turnover,6.153255664707983
G23,G23__mom_255_21__top10__monthly__long_only__rev20,long_only,rev20,5.0,0.0,G00__mom_255_21__top10__monthly__long_only,delta_vs_same_scenario_G00,cagr,-0.12435536473491265
G23,G23__mom_255_21__top10__monthly__long_only__rev20,long_only,rev20,5.0,0.0,G00__mom_255_21__top10__monthly__long_only,delta_vs_same_scenario_G00,sharpe_excess_rf,-0.31146669346751255
G23,G23__mom_255_21__top10__monthly__long_only__rev20,long_only,rev20,5.0,0.0,G00__mom_255_21__top10__monthly__long_only,delta_vs_same_scenario_G00,max_drawdown,-0.13096794793449423
G23,G23__mom_255_21__top10__monthly__long_only__rev20,long_only,rev20,5.0,0.0,G00__mom_255_21__top10__monthly__long_only,delta_vs_same_scenario_G00,annualized_volatility,0.02113305661451953
G23,G23__mom_255_21__top10__monthly__long_only__rev20,long_only,rev20,5.0,0.0,G00__mom_255_21__top10__monthly__long_only,delta_vs_same_scenario_G00,annualized_l1_turnover,6.153255664707983
G23,G23__mom_255_21__top10__monthly__long_only__rev20,long_only,rev20,10.0,0.0,G00__mom_255_21__top10__monthly__long_only,delta_vs_same_scenario_G00,cagr,-0.12708300989357396
G23,G23__mom_255_21__top10__monthly__long_only__rev20,long_only,rev20,10.0,0.0,G00__mom_255_21__top10__monthly__long_only,delta_vs_same_scenario_G00,sharpe_excess_rf,-0.31906022507222914
G23,G23__mom_255_21__top10__monthly__long_only__rev20,long_only,rev20,10.0,0.0,G00__mom_255_21__top10__monthly__long_only,delta_vs_same_scenario_G00,max_drawdown,-0.12796513587184377
G23,G23__mom_255_21__top10__monthly__long_only__rev20,long_only,rev20,10.0,0.0,G00__mom_255_21__top10__monthly__long_only,delta_vs_same_scenario_G00,annualized_volatility,0.021126667916726627
G23,G23__mom_255_21__top10__monthly__long_only__rev20,long_only,rev20,10.0,0.0,G00__mom_255_21__top10__monthly__long_only,delta_vs_same_scenario_G00,annualized_l1_turnover,6.153255664707983
G23,G23__mom_255_21__top10__monthly__long_only__rev20,long_only,rev20,20.0,0.0,G00__mom_255_21__top10__monthly__long_only,delta_vs_same_scenario_G00,cagr,-0.13243810250897733
G23,G23__mom_255_21__top10__monthly__long_only__rev20,long_only,rev20,20.0,0.0,G00__mom_255_21__top10__monthly__long_only,delta_vs_same_scenario_G00,sharpe_excess_rf,-0.33425278754067395
G23,G23__mom_255_21__top10__monthly__long_only__rev20,long_only,rev20,20.0,0.0,G00__mom_255_21__top10__monthly__long_only,delta_vs_same_scenario_G00,max_drawdown,-0.12205991924990034
G23,G23__mom_255_21__top10__monthly__long_only__rev20,long_only,rev20,20.0,0.0,G00__mom_255_21__top10__monthly__long_only,delta_vs_same_scenario_G00,annualized_volatility,0.021144301934588716
G23,G23__mom_255_21__top10__monthly__long_only__rev20,long_only,rev20,20.0,0.0,G00__mom_255_21__top10__monthly__long_only,delta_vs_same_scenario_G00,annualized_l1_turnover,6.153255664707983
G23,G23__mom_255_21__top10__monthly__long_only__rev5,long_only,rev5,0.0,0.0,G00__mom_255_21__top10__monthly__long_only,delta_vs_same_scenario_G00,cagr,-0.06603074921672422
G23,G23__mom_255_21__top10__monthly__long_only__rev5,long_only,rev5,0.0,0.0,G00__mom_255_21__top10__monthly__long_only,delta_vs_same_scenario_G00,sharpe_excess_rf,-0.1642970966082991
G23,G23__mom_255_21__top10__monthly__long_only__rev5,long_only,rev5,0.0,0.0,G00__mom_255_21__top10__monthly__long_only,delta_vs_same_scenario_G00,max_drawdown,-0.1774152888773579
G23,G23__mom_255_21__top10__monthly__long_only__rev5,long_only,rev5,0.0,0.0,G00__mom_255_21__top10__monthly__long_only,delta_vs_same_scenario_G00,annualized_volatility,0.006114716914273788
G23,G23__mom_255_21__top10__monthly__long_only__rev5,long_only,rev5,0.0,0.0,G00__mom_255_21__top10__monthly__long_only,delta_vs_same_scenario_G00,annualized_l1_turnover,6.325085975065486
G23,G23__mom_255_21__top10__monthly__long_only__rev5,long_only,rev5,5.0,0.0,G00__mom_255_21__top10__monthly__long_only,delta_vs_same_scenario_G00,cagr,-0.06931180521413455
G23,G23__mom_255_21__top10__monthly__long_only__rev5,long_only,rev5,5.0,0.0,G00__mom_255_21__top10__monthly__long_only,delta_vs_same_scenario_G00,sharpe_excess_rf,-0.1730142285006978
G23,G23__mom_255_21__top10__monthly__long_only__rev5,long_only,rev5,5.0,0.0,G00__mom_255_21__top10__monthly__long_only,delta_vs_same_scenario_G00,max_drawdown,-0.1769297260150819
G23,G23__mom_255_21__top10__monthly__long_only__rev5,long_only,rev5,5.0,0.0,G00__mom_255_21__top10__monthly__long_only,delta_vs_same_scenario_G00,annualized_volatility,0.006129260175774309
G23,G23__mom_255_21__top10__monthly__long_only__rev5,long_only,rev5,5.0,0.0,G00__mom_255_21__top10__monthly__long_only,delta_vs_same_scenario_G00,annualized_l1_turnover,6.325085975065486
G23,G23__mom_255_21__top10__monthly__long_only__rev5,long_only,rev5,10.0,0.0,G00__mom_255_21__top10__monthly__long_only,delta_vs_same_scenario_G00,cagr,-0.07255491871713521
G23,G23__mom_255_21__top10__monthly__long_only__rev5,long_only,rev5,10.0,0.0,G00__mom_255_21__top10__monthly__long_only,delta_vs_same_scenario_G00,sharpe_excess_rf,-0.18174003942228845
G23,G23__mom_255_21__top10__monthly__long_only__rev5,long_only,rev5,10.0,0.0,G00__mom_255_21__top10__monthly__long_only,delta_vs_same_scenario_G00,max_drawdown,-0.17799562251610324
G23,G23__mom_255_21__top10__monthly__long_only__rev5,long_only,rev5,10.0,0.0,G00__mom_255_21__top10__monthly__long_only,delta_vs_same_scenario_G00,annualized_volatility,0.006154986096858717
G23,G23__mom_255_21__top10__monthly__long_only__rev5,long_only,rev5,10.0,0.0,G00__mom_255_21__top10__monthly__long_only,delta_vs_same_scenario_G00,annualized_l1_turnover,6.325085975065486
G23,G23__mom_255_21__top10__monthly__long_only__rev5,long_only,rev5,20.0,0.0,G00__mom_255_21__top10__monthly__long_only,delta_vs_same_scenario_G00,cagr,-0.07892846933754136
G23,G23__mom_255_21__top10__monthly__long_only__rev5,long_only,rev5,20.0,0.0,G00__mom_255_21__top10__monthly__long_only,delta_vs_same_scenario_G00,sharpe_excess_rf,-0.19920781668407328
G23,G23__mom_255_21__top10__monthly__long_only__rev5,long_only,rev5,20.0,0.0,G00__mom_255_21__top10__monthly__long_only,delta_vs_same_scenario_G00,max_drawdown,-0.17996991111708094
G23,G23__mom_255_21__top10__monthly__long_only__rev5,long_only,rev5,20.0,0.0,G00__mom_255_21__top10__monthly__long_only,delta_vs_same_scenario_G00,annualized_volatility,0.006239967717818151
G23,G23__mom_255_21__top10__monthly__long_only__rev5,long_only,rev5,20.0,0.0,G00__mom_255_21__top10__monthly__long_only,delta_vs_same_scenario_G00,annualized_l1_turnover,6.325085975065486
G23,G23__mom_255_21__top10__monthly__long_short__rev20,long_short,rev20,0.0,0.0,G00__mom_255_21__top10__monthly__long_short,delta_vs_same_scenario_G00,cagr,0.04628125717239922
G23,G23__mom_255_21__top10__monthly__long_short__rev20,long_short,rev20,0.0,0.0,G00__mom_255_21__top10__monthly__long_short,delta_vs_same_scenario_G00,sharpe_excess_rf,0.2307667431806094
G23,G23__mom_255_21__top10__monthly__long_short__rev20,long_short,rev20,0.0,0.0,G00__mom_255_21__top10__monthly__long_short,delta_vs_same_scenario_G00,max_drawdown,0.22221218353262423
G23,G23__mom_255_21__top10__monthly__long_short__rev20,long_short,rev20,0.0,0.0,G00__mom_255_21__top10__monthly__long_short,delta_vs_same_scenario_G00,annualized_volatility,-0.042307643894805874
G23,G23__mom_255_21__top10__monthly__long_short__rev20,long_short,rev20,0.0,0.0,G00__mom_255_21__top10__monthly__long_short,delta_vs_same_scenario_G00,annualized_l1_turnover,4.148534891497173
G23,G23__mom_255_21__top10__monthly__long_short__rev20,long_short,rev20,0.0,0.01,G00__mom_255_21__top10__monthly__long_short,delta_vs_same_scenario_G00,cagr,0.04609752648213683
G23,G23__mom_255_21__top10__monthly__long_short__rev20,long_short,rev20,0.0,0.01,G00__mom_255_21__top10__monthly__long_short,delta_vs_same_scenario_G00,sharpe_excess_rf,0.2261220655847946
G23,G23__mom_255_21__top10__monthly__long_short__rev20,long_short,rev20,0.0,0.01,G00__mom_255_21__top10__monthly__long_short,delta_vs_same_scenario_G00,max_drawdown,0.22710855354418158
G23,G23__mom_255_21__top10__monthly__long_short__rev20,long_short,rev20,0.0,0.01,G00__mom_255_21__top10__monthly__long_short,delta_vs_same_scenario_G00,annualized_volatility,-0.042319147255870965
G23,G23__mom_255_21__top10__monthly__long_short__rev20,long_short,rev20,0.0,0.01,G00__mom_255_21__top10__monthly__long_short,delta_vs_same_scenario_G00,annualized_l1_turnover,4.14911181029238
G23,G23__mom_255_21__top10__monthly__long_short__rev20,long_short,rev20,0.0,0.03,G00__mom_255_21__top10__monthly__long_short,delta_vs_same_scenario_G00,cagr,0.04573730819927456
G23,G23__mom_255_21__top10__monthly__long_short__rev20,long_short,rev20,0.0,0.03,G00__mom_255_21__top10__monthly__long_short,delta_vs_same_scenario_G00,sharpe_excess_rf,0.21696723999314269
G23,G23__mom_255_21__top10__monthly__long_short__rev20,long_short,rev20,0.0,0.03,G00__mom_255_21__top10__monthly__long_short,delta_vs_same_scenario_G00,max_drawdown,0.23652709956264645
G23,G23__mom_255_21__top10__monthly__long_short__rev20,long_short,rev20,0.0,0.03,G00__mom_255_21__top10__monthly__long_short,delta_vs_same_scenario_G00,annualized_volatility,-0.042341843129329954
G23,G23__mom_255_21__top10__monthly__long_short__rev20,long_short,rev20,0.0,0.03,G00__mom_255_21__top10__monthly__long_short,delta_vs_same_scenario_G00,annualized_l1_turnover,4.150236401866545
G23,G23__mom_255_21__top10__monthly__long_short__rev20,long_short,rev20,5.0,0.0,G00__mom_255_21__top10__monthly__long_short,delta_vs_same_scenario_G00,cagr,0.04378516015053243
G23,G23__mom_255_21__top10__monthly__long_short__rev20,long_short,rev20,5.0,0.0,G00__mom_255_21__top10__monthly__long_short,delta_vs_same_scenario_G00,sharpe_excess_rf,0.21519097904171183
G23,G23__mom_255_21__top10__monthly__long_short__rev20,long_short,rev20,5.0,0.0,G00__mom_255_21__top10__monthly__long_short,delta_vs_same_scenario_G00,max_drawdown,0.22473795057304446
G23,G23__mom_255_21__top10__monthly__long_short__rev20,long_short,rev20,5.0,0.0,G00__mom_255_21__top10__monthly__long_short,delta_vs_same_scenario_G00,annualized_volatility,-0.042217645906814594
G23,G23__mom_255_21__top10__monthly__long_short__rev20,long_short,rev20,5.0,0.0,G00__mom_255_21__top10__monthly__long_short,delta_vs_same_scenario_G00,annualized_l1_turnover,4.148534891497173
G23,G23__mom_255_21__top10__monthly__long_short__rev20,long_short,rev20,5.0,0.01,G00__mom_255_21__top10__monthly__long_short,delta_vs_same_scenario_G00,cagr,0.043613210327154345
G23,G23__mom_255_21__top10__monthly__long_short__rev20,long_short,rev20,5.0,0.01,G00__mom_255_21__top10__monthly__long_short,delta_vs_same_scenario_G00,sharpe_excess_rf,0.2105584385216399
G23,G23__mom_255_21__top10__monthly__long_short__rev20,long_short,rev20,5.0,0.01,G00__mom_255_21__top10__monthly__long_short,delta_vs_same_scenario_G00,max_drawdown,0.22955919601926544
G23,G23__mom_255_21__top10__monthly__long_short__rev20,long_short,rev20,5.0,0.01,G00__mom_255_21__top10__monthly__long_short,delta_vs_same_scenario_G00,annualized_volatility,-0.04222912762064354
G23,G23__mom_255_21__top10__monthly__long_short__rev20,long_short,rev20,5.0,0.01,G00__mom_255_21__top10__monthly__long_short,delta_vs_same_scenario_G00,annualized_l1_turnover,4.1491118102923785
G23,G23__mom_255_21__top10__monthly__long_short__rev20,long_short,rev20,5.0,0.03,G00__mom_255_21__top10__monthly__long_short,delta_vs_same_scenario_G00,cagr,0.04327606682856455
G23,G23__mom_255_21__top10__monthly__long_short__rev20,long_short,rev20,5.0,0.03,G00__mom_255_21__top10__monthly__long_short,delta_vs_same_scenario_G00,sharpe_excess_rf,0.20142755482297026
G23,G23__mom_255_21__top10__monthly__long_short__rev20,long_short,rev20,5.0,0.03,G00__mom_255_21__top10__monthly__long_short,delta_vs_same_scenario_G00,max_drawdown,0.23883256845436773
G23,G23__mom_255_21__top10__monthly__long_short__rev20,long_short,rev20,5.0,0.03,G00__mom_255_21__top10__monthly__long_short,delta_vs_same_scenario_G00,annualized_volatility,-0.04225178070184754
G23,G23__mom_255_21__top10__monthly__long_short__rev20,long_short,rev20,5.0,0.03,G00__mom_255_21__top10__monthly__long_short,delta_vs_same_scenario_G00,annualized_l1_turnover,4.150236401866545
G23,G23__mom_255_21__top10__monthly__long_short__rev20,long_short,rev20,10.0,0.0,G00__mom_255_21__top10__monthly__long_short,delta_vs_same_scenario_G00,cagr,0.041313126964055445
G23,G23__mom_255_21__top10__monthly__long_short__rev20,long_short,rev20,10.0,0.0,G00__mom_255_21__top10__monthly__long_short,delta_vs_same_scenario_G00,sharpe_excess_rf,0.19960260027539872
G23,G23__mom_255_21__top10__monthly__long_short__rev20,long_short,rev20,10.0,0.0,G00__mom_255_21__top10__monthly__long_short,delta_vs_same_scenario_G00,max_drawdown,0.2271993329410682
G23,G23__mom_255_21__top10__monthly__long_short__rev20,long_short,rev20,10.0,0.0,G00__mom_255_21__top10__monthly__long_short,delta_vs_same_scenario_G00,annualized_volatility,-0.04211190057435979
G23,G23__mom_255_21__top10__monthly__long_short__rev20,long_short,rev20,10.0,0.0,G00__mom_255_21__top10__monthly__long_short,delta_vs_same_scenario_G00,annualized_l1_turnover,4.148534891497173
G23,G23__mom_255_21__top10__monthly__long_short__rev20,long_short,rev20,10.0,0.01,G00__mom_255_21__top10__monthly__long_short,delta_vs_same_scenario_G00,cagr,0.041152848796110884
G23,G23__mom_255_21__top10__monthly__long_short__rev20,long_short,rev20,10.0,0.01,G00__mom_255_21__top10__monthly__long_short,delta_vs_same_scenario_G00,sharpe_excess_rf,0.19498473738614927
G23,G23__mom_255_21__top10__monthly__long_short__rev20,long_short,rev20,10.0,0.01,G00__mom_255_21__top10__monthly__long_short,delta_vs_same_scenario_G00,max_drawdown,0.2319464299316833
G23,G23__mom_255_21__top10__monthly__long_short__rev20,long_short,rev20,10.0,0.01,G00__mom_255_21__top10__monthly__long_short,delta_vs_same_scenario_G00,annualized_volatility,-0.04212335847931056
G23,G23__mom_255_21__top10__monthly__long_short__rev20,long_short,rev20,10.0,0.01,G00__mom_255_21__top10__monthly__long_short,delta_vs_same_scenario_G00,annualized_l1_turnover,4.1491118102923785
G23,G23__mom_255_21__top10__monthly__long_short__rev20,long_short,rev20,10.0,0.03,G00__mom_255_21__top10__monthly__long_short,delta_vs_same_scenario_G00,cagr,0.040838566161908466
G23,G23__mom_255_21__top10__monthly__long_short__rev20,long_short,rev20,10.0,0.03,G00__mom_255_21__top10__monthly__long_short,delta_vs_same_scenario_G00,sharpe_excess_rf,0.18588280172959945
G23,G23__mom_255_21__top10__monthly__long_short__rev20,long_short,rev20,10.0,0.03,G00__mom_255_21__top10__monthly__long_short,delta_vs_same_scenario_G00,max_drawdown,0.23701513520008272
G23,G23__mom_255_21__top10__monthly__long_short__rev20,long_short,rev20,10.0,0.03,G00__mom_255_21__top10__monthly__long_short,delta_vs_same_scenario_G00,annualized_volatility,-0.042145964515745815
G23,G23__mom_255_21__top10__monthly__long_short__rev20,long_short,rev20,10.0,0.03,G00__mom_255_21__top10__monthly__long_short,delta_vs_same_scenario_G00,annualized_l1_turnover,4.150236401866543
G23,G23__mom_255_21__top10__monthly__long_short__rev20,long_short,rev20,20.0,0.0,G00__mom_255_21__top10__monthly__long_short,delta_vs_same_scenario_G00,cagr,0.036440601965937576
G23,G23__mom_255_21__top10__monthly__long_short__rev20,long_short,rev20,20.0,0.0,G00__mom_255_21__top10__monthly__long_short,delta_vs_same_scenario_G00,sharpe_excess_rf,0.16843418992577813
G23,G23__mom_255_21__top10__monthly__long_short__rev20,long_short,rev20,20.0,0.0,G00__mom_255_21__top10__monthly__long_short,delta_vs_same_scenario_G00,max_drawdown,0.2290054752949673
G23,G23__mom_255_21__top10__monthly__long_short__rev20,long_short,rev20,20.0,0.0,G00__mom_255_21__top10__monthly__long_short,delta_vs_same_scenario_G00,annualized_volatility,-0.041853327694879594
G23,G23__mom_255_21__top10__monthly__long_short__rev20,long_short,rev20,20.0,0.0,G00__mom_255_21__top10__monthly__long_short,delta_vs_same_scenario_G00,annualized_l1_turnover,4.148534891497173
G23,G23__mom_255_21__top10__monthly__long_short__rev20,long_short,rev20,20.0,0.01,G00__mom_255_21__top10__monthly__long_short,delta_vs_same_scenario_G00,cagr,0.03630334228648609
G23,G23__mom_255_21__top10__monthly__long_short__rev20,long_short,rev20,20.0,0.01,G00__mom_255_21__top10__monthly__long_short,delta_vs_same_scenario_G00,sharpe_excess_rf,0.1638532369957271
G23,G23__mom_255_21__top10__monthly__long_short__rev20,long_short,rev20,20.0,0.01,G00__mom_255_21__top10__monthly__long_short,delta_vs_same_scenario_G00,max_drawdown,0.2292996846340608
G23,G23__mom_255_21__top10__monthly__long_short__rev20,long_short,rev20,20.0,0.01,G00__mom_255_21__top10__monthly__long_short,delta_vs_same_scenario_G00,annualized_volatility,-0.04186473152850345
G23,G23__mom_255_21__top10__monthly__long_short__rev20,long_short,rev20,20.0,0.01,G00__mom_255_21__top10__monthly__long_short,delta_vs_same_scenario_G00,annualized_l1_turnover,4.14911181029238
G23,G23__mom_255_21__top10__monthly__long_short__rev20,long_short,rev20,20.0,0.03,G00__mom_255_21__top10__monthly__long_short,delta_vs_same_scenario_G00,cagr,0.03603414512967018
G23,G23__mom_255_21__top10__monthly__long_short__rev20,long_short,rev20,20.0,0.03,G00__mom_255_21__top10__monthly__long_short,delta_vs_same_scenario_G00,sharpe_excess_rf,0.15482408398261982
G23,G23__mom_255_21__top10__monthly__long_short__rev20,long_short,rev20,20.0,0.03,G00__mom_255_21__top10__monthly__long_short,delta_vs_same_scenario_G00,max_drawdown,0.23956443855842696
G23,G23__mom_255_21__top10__monthly__long_short__rev20,long_short,rev20,20.0,0.03,G00__mom_255_21__top10__monthly__long_short,delta_vs_same_scenario_G00,annualized_volatility,-0.04188723077905673
G23,G23__mom_255_21__top10__monthly__long_short__rev20,long_short,rev20,20.0,0.03,G00__mom_255_21__top10__monthly__long_short,delta_vs_same_scenario_G00,annualized_l1_turnover,4.150236401866545
G23,G23__mom_255_21__top10__monthly__long_short__rev5,long_short,rev5,0.0,0.0,G00__mom_255_21__top10__monthly__long_short,delta_vs_same_scenario_G00,cagr,0.07040138792903
G23,G23__mom_255_21__top10__monthly__long_short__rev5,long_short,rev5,0.0,0.0,G00__mom_255_21__top10__monthly__long_short,delta_vs_same_scenario_G00,sharpe_excess_rf,0.3755218734814633
G23,G23__mom_255_21__top10__monthly__long_short__rev5,long_short,rev5,0.0,0.0,G00__mom_255_21__top10__monthly__long_short,delta_vs_same_scenario_G00,max_drawdown,0.27029510663229467
G23,G23__mom_255_21__top10__monthly__long_short__rev5,long_short,rev5,0.0,0.0,G00__mom_255_21__top10__monthly__long_short,delta_vs_same_scenario_G00,annualized_volatility,-0.05576388360193482
G23,G23__mom_255_21__top10__monthly__long_short__rev5,long_short,rev5,0.0,0.0,G00__mom_255_21__top10__monthly__long_short,delta_vs_same_scenario_G00,annualized_l1_turnover,4.227632747475502
G23,G23__mom_255_21__top10__monthly__long_short__rev5,long_short,rev5,0.0,0.01,G00__mom_255_21__top10__monthly__long_short,delta_vs_same_scenario_G00,cagr,0.07010461641253629
G23,G23__mom_255_21__top10__monthly__long_short__rev5,long_short,rev5,0.0,0.01,G00__mom_255_21__top10__monthly__long_short,delta_vs_same_scenario_G00,sharpe_excess_rf,0.36887526664918613
G23,G23__mom_255_21__top10__monthly__long_short__rev5,long_short,rev5,0.0,0.01,G00__mom_255_21__top10__monthly__long_short,delta_vs_same_scenario_G00,max_drawdown,0.27627486779668364
G23,G23__mom_255_21__top10__monthly__long_short__rev5,long_short,rev5,0.0,0.01,G00__mom_255_21__top10__monthly__long_short,delta_vs_same_scenario_G00,annualized_volatility,-0.055777869331825186
G23,G23__mom_255_21__top10__monthly__long_short__rev5,long_short,rev5,0.0,0.01,G00__mom_255_21__top10__monthly__long_short,delta_vs_same_scenario_G00,annualized_l1_turnover,4.228252409905002
G23,G23__mom_255_21__top10__monthly__long_short__rev5,long_short,rev5,0.0,0.03,G00__mom_255_21__top10__monthly__long_short,delta_vs_same_scenario_G00,cagr,0.06952303639683165
G23,G23__mom_255_21__top10__monthly__long_short__rev5,long_short,rev5,0.0,0.03,G00__mom_255_21__top10__monthly__long_short,delta_vs_same_scenario_G00,sharpe_excess_rf,0.35577532906814835
G23,G23__mom_255_21__top10__monthly__long_short__rev5,long_short,rev5,0.0,0.03,G00__mom_255_21__top10__monthly__long_short,delta_vs_same_scenario_G00,max_drawdown,0.28781688757887175
G23,G23__mom_255_21__top10__monthly__long_short__rev5,long_short,rev5,0.0,0.03,G00__mom_255_21__top10__monthly__long_short,delta_vs_same_scenario_G00,annualized_volatility,-0.055805458783660805
G23,G23__mom_255_21__top10__monthly__long_short__rev5,long_short,rev5,0.0,0.03,G00__mom_255_21__top10__monthly__long_short,delta_vs_same_scenario_G00,annualized_l1_turnover,4.229461356242371
G23,G23__mom_255_21__top10__monthly__long_short__rev5,long_short,rev5,5.0,0.0,G00__mom_255_21__top10__monthly__long_short,delta_vs_same_scenario_G00,cagr,0.06769770932799898
G23,G23__mom_255_21__top10__monthly__long_short__rev5,long_short,rev5,5.0,0.0,G00__mom_255_21__top10__monthly__long_short,delta_vs_same_scenario_G00,sharpe_excess_rf,0.3569439512535091
G23,G23__mom_255_21__top10__monthly__long_short__rev5,long_short,rev5,5.0,0.0,G00__mom_255_21__top10__monthly__long_short,delta_vs_same_scenario_G00,max_drawdown,0.27624867398877295
G23,G23__mom_255_21__top10__monthly__long_short__rev5,long_short,rev5,5.0,0.0,G00__mom_255_21__top10__monthly__long_short,delta_vs_same_scenario_G00,annualized_volatility,-0.05568888352275231
G23,G23__mom_255_21__top10__monthly__long_short__rev5,long_short,rev5,5.0,0.0,G00__mom_255_21__top10__monthly__long_short,delta_vs_same_scenario_G00,annualized_l1_turnover,4.227632747475502
G23,G23__mom_255_21__top10__monthly__long_short__rev5,long_short,rev5,5.0,0.01,G00__mom_255_21__top10__monthly__long_short,delta_vs_same_scenario_G00,cagr,0.06741364389743229
G23,G23__mom_255_21__top10__monthly__long_short__rev5,long_short,rev5,5.0,0.01,G00__mom_255_21__top10__monthly__long_short,delta_vs_same_scenario_G00,sharpe_excess_rf,0.35030862351130504
G23,G23__mom_255_21__top10__monthly__long_short__rev5,long_short,rev5,5.0,0.01,G00__mom_255_21__top10__monthly__long_short,delta_vs_same_scenario_G00,max_drawdown,0.2821429656759815
G23,G23__mom_255_21__top10__monthly__long_short__rev5,long_short,rev5,5.0,0.01,G00__mom_255_21__top10__monthly__long_short,delta_vs_same_scenario_G00,annualized_volatility,-0.05570283971025217
G23,G23__mom_255_21__top10__monthly__long_short__rev5,long_short,rev5,5.0,0.01,G00__mom_255_21__top10__monthly__long_short,delta_vs_same_scenario_G00,annualized_l1_turnover,4.228252409905
G23,G23__mom_255_21__top10__monthly__long_short__rev5,long_short,rev5,5.0,0.03,G00__mom_255_21__top10__monthly__long_short,delta_vs_same_scenario_G00,cagr,0.06685695085348198
G23,G23__mom_255_21__top10__monthly__long_short__rev5,long_short,rev5,5.0,0.03,G00__mom_255_21__top10__monthly__long_short,delta_vs_same_scenario_G00,sharpe_excess_rf,0.3372309446952304
G23,G23__mom_255_21__top10__monthly__long_short__rev5,long_short,rev5,5.0,0.03,G00__mom_255_21__top10__monthly__long_short,delta_vs_same_scenario_G00,max_drawdown,0.29351949215767326
G23,G23__mom_255_21__top10__monthly__long_short__rev5,long_short,rev5,5.0,0.03,G00__mom_255_21__top10__monthly__long_short,delta_vs_same_scenario_G00,annualized_volatility,-0.05573037086392926
G23,G23__mom_255_21__top10__monthly__long_short__rev5,long_short,rev5,5.0,0.03,G00__mom_255_21__top10__monthly__long_short,delta_vs_same_scenario_G00,annualized_l1_turnover,4.229461356242371
G23,G23__mom_255_21__top10__monthly__long_short__rev5,long_short,rev5,10.0,0.0,G00__mom_255_21__top10__monthly__long_short,delta_vs_same_scenario_G00,cagr,0.06501960596872383
G23,G23__mom_255_21__top10__monthly__long_short__rev5,long_short,rev5,10.0,0.0,G00__mom_255_21__top10__monthly__long_short,delta_vs_same_scenario_G00,sharpe_excess_rf,0.3383216985532913
G23,G23__mom_255_21__top10__monthly__long_short__rev5,long_short,rev5,10.0,0.0,G00__mom_255_21__top10__monthly__long_short,delta_vs_same_scenario_G00,max_drawdown,0.28211632496403327
G23,G23__mom_255_21__top10__monthly__long_short__rev5,long_short,rev5,10.0,0.0,G00__mom_255_21__top10__monthly__long_short,delta_vs_same_scenario_G00,annualized_volatility,-0.055595851244849115
G23,G23__mom_255_21__top10__monthly__long_short__rev5,long_short,rev5,10.0,0.0,G00__mom_255_21__top10__monthly__long_short,delta_vs_same_scenario_G00,annualized_l1_turnover,4.227632747475502
G23,G23__mom_255_21__top10__monthly__long_short__rev5,long_short,rev5,10.0,0.01,G00__mom_255_21__top10__monthly__long_short,delta_vs_same_scenario_G00,cagr,0.06474813101113694
G23,G23__mom_255_21__top10__monthly__long_short__rev5,long_short,rev5,10.0,0.01,G00__mom_255_21__top10__monthly__long_short,delta_vs_same_scenario_G00,sharpe_excess_rf,0.3317010891034501
G23,G23__mom_255_21__top10__monthly__long_short__rev5,long_short,rev5,10.0,0.01,G00__mom_255_21__top10__monthly__long_short,delta_vs_same_scenario_G00,max_drawdown,0.2879261737144205
G23,G23__mom_255_21__top10__monthly__long_short__rev5,long_short,rev5,10.0,0.01,G00__mom_255_21__top10__monthly__long_short,delta_vs_same_scenario_G00,annualized_volatility,-0.05560977518152743
G23,G23__mom_255_21__top10__monthly__long_short__rev5,long_short,rev5,10.0,0.01,G00__mom_255_21__top10__monthly__long_short,delta_vs_same_scenario_G00,annualized_l1_turnover,4.228252409905
G23,G23__mom_255_21__top10__monthly__long_short__rev5,long_short,rev5,10.0,0.03,G00__mom_255_21__top10__monthly__long_short,delta_vs_same_scenario_G00,cagr,0.06421609847884453
G23,G23__mom_255_21__top10__monthly__long_short__rev5,long_short,rev5,10.0,0.03,G00__mom_255_21__top10__monthly__long_short,delta_vs_same_scenario_G00,sharpe_excess_rf,0.3186524460593243
G23,G23__mom_255_21__top10__monthly__long_short__rev5,long_short,rev5,10.0,0.03,G00__mom_255_21__top10__monthly__long_short,delta_vs_same_scenario_G00,max_drawdown,0.29913919586189547
G23,G23__mom_255_21__top10__monthly__long_short__rev5,long_short,rev5,10.0,0.03,G00__mom_255_21__top10__monthly__long_short,delta_vs_same_scenario_G00,annualized_volatility,-0.055637242703068523
G23,G23__mom_255_21__top10__monthly__long_short__rev5,long_short,rev5,10.0,0.03,G00__mom_255_21__top10__monthly__long_short,delta_vs_same_scenario_G00,annualized_l1_turnover,4.2294613562423695
G23,G23__mom_255_21__top10__monthly__long_short__rev5,long_short,rev5,20.0,0.0,G00__mom_255_21__top10__monthly__long_short,delta_vs_same_scenario_G00,cagr,0.05973943722629494
G23,G23__mom_255_21__top10__monthly__long_short__rev5,long_short,rev5,20.0,0.0,G00__mom_255_21__top10__monthly__long_short,delta_vs_same_scenario_G00,sharpe_excess_rf,0.3010059174032875
G23,G23__mom_255_21__top10__monthly__long_short__rev5,long_short,rev5,20.0,0.0,G00__mom_255_21__top10__monthly__long_short,delta_vs_same_scenario_G00,max_drawdown,0.29359793580929106
G23,G23__mom_255_21__top10__monthly__long_short__rev5,long_short,rev5,20.0,0.0,G00__mom_255_21__top10__monthly__long_short,delta_vs_same_scenario_G00,annualized_volatility,-0.05535585635033771
G23,G23__mom_255_21__top10__monthly__long_short__rev5,long_short,rev5,20.0,0.0,G00__mom_255_21__top10__monthly__long_short,delta_vs_same_scenario_G00,annualized_l1_turnover,4.227632747475502
G23,G23__mom_255_21__top10__monthly__long_short__rev5,long_short,rev5,20.0,0.01,G00__mom_255_21__top10__monthly__long_short,delta_vs_same_scenario_G00,cagr,0.059492799338911675
G23,G23__mom_255_21__top10__monthly__long_short__rev5,long_short,rev5,20.0,0.01,G00__mom_255_21__top10__monthly__long_short,delta_vs_same_scenario_G00,sharpe_excess_rf,0.29442498207032997
G23,G23__mom_255_21__top10__monthly__long_short__rev5,long_short,rev5,20.0,0.01,G00__mom_255_21__top10__monthly__long_short,delta_vs_same_scenario_G00,max_drawdown,0.29924193159776136
G23,G23__mom_255_21__top10__monthly__long_short__rev5,long_short,rev5,20.0,0.01,G00__mom_255_21__top10__monthly__long_short,delta_vs_same_scenario_G00,annualized_volatility,-0.0553697077127247
G23,G23__mom_255_21__top10__monthly__long_short__rev5,long_short,rev5,20.0,0.01,G00__mom_255_21__top10__monthly__long_short,delta_vs_same_scenario_G00,annualized_l1_turnover,4.228252409905002
G23,G23__mom_255_21__top10__monthly__long_short__rev5,long_short,rev5,20.0,0.03,G00__mom_255_21__top10__monthly__long_short,delta_vs_same_scenario_G00,cagr,0.059009414253957004
G23,G23__mom_255_21__top10__monthly__long_short__rev5,long_short,rev5,20.0,0.03,G00__mom_255_21__top10__monthly__long_short,delta_vs_same_scenario_G00,sharpe_excess_rf,0.2814545838557457
G23,G23__mom_255_21__top10__monthly__long_short__rev5,long_short,rev5,20.0,0.03,G00__mom_255_21__top10__monthly__long_short,delta_vs_same_scenario_G00,max_drawdown,0.3199048382341538
G23,G23__mom_255_21__top10__monthly__long_short__rev5,long_short,rev5,20.0,0.03,G00__mom_255_21__top10__monthly__long_short,delta_vs_same_scenario_G00,annualized_volatility,-0.055397032070894164
G23,G23__mom_255_21__top10__monthly__long_short__rev5,long_short,rev5,20.0,0.03,G00__mom_255_21__top10__monthly__long_short,delta_vs_same_scenario_G00,annualized_l1_turnover,4.229461356242371
G23,G23__mom_255_21__top10__weekly__long_only__rev20,long_only,rev20,0.0,0.0,G00__mom_255_21__top10__weekly__long_only,delta_vs_same_scenario_G00,cagr,-0.06028792749468673
G23,G23__mom_255_21__top10__weekly__long_only__rev20,long_only,rev20,0.0,0.0,G00__mom_255_21__top10__weekly__long_only,delta_vs_same_scenario_G00,sharpe_excess_rf,-0.15712905054169846
G23,G23__mom_255_21__top10__weekly__long_only__rev20,long_only,rev20,0.0,0.0,G00__mom_255_21__top10__weekly__long_only,delta_vs_same_scenario_G00,max_drawdown,-0.1915075863791471
G23,G23__mom_255_21__top10__weekly__long_only__rev20,long_only,rev20,0.0,0.0,G00__mom_255_21__top10__weekly__long_only,delta_vs_same_scenario_G00,annualized_volatility,0.03615681113098579
G23,G23__mom_255_21__top10__weekly__long_only__rev20,long_only,rev20,0.0,0.0,G00__mom_255_21__top10__weekly__long_only,delta_vs_same_scenario_G00,annualized_l1_turnover,19.78923827044497
G23,G23__mom_255_21__top10__weekly__long_only__rev20,long_only,rev20,5.0,0.0,G00__mom_255_21__top10__weekly__long_only,delta_vs_same_scenario_G00,cagr,-0.07073412392789843
G23,G23__mom_255_21__top10__weekly__long_only__rev20,long_only,rev20,5.0,0.0,G00__mom_255_21__top10__weekly__long_only,delta_vs_same_scenario_G00,sharpe_excess_rf,-0.18023959941485523
G23,G23__mom_255_21__top10__weekly__long_only__rev20,long_only,rev20,5.0,0.0,G00__mom_255_21__top10__weekly__long_only,delta_vs_same_scenario_G00,max_drawdown,-0.18607081835581973
G23,G23__mom_255_21__top10__weekly__long_only__rev20,long_only,rev20,5.0,0.0,G00__mom_255_21__top10__weekly__long_only,delta_vs_same_scenario_G00,annualized_volatility,0.03609060019118887
G23,G23__mom_255_21__top10__weekly__long_only__rev20,long_only,rev20,5.0,0.0,G00__mom_255_21__top10__weekly__long_only,delta_vs_same_scenario_G00,annualized_l1_turnover,19.78923827044497
G23,G23__mom_255_21__top10__weekly__long_only__rev20,long_only,rev20,10.0,0.0,G00__mom_255_21__top10__weekly__long_only,delta_vs_same_scenario_G00,cagr,-0.08086832984625422
G23,G23__mom_255_21__top10__weekly__long_only__rev20,long_only,rev20,10.0,0.0,G00__mom_255_21__top10__weekly__long_only,delta_vs_same_scenario_G00,sharpe_excess_rf,-0.20337894595065165
G23,G23__mom_255_21__top10__weekly__long_only__rev20,long_only,rev20,10.0,0.0,G00__mom_255_21__top10__weekly__long_only,delta_vs_same_scenario_G00,max_drawdown,-0.18963244348776231
G23,G23__mom_255_21__top10__weekly__long_only__rev20,long_only,rev20,10.0,0.0,G00__mom_255_21__top10__weekly__long_only,delta_vs_same_scenario_G00,annualized_volatility,0.03604464677652042
G23,G23__mom_255_21__top10__weekly__long_only__rev20,long_only,rev20,10.0,0.0,G00__mom_255_21__top10__weekly__long_only,delta_vs_same_scenario_G00,annualized_l1_turnover,19.78923827044497
G23,G23__mom_255_21__top10__weekly__long_only__rev20,long_only,rev20,20.0,0.0,G00__mom_255_21__top10__weekly__long_only,delta_vs_same_scenario_G00,cagr,-0.10022804518269224
G23,G23__mom_255_21__top10__weekly__long_only__rev20,long_only,rev20,20.0,0.0,G00__mom_255_21__top10__weekly__long_only,delta_vs_same_scenario_G00,sharpe_excess_rf,-0.24970724929638216
G23,G23__mom_255_21__top10__weekly__long_only__rev20,long_only,rev20,20.0,0.0,G00__mom_255_21__top10__weekly__long_only,delta_vs_same_scenario_G00,max_drawdown,-0.19422405560840483
G23,G23__mom_255_21__top10__weekly__long_only__rev20,long_only,rev20,20.0,0.0,G00__mom_255_21__top10__weekly__long_only,delta_vs_same_scenario_G00,annualized_volatility,0.036013520645237995
G23,G23__mom_255_21__top10__weekly__long_only__rev20,long_only,rev20,20.0,0.0,G00__mom_255_21__top10__weekly__long_only,delta_vs_same_scenario_G00,annualized_l1_turnover,19.78923827044497
G23,G23__mom_255_21__top10__weekly__long_only__rev5,long_only,rev5,0.0,0.0,G00__mom_255_21__top10__weekly__long_only,delta_vs_same_scenario_G00,cagr,0.032830404968566235
G23,G23__mom_255_21__top10__weekly__long_only__rev5,long_only,rev5,0.0,0.0,G00__mom_255_21__top10__weekly__long_only,delta_vs_same_scenario_G00,sharpe_excess_rf,0.057902259729907146
G23,G23__mom_255_21__top10__weekly__long_only__rev5,long_only,rev5,0.0,0.0,G00__mom_255_21__top10__weekly__long_only,delta_vs_same_scenario_G00,max_drawdown,-0.18574389481728848
G23,G23__mom_255_21__top10__weekly__long_only__rev5,long_only,rev5,0.0,0.0,G00__mom_255_21__top10__weekly__long_only,delta_vs_same_scenario_G00,annualized_volatility,0.02563184404977703
G23,G23__mom_255_21__top10__weekly__long_only__rev5,long_only,rev5,0.0,0.0,G00__mom_255_21__top10__weekly__long_only,delta_vs_same_scenario_G00,annualized_l1_turnover,33.3879911660256
G23,G23__mom_255_21__top10__weekly__long_only__rev5,long_only,rev5,5.0,0.0,G00__mom_255_21__top10__weekly__long_only,delta_vs_same_scenario_G00,cagr,0.012400414734048876
G23,G23__mom_255_21__top10__weekly__long_only__rev5,long_only,rev5,5.0,0.0,G00__mom_255_21__top10__weekly__long_only,delta_vs_same_scenario_G00,sharpe_excess_rf,0.015095117062322472
G23,G23__mom_255_21__top10__weekly__long_only__rev5,long_only,rev5,5.0,0.0,G00__mom_255_21__top10__weekly__long_only,delta_vs_same_scenario_G00,max_drawdown,-0.1819083124757921
G23,G23__mom_255_21__top10__weekly__long_only__rev5,long_only,rev5,5.0,0.0,G00__mom_255_21__top10__weekly__long_only,delta_vs_same_scenario_G00,annualized_volatility,0.02545456350203762
G23,G23__mom_255_21__top10__weekly__long_only__rev5,long_only,rev5,5.0,0.0,G00__mom_255_21__top10__weekly__long_only,delta_vs_same_scenario_G00,annualized_l1_turnover,33.3879911660256
G23,G23__mom_255_21__top10__weekly__long_only__rev5,long_only,rev5,10.0,0.0,G00__mom_255_21__top10__weekly__long_only,delta_vs_same_scenario_G00,cagr,-0.0073182560084145976
G23,G23__mom_255_21__top10__weekly__long_only__rev5,long_only,rev5,10.0,0.0,G00__mom_255_21__top10__weekly__long_only,delta_vs_same_scenario_G00,sharpe_excess_rf,-0.027833765830141077
G23,G23__mom_255_21__top10__weekly__long_only__rev5,long_only,rev5,10.0,0.0,G00__mom_255_21__top10__weekly__long_only,delta_vs_same_scenario_G00,max_drawdown,-0.18377060394064526
G23,G23__mom_255_21__top10__weekly__long_only__rev5,long_only,rev5,10.0,0.0,G00__mom_255_21__top10__weekly__long_only,delta_vs_same_scenario_G00,annualized_volatility,0.025321403982634716
G23,G23__mom_255_21__top10__weekly__long_only__rev5,long_only,rev5,10.0,0.0,G00__mom_255_21__top10__weekly__long_only,delta_vs_same_scenario_G00,annualized_l1_turnover,33.3879911660256
G23,G23__mom_255_21__top10__weekly__long_only__rev5,long_only,rev5,20.0,0.0,G00__mom_255_21__top10__weekly__long_only,delta_vs_same_scenario_G00,cagr,-0.04469888899795493
G23,G23__mom_255_21__top10__weekly__long_only__rev5,long_only,rev5,20.0,0.0,G00__mom_255_21__top10__weekly__long_only,delta_vs_same_scenario_G00,sharpe_excess_rf,-0.11394707994969117
G23,G23__mom_255_21__top10__weekly__long_only__rev5,long_only,rev5,20.0,0.0,G00__mom_255_21__top10__weekly__long_only,delta_vs_same_scenario_G00,max_drawdown,-0.194218007672748
G23,G23__mom_255_21__top10__weekly__long_only__rev5,long_only,rev5,20.0,0.0,G00__mom_255_21__top10__weekly__long_only,delta_vs_same_scenario_G00,annualized_volatility,0.02518758705523305
G23,G23__mom_255_21__top10__weekly__long_only__rev5,long_only,rev5,20.0,0.0,G00__mom_255_21__top10__weekly__long_only,delta_vs_same_scenario_G00,annualized_l1_turnover,33.3879911660256
G23,G23__mom_255_21__top10__weekly__long_short__rev20,long_short,rev20,0.0,0.0,G00__mom_255_21__top10__weekly__long_short,delta_vs_same_scenario_G00,cagr,0.022665678453591118
G23,G23__mom_255_21__top10__weekly__long_short__rev20,long_short,rev20,0.0,0.0,G00__mom_255_21__top10__weekly__long_short,delta_vs_same_scenario_G00,sharpe_excess_rf,0.0926458521359716
G23,G23__mom_255_21__top10__weekly__long_short__rev20,long_short,rev20,0.0,0.0,G00__mom_255_21__top10__weekly__long_short,delta_vs_same_scenario_G00,max_drawdown,0.2435248660045075
G23,G23__mom_255_21__top10__weekly__long_short__rev20,long_short,rev20,0.0,0.0,G00__mom_255_21__top10__weekly__long_short,delta_vs_same_scenario_G00,annualized_volatility,-0.019709109742989145
G23,G23__mom_255_21__top10__weekly__long_short__rev20,long_short,rev20,0.0,0.0,G00__mom_255_21__top10__weekly__long_short,delta_vs_same_scenario_G00,annualized_l1_turnover,12.426085814547609
G23,G23__mom_255_21__top10__weekly__long_short__rev20,long_short,rev20,0.0,0.01,G00__mom_255_21__top10__weekly__long_short,delta_vs_same_scenario_G00,cagr,0.02255859626381179
G23,G23__mom_255_21__top10__weekly__long_short__rev20,long_short,rev20,0.0,0.01,G00__mom_255_21__top10__weekly__long_short,delta_vs_same_scenario_G00,sharpe_excess_rf,0.09061403054337268
G23,G23__mom_255_21__top10__weekly__long_short__rev20,long_short,rev20,0.0,0.01,G00__mom_255_21__top10__weekly__long_short,delta_vs_same_scenario_G00,max_drawdown,0.24551327827237057
G23,G23__mom_255_21__top10__weekly__long_short__rev20,long_short,rev20,0.0,0.01,G00__mom_255_21__top10__weekly__long_short,delta_vs_same_scenario_G00,annualized_volatility,-0.019711856826794105
G23,G23__mom_255_21__top10__weekly__long_short__rev20,long_short,rev20,0.0,0.01,G00__mom_255_21__top10__weekly__long_short,delta_vs_same_scenario_G00,annualized_l1_turnover,12.426586263167032
G23,G23__mom_255_21__top10__weekly__long_short__rev20,long_short,rev20,0.0,0.03,G00__mom_255_21__top10__weekly__long_short,delta_vs_same_scenario_G00,cagr,0.022349018836459948
G23,G23__mom_255_21__top10__weekly__long_short__rev20,long_short,rev20,0.0,0.03,G00__mom_255_21__top10__weekly__long_short,delta_vs_same_scenario_G00,sharpe_excess_rf,0.0866091727555941
G23,G23__mom_255_21__top10__weekly__long_short__rev20,long_short,rev20,0.0,0.03,G00__mom_255_21__top10__weekly__long_short,delta_vs_same_scenario_G00,max_drawdown,0.2491590733803165
G23,G23__mom_255_21__top10__weekly__long_short__rev20,long_short,rev20,0.0,0.03,G00__mom_255_21__top10__weekly__long_short,delta_vs_same_scenario_G00,annualized_volatility,-0.019717273369321248
G23,G23__mom_255_21__top10__weekly__long_short__rev20,long_short,rev20,0.0,0.03,G00__mom_255_21__top10__weekly__long_short,delta_vs_same_scenario_G00,annualized_l1_turnover,12.42757378087175
G23,G23__mom_255_21__top10__weekly__long_short__rev20,long_short,rev20,5.0,0.0,G00__mom_255_21__top10__weekly__long_short,delta_vs_same_scenario_G00,cagr,0.015994940157862535
G23,G23__mom_255_21__top10__weekly__long_short__rev20,long_short,rev20,5.0,0.0,G00__mom_255_21__top10__weekly__long_short,delta_vs_same_scenario_G00,sharpe_excess_rf,0.05858124906171039
G23,G23__mom_255_21__top10__weekly__long_short__rev20,long_short,rev20,5.0,0.0,G00__mom_255_21__top10__weekly__long_short,delta_vs_same_scenario_G00,max_drawdown,0.2430828449118242
G23,G23__mom_255_21__top10__weekly__long_short__rev20,long_short,rev20,5.0,0.0,G00__mom_255_21__top10__weekly__long_short,delta_vs_same_scenario_G00,annualized_volatility,-0.019702585189574295
G23,G23__mom_255_21__top10__weekly__long_short__rev20,long_short,rev20,5.0,0.0,G00__mom_255_21__top10__weekly__long_short,delta_vs_same_scenario_G00,annualized_l1_turnover,12.426085814547609
G23,G23__mom_255_21__top10__weekly__long_short__rev20,long_short,rev20,5.0,0.01,G00__mom_255_21__top10__weekly__long_short,delta_vs_same_scenario_G00,cagr,0.015920621003696254
G23,G23__mom_255_21__top10__weekly__long_short__rev20,long_short,rev20,5.0,0.01,G00__mom_255_21__top10__weekly__long_short,delta_vs_same_scenario_G00,sharpe_excess_rf,0.0565517797592287
G23,G23__mom_255_21__top10__weekly__long_short__rev20,long_short,rev20,5.0,0.01,G00__mom_255_21__top10__weekly__long_short,delta_vs_same_scenario_G00,max_drawdown,0.2449063742921096
G23,G23__mom_255_21__top10__weekly__long_short__rev20,long_short,rev20,5.0,0.01,G00__mom_255_21__top10__weekly__long_short,delta_vs_same_scenario_G00,annualized_volatility,-0.019705339557624962
G23,G23__mom_255_21__top10__weekly__long_short__rev20,long_short,rev20,5.0,0.01,G00__mom_255_21__top10__weekly__long_short,delta_vs_same_scenario_G00,annualized_l1_turnover,12.426586263167032
G23,G23__mom_255_21__top10__weekly__long_short__rev20,long_short,rev20,5.0,0.03,G00__mom_255_21__top10__weekly__long_short,delta_vs_same_scenario_G00,cagr,0.01577514956335114
G23,G23__mom_255_21__top10__weekly__long_short__rev20,long_short,rev20,5.0,0.03,G00__mom_255_21__top10__weekly__long_short,delta_vs_same_scenario_G00,sharpe_excess_rf,0.05255154999658969
G23,G23__mom_255_21__top10__weekly__long_short__rev20,long_short,rev20,5.0,0.03,G00__mom_255_21__top10__weekly__long_short,delta_vs_same_scenario_G00,max_drawdown,0.24824038062413067
G23,G23__mom_255_21__top10__weekly__long_short__rev20,long_short,rev20,5.0,0.03,G00__mom_255_21__top10__weekly__long_short,delta_vs_same_scenario_G00,annualized_volatility,-0.01971077062668214
G23,G23__mom_255_21__top10__weekly__long_short__rev20,long_short,rev20,5.0,0.03,G00__mom_255_21__top10__weekly__long_short,delta_vs_same_scenario_G00,annualized_l1_turnover,12.42757378087175
G23,G23__mom_255_21__top10__weekly__long_short__rev20,long_short,rev20,10.0,0.0,G00__mom_255_21__top10__weekly__long_short,delta_vs_same_scenario_G00,cagr,0.009494131373833314
G23,G23__mom_255_21__top10__weekly__long_short__rev20,long_short,rev20,10.0,0.0,G00__mom_255_21__top10__weekly__long_short,delta_vs_same_scenario_G00,sharpe_excess_rf,0.02453214829478776
G23,G23__mom_255_21__top10__weekly__long_short__rev20,long_short,rev20,10.0,0.0,G00__mom_255_21__top10__weekly__long_short,delta_vs_same_scenario_G00,max_drawdown,0.24240194851198427
G23,G23__mom_255_21__top10__weekly__long_short__rev20,long_short,rev20,10.0,0.0,G00__mom_255_21__top10__weekly__long_short,delta_vs_same_scenario_G00,annualized_volatility,-0.019671218115196704
G23,G23__mom_255_21__top10__weekly__long_short__rev20,long_short,rev20,10.0,0.0,G00__mom_255_21__top10__weekly__long_short,delta_vs_same_scenario_G00,annualized_l1_turnover,12.426085814547609
G23,G23__mom_255_21__top10__weekly__long_short__rev20,long_short,rev20,10.0,0.01,G00__mom_255_21__top10__weekly__long_short,delta_vs_same_scenario_G00,cagr,0.009451750004586541
G23,G23__mom_255_21__top10__weekly__long_short__rev20,long_short,rev20,10.0,0.01,G00__mom_255_21__top10__weekly__long_short,delta_vs_same_scenario_G00,sharpe_excess_rf,0.022508014614210144
G23,G23__mom_255_21__top10__weekly__long_short__rev20,long_short,rev20,10.0,0.01,G00__mom_255_21__top10__weekly__long_short,delta_vs_same_scenario_G00,max_drawdown,0.24406949470702122
G23,G23__mom_255_21__top10__weekly__long_short__rev20,long_short,rev20,10.0,0.01,G00__mom_255_21__top10__weekly__long_short,delta_vs_same_scenario_G00,annualized_volatility,-0.019673979810601983
G23,G23__mom_255_21__top10__weekly__long_short__rev20,long_short,rev20,10.0,0.01,G00__mom_255_21__top10__weekly__long_short,delta_vs_same_scenario_G00,annualized_l1_turnover,12.426586263167032
G23,G23__mom_255_21__top10__weekly__long_short__rev20,long_short,rev20,10.0,0.03,G00__mom_255_21__top10__weekly__long_short,delta_vs_same_scenario_G00,cagr,0.009368769727405668
G23,G23__mom_255_21__top10__weekly__long_short__rev20,long_short,rev20,10.0,0.03,G00__mom_255_21__top10__weekly__long_short,delta_vs_same_scenario_G00,sharpe_excess_rf,0.01851829085834074
G23,G23__mom_255_21__top10__weekly__long_short__rev20,long_short,rev20,10.0,0.03,G00__mom_255_21__top10__weekly__long_short,delta_vs_same_scenario_G00,max_drawdown,0.24710866714048385
G23,G23__mom_255_21__top10__weekly__long_short__rev20,long_short,rev20,10.0,0.03,G00__mom_255_21__top10__weekly__long_short,delta_vs_same_scenario_G00,annualized_volatility,-0.01967942548539331
G23,G23__mom_255_21__top10__weekly__long_short__rev20,long_short,rev20,10.0,0.03,G00__mom_255_21__top10__weekly__long_short,delta_vs_same_scenario_G00,annualized_l1_turnover,12.42757378087175
G23,G23__mom_255_21__top10__weekly__long_short__rev20,long_short,rev20,20.0,0.0,G00__mom_255_21__top10__weekly__long_short,delta_vs_same_scenario_G00,cagr,-0.0030106884541119417
G23,G23__mom_255_21__top10__weekly__long_short__rev20,long_short,rev20,20.0,0.0,G00__mom_255_21__top10__weekly__long_short,delta_vs_same_scenario_G00,sharpe_excess_rf,-0.043387214168053204
G23,G23__mom_255_21__top10__weekly__long_short__rev20,long_short,rev20,20.0,0.0,G00__mom_255_21__top10__weekly__long_short,delta_vs_same_scenario_G00,max_drawdown,0.2403884310043758
G23,G23__mom_255_21__top10__weekly__long_short__rev20,long_short,rev20,20.0,0.0,G00__mom_255_21__top10__weekly__long_short,delta_vs_same_scenario_G00,annualized_volatility,-0.01953411456401749
G23,G23__mom_255_21__top10__weekly__long_short__rev20,long_short,rev20,20.0,0.0,G00__mom_255_21__top10__weekly__long_short,delta_vs_same_scenario_G00,annualized_l1_turnover,12.426085814547609
G23,G23__mom_255_21__top10__weekly__long_short__rev20,long_short,rev20,20.0,0.01,G00__mom_255_21__top10__weekly__long_short,delta_vs_same_scenario_G00,cagr,-0.002991607670282094
G23,G23__mom_255_21__top10__weekly__long_short__rev20,long_short,rev20,20.0,0.01,G00__mom_255_21__top10__weekly__long_short,delta_vs_same_scenario_G00,sharpe_excess_rf,-0.04539179115911972
G23,G23__mom_255_21__top10__weekly__long_short__rev20,long_short,rev20,20.0,0.01,G00__mom_255_21__top10__weekly__long_short,delta_vs_same_scenario_G00,max_drawdown,0.23097075288259894
G23,G23__mom_255_21__top10__weekly__long_short__rev20,long_short,rev20,20.0,0.01,G00__mom_255_21__top10__weekly__long_short,delta_vs_same_scenario_G00,annualized_volatility,-0.019536891034979048
G23,G23__mom_255_21__top10__weekly__long_short__rev20,long_short,rev20,20.0,0.01,G00__mom_255_21__top10__weekly__long_short,delta_vs_same_scenario_G00,annualized_l1_turnover,12.426586263167035
G23,G23__mom_255_21__top10__weekly__long_short__rev20,long_short,rev20,20.0,0.03,G00__mom_255_21__top10__weekly__long_short,delta_vs_same_scenario_G00,cagr,-0.0029543281096354145
G23,G23__mom_255_21__top10__weekly__long_short__rev20,long_short,rev20,20.0,0.03,G00__mom_255_21__top10__weekly__long_short,delta_vs_same_scenario_G00,sharpe_excess_rf,-0.04934299606402315
G23,G23__mom_255_21__top10__weekly__long_short__rev20,long_short,rev20,20.0,0.03,G00__mom_255_21__top10__weekly__long_short,delta_vs_same_scenario_G00,max_drawdown,0.2102255913782516
G23,G23__mom_255_21__top10__weekly__long_short__rev20,long_short,rev20,20.0,0.03,G00__mom_255_21__top10__weekly__long_short,delta_vs_same_scenario_G00,annualized_volatility,-0.019542366141701517
G23,G23__mom_255_21__top10__weekly__long_short__rev20,long_short,rev20,20.0,0.03,G00__mom_255_21__top10__weekly__long_short,delta_vs_same_scenario_G00,annualized_l1_turnover,12.42757378087175
G23,G23__mom_255_21__top10__weekly__long_short__rev5,long_short,rev5,0.0,0.0,G00__mom_255_21__top10__weekly__long_short,delta_vs_same_scenario_G00,cagr,0.06811958254171056
G23,G23__mom_255_21__top10__weekly__long_short__rev5,long_short,rev5,0.0,0.0,G00__mom_255_21__top10__weekly__long_short,delta_vs_same_scenario_G00,sharpe_excess_rf,0.3036054574295278
G23,G23__mom_255_21__top10__weekly__long_short__rev5,long_short,rev5,0.0,0.0,G00__mom_255_21__top10__weekly__long_short,delta_vs_same_scenario_G00,max_drawdown,0.264684917330856
G23,G23__mom_255_21__top10__weekly__long_short__rev5,long_short,rev5,0.0,0.0,G00__mom_255_21__top10__weekly__long_short,delta_vs_same_scenario_G00,annualized_volatility,-0.02790667195367577
G23,G23__mom_255_21__top10__weekly__long_short__rev5,long_short,rev5,0.0,0.0,G00__mom_255_21__top10__weekly__long_short,delta_vs_same_scenario_G00,annualized_l1_turnover,20.696479516928367
G23,G23__mom_255_21__top10__weekly__long_short__rev5,long_short,rev5,0.0,0.01,G00__mom_255_21__top10__weekly__long_short,delta_vs_same_scenario_G00,cagr,0.06779464333233604
G23,G23__mom_255_21__top10__weekly__long_short__rev5,long_short,rev5,0.0,0.01,G00__mom_255_21__top10__weekly__long_short,delta_vs_same_scenario_G00,sharpe_excess_rf,0.30062028166346155
G23,G23__mom_255_21__top10__weekly__long_short__rev5,long_short,rev5,0.0,0.01,G00__mom_255_21__top10__weekly__long_short,delta_vs_same_scenario_G00,max_drawdown,0.26648920575861634
G23,G23__mom_255_21__top10__weekly__long_short__rev5,long_short,rev5,0.0,0.01,G00__mom_255_21__top10__weekly__long_short,delta_vs_same_scenario_G00,annualized_volatility,-0.027909801580507765
G23,G23__mom_255_21__top10__weekly__long_short__rev5,long_short,rev5,0.0,0.01,G00__mom_255_21__top10__weekly__long_short,delta_vs_same_scenario_G00,annualized_l1_turnover,20.697316455496498
G23,G23__mom_255_21__top10__weekly__long_short__rev5,long_short,rev5,0.0,0.03,G00__mom_255_21__top10__weekly__long_short,delta_vs_same_scenario_G00,cagr,0.06715871357076213
G23,G23__mom_255_21__top10__weekly__long_short__rev5,long_short,rev5,0.0,0.03,G00__mom_255_21__top10__weekly__long_short,delta_vs_same_scenario_G00,sharpe_excess_rf,0.2947367710721164
G23,G23__mom_255_21__top10__weekly__long_short__rev5,long_short,rev5,0.0,0.03,G00__mom_255_21__top10__weekly__long_short,delta_vs_same_scenario_G00,max_drawdown,0.2697767607538869
G23,G23__mom_255_21__top10__weekly__long_short__rev5,long_short,rev5,0.0,0.03,G00__mom_255_21__top10__weekly__long_short,delta_vs_same_scenario_G00,annualized_volatility,-0.027915971724380817
G23,G23__mom_255_21__top10__weekly__long_short__rev5,long_short,rev5,0.0,0.03,G00__mom_255_21__top10__weekly__long_short,delta_vs_same_scenario_G00,annualized_l1_turnover,20.698964303706905
G23,G23__mom_255_21__top10__weekly__long_short__rev5,long_short,rev5,5.0,0.0,G00__mom_255_21__top10__weekly__long_short,delta_vs_same_scenario_G00,cagr,0.05625085903362861
G23,G23__mom_255_21__top10__weekly__long_short__rev5,long_short,rev5,5.0,0.0,G00__mom_255_21__top10__weekly__long_short,delta_vs_same_scenario_G00,sharpe_excess_rf,0.24568274310167137
G23,G23__mom_255_21__top10__weekly__long_short__rev5,long_short,rev5,5.0,0.0,G00__mom_255_21__top10__weekly__long_short,delta_vs_same_scenario_G00,max_drawdown,0.2600501404227249
G23,G23__mom_255_21__top10__weekly__long_short__rev5,long_short,rev5,5.0,0.0,G00__mom_255_21__top10__weekly__long_short,delta_vs_same_scenario_G00,annualized_volatility,-0.028039796875989675
G23,G23__mom_255_21__top10__weekly__long_short__rev5,long_short,rev5,5.0,0.0,G00__mom_255_21__top10__weekly__long_short,delta_vs_same_scenario_G00,annualized_l1_turnover,20.696479516928367
G23,G23__mom_255_21__top10__weekly__long_short__rev5,long_short,rev5,5.0,0.01,G00__mom_255_21__top10__weekly__long_short,delta_vs_same_scenario_G00,cagr,0.05598409063481909
G23,G23__mom_255_21__top10__weekly__long_short__rev5,long_short,rev5,5.0,0.01,G00__mom_255_21__top10__weekly__long_short,delta_vs_same_scenario_G00,sharpe_excess_rf,0.24268395518568164
G23,G23__mom_255_21__top10__weekly__long_short__rev5,long_short,rev5,5.0,0.01,G00__mom_255_21__top10__weekly__long_short,delta_vs_same_scenario_G00,max_drawdown,0.2617269168337689
G23,G23__mom_255_21__top10__weekly__long_short__rev5,long_short,rev5,5.0,0.01,G00__mom_255_21__top10__weekly__long_short,delta_vs_same_scenario_G00,annualized_volatility,-0.028042929566292535
G23,G23__mom_255_21__top10__weekly__long_short__rev5,long_short,rev5,5.0,0.01,G00__mom_255_21__top10__weekly__long_short,delta_vs_same_scenario_G00,annualized_l1_turnover,20.697316455496498
G23,G23__mom_255_21__top10__weekly__long_short__rev5,long_short,rev5,5.0,0.03,G00__mom_255_21__top10__weekly__long_short,delta_vs_same_scenario_G00,cagr,0.05546198477344389
G23,G23__mom_255_21__top10__weekly__long_short__rev5,long_short,rev5,5.0,0.03,G00__mom_255_21__top10__weekly__long_short,delta_vs_same_scenario_G00,sharpe_excess_rf,0.2367736289774166
G23,G23__mom_255_21__top10__weekly__long_short__rev5,long_short,rev5,5.0,0.03,G00__mom_255_21__top10__weekly__long_short,delta_vs_same_scenario_G00,max_drawdown,0.2647753716201604
G23,G23__mom_255_21__top10__weekly__long_short__rev5,long_short,rev5,5.0,0.03,G00__mom_255_21__top10__weekly__long_short,delta_vs_same_scenario_G00,annualized_volatility,-0.02804910604870653
G23,G23__mom_255_21__top10__weekly__long_short__rev5,long_short,rev5,5.0,0.03,G00__mom_255_21__top10__weekly__long_short,delta_vs_same_scenario_G00,annualized_l1_turnover,20.698964303706905
G23,G23__mom_255_21__top10__weekly__long_short__rev5,long_short,rev5,10.0,0.0,G00__mom_255_21__top10__weekly__long_short,delta_vs_same_scenario_G00,cagr,0.04472288481698655
G23,G23__mom_255_21__top10__weekly__long_short__rev5,long_short,rev5,10.0,0.0,G00__mom_255_21__top10__weekly__long_short,delta_vs_same_scenario_G00,sharpe_excess_rf,0.18758767901623852
G23,G23__mom_255_21__top10__weekly__long_short__rev5,long_short,rev5,10.0,0.0,G00__mom_255_21__top10__weekly__long_short,delta_vs_same_scenario_G00,max_drawdown,0.2554002095640452
G23,G23__mom_255_21__top10__weekly__long_short__rev5,long_short,rev5,10.0,0.0,G00__mom_255_21__top10__weekly__long_short,delta_vs_same_scenario_G00,annualized_volatility,-0.02811918435740668
G23,G23__mom_255_21__top10__weekly__long_short__rev5,long_short,rev5,10.0,0.0,G00__mom_255_21__top10__weekly__long_short,delta_vs_same_scenario_G00,annualized_l1_turnover,20.696479516928367
G23,G23__mom_255_21__top10__weekly__long_short__rev5,long_short,rev5,10.0,0.01,G00__mom_255_21__top10__weekly__long_short,delta_vs_same_scenario_G00,cagr,0.04451263413486562
G23,G23__mom_255_21__top10__weekly__long_short__rev5,long_short,rev5,10.0,0.01,G00__mom_255_21__top10__weekly__long_short,delta_vs_same_scenario_G00,sharpe_excess_rf,0.1845821658842531
G23,G23__mom_255_21__top10__weekly__long_short__rev5,long_short,rev5,10.0,0.01,G00__mom_255_21__top10__weekly__long_short,delta_vs_same_scenario_G00,max_drawdown,0.25695638771114493
G23,G23__mom_255_21__top10__weekly__long_short__rev5,long_short,rev5,10.0,0.01,G00__mom_255_21__top10__weekly__long_short,delta_vs_same_scenario_G00,annualized_volatility,-0.028122320310090043
G23,G23__mom_255_21__top10__weekly__long_short__rev5,long_short,rev5,10.0,0.01,G00__mom_255_21__top10__weekly__long_short,delta_vs_same_scenario_G00,annualized_l1_turnover,20.697316455496498
G23,G23__mom_255_21__top10__weekly__long_short__rev5,long_short,rev5,10.0,0.03,G00__mom_255_21__top10__weekly__long_short,delta_vs_same_scenario_G00,cagr,0.04410111734535275
G23,G23__mom_255_21__top10__weekly__long_short__rev5,long_short,rev5,10.0,0.03,G00__mom_255_21__top10__weekly__long_short,delta_vs_same_scenario_G00,sharpe_excess_rf,0.1786585929688165
G23,G23__mom_255_21__top10__weekly__long_short__rev5,long_short,rev5,10.0,0.03,G00__mom_255_21__top10__weekly__long_short,delta_vs_same_scenario_G00,max_drawdown,0.2597788342354309
G23,G23__mom_255_21__top10__weekly__long_short__rev5,long_short,rev5,10.0,0.03,G00__mom_255_21__top10__weekly__long_short,delta_vs_same_scenario_G00,annualized_volatility,-0.02812850352420096
G23,G23__mom_255_21__top10__weekly__long_short__rev5,long_short,rev5,10.0,0.03,G00__mom_255_21__top10__weekly__long_short,delta_vs_same_scenario_G00,annualized_l1_turnover,20.698964303706905
G23,G23__mom_255_21__top10__weekly__long_short__rev5,long_short,rev5,20.0,0.0,G00__mom_255_21__top10__weekly__long_short,delta_vs_same_scenario_G00,cagr,0.02265900558224472
G23,G23__mom_255_21__top10__weekly__long_short__rev5,long_short,rev5,20.0,0.0,G00__mom_255_21__top10__weekly__long_short,delta_vs_same_scenario_G00,sharpe_excess_rf,0.07124720662520895
G23,G23__mom_255_21__top10__weekly__long_short__rev5,long_short,rev5,20.0,0.0,G00__mom_255_21__top10__weekly__long_short,delta_vs_same_scenario_G00,max_drawdown,0.24608303839476298
G23,G23__mom_255_21__top10__weekly__long_short__rev5,long_short,rev5,20.0,0.0,G00__mom_255_21__top10__weekly__long_short,delta_vs_same_scenario_G00,annualized_volatility,-0.028116692048678088
G23,G23__mom_255_21__top10__weekly__long_short__rev5,long_short,rev5,20.0,0.0,G00__mom_255_21__top10__weekly__long_short,delta_vs_same_scenario_G00,annualized_l1_turnover,20.696479516928367
G23,G23__mom_255_21__top10__weekly__long_short__rev5,long_short,rev5,20.0,0.01,G00__mom_255_21__top10__weekly__long_short,delta_vs_same_scenario_G00,cagr,0.02255697582853241
G23,G23__mom_255_21__top10__weekly__long_short__rev5,long_short,rev5,20.0,0.01,G00__mom_255_21__top10__weekly__long_short,delta_vs_same_scenario_G00,sharpe_excess_rf,0.06824889409119854
G23,G23__mom_255_21__top10__weekly__long_short__rev5,long_short,rev5,20.0,0.01,G00__mom_255_21__top10__weekly__long_short,delta_vs_same_scenario_G00,max_drawdown,0.24741744188092285
G23,G23__mom_255_21__top10__weekly__long_short__rev5,long_short,rev5,20.0,0.01,G00__mom_255_21__top10__weekly__long_short,delta_vs_same_scenario_G00,annualized_volatility,-0.028119835144588184
G23,G23__mom_255_21__top10__weekly__long_short__rev5,long_short,rev5,20.0,0.01,G00__mom_255_21__top10__weekly__long_short,delta_vs_same_scenario_G00,annualized_l1_turnover,20.6973164554965
G23,G23__mom_255_21__top10__weekly__long_short__rev5,long_short,rev5,20.0,0.03,G00__mom_255_21__top10__weekly__long_short,delta_vs_same_scenario_G00,cagr,0.022357216019662066
G23,G23__mom_255_21__top10__weekly__long_short__rev5,long_short,rev5,20.0,0.03,G00__mom_255_21__top10__weekly__long_short,delta_vs_same_scenario_G00,sharpe_excess_rf,0.06233951521003982
G23,G23__mom_255_21__top10__weekly__long_short__rev5,long_short,rev5,20.0,0.03,G00__mom_255_21__top10__weekly__long_short,delta_vs_same_scenario_G00,max_drawdown,0.2498246372143197
G23,G23__mom_255_21__top10__weekly__long_short__rev5,long_short,rev5,20.0,0.03,G00__mom_255_21__top10__weekly__long_short,delta_vs_same_scenario_G00,annualized_volatility,-0.02812603304287256
G23,G23__mom_255_21__top10__weekly__long_short__rev5,long_short,rev5,20.0,0.03,G00__mom_255_21__top10__weekly__long_short,delta_vs_same_scenario_G00,annualized_l1_turnover,20.698964303706905
G23,G23__mom_255_21__top20__monthly__long_only__rev20,long_only,rev20,0.0,0.0,G00__mom_255_21__top20__monthly__long_only,delta_vs_same_scenario_G00,cagr,-0.1040645018211932
G23,G23__mom_255_21__top20__monthly__long_only__rev20,long_only,rev20,0.0,0.0,G00__mom_255_21__top20__monthly__long_only,delta_vs_same_scenario_G00,sharpe_excess_rf,-0.3102826207038874
G23,G23__mom_255_21__top20__monthly__long_only__rev20,long_only,rev20,0.0,0.0,G00__mom_255_21__top20__monthly__long_only,delta_vs_same_scenario_G00,max_drawdown,-0.16774892083532567
G23,G23__mom_255_21__top20__monthly__long_only__rev20,long_only,rev20,0.0,0.0,G00__mom_255_21__top20__monthly__long_only,delta_vs_same_scenario_G00,annualized_volatility,0.02387782029262958
G23,G23__mom_255_21__top20__monthly__long_only__rev20,long_only,rev20,0.0,0.0,G00__mom_255_21__top20__monthly__long_only,delta_vs_same_scenario_G00,annualized_l1_turnover,6.148892051480351
G23,G23__mom_255_21__top20__monthly__long_only__rev20,long_only,rev20,5.0,0.0,G00__mom_255_21__top20__monthly__long_only,delta_vs_same_scenario_G00,cagr,-0.1070173067348669
G23,G23__mom_255_21__top20__monthly__long_only__rev20,long_only,rev20,5.0,0.0,G00__mom_255_21__top20__monthly__long_only,delta_vs_same_scenario_G00,sharpe_excess_rf,-0.31887832070621713
G23,G23__mom_255_21__top20__monthly__long_only__rev20,long_only,rev20,5.0,0.0,G00__mom_255_21__top20__monthly__long_only,delta_vs_same_scenario_G00,max_drawdown,-0.16375818679598642
G23,G23__mom_255_21__top20__monthly__long_only__rev20,long_only,rev20,5.0,0.0,G00__mom_255_21__top20__monthly__long_only,delta_vs_same_scenario_G00,annualized_volatility,0.023872592612048993
G23,G23__mom_255_21__top20__monthly__long_only__rev20,long_only,rev20,5.0,0.0,G00__mom_255_21__top20__monthly__long_only,delta_vs_same_scenario_G00,annualized_l1_turnover,6.148892051480351
G23,G23__mom_255_21__top20__monthly__long_only__rev20,long_only,rev20,10.0,0.0,G00__mom_255_21__top20__monthly__long_only,delta_vs_same_scenario_G00,cagr,-0.10993826677368079
G23,G23__mom_255_21__top20__monthly__long_only__rev20,long_only,rev20,10.0,0.0,G00__mom_255_21__top20__monthly__long_only,delta_vs_same_scenario_G00,sharpe_excess_rf,-0.3274811932521858
G23,G23__mom_255_21__top20__monthly__long_only__rev20,long_only,rev20,10.0,0.0,G00__mom_255_21__top20__monthly__long_only,delta_vs_same_scenario_G00,max_drawdown,-0.15979822986692127
G23,G23__mom_255_21__top20__monthly__long_only__rev20,long_only,rev20,10.0,0.0,G00__mom_255_21__top20__monthly__long_only,delta_vs_same_scenario_G00,annualized_volatility,0.023878743192362828
G23,G23__mom_255_21__top20__monthly__long_only__rev20,long_only,rev20,10.0,0.0,G00__mom_255_21__top20__monthly__long_only,delta_vs_same_scenario_G00,annualized_l1_turnover,6.148892051480351
G23,G23__mom_255_21__top20__monthly__long_only__rev20,long_only,rev20,20.0,0.0,G00__mom_255_21__top20__monthly__long_only,delta_vs_same_scenario_G00,cagr,-0.11568553487935929
G23,G23__mom_255_21__top20__monthly__long_only__rev20,long_only,rev20,20.0,0.0,G00__mom_255_21__top20__monthly__long_only,delta_vs_same_scenario_G00,sharpe_excess_rf,-0.3446975589607467
G23,G23__mom_255_21__top20__monthly__long_only__rev20,long_only,rev20,20.0,0.0,G00__mom_255_21__top20__monthly__long_only,delta_vs_same_scenario_G00,max_drawdown,-0.1515406135870409
G23,G23__mom_255_21__top20__monthly__long_only__rev20,long_only,rev20,20.0,0.0,G00__mom_255_21__top20__monthly__long_only,delta_vs_same_scenario_G00,annualized_volatility,0.02392517372598435
G23,G23__mom_255_21__top20__monthly__long_only__rev20,long_only,rev20,20.0,0.0,G00__mom_255_21__top20__monthly__long_only,delta_vs_same_scenario_G00,annualized_l1_turnover,6.148892051480351
G23,G23__mom_255_21__top20__monthly__long_only__rev5,long_only,rev5,0.0,0.0,G00__mom_255_21__top20__monthly__long_only,delta_vs_same_scenario_G00,cagr,-0.11760521844520899
G23,G23__mom_255_21__top20__monthly__long_only__rev5,long_only,rev5,0.0,0.0,G00__mom_255_21__top20__monthly__long_only,delta_vs_same_scenario_G00,sharpe_excess_rf,-0.34809505770856247
G23,G23__mom_255_21__top20__monthly__long_only__rev5,long_only,rev5,0.0,0.0,G00__mom_255_21__top20__monthly__long_only,delta_vs_same_scenario_G00,max_drawdown,-0.21424866015280386
G23,G23__mom_255_21__top20__monthly__long_only__rev5,long_only,rev5,0.0,0.0,G00__mom_255_21__top20__monthly__long_only,delta_vs_same_scenario_G00,annualized_volatility,0.019468137465656676
G23,G23__mom_255_21__top20__monthly__long_only__rev5,long_only,rev5,0.0,0.0,G00__mom_255_21__top20__monthly__long_only,delta_vs_same_scenario_G00,annualized_l1_turnover,6.159309016372735
G23,G23__mom_255_21__top20__monthly__long_only__rev5,long_only,rev5,5.0,0.0,G00__mom_255_21__top20__monthly__long_only,delta_vs_same_scenario_G00,cagr,-0.12046747987819431
G23,G23__mom_255_21__top20__monthly__long_only__rev5,long_only,rev5,5.0,0.0,G00__mom_255_21__top20__monthly__long_only,delta_vs_same_scenario_G00,sharpe_excess_rf,-0.357021122040934
G23,G23__mom_255_21__top20__monthly__long_only__rev5,long_only,rev5,5.0,0.0,G00__mom_255_21__top20__monthly__long_only,delta_vs_same_scenario_G00,max_drawdown,-0.21021142637414691
G23,G23__mom_255_21__top20__monthly__long_only__rev5,long_only,rev5,5.0,0.0,G00__mom_255_21__top20__monthly__long_only,delta_vs_same_scenario_G00,annualized_volatility,0.019512825416152124
G23,G23__mom_255_21__top20__monthly__long_only__rev5,long_only,rev5,5.0,0.0,G00__mom_255_21__top20__monthly__long_only,delta_vs_same_scenario_G00,annualized_l1_turnover,6.159309016372735
G23,G23__mom_255_21__top20__monthly__long_only__rev5,long_only,rev5,10.0,0.0,G00__mom_255_21__top20__monthly__long_only,delta_vs_same_scenario_G00,cagr,-0.12329844392079625
G23,G23__mom_255_21__top20__monthly__long_only__rev5,long_only,rev5,10.0,0.0,G00__mom_255_21__top20__monthly__long_only,delta_vs_same_scenario_G00,sharpe_excess_rf,-0.36594566962778985
G23,G23__mom_255_21__top20__monthly__long_only__rev5,long_only,rev5,10.0,0.0,G00__mom_255_21__top20__monthly__long_only,delta_vs_same_scenario_G00,max_drawdown,-0.2062049697057644
G23,G23__mom_255_21__top20__monthly__long_only__rev5,long_only,rev5,10.0,0.0,G00__mom_255_21__top20__monthly__long_only,delta_vs_same_scenario_G00,annualized_volatility,0.019569064973225248
G23,G23__mom_255_21__top20__monthly__long_only__rev5,long_only,rev5,10.0,0.0,G00__mom_255_21__top20__monthly__long_only,delta_vs_same_scenario_G00,annualized_l1_turnover,6.159309016372735
G23,G23__mom_255_21__top20__monthly__long_only__rev5,long_only,rev5,20.0,0.0,G00__mom_255_21__top20__monthly__long_only,delta_vs_same_scenario_G00,cagr,-0.12886735063382915
G23,G23__mom_255_21__top20__monthly__long_only__rev5,long_only,rev5,20.0,0.0,G00__mom_255_21__top20__monthly__long_only,delta_vs_same_scenario_G00,sharpe_excess_rf,-0.3837787495331376
G23,G23__mom_255_21__top20__monthly__long_only__rev5,long_only,rev5,20.0,0.0,G00__mom_255_21__top20__monthly__long_only,delta_vs_same_scenario_G00,max_drawdown,-0.1978543539472492
G23,G23__mom_255_21__top20__monthly__long_only__rev5,long_only,rev5,20.0,0.0,G00__mom_255_21__top20__monthly__long_only,delta_vs_same_scenario_G00,annualized_volatility,0.019716162112558333
G23,G23__mom_255_21__top20__monthly__long_only__rev5,long_only,rev5,20.0,0.0,G00__mom_255_21__top20__monthly__long_only,delta_vs_same_scenario_G00,annualized_l1_turnover,6.159309016372735
G23,G23__mom_255_21__top20__monthly__long_short__rev20,long_short,rev20,0.0,0.0,G00__mom_255_21__top20__monthly__long_short,delta_vs_same_scenario_G00,cagr,0.014062810721267291
G23,G23__mom_255_21__top20__monthly__long_short__rev20,long_short,rev20,0.0,0.0,G00__mom_255_21__top20__monthly__long_short,delta_vs_same_scenario_G00,sharpe_excess_rf,0.1089011503481983
G23,G23__mom_255_21__top20__monthly__long_short__rev20,long_short,rev20,0.0,0.0,G00__mom_255_21__top20__monthly__long_short,delta_vs_same_scenario_G00,max_drawdown,0.1901624766293169
G23,G23__mom_255_21__top20__monthly__long_short__rev20,long_short,rev20,0.0,0.0,G00__mom_255_21__top20__monthly__long_short,delta_vs_same_scenario_G00,annualized_volatility,-0.03588188064938577
G23,G23__mom_255_21__top20__monthly__long_short__rev20,long_short,rev20,0.0,0.0,G00__mom_255_21__top20__monthly__long_short,delta_vs_same_scenario_G00,annualized_l1_turnover,3.67282430901475
G23,G23__mom_255_21__top20__monthly__long_short__rev20,long_short,rev20,0.0,0.01,G00__mom_255_21__top20__monthly__long_short,delta_vs_same_scenario_G00,cagr,0.014010754347914434
G23,G23__mom_255_21__top20__monthly__long_short__rev20,long_short,rev20,0.0,0.01,G00__mom_255_21__top20__monthly__long_short,delta_vs_same_scenario_G00,sharpe_excess_rf,0.1031994580088672
G23,G23__mom_255_21__top20__monthly__long_short__rev20,long_short,rev20,0.0,0.01,G00__mom_255_21__top20__monthly__long_short,delta_vs_same_scenario_G00,max_drawdown,0.19210653476366119
G23,G23__mom_255_21__top20__monthly__long_short__rev20,long_short,rev20,0.0,0.01,G00__mom_255_21__top20__monthly__long_short,delta_vs_same_scenario_G00,annualized_volatility,-0.03589221717918953
G23,G23__mom_255_21__top20__monthly__long_short__rev20,long_short,rev20,0.0,0.01,G00__mom_255_21__top20__monthly__long_short,delta_vs_same_scenario_G00,annualized_l1_turnover,3.6733400865387367
G23,G23__mom_255_21__top20__monthly__long_short__rev20,long_short,rev20,0.0,0.03,G00__mom_255_21__top20__monthly__long_short,delta_vs_same_scenario_G00,cagr,0.01390865541546596
G23,G23__mom_255_21__top20__monthly__long_short__rev20,long_short,rev20,0.0,0.03,G00__mom_255_21__top20__monthly__long_short,delta_vs_same_scenario_G00,sharpe_excess_rf,0.09196074857818098
G23,G23__mom_255_21__top20__monthly__long_short__rev20,long_short,rev20,0.0,0.03,G00__mom_255_21__top20__monthly__long_short,delta_vs_same_scenario_G00,max_drawdown,0.19852280356677687
G23,G23__mom_255_21__top20__monthly__long_short__rev20,long_short,rev20,0.0,0.03,G00__mom_255_21__top20__monthly__long_short,delta_vs_same_scenario_G00,annualized_volatility,-0.03591261604868787
G23,G23__mom_255_21__top20__monthly__long_short__rev20,long_short,rev20,0.0,0.03,G00__mom_255_21__top20__monthly__long_short,delta_vs_same_scenario_G00,annualized_l1_turnover,3.6743531605723696
G23,G23__mom_255_21__top20__monthly__long_short__rev20,long_short,rev20,5.0,0.0,G00__mom_255_21__top20__monthly__long_short,delta_vs_same_scenario_G00,cagr,0.012021966608959433
G23,G23__mom_255_21__top20__monthly__long_short__rev20,long_short,rev20,5.0,0.0,G00__mom_255_21__top20__monthly__long_short,delta_vs_same_scenario_G00,sharpe_excess_rf,0.09232181206939244
G23,G23__mom_255_21__top20__monthly__long_short__rev20,long_short,rev20,5.0,0.0,G00__mom_255_21__top20__monthly__long_short,delta_vs_same_scenario_G00,max_drawdown,0.18862500419716294
G23,G23__mom_255_21__top20__monthly__long_short__rev20,long_short,rev20,5.0,0.0,G00__mom_255_21__top20__monthly__long_short,delta_vs_same_scenario_G00,annualized_volatility,-0.03579026614050021
G23,G23__mom_255_21__top20__monthly__long_short__rev20,long_short,rev20,5.0,0.0,G00__mom_255_21__top20__monthly__long_short,delta_vs_same_scenario_G00,annualized_l1_turnover,3.67282430901475
G23,G23__mom_255_21__top20__monthly__long_short__rev20,long_short,rev20,5.0,0.01,G00__mom_255_21__top20__monthly__long_short,delta_vs_same_scenario_G00,cagr,0.01197968747420406
G23,G23__mom_255_21__top20__monthly__long_short__rev20,long_short,rev20,5.0,0.01,G00__mom_255_21__top20__monthly__long_short,delta_vs_same_scenario_G00,sharpe_excess_rf,0.08663813712974316
G23,G23__mom_255_21__top20__monthly__long_short__rev20,long_short,rev20,5.0,0.01,G00__mom_255_21__top20__monthly__long_short,delta_vs_same_scenario_G00,max_drawdown,0.19165395692567916
G23,G23__mom_255_21__top20__monthly__long_short__rev20,long_short,rev20,5.0,0.01,G00__mom_255_21__top20__monthly__long_short,delta_vs_same_scenario_G00,annualized_volatility,-0.035800582499202815
G23,G23__mom_255_21__top20__monthly__long_short__rev20,long_short,rev20,5.0,0.01,G00__mom_255_21__top20__monthly__long_short,delta_vs_same_scenario_G00,annualized_l1_turnover,3.6733400865387367
G23,G23__mom_255_21__top20__monthly__long_short__rev20,long_short,rev20,5.0,0.03,G00__mom_255_21__top20__monthly__long_short,delta_vs_same_scenario_G00,cagr,0.01189673378773537
G23,G23__mom_255_21__top20__monthly__long_short__rev20,long_short,rev20,5.0,0.03,G00__mom_255_21__top20__monthly__long_short,delta_vs_same_scenario_G00,sharpe_excess_rf,0.07543494168671272
G23,G23__mom_255_21__top20__monthly__long_short__rev20,long_short,rev20,5.0,0.03,G00__mom_255_21__top20__monthly__long_short,delta_vs_same_scenario_G00,max_drawdown,0.19828533523307973
G23,G23__mom_255_21__top20__monthly__long_short__rev20,long_short,rev20,5.0,0.03,G00__mom_255_21__top20__monthly__long_short,delta_vs_same_scenario_G00,annualized_volatility,-0.035820941930724076
G23,G23__mom_255_21__top20__monthly__long_short__rev20,long_short,rev20,5.0,0.03,G00__mom_255_21__top20__monthly__long_short,delta_vs_same_scenario_G00,annualized_l1_turnover,3.6743531605723696
G23,G23__mom_255_21__top20__monthly__long_short__rev20,long_short,rev20,10.0,0.0,G00__mom_255_21__top20__monthly__long_short,delta_vs_same_scenario_G00,cagr,0.009999211487857984
G23,G23__mom_255_21__top20__monthly__long_short__rev20,long_short,rev20,10.0,0.0,G00__mom_255_21__top20__monthly__long_short,delta_vs_same_scenario_G00,sharpe_excess_rf,0.07574506059359282
G23,G23__mom_255_21__top20__monthly__long_short__rev20,long_short,rev20,10.0,0.0,G00__mom_255_21__top20__monthly__long_short,delta_vs_same_scenario_G00,max_drawdown,0.18806748061707762
G23,G23__mom_255_21__top20__monthly__long_short__rev20,long_short,rev20,10.0,0.0,G00__mom_255_21__top20__monthly__long_short,delta_vs_same_scenario_G00,annualized_volatility,-0.03568251762582825
G23,G23__mom_255_21__top20__monthly__long_short__rev20,long_short,rev20,10.0,0.0,G00__mom_255_21__top20__monthly__long_short,delta_vs_same_scenario_G00,annualized_l1_turnover,3.67282430901475
G23,G23__mom_255_21__top20__monthly__long_short__rev20,long_short,rev20,10.0,0.01,G00__mom_255_21__top20__monthly__long_short,delta_vs_same_scenario_G00,cagr,0.009966626701441397
G23,G23__mom_255_21__top20__monthly__long_short__rev20,long_short,rev20,10.0,0.01,G00__mom_255_21__top20__monthly__long_short,delta_vs_same_scenario_G00,sharpe_excess_rf,0.07008307607424513
G23,G23__mom_255_21__top20__monthly__long_short__rev20,long_short,rev20,10.0,0.01,G00__mom_255_21__top20__monthly__long_short,delta_vs_same_scenario_G00,max_drawdown,0.19147000049479002
G23,G23__mom_255_21__top20__monthly__long_short__rev20,long_short,rev20,10.0,0.01,G00__mom_255_21__top20__monthly__long_short,delta_vs_same_scenario_G00,annualized_volatility,-0.035692811294710663
G23,G23__mom_255_21__top20__monthly__long_short__rev20,long_short,rev20,10.0,0.01,G00__mom_255_21__top20__monthly__long_short,delta_vs_same_scenario_G00,annualized_l1_turnover,3.6733400865387367
G23,G23__mom_255_21__top20__monthly__long_short__rev20,long_short,rev20,10.0,0.03,G00__mom_255_21__top20__monthly__long_short,delta_vs_same_scenario_G00,cagr,0.009902655925551292
G23,G23__mom_255_21__top20__monthly__long_short__rev20,long_short,rev20,10.0,0.03,G00__mom_255_21__top20__monthly__long_short,delta_vs_same_scenario_G00,sharpe_excess_rf,0.058922632470050196
G23,G23__mom_255_21__top20__monthly__long_short__rev20,long_short,rev20,10.0,0.03,G00__mom_255_21__top20__monthly__long_short,delta_vs_same_scenario_G00,max_drawdown,0.19803759807883542
G23,G23__mom_255_21__top20__monthly__long_short__rev20,long_short,rev20,10.0,0.03,G00__mom_255_21__top20__monthly__long_short,delta_vs_same_scenario_G00,annualized_volatility,-0.0357131263171937
G23,G23__mom_255_21__top20__monthly__long_short__rev20,long_short,rev20,10.0,0.03,G00__mom_255_21__top20__monthly__long_short,delta_vs_same_scenario_G00,annualized_l1_turnover,3.6743531605723696
G23,G23__mom_255_21__top20__monthly__long_short__rev20,long_short,rev20,20.0,0.0,G00__mom_255_21__top20__monthly__long_short,delta_vs_same_scenario_G00,cagr,0.006007530475879597
G23,G23__mom_255_21__top20__monthly__long_short__rev20,long_short,rev20,20.0,0.0,G00__mom_255_21__top20__monthly__long_short,delta_vs_same_scenario_G00,sharpe_excess_rf,0.04265851327140516
G23,G23__mom_255_21__top20__monthly__long_short__rev20,long_short,rev20,20.0,0.0,G00__mom_255_21__top20__monthly__long_short,delta_vs_same_scenario_G00,max_drawdown,0.1877327288840851
G23,G23__mom_255_21__top20__monthly__long_short__rev20,long_short,rev20,20.0,0.0,G00__mom_255_21__top20__monthly__long_short,delta_vs_same_scenario_G00,annualized_volatility,-0.0354188263078597
G23,G23__mom_255_21__top20__monthly__long_short__rev20,long_short,rev20,20.0,0.0,G00__mom_255_21__top20__monthly__long_short,delta_vs_same_scenario_G00,annualized_l1_turnover,3.67282430901475
G23,G23__mom_255_21__top20__monthly__long_short__rev20,long_short,rev20,20.0,0.01,G00__mom_255_21__top20__monthly__long_short,delta_vs_same_scenario_G00,cagr,0.005994087624764166
G23,G23__mom_255_21__top20__monthly__long_short__rev20,long_short,rev20,20.0,0.01,G00__mom_255_21__top20__monthly__long_short,delta_vs_same_scenario_G00,sharpe_excess_rf,0.03705080522109991
G23,G23__mom_255_21__top20__monthly__long_short__rev20,long_short,rev20,20.0,0.01,G00__mom_255_21__top20__monthly__long_short,delta_vs_same_scenario_G00,max_drawdown,0.1910702360313764
G23,G23__mom_255_21__top20__monthly__long_short__rev20,long_short,rev20,20.0,0.01,G00__mom_255_21__top20__monthly__long_short,delta_vs_same_scenario_G00,annualized_volatility,-0.0354290670876482
G23,G23__mom_255_21__top20__monthly__long_short__rev20,long_short,rev20,20.0,0.01,G00__mom_255_21__top20__monthly__long_short,delta_vs_same_scenario_G00,annualized_l1_turnover,3.6733400865387367
G23,G23__mom_255_21__top20__monthly__long_short__rev20,long_short,rev20,20.0,0.03,G00__mom_255_21__top20__monthly__long_short,delta_vs_same_scenario_G00,cagr,0.005967599403692576
G23,G23__mom_255_21__top20__monthly__long_short__rev20,long_short,rev20,20.0,0.03,G00__mom_255_21__top20__monthly__long_short,delta_vs_same_scenario_G00,sharpe_excess_rf,0.025997335691648443
G23,G23__mom_255_21__top20__monthly__long_short__rev20,long_short,rev20,20.0,0.03,G00__mom_255_21__top20__monthly__long_short,delta_vs_same_scenario_G00,max_drawdown,0.19751196590486714
G23,G23__mom_255_21__top20__monthly__long_short__rev20,long_short,rev20,20.0,0.03,G00__mom_255_21__top20__monthly__long_short,delta_vs_same_scenario_G00,annualized_volatility,-0.03544927846994017
G23,G23__mom_255_21__top20__monthly__long_short__rev20,long_short,rev20,20.0,0.03,G00__mom_255_21__top20__monthly__long_short,delta_vs_same_scenario_G00,annualized_l1_turnover,3.6743531605723696
G23,G23__mom_255_21__top20__monthly__long_short__rev5,long_short,rev5,0.0,0.0,G00__mom_255_21__top20__monthly__long_short,delta_vs_same_scenario_G00,cagr,0.0159557292078341
G23,G23__mom_255_21__top20__monthly__long_short__rev5,long_short,rev5,0.0,0.0,G00__mom_255_21__top20__monthly__long_short,delta_vs_same_scenario_G00,sharpe_excess_rf,0.1411724354316266
G23,G23__mom_255_21__top20__monthly__long_short__rev5,long_short,rev5,0.0,0.0,G00__mom_255_21__top20__monthly__long_short,delta_vs_same_scenario_G00,max_drawdown,0.20482521130568038
G23,G23__mom_255_21__top20__monthly__long_short__rev5,long_short,rev5,0.0,0.0,G00__mom_255_21__top20__monthly__long_short,delta_vs_same_scenario_G00,annualized_volatility,-0.04746414948004385
G23,G23__mom_255_21__top20__monthly__long_short__rev5,long_short,rev5,0.0,0.0,G00__mom_255_21__top20__monthly__long_short,delta_vs_same_scenario_G00,annualized_l1_turnover,3.649548581369359
G23,G23__mom_255_21__top20__monthly__long_short__rev5,long_short,rev5,0.0,0.01,G00__mom_255_21__top20__monthly__long_short,delta_vs_same_scenario_G00,cagr,0.01589880401268684
G23,G23__mom_255_21__top20__monthly__long_short__rev5,long_short,rev5,0.0,0.01,G00__mom_255_21__top20__monthly__long_short,delta_vs_same_scenario_G00,sharpe_excess_rf,0.13302784529240036
G23,G23__mom_255_21__top20__monthly__long_short__rev5,long_short,rev5,0.0,0.01,G00__mom_255_21__top20__monthly__long_short,delta_vs_same_scenario_G00,max_drawdown,0.20877815469451327
G23,G23__mom_255_21__top20__monthly__long_short__rev5,long_short,rev5,0.0,0.01,G00__mom_255_21__top20__monthly__long_short,delta_vs_same_scenario_G00,annualized_volatility,-0.04747675941798424
G23,G23__mom_255_21__top20__monthly__long_short__rev5,long_short,rev5,0.0,0.01,G00__mom_255_21__top20__monthly__long_short,delta_vs_same_scenario_G00,annualized_l1_turnover,3.650063479617808
G23,G23__mom_255_21__top20__monthly__long_short__rev5,long_short,rev5,0.0,0.03,G00__mom_255_21__top20__monthly__long_short,delta_vs_same_scenario_G00,cagr,0.015787115574105642
G23,G23__mom_255_21__top20__monthly__long_short__rev5,long_short,rev5,0.0,0.03,G00__mom_255_21__top20__monthly__long_short,delta_vs_same_scenario_G00,sharpe_excess_rf,0.11697492030562295
G23,G23__mom_255_21__top20__monthly__long_short__rev5,long_short,rev5,0.0,0.03,G00__mom_255_21__top20__monthly__long_short,delta_vs_same_scenario_G00,max_drawdown,0.21913682367088128
G23,G23__mom_255_21__top20__monthly__long_short__rev5,long_short,rev5,0.0,0.03,G00__mom_255_21__top20__monthly__long_short,delta_vs_same_scenario_G00,annualized_volatility,-0.04750164266336784
G23,G23__mom_255_21__top20__monthly__long_short__rev5,long_short,rev5,0.0,0.03,G00__mom_255_21__top20__monthly__long_short,delta_vs_same_scenario_G00,annualized_l1_turnover,3.65107962396457
G23,G23__mom_255_21__top20__monthly__long_short__rev5,long_short,rev5,5.0,0.0,G00__mom_255_21__top20__monthly__long_short,delta_vs_same_scenario_G00,cagr,0.013915976858984325
G23,G23__mom_255_21__top20__monthly__long_short__rev5,long_short,rev5,5.0,0.0,G00__mom_255_21__top20__monthly__long_short,delta_vs_same_scenario_G00,sharpe_excess_rf,0.12163206900674567
G23,G23__mom_255_21__top20__monthly__long_short__rev5,long_short,rev5,5.0,0.0,G00__mom_255_21__top20__monthly__long_short,delta_vs_same_scenario_G00,max_drawdown,0.20767847008079027
G23,G23__mom_255_21__top20__monthly__long_short__rev5,long_short,rev5,5.0,0.0,G00__mom_255_21__top20__monthly__long_short,delta_vs_same_scenario_G00,annualized_volatility,-0.047373116439126756
G23,G23__mom_255_21__top20__monthly__long_short__rev5,long_short,rev5,5.0,0.0,G00__mom_255_21__top20__monthly__long_short,delta_vs_same_scenario_G00,annualized_l1_turnover,3.649548581369359
G23,G23__mom_255_21__top20__monthly__long_short__rev5,long_short,rev5,5.0,0.01,G00__mom_255_21__top20__monthly__long_short,delta_vs_same_scenario_G00,cagr,0.01386879395874483
G23,G23__mom_255_21__top20__monthly__long_short__rev5,long_short,rev5,5.0,0.01,G00__mom_255_21__top20__monthly__long_short,delta_vs_same_scenario_G00,sharpe_excess_rf,0.11350808285738162
G23,G23__mom_255_21__top20__monthly__long_short__rev5,long_short,rev5,5.0,0.01,G00__mom_255_21__top20__monthly__long_short,delta_vs_same_scenario_G00,max_drawdown,0.212702545945121
G23,G23__mom_255_21__top20__monthly__long_short__rev5,long_short,rev5,5.0,0.01,G00__mom_255_21__top20__monthly__long_short,delta_vs_same_scenario_G00,annualized_volatility,-0.04738570053033614
G23,G23__mom_255_21__top20__monthly__long_short__rev5,long_short,rev5,5.0,0.01,G00__mom_255_21__top20__monthly__long_short,delta_vs_same_scenario_G00,annualized_l1_turnover,3.650063479617808
G23,G23__mom_255_21__top20__monthly__long_short__rev5,long_short,rev5,5.0,0.03,G00__mom_255_21__top20__monthly__long_short,delta_vs_same_scenario_G00,cagr,0.013776180148261874
G23,G23__mom_255_21__top20__monthly__long_short__rev5,long_short,rev5,5.0,0.03,G00__mom_255_21__top20__monthly__long_short,delta_vs_same_scenario_G00,sharpe_excess_rf,0.09749575837607322
G23,G23__mom_255_21__top20__monthly__long_short__rev5,long_short,rev5,5.0,0.03,G00__mom_255_21__top20__monthly__long_short,delta_vs_same_scenario_G00,max_drawdown,0.22324929571944047
G23,G23__mom_255_21__top20__monthly__long_short__rev5,long_short,rev5,5.0,0.03,G00__mom_255_21__top20__monthly__long_short,delta_vs_same_scenario_G00,annualized_volatility,-0.047410532955099755
G23,G23__mom_255_21__top20__monthly__long_short__rev5,long_short,rev5,5.0,0.03,G00__mom_255_21__top20__monthly__long_short,delta_vs_same_scenario_G00,annualized_l1_turnover,3.65107962396457
G23,G23__mom_255_21__top20__monthly__long_short__rev5,long_short,rev5,10.0,0.0,G00__mom_255_21__top20__monthly__long_short,delta_vs_same_scenario_G00,cagr,0.011894254388026715
G23,G23__mom_255_21__top20__monthly__long_short__rev5,long_short,rev5,10.0,0.0,G00__mom_255_21__top20__monthly__long_short,delta_vs_same_scenario_G00,sharpe_excess_rf,0.10208820953346415
G23,G23__mom_255_21__top20__monthly__long_short__rev5,long_short,rev5,10.0,0.0,G00__mom_255_21__top20__monthly__long_short,delta_vs_same_scenario_G00,max_drawdown,0.21148258451214713
G23,G23__mom_255_21__top20__monthly__long_short__rev5,long_short,rev5,10.0,0.0,G00__mom_255_21__top20__monthly__long_short,delta_vs_same_scenario_G00,annualized_volatility,-0.047264247086917954
G23,G23__mom_255_21__top20__monthly__long_short__rev5,long_short,rev5,10.0,0.0,G00__mom_255_21__top20__monthly__long_short,delta_vs_same_scenario_G00,annualized_l1_turnover,3.649548581369359
G23,G23__mom_255_21__top20__monthly__long_short__rev5,long_short,rev5,10.0,0.01,G00__mom_255_21__top20__monthly__long_short,delta_vs_same_scenario_G00,cagr,0.011856731327454753
G23,G23__mom_255_21__top20__monthly__long_short__rev5,long_short,rev5,10.0,0.01,G00__mom_255_21__top20__monthly__long_short,delta_vs_same_scenario_G00,sharpe_excess_rf,0.09398965787247227
G23,G23__mom_255_21__top20__monthly__long_short__rev5,long_short,rev5,10.0,0.01,G00__mom_255_21__top20__monthly__long_short,delta_vs_same_scenario_G00,max_drawdown,0.2168665376869614
G23,G23__mom_255_21__top20__monthly__long_short__rev5,long_short,rev5,10.0,0.01,G00__mom_255_21__top20__monthly__long_short,delta_vs_same_scenario_G00,annualized_volatility,-0.04727680244365565
G23,G23__mom_255_21__top20__monthly__long_short__rev5,long_short,rev5,10.0,0.01,G00__mom_255_21__top20__monthly__long_short,delta_vs_same_scenario_G00,annualized_l1_turnover,3.650063479617808
G23,G23__mom_255_21__top20__monthly__long_short__rev5,long_short,rev5,10.0,0.03,G00__mom_255_21__top20__monthly__long_short,delta_vs_same_scenario_G00,cagr,0.011783030686034486
G23,G23__mom_255_21__top20__monthly__long_short__rev5,long_short,rev5,10.0,0.03,G00__mom_255_21__top20__monthly__long_short,delta_vs_same_scenario_G00,sharpe_excess_rf,0.07802745279898407
G23,G23__mom_255_21__top20__monthly__long_short__rev5,long_short,rev5,10.0,0.03,G00__mom_255_21__top20__monthly__long_short,delta_vs_same_scenario_G00,max_drawdown,0.2202596924728601
G23,G23__mom_255_21__top20__monthly__long_short__rev5,long_short,rev5,10.0,0.03,G00__mom_255_21__top20__monthly__long_short,delta_vs_same_scenario_G00,annualized_volatility,-0.047301578318036275
G23,G23__mom_255_21__top20__monthly__long_short__rev5,long_short,rev5,10.0,0.03,G00__mom_255_21__top20__monthly__long_short,delta_vs_same_scenario_G00,annualized_l1_turnover,3.65107962396457
G23,G23__mom_255_21__top20__monthly__long_short__rev5,long_short,rev5,20.0,0.0,G00__mom_255_21__top20__monthly__long_short,delta_vs_same_scenario_G00,cagr,0.00790446324983024
G23,G23__mom_255_21__top20__monthly__long_short__rev5,long_short,rev5,20.0,0.0,G00__mom_255_21__top20__monthly__long_short,delta_vs_same_scenario_G00,sharpe_excess_rf,0.0630663313661092
G23,G23__mom_255_21__top20__monthly__long_short__rev5,long_short,rev5,20.0,0.0,G00__mom_255_21__top20__monthly__long_short,delta_vs_same_scenario_G00,max_drawdown,0.21772198016638944
G23,G23__mom_255_21__top20__monthly__long_short__rev5,long_short,rev5,20.0,0.0,G00__mom_255_21__top20__monthly__long_short,delta_vs_same_scenario_G00,annualized_volatility,-0.046993242824561465
G23,G23__mom_255_21__top20__monthly__long_short__rev5,long_short,rev5,20.0,0.0,G00__mom_255_21__top20__monthly__long_short,delta_vs_same_scenario_G00,annualized_l1_turnover,3.649548581369359
G23,G23__mom_255_21__top20__monthly__long_short__rev5,long_short,rev5,20.0,0.01,G00__mom_255_21__top20__monthly__long_short,delta_vs_same_scenario_G00,cagr,0.007886014400781516
G23,G23__mom_255_21__top20__monthly__long_short__rev5,long_short,rev5,20.0,0.01,G00__mom_255_21__top20__monthly__long_short,delta_vs_same_scenario_G00,sharpe_excess_rf,0.055032972505733024
G23,G23__mom_255_21__top20__monthly__long_short__rev5,long_short,rev5,20.0,0.01,G00__mom_255_21__top20__monthly__long_short,delta_vs_same_scenario_G00,max_drawdown,0.216302242122007
G23,G23__mom_255_21__top20__monthly__long_short__rev5,long_short,rev5,20.0,0.01,G00__mom_255_21__top20__monthly__long_short,delta_vs_same_scenario_G00,annualized_volatility,-0.04700573211641734
G23,G23__mom_255_21__top20__monthly__long_short__rev5,long_short,rev5,20.0,0.01,G00__mom_255_21__top20__monthly__long_short,delta_vs_same_scenario_G00,annualized_l1_turnover,3.650063479617808
G23,G23__mom_255_21__top20__monthly__long_short__rev5,long_short,rev5,20.0,0.03,G00__mom_255_21__top20__monthly__long_short,delta_vs_same_scenario_G00,cagr,0.007849659437071672
G23,G23__mom_255_21__top20__monthly__long_short__rev5,long_short,rev5,20.0,0.03,G00__mom_255_21__top20__monthly__long_short,delta_vs_same_scenario_G00,sharpe_excess_rf,0.039199232732638756
G23,G23__mom_255_21__top20__monthly__long_short__rev5,long_short,rev5,20.0,0.03,G00__mom_255_21__top20__monthly__long_short,delta_vs_same_scenario_G00,max_drawdown,0.2135252646788261
G23,G23__mom_255_21__top20__monthly__long_short__rev5,long_short,rev5,20.0,0.03,G00__mom_255_21__top20__monthly__long_short,delta_vs_same_scenario_G00,annualized_volatility,-0.04703037783294545
G23,G23__mom_255_21__top20__monthly__long_short__rev5,long_short,rev5,20.0,0.03,G00__mom_255_21__top20__monthly__long_short,delta_vs_same_scenario_G00,annualized_l1_turnover,3.65107962396457
G23,G23__mom_255_21__top20__weekly__long_only__rev20,long_only,rev20,0.0,0.0,G00__mom_255_21__top20__weekly__long_only,delta_vs_same_scenario_G00,cagr,-0.035196936716195504
G23,G23__mom_255_21__top20__weekly__long_only__rev20,long_only,rev20,0.0,0.0,G00__mom_255_21__top20__weekly__long_only,delta_vs_same_scenario_G00,sharpe_excess_rf,-0.13724961383510992
G23,G23__mom_255_21__top20__weekly__long_only__rev20,long_only,rev20,0.0,0.0,G00__mom_255_21__top20__weekly__long_only,delta_vs_same_scenario_G00,max_drawdown,-0.23934062657075011
G23,G23__mom_255_21__top20__weekly__long_only__rev20,long_only,rev20,0.0,0.0,G00__mom_255_21__top20__weekly__long_only,delta_vs_same_scenario_G00,annualized_volatility,0.04349612467551933
G23,G23__mom_255_21__top20__weekly__long_only__rev20,long_only,rev20,0.0,0.0,G00__mom_255_21__top20__weekly__long_only,delta_vs_same_scenario_G00,annualized_l1_turnover,18.245039961482355
G23,G23__mom_255_21__top20__weekly__long_only__rev20,long_only,rev20,5.0,0.0,G00__mom_255_21__top20__weekly__long_only,delta_vs_same_scenario_G00,cagr,-0.045499455746135814
G23,G23__mom_255_21__top20__weekly__long_only__rev20,long_only,rev20,5.0,0.0,G00__mom_255_21__top20__weekly__long_only,delta_vs_same_scenario_G00,sharpe_excess_rf,-0.1602231861369906
G23,G23__mom_255_21__top20__weekly__long_only__rev20,long_only,rev20,5.0,0.0,G00__mom_255_21__top20__weekly__long_only,delta_vs_same_scenario_G00,max_drawdown,-0.23106138819460398
G23,G23__mom_255_21__top20__weekly__long_only__rev20,long_only,rev20,5.0,0.0,G00__mom_255_21__top20__weekly__long_only,delta_vs_same_scenario_G00,annualized_volatility,0.0434484328968161
G23,G23__mom_255_21__top20__weekly__long_only__rev20,long_only,rev20,5.0,0.0,G00__mom_255_21__top20__weekly__long_only,delta_vs_same_scenario_G00,annualized_l1_turnover,18.24503996148236
G23,G23__mom_255_21__top20__weekly__long_only__rev20,long_only,rev20,10.0,0.0,G00__mom_255_21__top20__weekly__long_only,delta_vs_same_scenario_G00,cagr,-0.05552917351170025
G23,G23__mom_255_21__top20__weekly__long_only__rev20,long_only,rev20,10.0,0.0,G00__mom_255_21__top20__weekly__long_only,delta_vs_same_scenario_G00,sharpe_excess_rf,-0.1832335859534625
G23,G23__mom_255_21__top20__weekly__long_only__rev20,long_only,rev20,10.0,0.0,G00__mom_255_21__top20__weekly__long_only,delta_vs_same_scenario_G00,max_drawdown,-0.22291264038383957
G23,G23__mom_255_21__top20__weekly__long_only__rev20,long_only,rev20,10.0,0.0,G00__mom_255_21__top20__weekly__long_only,delta_vs_same_scenario_G00,annualized_volatility,0.04342029100525008
G23,G23__mom_255_21__top20__weekly__long_only__rev20,long_only,rev20,10.0,0.0,G00__mom_255_21__top20__weekly__long_only,delta_vs_same_scenario_G00,annualized_l1_turnover,18.24503996148236
G23,G23__mom_255_21__top20__weekly__long_only__rev20,long_only,rev20,20.0,0.0,G00__mom_255_21__top20__weekly__long_only,delta_vs_same_scenario_G00,cagr,-0.07479165699691204
G23,G23__mom_255_21__top20__weekly__long_only__rev20,long_only,rev20,20.0,0.0,G00__mom_255_21__top20__weekly__long_only,delta_vs_same_scenario_G00,sharpe_excess_rf,-0.22932474039212825
G23,G23__mom_255_21__top20__weekly__long_only__rev20,long_only,rev20,20.0,0.0,G00__mom_255_21__top20__weekly__long_only,delta_vs_same_scenario_G00,max_drawdown,-0.2148401351867576
G23,G23__mom_255_21__top20__weekly__long_only__rev20,long_only,rev20,20.0,0.0,G00__mom_255_21__top20__weekly__long_only,delta_vs_same_scenario_G00,annualized_volatility,0.04342266677532863
G23,G23__mom_255_21__top20__weekly__long_only__rev20,long_only,rev20,20.0,0.0,G00__mom_255_21__top20__weekly__long_only,delta_vs_same_scenario_G00,annualized_l1_turnover,18.245039961482355
G23,G23__mom_255_21__top20__weekly__long_only__rev5,long_only,rev5,0.0,0.0,G00__mom_255_21__top20__weekly__long_only,delta_vs_same_scenario_G00,cagr,0.005594256583278945
G23,G23__mom_255_21__top20__weekly__long_only__rev5,long_only,rev5,0.0,0.0,G00__mom_255_21__top20__weekly__long_only,delta_vs_same_scenario_G00,sharpe_excess_rf,-0.02432307193894434
G23,G23__mom_255_21__top20__weekly__long_only__rev5,long_only,rev5,0.0,0.0,G00__mom_255_21__top20__weekly__long_only,delta_vs_same_scenario_G00,max_drawdown,-0.24878743851547885
G23,G23__mom_255_21__top20__weekly__long_only__rev5,long_only,rev5,0.0,0.0,G00__mom_255_21__top20__weekly__long_only,delta_vs_same_scenario_G00,annualized_volatility,0.031874837432797565
G23,G23__mom_255_21__top20__weekly__long_only__rev5,long_only,rev5,0.0,0.0,G00__mom_255_21__top20__weekly__long_only,delta_vs_same_scenario_G00,annualized_l1_turnover,31.189982159063206
G23,G23__mom_255_21__top20__weekly__long_only__rev5,long_only,rev5,5.0,0.0,G00__mom_255_21__top20__weekly__long_only,delta_vs_same_scenario_G00,cagr,-0.013172128005734113
G23,G23__mom_255_21__top20__weekly__long_only__rev5,long_only,rev5,5.0,0.0,G00__mom_255_21__top20__weekly__long_only,delta_vs_same_scenario_G00,sharpe_excess_rf,-0.06885244498667564
G23,G23__mom_255_21__top20__weekly__long_only__rev5,long_only,rev5,5.0,0.0,G00__mom_255_21__top20__weekly__long_only,delta_vs_same_scenario_G00,max_drawdown,-0.2405061007229592
G23,G23__mom_255_21__top20__weekly__long_only__rev5,long_only,rev5,5.0,0.0,G00__mom_255_21__top20__weekly__long_only,delta_vs_same_scenario_G00,annualized_volatility,0.03172466270487495
G23,G23__mom_255_21__top20__weekly__long_only__rev5,long_only,rev5,5.0,0.0,G00__mom_255_21__top20__weekly__long_only,delta_vs_same_scenario_G00,annualized_l1_turnover,31.18998215906321
G23,G23__mom_255_21__top20__weekly__long_only__rev5,long_only,rev5,10.0,0.0,G00__mom_255_21__top20__weekly__long_only,delta_vs_same_scenario_G00,cagr,-0.03133763251335828
G23,G23__mom_255_21__top20__weekly__long_only__rev5,long_only,rev5,10.0,0.0,G00__mom_255_21__top20__weekly__long_only,delta_vs_same_scenario_G00,sharpe_excess_rf,-0.11351950530486143
G23,G23__mom_255_21__top20__weekly__long_only__rev5,long_only,rev5,10.0,0.0,G00__mom_255_21__top20__weekly__long_only,delta_vs_same_scenario_G00,max_drawdown,-0.23235522668249003
G23,G23__mom_255_21__top20__weekly__long_only__rev5,long_only,rev5,10.0,0.0,G00__mom_255_21__top20__weekly__long_only,delta_vs_same_scenario_G00,annualized_volatility,0.031619634630282556
G23,G23__mom_255_21__top20__weekly__long_only__rev5,long_only,rev5,10.0,0.0,G00__mom_255_21__top20__weekly__long_only,delta_vs_same_scenario_G00,annualized_l1_turnover,31.18998215906321
G23,G23__mom_255_21__top20__weekly__long_only__rev5,long_only,rev5,20.0,0.0,G00__mom_255_21__top20__weekly__long_only,delta_vs_same_scenario_G00,cagr,-0.06592574292640907
G23,G23__mom_255_21__top20__weekly__long_only__rev5,long_only,rev5,20.0,0.0,G00__mom_255_21__top20__weekly__long_only,delta_vs_same_scenario_G00,sharpe_excess_rf,-0.2031355985829441
G23,G23__mom_255_21__top20__weekly__long_only__rev5,long_only,rev5,20.0,0.0,G00__mom_255_21__top20__weekly__long_only,delta_vs_same_scenario_G00,max_drawdown,-0.22304156353220017
G23,G23__mom_255_21__top20__weekly__long_only__rev5,long_only,rev5,20.0,0.0,G00__mom_255_21__top20__weekly__long_only,delta_vs_same_scenario_G00,annualized_volatility,0.0315451655457753
G23,G23__mom_255_21__top20__weekly__long_only__rev5,long_only,rev5,20.0,0.0,G00__mom_255_21__top20__weekly__long_only,delta_vs_same_scenario_G00,annualized_l1_turnover,31.189982159063206
G23,G23__mom_255_21__top20__weekly__long_short__rev20,long_short,rev20,0.0,0.0,G00__mom_255_21__top20__weekly__long_short,delta_vs_same_scenario_G00,cagr,0.0306017270366939
G23,G23__mom_255_21__top20__weekly__long_short__rev20,long_short,rev20,0.0,0.0,G00__mom_255_21__top20__weekly__long_short,delta_vs_same_scenario_G00,sharpe_excess_rf,0.16905147645849078
G23,G23__mom_255_21__top20__weekly__long_short__rev20,long_short,rev20,0.0,0.0,G00__mom_255_21__top20__weekly__long_short,delta_vs_same_scenario_G00,max_drawdown,0.18289505337991063
G23,G23__mom_255_21__top20__weekly__long_short__rev20,long_short,rev20,0.0,0.0,G00__mom_255_21__top20__weekly__long_short,delta_vs_same_scenario_G00,annualized_volatility,-0.01766589895915016
G23,G23__mom_255_21__top20__weekly__long_short__rev20,long_short,rev20,0.0,0.0,G00__mom_255_21__top20__weekly__long_short,delta_vs_same_scenario_G00,annualized_l1_turnover,11.631888005318142
G23,G23__mom_255_21__top20__weekly__long_short__rev20,long_short,rev20,0.0,0.01,G00__mom_255_21__top20__weekly__long_short,delta_vs_same_scenario_G00,cagr,0.030457539771447738
G23,G23__mom_255_21__top20__weekly__long_short__rev20,long_short,rev20,0.0,0.01,G00__mom_255_21__top20__weekly__long_short,delta_vs_same_scenario_G00,sharpe_excess_rf,0.16645992053488878
G23,G23__mom_255_21__top20__weekly__long_short__rev20,long_short,rev20,0.0,0.01,G00__mom_255_21__top20__weekly__long_short,delta_vs_same_scenario_G00,max_drawdown,0.18598775274828394
G23,G23__mom_255_21__top20__weekly__long_short__rev20,long_short,rev20,0.0,0.01,G00__mom_255_21__top20__weekly__long_short,delta_vs_same_scenario_G00,annualized_volatility,-0.017668524443045314
G23,G23__mom_255_21__top20__weekly__long_short__rev20,long_short,rev20,0.0,0.01,G00__mom_255_21__top20__weekly__long_short,delta_vs_same_scenario_G00,annualized_l1_turnover,11.632315084920432
G23,G23__mom_255_21__top20__weekly__long_short__rev20,long_short,rev20,0.0,0.03,G00__mom_255_21__top20__weekly__long_short,delta_vs_same_scenario_G00,cagr,0.030175345775179892
G23,G23__mom_255_21__top20__weekly__long_short__rev20,long_short,rev20,0.0,0.03,G00__mom_255_21__top20__weekly__long_short,delta_vs_same_scenario_G00,sharpe_excess_rf,0.16135170093642123
G23,G23__mom_255_21__top20__weekly__long_short__rev20,long_short,rev20,0.0,0.03,G00__mom_255_21__top20__weekly__long_short,delta_vs_same_scenario_G00,max_drawdown,0.19202026945725703
G23,G23__mom_255_21__top20__weekly__long_short__rev20,long_short,rev20,0.0,0.03,G00__mom_255_21__top20__weekly__long_short,delta_vs_same_scenario_G00,annualized_volatility,-0.017673700418754157
G23,G23__mom_255_21__top20__weekly__long_short__rev20,long_short,rev20,0.0,0.03,G00__mom_255_21__top20__weekly__long_short,delta_vs_same_scenario_G00,annualized_l1_turnover,11.633154644042847
G23,G23__mom_255_21__top20__weekly__long_short__rev20,long_short,rev20,5.0,0.0,G00__mom_255_21__top20__weekly__long_short,delta_vs_same_scenario_G00,cagr,0.024062179433293147
G23,G23__mom_255_21__top20__weekly__long_short__rev20,long_short,rev20,5.0,0.0,G00__mom_255_21__top20__weekly__long_short,delta_vs_same_scenario_G00,sharpe_excess_rf,0.13078706052813133
G23,G23__mom_255_21__top20__weekly__long_short__rev20,long_short,rev20,5.0,0.0,G00__mom_255_21__top20__weekly__long_short,delta_vs_same_scenario_G00,max_drawdown,0.18814203399361906
G23,G23__mom_255_21__top20__weekly__long_short__rev20,long_short,rev20,5.0,0.0,G00__mom_255_21__top20__weekly__long_short,delta_vs_same_scenario_G00,annualized_volatility,-0.017658807606244137
G23,G23__mom_255_21__top20__weekly__long_short__rev20,long_short,rev20,5.0,0.0,G00__mom_255_21__top20__weekly__long_short,delta_vs_same_scenario_G00,annualized_l1_turnover,11.631888005318142
G23,G23__mom_255_21__top20__weekly__long_short__rev20,long_short,rev20,5.0,0.01,G00__mom_255_21__top20__weekly__long_short,delta_vs_same_scenario_G00,cagr,0.023950086527185853
G23,G23__mom_255_21__top20__weekly__long_short__rev20,long_short,rev20,5.0,0.01,G00__mom_255_21__top20__weekly__long_short,delta_vs_same_scenario_G00,sharpe_excess_rf,0.12819871307957442
G23,G23__mom_255_21__top20__weekly__long_short__rev20,long_short,rev20,5.0,0.01,G00__mom_255_21__top20__weekly__long_short,delta_vs_same_scenario_G00,max_drawdown,0.1911926111215374
G23,G23__mom_255_21__top20__weekly__long_short__rev20,long_short,rev20,5.0,0.01,G00__mom_255_21__top20__weekly__long_short,delta_vs_same_scenario_G00,annualized_volatility,-0.017661439323454986
G23,G23__mom_255_21__top20__weekly__long_short__rev20,long_short,rev20,5.0,0.01,G00__mom_255_21__top20__weekly__long_short,delta_vs_same_scenario_G00,annualized_l1_turnover,11.632315084920432
G23,G23__mom_255_21__top20__weekly__long_short__rev20,long_short,rev20,5.0,0.03,G00__mom_255_21__top20__weekly__long_short,delta_vs_same_scenario_G00,cagr,0.02373069190036107
G23,G23__mom_255_21__top20__weekly__long_short__rev20,long_short,rev20,5.0,0.03,G00__mom_255_21__top20__weekly__long_short,delta_vs_same_scenario_G00,sharpe_excess_rf,0.12309681322588112
G23,G23__mom_255_21__top20__weekly__long_short__rev20,long_short,rev20,5.0,0.03,G00__mom_255_21__top20__weekly__long_short,delta_vs_same_scenario_G00,max_drawdown,0.19714291317510335
G23,G23__mom_255_21__top20__weekly__long_short__rev20,long_short,rev20,5.0,0.03,G00__mom_255_21__top20__weekly__long_short,delta_vs_same_scenario_G00,annualized_volatility,-0.017666627822855246
G23,G23__mom_255_21__top20__weekly__long_short__rev20,long_short,rev20,5.0,0.03,G00__mom_255_21__top20__weekly__long_short,delta_vs_same_scenario_G00,annualized_l1_turnover,11.633154644042847
G23,G23__mom_255_21__top20__weekly__long_short__rev20,long_short,rev20,10.0,0.0,G00__mom_255_21__top20__weekly__long_short,delta_vs_same_scenario_G00,cagr,0.01767025373543274
G23,G23__mom_255_21__top20__weekly__long_short__rev20,long_short,rev20,10.0,0.0,G00__mom_255_21__top20__weekly__long_short,delta_vs_same_scenario_G00,sharpe_excess_rf,0.0925103369481482
G23,G23__mom_255_21__top20__weekly__long_short__rev20,long_short,rev20,10.0,0.0,G00__mom_255_21__top20__weekly__long_short,delta_vs_same_scenario_G00,max_drawdown,0.193306488545832
G23,G23__mom_255_21__top20__weekly__long_short__rev20,long_short,rev20,10.0,0.0,G00__mom_255_21__top20__weekly__long_short,delta_vs_same_scenario_G00,annualized_volatility,-0.017626512435052505
G23,G23__mom_255_21__top20__weekly__long_short__rev20,long_short,rev20,10.0,0.0,G00__mom_255_21__top20__weekly__long_short,delta_vs_same_scenario_G00,annualized_l1_turnover,11.631888005318146
G23,G23__mom_255_21__top20__weekly__long_short__rev20,long_short,rev20,10.0,0.01,G00__mom_255_21__top20__weekly__long_short,delta_vs_same_scenario_G00,cagr,0.01758953858027184
G23,G23__mom_255_21__top20__weekly__long_short__rev20,long_short,rev20,10.0,0.01,G00__mom_255_21__top20__weekly__long_short,delta_vs_same_scenario_G00,sharpe_excess_rf,0.08992953632963235
G23,G23__mom_255_21__top20__weekly__long_short__rev20,long_short,rev20,10.0,0.01,G00__mom_255_21__top20__weekly__long_short,delta_vs_same_scenario_G00,max_drawdown,0.19631547926300397
G23,G23__mom_255_21__top20__weekly__long_short__rev20,long_short,rev20,10.0,0.01,G00__mom_255_21__top20__weekly__long_short,delta_vs_same_scenario_G00,annualized_volatility,-0.017629150406006544
G23,G23__mom_255_21__top20__weekly__long_short__rev20,long_short,rev20,10.0,0.01,G00__mom_255_21__top20__weekly__long_short,delta_vs_same_scenario_G00,annualized_l1_turnover,11.632315084920432
G23,G23__mom_255_21__top20__weekly__long_short__rev20,long_short,rev20,10.0,0.03,G00__mom_255_21__top20__weekly__long_short,delta_vs_same_scenario_G00,cagr,0.01743154114532793
G23,G23__mom_255_21__top20__weekly__long_short__rev20,long_short,rev20,10.0,0.03,G00__mom_255_21__top20__weekly__long_short,delta_vs_same_scenario_G00,sharpe_excess_rf,0.08484250392926851
G23,G23__mom_255_21__top20__weekly__long_short__rev20,long_short,rev20,10.0,0.03,G00__mom_255_21__top20__weekly__long_short,delta_vs_same_scenario_G00,max_drawdown,0.20218461266331889
G23,G23__mom_255_21__top20__weekly__long_short__rev20,long_short,rev20,10.0,0.03,G00__mom_255_21__top20__weekly__long_short,delta_vs_same_scenario_G00,annualized_volatility,-0.017634351469439813
G23,G23__mom_255_21__top20__weekly__long_short__rev20,long_short,rev20,10.0,0.03,G00__mom_255_21__top20__weekly__long_short,delta_vs_same_scenario_G00,annualized_l1_turnover,11.633154644042847
G23,G23__mom_255_21__top20__weekly__long_short__rev20,long_short,rev20,20.0,0.0,G00__mom_255_21__top20__weekly__long_short,delta_vs_same_scenario_G00,cagr,0.005319212779449474
G23,G23__mom_255_21__top20__weekly__long_short__rev20,long_short,rev20,20.0,0.0,G00__mom_255_21__top20__weekly__long_short,delta_vs_same_scenario_G00,sharpe_excess_rf,0.016091956033183835
G23,G23__mom_255_21__top20__weekly__long_short__rev20,long_short,rev20,20.0,0.0,G00__mom_255_21__top20__weekly__long_short,delta_vs_same_scenario_G00,max_drawdown,0.20379084113498314
G23,G23__mom_255_21__top20__weekly__long_short__rev20,long_short,rev20,20.0,0.0,G00__mom_255_21__top20__weekly__long_short,delta_vs_same_scenario_G00,annualized_volatility,-0.017486495735728358
G23,G23__mom_255_21__top20__weekly__long_short__rev20,long_short,rev20,20.0,0.0,G00__mom_255_21__top20__weekly__long_short,delta_vs_same_scenario_G00,annualized_l1_turnover,11.631888005318146
G23,G23__mom_255_21__top20__weekly__long_short__rev20,long_short,rev20,20.0,0.01,G00__mom_255_21__top20__weekly__long_short,delta_vs_same_scenario_G00,cagr,0.00529915153811316
G23,G23__mom_255_21__top20__weekly__long_short__rev20,long_short,rev20,20.0,0.01,G00__mom_255_21__top20__weekly__long_short,delta_vs_same_scenario_G00,sharpe_excess_rf,0.013539160100083401
G23,G23__mom_255_21__top20__weekly__long_short__rev20,long_short,rev20,20.0,0.01,G00__mom_255_21__top20__weekly__long_short,delta_vs_same_scenario_G00,max_drawdown,0.20793077396493154
G23,G23__mom_255_21__top20__weekly__long_short__rev20,long_short,rev20,20.0,0.01,G00__mom_255_21__top20__weekly__long_short,delta_vs_same_scenario_G00,annualized_volatility,-0.017489146271459616
G23,G23__mom_255_21__top20__weekly__long_short__rev20,long_short,rev20,20.0,0.01,G00__mom_255_21__top20__weekly__long_short,delta_vs_same_scenario_G00,annualized_l1_turnover,11.632315084920432
G23,G23__mom_255_21__top20__weekly__long_short__rev20,long_short,rev20,20.0,0.03,G00__mom_255_21__top20__weekly__long_short,delta_vs_same_scenario_G00,cagr,0.0052598363371316945
G23,G23__mom_255_21__top20__weekly__long_short__rev20,long_short,rev20,20.0,0.03,G00__mom_255_21__top20__weekly__long_short,delta_vs_same_scenario_G00,sharpe_excess_rf,0.008507300910785385
G23,G23__mom_255_21__top20__weekly__long_short__rev20,long_short,rev20,20.0,0.03,G00__mom_255_21__top20__weekly__long_short,delta_vs_same_scenario_G00,max_drawdown,0.22032739187375716
G23,G23__mom_255_21__top20__weekly__long_short__rev20,long_short,rev20,20.0,0.03,G00__mom_255_21__top20__weekly__long_short,delta_vs_same_scenario_G00,annualized_volatility,-0.01749437257522729
G23,G23__mom_255_21__top20__weekly__long_short__rev20,long_short,rev20,20.0,0.03,G00__mom_255_21__top20__weekly__long_short,delta_vs_same_scenario_G00,annualized_l1_turnover,11.633154644042847
G23,G23__mom_255_21__top20__weekly__long_short__rev5,long_short,rev5,0.0,0.0,G00__mom_255_21__top20__weekly__long_short,delta_vs_same_scenario_G00,cagr,0.026862547227028362
G23,G23__mom_255_21__top20__weekly__long_short__rev5,long_short,rev5,0.0,0.0,G00__mom_255_21__top20__weekly__long_short,delta_vs_same_scenario_G00,sharpe_excess_rf,0.15805960876698877
G23,G23__mom_255_21__top20__weekly__long_short__rev5,long_short,rev5,0.0,0.0,G00__mom_255_21__top20__weekly__long_short,delta_vs_same_scenario_G00,max_drawdown,0.19506171482448686
G23,G23__mom_255_21__top20__weekly__long_short__rev5,long_short,rev5,0.0,0.0,G00__mom_255_21__top20__weekly__long_short,delta_vs_same_scenario_G00,annualized_volatility,-0.024204137788918334
G23,G23__mom_255_21__top20__weekly__long_short__rev5,long_short,rev5,0.0,0.0,G00__mom_255_21__top20__weekly__long_short,delta_vs_same_scenario_G00,annualized_l1_turnover,20.39222488816887
G23,G23__mom_255_21__top20__weekly__long_short__rev5,long_short,rev5,0.0,0.01,G00__mom_255_21__top20__weekly__long_short,delta_vs_same_scenario_G00,cagr,0.026736484698642225
G23,G23__mom_255_21__top20__weekly__long_short__rev5,long_short,rev5,0.0,0.01,G00__mom_255_21__top20__weekly__long_short,delta_vs_same_scenario_G00,sharpe_excess_rf,0.15435624895902694
G23,G23__mom_255_21__top20__weekly__long_short__rev5,long_short,rev5,0.0,0.01,G00__mom_255_21__top20__weekly__long_short,delta_vs_same_scenario_G00,max_drawdown,0.19815349990533726
G23,G23__mom_255_21__top20__weekly__long_short__rev5,long_short,rev5,0.0,0.01,G00__mom_255_21__top20__weekly__long_short,delta_vs_same_scenario_G00,annualized_volatility,-0.024206982579498326
G23,G23__mom_255_21__top20__weekly__long_short__rev5,long_short,rev5,0.0,0.01,G00__mom_255_21__top20__weekly__long_short,delta_vs_same_scenario_G00,annualized_l1_turnover,20.393025951553955
G23,G23__mom_255_21__top20__weekly__long_short__rev5,long_short,rev5,0.0,0.03,G00__mom_255_21__top20__weekly__long_short,delta_vs_same_scenario_G00,cagr,0.026489758402572734
G23,G23__mom_255_21__top20__weekly__long_short__rev5,long_short,rev5,0.0,0.03,G00__mom_255_21__top20__weekly__long_short,delta_vs_same_scenario_G00,sharpe_excess_rf,0.147057211538805
G23,G23__mom_255_21__top20__weekly__long_short__rev5,long_short,rev5,0.0,0.03,G00__mom_255_21__top20__weekly__long_short,delta_vs_same_scenario_G00,max_drawdown,0.19928936836649258
G23,G23__mom_255_21__top20__weekly__long_short__rev5,long_short,rev5,0.0,0.03,G00__mom_255_21__top20__weekly__long_short,delta_vs_same_scenario_G00,annualized_volatility,-0.024212590339879714
G23,G23__mom_255_21__top20__weekly__long_short__rev5,long_short,rev5,0.0,0.03,G00__mom_255_21__top20__weekly__long_short,delta_vs_same_scenario_G00,annualized_l1_turnover,20.394600765984627
G23,G23__mom_255_21__top20__weekly__long_short__rev5,long_short,rev5,5.0,0.0,G00__mom_255_21__top20__weekly__long_short,delta_vs_same_scenario_G00,cagr,0.015702408558132104
G23,G23__mom_255_21__top20__weekly__long_short__rev5,long_short,rev5,5.0,0.0,G00__mom_255_21__top20__weekly__long_short,delta_vs_same_scenario_G00,sharpe_excess_rf,0.09040117151908461
G23,G23__mom_255_21__top20__weekly__long_short__rev5,long_short,rev5,5.0,0.0,G00__mom_255_21__top20__weekly__long_short,delta_vs_same_scenario_G00,max_drawdown,0.1927472117622565
G23,G23__mom_255_21__top20__weekly__long_short__rev5,long_short,rev5,5.0,0.0,G00__mom_255_21__top20__weekly__long_short,delta_vs_same_scenario_G00,annualized_volatility,-0.024302747490848986
G23,G23__mom_255_21__top20__weekly__long_short__rev5,long_short,rev5,5.0,0.0,G00__mom_255_21__top20__weekly__long_short,delta_vs_same_scenario_G00,annualized_l1_turnover,20.39222488816887
G23,G23__mom_255_21__top20__weekly__long_short__rev5,long_short,rev5,5.0,0.01,G00__mom_255_21__top20__weekly__long_short,delta_vs_same_scenario_G00,cagr,0.01563115328307648
G23,G23__mom_255_21__top20__weekly__long_short__rev5,long_short,rev5,5.0,0.01,G00__mom_255_21__top20__weekly__long_short,delta_vs_same_scenario_G00,sharpe_excess_rf,0.08668384963728243
G23,G23__mom_255_21__top20__weekly__long_short__rev5,long_short,rev5,5.0,0.01,G00__mom_255_21__top20__weekly__long_short,delta_vs_same_scenario_G00,max_drawdown,0.1892106477605291
G23,G23__mom_255_21__top20__weekly__long_short__rev5,long_short,rev5,5.0,0.01,G00__mom_255_21__top20__weekly__long_short,delta_vs_same_scenario_G00,annualized_volatility,-0.024305595375510636
G23,G23__mom_255_21__top20__weekly__long_short__rev5,long_short,rev5,5.0,0.01,G00__mom_255_21__top20__weekly__long_short,delta_vs_same_scenario_G00,annualized_l1_turnover,20.393025951553955
G23,G23__mom_255_21__top20__weekly__long_short__rev5,long_short,rev5,5.0,0.03,G00__mom_255_21__top20__weekly__long_short,delta_vs_same_scenario_G00,cagr,0.01549166899798319
G23,G23__mom_255_21__top20__weekly__long_short__rev5,long_short,rev5,5.0,0.03,G00__mom_255_21__top20__weekly__long_short,delta_vs_same_scenario_G00,sharpe_excess_rf,0.0793573088833408
G23,G23__mom_255_21__top20__weekly__long_short__rev5,long_short,rev5,5.0,0.03,G00__mom_255_21__top20__weekly__long_short,delta_vs_same_scenario_G00,max_drawdown,0.18237358401074732
G23,G23__mom_255_21__top20__weekly__long_short__rev5,long_short,rev5,5.0,0.03,G00__mom_255_21__top20__weekly__long_short,delta_vs_same_scenario_G00,annualized_volatility,-0.024311209599885364
G23,G23__mom_255_21__top20__weekly__long_short__rev5,long_short,rev5,5.0,0.03,G00__mom_255_21__top20__weekly__long_short,delta_vs_same_scenario_G00,annualized_l1_turnover,20.394600765984627
G23,G23__mom_255_21__top20__weekly__long_short__rev5,long_short,rev5,10.0,0.0,G00__mom_255_21__top20__weekly__long_short,delta_vs_same_scenario_G00,cagr,0.00484185689162131
G23,G23__mom_255_21__top20__weekly__long_short__rev5,long_short,rev5,10.0,0.0,G00__mom_255_21__top20__weekly__long_short,delta_vs_same_scenario_G00,sharpe_excess_rf,0.022578433686190863
G23,G23__mom_255_21__top20__weekly__long_short__rev5,long_short,rev5,10.0,0.0,G00__mom_255_21__top20__weekly__long_short,delta_vs_same_scenario_G00,max_drawdown,0.17597577959535238
G23,G23__mom_255_21__top20__weekly__long_short__rev5,long_short,rev5,10.0,0.0,G00__mom_255_21__top20__weekly__long_short,delta_vs_same_scenario_G00,annualized_volatility,-0.024340939431290537
G23,G23__mom_255_21__top20__weekly__long_short__rev5,long_short,rev5,10.0,0.0,G00__mom_255_21__top20__weekly__long_short,delta_vs_same_scenario_G00,annualized_l1_turnover,20.392224888168872
G23,G23__mom_255_21__top20__weekly__long_short__rev5,long_short,rev5,10.0,0.01,G00__mom_255_21__top20__weekly__long_short,delta_vs_same_scenario_G00,cagr,0.004823953577701316
G23,G23__mom_255_21__top20__weekly__long_short__rev5,long_short,rev5,10.0,0.01,G00__mom_255_21__top20__weekly__long_short,delta_vs_same_scenario_G00,sharpe_excess_rf,0.01885817040310031
G23,G23__mom_255_21__top20__weekly__long_short__rev5,long_short,rev5,10.0,0.01,G00__mom_255_21__top20__weekly__long_short,delta_vs_same_scenario_G00,max_drawdown,0.17262610820779734
G23,G23__mom_255_21__top20__weekly__long_short__rev5,long_short,rev5,10.0,0.01,G00__mom_255_21__top20__weekly__long_short,delta_vs_same_scenario_G00,annualized_volatility,-0.024343790583224167
G23,G23__mom_255_21__top20__weekly__long_short__rev5,long_short,rev5,10.0,0.01,G00__mom_255_21__top20__weekly__long_short,delta_vs_same_scenario_G00,annualized_l1_turnover,20.393025951553955
G23,G23__mom_255_21__top20__weekly__long_short__rev5,long_short,rev5,10.0,0.03,G00__mom_255_21__top20__weekly__long_short,delta_vs_same_scenario_G00,cagr,0.0047888637055089785
G23,G23__mom_255_21__top20__weekly__long_short__rev5,long_short,rev5,10.0,0.03,G00__mom_255_21__top20__weekly__long_short,delta_vs_same_scenario_G00,sharpe_excess_rf,0.011525839639405386
G23,G23__mom_255_21__top20__weekly__long_short__rev5,long_short,rev5,10.0,0.03,G00__mom_255_21__top20__weekly__long_short,delta_vs_same_scenario_G00,max_drawdown,0.16615162013819607
G23,G23__mom_255_21__top20__weekly__long_short__rev5,long_short,rev5,10.0,0.03,G00__mom_255_21__top20__weekly__long_short,delta_vs_same_scenario_G00,annualized_volatility,-0.024349411620644912
G23,G23__mom_255_21__top20__weekly__long_short__rev5,long_short,rev5,10.0,0.03,G00__mom_255_21__top20__weekly__long_short,delta_vs_same_scenario_G00,annualized_l1_turnover,20.394600765984627
G23,G23__mom_255_21__top20__weekly__long_short__rev5,long_short,rev5,20.0,0.0,G00__mom_255_21__top20__weekly__long_short,delta_vs_same_scenario_G00,cagr,-0.016004978772317983
G23,G23__mom_255_21__top20__weekly__long_short__rev5,long_short,rev5,20.0,0.0,G00__mom_255_21__top20__weekly__long_short,delta_vs_same_scenario_G00,sharpe_excess_rf,-0.11301921878419609
G23,G23__mom_255_21__top20__weekly__long_short__rev5,long_short,rev5,20.0,0.0,G00__mom_255_21__top20__weekly__long_short,delta_vs_same_scenario_G00,max_drawdown,0.14487810802088263
G23,G23__mom_255_21__top20__weekly__long_short__rev5,long_short,rev5,20.0,0.0,G00__mom_255_21__top20__weekly__long_short,delta_vs_same_scenario_G00,annualized_volatility,-0.02423619762925558
G23,G23__mom_255_21__top20__weekly__long_short__rev5,long_short,rev5,20.0,0.0,G00__mom_255_21__top20__weekly__long_short,delta_vs_same_scenario_G00,annualized_l1_turnover,20.392224888168872
G23,G23__mom_255_21__top20__weekly__long_short__rev5,long_short,rev5,20.0,0.01,G00__mom_255_21__top20__weekly__long_short,delta_vs_same_scenario_G00,cagr,-0.01592042640286135
G23,G23__mom_255_21__top20__weekly__long_short__rev5,long_short,rev5,20.0,0.01,G00__mom_255_21__top20__weekly__long_short,delta_vs_same_scenario_G00,sharpe_excess_rf,-0.11671241206490089
G23,G23__mom_255_21__top20__weekly__long_short__rev5,long_short,rev5,20.0,0.01,G00__mom_255_21__top20__weekly__long_short,delta_vs_same_scenario_G00,max_drawdown,0.14309386205242547
G23,G23__mom_255_21__top20__weekly__long_short__rev5,long_short,rev5,20.0,0.01,G00__mom_255_21__top20__weekly__long_short,delta_vs_same_scenario_G00,annualized_volatility,-0.024239055860416997
G23,G23__mom_255_21__top20__weekly__long_short__rev5,long_short,rev5,20.0,0.01,G00__mom_255_21__top20__weekly__long_short,delta_vs_same_scenario_G00,annualized_l1_turnover,20.393025951553955
G23,G23__mom_255_21__top20__weekly__long_short__rev5,long_short,rev5,20.0,0.03,G00__mom_255_21__top20__weekly__long_short,delta_vs_same_scenario_G00,cagr,-0.015755040057674453
G23,G23__mom_255_21__top20__weekly__long_short__rev5,long_short,rev5,20.0,0.03,G00__mom_255_21__top20__weekly__long_short,delta_vs_same_scenario_G00,sharpe_excess_rf,-0.12399139787578509
G23,G23__mom_255_21__top20__weekly__long_short__rev5,long_short,rev5,20.0,0.03,G00__mom_255_21__top20__weekly__long_short,delta_vs_same_scenario_G00,max_drawdown,0.14399069486533855
G23,G23__mom_255_21__top20__weekly__long_short__rev5,long_short,rev5,20.0,0.03,G00__mom_255_21__top20__weekly__long_short,delta_vs_same_scenario_G00,annualized_volatility,-0.02424469161769724
G23,G23__mom_255_21__top20__weekly__long_short__rev5,long_short,rev5,20.0,0.03,G00__mom_255_21__top20__weekly__long_short,delta_vs_same_scenario_G00,annualized_l1_turnover,20.394600765984627
G23,G23__mom_255_21__top50__monthly__long_only__rev20,long_only,rev20,0.0,0.0,G00__mom_255_21__top50__monthly__long_only,delta_vs_same_scenario_G00,cagr,-0.06113485885055889
G23,G23__mom_255_21__top50__monthly__long_only__rev20,long_only,rev20,0.0,0.0,G00__mom_255_21__top50__monthly__long_only,delta_vs_same_scenario_G00,sharpe_excess_rf,-0.24577903958025354
G23,G23__mom_255_21__top50__monthly__long_only__rev20,long_only,rev20,0.0,0.0,G00__mom_255_21__top50__monthly__long_only,delta_vs_same_scenario_G00,max_drawdown,-0.17871513902299457
G23,G23__mom_255_21__top50__monthly__long_only__rev20,long_only,rev20,0.0,0.0,G00__mom_255_21__top50__monthly__long_only,delta_vs_same_scenario_G00,annualized_volatility,0.037033383903530975
G23,G23__mom_255_21__top50__monthly__long_only__rev20,long_only,rev20,0.0,0.0,G00__mom_255_21__top50__monthly__long_only,delta_vs_same_scenario_G00,annualized_l1_turnover,4.86396866414373
G23,G23__mom_255_21__top50__monthly__long_only__rev20,long_only,rev20,5.0,0.0,G00__mom_255_21__top50__monthly__long_only,delta_vs_same_scenario_G00,cagr,-0.06357116048245803
G23,G23__mom_255_21__top50__monthly__long_only__rev20,long_only,rev20,5.0,0.0,G00__mom_255_21__top50__monthly__long_only,delta_vs_same_scenario_G00,sharpe_excess_rf,-0.25245210188686656
G23,G23__mom_255_21__top50__monthly__long_only__rev20,long_only,rev20,5.0,0.0,G00__mom_255_21__top50__monthly__long_only,delta_vs_same_scenario_G00,max_drawdown,-0.1789430694534771
G23,G23__mom_255_21__top50__monthly__long_only__rev20,long_only,rev20,5.0,0.0,G00__mom_255_21__top50__monthly__long_only,delta_vs_same_scenario_G00,annualized_volatility,0.0370531028096677
G23,G23__mom_255_21__top50__monthly__long_only__rev20,long_only,rev20,5.0,0.0,G00__mom_255_21__top50__monthly__long_only,delta_vs_same_scenario_G00,annualized_l1_turnover,4.863968664143732
G23,G23__mom_255_21__top50__monthly__long_only__rev20,long_only,rev20,10.0,0.0,G00__mom_255_21__top50__monthly__long_only,delta_vs_same_scenario_G00,cagr,-0.06598462494634558
G23,G23__mom_255_21__top50__monthly__long_only__rev20,long_only,rev20,10.0,0.0,G00__mom_255_21__top50__monthly__long_only,delta_vs_same_scenario_G00,sharpe_excess_rf,-0.25912759635650956
G23,G23__mom_255_21__top50__monthly__long_only__rev20,long_only,rev20,10.0,0.0,G00__mom_255_21__top50__monthly__long_only,delta_vs_same_scenario_G00,max_drawdown,-0.17917099988396018
G23,G23__mom_255_21__top50__monthly__long_only__rev20,long_only,rev20,10.0,0.0,G00__mom_255_21__top50__monthly__long_only,delta_vs_same_scenario_G00,annualized_volatility,0.03708240742350441
G23,G23__mom_255_21__top50__monthly__long_only__rev20,long_only,rev20,10.0,0.0,G00__mom_255_21__top50__monthly__long_only,delta_vs_same_scenario_G00,annualized_l1_turnover,4.863968664143732
G23,G23__mom_255_21__top50__monthly__long_only__rev20,long_only,rev20,20.0,0.0,G00__mom_255_21__top50__monthly__long_only,delta_vs_same_scenario_G00,cagr,-0.07074360128536172
G23,G23__mom_255_21__top50__monthly__long_only__rev20,long_only,rev20,20.0,0.0,G00__mom_255_21__top50__monthly__long_only,delta_vs_same_scenario_G00,sharpe_excess_rf,-0.2724754685113292
G23,G23__mom_255_21__top50__monthly__long_only__rev20,long_only,rev20,20.0,0.0,G00__mom_255_21__top50__monthly__long_only,delta_vs_same_scenario_G00,max_drawdown,-0.17962686074492473
G23,G23__mom_255_21__top50__monthly__long_only__rev20,long_only,rev20,20.0,0.0,G00__mom_255_21__top50__monthly__long_only,delta_vs_same_scenario_G00,annualized_volatility,0.03716975424749444
G23,G23__mom_255_21__top50__monthly__long_only__rev20,long_only,rev20,20.0,0.0,G00__mom_255_21__top50__monthly__long_only,delta_vs_same_scenario_G00,annualized_l1_turnover,4.86396866414373
G23,G23__mom_255_21__top50__monthly__long_only__rev5,long_only,rev5,0.0,0.0,G00__mom_255_21__top50__monthly__long_only,delta_vs_same_scenario_G00,cagr,-0.054847692569619716
G23,G23__mom_255_21__top50__monthly__long_only__rev5,long_only,rev5,0.0,0.0,G00__mom_255_21__top50__monthly__long_only,delta_vs_same_scenario_G00,sharpe_excess_rf,-0.2216371579314036
G23,G23__mom_255_21__top50__monthly__long_only__rev5,long_only,rev5,0.0,0.0,G00__mom_255_21__top50__monthly__long_only,delta_vs_same_scenario_G00,max_drawdown,-0.18678797632439897
G23,G23__mom_255_21__top50__monthly__long_only__rev5,long_only,rev5,0.0,0.0,G00__mom_255_21__top50__monthly__long_only,delta_vs_same_scenario_G00,annualized_volatility,0.03086088333029499
G23,G23__mom_255_21__top50__monthly__long_only__rev5,long_only,rev5,0.0,0.0,G00__mom_255_21__top50__monthly__long_only,delta_vs_same_scenario_G00,annualized_l1_turnover,4.833722008393213
G23,G23__mom_255_21__top50__monthly__long_only__rev5,long_only,rev5,5.0,0.0,G00__mom_255_21__top50__monthly__long_only,delta_vs_same_scenario_G00,cagr,-0.057306556723303315
G23,G23__mom_255_21__top50__monthly__long_only__rev5,long_only,rev5,5.0,0.0,G00__mom_255_21__top50__monthly__long_only,delta_vs_same_scenario_G00,sharpe_excess_rf,-0.22878502717461074
G23,G23__mom_255_21__top50__monthly__long_only__rev5,long_only,rev5,5.0,0.0,G00__mom_255_21__top50__monthly__long_only,delta_vs_same_scenario_G00,max_drawdown,-0.18702376997355158
G23,G23__mom_255_21__top50__monthly__long_only__rev5,long_only,rev5,5.0,0.0,G00__mom_255_21__top50__monthly__long_only,delta_vs_same_scenario_G00,annualized_volatility,0.030904191427186006
G23,G23__mom_255_21__top50__monthly__long_only__rev5,long_only,rev5,5.0,0.0,G00__mom_255_21__top50__monthly__long_only,delta_vs_same_scenario_G00,annualized_l1_turnover,4.833722008393215
G23,G23__mom_255_21__top50__monthly__long_only__rev5,long_only,rev5,10.0,0.0,G00__mom_255_21__top50__monthly__long_only,delta_vs_same_scenario_G00,cagr,-0.05974256732383251
G23,G23__mom_255_21__top50__monthly__long_only__rev5,long_only,rev5,10.0,0.0,G00__mom_255_21__top50__monthly__long_only,delta_vs_same_scenario_G00,sharpe_excess_rf,-0.23593328844432876
G23,G23__mom_255_21__top50__monthly__long_only__rev5,long_only,rev5,10.0,0.0,G00__mom_255_21__top50__monthly__long_only,delta_vs_same_scenario_G00,max_drawdown,-0.18725956362270507
G23,G23__mom_255_21__top50__monthly__long_only__rev5,long_only,rev5,10.0,0.0,G00__mom_255_21__top50__monthly__long_only,delta_vs_same_scenario_G00,annualized_volatility,0.030957363725909653
G23,G23__mom_255_21__top50__monthly__long_only__rev5,long_only,rev5,10.0,0.0,G00__mom_255_21__top50__monthly__long_only,delta_vs_same_scenario_G00,annualized_l1_turnover,4.833722008393215
G23,G23__mom_255_21__top50__monthly__long_only__rev5,long_only,rev5,20.0,0.0,G00__mom_255_21__top50__monthly__long_only,delta_vs_same_scenario_G00,cagr,-0.06454658471101227
G23,G23__mom_255_21__top50__monthly__long_only__rev5,long_only,rev5,20.0,0.0,G00__mom_255_21__top50__monthly__long_only,delta_vs_same_scenario_G00,sharpe_excess_rf,-0.25021961649678154
G23,G23__mom_255_21__top50__monthly__long_only__rev5,long_only,rev5,20.0,0.0,G00__mom_255_21__top50__monthly__long_only,delta_vs_same_scenario_G00,max_drawdown,-0.18773115092101034
G23,G23__mom_255_21__top50__monthly__long_only__rev5,long_only,rev5,20.0,0.0,G00__mom_255_21__top50__monthly__long_only,delta_vs_same_scenario_G00,annualized_volatility,0.03109326462630821
G23,G23__mom_255_21__top50__monthly__long_only__rev5,long_only,rev5,20.0,0.0,G00__mom_255_21__top50__monthly__long_only,delta_vs_same_scenario_G00,annualized_l1_turnover,4.833722008393213
G23,G23__mom_255_21__top50__monthly__long_short__rev20,long_short,rev20,0.0,0.0,G00__mom_255_21__top50__monthly__long_short,delta_vs_same_scenario_G00,cagr,0.02529095252025893
G23,G23__mom_255_21__top50__monthly__long_short__rev20,long_short,rev20,0.0,0.0,G00__mom_255_21__top50__monthly__long_short,delta_vs_same_scenario_G00,sharpe_excess_rf,0.21262309765888354
G23,G23__mom_255_21__top50__monthly__long_short__rev20,long_short,rev20,0.0,0.0,G00__mom_255_21__top50__monthly__long_short,delta_vs_same_scenario_G00,max_drawdown,0.13589549179819088
G23,G23__mom_255_21__top50__monthly__long_short__rev20,long_short,rev20,0.0,0.0,G00__mom_255_21__top50__monthly__long_short,delta_vs_same_scenario_G00,annualized_volatility,-0.02868438231051991
G23,G23__mom_255_21__top50__monthly__long_short__rev20,long_short,rev20,0.0,0.0,G00__mom_255_21__top50__monthly__long_short,delta_vs_same_scenario_G00,annualized_l1_turnover,3.6608131617270416
G23,G23__mom_255_21__top50__monthly__long_short__rev20,long_short,rev20,0.0,0.01,G00__mom_255_21__top50__monthly__long_short,delta_vs_same_scenario_G00,cagr,0.025193590122305508
G23,G23__mom_255_21__top50__monthly__long_short__rev20,long_short,rev20,0.0,0.01,G00__mom_255_21__top50__monthly__long_short,delta_vs_same_scenario_G00,sharpe_excess_rf,0.20464225023165594
G23,G23__mom_255_21__top50__monthly__long_short__rev20,long_short,rev20,0.0,0.01,G00__mom_255_21__top50__monthly__long_short,delta_vs_same_scenario_G00,max_drawdown,0.13780065805929076
G23,G23__mom_255_21__top50__monthly__long_short__rev20,long_short,rev20,0.0,0.01,G00__mom_255_21__top50__monthly__long_short,delta_vs_same_scenario_G00,annualized_volatility,-0.02869198018547478
G23,G23__mom_255_21__top50__monthly__long_short__rev20,long_short,rev20,0.0,0.01,G00__mom_255_21__top50__monthly__long_short,delta_vs_same_scenario_G00,annualized_l1_turnover,3.661310589274488
G23,G23__mom_255_21__top50__monthly__long_short__rev20,long_short,rev20,0.0,0.03,G00__mom_255_21__top50__monthly__long_short,delta_vs_same_scenario_G00,cagr,0.025002648816057575
G23,G23__mom_255_21__top50__monthly__long_short__rev20,long_short,rev20,0.0,0.03,G00__mom_255_21__top50__monthly__long_short,delta_vs_same_scenario_G00,sharpe_excess_rf,0.18891196160958737
G23,G23__mom_255_21__top50__monthly__long_short__rev20,long_short,rev20,0.0,0.03,G00__mom_255_21__top50__monthly__long_short,delta_vs_same_scenario_G00,max_drawdown,0.14987470352523335
G23,G23__mom_255_21__top50__monthly__long_short__rev20,long_short,rev20,0.0,0.03,G00__mom_255_21__top50__monthly__long_short,delta_vs_same_scenario_G00,annualized_volatility,-0.028706966275951
G23,G23__mom_255_21__top50__monthly__long_short__rev20,long_short,rev20,0.0,0.03,G00__mom_255_21__top50__monthly__long_short,delta_vs_same_scenario_G00,annualized_l1_turnover,3.6622812727117946
G23,G23__mom_255_21__top50__monthly__long_short__rev20,long_short,rev20,5.0,0.0,G00__mom_255_21__top50__monthly__long_short,delta_vs_same_scenario_G00,cagr,0.023243157094081063
G23,G23__mom_255_21__top50__monthly__long_short__rev20,long_short,rev20,5.0,0.0,G00__mom_255_21__top50__monthly__long_short,delta_vs_same_scenario_G00,sharpe_excess_rf,0.19091371036881072
G23,G23__mom_255_21__top50__monthly__long_short__rev20,long_short,rev20,5.0,0.0,G00__mom_255_21__top50__monthly__long_short,delta_vs_same_scenario_G00,max_drawdown,0.13399273839866532
G23,G23__mom_255_21__top50__monthly__long_short__rev20,long_short,rev20,5.0,0.0,G00__mom_255_21__top50__monthly__long_short,delta_vs_same_scenario_G00,annualized_volatility,-0.028623994815732287
G23,G23__mom_255_21__top50__monthly__long_short__rev20,long_short,rev20,5.0,0.0,G00__mom_255_21__top50__monthly__long_short,delta_vs_same_scenario_G00,annualized_l1_turnover,3.6608131617270416
G23,G23__mom_255_21__top50__monthly__long_short__rev20,long_short,rev20,5.0,0.01,G00__mom_255_21__top50__monthly__long_short,delta_vs_same_scenario_G00,cagr,0.02315556801887822
G23,G23__mom_255_21__top50__monthly__long_short__rev20,long_short,rev20,5.0,0.01,G00__mom_255_21__top50__monthly__long_short,delta_vs_same_scenario_G00,sharpe_excess_rf,0.18295327553120833
G23,G23__mom_255_21__top50__monthly__long_short__rev20,long_short,rev20,5.0,0.01,G00__mom_255_21__top50__monthly__long_short,delta_vs_same_scenario_G00,max_drawdown,0.1384988739456509
G23,G23__mom_255_21__top50__monthly__long_short__rev20,long_short,rev20,5.0,0.01,G00__mom_255_21__top50__monthly__long_short,delta_vs_same_scenario_G00,annualized_volatility,-0.028631570024896122
G23,G23__mom_255_21__top50__monthly__long_short__rev20,long_short,rev20,5.0,0.01,G00__mom_255_21__top50__monthly__long_short,delta_vs_same_scenario_G00,annualized_l1_turnover,3.661310589274488
G23,G23__mom_255_21__top50__monthly__long_short__rev20,long_short,rev20,5.0,0.03,G00__mom_255_21__top50__monthly__long_short,delta_vs_same_scenario_G00,cagr,0.02298376770871578
G23,G23__mom_255_21__top50__monthly__long_short__rev20,long_short,rev20,5.0,0.03,G00__mom_255_21__top50__monthly__long_short,delta_vs_same_scenario_G00,sharpe_excess_rf,0.16726325652048224
G23,G23__mom_255_21__top50__monthly__long_short__rev20,long_short,rev20,5.0,0.03,G00__mom_255_21__top50__monthly__long_short,delta_vs_same_scenario_G00,max_drawdown,0.15242166731303247
G23,G23__mom_255_21__top50__monthly__long_short__rev20,long_short,rev20,5.0,0.03,G00__mom_255_21__top50__monthly__long_short,delta_vs_same_scenario_G00,annualized_volatility,-0.02864651163728786
G23,G23__mom_255_21__top50__monthly__long_short__rev20,long_short,rev20,5.0,0.03,G00__mom_255_21__top50__monthly__long_short,delta_vs_same_scenario_G00,annualized_l1_turnover,3.6622812727117946
G23,G23__mom_255_21__top50__monthly__long_short__rev20,long_short,rev20,10.0,0.0,G00__mom_255_21__top50__monthly__long_short,delta_vs_same_scenario_G00,cagr,0.02121179627019746
G23,G23__mom_255_21__top50__monthly__long_short__rev20,long_short,rev20,10.0,0.0,G00__mom_255_21__top50__monthly__long_short,delta_vs_same_scenario_G00,sharpe_excess_rf,0.1691832600751228
G23,G23__mom_255_21__top50__monthly__long_short__rev20,long_short,rev20,10.0,0.0,G00__mom_255_21__top50__monthly__long_short,delta_vs_same_scenario_G00,max_drawdown,0.13410558259880434
G23,G23__mom_255_21__top50__monthly__long_short__rev20,long_short,rev20,10.0,0.0,G00__mom_255_21__top50__monthly__long_short,delta_vs_same_scenario_G00,annualized_volatility,-0.028543862524363736
G23,G23__mom_255_21__top50__monthly__long_short__rev20,long_short,rev20,10.0,0.0,G00__mom_255_21__top50__monthly__long_short,delta_vs_same_scenario_G00,annualized_l1_turnover,3.6608131617270416
G23,G23__mom_255_21__top50__monthly__long_short__rev20,long_short,rev20,10.0,0.01,G00__mom_255_21__top50__monthly__long_short,delta_vs_same_scenario_G00,cagr,0.021133905379255413
G23,G23__mom_255_21__top50__monthly__long_short__rev20,long_short,rev20,10.0,0.01,G00__mom_255_21__top50__monthly__long_short,delta_vs_same_scenario_G00,sharpe_excess_rf,0.161251182712274
G23,G23__mom_255_21__top50__monthly__long_short__rev20,long_short,rev20,10.0,0.01,G00__mom_255_21__top50__monthly__long_short,delta_vs_same_scenario_G00,max_drawdown,0.14117135851257173
G23,G23__mom_255_21__top50__monthly__long_short__rev20,long_short,rev20,10.0,0.01,G00__mom_255_21__top50__monthly__long_short,delta_vs_same_scenario_G00,annualized_volatility,-0.028551412054400774
G23,G23__mom_255_21__top50__monthly__long_short__rev20,long_short,rev20,10.0,0.01,G00__mom_255_21__top50__monthly__long_short,delta_vs_same_scenario_G00,annualized_l1_turnover,3.661310589274488
G23,G23__mom_255_21__top50__monthly__long_short__rev20,long_short,rev20,10.0,0.03,G00__mom_255_21__top50__monthly__long_short,delta_vs_same_scenario_G00,cagr,0.020981098917170454
G23,G23__mom_255_21__top50__monthly__long_short__rev20,long_short,rev20,10.0,0.03,G00__mom_255_21__top50__monthly__long_short,delta_vs_same_scenario_G00,sharpe_excess_rf,0.14561708879793775
G23,G23__mom_255_21__top50__monthly__long_short__rev20,long_short,rev20,10.0,0.03,G00__mom_255_21__top50__monthly__long_short,delta_vs_same_scenario_G00,max_drawdown,0.1549129107584446
G23,G23__mom_255_21__top50__monthly__long_short__rev20,long_short,rev20,10.0,0.03,G00__mom_255_21__top50__monthly__long_short,delta_vs_same_scenario_G00,annualized_volatility,-0.028566303238771573
G23,G23__mom_255_21__top50__monthly__long_short__rev20,long_short,rev20,10.0,0.03,G00__mom_255_21__top50__monthly__long_short,delta_vs_same_scenario_G00,annualized_l1_turnover,3.6622812727117946
G23,G23__mom_255_21__top50__monthly__long_short__rev20,long_short,rev20,20.0,0.0,G00__mom_255_21__top50__monthly__long_short,delta_vs_same_scenario_G00,cagr,0.017198015143659547
G23,G23__mom_255_21__top50__monthly__long_short__rev20,long_short,rev20,20.0,0.0,G00__mom_255_21__top50__monthly__long_short,delta_vs_same_scenario_G00,sharpe_excess_rf,0.125776637944576
G23,G23__mom_255_21__top50__monthly__long_short__rev20,long_short,rev20,20.0,0.0,G00__mom_255_21__top50__monthly__long_short,delta_vs_same_scenario_G00,max_drawdown,0.13927502444961537
G23,G23__mom_255_21__top50__monthly__long_short__rev20,long_short,rev20,20.0,0.0,G00__mom_255_21__top50__monthly__long_short,delta_vs_same_scenario_G00,annualized_volatility,-0.028324603088519154
G23,G23__mom_255_21__top50__monthly__long_short__rev20,long_short,rev20,20.0,0.0,G00__mom_255_21__top50__monthly__long_short,delta_vs_same_scenario_G00,annualized_l1_turnover,3.6608131617270416
G23,G23__mom_255_21__top50__monthly__long_short__rev20,long_short,rev20,20.0,0.01,G00__mom_255_21__top50__monthly__long_short,delta_vs_same_scenario_G00,cagr,0.017139296786779216
G23,G23__mom_255_21__top50__monthly__long_short__rev20,long_short,rev20,20.0,0.01,G00__mom_255_21__top50__monthly__long_short,delta_vs_same_scenario_G00,sharpe_excess_rf,0.11792485735018846
G23,G23__mom_255_21__top50__monthly__long_short__rev20,long_short,rev20,20.0,0.01,G00__mom_255_21__top50__monthly__long_short,delta_vs_same_scenario_G00,max_drawdown,0.14634584777610365
G23,G23__mom_255_21__top50__monthly__long_short__rev20,long_short,rev20,20.0,0.01,G00__mom_255_21__top50__monthly__long_short,delta_vs_same_scenario_G00,annualized_volatility,-0.028332092304758208
G23,G23__mom_255_21__top50__monthly__long_short__rev20,long_short,rev20,20.0,0.01,G00__mom_255_21__top50__monthly__long_short,delta_vs_same_scenario_G00,annualized_l1_turnover,3.661310589274488
G23,G23__mom_255_21__top50__monthly__long_short__rev20,long_short,rev20,20.0,0.03,G00__mom_255_21__top50__monthly__long_short,delta_vs_same_scenario_G00,cagr,0.017024039672709802
G23,G23__mom_255_21__top50__monthly__long_short__rev20,long_short,rev20,20.0,0.03,G00__mom_255_21__top50__monthly__long_short,delta_vs_same_scenario_G00,sharpe_excess_rf,0.10244908204133875
G23,G23__mom_255_21__top50__monthly__long_short__rev20,long_short,rev20,20.0,0.03,G00__mom_255_21__top50__monthly__long_short,delta_vs_same_scenario_G00,max_drawdown,0.1597312117075559
G23,G23__mom_255_21__top50__monthly__long_short__rev20,long_short,rev20,20.0,0.03,G00__mom_255_21__top50__monthly__long_short,delta_vs_same_scenario_G00,annualized_volatility,-0.02834686494858471
G23,G23__mom_255_21__top50__monthly__long_short__rev20,long_short,rev20,20.0,0.03,G00__mom_255_21__top50__monthly__long_short,delta_vs_same_scenario_G00,annualized_l1_turnover,3.6622812727117946
G23,G23__mom_255_21__top50__monthly__long_short__rev5,long_short,rev5,0.0,0.0,G00__mom_255_21__top50__monthly__long_short,delta_vs_same_scenario_G00,cagr,0.03925186754024446
G23,G23__mom_255_21__top50__monthly__long_short__rev5,long_short,rev5,0.0,0.0,G00__mom_255_21__top50__monthly__long_short,delta_vs_same_scenario_G00,sharpe_excess_rf,0.3526186603905873
G23,G23__mom_255_21__top50__monthly__long_short__rev5,long_short,rev5,0.0,0.0,G00__mom_255_21__top50__monthly__long_short,delta_vs_same_scenario_G00,max_drawdown,0.17635631655588574
G23,G23__mom_255_21__top50__monthly__long_short__rev5,long_short,rev5,0.0,0.0,G00__mom_255_21__top50__monthly__long_short,delta_vs_same_scenario_G00,annualized_volatility,-0.037398866019322324
G23,G23__mom_255_21__top50__monthly__long_short__rev5,long_short,rev5,0.0,0.0,G00__mom_255_21__top50__monthly__long_short,delta_vs_same_scenario_G00,annualized_l1_turnover,3.3062609046800677
G23,G23__mom_255_21__top50__monthly__long_short__rev5,long_short,rev5,0.0,0.01,G00__mom_255_21__top50__monthly__long_short,delta_vs_same_scenario_G00,cagr,0.03908610951339344
G23,G23__mom_255_21__top50__monthly__long_short__rev5,long_short,rev5,0.0,0.01,G00__mom_255_21__top50__monthly__long_short,delta_vs_same_scenario_G00,sharpe_excess_rf,0.34130910914437
G23,G23__mom_255_21__top50__monthly__long_short__rev5,long_short,rev5,0.0,0.01,G00__mom_255_21__top50__monthly__long_short,delta_vs_same_scenario_G00,max_drawdown,0.17963594747044176
G23,G23__mom_255_21__top50__monthly__long_short__rev5,long_short,rev5,0.0,0.01,G00__mom_255_21__top50__monthly__long_short,delta_vs_same_scenario_G00,annualized_volatility,-0.03740795904992687
G23,G23__mom_255_21__top50__monthly__long_short__rev5,long_short,rev5,0.0,0.01,G00__mom_255_21__top50__monthly__long_short,delta_vs_same_scenario_G00,annualized_l1_turnover,3.30674971771242
G23,G23__mom_255_21__top50__monthly__long_short__rev5,long_short,rev5,0.0,0.03,G00__mom_255_21__top50__monthly__long_short,delta_vs_same_scenario_G00,cagr,0.038761115288678705
G23,G23__mom_255_21__top50__monthly__long_short__rev5,long_short,rev5,0.0,0.03,G00__mom_255_21__top50__monthly__long_short,delta_vs_same_scenario_G00,sharpe_excess_rf,0.3190180637556129
G23,G23__mom_255_21__top50__monthly__long_short__rev5,long_short,rev5,0.0,0.03,G00__mom_255_21__top50__monthly__long_short,delta_vs_same_scenario_G00,max_drawdown,0.19458365761074226
G23,G23__mom_255_21__top50__monthly__long_short__rev5,long_short,rev5,0.0,0.03,G00__mom_255_21__top50__monthly__long_short,delta_vs_same_scenario_G00,annualized_volatility,-0.037425892017141485
G23,G23__mom_255_21__top50__monthly__long_short__rev5,long_short,rev5,0.0,0.03,G00__mom_255_21__top50__monthly__long_short,delta_vs_same_scenario_G00,annualized_l1_turnover,3.307702406086408
G23,G23__mom_255_21__top50__monthly__long_short__rev5,long_short,rev5,5.0,0.0,G00__mom_255_21__top50__monthly__long_short,delta_vs_same_scenario_G00,cagr,0.03731677083446713
G23,G23__mom_255_21__top50__monthly__long_short__rev5,long_short,rev5,5.0,0.0,G00__mom_255_21__top50__monthly__long_short,delta_vs_same_scenario_G00,sharpe_excess_rf,0.3287046796593559
G23,G23__mom_255_21__top50__monthly__long_short__rev5,long_short,rev5,5.0,0.0,G00__mom_255_21__top50__monthly__long_short,delta_vs_same_scenario_G00,max_drawdown,0.17856518518026188
G23,G23__mom_255_21__top50__monthly__long_short__rev5,long_short,rev5,5.0,0.0,G00__mom_255_21__top50__monthly__long_short,delta_vs_same_scenario_G00,annualized_volatility,-0.03734138870160719
G23,G23__mom_255_21__top50__monthly__long_short__rev5,long_short,rev5,5.0,0.0,G00__mom_255_21__top50__monthly__long_short,delta_vs_same_scenario_G00,annualized_l1_turnover,3.3062609046800677
G23,G23__mom_255_21__top50__monthly__long_short__rev5,long_short,rev5,5.0,0.01,G00__mom_255_21__top50__monthly__long_short,delta_vs_same_scenario_G00,cagr,0.03716020887084118
G23,G23__mom_255_21__top50__monthly__long_short__rev5,long_short,rev5,5.0,0.01,G00__mom_255_21__top50__monthly__long_short,delta_vs_same_scenario_G00,sharpe_excess_rf,0.31741698232665966
G23,G23__mom_255_21__top50__monthly__long_short__rev5,long_short,rev5,5.0,0.01,G00__mom_255_21__top50__monthly__long_short,delta_vs_same_scenario_G00,max_drawdown,0.18443270036566933
G23,G23__mom_255_21__top50__monthly__long_short__rev5,long_short,rev5,5.0,0.01,G00__mom_255_21__top50__monthly__long_short,delta_vs_same_scenario_G00,annualized_volatility,-0.03735046656317115
G23,G23__mom_255_21__top50__monthly__long_short__rev5,long_short,rev5,5.0,0.01,G00__mom_255_21__top50__monthly__long_short,delta_vs_same_scenario_G00,annualized_l1_turnover,3.30674971771242
G23,G23__mom_255_21__top50__monthly__long_short__rev5,long_short,rev5,5.0,0.03,G00__mom_255_21__top50__monthly__long_short,delta_vs_same_scenario_G00,cagr,0.03685322713775051
G23,G23__mom_255_21__top50__monthly__long_short__rev5,long_short,rev5,5.0,0.03,G00__mom_255_21__top50__monthly__long_short,delta_vs_same_scenario_G00,sharpe_excess_rf,0.29516903396617966
G23,G23__mom_255_21__top50__monthly__long_short__rev5,long_short,rev5,5.0,0.03,G00__mom_255_21__top50__monthly__long_short,delta_vs_same_scenario_G00,max_drawdown,0.20120238225094816
G23,G23__mom_255_21__top50__monthly__long_short__rev5,long_short,rev5,5.0,0.03,G00__mom_255_21__top50__monthly__long_short,delta_vs_same_scenario_G00,annualized_volatility,-0.0373683699531268
G23,G23__mom_255_21__top50__monthly__long_short__rev5,long_short,rev5,5.0,0.03,G00__mom_255_21__top50__monthly__long_short,delta_vs_same_scenario_G00,annualized_l1_turnover,3.307702406086408
G23,G23__mom_255_21__top50__monthly__long_short__rev5,long_short,rev5,10.0,0.0,G00__mom_255_21__top50__monthly__long_short,delta_vs_same_scenario_G00,cagr,0.03539659177613389
G23,G23__mom_255_21__top50__monthly__long_short__rev5,long_short,rev5,10.0,0.0,G00__mom_255_21__top50__monthly__long_short,delta_vs_same_scenario_G00,sharpe_excess_rf,0.3047298637416617
G23,G23__mom_255_21__top50__monthly__long_short__rev5,long_short,rev5,10.0,0.0,G00__mom_255_21__top50__monthly__long_short,delta_vs_same_scenario_G00,max_drawdown,0.1827651408834423
G23,G23__mom_255_21__top50__monthly__long_short__rev5,long_short,rev5,10.0,0.0,G00__mom_255_21__top50__monthly__long_short,delta_vs_same_scenario_G00,annualized_volatility,-0.03726364455722442
G23,G23__mom_255_21__top50__monthly__long_short__rev5,long_short,rev5,10.0,0.0,G00__mom_255_21__top50__monthly__long_short,delta_vs_same_scenario_G00,annualized_l1_turnover,3.3062609046800677
G23,G23__mom_255_21__top50__monthly__long_short__rev5,long_short,rev5,10.0,0.01,G00__mom_255_21__top50__monthly__long_short,delta_vs_same_scenario_G00,cagr,0.035249158020097315
G23,G23__mom_255_21__top50__monthly__long_short__rev5,long_short,rev5,10.0,0.01,G00__mom_255_21__top50__monthly__long_short,delta_vs_same_scenario_G00,sharpe_excess_rf,0.2934737961171332
G23,G23__mom_255_21__top50__monthly__long_short__rev5,long_short,rev5,10.0,0.01,G00__mom_255_21__top50__monthly__long_short,delta_vs_same_scenario_G00,max_drawdown,0.19117927619209613
G23,G23__mom_255_21__top50__monthly__long_short__rev5,long_short,rev5,10.0,0.01,G00__mom_255_21__top50__monthly__long_short,delta_vs_same_scenario_G00,annualized_volatility,-0.03727270404310376
G23,G23__mom_255_21__top50__monthly__long_short__rev5,long_short,rev5,10.0,0.01,G00__mom_255_21__top50__monthly__long_short,delta_vs_same_scenario_G00,annualized_l1_turnover,3.30674971771242
G23,G23__mom_255_21__top50__monthly__long_short__rev5,long_short,rev5,10.0,0.03,G00__mom_255_21__top50__monthly__long_short,delta_vs_same_scenario_G00,cagr,0.03496005587776771
G23,G23__mom_255_21__top50__monthly__long_short__rev5,long_short,rev5,10.0,0.03,G00__mom_255_21__top50__monthly__long_short,delta_vs_same_scenario_G00,sharpe_excess_rf,0.2712882083978839
G23,G23__mom_255_21__top50__monthly__long_short__rev5,long_short,rev5,10.0,0.03,G00__mom_255_21__top50__monthly__long_short,delta_vs_same_scenario_G00,max_drawdown,0.20774107358261507
G23,G23__mom_255_21__top50__monthly__long_short__rev5,long_short,rev5,10.0,0.03,G00__mom_255_21__top50__monthly__long_short,delta_vs_same_scenario_G00,annualized_volatility,-0.037290571527214836
G23,G23__mom_255_21__top50__monthly__long_short__rev5,long_short,rev5,10.0,0.03,G00__mom_255_21__top50__monthly__long_short,delta_vs_same_scenario_G00,annualized_l1_turnover,3.307702406086408
G23,G23__mom_255_21__top50__monthly__long_short__rev5,long_short,rev5,20.0,0.0,G00__mom_255_21__top50__monthly__long_short,delta_vs_same_scenario_G00,cagr,0.031600666887693425
G23,G23__mom_255_21__top50__monthly__long_short__rev5,long_short,rev5,20.0,0.0,G00__mom_255_21__top50__monthly__long_short,delta_vs_same_scenario_G00,sharpe_excess_rf,0.2567361801291731
G23,G23__mom_255_21__top50__monthly__long_short__rev5,long_short,rev5,20.0,0.0,G00__mom_255_21__top50__monthly__long_short,delta_vs_same_scenario_G00,max_drawdown,0.19603570131799686
G23,G23__mom_255_21__top50__monthly__long_short__rev5,long_short,rev5,20.0,0.0,G00__mom_255_21__top50__monthly__long_short,delta_vs_same_scenario_G00,annualized_volatility,-0.037047611999067545
G23,G23__mom_255_21__top50__monthly__long_short__rev5,long_short,rev5,20.0,0.0,G00__mom_255_21__top50__monthly__long_short,delta_vs_same_scenario_G00,annualized_l1_turnover,3.3062609046800677
G23,G23__mom_255_21__top50__monthly__long_short__rev5,long_short,rev5,20.0,0.01,G00__mom_255_21__top50__monthly__long_short,delta_vs_same_scenario_G00,cagr,0.031471287362070215
G23,G23__mom_255_21__top50__monthly__long_short__rev5,long_short,rev5,20.0,0.01,G00__mom_255_21__top50__monthly__long_short,delta_vs_same_scenario_G00,sharpe_excess_rf,0.2455723859807858
G23,G23__mom_255_21__top50__monthly__long_short__rev5,long_short,rev5,20.0,0.01,G00__mom_255_21__top50__monthly__long_short,delta_vs_same_scenario_G00,max_drawdown,0.20442903684697017
G23,G23__mom_255_21__top50__monthly__long_short__rev5,long_short,rev5,20.0,0.01,G00__mom_255_21__top50__monthly__long_short,delta_vs_same_scenario_G00,annualized_volatility,-0.03705662518472484
G23,G23__mom_255_21__top50__monthly__long_short__rev5,long_short,rev5,20.0,0.01,G00__mom_255_21__top50__monthly__long_short,delta_vs_same_scenario_G00,annualized_l1_turnover,3.30674971771242
G23,G23__mom_255_21__top50__monthly__long_short__rev5,long_short,rev5,20.0,0.03,G00__mom_255_21__top50__monthly__long_short,delta_vs_same_scenario_G00,cagr,0.031217548405470953
G23,G23__mom_255_21__top50__monthly__long_short__rev5,long_short,rev5,20.0,0.03,G00__mom_255_21__top50__monthly__long_short,delta_vs_same_scenario_G00,sharpe_excess_rf,0.22356869327947204
G23,G23__mom_255_21__top50__monthly__long_short__rev5,long_short,rev5,20.0,0.03,G00__mom_255_21__top50__monthly__long_short,delta_vs_same_scenario_G00,max_drawdown,0.2205817554274554
G23,G23__mom_255_21__top50__monthly__long_short__rev5,long_short,rev5,20.0,0.03,G00__mom_255_21__top50__monthly__long_short,delta_vs_same_scenario_G00,annualized_volatility,-0.03707440200970258
G23,G23__mom_255_21__top50__monthly__long_short__rev5,long_short,rev5,20.0,0.03,G00__mom_255_21__top50__monthly__long_short,delta_vs_same_scenario_G00,annualized_l1_turnover,3.307702406086408
G23,G23__mom_255_21__top50__weekly__long_only__rev20,long_only,rev20,0.0,0.0,G00__mom_255_21__top50__weekly__long_only,delta_vs_same_scenario_G00,cagr,0.003024016957764053
G23,G23__mom_255_21__top50__weekly__long_only__rev20,long_only,rev20,0.0,0.0,G00__mom_255_21__top50__weekly__long_only,delta_vs_same_scenario_G00,sharpe_excess_rf,-0.0578103766913618
G23,G23__mom_255_21__top50__weekly__long_only__rev20,long_only,rev20,0.0,0.0,G00__mom_255_21__top50__weekly__long_only,delta_vs_same_scenario_G00,max_drawdown,-0.21925346065545787
G23,G23__mom_255_21__top50__weekly__long_only__rev20,long_only,rev20,0.0,0.0,G00__mom_255_21__top50__weekly__long_only,delta_vs_same_scenario_G00,annualized_volatility,0.04845648139924072
G23,G23__mom_255_21__top50__weekly__long_only__rev20,long_only,rev20,0.0,0.0,G00__mom_255_21__top50__weekly__long_only,delta_vs_same_scenario_G00,annualized_l1_turnover,15.629017216545542
G23,G23__mom_255_21__top50__weekly__long_only__rev20,long_only,rev20,5.0,0.0,G00__mom_255_21__top50__weekly__long_only,delta_vs_same_scenario_G00,cagr,-0.0060787486641861455
G23,G23__mom_255_21__top50__weekly__long_only__rev20,long_only,rev20,5.0,0.0,G00__mom_255_21__top50__weekly__long_only,delta_vs_same_scenario_G00,sharpe_excess_rf,-0.07904946165842164
G23,G23__mom_255_21__top50__weekly__long_only__rev20,long_only,rev20,5.0,0.0,G00__mom_255_21__top50__weekly__long_only,delta_vs_same_scenario_G00,max_drawdown,-0.21946295450609998
G23,G23__mom_255_21__top50__weekly__long_only__rev20,long_only,rev20,5.0,0.0,G00__mom_255_21__top50__weekly__long_only,delta_vs_same_scenario_G00,annualized_volatility,0.04845756903704035
G23,G23__mom_255_21__top50__weekly__long_only__rev20,long_only,rev20,5.0,0.0,G00__mom_255_21__top50__weekly__long_only,delta_vs_same_scenario_G00,annualized_l1_turnover,15.629017216545542
G23,G23__mom_255_21__top50__weekly__long_only__rev20,long_only,rev20,10.0,0.0,G00__mom_255_21__top50__weekly__long_only,delta_vs_same_scenario_G00,cagr,-0.014968796474108037
G23,G23__mom_255_21__top50__weekly__long_only__rev20,long_only,rev20,10.0,0.0,G00__mom_255_21__top50__weekly__long_only,delta_vs_same_scenario_G00,sharpe_excess_rf,-0.10031465133737222
G23,G23__mom_255_21__top50__weekly__long_only__rev20,long_only,rev20,10.0,0.0,G00__mom_255_21__top50__weekly__long_only,delta_vs_same_scenario_G00,max_drawdown,-0.21967181935957203
G23,G23__mom_255_21__top50__weekly__long_only__rev20,long_only,rev20,10.0,0.0,G00__mom_255_21__top50__weekly__long_only,delta_vs_same_scenario_G00,annualized_volatility,0.04847752049100329
G23,G23__mom_255_21__top50__weekly__long_only__rev20,long_only,rev20,10.0,0.0,G00__mom_255_21__top50__weekly__long_only,delta_vs_same_scenario_G00,annualized_l1_turnover,15.629017216545542
G23,G23__mom_255_21__top50__weekly__long_only__rev20,long_only,rev20,20.0,0.0,G00__mom_255_21__top50__weekly__long_only,delta_vs_same_scenario_G00,cagr,-0.03212568158230786
G23,G23__mom_255_21__top50__weekly__long_only__rev20,long_only,rev20,20.0,0.0,G00__mom_255_21__top50__weekly__long_only,delta_vs_same_scenario_G00,sharpe_excess_rf,-0.1428767395330664
G23,G23__mom_255_21__top50__weekly__long_only__rev20,long_only,rev20,20.0,0.0,G00__mom_255_21__top50__weekly__long_only,delta_vs_same_scenario_G00,max_drawdown,-0.21122926278128523
G23,G23__mom_255_21__top50__weekly__long_only__rev20,long_only,rev20,20.0,0.0,G00__mom_255_21__top50__weekly__long_only,delta_vs_same_scenario_G00,annualized_volatility,0.048573968532014455
G23,G23__mom_255_21__top50__weekly__long_only__rev20,long_only,rev20,20.0,0.0,G00__mom_255_21__top50__weekly__long_only,delta_vs_same_scenario_G00,annualized_l1_turnover,15.629017216545542
G23,G23__mom_255_21__top50__weekly__long_only__rev5,long_only,rev5,0.0,0.0,G00__mom_255_21__top50__weekly__long_only,delta_vs_same_scenario_G00,cagr,-0.003510400147683723
G23,G23__mom_255_21__top50__weekly__long_only__rev5,long_only,rev5,0.0,0.0,G00__mom_255_21__top50__weekly__long_only,delta_vs_same_scenario_G00,sharpe_excess_rf,-0.06735598924246933
G23,G23__mom_255_21__top50__weekly__long_only__rev5,long_only,rev5,0.0,0.0,G00__mom_255_21__top50__weekly__long_only,delta_vs_same_scenario_G00,max_drawdown,-0.22041488655325175
G23,G23__mom_255_21__top50__weekly__long_only__rev5,long_only,rev5,0.0,0.0,G00__mom_255_21__top50__weekly__long_only,delta_vs_same_scenario_G00,annualized_volatility,0.03988631891705832
G23,G23__mom_255_21__top50__weekly__long_only__rev5,long_only,rev5,0.0,0.0,G00__mom_255_21__top50__weekly__long_only,delta_vs_same_scenario_G00,annualized_l1_turnover,27.453868369658053
G23,G23__mom_255_21__top50__weekly__long_only__rev5,long_only,rev5,5.0,0.0,G00__mom_255_21__top50__weekly__long_only,delta_vs_same_scenario_G00,cagr,-0.019293769229763807
G23,G23__mom_255_21__top50__weekly__long_only__rev5,long_only,rev5,5.0,0.0,G00__mom_255_21__top50__weekly__long_only,delta_vs_same_scenario_G00,sharpe_excess_rf,-0.11128430614794926
G23,G23__mom_255_21__top50__weekly__long_only__rev5,long_only,rev5,5.0,0.0,G00__mom_255_21__top50__weekly__long_only,delta_vs_same_scenario_G00,max_drawdown,-0.22073134869547828
G23,G23__mom_255_21__top50__weekly__long_only__rev5,long_only,rev5,5.0,0.0,G00__mom_255_21__top50__weekly__long_only,delta_vs_same_scenario_G00,annualized_volatility,0.039793617316530305
G23,G23__mom_255_21__top50__weekly__long_only__rev5,long_only,rev5,5.0,0.0,G00__mom_255_21__top50__weekly__long_only,delta_vs_same_scenario_G00,annualized_l1_turnover,27.453868369658053
G23,G23__mom_255_21__top50__weekly__long_only__rev5,long_only,rev5,10.0,0.0,G00__mom_255_21__top50__weekly__long_only,delta_vs_same_scenario_G00,cagr,-0.03461850841070463
G23,G23__mom_255_21__top50__weekly__long_only__rev5,long_only,rev5,10.0,0.0,G00__mom_255_21__top50__weekly__long_only,delta_vs_same_scenario_G00,sharpe_excess_rf,-0.15532366957951566
G23,G23__mom_255_21__top50__weekly__long_only__rev5,long_only,rev5,10.0,0.0,G00__mom_255_21__top50__weekly__long_only,delta_vs_same_scenario_G00,max_drawdown,-0.2248131674523285
G23,G23__mom_255_21__top50__weekly__long_only__rev5,long_only,rev5,10.0,0.0,G00__mom_255_21__top50__weekly__long_only,delta_vs_same_scenario_G00,annualized_volatility,0.0397451620514046
G23,G23__mom_255_21__top50__weekly__long_only__rev5,long_only,rev5,10.0,0.0,G00__mom_255_21__top50__weekly__long_only,delta_vs_same_scenario_G00,annualized_l1_turnover,27.453868369658053
G23,G23__mom_255_21__top50__weekly__long_only__rev5,long_only,rev5,20.0,0.0,G00__mom_255_21__top50__weekly__long_only,delta_vs_same_scenario_G00,cagr,-0.06393322157635326
G23,G23__mom_255_21__top50__weekly__long_only__rev5,long_only,rev5,20.0,0.0,G00__mom_255_21__top50__weekly__long_only,delta_vs_same_scenario_G00,sharpe_excess_rf,-0.24357905152618126
G23,G23__mom_255_21__top50__weekly__long_only__rev5,long_only,rev5,20.0,0.0,G00__mom_255_21__top50__weekly__long_only,delta_vs_same_scenario_G00,max_drawdown,-0.2495479648652716
G23,G23__mom_255_21__top50__weekly__long_only__rev5,long_only,rev5,20.0,0.0,G00__mom_255_21__top50__weekly__long_only,delta_vs_same_scenario_G00,annualized_volatility,0.03978101409450724
G23,G23__mom_255_21__top50__weekly__long_only__rev5,long_only,rev5,20.0,0.0,G00__mom_255_21__top50__weekly__long_only,delta_vs_same_scenario_G00,annualized_l1_turnover,27.453868369658053
G23,G23__mom_255_21__top50__weekly__long_short__rev20,long_short,rev20,0.0,0.0,G00__mom_255_21__top50__weekly__long_short,delta_vs_same_scenario_G00,cagr,0.04824237171803809
G23,G23__mom_255_21__top50__weekly__long_short__rev20,long_short,rev20,0.0,0.0,G00__mom_255_21__top50__weekly__long_short,delta_vs_same_scenario_G00,sharpe_excess_rf,0.3506099530510659
G23,G23__mom_255_21__top50__weekly__long_short__rev20,long_short,rev20,0.0,0.0,G00__mom_255_21__top50__weekly__long_short,delta_vs_same_scenario_G00,max_drawdown,0.2000417317214198
G23,G23__mom_255_21__top50__weekly__long_short__rev20,long_short,rev20,0.0,0.0,G00__mom_255_21__top50__weekly__long_short,delta_vs_same_scenario_G00,annualized_volatility,-0.015193599406164715
G23,G23__mom_255_21__top50__weekly__long_short__rev20,long_short,rev20,0.0,0.0,G00__mom_255_21__top50__weekly__long_short,delta_vs_same_scenario_G00,annualized_l1_turnover,10.67519092315639
G23,G23__mom_255_21__top50__weekly__long_short__rev20,long_short,rev20,0.0,0.01,G00__mom_255_21__top50__weekly__long_short,delta_vs_same_scenario_G00,cagr,0.048012532745096946
G23,G23__mom_255_21__top50__weekly__long_short__rev20,long_short,rev20,0.0,0.01,G00__mom_255_21__top50__weekly__long_short,delta_vs_same_scenario_G00,sharpe_excess_rf,0.34668530345029347
G23,G23__mom_255_21__top50__weekly__long_short__rev20,long_short,rev20,0.0,0.01,G00__mom_255_21__top50__weekly__long_short,delta_vs_same_scenario_G00,max_drawdown,0.2058905213065758
G23,G23__mom_255_21__top50__weekly__long_short__rev20,long_short,rev20,0.0,0.01,G00__mom_255_21__top50__weekly__long_short,delta_vs_same_scenario_G00,annualized_volatility,-0.015196087854036977
G23,G23__mom_255_21__top50__weekly__long_short__rev20,long_short,rev20,0.0,0.01,G00__mom_255_21__top50__weekly__long_short,delta_vs_same_scenario_G00,annualized_l1_turnover,10.675595068445041
G23,G23__mom_255_21__top50__weekly__long_short__rev20,long_short,rev20,0.0,0.03,G00__mom_255_21__top50__weekly__long_short,delta_vs_same_scenario_G00,cagr,0.047562735997914565
G23,G23__mom_255_21__top50__weekly__long_short__rev20,long_short,rev20,0.0,0.03,G00__mom_255_21__top50__weekly__long_short,delta_vs_same_scenario_G00,sharpe_excess_rf,0.33894908809602925
G23,G23__mom_255_21__top50__weekly__long_short__rev20,long_short,rev20,0.0,0.03,G00__mom_255_21__top50__weekly__long_short,delta_vs_same_scenario_G00,max_drawdown,0.21794091009079158
G23,G23__mom_255_21__top50__weekly__long_short__rev20,long_short,rev20,0.0,0.03,G00__mom_255_21__top50__weekly__long_short,delta_vs_same_scenario_G00,annualized_volatility,-0.015200992463594049
G23,G23__mom_255_21__top50__weekly__long_short__rev20,long_short,rev20,0.0,0.03,G00__mom_255_21__top50__weekly__long_short,delta_vs_same_scenario_G00,annualized_l1_turnover,10.676389604230366
G23,G23__mom_255_21__top50__weekly__long_short__rev20,long_short,rev20,5.0,0.0,G00__mom_255_21__top50__weekly__long_short,delta_vs_same_scenario_G00,cagr,0.04207803658652945
G23,G23__mom_255_21__top50__weekly__long_short__rev20,long_short,rev20,5.0,0.0,G00__mom_255_21__top50__weekly__long_short,delta_vs_same_scenario_G00,sharpe_excess_rf,0.3031012229271468
G23,G23__mom_255_21__top50__weekly__long_short__rev20,long_short,rev20,5.0,0.0,G00__mom_255_21__top50__weekly__long_short,delta_vs_same_scenario_G00,max_drawdown,0.20998271633035964
G23,G23__mom_255_21__top50__weekly__long_short__rev20,long_short,rev20,5.0,0.0,G00__mom_255_21__top50__weekly__long_short,delta_vs_same_scenario_G00,annualized_volatility,-0.015179206388732908
G23,G23__mom_255_21__top50__weekly__long_short__rev20,long_short,rev20,5.0,0.0,G00__mom_255_21__top50__weekly__long_short,delta_vs_same_scenario_G00,annualized_l1_turnover,10.67519092315639
G23,G23__mom_255_21__top50__weekly__long_short__rev20,long_short,rev20,5.0,0.01,G00__mom_255_21__top50__weekly__long_short,delta_vs_same_scenario_G00,cagr,0.04187843891970803
G23,G23__mom_255_21__top50__weekly__long_short__rev20,long_short,rev20,5.0,0.01,G00__mom_255_21__top50__weekly__long_short,delta_vs_same_scenario_G00,sharpe_excess_rf,0.299183599038133
G23,G23__mom_255_21__top50__weekly__long_short__rev20,long_short,rev20,5.0,0.01,G00__mom_255_21__top50__weekly__long_short,delta_vs_same_scenario_G00,max_drawdown,0.2157345158308337
G23,G23__mom_255_21__top50__weekly__long_short__rev20,long_short,rev20,5.0,0.01,G00__mom_255_21__top50__weekly__long_short,delta_vs_same_scenario_G00,annualized_volatility,-0.015181706625433583
G23,G23__mom_255_21__top50__weekly__long_short__rev20,long_short,rev20,5.0,0.01,G00__mom_255_21__top50__weekly__long_short,delta_vs_same_scenario_G00,annualized_l1_turnover,10.675595068445041
G23,G23__mom_255_21__top50__weekly__long_short__rev20,long_short,rev20,5.0,0.03,G00__mom_255_21__top50__weekly__long_short,delta_vs_same_scenario_G00,cagr,0.041487815677203416
G23,G23__mom_255_21__top50__weekly__long_short__rev20,long_short,rev20,5.0,0.03,G00__mom_255_21__top50__weekly__long_short,delta_vs_same_scenario_G00,sharpe_excess_rf,0.29146121294922517
G23,G23__mom_255_21__top50__weekly__long_short__rev20,long_short,rev20,5.0,0.03,G00__mom_255_21__top50__weekly__long_short,delta_vs_same_scenario_G00,max_drawdown,0.22851495900798324
G23,G23__mom_255_21__top50__weekly__long_short__rev20,long_short,rev20,5.0,0.03,G00__mom_255_21__top50__weekly__long_short,delta_vs_same_scenario_G00,annualized_volatility,-0.015186634818217248
G23,G23__mom_255_21__top50__weekly__long_short__rev20,long_short,rev20,5.0,0.03,G00__mom_255_21__top50__weekly__long_short,delta_vs_same_scenario_G00,annualized_l1_turnover,10.676389604230366
G23,G23__mom_255_21__top50__weekly__long_short__rev20,long_short,rev20,10.0,0.0,G00__mom_255_21__top50__weekly__long_short,delta_vs_same_scenario_G00,cagr,0.036035739530408596
G23,G23__mom_255_21__top50__weekly__long_short__rev20,long_short,rev20,10.0,0.0,G00__mom_255_21__top50__weekly__long_short,delta_vs_same_scenario_G00,sharpe_excess_rf,0.2555555822720812
G23,G23__mom_255_21__top50__weekly__long_short__rev20,long_short,rev20,10.0,0.0,G00__mom_255_21__top50__weekly__long_short,delta_vs_same_scenario_G00,max_drawdown,0.22050182977479188
G23,G23__mom_255_21__top50__weekly__long_short__rev20,long_short,rev20,10.0,0.0,G00__mom_255_21__top50__weekly__long_short,delta_vs_same_scenario_G00,annualized_volatility,-0.015135674321713227
G23,G23__mom_255_21__top50__weekly__long_short__rev20,long_short,rev20,10.0,0.0,G00__mom_255_21__top50__weekly__long_short,delta_vs_same_scenario_G00,annualized_l1_turnover,10.67519092315639
G23,G23__mom_255_21__top50__weekly__long_short__rev20,long_short,rev20,10.0,0.01,G00__mom_255_21__top50__weekly__long_short,delta_vs_same_scenario_G00,cagr,0.035865790859899035
G23,G23__mom_255_21__top50__weekly__long_short__rev20,long_short,rev20,10.0,0.01,G00__mom_255_21__top50__weekly__long_short,delta_vs_same_scenario_G00,sharpe_excess_rf,0.2516539014730814
G23,G23__mom_255_21__top50__weekly__long_short__rev20,long_short,rev20,10.0,0.01,G00__mom_255_21__top50__weekly__long_short,delta_vs_same_scenario_G00,max_drawdown,0.2235897534899623
G23,G23__mom_255_21__top50__weekly__long_short__rev20,long_short,rev20,10.0,0.01,G00__mom_255_21__top50__weekly__long_short,delta_vs_same_scenario_G00,annualized_volatility,-0.015138186193615177
G23,G23__mom_255_21__top50__weekly__long_short__rev20,long_short,rev20,10.0,0.01,G00__mom_255_21__top50__weekly__long_short,delta_vs_same_scenario_G00,annualized_l1_turnover,10.675595068445041
G23,G23__mom_255_21__top50__weekly__long_short__rev20,long_short,rev20,10.0,0.03,G00__mom_255_21__top50__weekly__long_short,delta_vs_same_scenario_G00,cagr,0.03553318217499456
G23,G23__mom_255_21__top50__weekly__long_short__rev20,long_short,rev20,10.0,0.03,G00__mom_255_21__top50__weekly__long_short,delta_vs_same_scenario_G00,sharpe_excess_rf,0.24396291468340742
G23,G23__mom_255_21__top50__weekly__long_short__rev20,long_short,rev20,10.0,0.03,G00__mom_255_21__top50__weekly__long_short,delta_vs_same_scenario_G00,max_drawdown,0.2226074804313355
G23,G23__mom_255_21__top50__weekly__long_short__rev20,long_short,rev20,10.0,0.03,G00__mom_255_21__top50__weekly__long_short,delta_vs_same_scenario_G00,annualized_volatility,-0.015143137660141304
G23,G23__mom_255_21__top50__weekly__long_short__rev20,long_short,rev20,10.0,0.03,G00__mom_255_21__top50__weekly__long_short,delta_vs_same_scenario_G00,annualized_l1_turnover,10.676389604230366
G23,G23__mom_255_21__top50__weekly__long_short__rev20,long_short,rev20,20.0,0.0,G00__mom_255_21__top50__weekly__long_short,delta_vs_same_scenario_G00,cagr,0.02430989571183071
G23,G23__mom_255_21__top50__weekly__long_short__rev20,long_short,rev20,20.0,0.0,G00__mom_255_21__top50__weekly__long_short,delta_vs_same_scenario_G00,sharpe_excess_rf,0.1606664447473026
G23,G23__mom_255_21__top50__weekly__long_short__rev20,long_short,rev20,20.0,0.0,G00__mom_255_21__top50__weekly__long_short,delta_vs_same_scenario_G00,max_drawdown,0.20399855895707447
G23,G23__mom_255_21__top50__weekly__long_short__rev20,long_short,rev20,20.0,0.0,G00__mom_255_21__top50__weekly__long_short,delta_vs_same_scenario_G00,annualized_volatility,-0.01496149689198148
G23,G23__mom_255_21__top50__weekly__long_short__rev20,long_short,rev20,20.0,0.0,G00__mom_255_21__top50__weekly__long_short,delta_vs_same_scenario_G00,annualized_l1_turnover,10.67519092315639
G23,G23__mom_255_21__top50__weekly__long_short__rev20,long_short,rev20,20.0,0.01,G00__mom_255_21__top50__weekly__long_short,delta_vs_same_scenario_G00,cagr,0.024197503425585465
G23,G23__mom_255_21__top50__weekly__long_short__rev20,long_short,rev20,20.0,0.01,G00__mom_255_21__top50__weekly__long_short,delta_vs_same_scenario_G00,sharpe_excess_rf,0.15682311540300226
G23,G23__mom_255_21__top50__weekly__long_short__rev20,long_short,rev20,20.0,0.01,G00__mom_255_21__top50__weekly__long_short,delta_vs_same_scenario_G00,max_drawdown,0.20211248488159367
G23,G23__mom_255_21__top50__weekly__long_short__rev20,long_short,rev20,20.0,0.01,G00__mom_255_21__top50__weekly__long_short,delta_vs_same_scenario_G00,annualized_volatility,-0.014964031553901191
G23,G23__mom_255_21__top50__weekly__long_short__rev20,long_short,rev20,20.0,0.01,G00__mom_255_21__top50__weekly__long_short,delta_vs_same_scenario_G00,annualized_l1_turnover,10.675595068445041
G23,G23__mom_255_21__top50__weekly__long_short__rev20,long_short,rev20,20.0,0.03,G00__mom_255_21__top50__weekly__long_short,delta_vs_same_scenario_G00,cagr,0.0239775161241684
G23,G23__mom_255_21__top50__weekly__long_short__rev20,long_short,rev20,20.0,0.03,G00__mom_255_21__top50__weekly__long_short,delta_vs_same_scenario_G00,sharpe_excess_rf,0.1492470725903089
G23,G23__mom_255_21__top50__weekly__long_short__rev20,long_short,rev20,20.0,0.03,G00__mom_255_21__top50__weekly__long_short,delta_vs_same_scenario_G00,max_drawdown,0.19839198847300904
G23,G23__mom_255_21__top50__weekly__long_short__rev20,long_short,rev20,20.0,0.03,G00__mom_255_21__top50__weekly__long_short,delta_vs_same_scenario_G00,annualized_volatility,-0.014969028599414541
G23,G23__mom_255_21__top50__weekly__long_short__rev20,long_short,rev20,20.0,0.03,G00__mom_255_21__top50__weekly__long_short,delta_vs_same_scenario_G00,annualized_l1_turnover,10.676389604230366
G23,G23__mom_255_21__top50__weekly__long_short__rev5,long_short,rev5,0.0,0.0,G00__mom_255_21__top50__weekly__long_short,delta_vs_same_scenario_G00,cagr,0.05893058340291375
G23,G23__mom_255_21__top50__weekly__long_short__rev5,long_short,rev5,0.0,0.0,G00__mom_255_21__top50__weekly__long_short,delta_vs_same_scenario_G00,sharpe_excess_rf,0.437821050266759
G23,G23__mom_255_21__top50__weekly__long_short__rev5,long_short,rev5,0.0,0.0,G00__mom_255_21__top50__weekly__long_short,delta_vs_same_scenario_G00,max_drawdown,0.18503867070920554
G23,G23__mom_255_21__top50__weekly__long_short__rev5,long_short,rev5,0.0,0.0,G00__mom_255_21__top50__weekly__long_short,delta_vs_same_scenario_G00,annualized_volatility,-0.018529632704561066
G23,G23__mom_255_21__top50__weekly__long_short__rev5,long_short,rev5,0.0,0.0,G00__mom_255_21__top50__weekly__long_short,delta_vs_same_scenario_G00,annualized_l1_turnover,19.00306919886812
G23,G23__mom_255_21__top50__weekly__long_short__rev5,long_short,rev5,0.0,0.01,G00__mom_255_21__top50__weekly__long_short,delta_vs_same_scenario_G00,cagr,0.05864887846456653
G23,G23__mom_255_21__top50__weekly__long_short__rev5,long_short,rev5,0.0,0.01,G00__mom_255_21__top50__weekly__long_short,delta_vs_same_scenario_G00,sharpe_excess_rf,0.432899052122687
G23,G23__mom_255_21__top50__weekly__long_short__rev5,long_short,rev5,0.0,0.01,G00__mom_255_21__top50__weekly__long_short,delta_vs_same_scenario_G00,max_drawdown,0.18579528528941347
G23,G23__mom_255_21__top50__weekly__long_short__rev5,long_short,rev5,0.0,0.01,G00__mom_255_21__top50__weekly__long_short,delta_vs_same_scenario_G00,annualized_volatility,-0.018532090524698064
G23,G23__mom_255_21__top50__weekly__long_short__rev5,long_short,rev5,0.0,0.01,G00__mom_255_21__top50__weekly__long_short,delta_vs_same_scenario_G00,annualized_l1_turnover,19.003864140109393
G23,G23__mom_255_21__top50__weekly__long_short__rev5,long_short,rev5,0.0,0.03,G00__mom_255_21__top50__weekly__long_short,delta_vs_same_scenario_G00,cagr,0.05809757543687295
G23,G23__mom_255_21__top50__weekly__long_short__rev5,long_short,rev5,0.0,0.03,G00__mom_255_21__top50__weekly__long_short,delta_vs_same_scenario_G00,sharpe_excess_rf,0.4231977073880381
G23,G23__mom_255_21__top50__weekly__long_short__rev5,long_short,rev5,0.0,0.03,G00__mom_255_21__top50__weekly__long_short,delta_vs_same_scenario_G00,max_drawdown,0.187906372911622
G23,G23__mom_255_21__top50__weekly__long_short__rev5,long_short,rev5,0.0,0.03,G00__mom_255_21__top50__weekly__long_short,delta_vs_same_scenario_G00,annualized_volatility,-0.01853693474732837
G23,G23__mom_255_21__top50__weekly__long_short__rev5,long_short,rev5,0.0,0.03,G00__mom_255_21__top50__weekly__long_short,delta_vs_same_scenario_G00,annualized_l1_turnover,19.005425364587815
G23,G23__mom_255_21__top50__weekly__long_short__rev5,long_short,rev5,5.0,0.0,G00__mom_255_21__top50__weekly__long_short,delta_vs_same_scenario_G00,cagr,0.04809376318085293
G23,G23__mom_255_21__top50__weekly__long_short__rev5,long_short,rev5,5.0,0.0,G00__mom_255_21__top50__weekly__long_short,delta_vs_same_scenario_G00,sharpe_excess_rf,0.35522558482869976
G23,G23__mom_255_21__top50__weekly__long_short__rev5,long_short,rev5,5.0,0.0,G00__mom_255_21__top50__weekly__long_short,delta_vs_same_scenario_G00,max_drawdown,0.18001912849494156
G23,G23__mom_255_21__top50__weekly__long_short__rev5,long_short,rev5,5.0,0.0,G00__mom_255_21__top50__weekly__long_short,delta_vs_same_scenario_G00,annualized_volatility,-0.01866281703112896
G23,G23__mom_255_21__top50__weekly__long_short__rev5,long_short,rev5,5.0,0.0,G00__mom_255_21__top50__weekly__long_short,delta_vs_same_scenario_G00,annualized_l1_turnover,19.00306919886812
G23,G23__mom_255_21__top50__weekly__long_short__rev5,long_short,rev5,5.0,0.01,G00__mom_255_21__top50__weekly__long_short,delta_vs_same_scenario_G00,cagr,0.04786522573997324
G23,G23__mom_255_21__top50__weekly__long_short__rev5,long_short,rev5,5.0,0.01,G00__mom_255_21__top50__weekly__long_short,delta_vs_same_scenario_G00,sharpe_excess_rf,0.3502667996070252
G23,G23__mom_255_21__top50__weekly__long_short__rev5,long_short,rev5,5.0,0.01,G00__mom_255_21__top50__weekly__long_short,delta_vs_same_scenario_G00,max_drawdown,0.18077600847705444
G23,G23__mom_255_21__top50__weekly__long_short__rev5,long_short,rev5,5.0,0.01,G00__mom_255_21__top50__weekly__long_short,delta_vs_same_scenario_G00,annualized_volatility,-0.018665282955786205
G23,G23__mom_255_21__top50__weekly__long_short__rev5,long_short,rev5,5.0,0.01,G00__mom_255_21__top50__weekly__long_short,delta_vs_same_scenario_G00,annualized_l1_turnover,19.003864140109393
G23,G23__mom_255_21__top50__weekly__long_short__rev5,long_short,rev5,5.0,0.03,G00__mom_255_21__top50__weekly__long_short,delta_vs_same_scenario_G00,cagr,0.04741795791029271
G23,G23__mom_255_21__top50__weekly__long_short__rev5,long_short,rev5,5.0,0.03,G00__mom_255_21__top50__weekly__long_short,delta_vs_same_scenario_G00,sharpe_excess_rf,0.34049297953026364
G23,G23__mom_255_21__top50__weekly__long_short__rev5,long_short,rev5,5.0,0.03,G00__mom_255_21__top50__weekly__long_short,delta_vs_same_scenario_G00,max_drawdown,0.1870231840107346
G23,G23__mom_255_21__top50__weekly__long_short__rev5,long_short,rev5,5.0,0.03,G00__mom_255_21__top50__weekly__long_short,delta_vs_same_scenario_G00,annualized_volatility,-0.01867014363595687
G23,G23__mom_255_21__top50__weekly__long_short__rev5,long_short,rev5,5.0,0.03,G00__mom_255_21__top50__weekly__long_short,delta_vs_same_scenario_G00,annualized_l1_turnover,19.005425364587815
G23,G23__mom_255_21__top50__weekly__long_short__rev5,long_short,rev5,10.0,0.0,G00__mom_255_21__top50__weekly__long_short,delta_vs_same_scenario_G00,cagr,0.03751417030195001
G23,G23__mom_255_21__top50__weekly__long_short__rev5,long_short,rev5,10.0,0.0,G00__mom_255_21__top50__weekly__long_short,delta_vs_same_scenario_G00,sharpe_excess_rf,0.272179713388098
G23,G23__mom_255_21__top50__weekly__long_short__rev5,long_short,rev5,10.0,0.0,G00__mom_255_21__top50__weekly__long_short,delta_vs_same_scenario_G00,max_drawdown,0.17585892772604322
G23,G23__mom_255_21__top50__weekly__long_short__rev5,long_short,rev5,10.0,0.0,G00__mom_255_21__top50__weekly__long_short,delta_vs_same_scenario_G00,annualized_volatility,-0.01872540257648639
G23,G23__mom_255_21__top50__weekly__long_short__rev5,long_short,rev5,10.0,0.0,G00__mom_255_21__top50__weekly__long_short,delta_vs_same_scenario_G00,annualized_l1_turnover,19.00306919886812
G23,G23__mom_255_21__top50__weekly__long_short__rev5,long_short,rev5,10.0,0.01,G00__mom_255_21__top50__weekly__long_short,delta_vs_same_scenario_G00,cagr,0.03733755186924924
G23,G23__mom_255_21__top50__weekly__long_short__rev5,long_short,rev5,10.0,0.01,G00__mom_255_21__top50__weekly__long_short,delta_vs_same_scenario_G00,sharpe_excess_rf,0.2672064634029523
G23,G23__mom_255_21__top50__weekly__long_short__rev5,long_short,rev5,10.0,0.01,G00__mom_255_21__top50__weekly__long_short,delta_vs_same_scenario_G00,max_drawdown,0.17938913356738678
G23,G23__mom_255_21__top50__weekly__long_short__rev5,long_short,rev5,10.0,0.01,G00__mom_255_21__top50__weekly__long_short,delta_vs_same_scenario_G00,annualized_volatility,-0.01872787646103144
G23,G23__mom_255_21__top50__weekly__long_short__rev5,long_short,rev5,10.0,0.01,G00__mom_255_21__top50__weekly__long_short,delta_vs_same_scenario_G00,annualized_l1_turnover,19.003864140109393
G23,G23__mom_255_21__top50__weekly__long_short__rev5,long_short,rev5,10.0,0.03,G00__mom_255_21__top50__weekly__long_short,delta_vs_same_scenario_G00,cagr,0.03699187627435961
G23,G23__mom_255_21__top50__weekly__long_short__rev5,long_short,rev5,10.0,0.03,G00__mom_255_21__top50__weekly__long_short,delta_vs_same_scenario_G00,sharpe_excess_rf,0.2574041490193686
G23,G23__mom_255_21__top50__weekly__long_short__rev5,long_short,rev5,10.0,0.03,G00__mom_255_21__top50__weekly__long_short,delta_vs_same_scenario_G00,max_drawdown,0.18106444309719238
G23,G23__mom_255_21__top50__weekly__long_short__rev5,long_short,rev5,10.0,0.03,G00__mom_255_21__top50__weekly__long_short,delta_vs_same_scenario_G00,annualized_volatility,-0.018732753321331452
G23,G23__mom_255_21__top50__weekly__long_short__rev5,long_short,rev5,10.0,0.03,G00__mom_255_21__top50__weekly__long_short,delta_vs_same_scenario_G00,annualized_l1_turnover,19.005425364587815
G23,G23__mom_255_21__top50__weekly__long_short__rev5,long_short,rev5,20.0,0.0,G00__mom_255_21__top50__weekly__long_short,delta_vs_same_scenario_G00,cagr,0.017107825690512037
G23,G23__mom_255_21__top50__weekly__long_short__rev5,long_short,rev5,20.0,0.0,G00__mom_255_21__top50__weekly__long_short,delta_vs_same_scenario_G00,sharpe_excess_rf,0.10572460051035648
G23,G23__mom_255_21__top50__weekly__long_short__rev5,long_short,rev5,20.0,0.0,G00__mom_255_21__top50__weekly__long_short,delta_vs_same_scenario_G00,max_drawdown,0.1662131655095212
G23,G23__mom_255_21__top50__weekly__long_short__rev5,long_short,rev5,20.0,0.0,G00__mom_255_21__top50__weekly__long_short,delta_vs_same_scenario_G00,annualized_volatility,-0.018638771535723325
G23,G23__mom_255_21__top50__weekly__long_short__rev5,long_short,rev5,20.0,0.0,G00__mom_255_21__top50__weekly__long_short,delta_vs_same_scenario_G00,annualized_l1_turnover,19.00306919886812
G23,G23__mom_255_21__top50__weekly__long_short__rev5,long_short,rev5,20.0,0.01,G00__mom_255_21__top50__weekly__long_short,delta_vs_same_scenario_G00,cagr,0.017031390213958053
G23,G23__mom_255_21__top50__weekly__long_short__rev5,long_short,rev5,20.0,0.01,G00__mom_255_21__top50__weekly__long_short,delta_vs_same_scenario_G00,sharpe_excess_rf,0.10078932869543278
G23,G23__mom_255_21__top50__weekly__long_short__rev5,long_short,rev5,20.0,0.01,G00__mom_255_21__top50__weekly__long_short,delta_vs_same_scenario_G00,max_drawdown,0.16616361296536658
G23,G23__mom_255_21__top50__weekly__long_short__rev5,long_short,rev5,20.0,0.01,G00__mom_255_21__top50__weekly__long_short,delta_vs_same_scenario_G00,annualized_volatility,-0.018641260929991993
G23,G23__mom_255_21__top50__weekly__long_short__rev5,long_short,rev5,20.0,0.01,G00__mom_255_21__top50__weekly__long_short,delta_vs_same_scenario_G00,annualized_l1_turnover,19.003864140109393
G23,G23__mom_255_21__top50__weekly__long_short__rev5,long_short,rev5,20.0,0.03,G00__mom_255_21__top50__weekly__long_short,delta_vs_same_scenario_G00,cagr,0.01688174710316989
G23,G23__mom_255_21__top50__weekly__long_short__rev5,long_short,rev5,20.0,0.03,G00__mom_255_21__top50__weekly__long_short,delta_vs_same_scenario_G00,sharpe_excess_rf,0.09106185243453577
G23,G23__mom_255_21__top50__weekly__long_short__rev5,long_short,rev5,20.0,0.03,G00__mom_255_21__top50__weekly__long_short,delta_vs_same_scenario_G00,max_drawdown,0.16599436504193693
G23,G23__mom_255_21__top50__weekly__long_short__rev5,long_short,rev5,20.0,0.03,G00__mom_255_21__top50__weekly__long_short,delta_vs_same_scenario_G00,annualized_volatility,-0.01864616936000929
G23,G23__mom_255_21__top50__weekly__long_short__rev5,long_short,rev5,20.0,0.03,G00__mom_255_21__top50__weekly__long_short,delta_vs_same_scenario_G00,annualized_l1_turnover,19.005425364587815
