group_id,strategy_id,portfolio_mode,signal,top_n,frequency,variant_id,cost_bps,borrow_fee_annual,valid_scenario,invalid_reason,is_primary_scenario,collateralized_total_return,signed_skipped_rebalance_count,terminal_last_close_count,observations,total_return,cagr,annualized_volatility,sharpe_zero_rf,sharpe_excess_rf,sortino,max_drawdown,max_drawdown_duration,calmar,average_l1_turnover,annualized_l1_turnover,total_cost,corporate_action_events_applied,valuation_fallback_count,valuation_fallback_sid_count,unfilled_execution_count,skipped_signed_rebalance_count,average_target_risk_allocation,minimum_target_risk_allocation,maximum_target_risk_allocation,below_full_investment_fraction,leveraged_rebalance_fraction,average_actual_risky_weight,average_long_exposure,average_short_exposure,average_gross_exposure,average_net_exposure,total_short_borrow_fee,relative_observations,annualized_excess_return,geometric_excess_return,beta,annualized_alpha_zero_rf,annualized_alpha_excess_rf,tracking_error,information_ratio,base_target_gross_exposure,base_target_net_exposure,high_vol_rebalance_count,high_vol_rebalance_fraction,delta_vs_g00_cagr,delta_vs_g00_sharpe_excess_rf,delta_vs_g00_max_drawdown,delta_vs_g00_annualized_volatility,delta_vs_g00_annualized_l1_turnover
G23,G23__mom_12_1__top10__monthly__long_only__rev20,long_only,mom_12_1,10,monthly,rev20,0.0,0.0,True,,False,True,0,0,2134.0,1.0548632851893398,0.08876948764508863,0.3674105798612565,0.4166564041904764,0.3407855637838837,0.4776070678904384,-0.6157149378522417,467.0,0.14417302908832688,1.2576939456042362,15.148905894007163,0.0,0.0,0.0,0.0,0.0,0.0,1.0,1.0,1.0,0.0,0.0,1.0,1.0,0.0,1.0,1.0,0.0,2134.0,-0.0018698915868146468,-0.050113471168567035,1.4138909361962564,-0.06600389086763321,-0.054488184813745316,0.2601677803251516,-0.007187252720062801,1.0,1.0,36,0.35294117647058826,-0.13914299578170136,-0.34902329237159846,-0.16685224064733561,0.024149974272808017,6.240542065180698
G23,G23__mom_12_1__top10__monthly__long_only__rev20,long_only,mom_12_1,10,monthly,rev20,5.0,0.0,True,,True,True,0,0,2134.0,0.927150041870966,0.08055065947774143,0.3673862470200234,0.3960358233645155,0.3201611937053162,0.4482599942198178,-0.6160992229143893,468.0,0.13074299801370537,1.2576939456042362,15.148905894007163,0.0915192195915687,0.0,0.0,0.0,0.0,0.0,1.0,1.0,1.0,0.0,0.0,1.0,1.0,0.0,1.0,1.0,0.0,2134.0,-0.009455747821969446,-0.0572839092158605,1.4136858261314555,-0.07355796450597803,-0.06204784414504598,0.26016244829367335,-0.036345552111716466,1.0,1.0,36,0.35294117647058826,-0.14190352276397616,-0.35666552003799074,-0.16238668493287323,0.024129992190711602,6.240542065180698
G23,G23__mom_12_1__top10__monthly__long_only__rev20,long_only,mom_12_1,10,monthly,rev20,10.0,0.0,True,,False,True,0,0,2134.0,0.8072850905902469,0.07238761572568153,0.36737722701118963,0.3753968631050139,0.2995215964127699,0.41895350936164544,-0.6164835079765372,471.0,0.11742019825198072,1.2576939456042362,15.148905894007163,0.17685661957531426,0.0,0.0,0.0,0.0,0.0,1.0,1.0,1.0,0.0,0.0,1.0,1.0,0.0,1.0,1.0,0.0,2134.0,-0.01704160405712451,-0.06440567868344056,1.4134807160666547,-0.08111203814432312,-0.06960750347634692,0.26017874088115023,-0.06549960230958733,1.0,1.0,36,0.35294117647058826,-0.14463030057522808,-0.3643127534996007,-0.1579616379781052,0.02412020866356246,6.2405420651806995
G23,G23__mom_12_1__top10__monthly__long_only__rev20,long_only,mom_12_1,10,monthly,rev20,20.0,0.0,True,,False,True,0,0,2134.0,0.5892214333873058,0.05622753412287351,0.3674051280873466,0.33407412347475207,0.258207039143312,0.3604721772397875,-0.6172520781008328,944.0,0.09109330874328514,1.2576939456042362,15.148905894007163,0.3305350742959821,0.0,0.0,0.0,0.0,0.0,1.0,1.0,1.0,0.0,0.0,1.0,1.0,0.0,1.0,1.0,0.0,2134.0,-0.032213316527434345,-0.07850438735732629,1.4130704959370524,-0.09622018542101292,-0.08472682213894839,0.26027617827931765,-0.12376590412690147,1.0,1.0,36,0.35294117647058826,-0.14998363584205648,-0.3796142435909873,-0.14923179127548064,0.024131240235821805,6.240542065180698
G23,G23__mom_12_1__top10__monthly__long_only__rev5,long_only,mom_12_1,10,monthly,rev5,0.0,0.0,True,,False,True,0,0,2134.0,2.376041688240179,0.15451258629230846,0.3519092766958806,0.585427798838713,0.5062003776100006,0.7172929790113981,-0.6460467578223312,731.0,0.2391662591313566,1.2756969047486106,15.365751283813633,0.0,0.0,0.0,0.0,1.0,0.0,1.0,1.0,1.0,0.0,0.0,0.9990380026756347,0.9990380026756347,0.0,0.9990380026756347,0.9990380026756347,0.0,2134.0,0.05106361059364936,0.007243466619706458,1.3799903728032767,-0.007817365443302467,0.0027502384332175945,0.24296805741249944,0.21016594171865166,1.0,1.0,36,0.35294117647058826,-0.07339989713448153,-0.18360847854548157,-0.1971840606174251,0.008648671107432115,6.457387454987169
G23,G23__mom_12_1__top10__monthly__long_only__rev5,long_only,mom_12_1,10,monthly,rev5,5.0,0.0,True,,True,True,0,0,2134.0,2.1633066422827687,0.14567314657971075,0.351922206752947,0.5635742949170697,0.4843514683275987,0.6856299850990369,-0.6519444820287588,734.0,0.2234440977648842,1.2756969047486106,15.365751283813633,0.09016806490124434,0.0,0.0,0.0,1.0,0.0,1.0,1.0,1.0,0.0,0.0,0.9990380026756347,0.9990380026756347,0.0,0.9990380026756347,0.9990380026756347,0.0,2134.0,0.043380446883107604,-0.0004684180360379221,1.3797810534569315,-0.015468094312599927,-0.004906147479069575,0.24301850294342434,0.17850676536019458,1.0,1.0,36,0.35294117647058826,-0.07678103566200684,-0.19247524541570826,-0.19823194404724265,0.008665951923635173,6.457387454987169
G23,G23__mom_12_1__top10__monthly__long_only__rev5,long_only,mom_12_1,10,monthly,rev5,10.0,0.0,True,,False,True,0,0,2134.0,1.9638253866187805,0.1368945312778036,0.3519516005292585,0.5416970558997642,0.4624825137792946,0.654006903012148,-0.6577485097976079,744.0,0.20812594667820175,1.2756969047486106,15.365751283813633,0.17349730534381477,0.0,0.0,0.0,1.0,0.0,1.0,1.0,1.0,0.0,0.0,0.9990380026756347,0.9990380026756347,0.0,0.9990380026756347,0.9990380026756347,0.0,2134.0,0.03569728317256558,-0.008127237016271698,1.3795717341105866,-0.02311882318189777,-0.01256253339135699,0.24309277560412876,0.1468463350416379,1.0,1.0,36,0.35294117647058826,-0.08012338502310601,-0.20135183613307595,-0.19922663979917593,0.008694582181631327,6.45738745498717
G23,G23__mom_12_1__top10__monthly__long_only__rev5,long_only,mom_12_1,10,monthly,rev5,20.0,0.0,True,,False,True,0,0,2134.0,1.6014086591552634,0.11951828545334009,0.3520597604350463,0.49788370641456786,0.4186967872795809,0.590890205286077,-0.66908112209181,764.0,0.17863048516400978,1.2756969047486106,15.365751283813633,0.32150117607040507,0.0,0.0,0.0,1.0,0.0,1.0,1.0,1.0,0.0,0.0,0.9990380026756347,0.9990380026756347,0.0,0.9990380026756347,0.9990380026756347,0.0,2134.0,0.020330955751481986,-0.023286976536544914,1.3791530954178959,-0.03842028092049277,-0.02787530521593149,0.2433127080343761,0.08355895553391958,1.0,1.0,36,0.35294117647058826,-0.08669288451158991,-0.2191244954547184,-0.20106083526645785,0.008785872583521481,6.457387454987169
G23,G23__mom_12_1__top10__monthly__long_short__rev20,long_short,mom_12_1,10,monthly,rev20,0.0,0.0,True,,False,True,0,0,2134.0,0.5550334186194501,0.05351853208505375,0.19431564189826409,0.3655076076002229,0.2220667717301637,0.31192939289760896,-0.2666201932647799,506.0,0.2007294775002455,1.1100095326888302,13.370049216604354,0.0,3.0,23.0,2.0,0.0,0.0,1.0,1.0,1.0,0.0,0.0,-0.0013255583204009017,0.5029607000245178,0.5042862583449186,1.0072469583694363,-0.0013255583204009017,0.0,2134.0,-0.08393001726380753,-0.0808678302821172,0.07464387583061227,0.059457488506166195,0.033653592655535726,0.2628379915595601,-0.3193222439640681,1.0,0.0,24,0.23529411764705882,-0.014299486392474553,-0.057662824428468096,0.17050929349092148,-0.038102070812950806,3.9299628844983854
G23,G23__mom_12_1__top10__monthly__long_short__rev20,long_short,mom_12_1,10,monthly,rev20,0.0,0.01,True,,False,True,0,0,2134.0,0.49046740066514216,0.048255916028407286,0.1943557705683996,0.33970296986651993,0.196294141272756,0.27541241514681586,-0.26703243565811263,508.0,0.18071181468827394,1.1102565626731846,13.37302468929313,0.0,3.0,23.0,2.0,0.0,0.0,1.0,1.0,1.0,0.0,0.0,-0.0013263963881379216,0.5030708135049078,0.5043972098930457,1.0074680233979534,-0.0013263963881379216,0.05466904327595636,2134.0,-0.08893063018056238,-0.08545914934032521,0.07464019325007865,0.05445744621948957,0.02865344402866529,0.26286817585369826,-0.33830884964202573,1.0,0.0,24,0.23529411764705882,-0.014228046615542611,-0.06187804538331024,0.17635242866929068,-0.0381122813785508,3.930538948829426
G23,G23__mom_12_1__top10__monthly__long_short__rev20,long_short,mom_12_1,10,monthly,rev20,0.0,0.03,True,,False,True,0,0,2134.0,0.3708945079662862,0.03795504951093176,0.19443493108545437,0.288849459587133,0.14550372865746217,0.2036910399848613,-0.2678448148093836,588.0,0.14170537345642897,1.1107440222142737,13.37889613261279,0.0,3.0,23.0,2.0,0.0,0.0,1.0,1.0,1.0,0.0,0.0,-0.0013280506849162265,0.503288005037343,0.5046160557222592,1.0079040607596021,-0.0013280506849162265,0.1552575182415542,2134.0,-0.09879143788444873,-0.09444604183802177,0.07463295536518377,0.044597760053825104,0.018793548830415688,0.26292772349406257,-0.3757361018138495,1.0,0.0,24,0.23529411764705882,-0.014088174404977838,-0.07018614750602153,0.18923679150425432,-0.03813243171376332,3.931675302903038
G23,G23__mom_12_1__top10__monthly__long_short__rev20,long_short,mom_12_1,10,monthly,rev20,5.0,0.0,True,,False,True,0,0,2134.0,0.4694189396104105,0.046496812405891985,0.19442230513670686,0.33101512609950945,0.18765647874213234,0.2631129452085429,-0.2679216976139427,508.0,0.17354627422856506,1.1100095326888302,13.370049216604354,0.07271273571718097,3.0,23.0,2.0,0.0,0.0,1.0,1.0,1.0,0.0,0.0,-0.0013255583204009017,0.5029607000245178,0.5042862583449186,1.0072469583694363,-0.0013255583204009017,0.0,2134.0,-0.09059713880195934,-0.08699386247547997,0.07455053474008945,0.05280483053053517,0.026998535203590714,0.2629299297070065,-0.34456761504068933,1.0,0.0,24,0.23529411764705882,-0.016291879554688013,-0.07175490935466197,0.17540879195416892,-0.03799157910542664,3.9299628844983854
G23,G23__mom_12_1__top10__monthly__long_short__rev20,long_short,mom_12_1,10,monthly,rev20,5.0,0.01,True,,True,True,0,0,2134.0,0.40838993577571037,0.041267721595556583,0.19446244067350252,0.3052248075142636,0.16189809565793611,0.2267381890913608,-0.2683334762084798,588.0,0.15379266940027236,1.1102565626731846,13.37302468929313,0.07105741621758549,3.0,23.0,2.0,0.0,0.0,1.0,1.0,1.0,0.0,0.0,-0.0013263963881379216,0.5030708135049078,0.5043972098930457,1.0074680233979534,-0.0013263963881379216,0.05301782670385641,2134.0,-0.09559910163001996,-0.09155593275310839,0.07454686488845261,0.04780343636016105,0.02199703507484429,0.2629601230206309,-0.363549805696279,1.0,0.0,24,0.23529411764705882,-0.016210768229762917,-0.0759551596266079,0.1819879427487564,-0.038001775460664994,3.930538948829426
G23,G23__mom_12_1__top10__monthly__long_short__rev20,long_short,mom_12_1,10,monthly,rev20,5.0,0.03,True,,False,True,0,0,2134.0,0.29536949002161506,0.031032496887826166,0.1945416139636267,0.2543995004261953,0.1111357442809668,0.15529588391475935,-0.2691449412590742,607.0,0.11530031641187279,1.1107440222142737,13.37889613261279,0.06793293390870557,3.0,23.0,2.0,0.0,0.0,1.0,1.0,1.0,0.0,0.0,-0.0013280506849162265,0.503288005037343,0.5046160557222592,1.0079040607596021,-0.0013280506849162265,0.1506241360067811,2134.0,-0.1054625732488913,-0.10048555668155228,0.07453965213736813,0.03794108238493061,0.012134472820918667,0.2630196878773146,-0.4009683613421527,1.0,0.0,24,0.23529411764705882,-0.016051961499486733,-0.0842337682503342,0.1947067839984306,-0.038021898061936094,3.931675302903038
G23,G23__mom_12_1__top10__monthly__long_short__rev20,long_short,mom_12_1,10,monthly,rev20,10.0,0.0,True,,False,True,0,0,2134.0,0.3884638531911506,0.03951709829413308,0.19455152440719403,0.2965260873129364,0.15326603889430915,0.21449960199304724,-0.2692220475931326,588.0,0.14678254863381068,1.1100095326888302,13.370049216604354,0.14105763695618467,3.0,23.0,2.0,0.0,0.0,1.0,1.0,1.0,0.0,0.0,-0.0013255583204009017,0.5029607000245178,0.5042862583449186,1.0072469583694363,-0.0013255583204009017,0.0,2134.0,-0.09726426034011118,-0.09308324731321499,0.07445719364956672,0.04615217255490411,0.02034347775164567,0.2630385616797569,-0.3697718681207209,1.0,0.0,24,0.23529411764705882,-0.018263852423477722,-0.08581803607230376,0.1810467260292093,-0.03786671871002176,3.9299628844983854
G23,G23__mom_12_1__top10__monthly__long_short__rev20,long_short,mom_12_1,10,monthly,rev20,10.0,0.01,True,,False,True,0,0,2134.0,0.3307803363043431,0.03432134149194788,0.1945916711158017,0.27075305572823055,0.12752486676452568,0.17827096073732662,-0.26963336255833126,602.0,0.12728892732820832,1.1102565626731846,13.37302468929313,0.1378730064993551,3.0,23.0,2.0,0.0,0.0,1.0,1.0,1.0,0.0,0.0,-0.0013263963881379216,0.5030708135049078,0.5043972098930457,1.0074680233979534,-0.0013263963881379216,0.051428832367099074,2134.0,-0.10226757307947751,-0.0976162356541675,0.07445353652682658,0.041149426500832566,0.01534062612102332,0.2630687687219551,-0.38874843857868596,1.0,0.0,24,0.23529411764705882,-0.018173163808251826,-0.09000111008926462,0.18754139020041827,-0.0378768988555524,3.930538948829426
G23,G23__mom_12_1__top10__monthly__long_short__rev20,long_short,mom_12_1,10,monthly,rev20,10.0,0.03,True,,False,True,0,0,2134.0,0.22395741358891552,0.02415138403511574,0.1946708656811264,0.21996180008851293,0.07679641647256144,0.1071153432241952,-0.27044391384212496,715.0,0.08930274559335957,1.1107440222142737,13.37889613261279,0.1318607818318076,3.0,23.0,2.0,0.0,0.0,1.0,1.0,1.0,0.0,0.0,-0.0013280506849162265,0.503288005037343,0.5046160557222592,1.0079040607596021,-0.0013280506849162265,0.1461644521301343,2134.0,-0.112133708613334,-0.1064889177936424,0.07444634890955246,0.031284404716035975,0.005475396811421505,0.26312836009158885,-0.42615592091366683,1.0,0.0,24,0.23529411764705882,-0.01799560715466756,-0.09824587934650686,0.20009665541645383,-0.03789698977579278,3.931675302903038
G23,G23__mom_12_1__top10__monthly__long_short__rev20,long_short,mom_12_1,10,monthly,rev20,20.0,0.0,True,,False,True,0,0,2134.0,0.23954264066828146,0.02568279279548924,0.19487744373481325,0.22760642990210256,0.08459238677968767,0.11794901909128001,-0.27181928444159276,608.0,0.09448480761124156,1.1100095326888302,13.370049216604354,0.265618611948263,3.0,23.0,2.0,0.0,0.0,1.0,1.0,1.0,0.0,0.0,-0.0013255583204009017,0.5029607000245178,0.5042862583449186,1.0072469583694363,-0.0013255583204009017,0.0,2134.0,-0.11059850341641496,-0.10515285486377501,0.07427051146852111,0.032846856603641894,0.00703336284775552,0.26330582127759894,-0.4200382007498908,1.0,0.0,24,0.23529411764705882,-0.02214709658223716,-0.11381834708609984,0.19207725585134516,-0.03757407645761615,3.9299628844983854
G23,G23__mom_12_1__top10__monthly__long_short__rev20,long_short,mom_12_1,10,monthly,rev20,20.0,0.01,True,,False,True,0,0,2134.0,0.18801597563531414,0.020553134166155784,0.19491762568835902,0.2018768007048483,0.05889445246886605,0.0820246701665102,-0.27222967265649034,721.0,0.07549924284738241,1.1102565626731846,13.37302468929313,0.25972240532493573,3.0,23.0,2.0,0.0,0.0,1.0,1.0,1.0,0.0,0.0,-0.0013263963881379216,0.5030708135049078,0.5043972098930457,1.0074680233979534,-0.0013263963881379216,0.0484275396065149,2134.0,-0.11560451597839258,-0.10962817648584447,0.07426687980357452,0.027841406782175608,0.0020278082133814127,0.26333606987851693,-0.4389999289946252,1.0,0.0,24,0.23529411764705882,-0.022037533709155316,-0.11796052667505796,0.19840591469805025,-0.03758421820154348,3.930538948829426
G23,G23__mom_12_1__top10__monthly__long_short__rev20,long_short,mom_12_1,10,monthly,rev20,20.0,0.03,True,,False,True,0,0,2134.0,0.09259832732202722,0.010512595118771673,0.1949968882835545,0.151171044679745,0.00825117649854981,0.011466072457464898,-0.2730383974083068,736.0,0.03850225909087408,1.1107440222142737,13.37889613261279,0.2485868596170926,3.0,23.0,2.0,0.0,0.0,1.0,1.0,1.0,0.0,0.0,-0.0013280506849162265,0.503288005037343,0.5046160557222592,1.0079040607596021,-0.0013280506849162265,0.13773843371291372,2134.0,-0.1254759793422192,-0.11838794877147737,0.07425974245392118,0.017971049378246878,-0.007842755207572648,0.263395742113656,-0.47637816137542566,1.0,0.0,24,0.23529411764705882,-0.021823026197786727,-0.1261247269277473,0.2106397772916958,-0.0376042339489461,3.931675302903038
G23,G23__mom_12_1__top10__monthly__long_short__rev5,long_short,mom_12_1,10,monthly,rev5,0.0,0.0,True,,False,True,0,0,2134.0,1.035294214164371,0.08753989797449724,0.1815684961373489,0.5532426944653231,0.39973449279962187,0.5566627238619658,-0.2645656843341413,364.0,0.33088152832374157,1.1133674249272405,13.410494981410398,0.0,3.0,23.0,2.0,0.0,0.0,1.0,1.0,1.0,0.0,0.0,0.001143693888847791,0.503957326527602,0.5028136326387542,1.006770959166356,0.001143693888847791,0.0,2134.0,-0.054502418620300135,-0.051186214919506805,0.06018017843938191,0.09112629292869383,0.064925874929992,0.2556511982025208,-0.21319054635184861,1.0,0.0,24,0.23529411764705882,0.019721879496968936,0.12000489664099007,0.1725638024215601,-0.050849216573865985,3.9704086493044297
G23,G23__mom_12_1__top10__monthly__long_short__rev5,long_short,mom_12_1,10,monthly,rev5,0.0,0.01,True,,False,True,0,0,2134.0,0.9510617037688784,0.08212529936634994,0.18160560407855478,0.5256761109048764,0.37220059281994,0.5176919997792203,-0.2667050088201601,369.0,0.3079255981342564,1.1136162471839977,13.413492041995069,0.0,3.0,23.0,2.0,0.0,0.0,1.0,1.0,1.0,0.0,0.0,0.0011435394384796396,0.5040673530329421,0.5029238135944624,1.0069911666274043,0.0011435394384796396,0.05339659084168621,2134.0,-0.05948813498279823,-0.05591012970153368,0.06017214369287354,0.08614182158120265,0.05994117960819328,0.25567871147664895,-0.23266753277670232,1.0,0.0,24,0.23529411764705882,0.019641336722400038,0.11402840616387377,0.1766798555072432,-0.05086244786839561,3.9710063015313644
G23,G23__mom_12_1__top10__monthly__long_short__rev5,long_short,mom_12_1,10,monthly,rev5,0.0,0.03,True,,False,True,0,0,2134.0,0.7950355056341067,0.07152671273599376,0.1816788065733454,0.4713500651596139,0.31793897836092594,0.4411655281475322,-0.2709054806207064,394.0,0.2640282971467011,1.1141072412966402,13.419406059179401,0.0,3.0,23.0,2.0,0.0,0.0,1.0,1.0,1.0,0.0,0.0,0.001143233750241206,0.5042843723211239,0.5031411385708825,1.0074255108920067,0.001143233750241206,0.15151963839433824,2134.0,-0.06931954533687641,-0.06515676526495617,0.06015631958995606,0.07631286323299455,0.050111780153041914,0.2557329900296028,-0.271062193926768,1.0,0.0,24,0.23529411764705882,0.01948348882008416,0.10224910219744224,0.18617612569293152,-0.050888556225872295,3.97218522946965
G23,G23__mom_12_1__top10__monthly__long_short__rev5,long_short,mom_12_1,10,monthly,rev5,5.0,0.0,True,,False,True,0,0,2134.0,0.9229086979350314,0.0802695593327154,0.1816409834779431,0.5161580488908248,0.36271357743123783,0.5041655300347636,-0.26878015799614685,369.0,0.29864391750921626,1.1133674249272405,13.410494981410398,0.07134397423997127,3.0,23.0,2.0,0.0,0.0,1.0,1.0,1.0,0.0,0.0,0.001143693888847791,0.503957326527602,0.5028136326387542,1.006770959166356,0.001143693888847791,0.0,2134.0,-0.06119840702275799,-0.05752915234954727,0.06011792419029012,0.08443995106259931,0.05823801662586098,0.25571164996851686,-0.2393258462424091,1.0,0.0,24,0.23529411764705882,0.017480867372135403,0.10330218933444352,0.17455033157196476,-0.05077290076419039,3.9704086493044297
G23,G23__mom_12_1__top10__monthly__long_short__rev5,long_short,mom_12_1,10,monthly,rev5,5.0,0.01,True,,True,True,0,0,2134.0,0.8433039572441494,0.07488954612812915,0.18167810668020737,0.4886025050160739,0.3351906496030747,0.46534593538574326,-0.27090802582805307,394.0,0.2764390087714197,1.1136162471839977,13.413492041995069,0.06968343208212976,3.0,23.0,2.0,0.0,0.0,1.0,1.0,1.0,0.0,0.0,0.0011435394384796396,0.5040673530329421,0.5029238135944624,1.0069911666274043,0.0011435394384796396,0.051744980834376446,2134.0,-0.06618548462281684,-0.0622228934269404,0.060109908465873045,0.07945411553000087,0.05325195768262641,0.25573917535964513,-0.25880072745890587,1.0,0.0,24,0.23529411764705882,0.017411056302809647,0.0973373943185307,0.17941339312918314,-0.05078610945396014,3.9710063015313644
G23,G23__mom_12_1__top10__monthly__long_short__rev5,long_short,mom_12_1,10,monthly,rev5,5.0,0.03,True,,False,True,0,0,2134.0,0.6958526397793321,0.06435867867045486,0.18175133845232871,0.4342982125947335,0.2809506547512197,0.38911599419245013,-0.27508599717265814,681.0,0.23395839603591323,1.1141072412966402,13.419406059179401,0.06655216224990489,3.0,23.0,2.0,0.0,0.0,1.0,1.0,1.0,0.0,0.0,0.001143233750241206,0.5042843723211239,0.5031411385708825,1.0074255108920067,0.001143233750241206,0.14689019133752873,2134.0,-0.07601958122679683,-0.07141044804567781,0.06009412191737889,0.06962246511268799,0.04341986727117232,0.2557934772276199,-0.2971912421330048,1.0,0.0,24,0.23529411764705882,0.01727422028314196,0.08558114221991872,0.18876572808484665,-0.05081217357323409,3.97218522946965
G23,G23__mom_12_1__top10__monthly__long_short__rev5,long_short,mom_12_1,10,monthly,rev5,10.0,0.0,True,,False,True,0,0,2134.0,0.816657409237709,0.07304283591137661,0.18173792501815997,0.4790385232990222,0.32567822805676633,0.4518462608226901,-0.2729742600032734,678.0,0.2675814046002019,1.1133674249272405,13.410494981410398,0.1382795628061678,3.0,23.0,2.0,0.0,0.0,1.0,1.0,1.0,0.0,0.0,0.001143693888847791,0.503957326527602,0.5028136326387542,1.006770959166356,0.001143693888847791,0.0,2134.0,-0.0678943954252159,-0.06383403809755589,0.06005566994119835,0.07775360919650477,0.05155015832172993,0.25578948207202334,-0.2654307553040773,1.0,0.0,24,0.23529411764705882,0.015261885193765812,0.08659415309015342,0.1772945136190685,-0.05068031809905582,3.9704086493044297
G23,G23__mom_12_1__top10__monthly__long_short__rev5,long_short,mom_12_1,10,monthly,rev5,10.0,0.01,True,,False,True,0,0,2134.0,0.7414291244372873,0.06769721033680831,0.1817750682647903,0.4514977173379799,0.2981699658985446,0.41318201115178815,-0.27509072278989,681.0,0.24609048844047854,1.1136162471839977,13.413492041995069,0.13508842316359368,3.0,23.0,2.0,0.0,0.0,1.0,1.0,1.0,0.0,0.0,0.0011435394384796396,0.5040673530329421,0.5029238135944624,1.0069911666274043,0.0011435394384796396,0.05015714288079111,2134.0,-0.07288283426283539,-0.06849777801594967,0.06004767323887253,0.07276640947879917,0.04656273575705965,0.2558170246611814,-0.284902204454006,1.0,0.0,24,0.23529411764705882,0.015202705036608609,0.08064398904475431,0.18208402996885953,-0.05069350170656378,3.9710063015313644
G23,G23__mom_12_1__top10__monthly__long_short__rev5,long_short,mom_12_1,10,monthly,rev5,10.0,0.03,True,,False,True,0,0,2134.0,0.6020868748511043,0.057233674683232705,0.18184833875996775,0.39722246587015814,0.24395886900976618,0.33725686470833727,-0.27924629506147824,690.0,0.20495768679986343,1.1141072412966402,13.419406059179401,0.12906981442769241,3.0,23.0,2.0,0.0,0.0,1.0,1.0,1.0,0.0,0.0,0.001143233750241206,0.5042843723211239,0.5031411385708825,1.0074255108920067,0.001143233750241206,0.14243859828988423,2134.0,-0.08271961711671742,-0.07762658964601907,0.060031924244801874,0.06293206699238127,0.036727954389302535,0.255871359874766,-0.3232859557130732,1.0,0.0,24,0.23529411764705882,0.015086683493449403,0.06891657319069788,0.19129427419710054,-0.05071951669695143,3.97218522946965
G23,G23__mom_12_1__top10__monthly__long_short__rev5,long_short,mom_12_1,10,monthly,rev5,20.0,0.0,True,,False,True,0,0,2134.0,0.6212514499510058,0.05871930408997872,0.18200500453970542,0.4047553011496494,0.25162426823358525,0.34780214073196064,-0.2813016708813937,690.0,0.2087413981793829,1.1133674249272405,13.410494981410398,0.25993634439285074,3.0,23.0,2.0,0.0,0.0,1.0,1.0,1.0,0.0,0.0,0.001143693888847791,0.503957326527602,0.5028136326387542,1.006770959166356,0.001143693888847791,0.0,2134.0,-0.0812863722301319,-0.07633046647548851,0.05993116144301485,0.06438092546431548,0.03817444171346764,0.255997220340822,-0.317528339260525,1.0,0.0,24,0.23529411764705882,0.01088941471225232,0.053213534367797743,0.18259486941154424,-0.05044651565272398,3.9704086493044297
G23,G23__mom_12_1__top10__monthly__long_short__rev5,long_short,mom_12_1,10,monthly,rev5,20.0,0.01,True,,False,True,0,0,2134.0,0.5540753747923073,0.0534418644671697,0.1820422021922034,0.37725498968619064,0.22415634231871348,0.3094624674595598,-0.2833954776458427,703.0,0.18857698404755635,1.1136162471839977,13.413492041995069,0.2540411761963847,3.0,23.0,2.0,0.0,0.0,1.0,1.0,1.0,0.0,0.0,0.0011435394384796396,0.5040673530329421,0.5029238135944624,1.0069911666274043,0.0011435394384796396,0.04716235177840925,2134.0,-0.08627753354287254,-0.08093471821225373,0.059923202784871475,0.05939099737639568,0.03318429190592604,0.2560248125417242,-0.33698895308755256,1.0,0.0,24,0.23529411764705882,0.010851196591858597,0.047301363174789474,0.18724010970869787,-0.05045964169769909,3.9710063015313644
G23,G23__mom_12_1__top10__monthly__long_short__rev5,long_short,mom_12_1,10,monthly,rev5,20.0,0.03,True,,False,True,0,0,2134.0,0.42965253332391784,0.04311183817730213,0.1821155784072344,0.32305953324445563,0.17002472737037586,0.23417419191346187,-0.28750655443067363,798.0,0.1499508011658137,1.1141072412966402,13.419406059179401,0.2429185043944611,3.0,23.0,2.0,0.0,0.0,1.0,1.0,1.0,0.0,0.0,0.001143233750241206,0.5042843723211239,0.5031411385708825,1.0074255108920067,0.001143233750241206,0.13403996975959914,2134.0,-0.09611968889655845,-0.08994705087455455,0.0599075288996477,0.049551270751767976,0.023344128625563135,0.2560792444846707,-0.3753513452056141,1.0,0.0,24,0.23529411764705882,0.010776216860743731,0.035648823944078756,0.196171620269329,-0.05048554382526618,3.97218522946965
G23,G23__mom_12_1__top10__weekly__long_only__rev20,long_only,mom_12_1,10,weekly,rev20,0.0,0.0,True,,False,True,0,0,2134.0,2.12090431679931,0.14384884613488236,0.3824709598908764,0.544583137048329,0.47167436500119614,0.6724195801122854,-0.7052089515088444,470.0,0.20398045973056295,0.6409522103459976,33.60583922736316,0.0,0.0,1.0,1.0,0.0,0.0,1.0,1.0,1.0,0.0,0.0,1.0,1.0,0.0,1.0,1.0,0.0,2134.0,0.05333337251391537,-0.0020600115154172124,1.423191646084825,-0.012241807689555038,-0.00048766751781342257,0.279813914101388,0.19060300373265396,1.0,1.0,161,0.36261261261261263,-0.10486256539862165,-0.26938641796977664,-0.3086606604042558,0.04128880443202193,22.943246795071722
G23,G23__mom_12_1__top10__weekly__long_only__rev20,long_only,mom_12_1,10,weekly,rev20,5.0,0.0,True,,False,True,0,0,2134.0,1.706850060633633,0.12478333872200675,0.38243214582469925,0.5006555393966652,0.42774430360493754,0.6084866025803882,-0.705780155250674,485.0,0.1768019939264049,0.6409522103459976,33.60583922736316,0.22311781420468393,0.0,1.0,1.0,0.0,0.0,1.0,1.0,1.0,0.0,0.0,1.0,1.0,0.0,1.0,1.0,0.0,2134.0,0.03651290959714524,-0.018693531156013986,1.4227937606756944,-0.02900061672528698,-0.017256537185647115,0.2798132228691703,0.130490293570641,1.0,1.0,161,0.36261261261261263,-0.11728744482224784,-0.29765933108144327,-0.30885683877798886,0.041229428804001766,22.943246795071722
G23,G23__mom_12_1__top10__weekly__long_only__rev20,long_only,mom_12_1,10,weekly,rev20,10.0,0.0,True,,True,True,0,0,2134.0,1.3475136662762082,0.1060236381365538,0.382418779003263,0.456688632783457,0.38377961149038026,0.5447801972481828,-0.7063506985923598,529.0,0.15010056385283033,0.6409522103459976,33.60583922736316,0.410216927865331,0.0,1.0,1.0,0.0,0.0,1.0,1.0,1.0,0.0,0.0,1.0,1.0,0.0,1.0,1.0,0.0,2134.0,0.01969244668037545,-0.035060252554108495,1.422395875266563,-0.045759425761018456,-0.03402540685348037,0.2798473123582784,0.07036853959549172,1.0,1.0,161,0.36261261261261263,-0.1294396586701935,-0.32595872526184905,-0.3090524278694858,0.04119067621442857,22.943246795071722
G23,G23__mom_12_1__top10__weekly__long_only__rev20,long_only,mom_12_1,10,weekly,rev20,20.0,0.0,True,,False,True,0,0,2134.0,0.7651283929118633,0.06940286646920257,0.3824683926874897,0.3686719901463687,0.29578142435557464,0.4180843419661833,-0.7127833951322351,651.0,0.09736880368309786,0.6409522103459976,33.60583922736316,0.6966530559753358,0.0,1.0,1.0,0.0,0.0,1.0,1.0,1.0,0.0,0.0,1.0,1.0,0.0,1.0,1.0,0.0,2134.0,-0.013948479153163962,-0.06700969463249273,1.4216001044483026,-0.07927704383248163,-0.06756314618914672,0.28001976973005327,-0.04981247990672474,1.0,1.0,161,0.36261261261261263,-0.15294426163299102,-0.38260454179245185,-0.314735429231647,0.041175050254026124,22.943246795071722
G23,G23__mom_12_1__top10__weekly__long_only__rev5,long_only,mom_12_1,10,weekly,rev5,0.0,0.0,True,,False,True,0,0,2134.0,5.638460521021907,0.2504789128952478,0.372387103523231,0.7890969513798453,0.7142009648630244,1.023848634054628,-0.7047965997195867,463.0,0.3553917725978025,0.8844575336791538,46.373094905479455,0.0,1.0,0.0,0.0,0.0,0.0,1.0,1.0,1.0,0.0,0.0,0.9999537886604088,0.9999537886604088,0.0,0.9999537886604088,0.9999537886604088,0.0,2134.0,0.13889566547000873,0.09096837064758916,1.401433783298681,0.07669195014833279,0.08784758259642424,0.26886111355221654,0.5166074916335317,1.0,1.0,161,0.36261261261261263,0.0017675013617438062,-0.026859818107948352,-0.30824830861499813,0.031204948064376514,35.710502473188015
G23,G23__mom_12_1__top10__weekly__long_only__rev5,long_only,mom_12_1,10,weekly,rev5,5.0,0.0,True,,False,True,0,0,2134.0,4.454526788587722,0.221805966918031,0.37220557120067216,0.726978780800201,0.6520528261814249,0.9317549573644915,-0.7054859123208265,471.0,0.3144016954050283,0.8844575336791538,46.373094905479455,0.4591817510721462,1.0,0.0,0.0,0.0,0.0,1.0,1.0,1.0,0.0,0.0,0.9999537886604088,0.9999537886604088,0.0,0.9999537886604088,0.9999537886604088,0.0,2134.0,0.1156316897051634,0.06595293309654238,1.4008485760524687,0.053518654506740725,0.06465911556742211,0.2686898363882749,0.430353791045776,1.0,1.0,161,0.36261261261261263,-0.020264816626223592,-0.0733508085049559,-0.3085625958481414,0.03100285417997467,35.710502473188015
G23,G23__mom_12_1__top10__weekly__long_only__rev5,long_only,mom_12_1,10,weekly,rev5,10.0,0.0,True,,True,True,0,0,2134.0,3.4809816590658613,0.19376658408326342,0.37207242020558373,0.6647135427479611,0.5897670630559547,0.8400598321195817,-0.706174171338756,481.0,0.27438922570040075,0.8844575336791538,46.373094905479455,0.8085271244003807,1.0,0.0,0.0,0.0,0.0,1.0,1.0,1.0,0.0,0.0,0.9999537886604088,0.9999537886604088,0.0,0.9999537886604088,0.9999537886604088,0.0,2134.0,0.09236771394031801,0.04149024165108271,1.4002633688062573,0.03034535886514852,0.041470648538419766,0.2685855994996806,0.3439041933461063,1.0,1.0,161,0.36261261261261263,-0.04169671272348388,-0.11997127369627458,-0.30887590061588205,0.03084431741674931,35.710502473188015
G23,G23__mom_12_1__top10__weekly__long_only__rev5,long_only,mom_12_1,10,weekly,rev5,20.0,0.0,True,,False,True,0,0,2134.0,2.0226227655671605,0.1395348893486097,0.3719514511526451,0.5398382623370053,0.4648791432799176,0.657973256371104,-0.7075475318537539,517.0,0.19720920937005088,0.8844575336791538,46.373094905479455,1.2639050046101117,1.0,0.0,0.0,0.0,0.0,1.0,1.0,1.0,0.0,0.0,0.9999537886604088,0.9999537886604088,0.0,0.9999537886604088,0.9999537886604088,0.0,2134.0,0.04583976241062774,-0.005823681864138386,1.3990929543138344,-0.016001232418035333,-0.0049062855195840475,0.2685785085712683,0.17067546712682705,1.0,1.0,161,0.36261261261261263,-0.0828122387535839,-0.2135068228681089,-0.30949956595316575,0.03065810871918151,35.710502473188015
G23,G23__mom_12_1__top10__weekly__long_short__rev20,long_short,mom_12_1,10,weekly,rev20,0.0,0.0,True,,False,True,3,0,2134.0,1.3300104991962551,0.10504660057088788,0.20737287030336737,0.5853456467761718,0.4509158675804359,0.6471412217192557,-0.3114062556878543,860.0,0.3373297698816427,0.49191942868708183,25.791884272230654,0.0,2.0,24.0,3.0,6.0,0.0,1.0,1.0,1.0,0.0,0.0,0.0012408679388125272,0.5005171482915305,0.49927628035271787,0.9997934286442484,0.0012408679388125272,0.0,2134.0,-0.03356905576178788,-0.03591265963597539,0.08759124554061072,0.10781220506042066,0.08236816570778586,0.2708786495539394,-0.12392654724566385,1.0,0.0,102,0.22972972972972974,0.06069562533153188,0.2671063526703241,0.24812109319208675,-0.022120323064770714,14.07157397795957
G23,G23__mom_12_1__top10__weekly__long_short__rev20,long_short,mom_12_1,10,weekly,rev20,0.0,0.01,True,,False,True,3,0,2134.0,1.2340744009017608,0.09957352666420949,0.2073848169564317,0.5613751892705544,0.42695529140753247,0.6121134958696591,-0.31884417504300966,873.0,0.3122952666479724,0.49194818593157985,25.79339204663196,0.0,2.0,24.0,3.0,6.0,0.0,1.0,1.0,1.0,0.0,0.0,0.0012409829820657337,0.5005464415398407,0.49930545855777503,0.9998519000976158,0.0012409829820657337,0.07982123696651647,2134.0,-0.03853317178258755,-0.04068759063307238,0.08757878570451491,0.10285001973935211,0.07740563616207262,0.2708894891865493,-0.14224683245665357,1.0,0.0,102,0.22972972972972974,0.06040729822899339,0.26483302093172106,0.2469418645414443,-0.022123327860582576,14.072115753307289
G23,G23__mom_12_1__top10__weekly__long_short__rev20,long_short,mom_12_1,10,weekly,rev20,0.0,0.03,True,,False,True,3,0,2134.0,1.0563927052257096,0.08886515051760813,0.20740836894980066,0.5141380495923209,0.37973762339687095,0.5432984299574894,-0.333270144085842,887.0,0.26664599903290076,0.49200525562052916,25.796384274072054,0.0,2.0,24.0,3.0,6.0,0.0,1.0,1.0,1.0,0.0,0.0,0.0012412098306411922,0.5006041838427658,0.49936297401212476,0.9999671578548907,0.0012412098306411922,0.22622192139349825,2134.0,-0.04831732837236867,-0.05003001101015053,0.08755422925859385,0.09306966826571948,0.06762460626944941,0.27091085805331944,-0.1783513910057421,1.0,0.0,102,0.22972972972972974,0.05984300448316153,0.2603521847286351,0.24459283893652006,-0.02212925181934744,14.073179632607122
G23,G23__mom_12_1__top10__weekly__long_short__rev20,long_short,mom_12_1,10,weekly,rev20,5.0,0.0,True,,False,True,3,0,2134.0,1.0888956811047952,0.09088346896277488,0.2073510215562664,0.52316110190724,0.38872461225348676,0.5560370981948988,-0.32570327002407007,874.0,0.27903763126498066,0.49191942868708183,25.791884272230654,0.20998656733068774,2.0,24.0,3.0,6.0,0.0,1.0,1.0,1.0,0.0,0.0,0.0012408679388125272,0.5005171482915305,0.49927628035271787,0.9997934286442484,0.0012408679388125272,0.0,2134.0,-0.046475873734375506,-0.04826914838155005,0.08781731960594304,0.09487035603816409,0.06943335882573391,0.27083118805078743,-0.17160458538349782,1.0,0.0,102,0.22972972972972974,0.05263560946868198,0.23043326683632714,0.24147670478043326,-0.022204165561971606,14.071573977959565
G23,G23__mom_12_1__top10__weekly__long_short__rev20,long_short,mom_12_1,10,weekly,rev20,5.0,0.01,True,,False,True,3,0,2134.0,1.0028744768740752,0.08547972346976285,0.20736297627800815,0.4991892772269131,0.3647625547662725,0.5212168584666896,-0.33298779329711525,887.0,0.256705276260658,0.49194818593157985,25.79339204663196,0.20500922998644727,2.0,24.0,3.0,6.0,0.0,1.0,1.0,1.0,0.0,0.0,0.0012409829820657337,0.5005464415398407,0.49930545855777503,0.9998519000976158,0.0012409829820657337,0.07512355935501701,2134.0,-0.051440488401503254,-0.052983594467055216,0.08780484151676059,0.08990767489915368,0.06447033297746929,0.270842037278336,-0.18992800718242808,1.0,0.0,102,0.22972972972972974,0.05238681057575885,0.22815253003580951,0.24034296278058853,-0.022207174785720263,14.072115753307289
G23,G23__mom_12_1__top10__weekly__long_short__rev20,long_short,mom_12_1,10,weekly,rev20,5.0,0.03,True,,False,True,3,0,2134.0,0.8435573385909019,0.07490699315085259,0.20738654385987096,0.451949402773624,0.317541926911253,0.4528094479982794,-0.34711624717587164,903.0,0.215798003580339,0.49200525562052916,25.796384274072054,0.19563060682199654,2.0,24.0,3.0,6.0,0.0,1.0,1.0,1.0,0.0,0.0,0.0012412098306411922,0.5006041838427658,0.49936297401212476,0.9999671578548907,0.0012412098306411922,0.21303581272643568,2134.0,-0.061225638012589026,-0.062207671938791335,0.08778024980541797,0.0801263358687297,0.05468831459411836,0.27086342471905095,-0.22603877978761586,1.0,0.0,102,0.22972972972972974,0.05189986305082769,0.22365710831888158,0.238083215116765,-0.02221310737936444,14.073179632607124
G23,G23__mom_12_1__top10__weekly__long_short__rev20,long_short,mom_12_1,10,weekly,rev20,10.0,0.0,True,,False,True,3,0,2134.0,0.8726153273501918,0.07689394165854813,0.2073614892312947,0.46089161155559855,0.32646875280268745,0.4654425417060821,-0.3430980102716127,986.0,0.22411654791490987,0.49191942868708183,25.791884272230654,0.3952845366959527,2.0,24.0,3.0,6.0,0.0,1.0,1.0,1.0,0.0,0.0,0.0012408679388125272,0.5005171482915305,0.49927628035271787,0.9997934286442484,0.0012408679388125272,0.0,2134.0,-0.059382691706963364,-0.06047417771218156,0.08804339367127562,0.08192850701590718,0.05649855194368169,0.27080846428990935,-0.21927930451757316,1.0,0.0,102,0.22972972972972974,0.04471543013480703,0.19368605466641026,0.23160412478766024,-0.022263021417966017,14.07157397795957
G23,G23__mom_12_1__top10__weekly__long_short__rev20,long_short,mom_12_1,10,weekly,rev20,10.0,0.01,True,,True,True,3,0,2134.0,0.7954891181895141,0.07155868495376638,0.20737345209944646,0.43692216489444313,0.3025089559261664,0.4308337844873924,-0.35144084432209965,1000.0,0.20361516343325767,0.49194818593157985,25.79339204663196,0.3860539614477083,2.0,24.0,3.0,6.0,0.0,1.0,1.0,1.0,0.0,0.0,0.0012409829820657337,0.5005464415398407,0.49930545855777503,0.9998519000976158,0.0012409829820657337,0.07075375750761226,2134.0,-0.06434780502041942,-0.06512887140927553,0.08803089732900611,0.07696533005895484,0.05153502979286552,0.27081932360959043,-0.23760418629943256,1.0,0.0,102,0.22972972972972974,0.04450548186869008,0.19140096369075169,0.22930598807581803,-0.022266035083156638,14.072115753307289
G23,G23__mom_12_1__top10__weekly__long_short__rev20,long_short,mom_12_1,10,weekly,rev20,10.0,0.03,True,,False,True,3,0,2134.0,0.6526473225482381,0.06111995767688949,0.20739703543280583,0.38968693468484294,0.2552927408103853,0.3628418162385441,-0.36757595153981715,1496.0,0.16627844509645173,0.49200525562052916,25.796384274072054,0.36865426848490684,2.0,24.0,3.0,6.0,0.0,1.0,1.0,1.0,0.0,0.0,0.0012412098306411922,0.5006041838427658,0.49936297401212476,0.9999671578548907,0.0012412098306411922,0.20076592090878442,2134.0,-0.07413394765280981,-0.07423603920830806,0.08800627035224237,0.06718300347173944,0.041752022918786824,0.27084073061179137,-0.2737178691157404,1.0,0.0,102,0.22972972972972974,0.044094554755558096,0.18689696756572857,0.22483487277988967,-0.022271976334685778,14.073179632607124
G23,G23__mom_12_1__top10__weekly__long_short__rev20,long_short,mom_12_1,10,weekly,rev20,20.0,0.0,True,,False,True,3,0,2134.0,0.5046341393985121,0.04942759225283799,0.20747933918218403,0.336214368506121,0.20187969265118846,0.28592345038431694,-0.3858772334391273,1504.0,0.12809149638685607,0.49191942868708183,25.791884272230654,0.7021490532893038,2.0,24.0,3.0,6.0,0.0,1.0,1.0,1.0,0.0,0.0,0.0012408679388125272,0.5005171482915305,0.49927628035271787,0.9997934286442484,0.0012408679388125272,0.0,2134.0,-0.08519632765213837,-0.08443693162172737,0.08849554180194026,0.0560448089713942,0.03062893817957801,0.27083724812300947,-0.3145665090107685,1.0,0.0,102,0.22972972972972974,0.029287179166170192,0.12007598089546066,0.2034865186548157,-0.022305780634739175,14.07157397795957
G23,G23__mom_12_1__top10__weekly__long_short__rev20,long_short,mom_12_1,10,weekly,rev20,20.0,0.01,True,,False,True,3,0,2134.0,0.4426452611928826,0.044226832980599484,0.2074913185630096,0.3122608928595582,0.17793562283632627,0.251749380556424,-0.3937760602655187,1504.0,0.11231468198137244,0.49194818593157985,25.79339204663196,0.6862478276433208,2.0,24.0,3.0,6.0,0.0,1.0,1.0,1.0,0.0,0.0,0.0012409829820657337,0.5005464415398407,0.49930545855777503,0.9998519000976158,0.0012409829820657337,0.06290260403647582,2134.0,-0.09016243825825127,-0.08897428431984478,0.08848300895349732,0.051080640378557585,0.02566442342365848,0.2708481291069752,-0.33288927841417865,1.0,0.0,102,0.22972972972972974,0.029152934811595983,0.11779132254463198,0.20142557709540598,-0.022308803233284907,14.072115753307289
G23,G23__mom_12_1__top10__weekly__long_short__rev20,long_short,mom_12_1,10,weekly,rev20,20.0,0.03,True,,False,True,3,0,2134.0,0.32784053875358565,0.034051259212916074,0.2075149338626296,0.26505704768459476,0.13075031176292445,0.18461125491045,-0.4090488035367126,1504.0,0.08324497937288292,0.49200525562052916,25.796384274072054,0.6562496448836664,2.0,24.0,3.0,6.0,0.0,1.0,1.0,1.0,0.0,0.0,0.0012412098306411922,0.5006041838427658,0.49936297401212476,0.9999671578548907,0.0012412098306411922,0.17870967818756928,2134.0,-0.09995056693325112,-0.09785186635601904,0.08845831144589072,0.04129633867775928,0.015879439568124046,0.2708695781723508,-0.36899886509091057,1.0,0.0,102,0.22972972972972974,0.028890140371671973,0.11328818796446526,0.19741773301870946,-0.02231476188879411,14.073179632607124
G23,G23__mom_12_1__top10__weekly__long_short__rev5,long_short,mom_12_1,10,weekly,rev5,0.0,0.0,True,,False,True,3,0,2134.0,1.6914453539651313,0.1240255351981967,0.19868181111643635,0.6876832508964408,0.5473304283345135,0.8009060348706305,-0.27333925005103177,810.0,0.4537421361002543,0.6463449228339837,33.88858515747365,0.0,2.0,24.0,3.0,6.0,0.0,1.0,1.0,1.0,0.0,0.0,0.0014930430082468764,0.5005142672530897,0.4990212242448427,0.9995354914979323,0.0014930430082468764,0.0,2134.0,-0.018323708890800143,-0.01935466959434994,0.05571124408556897,0.12799748129826136,0.10165691278987987,0.26868939675644027,-0.0681966207524374,1.0,0.0,102,0.22972972972972974,0.07967455995884071,0.36352091342440174,0.2861880988289093,-0.03081138225170174,22.168274863202566
G23,G23__mom_12_1__top10__weekly__long_short__rev5,long_short,mom_12_1,10,weekly,rev5,0.0,0.01,True,,False,True,3,0,2134.0,1.5806982695069336,0.11846208444365303,0.19869347393933348,0.6626726717213367,0.5223319516606225,0.7634542307571722,-0.28127123392663733,817.0,0.42116672504999547,0.6463801184350045,33.890430502088,0.0,2.0,24.0,3.0,6.0,0.0,1.0,1.0,1.0,0.0,0.0,0.0014931771454632066,0.5005435492301001,0.499050372084637,0.9995939213147371,0.0014931771454632066,0.08642917901700249,2134.0,-0.023285127424371763,-0.024208449008196124,0.055696102592263146,0.12303840899756381,0.09669742005505708,0.2687000959029397,-0.08665842617630794,1.0,0.0,102,0.22972972972972974,0.07929585600843693,0.3602096811848111,0.2845148056578166,-0.030814670877680805,22.16915420876333
G23,G23__mom_12_1__top10__weekly__long_short__rev5,long_short,mom_12_1,10,weekly,rev5,0.0,0.03,True,,False,True,3,0,2134.0,1.3755771107697408,0.10757682992436512,0.19871646706005927,0.6133859873297424,0.4730691166276836,0.6898974614085946,-0.2966528117048499,866.0,0.3626354636793297,0.6464498230154271,33.89408519097943,0.0,2.0,24.0,3.0,6.0,0.0,1.0,1.0,1.0,0.0,0.0,0.0014934416351893227,0.5006012693098347,0.4991078276746454,0.9997090969844801,0.0014934416351893227,0.24477763770342592,2134.0,-0.033063966307031,-0.03370518523023795,0.05566626051606765,0.11326419425988067,0.08692237668676794,0.2687211881205851,-0.12304190279254788,1.0,0.0,102,0.22972972972972974,0.07855468388991853,0.35368367795944766,0.28121017131751214,-0.030821153709088833,22.1708805495145
G23,G23__mom_12_1__top10__weekly__long_short__rev5,long_short,mom_12_1,10,weekly,rev5,5.0,0.0,True,,False,True,3,0,2134.0,1.3315505329936768,0.10513282544131153,0.19847914872714512,0.6027540478078196,0.46227525180877566,0.6733640847327766,-0.29176787565400075,822.0,0.3603303660680779,0.6463449228339837,33.88858515747365,0.2894318819325373,2.0,24.0,3.0,6.0,0.0,1.0,1.0,1.0,0.0,0.0,0.0014930430082468764,0.5005142672530897,0.4990212242448427,0.9995354914979323,0.0014930430082468764,0.0,2134.0,-0.0353197523526067,-0.03583743357224352,0.05566262677348044,0.11100897127675476,0.08466830831143511,0.26854623949999207,-0.13152205154080265,1.0,0.0,102,0.22972972972972974,0.06688496594721863,0.30398390639161604,0.2754120991505026,-0.03107603839109288,22.168274863202562
G23,G23__mom_12_1__top10__weekly__long_short__rev5,long_short,mom_12_1,10,weekly,rev5,5.0,0.01,True,,False,True,3,0,2134.0,1.2355948526133447,0.09966187026639961,0.19849082348202968,0.5777199141527707,0.4372530225460196,0.6361895965648164,-0.29949991729401626,866.0,0.33276092750490643,0.6463801184350045,33.890430502088,0.282547814520125,2.0,24.0,3.0,6.0,0.0,1.0,1.0,1.0,0.0,0.0,0.0014931771454632066,0.5005435492301001,0.499050372084637,0.9995939213147371,0.0014931771454632066,0.07969870896067384,2134.0,-0.040281761151192745,-0.040610516102072024,0.05564746620458047,0.10604931166687978,0.07970822777167436,0.26855694698306026,-0.14999336864569585,1.0,0.0,102,0.22972972972972974,0.06656895737239561,0.3006429978155566,0.2738308387836875,-0.031079327581698735,22.16915420876333
G23,G23__mom_12_1__top10__weekly__long_short__rev5,long_short,mom_12_1,10,weekly,rev5,5.0,0.03,True,,False,True,3,0,2134.0,1.0578716174955485,0.08895759455313201,0.19851383967303093,0.5283867897028836,0.3879433568521331,0.5631778967560593,-0.31449376073589286,880.0,0.2828596482962893,0.6464498230154271,33.89408519097943,0.26958123414739976,2.0,24.0,3.0,6.0,0.0,1.0,1.0,1.0,0.0,0.0,0.0014934416351893227,0.5006012693098347,0.4991078276746454,0.9997090969844801,0.0014934416351893227,0.22588023045268238,2134.0,-0.05006177219691793,-0.049949359095296485,0.05561758675972352,0.09627393055654909,0.06993201706095108,0.2685780552687841,-0.18639561652502754,1.0,0.0,102,0.22972972972972974,0.06595046445310712,0.2940585382597617,0.2707057015567438,-0.031085811566204463,22.1708805495145
G23,G23__mom_12_1__top10__weekly__long_short__rev5,long_short,mom_12_1,10,weekly,rev5,10.0,0.0,True,,False,True,3,0,2134.0,1.0195525739020606,0.08654320831449969,0.19833800476020824,0.5174906693400521,0.37692776489668967,0.5465393474281045,-0.3097408096481029,873.0,0.2794052498694685,0.6463449228339837,33.88858515747365,0.5342867171440593,2.0,24.0,3.0,6.0,0.0,1.0,1.0,1.0,0.0,0.0,0.0014930430082468764,0.5005142672530897,0.4990212242448427,0.9995354914979323,0.0014930430082468764,0.0,2134.0,-0.052315795814413084,-0.05205576728316106,0.055614009461392055,0.09402046125524828,0.0676797038329905,0.2684486073938505,-0.19488197879774702,1.0,0.0,102,0.22972972972972974,0.05436469679075859,0.24414506676041248,0.26496132541117,-0.03128650588905246,22.168274863202566
G23,G23__mom_12_1__top10__weekly__long_short__rev5,long_short,mom_12_1,10,weekly,rev5,10.0,0.01,True,,True,True,3,0,2134.0,0.9364221036451312,0.08116328129773365,0.19834969135643818,0.4924407348827426,0.3518895271886575,0.5096524948486821,-0.31727782260160975,880.0,0.2558113915186767,0.6463801184350045,33.890430502088,0.5218221874590392,2.0,24.0,3.0,6.0,0.0,1.0,1.0,1.0,0.0,0.0,0.0014931771454632066,0.5005435492301001,0.499050372084637,0.9995939213147371,0.0014931771454632066,0.07357698859381773,2134.0,-0.05727839487801408,-0.0567494331668146,0.055598829816897975,0.08906021433619535,0.0627190354882913,0.26845932399825834,-0.21335967782734072,1.0,0.0,102,0.22972972972972974,0.05411007821265734,0.2407815349532428,0.26346900979630794,-0.03128979582616492,22.16915420876333
G23,G23__mom_12_1__top10__weekly__long_short__rev5,long_short,mom_12_1,10,weekly,rev5,10.0,0.03,True,,False,True,3,0,2134.0,0.7824545842968851,0.07063711313425403,0.19837273044020656,0.44307644690625203,0.3025482885805046,0.43720607687136137,-0.33189346042339596,896.0,0.21283068682384515,0.6464498230154271,33.89408519097943,0.498332153061117,2.0,24.0,3.0,6.0,0.0,1.0,1.0,1.0,0.0,0.0,0.0014934416351893227,0.5006012693098347,0.4991078276746454,0.9997090969844801,0.0014934416351893227,0.20868560895127472,2134.0,-0.06705957808680524,-0.06593288793126555,0.055568913003379704,0.07928366685321711,0.05294165743513381,0.26848044990028597,-0.2497745296229624,1.0,0.0,102,0.22972972972972974,0.05361171021292263,0.23415251533584788,0.26051736389631086,-0.03129628132728504,22.1708805495145
G23,G23__mom_12_1__top10__weekly__long_short__rev5,long_short,mom_12_1,10,weekly,rev5,20.0,0.0,True,,False,True,3,0,2134.0,0.5147071247247783,0.0502547861407856,0.19824074042301845,0.34627584506008446,0.2056711050648213,0.2954709495229087,-0.35417289752457337,1516.0,0.14189337041888928,0.6463449228339837,33.88858515747365,0.9142462395590871,2.0,24.0,3.0,6.0,0.0,1.0,1.0,1.0,0.0,0.0,0.0014930430082468764,0.5005142672530897,0.4990212242448427,0.9995354914979323,0.0014930430082468764,0.0,2134.0,-0.08630788273802611,-0.08371525422370148,0.055516774837215,0.06004344121223512,0.033702494876101066,0.26839009419408294,-0.3215762600970424,1.0,0.0,102,0.22972972972972974,0.0301143730541178,0.12386739330909351,0.2351908545693696,-0.03154437939390475,22.168274863202566
G23,G23__mom_12_1__top10__weekly__long_short__rev5,long_short,mom_12_1,10,weekly,rev5,20.0,0.01,True,,False,True,3,0,2134.0,0.452334723293051,0.04505260156608859,0.19825245035765263,0.3212177211772326,0.18062423628362487,0.259192562169272,-0.36262277755811634,1516.0,0.12424095879875655,0.6463801184350045,33.890430502088,0.8937527898024447,2.0,24.0,3.0,6.0,0.0,1.0,1.0,1.0,0.0,0.0,0.0014931771454632066,0.5005435492301001,0.499050372084637,0.9995939213147371,0.0014931771454632066,0.06293528593507847,2134.0,-0.09127166233165607,-0.08825385041332097,0.05550155704153272,0.05508201967482721,0.028740650921525838,0.2684008313725206,-0.3400573011079005,1.0,0.0,102,0.22972972972972974,0.02997870339708509,0.12047993599193058,0.23257885980280835,-0.03154767143864187,22.16915420876333
G23,G23__mom_12_1__top10__weekly__long_short__rev5,long_short,mom_12_1,10,weekly,rev5,20.0,0.03,True,,False,True,3,0,2134.0,0.3368160936460858,0.03487420768697658,0.19827553455349292,0.2718372335151754,0.13126592727650468,0.18794172199058823,-0.3789555393781706,1516.0,0.09202717486120345,0.6464498230154271,33.89408519097943,0.8550898183499237,2.0,24.0,3.0,6.0,0.0,1.0,1.0,1.0,0.0,0.0,0.0014934416351893227,0.5006012693098347,0.4991078276746454,0.9997090969844801,0.0014934416351893227,0.17877850186382405,2134.0,-0.10105518986657959,-0.09713389282874535,0.05547156549069174,0.04530313944655347,0.01896093818349957,0.2684219971073167,-0.3764787944192857,1.0,0.0,102,0.22972972972972974,0.029713088845732476,0.11380380347804549,0.22751099717725143,-0.03155416119793078,22.1708805495145
G23,G23__mom_12_1__top20__monthly__long_only__rev20,long_only,mom_12_1,20,monthly,rev20,0.0,0.0,True,,False,True,0,0,2134.0,1.3316549345783693,0.10513866895798718,0.32092579691101153,0.4730108970687085,0.38615618880155117,0.5410394630284047,-0.5677988306148263,469.0,0.18516887194737702,1.1916135345045449,14.352968271276863,0.0,1.0,4.0,1.0,0.0,0.0,1.0,1.0,1.0,0.0,0.0,0.9997036044937204,0.9997036044937204,0.0,0.9997036044937204,0.9997036044937204,0.0,2134.0,-0.003152463563975979,-0.03583233545199596,1.3131780025021067,-0.05168060474973593,-0.04296122265400032,0.20762245700486082,-0.01518363480257906,1.0,1.0,33,0.3235294117647059,-0.09339880713643992,-0.2789975155345675,-0.183454163415743,0.023791797103148715,6.265911532298544
G23,G23__mom_12_1__top20__monthly__long_only__rev20,long_only,mom_12_1,20,monthly,rev20,5.0,0.0,True,,True,True,0,0,2134.0,1.1941243680977771,0.09723307539576642,0.3209236575699621,0.45064071769578673,0.36378654723106796,0.5091408163073453,-0.5682310317842114,938.0,0.1711153913760401,1.1916135345045449,14.352968271276863,0.09001561427910557,1.0,4.0,1.0,0.0,0.0,1.0,1.0,1.0,0.0,0.0,0.9997036044937204,0.9997036044937204,0.0,0.9997036044937204,0.9997036044937204,0.0,2134.0,-0.010332595280459041,-0.042729494963152634,1.3130303938245784,-0.05883786393147485,-0.050122409317280237,0.20764532771172664,-0.049760788717595185,1.0,1.0,33,0.3235294117647059,-0.09646697280250288,-0.2877558109337688,-0.18254051471825333,0.023795988020672898,6.265911532298544
G23,G23__mom_12_1__top20__monthly__long_only__rev20,long_only,mom_12_1,20,monthly,rev20,10.0,0.0,True,,False,True,0,0,2134.0,1.0646110341648551,0.08937812243012577,0.3209378083737768,0.428248501953788,0.34139925565948226,0.477293220179868,-0.5686632329535966,942.0,0.15717232493808705,1.1916135345045449,14.352968271276863,0.17404749553936144,1.0,4.0,1.0,0.0,0.0,1.0,1.0,1.0,0.0,0.0,0.9997036044937204,0.9997036044937204,0.0,0.9997036044937204,0.9997036044937204,0.0,2134.0,-0.017512726996941896,-0.04958247357004315,1.31288278514705,-0.06599512311321352,-0.057283595980559855,0.20769336912586225,-0.08432010646584089,1.0,1.0,33,0.3235294117647059,-0.09950224344597572,-0.29652080713204887,-0.17830901237436186,0.02381164047196538,6.265911532298544
G23,G23__mom_12_1__top20__monthly__long_only__rev20,long_only,mom_12_1,20,monthly,rev20,20.0,0.0,True,,False,True,0,0,2134.0,0.8278149998113997,0.07381898885947336,0.32101496931891377,0.3834116286993474,0.2965853788982647,0.41376430451115154,-0.5695276352923669,1088.0,0.12961441075915198,1.1916135345045449,14.352968271276863,0.32561885113053973,1.0,4.0,1.0,0.0,0.0,1.0,1.0,1.0,0.0,0.0,0.9997036044937204,0.9997036044937204,0.0,0.9997036044937204,0.9997036044937204,0.0,2134.0,-0.0318729904299079,-0.06315689087945722,1.312587567791994,-0.08030964147669131,-0.0716059693071195,0.20786488512308401,-0.15333513599968943,1.0,1.0,33,0.3235294117647059,-0.10547501454798344,-0.31405990228660846,-0.16994615999483575,0.023877318821341587,6.265911532298542
G23,G23__mom_12_1__top20__monthly__long_only__rev5,long_only,mom_12_1,20,monthly,rev5,0.0,0.0,True,,False,True,0,0,2134.0,1.2859360506012236,0.10255736257308024,0.316098992727543,0.46845332054635713,0.3802716049890516,0.527307760345212,-0.6142264843922307,626.0,0.16696994541770604,1.1927283468408232,14.366396170195184,0.0,1.0,4.0,1.0,1.0,0.0,1.0,1.0,1.0,0.0,0.0,0.9992261762856925,0.9992261762856925,0.0,0.9992261762856925,0.9992261762856925,0.0,2134.0,-0.00687623988876737,-0.03808437152540806,1.3037997650953093,-0.05395118696346402,-0.045493913546407534,0.20179927796572802,-0.03407465060373098,1.0,1.0,33,0.3235294117647059,-0.09598011352134686,-0.28488209934706704,-0.22988181719314743,0.01896499291968018,6.279339431216865
G23,G23__mom_12_1__top20__monthly__long_only__rev5,long_only,mom_12_1,20,monthly,rev5,5.0,0.0,True,,True,True,0,0,2134.0,1.1509796845535494,0.0946628734904873,0.3161413473183574,0.4457006989885602,0.35753202950951113,0.49526203450445433,-0.6146122579078386,985.0,0.15402047758162682,1.1927283468408232,14.366396170195184,0.07430558075152273,1.0,4.0,1.0,1.0,0.0,1.0,1.0,1.0,0.0,0.0,0.9992261762856925,0.9992261762856925,0.0,0.9992261762856925,0.9992261762856925,0.0,2134.0,-0.014049443174366589,-0.04497184303949543,1.3036826046938095,-0.06110623579230083,-0.05265202000682613,0.20188698599880303,-0.06959063312010556,1.0,1.0,33,0.3235294117647059,-0.099037174707782,-0.2940103286553256,-0.2289217408418805,0.019013677769068205,6.279339431216865
G23,G23__mom_12_1__top20__monthly__long_only__rev5,long_only,mom_12_1,20,monthly,rev5,10.0,0.0,True,,False,True,0,0,2134.0,1.0238974611193874,0.08681898962199197,0.3162002100670727,0.42293209155367323,0.33478104053761054,0.46327216389772236,-0.6149980314234464,995.0,0.1411695406911217,1.1927283468408232,14.366396170195184,0.14364300370368294,1.0,4.0,1.0,1.0,0.0,1.0,1.0,1.0,0.0,0.0,0.9992261762856925,0.9992261762856925,0.0,0.9992261762856925,0.9992261762856925,0.0,2134.0,-0.021222646459965768,-0.0518151645184225,1.3035654442923092,-0.06826128462113751,-0.05981012646724458,0.20200050674483036,-0.10506234267409284,1.0,1.0,33,0.3235294117647059,-0.10206137625410952,-0.3031390222539206,-0.22464381084421176,0.019074042165261318,6.279339431216865
G23,G23__mom_12_1__top20__monthly__long_only__rev5,long_only,mom_12_1,20,monthly,rev5,20.0,0.0,True,,False,True,0,0,2134.0,0.7915653566379421,0.07128188832745797,0.31636742059627,0.3773612636761717,0.2892591317106334,0.39946842793657317,-0.6157695784546617,1014.0,0.11576065272069357,1.1927283468408232,14.366396170195184,0.26864881073712554,1.0,4.0,1.0,1.0,0.0,1.0,1.0,1.0,0.0,0.0,0.9992261762856925,0.9992261762856925,0.0,0.9992261762856925,0.9992261762856925,0.0,2134.0,-0.03556905303116435,-0.06537035997920701,1.3033311234893088,-0.08257138227881115,-0.07412633938808183,0.2023048026815724,-0.17581912322244775,1.0,1.0,33,0.3235294117647059,-0.10801211507999883,-0.32138614947423977,-0.21618810315713055,0.019229770098697807,6.279339431216863
G23,G23__mom_12_1__top20__monthly__long_short__rev20,long_short,mom_12_1,20,monthly,rev20,0.0,0.0,True,,False,True,0,0,2134.0,0.6673133345007867,0.06222762437972862,0.15874851821098523,0.45960027764017264,0.2840065559648408,0.4039344886692307,-0.2291555684240817,493.0,0.27155187546901954,1.0210869549605246,12.298978017950011,0.0,6.0,29.0,5.0,0.0,0.0,1.0,1.0,1.0,0.0,0.0,-0.00044706131661750094,0.5029695891896615,0.503416650506279,1.0063862396959404,-0.00044706131661750094,0.0,2134.0,-0.08199299960860885,-0.07326966598477425,0.04590296667791193,0.06584802105074462,0.03924258607230689,0.24216306475879365,-0.33858590157123225,1.0,0.0,24,0.23529411764705882,0.00739483956929312,0.054712347341855705,0.20165780660884414,-0.03621811533366376,3.767595592182083
G23,G23__mom_12_1__top20__monthly__long_short__rev20,long_short,mom_12_1,20,monthly,rev20,0.0,0.01,True,,False,True,0,0,2134.0,0.5982194818595157,0.0569319769143215,0.15878043003883446,0.4280573504317424,0.25250342721057406,0.35862127893933143,-0.23141833396885447,494.0,0.2460132520095997,1.0213151004234176,12.301726026843262,0.0,6.0,29.0,5.0,0.0,0.0,1.0,1.0,1.0,0.0,0.0,-0.00044747374924575023,0.5030795132346907,0.5035269869839365,1.006606500218627,-0.00044747374924575023,0.058654414458396836,2134.0,-0.08698673247050755,-0.07788980297971446,0.04589381739181716,0.06085570590606685,0.034250013385981805,0.24218537664214976,-0.3591741734226923,1.0,0.0,24,0.23529411764705882,0.007373808327198,0.04893051293158285,0.20492775206800562,-0.03622822909863804,3.7681309034149297
G23,G23__mom_12_1__top20__monthly__long_short__rev20,long_short,mom_12_1,20,monthly,rev20,0.0,0.03,True,,False,True,0,0,2134.0,0.47024578107197135,0.046566332910107144,0.15884337883975871,0.36589446141656495,0.19041898881969874,0.2696929882814187,-0.23586114650998014,506.0,0.19743113098170562,1.021767685287007,12.307177405162712,0.0,6.0,29.0,5.0,0.0,0.0,1.0,1.0,1.0,0.0,0.0,-0.00044828795885414383,0.5032963304696636,0.5037446184285178,1.0070409488981813,-0.00044828795885414383,0.1664628706706876,2134.0,-0.09683395010318277,-0.08693320997632442,0.04587579648139832,0.05101128068306956,0.024405080889907477,0.24222939095509038,-0.3997613572877121,1.0,0.0,24,0.23529411764705882,0.007332465340971248,0.03753409091444335,0.21123878107671734,-0.03624818726145179,3.7691817367620875
G23,G23__mom_12_1__top20__monthly__long_short__rev20,long_short,mom_12_1,20,monthly,rev20,5.0,0.0,True,,False,True,0,0,2134.0,0.582682161553973,0.055713374572660346,0.1588361036985669,0.4206995710508784,0.24520898798172347,0.3480560901203367,-0.23429147174334142,494.0,0.23779514532945745,1.0210869549605246,12.298978017950011,0.07165818082028536,6.0,29.0,5.0,0.0,0.0,1.0,1.0,1.0,0.0,0.0,-0.00044706131661750094,0.5029695891896615,0.503416650506279,1.0063862396959404,-0.00044706131661750094,0.0,2134.0,-0.08813158195996373,-0.07895296094058646,0.04576826078143529,0.05973031189837099,0.03312138605199308,0.24224096705148035,-0.36381782583139327,1.0,0.0,24,0.23529411764705882,0.005371451642503043,0.03780515222067357,0.2013318730382962,-0.036125188700361494,3.767595592182083
G23,G23__mom_12_1__top20__monthly__long_short__rev20,long_short,mom_12_1,20,monthly,rev20,5.0,0.01,True,,True,True,0,0,2134.0,0.5170777810175611,0.05044875909837443,0.15886803757588266,0.38917394771825436,0.21372304429400432,0.302936450257929,-0.23654031885143134,506.0,0.21327763208969377,1.0213151004234176,12.301726026843262,0.07001303717424472,6.0,29.0,5.0,0.0,0.0,1.0,1.0,1.0,0.0,0.0,-0.00044747374924575023,0.5030795132346907,0.5035269869839365,1.006606500218627,-0.00044747374924575023,0.05698407482770486,2134.0,-0.09312656130368543,-0.08354602437159611,0.04575911412405748,0.05473674986454035,0.028127566590032405,0.24226329735704893,-0.38440226943016886,1.0,0.0,24,0.23529411764705882,0.005360152843508333,0.03204174273945881,0.20457071470278754,-0.03613528334515623,3.7681309034149297
G23,G23__mom_12_1__top20__monthly__long_short__rev20,long_short,mom_12_1,20,monthly,rev20,5.0,0.03,True,,False,True,0,0,2134.0,0.39556907932130003,0.04014386097646416,0.15893102900920525,0.32704507004247274,0.15167238229392635,0.21438752955036317,-0.2409557948320742,587.0,0.1666025961502235,1.021767685287007,12.307177405162712,0.0669097581842762,6.0,29.0,5.0,0.0,0.0,1.0,1.0,1.0,0.0,0.0,-0.00044828795885414383,0.5032963304696636,0.5037446184285178,1.0070409488981813,-0.00044828795885414383,0.16177569486650079,2134.0,-0.10297625313910587,-0.09253643420403435,0.04574109819405705,0.04488984966706276,0.01828015933890178,0.24230734748146054,-0.4249819669499903,1.0,0.0,24,0.23529411764705882,0.005337867268420365,0.020681628357112763,0.210821566234909,-0.03615520435124084,3.7691817367620875
G23,G23__mom_12_1__top20__monthly__long_short__rev20,long_short,mom_12_1,20,monthly,rev20,10.0,0.0,True,,False,True,0,0,2134.0,0.5022952404983594,0.049234823331082644,0.15894806314318713,0.3817831884328067,0.2064222858852784,0.29241481078445875,-0.23939802204156124,506.0,0.20566094452749956,1.0210869549605246,12.298978017950011,0.13928574891812423,6.0,29.0,5.0,0.0,0.0,1.0,1.0,1.0,0.0,0.0,-0.00044706131661750094,0.5029695891896615,0.503416650506279,1.0063862396959404,-0.00044706131661750094,0.0,2134.0,-0.0942701643113186,-0.08460511102428273,0.04563355488495874,0.05361260274599735,0.02700018603167931,0.24233486220016173,-0.3890078524213909,1.0,0.0,24,0.23529411764705882,0.0033663449638497434,0.020917645474862995,0.20099675658046717,-0.036015883003691684,3.767595592182083
G23,G23__mom_12_1__top20__monthly__long_short__rev20,long_short,mom_12_1,20,monthly,rev20,10.0,0.01,True,,False,True,0,0,2134.0,0.44000622198653994,0.04400107773772999,0.15898002389445132,0.3502796839019965,0.17495833512159545,0.24749472757630303,-0.24163302363625727,508.0,0.1820987755546489,1.0213151004234176,12.301726026843262,0.1361123864441698,6.0,29.0,5.0,0.0,0.0,1.0,1.0,1.0,0.0,0.0,-0.00044747374924575023,0.5030795132346907,0.5035269869839365,1.006606500218627,-0.00044747374924575023,0.0553718900679941,2134.0,-0.09926639013686339,-0.0891712423228457,0.04562441085629782,0.04861779382301376,0.02200511979408293,0.24235721583582628,-0.40958710387276787,1.0,0.0,24,0.23529411764705882,0.0033646946423360885,0.015176413081537055,0.2042047683470714,-0.036025955937497994,3.7681309034149297
G23,G23__mom_12_1__top20__monthly__long_short__rev20,long_short,mom_12_1,20,monthly,rev20,10.0,0.03,True,,False,True,0,0,2134.0,0.32463984838854243,0.0337566081595273,0.15904306753953523,0.2881943060292218,0.11295092411437291,0.15933687504502295,-0.24602130632562724,588.0,0.13721010047336288,1.021767685287007,12.307177405162712,0.13012536114081066,6.0,29.0,5.0,0.0,0.0,1.0,1.0,1.0,0.0,0.0,-0.00044828795885414383,0.5032963304696636,0.5037446184285178,1.0070409488981813,-0.00044828795885414383,0.15725094089606045,2134.0,-0.10911855617502866,-0.09810893185013544,0.04560639990671582,0.03876841865105629,0.012155237787896423,0.24240131149458552,-0.45015662457530076,1.0,0.0,24,0.23529411764705882,0.0033613020691275024,0.003860000210187814,0.21039597328338894,-0.03604583466929956,3.7691817367620875
G23,G23__mom_12_1__top20__monthly__long_short__rev20,long_short,mom_12_1,20,monthly,rev20,20.0,0.0,True,,False,True,0,0,2134.0,0.3534233465723158,0.036384123378177646,0.15924488707408765,0.3039754338661713,0.1289527755046265,0.18193002594103772,-0.24952362266953865,588.0,0.1458143441046608,1.0210869549605246,12.298978017950011,0.26328451659215063,6.0,29.0,5.0,0.0,0.0,1.0,1.0,1.0,0.0,0.0,-0.00044706131661750094,0.5029695891896615,0.503416650506279,1.0063862396959404,-0.00044706131661750094,0.0,2134.0,-0.10654732901402843,-0.09581658132156425,0.045364143092005565,0.041377184441249985,0.014757785991051636,0.2425705536153395,-0.43924263446662093,1.0,0.0,24,0.23529411764705882,-0.0005894737558928553,-0.012737790913398495,0.20029958230672457,-0.03574834896064005,3.767595592182083
G23,G23__mom_12_1__top20__monthly__long_short__rev20,long_short,mom_12_1,20,monthly,rev20,20.0,0.01,True,,False,True,0,0,2134.0,0.29727663206011057,0.03121163420915396,0.15927691599581217,0.27253048301905597,0.09754710619473458,0.13742920256719926,-0.25173115074452035,592.0,0.12398796937463796,1.0213151004234176,12.301726026843262,0.25737878245766554,6.0,29.0,5.0,0.0,0.0,1.0,1.0,1.0,0.0,0.0,-0.00044747374924575023,0.5030795132346907,0.5035269869839365,1.006606500218627,-0.00044747374924575023,0.05231346609235611,2134.0,-0.11154604780321938,-0.10032927003844698,0.04535500432077858,0.03637988173996055,0.009760226202183949,0.24259296859880375,-0.4598074233045575,1.0,0.0,24,0.23529411764705882,-0.0005720770590513374,-0.018423540677603212,0.20344674715267863,-0.035758370747964036,3.7681309034149297
G23,G23__mom_12_1__top20__monthly__long_short__rev20,long_short,mom_12_1,20,monthly,rev20,20.0,0.03,True,,False,True,0,0,2134.0,0.19328976420228328,0.021087075561257107,0.15934009270301563,0.21056031685008483,0.035654369129330406,0.050093034951518685,-0.25606547417727565,609.0,0.08235032711461288,1.021767685287007,12.307177405162712,0.2462328425523554,6.0,29.0,5.0,0.0,0.0,1.0,1.0,1.0,0.0,0.0,-0.00044828795885414383,0.5032963304696636,0.5037446184285178,1.0070409488981813,-0.00044828795885414383,0.1486649753631895,2134.0,-0.12140316224687482,-0.10916234442116311,0.045337003332033374,0.026525556619042774,-9.460531411487775e-05,0.24263718442395124,-0.5003485452367904,1.0,0.0,24,0.23529411764705882,-0.0005381730183361931,-0.02963062097385729,0.20952023443288537,-0.03577814967228676,3.7691817367620875
G23,G23__mom_12_1__top20__monthly__long_short__rev5,long_short,mom_12_1,20,monthly,rev5,0.0,0.0,True,,False,True,0,0,2134.0,0.6921358959742341,0.0640829456773615,0.14714410465446173,0.49589517555804874,0.3064735266001103,0.42441402498021985,-0.211485886503339,279.0,0.3030128711513321,1.017817579319109,12.259598434310393,0.0,6.0,29.0,5.0,0.0,0.0,1.0,1.0,1.0,0.0,0.0,9.232854140801297e-05,0.5028679483779535,0.5027756198365455,1.005643568214499,9.232854140801297e-05,0.0,2134.0,-0.08198581104338747,-0.07165100865898262,0.026650116592219844,0.06883851310382977,0.04170304557879116,0.2377206692112756,-0.34488297258881645,1.0,0.0,24,0.23529411764705882,0.009250160866926004,0.07717931797712518,0.21932748852958683,-0.04782252889018726,3.7282160085424643
G23,G23__mom_12_1__top20__monthly__long_short__rev5,long_short,mom_12_1,20,monthly,rev5,0.0,0.01,True,,False,True,0,0,2134.0,0.6220711004382029,0.058782497018610824,0.147173747157225,0.4618879419224773,0.27250707700852994,0.3768155919803556,-0.21217356312415403,678.0,0.2770491108933023,1.0180453423609934,12.262341836947973,0.0,6.0,29.0,5.0,0.0,0.0,1.0,1.0,1.0,0.0,0.0,9.209762701567928e-05,0.502977719295524,0.5028856216685085,1.0058633409640325,9.209762701567928e-05,0.05125673613242694,2134.0,-0.08697608347387396,-0.07627533440914372,0.02663564530417606,0.06385048305532323,0.03671461252634088,0.23774125982301858,-0.3658434532509059,1.0,0.0,24,0.23529411764705882,0.009224328431487322,0.06893416272953873,0.22417252291270606,-0.0478349119802475,3.728746713519641
G23,G23__mom_12_1__top20__monthly__long_short__rev5,long_short,mom_12_1,20,monthly,rev5,0.0,0.03,True,,False,True,0,0,2134.0,0.4922923112748372,0.04840739704214925,0.14723221967120154,0.3948686674243344,0.20556819553490097,0.2834228397133837,-0.21664225710928398,690.0,0.2234439286594508,1.0184975716842686,12.267788932789337,0.0,6.0,29.0,5.0,0.0,0.0,1.0,1.0,1.0,0.0,0.0,9.164154384672456e-05,0.503194234212023,0.5031025926681763,1.0062968268801993,9.164154384672456e-05,0.14562117187739532,2134.0,-0.09681647226984944,-0.0853269911783245,0.026607127396673872,0.05401451321926999,0.026877848512702918,0.23778187793254157,-0.4071650586312392,1.0,0.0,24,0.23529411764705882,0.00917352947301335,0.052683297629645576,0.2304576704774135,-0.04785934643000897,3.7297932643887126
G23,G23__mom_12_1__top20__monthly__long_short__rev5,long_short,mom_12_1,20,monthly,rev5,5.0,0.0,True,,False,True,0,0,2134.0,0.6065128990624908,0.05757816448295161,0.14723147130563308,0.4540332167082963,0.26472815461215093,0.3658365540393706,-0.214251767202435,684.0,0.26874067474341573,1.017817579319109,12.259598434310393,0.0625679628695732,6.0,29.0,5.0,0.0,0.0,1.0,1.0,1.0,0.0,0.0,9.232854140801297e-05,0.5028679483779535,0.5027756198365455,1.005643568214499,9.232854140801297e-05,0.0,2134.0,-0.08810588413575184,-0.07732604281421862,0.02654937541809278,0.0627340502455246,0.03559604167924253,0.23779035774412458,-0.37051916222170206,1.0,0.0,24,0.23529411764705882,0.007236241552794308,0.057324318851101036,0.22137157757920262,-0.04772982109329532,3.7282160085424643
G23,G23__mom_12_1__top20__monthly__long_short__rev5,long_short,mom_12_1,20,monthly,rev5,5.0,0.01,True,,True,True,0,0,2134.0,0.5399755204009129,0.05230867328914446,0.14726114162660023,0.4200460560744967,0.2307816408675829,0.31845184009523764,-0.21651589846539354,689.0,0.24159275905323474,1.0180453423609934,12.262341836947973,0.06115522572999566,6.0,29.0,5.0,0.0,0.0,1.0,1.0,1.0,0.0,0.0,9.209762701567928e-05,0.502977719295524,0.5028856216685085,1.0058633409640325,9.209762701567928e-05,0.04983823417086166,2134.0,-0.09309740090006234,-0.08192336002010336,0.026534913545564743,0.05774477440422352,0.030606363141174486,0.237810968980128,-0.3914764794042859,1.0,0.0,24,0.23529411764705882,0.0072200670342783616,0.049100339313037394,0.22459513508882534,-0.047742179294438664,3.728746713519641
G23,G23__mom_12_1__top20__monthly__long_short__rev5,long_short,mom_12_1,20,monthly,rev5,5.0,0.03,True,,False,True,0,0,2134.0,0.4167323441595596,0.0419941711068923,0.1473196683471834,0.3530662348788776,0.16388194171053408,0.22547783220710432,-0.22096158461771775,702.0,0.19005190960929144,1.0184975716842686,12.267788932789337,0.058490476401422534,6.0,29.0,5.0,0.0,0.0,1.0,1.0,1.0,0.0,0.0,9.164154384672456e-05,0.503194234212023,0.5031025926681763,1.0062968268801993,9.164154384672456e-05,0.14164050364982186,2134.0,-0.10294026202639865,-0.09092214882315351,0.026506413604495384,0.04790632945384131,0.02076712460435816,0.23785162746293864,-0.4327919179045286,1.0,0.0,24,0.23529411764705882,0.0071881773988485,0.03289118777372049,0.23081577644926543,-0.04776656501326268,3.7297932643887126
G23,G23__mom_12_1__top20__monthly__long_short__rev5,long_short,mom_12_1,20,monthly,rev5,10.0,0.0,True,,False,True,0,0,2134.0,0.5251707158843124,0.051108935221595875,0.1473448460729397,0.41214814799267285,0.22299262777924123,0.30751598729875157,-0.2185855767094418,690.0,0.23381659481372463,1.017817579319109,12.259598434310393,0.12169541006588697,6.0,29.0,5.0,0.0,0.0,1.0,1.0,1.0,0.0,0.0,9.232854140801297e-05,0.5028679483779535,0.5027756198365455,1.005643568214499,9.232854140801297e-05,0.0,2134.0,-0.09422595722811611,-0.08297006002540507,0.026448634243965687,0.05662958738721958,0.029489037779694024,0.23787616697575942,-0.39611348386035716,1.0,0.0,24,0.23529411764705882,0.005240456854362974,0.03748798736882583,0.22180920191258663,-0.0476191000739391,3.7282160085424643
G23,G23__mom_12_1__top20__monthly__long_short__rev5,long_short,mom_12_1,20,monthly,rev5,10.0,0.01,True,,False,True,0,0,2134.0,0.4619852930166297,0.04587024021440311,0.1473745493970713,0.3781870380951989,0.18907202006091675,0.26035221153969107,-0.22083804413229902,702.0,0.20770986446032505,1.0180453423609934,12.262341836947973,0.11896996136811647,6.0,29.0,5.0,0.0,0.0,1.0,1.0,1.0,0.0,0.0,9.209762701567928e-05,0.502977719295524,0.5028856216685085,1.0058633409640325,9.209762701567928e-05,0.04846885651057951,2134.0,-0.09921871832625069,-0.08754050939274771,0.02643418178695357,0.051639065753123846,0.02449811375600811,0.23789680390507173,-0.4170662097917132,1.0,0.0,24,0.23529411764705882,0.005233857119009214,0.029290098020858357,0.22499974785102966,-0.047631430434878,3.728746713519641
G23,G23__mom_12_1__top20__monthly__long_short__rev5,long_short,mom_12_1,20,monthly,rev5,10.0,0.03,True,,False,True,0,0,2134.0,0.3449525406953371,0.03561602014092369,0.147433140647562,0.31125845022928333,0.12222326847893651,0.16781108381582469,-0.22526082210648457,784.0,0.15811014009390145,1.0184975716842686,12.267788932789337,0.11382821379628098,6.0,29.0,5.0,0.0,0.0,1.0,1.0,1.0,0.0,0.0,9.164154384672456e-05,0.503194234212023,0.5031025926681763,1.0062968268801993,9.164154384672456e-05,0.13779700656688704,2134.0,-0.10906405178294755,-0.09648670564640852,0.026405699812316757,0.041798145688412947,0.014656400696013747,0.23793751282022665,-0.4583726646976879,1.0,0.0,24,0.23529411764705882,0.0052207140505238885,0.013132344574751417,0.2311564575025316,-0.0476557615612728,3.7297932643887126
G23,G23__mom_12_1__top20__monthly__long_short__rev5,long_short,mom_12_1,20,monthly,rev5,20.0,0.0,True,,False,True,0,0,2134.0,0.37449332328932194,0.03827644368638605,0.14764936656371994,0.328398017336386,0.13963945718618417,0.19175494096595463,-0.22719278200370296,784.0,0.1684756150649284,1.017817579319109,12.259598434310393,0.230340165368694,6.0,29.0,5.0,0.0,0.0,1.0,1.0,1.0,0.0,0.0,9.232854140801297e-05,0.5028679483779535,0.5027756198365455,1.005643568214499,9.232854140801297e-05,0.0,2134.0,-0.10646610341284475,-0.09416564456277449,0.026247151895711515,0.044420661670609374,0.01727502998059687,0.23809607454264417,-0.4471560634393246,1.0,0.0,24,0.23529411764705882,0.0013028465523155508,-0.0020511092318408197,0.22263042297256025,-0.04734386947100777,3.7282160085424643
G23,G23__mom_12_1__top20__monthly__long_short__rev5,long_short,mom_12_1,20,monthly,rev5,20.0,0.01,True,,False,True,0,0,2134.0,0.3175194998484676,0.033098860188445434,0.14767915137716067,0.29450676733399983,0.10578839822007473,0.14505615036263034,-0.22942207321183927,788.0,0.1442706001435322,1.0180453423609934,12.262341836947973,0.22526649571652485,6.0,29.0,5.0,0.0,0.0,1.0,1.0,1.0,0.0,0.0,9.209762701567928e-05,0.502977719295524,0.5028856216685085,1.0058633409640325,9.209762701567928e-05,0.04587028329266604,2134.0,-0.11146135317862767,-0.09868277777820998,0.026232718269731,0.039427648450924245,0.012281614985675102,0.23811677802720624,-0.46809533583514457,1.0,0.0,24,0.23529411764705882,0.0013151489202401362,-0.010182248652263068,0.2257558246853597,-0.04735613536661554,3.728746713519641
G23,G23__mom_12_1__top20__monthly__long_short__rev5,long_short,mom_12_1,20,monthly,rev5,20.0,0.03,True,,False,True,0,0,2134.0,0.21199519165498315,0.02296426309106958,0.14773790251576177,0.2277156422584813,0.03907649547175826,0.05342593390164601,-0.2337993323862615,1135.0,0.09822210720914362,1.0184975716842686,12.267788932789337,0.21569117915381125,6.0,29.0,5.0,0.0,0.0,1.0,1.0,1.0,0.0,0.0,9.164154384672456e-05,0.503194234212023,0.5031025926681763,1.0062968268801993,9.164154384672456e-05,0.13050150711419528,2134.0,-0.12131163129604608,-0.10752461011018756,0.026204272227959787,0.029581778157555482,0.002434952879324153,0.23815761790814724,-0.509375397527001,1.0,0.0,24,0.23529411764705882,0.001339014511476281,-0.026208494631429435,0.23178637622389953,-0.04738033985954063,3.7297932643887126
G23,G23__mom_12_1__top20__weekly__long_only__rev20,long_only,mom_12_1,20,weekly,rev20,0.0,0.0,True,,False,True,0,0,2134.0,2.110948614170278,0.1434173489946846,0.339123940804451,0.5655339169131791,0.48330814420777835,0.6905300702816807,-0.6356304166091485,470.0,0.22563009139770676,0.582298139225737,30.53054086302215,0.0,1.0,1.0,1.0,1.0,0.0,1.0,1.0,1.0,0.0,0.0,0.9998614816165003,0.9998614816165003,0.0,0.9998614816165003,0.9998614816165003,0.0,2134.0,0.03683222790883063,-0.0024364670694662005,1.3540628279413243,-0.01803117490264382,-0.008195964206305575,0.22827135698989173,0.1613528232123386,1.0,1.0,155,0.3490990990990991,-0.07413362491824269,-0.2378034537598933,-0.24576648634645376,0.0440120461917744,21.0221420877978
G23,G23__mom_12_1__top20__weekly__long_only__rev20,long_only,mom_12_1,20,weekly,rev20,5.0,0.0,True,,False,True,0,0,2134.0,1.733597180947426,0.1260901205434608,0.3391101463251449,0.5205149803186861,0.43829104033144883,0.6248435202809937,-0.6363155777153326,495.0,0.19815658292726807,0.582298139225737,30.53054086302215,0.20073936724441144,1.0,1.0,1.0,1.0,0.0,1.0,1.0,1.0,0.0,0.0,0.9998614816165003,0.9998614816165003,0.0,0.9998614816165003,0.9998614816165003,0.0,2134.0,0.02155804848695591,-0.017553441851154962,1.3539120936275808,-0.033281997460369576,-0.023450262598330208,0.22827517895131208,0.09443886359433734,1.0,1.0,155,0.3490990990990991,-0.08568526152959399,-0.26668652515780755,-0.24619059776085633,0.04398750067929863,21.0221420877978
G23,G23__mom_12_1__top20__weekly__long_only__rev20,long_only,mom_12_1,20,weekly,rev20,10.0,0.0,True,,True,True,0,0,2134.0,1.4018295532973166,0.10901521017305016,0.3391209452115743,0.4754578978241237,0.39324159493347527,0.5594038935228468,-0.6369999512826956,541.0,0.17113849059726233,0.582298139225737,30.53054086302215,0.3720432270651691,1.0,1.0,1.0,1.0,0.0,1.0,1.0,1.0,0.0,0.0,0.9998614816165003,0.9998614816165003,0.0,0.9998614816165003,0.9998614816165003,0.0,2134.0,0.006283869065081282,-0.03245028413586889,1.3537613593138376,-0.04853282001809528,-0.038704560990354735,0.22831553222483686,0.027522740147582932,1.0,1.0,155,0.3490990990990991,-0.09701028491867794,-0.29559272617822624,-0.2466139694622475,0.043983098177168944,21.0221420877978
G23,G23__mom_12_1__top20__weekly__long_only__rev20,long_only,mom_12_1,20,weekly,rev20,20.0,0.0,True,,False,True,0,0,2134.0,0.8537675738252097,0.07560828352391669,0.3392163083374418,0.38526854299902924,0.3030849040052765,0.4293049540016349,-0.6570637611779444,644.0,0.11506993383468707,0.582298139225737,30.53054086302215,0.6414837508438878,1.0,1.0,1.0,1.0,0.0,1.0,1.0,1.0,0.0,0.0,0.9998614816165003,0.9998614816165003,0.0,0.9998614816165003,0.9998614816165003,0.0,2134.0,-0.024264489778667988,-0.061595837858454,1.3534598906863513,-0.07903446513354677,-0.0692131577744038,0.22850573777184346,-0.1061876608231842,1.0,1.0,155,0.3490990990990991,-0.11899412395072012,-0.35343822645310613,-0.2661559190818047,0.0440347104112771,21.0221420877978
G23,G23__mom_12_1__top20__weekly__long_only__rev5,long_only,mom_12_1,20,weekly,rev5,0.0,0.0,True,,False,True,0,0,2134.0,2.811128174043155,0.17115805255310113,0.32686762045668344,0.6482922820567331,0.5629840659753178,0.7951092807803934,-0.6449314012667604,470.0,0.26538954719357155,0.8158768571540074,42.777333548850784,0.0,2.0,0.0,0.0,1.0,0.0,1.0,1.0,1.0,0.0,0.0,0.9998380441434536,0.9998380441434536,0.0,0.9998380441434536,0.9998380441434536,0.0,2134.0,0.05695189294297367,0.021765644497271454,1.3326200246454916,0.005411135328304374,0.014655727249544635,0.21336437418016924,0.2669231597908765,1.0,1.0,155,0.3490990990990991,-0.04639292135982617,-0.15812753199235385,-0.2550674710040656,0.03175572584400682,33.268934773626434
G23,G23__mom_12_1__top20__weekly__long_only__rev5,long_only,mom_12_1,20,weekly,rev5,5.0,0.0,True,,False,True,0,0,2134.0,2.179503926602319,0.14636432351021766,0.3267551463648801,0.5829114902633145,0.49758071968169443,0.7004727331605336,-0.645615412665791,528.0,0.22670512605309276,0.8158768571540074,42.777333548850784,0.31006723163247263,2.0,0.0,0.0,1.0,0.0,1.0,1.0,1.0,0.0,0.0,0.9998380441434536,0.9998380441434536,0.0,0.9998380441434536,0.9998380441434536,0.0,2134.0,0.03551546666541605,0.00013459266804354637,1.3322009944709057,-0.015960360605132864,-0.006726530158348691,0.21326438969135064,0.1665325688776088,1.0,1.0,155,0.3490990990990991,-0.06541105856283713,-0.20739684580756196,-0.2554904327113147,0.03163250071903384,33.268934773626434
G23,G23__mom_12_1__top20__weekly__long_only__rev5,long_only,mom_12_1,20,weekly,rev5,10.0,0.0,True,,True,True,0,0,2134.0,1.6521592737495299,0.12207547729572421,0.326691938374882,0.5174076344890869,0.43206685763352326,0.606301138874362,-0.6462986099202457,544.0,0.1888840164932252,0.8158768571540074,42.777333548850784,0.5561770062939969,2.0,0.0,0.0,1.0,0.0,1.0,1.0,1.0,0.0,0.0,0.9998380441434536,0.9998380441434536,0.0,0.9998380441434536,0.9998380441434536,0.0,2134.0,0.014079040387858548,-0.021055978965174763,1.3317819642963187,-0.0373318565385698,-0.02810878756624169,0.2132399029305654,0.06602441754272852,1.0,1.0,155,0.3490990990990991,-0.08395001779600389,-0.25676746347817825,-0.2559126280997976,0.0315540913404766,33.268934773626434
G23,G23__mom_12_1__top20__weekly__long_only__rev5,long_only,mom_12_1,20,weekly,rev5,20.0,0.0,True,,False,True,0,0,2134.0,0.8445179150028606,0.07497311614651281,0.32671341278924526,0.38614897811823135,0.3008258688958599,0.4194720122373776,-0.6647307922081895,691.0,0.1127871869715217,0.8158768571540074,42.777333548850784,0.9016135064809901,2.0,0.0,0.0,1.0,0.0,1.0,1.0,1.0,0.0,0.0,0.9998380441434536,0.9998380441434536,0.0,0.9998380441434536,0.9998380441434536,0.0,2134.0,-0.028793812167256717,-0.06214998356348709,1.3309439039471447,-0.08007484840544397,-0.07087330238202823,0.21341744641784435,-0.1349177991328885,1.0,1.0,155,0.3490990990990991,-0.119629291328124,-0.35569726156252274,-0.2738229501120498,0.03153181486308054,33.268934773626434
G23,G23__mom_12_1__top20__weekly__long_short__rev20,long_short,mom_12_1,20,weekly,rev20,0.0,0.0,True,,False,True,4,0,2134.0,1.1519327069625063,0.0947201357505274,0.1710211422931632,0.6146125831570971,0.45158420727810794,0.6524450325953682,-0.26157058210059003,484.0,0.362120751461652,0.4761482828629019,24.96498550748096,0.0,4.0,24.0,3.0,7.0,1.0,1.0,1.0,1.0,0.0,0.0,0.0007228730671008546,0.5003845779150123,0.49966170484791145,1.000046282762924,0.0007228730671008546,0.0,2134.0,-0.04984211661406515,-0.044921885128256414,0.07260623162297757,0.09386112999659478,0.0679961841394166,0.2464214560658754,-0.20226370467002255,1.0,0.0,112,0.25225225225225223,0.0446041005641105,0.24515392335362735,0.24154234523633344,-0.0236178455183787,14.516711213830114
G23,G23__mom_12_1__top20__weekly__long_short__rev20,long_short,mom_12_1,20,weekly,rev20,0.0,0.01,True,,False,True,4,0,2134.0,1.0632658923681069,0.08929428472128476,0.17103075371775323,0.5855276710114722,0.4225131742157625,0.6096686113631486,-0.26388993220861623,811.0,0.33837700428333817,0.47617654892161637,24.96646752846383,0.0,4.0,24.0,3.0,7.0,1.0,1.0,1.0,1.0,0.0,0.0,0.0007229366495967025,0.5004140659790178,0.4996911293294211,1.000105195308439,0.0007229366495967025,0.07172736814388482,2134.0,-0.054810623757650945,-0.049655616977475885,0.07259270631959948,0.08889471865101098,0.06302939707389653,0.24643014767491342,-0.22241849982558232,1.0,0.0,112,0.25225225225225223,0.04439182268782796,0.2416619060594024,0.24442816607343987,-0.023621207594430566,14.51730492332394
G23,G23__mom_12_1__top20__weekly__long_short__rev20,long_short,mom_12_1,20,weekly,rev20,0.0,0.03,True,,False,True,4,0,2134.0,0.8990546952031901,0.07867834533402318,0.17104970111927942,0.5282114682992328,0.36522432029098323,0.5256856517054149,-0.26844014249896897,874.0,0.2930945595602393,0.47623264535508664,24.96940872703371,0.0,4.0,24.0,3.0,7.0,1.0,1.0,1.0,1.0,0.0,0.0,0.0007230620345384188,0.5004721925848911,0.4997491305503527,1.0002213231352437,0.0007230620345384188,0.20335981797639746,2134.0,-0.06460344887298415,-0.05891739178773519,0.07256604959134003,0.07910602409868726,0.05323996201404921,0.2464472810696649,-0.2621390205344658,1.0,0.0,112,0.25225225225225223,0.043976393130894784,0.23477893157636462,0.25356008555558507,-0.023627835571636585,14.518472108393984
G23,G23__mom_12_1__top20__weekly__long_short__rev20,long_short,mom_12_1,20,weekly,rev20,5.0,0.0,True,,False,True,4,0,2134.0,0.9360157805691125,0.08113648905576021,0.17103366922874946,0.5415616262445873,0.3785596896883208,0.544728175781342,-0.2669974201678652,815.0,0.3038849177072516,0.4761482828629019,24.96498550748096,0.18063998776309848,4.0,24.0,3.0,7.0,1.0,1.0,1.0,1.0,0.0,0.0,0.0007228730671008546,0.5003845779150123,0.49966170484791145,1.000046282762924,0.0007228730671008546,0.0,2134.0,-0.06232859060324328,-0.05677280780214035,0.072768514408816,0.08134950966290885,0.055489799328798,0.24640590016204367,-0.252950885357267,1.0,0.0,112,0.25225225225225223,0.03649287477951021,0.19897469563646433,0.24158055639304354,-0.02364821100017564,14.516711213830114
G23,G23__mom_12_1__top20__weekly__long_short__rev20,long_short,mom_12_1,20,weekly,rev20,5.0,0.01,True,,False,True,4,0,2134.0,0.8562338109064349,0.07577716622541497,0.17104328537642083,0.5124800460890199,0.34949178321506386,0.502263657132881,-0.269300221800961,831.0,0.28138545790512437,0.47617654892161637,24.96646752846383,0.17635778728760562,4.0,24.0,3.0,7.0,1.0,1.0,1.0,1.0,0.0,0.0,0.0007229366495967025,0.5004140659790178,0.4996911293294211,1.000105195308439,0.0007229366495967025,0.06768828238556646,2134.0,-0.06729759188041813,-0.06144849776036503,0.07275496478187925,0.07638260795276536,0.05052252124211398,0.24641459972154395,-0.2731071614931359,1.0,0.0,112,0.25225225225225223,0.03632041762746037,0.19548013026033836,0.24626471591799493,-0.023651580356030766,14.51730492332394
G23,G23__mom_12_1__top20__weekly__long_short__rev20,long_short,mom_12_1,20,weekly,rev20,5.0,0.03,True,,False,True,4,0,2134.0,0.7084785955940345,0.06529139331165545,0.17106224180412047,0.45517035705975195,0.29220903804286313,0.41889297881657417,-0.27381796757521415,887.0,0.23844817011038832,0.47623264535508664,24.96940872703371,0.1682913185452794,4.0,24.0,3.0,7.0,1.0,1.0,1.0,1.0,0.0,0.0,0.0007230620345384188,0.5004721925848911,0.4997491305503527,1.0002213231352437,0.0007230620345384188,0.19202291118929965,2134.0,-0.07709140097192053,-0.07059671007545205,0.07272826068674328,0.06659293676395293,0.04073210826794802,0.24643174850404395,-0.3128306374478996,1.0,0.0,112,0.25225225225225223,0.03598290578617765,0.18859213365134014,0.25522910813869526,-0.023658222881780627,14.518472108393984
G23,G23__mom_12_1__top20__weekly__long_short__rev20,long_short,mom_12_1,20,weekly,rev20,10.0,0.0,True,,False,True,4,0,2134.0,0.7416609544721571,0.06771399422732016,0.17108306769604975,0.468420394491045,0.3054790044817276,0.43778882027432797,-0.27238724136511083,875.0,0.24859458867442175,0.4761482828629019,24.96498550748096,0.3407996127222122,4.0,24.0,3.0,7.0,1.0,1.0,1.0,1.0,0.0,0.0,0.0007228730671008546,0.5003845779150123,0.49966170484791145,1.000046282762924,0.0007228730671008546,0.0,2134.0,-0.07481506459242189,-0.06848313507115815,0.07293079719465433,0.06883788932922244,0.04298341451817889,0.24641594186163948,-0.3036129238522642,1.0,0.0,112,0.25225225225225223,0.028515826339772066,0.15273299949883581,0.24343499359654286,-0.02364873259567496,14.516711213830114
G23,G23__mom_12_1__top20__weekly__long_short__rev20,long_short,mom_12_1,20,weekly,rev20,10.0,0.01,True,,True,True,4,0,2134.0,0.6698777290699405,0.06242041992033753,0.17109268872725109,0.4393484210771261,0.27642049295481186,0.3956432377451497,-0.2746736038222505,887.0,0.22725307074185278,0.47617654892161637,24.96646752846383,0.33283960250465416,4.0,24.0,3.0,7.0,1.0,1.0,1.0,1.0,0.0,0.0,0.0007229366495967025,0.5004140659790178,0.4996911293294211,1.000105195308439,0.0007229366495967025,0.06392163216218119,2134.0,-0.07978456000318569,-0.07310146335885387,0.07291722324415899,0.06387049725451933,0.038015645410331096,0.24642465001951636,-0.3237685840148984,1.0,0.0,112,0.25225225225225223,0.028382539535338334,0.14924123095373787,0.2480334431210781,-0.023652109152285522,14.51730492332394
G23,G23__mom_12_1__top20__weekly__long_short__rev20,long_short,mom_12_1,20,weekly,rev20,10.0,0.03,True,,False,True,4,0,2134.0,0.5369371904699833,0.05206328799755289,0.1711116545076682,0.3820576089371929,0.21915620715301753,0.3128986558140655,-0.28019223395328785,1076.0,0.18581274456819027,0.47623264535508664,24.96940872703371,0.31783948233374615,4.0,24.0,3.0,7.0,1.0,1.0,1.0,1.0,0.0,0.0,0.0007230620345384188,0.5004721925848911,0.4997491305503527,1.0002213231352437,0.0007230620345384188,0.18144731526698876,2134.0,-0.0895793530708569,-0.08213744407141205,0.07289047178214651,0.05407984942921861,0.028224254521846834,0.24644181547402624,-0.36349088282178366,1.0,0.0,112,0.25225225225225223,0.028121672849121388,0.14235874340437915,0.2557998251096265,-0.023658766072841314,14.518472108393984
G23,G23__mom_12_1__top20__weekly__long_short__rev20,long_short,mom_12_1,20,weekly,rev20,20.0,0.0,True,,False,True,4,0,2134.0,0.40927735249228436,0.04134517715392749,0.17129232781630283,0.32205674816753044,0.15933825063291818,0.22649187918235028,-0.2976244936358081,1093.0,0.1389172532436797,0.4761482828629019,24.96498550748096,0.6080082761520749,4.0,24.0,3.0,7.0,1.0,1.0,1.0,1.0,0.0,0.0,0.0007228730671008546,0.5003845779150123,0.49966170484791145,1.000046282762924,0.0007228730671008546,0.0,2134.0,-0.09978801257077856,-0.09148835739182698,0.07325536276633102,0.043814648661850183,0.017970644896941272,0.24651279758441633,-0.4047985076174675,1.0,0.0,112,0.25225225225225223,0.012957480468551993,0.06023970899153577,0.23237361112106591,-0.023560373171610166,14.516711213830114
G23,G23__mom_12_1__top20__weekly__long_short__rev20,long_short,mom_12_1,20,weekly,rev20,20.0,0.01,True,,False,True,4,0,2134.0,0.3511764389413816,0.0361807956646103,0.17130195909104623,0.2930227223959811,0.13031724567329225,0.18500645289101963,-0.3012839120164301,1095.0,0.12008870776557504,0.47617654892161637,24.96646752846383,0.5942332686999467,4.0,24.0,3.0,7.0,1.0,1.0,1.0,1.0,0.0,0.0,0.0007229366495967025,0.5004140659790178,0.4996911293294211,1.000105195308439,0.0007229366495967025,0.05712923790392165,2134.0,-0.10475849624872031,-0.0959939726410741,0.07324174016871865,0.038846275858027836,0.01300189374676579,0.24652152487208048,-0.42494665041147744,1.0,0.0,112,0.25225225225225223,0.012900615665881798,0.05676948992071315,0.23539907809877603,-0.023563763893449163,14.51730492332394
G23,G23__mom_12_1__top20__weekly__long_short__rev20,long_short,mom_12_1,20,weekly,rev20,20.0,0.03,True,,False,True,4,0,2134.0,0.24357694815167186,0.02607643735921128,0.17132094454760377,0.23580657631378388,0.07312675647339532,0.10355761275098752,-0.3084410398327352,1504.0,0.08454269695547745,0.47623264535508664,24.96940872703371,0.5682548841436584,4.0,24.0,3.0,7.0,1.0,1.0,1.0,1.0,0.0,0.0,0.0007230620345384188,0.5004721925848911,0.4997491305503527,1.0002213231352437,0.0007230620345384188,0.1623672273015529,2134.0,-0.1145552572687296,-0.10480942342813103,0.07321489397295292,0.029053674759749994,0.003208547029644529,0.24653872750262254,-0.4646542084042802,1.0,0.0,112,0.25225225225225223,0.012789285072946079,0.04992945867798883,0.24114114787067853,-0.02357044914343054,14.518472108393984
G23,G23__mom_12_1__top20__weekly__long_short__rev5,long_short,mom_12_1,20,weekly,rev5,0.0,0.0,True,,False,True,5,0,2134.0,1.101390799568299,0.09165200700344478,0.16449093592319058,0.6152168887355286,0.4457010080504657,0.6517409121213573,-0.28427717524751817,888.0,0.32240367846501927,0.6421079428518074,33.66643557160404,0.0,4.0,23.0,2.0,8.0,2.0,1.0,1.0,1.0,0.0,0.0,0.0007316639134695209,0.5004312780905157,0.4996996141770461,1.0001308922675618,0.0007316639134695209,0.0,2134.0,-0.05375626082948316,-0.047598644716624706,0.06607674619567859,0.09095875476927547,0.06490898807286861,0.242926806168231,-0.22128583369369303,1.0,0.0,112,0.25225225225225223,0.04153597181702788,0.2392707241259851,0.2188357520894053,-0.030148051888351318,23.218161277953193
G23,G23__mom_12_1__top20__weekly__long_short__rev5,long_short,mom_12_1,20,weekly,rev5,0.0,0.01,True,,False,True,5,0,2134.0,1.014795332804439,0.08624065308371653,0.16450036379652408,0.5849736495758825,0.4154736883611652,0.6066948861927001,-0.28672920019470416,900.0,0.30077387662349914,0.6421433643206832,33.66829275872193,0.0,4.0,23.0,2.0,8.0,2.0,1.0,1.0,1.0,0.0,0.0,0.0007317232789408603,0.5004608702949087,0.49972914701596793,1.0001900173108769,0.0007317232789408603,0.06945011053600689,2134.0,-0.05872548448673061,-0.05231972870126549,0.06606136347928802,0.08599191472335084,0.05994171937740958,0.24293552169155108,-0.24173280250589635,1.0,0.0,112,0.25225225225225223,0.04133819105025974,0.23462242020480512,0.22158889808735194,-0.03015159751565971,23.219130153582043
G23,G23__mom_12_1__top20__weekly__long_short__rev5,long_short,mom_12_1,20,weekly,rev5,0.0,0.03,True,,False,True,5,0,2134.0,0.8544214943237722,0.07565308191225384,0.16451894999835756,0.525374949211991,0.3559063592848414,0.5182881899890084,-0.29153765555505784,979.0,0.25949677673101307,0.6422135570413637,33.67197304135151,0.0,4.0,23.0,2.0,8.0,2.0,1.0,1.0,1.0,0.0,0.0,0.0007318403495765461,0.5005192022576861,0.4997873619081095,1.0003065641657956,0.0007318403495765461,0.19690625489168134,2134.0,-0.06851972765354647,-0.06155675393290418,0.06603104504429586,0.07620236951514661,0.05015132931654183,0.24295270262373692,-0.2820290818483448,1.0,0.0,112,0.25225225225225223,0.04095112970912544,0.22546097057022277,0.2304625724994962,-0.030158586692558442,23.221036422711784
G23,G23__mom_12_1__top20__weekly__long_short__rev5,long_short,mom_12_1,20,weekly,rev5,5.0,0.0,True,,False,True,5,0,2134.0,0.8221111125242948,0.07342273429877921,0.16434634610044682,0.5131265998162791,0.3434873006689662,0.4994094250055634,-0.2933190504639942,903.0,0.2503169643520719,0.6421079428518074,33.66643557160404,0.2314430129248661,4.0,23.0,2.0,8.0,2.0,1.0,1.0,1.0,0.0,0.0,0.0007316639134695209,0.5004312780905157,0.4996996141770461,1.0001308922675618,0.0007316639134695209,0.0,2134.0,-0.070623380886592,-0.06350259938200341,0.06608961317768715,0.07408964092360373,0.04804153616420458,0.24282697347130708,-0.2908382865255989,1.0,0.0,112,0.25225225225225223,0.028779120022529213,0.16390230661710972,0.21525892609691455,-0.03033553412847828,23.218161277953193
G23,G23__mom_12_1__top20__weekly__long_short__rev5,long_short,mom_12_1,20,weekly,rev5,5.0,0.01,True,,False,True,5,0,2134.0,0.7470106358316928,0.06810075094722934,0.16435578095600423,0.482858953085056,0.3132351878736201,0.4547917161949438,-0.29574072731765655,917.0,0.2302718045123423,0.6421433643206832,33.66829275872193,0.226000597374837,4.0,23.0,2.0,8.0,2.0,1.0,1.0,1.0,0.0,0.0,0.0007317232789408603,0.5004608702949087,0.49972914701596793,1.0001900173108769,0.0007317232789408603,0.06423744681318974,2134.0,-0.07559320232745068,-0.068145712868988,0.06607421059172452,0.06912220617293478,0.043073672242627106,0.2428356947027388,-0.31129361941614964,1.0,0.0,112,0.25225225225225223,0.028644002349274736,0.1592235349188946,0.2198242104012994,-0.030339084776447367,23.219130153582043
G23,G23__mom_12_1__top20__weekly__long_short__rev5,long_short,mom_12_1,20,weekly,rev5,5.0,0.03,True,,False,True,5,0,2134.0,0.6079268713939696,0.05768804148540263,0.1643743804722656,0.42321211412760484,0.25361896021467856,0.3672260767715824,-0.3004896687889801,1004.0,0.19198011604823012,0.6422135570413637,33.67197304135151,0.21575058451837126,4.0,23.0,2.0,8.0,2.0,1.0,1.0,1.0,0.0,0.0,0.0007318403495765461,0.5005192022576861,0.4997873619081095,1.0003065641657956,0.0007318403495765461,0.18227077526195745,2134.0,-0.08538863358526085,-0.07723018167405878,0.0660438535794673,0.05933147885143249,0.03328209905751572,0.24285288649307027,-0.35160641826547695,1.0,0.0,112,0.25225225225225223,0.02837955395992483,0.15000205582315557,0.22855740692492932,-0.030346084213635494,23.221036422711784
G23,G23__mom_12_1__top20__weekly__long_short__rev5,long_short,mom_12_1,20,weekly,rev5,10.0,0.0,True,,False,True,5,0,2134.0,0.5797722419396019,0.055483975426024124,0.16427521394615863,0.41067279773413384,0.2409830291004869,0.34837207971682654,-0.3022536912672825,987.0,0.18356756932691923,0.6421079428518074,33.66643557160404,0.42811699354603905,4.0,23.0,2.0,8.0,2.0,1.0,1.0,1.0,0.0,0.0,0.0007316639134695209,0.5004312780905157,0.4996996141770461,1.0001308922675618,0.0007316639134695209,0.0,2134.0,-0.08749050094370131,-0.07915309803258602,0.0661024801596959,0.05722052707793147,0.031174084255540094,0.24277688502034156,-0.36037409795570424,1.0,0.0,112,0.25225225225225223,0.016285807538476027,0.08823702411759513,0.21356854369437117,-0.030456586345566083,23.218161277953193
G23,G23__mom_12_1__top20__weekly__long_short__rev5,long_short,mom_12_1,20,weekly,rev5,10.0,0.01,True,,True,True,5,0,2134.0,0.5146481146413824,0.05024995437564739,0.16428465580311127,0.38039427467935716,0.21071963668104762,0.3041996680277717,-0.3046453722221625,1004.0,0.16494573349042255,0.6421433643206832,33.66829275872193,0.41825170645353876,4.0,23.0,2.0,8.0,2.0,1.0,1.0,1.0,0.0,0.0,0.0007317232789408603,0.5004608702949087,0.49972914701596793,1.0001900173108769,0.0007317232789408603,0.059491243564783566,2134.0,-0.09246092016817131,-0.08371946965099605,0.06608705770416066,0.05225249762251824,0.026205625107844126,0.2427856130379164,-0.3808336046408626,1.0,0.0,112,0.25225225225225223,0.01621207399064819,0.08354037467997363,0.2180616747211661,-0.030460142076425334,23.219130153582043
G23,G23__mom_12_1__top20__weekly__long_short__rev5,long_short,mom_12_1,20,weekly,rev5,10.0,0.03,True,,False,True,5,0,2134.0,0.39404152721052377,0.04000935117201876,0.16430326867943765,0.3207259573099607,0.1510811356239872,0.2175081468125441,-0.30933549047486963,1051.0,0.12933967295701917,0.6422135570413637,33.67197304135151,0.3996618743539848,4.0,23.0,2.0,8.0,2.0,1.0,1.0,1.0,0.0,0.0,0.0007318403495765461,0.5005192022576861,0.4997873619081095,1.0003065641657956,0.0007318403495765461,0.16893994958214684,2134.0,-0.10225753951697535,-0.0926537859967584,0.06605666211463873,0.04246058818771826,0.01641286879848948,0.2428028178170127,-0.4211546654867956,1.0,0.0,112,0.25225225225225223,0.01606773602358726,0.0742836718753488,0.22665656858804473,-0.030467151901071854,23.221036422711784
G23,G23__mom_12_1__top20__weekly__long_short__rev5,long_short,mom_12_1,20,weekly,rev5,20.0,0.0,True,,False,True,5,0,2134.0,0.1871023238872278,0.02046041970484791,0.1643536056569978,0.20522288793478863,0.035651512094545784,0.05094860147526047,-0.33310456523497645,1516.0,0.061423414267573466,0.6421079428518074,33.66643557160404,0.7357007332266854,4.0,23.0,2.0,8.0,2.0,1.0,1.0,1.0,0.0,0.0,0.0007316639134695209,0.5004312780905157,0.4996996141770461,1.0001308922675618,0.0007316639134695209,0.0,2134.0,-0.12122474105791915,-0.10970906433109029,0.066128214123713,0.023482299386587774,-0.0025608195617881015,0.24282603341588763,-0.4992246480026209,1.0,0.0,112,0.25225225225225223,-0.00792727698052759,-0.06344702954683662,0.1968935395218976,-0.030499095330915188,23.218161277953193
G23,G23__mom_12_1__top20__weekly__long_short__rev5,long_short,mom_12_1,20,weekly,rev5,20.0,0.01,True,,False,True,5,0,2134.0,0.13814754631357884,0.015398182695277152,0.1643630615204718,0.174963319237943,0.00540622060046925,0.007715210396069904,-0.34182169862451095,1516.0,0.04504741143479005,0.6421433643206832,33.66829275872193,0.71944324826266,4.0,23.0,2.0,8.0,2.0,1.0,1.0,1.0,0.0,0.0,0.0007317232789408603,0.5004608702949087,0.49972914701596793,1.0001900173108769,0.0007317232789408603,0.051227720440202074,2134.0,-0.1261963558496117,-0.11412556460567365,0.06611275192903349,0.01851308052168594,-0.007530469161721021,0.24283477822117114,-0.5196799106537924,1.0,0.0,112,0.25225225225225223,-0.007881997303451349,-0.06814153515210986,0.1948612914906952,-0.030502661464023584,23.219130153582043
G23,G23__mom_12_1__top20__weekly__long_short__rev5,long_short,mom_12_1,20,weekly,rev5,20.0,0.03,True,,False,True,5,0,2134.0,0.047487713797117914,0.00549369048075099,0.16438170115022555,0.1153322489077648,-0.05419671563620292,-0.07713370413916144,-0.35877611012041255,1516.0,0.015312308500438326,0.6422135570413637,33.67197304135151,0.6887739367857024,4.0,23.0,2.0,8.0,2.0,1.0,1.0,1.0,0.0,0.0,0.0007318403495765461,0.5005192022576861,0.4997873619081095,1.0003065641657956,0.0007318403495765461,0.14571673165498006,2134.0,-0.13599535138040403,-0.12276664413284066,0.06608227918498166,0.008718806860290059,-0.017325591719562692,0.24285201533381223,-0.5599926819362468,1.0,0.0,112,0.25225225225225223,-0.007793461805514211,-0.07739401343160943,0.19080607758300117,-0.030509692540808764,23.221036422711784
G23,G23__mom_12_1__top50__monthly__long_only__rev20,long_only,mom_12_1,50,monthly,rev20,0.0,0.0,True,,False,True,0,0,2134.0,1.1964503043840518,0.09737036532076293,0.27647659608729663,0.47502962726813364,0.3742123868842425,0.5225474085089906,-0.530616044072642,554.0,0.18350437460091729,1.063305985944227,12.80750565262906,0.0,3.0,4.0,1.0,1.0,0.0,1.0,1.0,1.0,0.0,0.0,0.9995210084515412,0.9995210084515412,0.0,0.9995210084515412,0.9995210084515412,0.0,2134.0,-0.02361928826563284,-0.04260971768083614,1.2038842125457716,-0.05521193453363549,-0.049536850478393804,0.15685005083070905,-0.1505851489402802,1.0,1.0,31,0.30392156862745096,-0.06754998475187768,-0.26575464346758093,-0.16994473909813296,0.03613036001938533,5.176455189918214
G23,G23__mom_12_1__top50__monthly__long_only__rev20,long_only,mom_12_1,50,monthly,rev20,5.0,0.0,True,,True,True,0,0,2134.0,1.0804731432177714,0.09036313265085161,0.2765018577010352,0.4518404589686579,0.35103371145725404,0.4896846382526227,-0.5310604424026608,560.0,0.17015602262150123,1.063305985944227,12.80750565262906,0.07816027557090156,3.0,4.0,1.0,1.0,0.0,1.0,1.0,1.0,0.0,0.0,0.9995210084515412,0.9995210084515412,0.0,0.9995210084515412,0.9995210084515412,0.0,2134.0,-0.030019136364021416,-0.04872311082150359,1.2038667607952631,-0.061609078415872695,-0.05593432929832696,0.15689867049573122,-0.19132817549807188,1.0,1.0,31,0.30392156862745096,-0.07012016103368479,-0.2730611195158448,-0.1701989173908191,0.03616414877019139,5.176455189918214
G23,G23__mom_12_1__top50__monthly__long_only__rev20,long_only,mom_12_1,50,monthly,rev20,10.0,0.0,True,,False,True,0,0,2134.0,0.9705463812795823,0.08339587674093885,0.27654239495385186,0.4286318494157629,0.32784113523830344,0.456873594493597,-0.5315048407326799,563.0,0.15690520640598035,1.063305985944227,12.80750565262906,0.15160065040404003,3.0,4.0,1.0,1.0,0.0,1.0,1.0,1.0,0.0,0.0,0.9995210084515412,0.9995210084515412,0.0,0.9995210084515412,0.9995210084515412,0.0,2134.0,-0.03641898446240981,-0.0548016266201611,1.2038493090447544,-0.06800622229810972,-0.062331808118260064,0.15697419191587955,-0.23200619170523448,1.0,1.0,31,0.30392156862745096,-0.07266578134893215,-0.28036747116898836,-0.1704530956835058,0.03620811565401197,5.176455189918214
G23,G23__mom_12_1__top50__monthly__long_only__rev20,long_only,mom_12_1,50,monthly,rev20,20.0,0.0,True,,False,True,0,0,2134.0,0.767612640559711,0.06958048844055242,0.2766692669884739,0.38217176466716835,0.2814297040835351,0.39141772416572207,-0.5323936373927174,573.0,0.13069368894284275,1.063305985944227,12.80750565262906,0.2853624084445364,3.0,4.0,1.0,1.0,0.0,1.0,1.0,1.0,0.0,0.0,0.9995210084515412,0.9995210084515412,0.0,0.9995210084515412,0.9995210084515412,0.0,2134.0,-0.04921868065918668,-0.06685473004198497,1.2038144055437368,-0.08080051006258376,-0.07512676575812598,0.1572057711282381,-0.31308443898689525,1.0,1.0,31,0.30392156862745096,-0.07768396694728438,-0.2949684187909915,-0.1709614522688781,0.03632655388391298,5.176455189918214
G23,G23__mom_12_1__top50__monthly__long_only__rev5,long_only,mom_12_1,50,monthly,rev5,0.0,0.0,True,,False,True,0,0,2134.0,1.3070983240605138,0.1037577994599046,0.2682866667010112,0.5032534047740869,0.3993600941889326,0.550924662182799,-0.5386647634200941,429.0,0.19262035779196854,1.0733158934931504,12.92807484833549,0.0,4.0,4.0,1.0,2.0,0.0,1.0,1.0,1.0,0.0,0.0,0.999203122273673,0.999203122273673,0.0,0.999203122273673,0.999203122273673,0.0,2134.0,-0.019937684180569154,-0.037037061841913306,1.1855954860376483,-0.0486964216331275,-0.04352907938952798,0.14658524583852434,-0.13601426300797115,1.0,1.0,31,0.30392156862745096,-0.06116255061273601,-0.24060693616289086,-0.17799345844558506,0.027940430633099894,5.297024385624645
G23,G23__mom_12_1__top50__monthly__long_only__rev5,long_only,mom_12_1,50,monthly,rev5,5.0,0.0,True,,True,True,0,0,2134.0,1.1841622626545152,0.09664359954241353,0.26833319076913215,0.47910955995127447,0.3752355411165221,0.5171093277698005,-0.5391170427225085,434.0,0.1792627423803358,1.0733158934931504,12.92807484833549,0.07213909882360912,4.0,4.0,1.0,2.0,0.0,1.0,1.0,1.0,0.0,0.0,0.999203122273673,0.999203122273673,0.0,0.999203122273673,0.999203122273673,0.0,2134.0,-0.026392865703623408,-0.04324377753492329,1.1855548300749394,-0.05514530335772011,-0.04997890534132625,0.14668058540291853,-0.17993428122150285,1.0,1.0,31,0.30392156862745096,-0.06383969414212287,-0.24885928985657674,-0.17825551771066678,0.027995481838288344,5.297024385624645
G23,G23__mom_12_1__top50__monthly__long_only__rev5,long_only,mom_12_1,50,monthly,rev5,10.0,0.0,True,,False,True,0,0,2134.0,1.0676977488350476,0.08957032397763309,0.26839587419980215,0.45494669316625513,0.3510981763896171,0.4833482574335937,-0.5395693220249238,853.0,0.16600336661374468,1.0733158934931504,12.92807484833549,0.13988461504145291,4.0,4.0,1.0,2.0,0.0,1.0,1.0,1.0,0.0,0.0,0.999203122273673,0.999203122273673,0.0,0.999203122273673,0.999203122273673,0.0,2134.0,-0.03284804722667748,-0.04941478916772527,1.1855141741122308,-0.061594185082312576,-0.05642873129312437,0.14680542309830963,-0.2237522738153922,1.0,1.0,31,0.30392156862745096,-0.0664913341122379,-0.2571104300176747,-0.17851757697574971,0.028061594899962267,5.297024385624645
G23,G23__mom_12_1__top50__monthly__long_only__rev5,long_only,mom_12_1,50,monthly,rev5,20.0,0.0,True,,False,True,0,0,2134.0,0.852854590120897,0.0755457140729805,0.26856967097333767,0.40658147282534535,0.3028025328569272,0.4160055617417334,-0.5404738806297532,985.0,0.1397768084277368,1.0733158934931504,12.92807484833549,0.26318092759547795,4.0,4.0,1.0,2.0,0.0,1.0,1.0,1.0,0.0,0.0,0.999203122273673,0.999203122273673,0.0,0.999203122273673,0.999203122273673,0.0,2134.0,-0.04575841027278564,-0.06165042597764268,1.1854328621868133,-0.07449194853149753,-0.06932838319672069,0.14714327482396558,-0.31097860454396287,1.0,1.0,31,0.30392156862745096,-0.07171874131485631,-0.2735955900175994,-0.17904169550591392,0.02822695786877677,5.297024385624645
G23,G23__mom_12_1__top50__monthly__long_short__rev20,long_short,mom_12_1,50,monthly,rev20,0.0,0.0,True,,False,True,1,0,2134.0,1.0944705127226002,0.09122686000051616,0.11856401062414214,0.7956667955779396,0.5605603483857813,0.8079301061181893,-0.17119758687662368,494.0,0.5328746839536954,0.9582574768231407,11.542197837048738,0.0,13.0,33.0,7.0,1.0,1.0,1.0,1.0,1.0,0.0,0.0,0.0022823218146360343,0.5025917984744543,0.5003094766598184,1.0029012751342727,0.0022823218146360343,0.0,2134.0,-0.06061641624916371,-0.04796956015413028,0.023967419007895258,0.09062360225107541,0.06341447866557662,0.22161841127656548,-0.27351705979661745,1.0,0.0,24,0.23529411764705882,0.04433546933285446,0.3644264083057679,0.1463693243045877,-0.02906320594120905,3.9765569064065724
G23,G23__mom_12_1__top50__monthly__long_short__rev20,long_short,mom_12_1,50,monthly,rev20,0.0,0.01,True,,False,True,1,0,2134.0,1.0081816586963046,0.08581898231202212,0.11858846008986591,0.7536206103585426,0.5185666915188566,0.7459821218459031,-0.17280817118818892,506.0,0.49661414574293966,0.9584647036124107,11.544693880812279,0.0,13.0,33.0,7.0,1.0,1.0,1.0,1.0,1.0,0.0,0.0,0.0022826874057092247,0.5027029845360705,0.5004202971303613,1.0031232816664317,0.0022826874057092247,0.06932593779311011,2134.0,-0.06558315497893925,-0.052687611334071766,0.0239539567488938,0.08565894955033218,0.058449452612531726,0.22163372914002807,-0.29590782609403216,1.0,0.0,24,0.23529411764705882,0.04415336899152642,0.3563449824532584,0.15110143876882687,-0.029070044380660173,3.9770888841328578
G23,G23__mom_12_1__top50__monthly__long_short__rev20,long_short,mom_12_1,50,monthly,rev20,0.0,0.03,True,,False,True,1,0,2134.0,0.8482991759879759,0.07523311129687893,0.11863669788418758,0.670759074840749,0.4358087052277347,0.6245816181727449,-0.17616151111035017,588.0,0.4270689483910694,0.958876401965955,11.549652781693023,0.0,13.0,33.0,7.0,1.0,1.0,1.0,1.0,1.0,0.0,0.0,0.0022834079655753626,0.5029222960845073,0.5006388881189321,1.0035611842034398,0.0022834079655753626,0.19667020200439359,2134.0,-0.07537722093838457,-0.06192315328058898,0.023927448098309177,0.07586899120868869,0.048658759115651984,0.22166394685101695,-0.3400517856385844,1.0,0.0,24,0.23529411764705882,0.04379642135946083,0.34041789623979407,0.16008404382766983,-0.029083530164588103,3.978127613698506
G23,G23__mom_12_1__top50__monthly__long_short__rev20,long_short,mom_12_1,50,monthly,rev20,5.0,0.0,True,,False,True,1,0,2134.0,0.994541175996362,0.08494541837981506,0.11862128106752257,0.7466583369200858,0.5116729132164565,0.7355933438580501,-0.17475522496243034,506.0,0.4860822810767289,0.9582574768231407,11.542197837048738,0.0800730650800029,13.0,33.0,7.0,1.0,1.0,1.0,1.0,1.0,0.0,0.0,0.0022823218146360343,0.5025917984744543,0.5003094766598184,1.0029012751342727,0.0022823218146360343,0.0,2134.0,-0.06638429420813721,-0.05344974383382836,0.02392320363011801,0.08486257563567716,0.05765248574272307,0.22165640111118495,-0.29949188868603094,1.0,0.0,24,0.23529411764705882,0.04200741115545676,0.3411752577841037,0.14742641967097675,-0.028995691906882837,3.9765569064065724
G23,G23__mom_12_1__top50__monthly__long_short__rev20,long_short,mom_12_1,50,monthly,rev20,5.0,0.01,True,,True,True,1,0,2134.0,0.9123490278571849,0.07956732193079419,0.11864575812540758,0.7046328544064241,0.4696997263194191,0.673968440085959,-0.17635968801036472,508.0,0.4511650186527773,0.9584647036124107,11.544693880812279,0.07824464926368513,13.0,33.0,7.0,1.0,1.0,1.0,1.0,1.0,0.0,0.0,0.0022826874057092247,0.5027029845360705,0.5004202971303613,1.0031232816664317,0.0022826874057092247,0.0674086411796685,2134.0,-0.07135216344222355,-0.05814181265615616,0.02390974990404616,0.07989679110841276,0.05268632813623922,0.22167173601695825,-0.321882097935864,1.0,0.0,24,0.23529411764705882,0.04183637735422459,0.33311738459924745,0.15212358279703259,-0.02900250546510051,3.9770888841328578
G23,G23__mom_12_1__top50__monthly__long_short__rev20,long_short,mom_12_1,50,monthly,rev20,5.0,0.03,True,,False,True,1,0,2134.0,0.7600593332270571,0.06903974729964402,0.11869404950728328,0.6218120106644767,0.3869819718243657,0.5532003315438135,-0.1797001918574207,590.0,0.38419406560468305,0.958876401965955,11.549652781693023,0.0747947056547441,13.0,33.0,7.0,1.0,1.0,1.0,1.0,1.0,0.0,0.0,0.0022834079655753626,0.5029222960845073,0.5006388881189321,1.0035611842034398,0.0022834079655753626,0.1912858371389258,2134.0,-0.0811484770753109,-0.06732649447987818,0.023883257803267083,0.0701045825286709,0.0428933849310703,0.22170198695529875,-0.36602503292707383,1.0,0.0,24,0.23529411764705882,0.04150110330458001,0.3172367533993175,0.1610391228695251,-0.029015942655871527,3.978127613698506
G23,G23__mom_12_1__top50__monthly__long_short__rev20,long_short,mom_12_1,50,monthly,rev20,10.0,0.0,True,,False,True,1,0,2134.0,0.8993201936278403,0.07869615254029494,0.11870845769620085,0.6975214074311329,0.4627155329250887,0.6635210294679217,-0.17830063855550626,584.0,0.44136775492139513,0.9582574768231407,11.542197837048738,0.15583399075058754,13.0,33.0,7.0,1.0,1.0,1.0,1.0,1.0,0.0,0.0,0.0022823218146360343,0.5025917984744543,0.5003094766598184,1.0029012751342727,0.0022823218146360343,0.0,2134.0,-0.07215217216711056,-0.05890185606089487,0.023878988252340777,0.07910154902027909,0.05189049281986968,0.2217104101977806,-0.32543430009779867,1.0,0.0,24,0.23529411764705882,0.03969791959384364,0.31786582271790964,0.14846621888418815,-0.02890650934058976,3.9765569064065724
G23,G23__mom_12_1__top50__monthly__long_short__rev20,long_short,mom_12_1,50,monthly,rev20,10.0,0.01,True,,False,True,1,0,2134.0,0.8210326811504687,0.07334769168664224,0.11873296791702005,0.6555272062451203,0.42077337929997055,0.6022329686880548,-0.1798989986458207,588.0,0.4077159530556742,0.9584647036124107,11.544693880812279,0.1523004697094186,13.0,33.0,7.0,1.0,1.0,1.0,1.0,1.0,0.0,0.0,0.0022826874057092247,0.5027029845360705,0.5004202971303613,1.0031232816664317,0.0022826874057092247,0.06555437174528522,2134.0,-0.07712117190550803,-0.06356806959141527,0.023865543059198566,0.07413463266649313,0.04692320365994652,0.22172576733341826,-0.34782232499634436,1.0,0.0,24,0.23529411764705882,0.039537867625277334,0.30984017104005257,0.1531286635029665,-0.028913294811914944,3.9770888841328578
G23,G23__mom_12_1__top50__monthly__long_short__rev20,long_short,mom_12_1,50,monthly,rev20,10.0,0.03,True,,False,True,1,0,2134.0,0.6759796954050346,0.0628781283623876,0.11878132397986575,0.5727678995448697,0.33811667188596434,0.48212405723056306,-0.1832267051559977,602.0,0.34317120044730204,0.958876401965955,11.549652781693023,0.1456321691586556,13.0,33.0,7.0,1.0,1.0,1.0,1.0,1.0,0.0,0.0,0.0022834079655753626,0.5029222960845073,0.5006388881189321,1.0035611842034398,0.0022834079655753626,0.18607767133244224,2134.0,-0.08691973321223728,-0.07270214000513252,0.023839067508225037,0.06434017384865308,0.03712801074648857,0.22175606179016497,-0.39196102469787025,1.0,0.0,24,0.23529411764705882,0.0392241012873136,0.29402307603306316,0.1644050945931284,-0.028926677073111542,3.9781276136985078
G23,G23__mom_12_1__top50__monthly__long_short__rev20,long_short,mom_12_1,50,monthly,rev20,20.0,0.0,True,,False,True,1,0,2134.0,0.7221371255385538,0.06629356682704612,0.11897224399290707,0.5990131158031703,0.3647401789046776,0.520341113378063,-0.18535491830154727,598.0,0.35765744677567984,0.9582574768231407,11.542197837048738,0.29526192010015456,13.0,33.0,7.0,1.0,1.0,1.0,1.0,1.0,0.0,0.0,0.0022823218146360343,0.5025917984744543,0.5003094766598184,1.0029012751342727,0.0022823218146360343,0.0,2134.0,-0.0836879280850574,-0.06972237337459489,0.023790557496786335,0.06757949578948276,0.040366506974162726,0.22186643586210922,-0.3771995874899696,1.0,0.0,24,0.23529411764705882,0.03513422428617832,0.27120415809335807,0.15049451487914123,-0.028663424092841144,3.9765569064065724
G23,G23__mom_12_1__top50__monthly__long_short__rev20,long_short,mom_12_1,50,monthly,rev20,20.0,0.01,True,,False,True,1,0,2134.0,0.6511178341462198,0.06100394273883536,0.11899683715351461,0.5571129065871055,0.322891477521391,0.459770103060371,-0.18694112723407985,606.0,0.3263270294847895,0.9584647036124107,11.544693880812279,0.2886614780574935,13.0,33.0,7.0,1.0,1.0,1.0,1.0,1.0,0.0,0.0,0.0022826874057092247,0.5027029845360705,0.5004202971303613,1.0031232816664317,0.0022826874057092247,0.06202624325676946,2134.0,-0.08865918883207667,-0.074337255331695,0.023777129369503346,0.06261031578265418,0.03539695470736142,0.22188185298696358,-0.39957836857115914,1.0,0.0,24,0.23529411764705882,0.03499588365252796,0.2632686499654006,0.15602696920434184,-0.028670143868004982,3.977088884132856
G23,G23__mom_12_1__top50__monthly__long_short__rev20,long_short,mom_12_1,50,monthly,rev20,20.0,0.03,True,,False,True,1,0,2134.0,0.5195352303375362,0.050649551703481066,0.11904535566561038,0.4745386063269389,0.2404187113038139,0.3410641891079545,-0.19024335494125122,1081.0,0.2662355892489495,0.958876401965955,11.549652781693023,0.27620131789410246,13.0,33.0,7.0,1.0,1.0,1.0,1.0,1.0,0.0,0.0,0.0022834079655753626,0.5029222960845073,0.5006388881189321,1.0035611842034398,0.0022834079655753626,0.17616576872962347,2134.0,-0.09846224548609016,-0.08337084478322243,0.02375068691814099,0.05281135648861731,0.025597262377325014,0.22191226528831717,-0.4436989787750764,1.0,0.0,24,0.23529411764705882,0.03472463863369707,0.247629268285833,0.1714761714708628,-0.02868339744640551,3.978127613698506
G23,G23__mom_12_1__top50__monthly__long_short__rev5,long_short,mom_12_1,50,monthly,rev5,0.0,0.0,True,,False,True,2,0,2134.0,1.2988672416372795,0.10329204718245832,0.1094988870008966,0.9526448250666076,0.6980162924748543,0.9951272884328526,-0.14683169038843946,326.0,0.7034724377905197,0.9234699747992409,11.123182864217284,0.0,13.0,29.0,6.0,2.0,2.0,1.0,1.0,1.0,0.0,0.0,0.002146361870834041,0.5030029155077125,0.5008565536368784,1.0038594691445908,0.002146361870834041,0.0,2134.0,-0.05064031460138629,-0.037443402962912535,-0.00171989542251053,0.10458005249103518,0.07665260747194498,0.22122169298090977,-0.22891206517326615,1.0,0.0,24,0.23529411764705882,0.05640065651479662,0.5018823523948409,0.17073522079277192,-0.03812832956445458,3.557541933575119
G23,G23__mom_12_1__top50__monthly__long_short__rev5,long_short,mom_12_1,50,monthly,rev5,0.0,0.01,True,,False,True,2,0,2134.0,1.2041150972086023,0.09782187915254026,0.10952177067812854,0.9070699845070406,0.6525022687979045,0.9283264131762927,-0.14791773467739233,330.0,0.6613262389793163,0.923676189905963,11.125666722278758,0.0,13.0,29.0,6.0,2.0,2.0,1.0,1.0,1.0,0.0,0.0,0.0021466828124294887,0.5031167872150998,0.5009701044026703,1.0040868916177699,0.0021466828124294887,0.06701079947138283,2134.0,-0.05560995182114995,-0.042215798755615326,-0.0017372465620216185,0.0996131038973602,0.0716851752429318,0.2212359086213928,-0.25136042411775394,1.0,0.0,24,0.23529411764705882,0.05615626583204456,0.49028055973230633,0.17599187527962346,-0.03813673379239754,3.5580617255993374
G23,G23__mom_12_1__top50__monthly__long_short__rev5,long_short,mom_12_1,50,monthly,rev5,0.0,0.03,True,,False,True,2,0,2134.0,1.0285534986156817,0.08711394149382379,0.10956692148059502,0.8172537048748864,0.5628058828182727,0.7974719600878368,-0.15005538947940977,402.0,0.5805452359695308,0.9240856741755055,11.130598954548825,0.0,13.0,29.0,6.0,2.0,2.0,1.0,1.0,1.0,0.0,0.0,0.0021473150660989717,0.5033414056751241,0.5011940906090252,1.004535496284149,0.0021473150660989717,0.19007276787710775,2134.0,-0.06540989014159161,-0.05155783657813344,-0.0017714233545122226,0.08981846140292805,0.06188958013939917,0.2212639515031503,-0.2956192804893495,1.0,0.0,24,0.23529411764705882,0.05567725155640569,0.4674150738303321,0.18619016545861022,-0.03815330656818067,3.5590737865543076
G23,G23__mom_12_1__top50__monthly__long_short__rev5,long_short,mom_12_1,50,monthly,rev5,5.0,0.0,True,,False,True,2,0,2134.0,1.1930757307130873,0.09717113689973278,0.10956153888049923,0.9013667657200954,0.6468962947247944,0.9198889928471109,-0.14750570015265296,330.0,0.6587619108900254,0.9234699747992409,11.123182864217284,0.075047524348426,13.0,29.0,6.0,2.0,2.0,1.0,1.0,1.0,0.0,0.0,0.002146361870834041,0.5030029155077125,0.5008565536368784,1.0038594691445908,0.002146361870834041,0.0,2134.0,-0.056198732705311595,-0.04278353261177038,-0.0017345559191514826,0.0990239060876928,0.071096300256055,0.2212551505868949,-0.2539996585672265,1.0,0.0,24,0.23529411764705882,0.05423312967537448,0.4763986392924416,0.17467594448075413,-0.038055434093906174,3.557541933575119
G23,G23__mom_12_1__top50__monthly__long_short__rev5,long_short,mom_12_1,50,monthly,rev5,5.0,0.01,True,,True,True,2,0,2134.0,1.1026618554904952,0.09172995992013311,0.10958444509805527,0.8558182082212846,0.6014082557945186,0.8534479176331656,-0.14859120312943985,331.0,0.6173310262534577,0.923676189905963,11.125666722278758,0.07328450185984055,13.0,29.0,6.0,2.0,2.0,1.0,1.0,1.0,0.0,0.0,0.0021466828124294887,0.5031167872150998,0.5009701044026703,1.0040868916177699,0.0021466828124294887,0.06526303443862455,2134.0,-0.061169499200602266,-0.04753063543983404,-0.0017518714044611572,0.0940558226937346,0.06612773425317826,0.22126937578713107,-0.2764481030553884,1.0,0.0,24,0.23529411764705882,0.05399901534356351,0.46482591407434704,0.17989206767795746,-0.038063818492452814,3.5580617255993374
G23,G23__mom_12_1__top50__monthly__long_short__rev5,long_short,mom_12_1,50,monthly,rev5,5.0,0.03,True,,False,True,2,0,2134.0,0.9351407460593235,0.08107877394800078,0.1096296394713716,0.7660536111467682,0.5117629628156527,0.7232977396646134,-0.15072780370121053,404.0,0.537915181917758,0.9240856741755055,11.130598954548825,0.0699603276423972,13.0,29.0,6.0,2.0,2.0,1.0,1.0,1.0,0.0,0.0,0.0021473150660989717,0.5033414056751241,0.5011940906090252,1.004535496284149,0.0021473150660989717,0.18516729723201397,2134.0,-0.07097168144758116,-0.05682316079604149,-0.0017859782269681816,0.08425892543064598,0.05632988639508551,0.22129743715748837,-0.32070720004350306,1.0,0.0,24,0.23529411764705882,0.05354012995293678,0.4420177443906045,0.19001151102573527,-0.03808035269178321,3.5590737865543076
G23,G23__mom_12_1__top50__monthly__long_short__rev5,long_short,mom_12_1,50,monthly,rev5,10.0,0.0,True,,False,True,2,0,2134.0,1.0920917889640038,0.09108043726086801,0.10965429392005313,0.8499139296091279,0.5956705720365423,0.8448479028620483,-0.14817935734295817,331.0,0.6146634652360122,0.9234699747992409,11.123182864217284,0.14618947231326035,13.0,29.0,6.0,2.0,2.0,1.0,1.0,1.0,0.0,0.0,0.002146361870834041,0.5030029155077125,0.5008565536368784,1.0038594691445908,0.002146361870834041,0.0,2134.0,-0.061757150809237,-0.048097305273263065,-0.001749216415792452,0.09346775968435034,0.06553999304016492,0.2213035352246625,-0.27906084169212436,1.0,0.0,24,0.23529411764705882,0.05208220431441671,0.4508208618293632,0.17858750009673624,-0.03796067311673748,3.557541933575119
G23,G23__mom_12_1__top50__monthly__long_short__rev5,long_short,mom_12_1,50,monthly,rev5,10.0,0.01,True,,False,True,2,0,2134.0,1.0058200421667327,0.08566811496409965,0.10967722842456203,0.8044041351206426,0.5502209772502914,0.7787859697496498,-0.14926431914620375,391.0,0.5739356562514321,0.923676189905963,11.125666722278758,0.14277778504675753,13.0,29.0,6.0,2.0,2.0,1.0,1.0,1.0,0.0,0.0,0.0021466828124294887,0.5031167872150998,0.5009701044026703,1.0040868916177699,0.0021466828124294887,0.06357005402114917,2134.0,-0.0667290465800547,-0.05281923410919501,-0.0017664962469006952,0.08849854149010886,0.06057029326342462,0.22131777500098976,-0.30150785032858873,1.0,0.0,24,0.23529411764705882,0.05185829090273475,0.4392877689903734,0.18376334300258346,-0.03796903430437297,3.5580617255993374
G23,G23__mom_12_1__top50__monthly__long_short__rev5,long_short,mom_12_1,50,monthly,rev5,10.0,0.03,True,,False,True,2,0,2134.0,0.8459757923554632,0.0750734137432818,0.10972247779472324,0.7147158128026173,0.4606513291770036,0.6493776232692927,-0.15139986574785003,405.0,0.49586182505811033,0.9240856741755055,11.130598954548825,0.13634407412879257,13.0,29.0,6.0,2.0,2.0,1.0,1.0,1.0,0.0,0.0,0.0021473150660989717,0.5033414056751241,0.5011940906090252,1.004535496284149,0.0021473150660989717,0.18041487988706323,2134.0,-0.0765334727535709,-0.06206247988421725,-0.0018005330994241642,0.07869938945836372,0.05077019265077165,0.2213458648022572,-0.34576418593563196,1.0,0.0,24,0.23529411764705882,0.051419386668207806,0.4165577333241024,0.1962319340012761,-0.03798552325825405,3.5590737865543094
G23,G23__mom_12_1__top50__monthly__long_short__rev5,long_short,mom_12_1,50,monthly,rev5,20.0,0.0,True,,False,True,2,0,2134.0,0.9036932838491565,0.07898914401885948,0.10992978394881268,0.7466572996675345,0.4930729413114367,0.6956301155216784,-0.14952561436777856,402.0,0.5282649688673069,0.9234699747992409,11.123182864217284,0.2774953196977648,13.0,29.0,6.0,2.0,2.0,1.0,1.0,1.0,0.0,0.0,0.002146361870834041,0.5030029155077125,0.5008565536368784,1.0038594691445908,0.002146361870834041,0.0,2134.0,-0.07287398701708772,-0.05864623844696543,-0.0017785374090744132,0.0823554668776655,0.054427378608384896,0.2214450434391882,-0.32908384800719154,1.0,0.0,24,0.23529411764705882,0.04782980147799168,0.3995369205001172,0.18632381881290994,-0.03770588413693553,3.557541933575119
G23,G23__mom_12_1__top50__monthly__long_short__rev5,long_short,mom_12_1,50,monthly,rev5,20.0,0.01,True,,False,True,2,0,2134.0,0.8251520090800295,0.07363412424186655,0.10995279217550392,0.7012620579140005,0.4477372031962384,0.6303818137916563,-0.15060949423978887,405.0,0.4889075858964904,0.923676189905963,11.125666722278758,0.27110558680036195,13.0,29.0,6.0,2.0,2.0,1.0,1.0,1.0,0.0,0.0,0.0021466828124294887,0.5031167872150998,0.5009701044026703,1.0040868916177699,0.0021466828124294887,0.060341226968073314,2134.0,-0.07784814133895938,-0.06331817424743856,-0.0017957459317797836,0.0773839790828576,0.04945541128391754,0.22145932739245647,-0.351523425342125,1.0,0.0,24,0.23529411764705882,0.04762606515555915,0.388114375640248,0.19235860219863282,-0.03771418884601567,3.5580617255993356
G23,G23__mom_12_1__top50__monthly__long_short__rev5,long_short,mom_12_1,50,monthly,rev5,20.0,0.03,True,,False,True,2,0,2134.0,0.6796348234032676,0.06315159613447063,0.10999818563822997,0.6117992482996405,0.35839169380198876,0.502564368818489,-0.15274293368153402,470.0,0.4134501977429637,0.9240856741755055,11.130598954548825,0.2590521781034247,13.0,29.0,6.0,2.0,2.0,1.0,1.0,1.0,0.0,0.0,0.0021473150660989717,0.5033414056751241,0.5011940906090252,1.004535496284149,0.0021473150660989717,0.17134909503608187,2134.0,-0.08765705536555027,-0.07246355566223973,-0.0018296428443360273,0.06758031751379932,0.03965080516214407,0.2214875038347313,-0.3957652411440687,1.0,0.0,24,0.23529411764705882,0.047226683064686636,0.3656022507840079,0.20897659273058,-0.03773056747378592,3.5590737865543076
G23,G23__mom_12_1__top50__weekly__long_only__rev20,long_only,mom_12_1,50,weekly,rev20,0.0,0.0,True,,False,True,2,0,2134.0,3.1302281293150322,0.18233134254180294,0.2876840818712169,0.7269630050157693,0.6300091250829164,0.8964935959055542,-0.5748527801571037,210.0,0.31717919584901877,0.5233899823380367,27.44192049851839,0.0,6.0,9.0,3.0,4.0,0.0,1.0,1.0,1.0,0.0,0.0,0.9998514638292821,0.9998514638292821,0.0,0.9998514638292821,0.9998514638292821,0.0,2134.0,0.05418182199895873,0.03151367451044804,1.228633471058192,0.018754182526650395,0.02509475215979897,0.17059340115695595,0.3176079592264432,1.0,1.0,142,0.31981981981981983,0.03032275965783754,0.02961321080029755,-0.2335049198933986,0.05181458133086381,18.680074684008563
G23,G23__mom_12_1__top50__weekly__long_only__rev20,long_only,mom_12_1,50,weekly,rev20,5.0,0.0,True,,False,True,2,0,2134.0,2.6770350760076145,0.16621482017405742,0.28771299800791755,0.6792052707924343,0.5822685237286853,0.8266552388044047,-0.5756473471177544,217.0,0.2887441781957114,0.5233899823380367,27.44192049851839,0.22055315903985395,6.0,9.0,3.0,4.0,0.0,1.0,1.0,1.0,0.0,0.0,0.9998514638292821,0.9998514638292821,0.0,0.9998514638292821,0.9998514638292821,0.0,2134.0,0.04046232206912703,0.017452968674684374,1.2285537748368838,0.005047031834149323,0.0113859908437491,0.17065935657444836,0.23709407372267793,1.0,1.0,142,0.31981981981981983,0.01924273557278003,0.0004679157631365394,-0.23403355315480445,0.05183446419659135,18.680074684008563
G23,G23__mom_12_1__top50__weekly__long_only__rev20,long_only,mom_12_1,50,weekly,rev20,10.0,0.0,True,,True,True,2,0,2134.0,2.273350668118419,0.15030892242702176,0.28776666845648624,0.6314028159245073,0.5344913401577797,0.757091295836678,-0.5764409952773977,254.0,0.26075335317657167,0.5233899823380367,27.44192049851839,0.4108999159466437,6.0,9.0,3.0,4.0,0.0,1.0,1.0,1.0,0.0,0.0,0.9998514638292821,0.9998514638292821,0.0,0.9998514638292821,0.9998514638292821,0.0,2134.0,0.026742822139295845,0.0035760202752951943,1.2284740786155754,-0.008660118858351312,-0.002322770472300358,0.17076700924280916,0.15660414888024962,1.0,1.0,142,0.31981981981981983,0.00835266423093195,-0.02870421497749409,-0.2345613140544946,0.05187442173625745,18.680074684008563
G23,G23__mom_12_1__top50__weekly__long_only__rev20,long_only,mom_12_1,50,weekly,rev20,20.0,0.0,True,,False,True,2,0,2134.0,1.5935520995377703,0.11911848781469692,0.2879482105377544,0.5357132959600409,0.438876695081092,0.6188325291399556,-0.5780255372560177,329.0,0.206078244189992,0.5233899823380367,27.44192049851839,0.7152658206677204,6.0,9.0,3.0,4.0,0.0,1.0,1.0,1.0,0.0,0.0,0.9998514638292821,0.9998514638292821,0.0,0.9998514638292821,0.9998514638292821,0.0,2134.0,-0.0006961777203675139,-0.02363577616356901,1.2283146861729581,-0.03607442024335335,-0.02974029310440015,0.17110706104091267,-0.004068667395327735,1.0,1.0,142,0.31981981981981983,-0.012867815524854692,-0.08708395879675418,-0.235614220811666,0.052014502628258685,18.680074684008563
G23,G23__mom_12_1__top50__weekly__long_only__rev5,long_only,mom_12_1,50,weekly,rev5,0.0,0.0,True,,False,True,3,0,2134.0,3.1173816480045593,0.18189648011967074,0.2789880377362105,0.7399514289084562,0.6399729345492255,0.9015629194017766,-0.5760228873805102,298.0,0.3157799526800977,0.7374435514713693,38.6649878570893,0.0,7.0,11.0,4.0,5.0,0.0,1.0,1.0,1.0,0.0,0.0,0.9998131736496506,0.9998131736496506,0.0,0.9998131736496506,0.9998131736496506,0.0,2134.0,0.05148373451793158,0.03113428294835358,1.210794142215454,0.018820367956948726,0.024664228034619172,0.15964985276650823,0.32247906043000113,1.0,1.0,142,0.31981981981981983,0.02988789723570534,0.0395770202666067,-0.2346750271168051,0.0431185371958574,29.903142042579475
G23,G23__mom_12_1__top50__weekly__long_only__rev5,long_only,mom_12_1,50,weekly,rev5,5.0,0.0,True,,False,True,3,0,2134.0,2.4953742048354193,0.15925808718637335,0.2789063267486759,0.6707315485046269,0.5707348027743842,0.8012430071486878,-0.5769337257817406,359.0,0.2760422559291016,0.7374435514713693,38.6649878570893,0.29912406701356836,7.0,11.0,4.0,5.0,0.0,1.0,1.0,1.0,0.0,0.0,0.9998131736496506,0.9998131736496506,0.0,0.9998131736496506,0.9998131736496506,0.0,2134.0,0.03211740977453314,0.011383633498905584,1.2103574541856903,-0.00047829028946339176,0.005354218343121726,0.1596077979462977,0.20122707153280506,1.0,1.0,142,0.31981981981981983,0.012286002585095962,-0.011065805191164624,-0.23531993181879063,0.04302779293734968,29.903142042579475
G23,G23__mom_12_1__top50__weekly__long_only__rev5,long_only,mom_12_1,50,weekly,rev5,10.0,0.0,True,,True,True,3,0,2134.0,1.9669492209348758,0.13703596726426248,0.27887422397617123,0.6013641034777325,0.5013664977066522,0.7014383804801915,-0.5778433042876353,485.0,0.23715074008376769,0.7374435514713693,38.6649878570893,0.5414383603731637,7.0,11.0,4.0,5.0,0.0,1.0,1.0,1.0,0.0,0.0,0.9998131736496506,0.9998131736496506,0.0,0.9998131736496506,0.9998131736496506,0.0,2134.0,0.012751085031134863,-0.00800384254227677,1.209920766155928,-0.019776948535875482,-0.013955791348375586,0.1596524432619158,0.07986777258532919,1.0,1.0,142,0.31981981981981983,-0.004920290931827331,-0.06182905742862155,-0.23596362306473223,0.04298197725594244,29.903142042579475
G23,G23__mom_12_1__top50__weekly__long_only__rev5,long_only,mom_12_1,50,weekly,rev5,20.0,0.0,True,,False,True,3,0,2134.0,1.1368510634396927,0.09381132133976644,0.27895888511761135,0.4623344337761659,0.36238725856586185,0.503538171598059,-0.5856421647703066,593.0,0.16018539473939683,0.7374435514713693,38.6649878570893,0.8923432657555312,7.0,11.0,4.0,5.0,0.0,1.0,1.0,1.0,0.0,0.0,0.9998131736496506,0.9998131736496506,0.0,0.9998131736496506,0.9998131736496506,0.0,2134.0,-0.025981564455662336,-0.04571477157096755,1.2090473900964012,-0.058374265028700044,-0.05257581073137074,0.1600014030562521,-0.16238335389176514,1.0,1.0,142,0.31981981981981983,-0.03817498199978517,-0.16357339531198434,-0.24323084832595493,0.04302517720811566,29.903142042579475
G23,G23__mom_12_1__top50__weekly__long_short__rev20,long_short,mom_12_1,50,weekly,rev20,0.0,0.0,True,,False,True,9,0,2134.0,0.9818435174534113,0.08412748679036541,0.13141849193898075,0.6803260187917557,0.46820692504168104,0.6721972779672372,-0.20145849678934058,833.0,0.4175921499023947,0.4142284988530053,21.71846217416357,0.0,10.0,29.0,5.0,12.0,4.0,1.0,1.0,1.0,0.0,0.0,0.0005723998847513298,0.5003345230020789,0.49976212311732754,1.0000966461194065,0.0005723998847513298,0.0,2134.0,-0.06554644323688047,-0.05416334042809354,0.05582498000695528,0.08075712313183979,0.05443338204237877,0.22356648637933854,-0.293185460389908,1.0,0.0,109,0.24549549549549549,0.05283225208503661,0.3731631739672041,0.22176305991917933,-0.01778157171657374,12.585165209396425
G23,G23__mom_12_1__top50__weekly__long_short__rev20,long_short,mom_12_1,50,weekly,rev20,0.0,0.01,True,,False,True,9,0,2134.0,0.900160957448839,0.07875252880889372,0.13142604061061594,0.6424666100160813,0.4303643744740886,0.6168614515507644,-0.203975367041214,891.0,0.3860884279864121,0.4142529068270665,21.719741911465235,0.0,10.0,29.0,5.0,12.0,4.0,1.0,1.0,1.0,0.0,0.0,0.0005724472682355348,0.500364613971248,0.49979216670301263,1.0001567806742606,0.0005724472682355348,0.06617858785853578,2134.0,-0.07051701987440541,-0.05885267112441902,0.055810883494646635,0.07578873080334703,0.0494645981323456,0.22357324547685142,-0.3154090272474337,1.0,0.0,109,0.24549549549549549,0.052579804259728816,0.3687008793360067,0.22313497655391812,-0.01778444934206186,12.585646949340381
G23,G23__mom_12_1__top50__weekly__long_short__rev20,long_short,mom_12_1,50,weekly,rev20,0.0,0.03,True,,False,True,9,0,2134.0,0.7488868990453372,0.06823614855072213,0.13144092228681814,0.5678589347153211,0.35578991792914016,0.5083353384198738,-0.2093139452855839,998.0,0.3259990559043835,0.41430142028723155,21.72228552628761,0.0,10.0,29.0,5.0,12.0,4.0,1.0,1.0,1.0,0.0,0.0,0.0005725407023829151,0.5004239295940666,0.49985138889168357,1.00027531848575,0.0005725407023829151,0.18785544440469826,2134.0,-0.08031396054555182,-0.0680275865244732,0.05578310103174589,0.06599609513214111,0.039671190700074695,0.22358656942296892,-0.3592074459249752,1.0,0.0,109,0.24549549549549549,0.05208576844324013,0.359904997756146,0.2253848975045809,-0.017790121282418553,12.586595736042634
G23,G23__mom_12_1__top50__weekly__long_short__rev20,long_short,mom_12_1,50,weekly,rev20,5.0,0.0,True,,False,True,9,0,2134.0,0.8076825210816947,0.07241546092458928,0.1314413646670556,0.5975735754317685,0.38550491735279346,0.5511973433112501,-0.20676342334541942,896.0,0.35023342017128367,0.4142284988530053,21.71846217416357,0.1446978322138965,10.0,29.0,5.0,12.0,4.0,1.0,1.0,1.0,0.0,0.0,0.0005723998847513298,0.5003345230020789,0.49976212311732754,1.0000966461194065,0.0005723998847513298,0.0,2134.0,-0.07640797640962033,-0.06438138540590506,0.05603072941181071,0.06986370829407897,0.04354621765866945,0.2235460440102305,-0.3417997251882639,1.0,0.0,109,0.24549549549549549,0.04581964183547038,0.32105433384339865,0.22019891895225746,-0.017803288361424585,12.585165209396424
G23,G23__mom_12_1__top50__weekly__long_short__rev20,long_short,mom_12_1,50,weekly,rev20,5.0,0.01,True,,False,True,9,0,2134.0,0.7331686883010191,0.06709788648076076,0.1314489153884732,0.5597222613933378,0.3476701280301834,0.49629270119180435,-0.20934578684982585,996.0,0.3205122371480703,0.4142529068270665,21.719741911465235,0.14138371846062875,10.0,29.0,5.0,12.0,4.0,1.0,1.0,1.0,0.0,0.0,0.0005724472682355348,0.500364613971248,0.49979216670301263,1.0001567806742606,0.0005724472682355348,0.06294647920835017,2134.0,-0.08137897847440592,-0.069020652383506,0.056016605766188665,0.06489489474273724,0.03857701179414477,0.2235528101726748,-0.3640257459145687,1.0,0.0,109,0.24549549549549549,0.045601642895953864,0.316589754687225,0.22148076961543672,-0.017806175338796693,12.585646949340381
G23,G23__mom_12_1__top50__weekly__long_short__rev20,long_short,mom_12_1,50,weekly,rev20,5.0,0.03,True,,False,True,9,0,2134.0,0.5951718939828492,0.056693778735169786,0.13146380064853797,0.485130462204636,0.2731108898058443,0.3886124202285961,-0.22145991093261208,1042.0,0.2560001875572916,0.41430142028723155,21.72228552628761,0.13513763781718935,10.0,29.0,5.0,12.0,4.0,1.0,1.0,1.0,0.0,0.0,0.0005725407023829151,0.5004239295940666,0.49985138889168357,1.00027531848575,0.0005725407023829151,0.17877513352508806,2134.0,-0.09117676828154031,-0.07809761670349553,0.05598876965350244,0.05510141824878483,0.028782762091980604,0.22356614780312914,-0.4078290437863159,1.0,0.0,109,0.24549549549549549,0.045175012443927486,0.3077893574910642,0.21772168091492594,-0.017811865957503226,12.586595736042634
G23,G23__mom_12_1__top50__weekly__long_short__rev20,long_short,mom_12_1,50,weekly,rev20,10.0,0.0,True,,False,True,9,0,2134.0,0.6487502417118254,0.060824168787568134,0.13150218625784607,0.5147013520997257,0.3027428799023822,0.431098416599672,-0.21252306870962767,996.0,0.28620031301483223,0.4142284988530053,21.71846217416357,0.2752995778327899,10.0,29.0,5.0,12.0,4.0,1.0,1.0,1.0,0.0,0.0,0.0005723998847513298,0.5003345230020789,0.49976212311732754,1.0000966461194065,0.0005723998847513298,0.0,2134.0,-0.08726950958236032,-0.0744940973965031,0.056236478816666144,0.058970293456318,0.032659053274960013,0.22354792344434393,-0.39038389727689665,1.0,0.0,109,0.24549549549549549,0.03890752592076123,0.2688688147724986,0.21815682043233964,-0.017794155016168434,12.585165209396424
G23,G23__mom_12_1__top50__weekly__long_short__rev20,long_short,mom_12_1,50,weekly,rev20,10.0,0.01,True,,True,True,9,0,2134.0,0.5807791223142804,0.055563393461845356,0.13150973929286155,0.4768690586427239,0.2649267680504528,0.37663673522871977,-0.2169486213432108,1027.0,0.2561131438302369,0.4142529068270665,21.719741911465235,0.26907974520356304,10.0,29.0,5.0,12.0,4.0,1.0,1.0,1.0,0.0,0.0,0.0005724472682355348,0.500364613971248,0.49979216670301263,1.0001567806742606,0.0005724472682355348,0.05990478061862242,2134.0,-0.09224093707440674,-0.07908381052661816,0.056222328037730765,0.05400105868212715,0.02768942545594365,0.22355469743442036,-0.4126101492520217,1.0,0.0,109,0.24549549549549549,0.038723488408706055,0.26441128273131137,0.2175710577569696,-0.017797051149395254,12.585646949340383
G23,G23__mom_12_1__top50__weekly__long_short__rev20,long_short,mom_12_1,50,weekly,rev20,10.0,0.03,True,,False,True,9,0,2134.0,0.4549000623098931,0.04527041481824212,0.13152462867504677,0.4023146628039433,0.1904042564663916,0.2698253058918622,-0.23366311286935637,1055.0,0.1937422396814225,0.41430142028723155,21.72228552628761,0.2573532655943189,10.0,29.0,5.0,12.0,4.0,1.0,1.0,1.0,0.0,0.0,0.0005725407023829151,0.5004239295940666,0.49985138889168357,1.00027531848575,0.0005725407023829151,0.1702273507336099,2134.0,-0.10203957601752837,-0.08806382132417986,0.05619443827525908,0.04420674136542899,0.017894333483886967,0.2235680502632929,-0.4564139459880686,1.0,0.0,109,0.24549549549549549,0.03836330956959842,0.2556247562866754,0.2128124106219229,-0.01780276005159273,12.586595736042634
G23,G23__mom_12_1__top50__weekly__long_short__rev20,long_short,mom_12_1,50,weekly,rev20,20.0,0.0,True,,False,True,9,0,2134.0,0.3713867369403816,0.03799905218383559,0.1317374329862404,0.34888554971542274,0.13732543136197167,0.19395403671609623,-0.2413006114918812,1155.0,0.1574759879343037,0.4142284988530053,21.71846217416357,0.4992155820350072,10.0,29.0,5.0,12.0,4.0,1.0,1.0,1.0,0.0,0.0,0.0005723998847513298,0.5003345230020789,0.49976212311732754,1.0000966461194065,0.0005723998847513298,0.0,2134.0,-0.10899257592784051,-0.09440765212679579,0.056647977626376946,0.03718346378079585,0.0108847245075409,0.22361863878641064,-0.4874038073004496,1.0,0.0,109,0.24549549549549549,0.025380372379614692,0.16453709222289747,0.1967452074280468,-0.017683550916873597,12.585165209396424
G23,G23__mom_12_1__top50__weekly__long_short__rev20,long_short,mom_12_1,50,weekly,rev20,20.0,0.01,True,,False,True,9,0,2134.0,0.3148358744907296,0.03285014446674683,0.13174499144392732,0.31112384561792783,0.09957919746600975,0.14041488210977024,-0.25106770636773257,1508.0,0.1308417754796073,0.4142529068270665,21.719741911465235,0.48824767057974716,10.0,29.0,5.0,12.0,4.0,1.0,1.0,1.0,0.0,0.0,0.0005724472682355348,0.500364613971248,0.49979216670301263,1.0001567806742606,0.0005724472682355348,0.05434585753550057,2134.0,-0.113964854274408,-0.09889976743142002,0.056633772580814805,0.03221338656090738,0.005914252779541758,0.2236254307102144,-0.5096238558936066,1.0,0.0,109,0.24549549549549549,0.025262816433810932,0.16012144519550114,0.19413407363674373,-0.017686464764990695,12.585646949340383
G23,G23__mom_12_1__top50__weekly__long_short__rev20,long_short,mom_12_1,50,weekly,rev20,20.0,0.03,True,,False,True,9,0,2134.0,0.210108011843549,0.022776038071452787,0.13175989069444996,0.2367083867439189,0.025194219915624434,0.03541270958299921,-0.269994877637599,1508.0,0.08435729696332964,0.41430142028723155,21.72228552628761,0.4675549225208915,10.0,29.0,5.0,12.0,4.0,1.0,1.0,1.0,0.0,0.0,0.0005725407023829151,0.5004239295940666,0.49985138889168357,1.00027531848575,0.0005725407023829151,0.15459903476142223,2134.0,-0.12376519148950534,-0.10768882522877098,0.056605775518772244,0.022417387598716497,-0.003882523732301128,0.22363881845943773,-0.5534155132014934,1.0,0.0,109,0.24549549549549549,0.025032720820987488,0.15141741751528912,0.1907905511920454,-0.01769220903107513,12.586595736042634
G23,G23__mom_12_1__top50__weekly__long_short__rev5,long_short,mom_12_1,50,weekly,rev5,0.0,0.0,True,,False,True,12,0,2134.0,1.1418552890882494,0.09411349953199366,0.12804388736763436,0.7664583842381859,0.5486912400432901,0.7995938760785893,-0.22462288156963583,904.0,0.4189844724381622,0.5694048250202122,29.85453001961645,0.0,13.0,34.0,7.0,15.0,5.0,1.0,1.0,1.0,0.0,0.0,0.0006499778851405513,0.5003585539080398,0.49970857602289936,1.0000671299309394,0.0006499778851405513,0.0,2134.0,-0.05681355162997036,-0.045451139096543684,0.04220381289002072,0.0916006671973656,0.06489251036414612,0.22385155395906506,-0.253800121666163,1.0,0.0,109,0.24549549549549549,0.06281826482666486,0.45364748896881313,0.19859867513888407,-0.02115617628792013,20.721233054849307
G23,G23__mom_12_1__top50__weekly__long_short__rev5,long_short,mom_12_1,50,weekly,rev5,0.0,0.01,True,,False,True,12,0,2134.0,1.0535990100911103,0.08869036176141831,0.1280514729583058,0.7276038433392081,0.5098578779963925,0.7416994893824177,-0.22727257520563038,1004.0,0.39023785285652507,0.5694366697503175,29.856199674331545,0.0,13.0,34.0,7.0,15.0,5.0,1.0,1.0,1.0,0.0,0.0,0.0006500319398036745,0.5003889573095239,0.4997389253697202,1.0001278826792441,0.0006500319398036745,0.06724135388099076,2134.0,-0.06178311878363371,-0.05018250378918498,0.04218785964162464,0.08663357206116311,0.05992497088356751,0.2238585171872914,-0.27599181643798176,1.0,0.0,109,0.24549549549549549,0.06251763721225341,0.4481943828583106,0.19983776838950174,-0.021159016994372004,20.722104712206693
G23,G23__mom_12_1__top50__weekly__long_short__rev5,long_short,mom_12_1,50,weekly,rev5,0.0,0.03,True,,False,True,12,0,2134.0,0.8901478115451447,0.0780796769820693,0.12806642772192722,0.651035377709937,0.43333114725813643,0.6281975673776622,-0.2324687632016892,1049.0,0.33587169263823896,0.5694997813269753,29.85950868468257,0.0,13.0,34.0,7.0,15.0,5.0,1.0,1.0,1.0,0.0,0.0,0.0006501385270951128,0.5004488890391888,0.4997987505120936,1.0002476395512823,0.0006501385270951128,0.1908032640401669,2134.0,-0.07157808750943644,-0.05943969426701503,0.042156415695426205,0.07684347569628089,0.05013399871024523,0.22387224388296847,-0.3197273867807151,1.0,0.0,109,0.24549549549549549,0.0619292968745873,0.43744622708514225,0.2022300795884756,-0.02116461584730947,20.723818894437592
G23,G23__mom_12_1__top50__weekly__long_short__rev5,long_short,mom_12_1,50,weekly,rev5,5.0,0.0,True,,False,True,12,0,2134.0,0.887433642928662,0.07789675192689405,0.12792145764064852,0.6503059176303241,0.43236295156622107,0.6262267110191306,-0.2327196612535546,1004.0,0.3347235532541591,0.5694048250202122,29.85453001961645,0.1966599200890621,13.0,34.0,7.0,15.0,5.0,1.0,1.0,1.0,0.0,0.0,0.0006499778851405513,0.5003585539080398,0.49970857602289936,1.0000671299309394,0.0006499778851405513,0.0,2134.0,-0.0717657817577331,-0.05959928548229742,0.042190427224239394,0.07665051123021988,0.04994301196049121,0.22378374879882493,-0.3206925531587571,1.0,0.0,109,0.24549549549549549,0.05130093283777515,0.36791236805682626,0.1942426810441223,-0.021323195387831673,20.721233054849307
G23,G23__mom_12_1__top50__weekly__long_short__rev5,long_short,mom_12_1,50,weekly,rev5,5.0,0.01,True,,False,True,12,0,2134.0,0.8096481403074933,0.07255309890149397,0.1279290492533501,0.6114168188344445,0.393494376407453,0.5689316750212674,-0.23534232401968058,1035.0,0.30828750928552356,0.5694366697503175,29.856199674331545,0.1921530467740049,13.0,34.0,7.0,15.0,5.0,1.0,1.0,1.0,0.0,0.0,0.0006500319398036745,0.5003889573095239,0.4997389253697202,1.0001278826792441,0.0006500319398036745,0.062720763344039,2134.0,-0.07673589032234537,-0.06426130446903036,0.04217444956936319,0.07168287846494681,0.04497493420823503,0.22379071744522977,-0.342891301294146,1.0,0.0,109,0.24549549549549549,0.05105685531668708,0.3624140030644946,0.195484232445582,-0.021326041473919782,20.722104712206693
G23,G23__mom_12_1__top50__weekly__long_short__rev5,long_short,mom_12_1,50,weekly,rev5,5.0,0.03,True,,False,True,12,0,2134.0,0.6655902635772397,0.062097934036446034,0.12794401527827773,0.5347802106073833,0.31689821116506234,0.4566052975603556,-0.2408166333844901,1063.0,0.25786397377833903,0.5694997813269753,29.85950868468257,0.18366263769210017,13.0,34.0,7.0,15.0,5.0,1.0,1.0,1.0,0.0,0.0,0.0006501385270951128,0.5004488890391888,0.4997987505120936,1.0002476395512823,0.0006501385270951128,0.17809904553232117,2134.0,-0.08653193521687205,-0.07338281308468898,0.04214295744736094,0.061891713396367544,0.03518289206219062,0.2238044544830283,-0.38664080845376564,1.0,0.0,109,0.24549549549549549,0.05057916774520373,0.3515766788502822,0.1983649584630479,-0.021331651327763462,20.723818894437592
G23,G23__mom_12_1__top50__weekly__long_short__rev5,long_short,mom_12_1,50,weekly,rev5,10.0,0.0,True,,False,True,12,0,2134.0,0.6630788072611058,0.06190869223129414,0.12787824285243782,0.5336001593843207,0.3156120708846724,0.4543595504996682,-0.24073762954240752,1045.0,0.257162506538632,0.5694048250202122,29.85453001961645,0.367108522522649,13.0,34.0,7.0,15.0,5.0,1.0,1.0,1.0,0.0,0.0,0.0006499778851405513,0.5003585539080398,0.49970857602289936,1.0000671299309394,0.0006499778851405513,0.0,2134.0,-0.086718011885496,-0.07354791528808886,0.04217704155845815,0.06170035526307399,0.034993513556836144,0.2237612515169885,-0.3875470453333255,1.0,0.0,109,0.24549549549549549,0.039992049364487234,0.2817380057547888,0.1899422595995598,-0.021418098421576687,20.721233054849307
G23,G23__mom_12_1__top50__weekly__long_short__rev5,long_short,mom_12_1,50,weekly,rev5,10.0,0.01,True,,True,True,12,0,2134.0,0.5945281906062425,0.05664341581942378,0.1278858407020777,0.49470058956463114,0.2767323374649166,0.3976904807660681,-0.2433335180913866,1062.0,0.23278098415587253,0.5694366697503175,29.856199674331545,0.35885158770639836,13.0,34.0,7.0,15.0,5.0,1.0,1.0,1.0,0.0,0.0,0.0006500319398036745,0.5003889573095239,0.4997389253697202,1.0001278826792441,0.0006500319398036745,0.05856214779440877,2134.0,-0.09168866186105731,-0.07814155534777449,0.04216103949710179,0.05673218486873023,0.030024897532902217,0.2237682269785978,-0.40974835033137585,1.0,0.0,109,0.24549549549549549,0.03980351076628448,0.2762168521457752,0.19118616100879382,-0.021420949740179107,20.722104712206693
G23,G23__mom_12_1__top50__weekly__long_short__rev5,long_short,mom_12_1,50,weekly,rev5,10.0,0.03,True,,False,True,12,0,2134.0,0.4675744336440322,0.04634160266348397,0.12790081841700973,0.4180432962884436,0.20011413218644386,0.286592020963468,-0.25548617494768877,1413.0,0.1813859504255856,0.5694997813269753,29.85950868468257,0.3432889507835446,13.0,34.0,7.0,15.0,5.0,1.0,1.0,1.0,0.0,0.0,0.0006501385270951128,0.5004488890391888,0.4997987505120936,1.0002476395512823,0.0006501385270951128,0.16640827701269334,2134.0,-0.10148578292430724,-0.08712927373114998,0.04212949919929563,0.04693995109645461,0.020231785414136425,0.22378197711575573,-0.45350293277555453,1.0,0.0,109,0.24549549549549549,0.03943449741484027,0.2653346320067277,0.1909893485435905,-0.021426570309629772,20.723818894437592
G23,G23__mom_12_1__top50__weekly__long_short__rev5,long_short,mom_12_1,50,weekly,rev5,20.0,0.0,True,,False,True,12,0,2134.0,0.2908433602845184,0.030606425960948647,0.12802963191208058,0.29939467871503445,0.08170869130551538,0.11618812560469784,-0.2599722991551565,1413.0,0.11772956603611887,0.5694048250202122,29.85453001961645,0.6418887085117245,13.0,34.0,7.0,15.0,5.0,1.0,1.0,1.0,0.0,0.0,0.0006499778851405513,0.5003585539080398,0.49970857602289936,1.0000671299309394,0.0006499778851405513,0.0,2134.0,-0.11662247214102217,-0.10085727818767531,0.042150270226895284,0.03180004332878183,0.0050945167495255825,0.22385220771909745,-0.5209797720081758,1.0,0.0,109,0.24549549549549549,0.017987746156727748,0.10892035216644118,0.17807351976477148,-0.021391351991033425,20.721233054849307
G23,G23__mom_12_1__top50__weekly__long_short__rev5,long_short,mom_12_1,50,weekly,rev5,20.0,0.01,True,,False,True,12,0,2134.0,0.23761838526543966,0.02549463686256037,0.12803724282375717,0.2605465173971442,0.04287891123383493,0.06086658122827496,-0.26814989519786847,1413.0,0.09507606498875495,0.5694366697503175,29.856199674331545,0.6279979073683526,13.0,34.0,7.0,15.0,5.0,1.0,1.0,1.0,0.0,0.0,0.0006500319398036745,0.5003889573095239,0.4997389253697202,1.0001278826792441,0.0006500319398036745,0.05121251854908352,2134.0,-0.12159420493848122,-0.10531700970833788,0.04213421935257893,0.02683079767629705,0.0001248241822366013,0.22385920098478138,-0.5431726924940985,1.0,0.0,109,0.24549549549549549,0.01790730882962447,0.10342115896332632,0.17705188480660783,-0.021394213385160843,20.722104712206693
G23,G23__mom_12_1__top50__weekly__long_short__rev5,long_short,mom_12_1,50,weekly,rev5,20.0,0.03,True,,False,True,12,0,2134.0,0.13904916329948125,0.015493136936734375,0.12805224509779922,0.1839904040430644,-0.03364098300593667,-0.047589347284895084,-0.28400471711350417,1413.0,0.054552392982058995,0.5694997813269753,29.85950868468257,0.6017901879458358,13.0,34.0,7.0,15.0,5.0,1.0,1.0,1.0,0.0,0.0,0.0006501385270951128,0.5004488890391888,0.4997987505120936,1.0002476395512823,0.0006501385270951128,0.14573674883763588,2134.0,-0.13139347833917805,-0.11404272268565396,0.042102582703165074,0.017036426496628305,-0.00967042788197239,0.22387298555886231,-0.5869108236135581,1.0,0.0,109,0.24549549549549549,0.017749819686269076,0.09258221459372802,0.17678071171614024,-0.021399854627725867,20.723818894437592
G23,G23__mom_255_0__top10__monthly__long_only__rev20,long_only,mom_255_0,10,monthly,rev20,0.0,0.0,True,,False,True,0,0,2134.0,1.2076335891379184,0.09802868117956165,0.37519274759363413,0.43834956182401497,0.3640507381635689,0.5109451244769897,-0.6164735416517594,466.0,0.15901522864534745,1.2598267378005028,15.174595346028177,0.0,0.0,0.0,0.0,0.0,0.0,1.0,1.0,1.0,0.0,0.0,1.0,1.0,0.0,1.0,1.0,0.0,2134.0,0.009511713853874101,-0.04203537630455309,1.4208272546906775,-0.05569709477024884,-0.043989129789189764,0.2701027845116503,0.03521516400162781,1.0,1.0,36,0.35294117647058826,-0.14664222614762185,-0.3696885975227783,-0.10667795595375773,0.03590011876758564,6.656850621305033
G23,G23__mom_255_0__top10__monthly__long_only__rev20,long_only,mom_255_0,10,monthly,rev20,5.0,0.0,True,,True,True,0,0,2134.0,1.0701992678002221,0.08972590139812509,0.37516428086657067,0.418123817688652,0.34382063665968143,0.48207996927182145,-0.6168570681101078,468.0,0.14545655069337585,1.2598267378005028,15.174595346028177,0.09364757006199227,0.0,0.0,0.0,0.0,0.0,1.0,1.0,1.0,0.0,0.0,1.0,1.0,0.0,1.0,1.0,0.0,2134.0,0.0019112587230045671,-0.0492790571348269,1.4206641019549386,-0.0632722687545132,-0.05156862911537496,0.2700854852319945,0.0070764955079420854,1.0,1.0,36,0.35294117647058826,-0.1496543293721712,-0.37737434311354334,-0.10197016949235971,0.03588827833299679,6.656850621305033
G23,G23__mom_255_0__top10__monthly__long_only__rev20,long_only,mom_255_0,10,monthly,rev20,10.0,0.0,True,,False,True,0,0,2134.0,0.941223092499291,0.08147947539522349,0.3751511005196857,0.39787879080910804,0.32357426282638874,0.4532519292968194,-0.6172405945684559,469.0,0.13200602182069684,1.2598267378005028,15.174595346028177,0.18066862405608608,0.0,0.0,0.0,0.0,0.0,1.0,1.0,1.0,0.0,0.0,1.0,1.0,0.0,1.0,1.0,0.0,2134.0,-0.005689196407864968,-0.05647357264986388,1.4205009492191984,-0.07084744273877731,-0.05914812844156,0.2700894208531432,-0.021064121615331163,1.0,1.0,36,0.35294117647058826,-0.1526304675574912,-0.38506504507205536,-0.09731291965871669,0.035886896739542096,6.656850621305033
G23,G23__mom_255_0__top10__monthly__long_only__rev20,long_only,mom_255_0,10,monthly,rev20,20.0,0.0,True,,False,True,0,0,2134.0,0.7066179716014713,0.06515432651285136,0.3751706035423353,0.35734077968241285,0.28304258989285747,0.3957176005042286,-0.6180076474851525,469.0,0.10542640819734626,1.2598267378005028,15.174595346028177,0.3365445862487133,0.0,0.0,0.0,0.0,0.0,1.0,1.0,1.0,0.0,0.0,1.0,1.0,0.0,1.0,1.0,0.0,2134.0,-0.02089010666960421,-0.07071629269345439,1.4201746437477198,-0.08599779070730598,-0.07430712709393052,0.27016098807848526,-0.07732466044851512,1.0,1.0,36,0.35294117647058826,-0.15847592468421995,-0.4004535629936491,-0.08814812020365681,0.03591551284327499,6.656850621305033
G23,G23__mom_255_0__top10__monthly__long_only__rev5,long_only,mom_255_0,10,monthly,rev5,0.0,0.0,True,,False,True,0,0,2134.0,2.2561086595183375,0.14959174462865477,0.36136838828789586,0.5676849210552537,0.49052861007035825,0.69492053611369,-0.6817855432171566,761.0,0.21941172868344036,1.25936181744223,15.16899538684868,0.0,0.0,0.0,0.0,1.0,0.0,1.0,1.0,1.0,0.0,0.0,0.9990380026756347,0.9990380026756347,0.0,0.9990380026756347,0.9990380026756347,0.0,2134.0,0.05018952232373475,0.0029503253626668746,1.3891782527034962,-0.010115151193351088,0.0007043385917692426,0.2551544844338012,0.19670248961176393,1.0,1.0,36,0.35294117647058826,-0.09507916269852873,-0.24321072561598894,-0.1719899575191549,0.022075759461847366,6.651250662125536
G23,G23__mom_255_0__top10__monthly__long_only__rev5,long_only,mom_255_0,10,monthly,rev5,5.0,0.0,True,,True,True,0,0,2134.0,2.0534747242463935,0.140902258949964,0.36137548095221717,0.5466808278955297,0.469527862777696,0.6645209470174672,-0.68694939637866,771.0,0.20511301078761834,1.25936181744223,15.16899538684868,0.08776562294740888,0.0,0.0,0.0,1.0,0.0,1.0,1.0,1.0,0.0,0.0,0.9990380026756347,0.9990380026756347,0.0,0.9990380026756347,0.9990380026756347,0.0,2134.0,0.04260318445475967,-0.004630733330037573,1.3890125860576956,-0.017675818375646572,-0.006860674604732233,0.2551884354420679,0.16694794331474053,1.0,1.0,36,0.35294117647058826,-0.0984779718203323,-0.2516671169955288,-0.17206249776091198,0.022099478418643292,6.651250662125536
G23,G23__mom_255_0__top10__monthly__long_only__rev5,long_only,mom_255_0,10,monthly,rev5,10.0,0.0,True,,False,True,0,0,2134.0,1.8633067731965025,0.1322717159595279,0.361398407697866,0.5256545275040235,0.4485082656632686,0.634154165651481,-0.6924599519059056,940.0,0.19101713477503976,1.25936181744223,15.16899538684868,0.16878198187158888,0.0,0.0,0.0,1.0,0.0,1.0,1.0,1.0,0.0,0.0,0.9990380026756347,0.9990380026756347,0.0,0.9990380026756347,0.9990380026756347,0.0,2134.0,0.03501684658578455,-0.01216036803797476,1.3888469194118953,-0.025236485557942084,-0.01442568780123379,0.25524480193240734,0.13718926426974817,1.0,1.0,36,0.35294117647058826,-0.10183822699318679,-0.26013104223517547,-0.17253227699616636,0.022134203917722417,6.651250662125536
G23,G23__mom_255_0__top10__monthly__long_only__rev5,long_only,mom_255_0,10,monthly,rev5,20.0,0.0,True,,False,True,0,0,2134.0,1.517382228605996,0.11518603863936927,0.3614917493015876,0.48354639860769355,0.4064236037210646,0.5735293936767625,-0.7032156106261284,1033.0,0.16379903531551304,1.25936181744223,15.16899538684868,0.3124135495694102,0.0,0.0,0.0,1.0,0.0,1.0,1.0,1.0,0.0,0.0,0.9990380026756347,0.9990380026756347,0.0,0.9990380026756347,0.9990380026756347,0.0,2134.0,0.019844170847834235,-0.02706660384504415,1.3885155861202947,-0.04035781992253325,-0.029555714194237234,0.255424716098807,0.077690879531634,1.0,1.0,36,0.35294117647058826,-0.10844421255770204,-0.27707254916544194,-0.1733560833446327,0.022236658602527326,6.651250662125536
G23,G23__mom_255_0__top10__monthly__long_short__rev20,long_short,mom_255_0,10,monthly,rev20,0.0,0.0,True,,False,True,0,0,2134.0,0.48354717384899026,0.04767999606345352,0.1958262834320984,0.33581107186037557,0.19348352364082222,0.2715277347127543,-0.36032224780746924,557.0,0.13232598418105546,1.1169175053832674,13.453255650595832,0.0,3.0,24.0,3.0,0.0,0.0,1.0,1.0,1.0,0.0,0.0,4.667154624654233e-06,0.5027792677282298,0.5027746005736052,1.005553868301835,4.667154624654233e-06,0.0,2134.0,-0.08919322851557701,-0.08596160520687937,0.04481833782037843,0.05881585957479658,0.03218326173483787,0.26808518868467146,-0.3327047978785891,1.0,0.0,25,0.24509803921568626,0.009265223180589921,0.029280947184264827,0.20915783089106155,-0.049623705716066085,4.18743005583622
G23,G23__mom_255_0__top10__monthly__long_short__rev20,long_short,mom_255_0,10,monthly,rev20,0.0,0.01,True,,False,True,0,0,2134.0,0.4220177952020019,0.04245247367357696,0.19586716524414718,0.3102410738612204,0.1679450445901202,0.23542018787384866,-0.3668812302946959,557.0,0.11571176219474946,1.1171690939629277,13.456286031500982,0.0,3.0,24.0,3.0,0.0,0.0,1.0,1.0,1.0,0.0,0.0,4.010417649468624e-06,0.5028890532359024,0.5028850428182531,1.0057740960541555,4.010417649468624e-06,0.047237362528085323,2134.0,-0.09418782297384634,-0.09052230713107534,0.044810255508858164,0.05382251750191648,0.027189695123139037,0.2681161627910092,-0.3512948342739924,1.0,0.0,25,0.24509803921568626,0.009251868525017866,0.02422813080116859,0.21114378515402465,-0.049643113671402006,4.187967152536478
G23,G23__mom_255_0__top10__monthly__long_short__rev20,long_short,mom_255_0,10,monthly,rev20,0.0,0.03,True,,False,True,0,0,2134.0,0.3080605246090131,0.03222021413349263,0.19594781499444713,0.259850321969132,0.11761642646335219,0.16450222722033553,-0.3796192008509508,1118.0,0.08487509077851728,1.117668030794824,13.462295718627063,0.0,3.0,24.0,3.0,0.0,0.0,1.0,1.0,1.0,0.0,0.0,2.71362811999319e-06,0.5031055976112617,0.5031028839831417,1.0062084815944037,2.71362811999319e-06,0.13409776102982707,2134.0,-0.10403675983788868,-0.09944934412735967,0.04479434170479003,0.043976046543284006,0.017342782059987724,0.26817727065889846,-0.3879402590020976,1.0,0.0,25,0.24509803921568626,0.00922536036611683,0.014266515767406382,0.21476315628428788,-0.04968143398230945,4.189025447821365
G23,G23__mom_255_0__top10__monthly__long_short__rev20,long_short,mom_255_0,10,monthly,rev20,5.0,0.0,True,,False,True,0,0,2134.0,0.40137417530961605,0.04065385178897296,0.1959138475098221,0.3013997845620026,0.1591385890554611,0.22293809508689333,-0.36885481702152656,557.0,0.11021640470158311,1.1169175053832674,13.453255650595832,0.06312763715661077,3.0,24.0,3.0,0.0,0.0,1.0,1.0,1.0,0.0,0.0,4.667154624654233e-06,0.5027792677282298,0.5027746005736052,1.005553868301835,4.667154624654233e-06,0.0,2134.0,-0.09590547122117024,-0.09209149759612331,0.04469506047401874,0.05212271917019942,0.025486936558529873,0.26816608563253286,-0.357634601687065,1.0,0.0,25,0.24509803921568626,0.007039829372822964,0.013828724205896314,0.2088619254547296,-0.04951053573462519,4.18743005583622
G23,G23__mom_255_0__top10__monthly__long_short__rev20,long_short,mom_255_0,10,monthly,rev20,5.0,0.01,True,,True,True,0,0,2134.0,0.3432356338543108,0.03545981718407076,0.19595474692450132,0.2758413483837363,0.13361160582854995,0.18696484842410627,-0.37532834927905834,1066.0,0.09447678879621807,1.1171690939629277,13.456286031500982,0.061661024206168806,3.0,24.0,3.0,0.0,0.0,1.0,1.0,1.0,0.0,0.0,4.010417649468624e-06,0.5028890532359024,0.5028850428182531,1.0057740960541555,4.010417649468624e-06,0.0457956194104492,2134.0,-0.10090144103949543,-0.09662298342252344,0.044686985060222006,0.04712800066843458,0.020491993749053437,0.26819707565774636,-0.3762212574169098,1.0,0.0,25,0.24509803921568626,0.007037139256464563,0.00878962964763405,0.21077236215458905,-0.049529902547134685,4.187967152536478
G23,G23__mom_255_0__top10__monthly__long_short__rev20,long_short,mom_255_0,10,monthly,rev20,5.0,0.03,True,,False,True,0,0,2134.0,0.2355603248659266,0.025293111572137095,0.19603543065658896,0.22547330103778424,0.083305561723534,0.11631037022156614,-0.38790036908640635,1146.0,0.06520517531784806,1.117668030794824,13.462295718627063,0.05889616824374302,3.0,24.0,3.0,0.0,0.0,1.0,1.0,1.0,0.0,0.0,2.71362811999319e-06,0.5031055976112617,0.5031028839831417,1.0062084815944037,2.71362811999319e-06,0.1300560418297083,2134.0,-0.11075310698283891,-0.10549282852100994,0.044671089159815665,0.037278797856259406,0.010642349407258937,0.2682582138002236,-0.41286007766128885,1.0,0.0,25,0.24509803921568626,0.007031511642365193,-0.0011449521193463985,0.2142494357738639,-0.04956814164440443,4.189025447821361
G23,G23__mom_255_0__top10__monthly__long_short__rev20,long_short,mom_255_0,10,monthly,rev20,10.0,0.0,True,,False,True,0,0,2134.0,0.3237000723355268,0.033669974454723306,0.19602426551714391,0.26698811286709256,0.12480965594451188,0.17453988908435927,-0.3772788884315489,1118.0,0.08924425799359875,1.1169175053832674,13.453255650595832,0.12237883761988953,3.0,24.0,3.0,0.0,0.0,1.0,1.0,1.0,0.0,0.0,4.667154624654233e-06,0.5027792677282298,0.5027746005736052,1.005553868301835,4.667154624654233e-06,0.0,2134.0,-0.10261771392676353,-0.09818451459751179,0.044571783127659005,0.045429578765602247,0.018790611382221843,0.26826368601995787,-0.38252554957859314,1.0,0.0,25,0.24509803921568626,0.004836484682340807,-0.0015996663740684147,0.20852054591200686,-0.04938202986370768,4.18743005583622
G23,G23__mom_255_0__top10__monthly__long_short__rev20,long_short,mom_255_0,10,monthly,rev20,10.0,0.01,True,,False,True,0,0,2134.0,0.26876766854515144,0.028509235690575174,0.19606518685450466,0.24144420693780846,0.09929713276942942,0.13870463452438736,-0.3836680309587498,1146.0,0.07430703991503622,1.1171690939629277,13.456286031500982,0.11956033726413427,3.0,24.0,3.0,0.0,0.0,1.0,1.0,1.0,0.0,0.0,4.010417649468624e-06,0.5028890532359024,0.5028850428182531,1.0057740960541555,4.010417649468624e-06,0.044409177863633964,2134.0,-0.10761505910514456,-0.10268695178601692,0.044563714611585786,0.04043348383495263,0.013794292374967784,0.2682946966779963,-0.4011076642126203,1.0,0.0,25,0.24509803921568626,0.0048443579580108725,-0.006622699486800887,0.21035736674669891,-0.04940135350603084,4.187967152536478
G23,G23__mom_255_0__top10__monthly__long_short__rev20,long_short,mom_255_0,10,monthly,rev20,10.0,0.03,True,,False,True,0,0,2134.0,0.16703204006118733,0.01840770825061444,0.19614591316568356,0.1911047134277611,0.049019503753426126,0.0683208618485642,-0.3960761595515728,1267.0,0.046475173541005776,1.117668030794824,13.462295718627063,0.11424591599066745,3.0,24.0,3.0,0.0,0.0,1.0,1.0,1.0,0.0,0.0,2.71362811999319e-06,0.5031055976112617,0.5031028839831417,1.0062084815944037,2.71362811999319e-06,0.12616859090935326,2134.0,-0.1174694541277892,-0.11149993281159028,0.0445478366148413,0.03058154916923475,0.003941916754530077,0.2683558744499292,-0.43773759142994684,1.0,0.0,25,0.24509803921568626,0.004859412849874541,-0.01652563777886098,0.2136957578687929,-0.04943950736332864,4.189025447821361
G23,G23__mom_255_0__top10__monthly__long_short__rev20,long_short,mom_255_0,10,monthly,rev20,20.0,0.0,True,,False,True,0,0,2134.0,0.1808878219097747,0.019828116856655198,0.19631350108661766,0.19821185552706885,0.05624767314227528,0.07838118522437479,-0.3938067746926691,1266.0,0.05034986224431834,1.1169175053832674,13.453255650595832,0.23014013231001518,3.0,24.0,3.0,0.0,0.0,1.0,1.0,1.0,0.0,0.0,4.667154624654233e-06,0.5027792677282298,0.5027746005736052,1.005553868301835,4.667154624654233e-06,0.0,2134.0,-0.11604219933794993,-0.11026071090500246,0.04432522843493959,0.03204329795640802,0.005397961029605951,0.2685089211377822,-0.4321726028551739,1.0,0.0,25,0.24509803921568626,0.0004953463982084981,-0.03234401461234802,0.20770732134263847,-0.04907917864626754,4.18743005583622
G23,G23__mom_255_0__top10__monthly__long_short__rev20,long_short,mom_255_0,10,monthly,rev20,20.0,0.01,True,,False,True,0,0,2134.0,0.1318528376223116,0.014733397841196094,0.1963544792005577,0.17270585094350516,0.03077289862909256,0.04283363105439711,-0.4000302693308787,1281.0,0.03683070750081064,1.1171690939629277,13.456286031500982,0.22493319980315346,3.0,24.0,3.0,0.0,0.0,1.0,1.0,1.0,0.0,0.0,4.010417649468624e-06,0.5028890532359024,0.5028850428182531,1.0057740960541555,4.010417649468624e-06,0.04179323081468776,2134.0,-0.12104229523644255,-0.11470554979503535,0.044317173714313235,0.027044450167989034,0.0003988896267968,0.26853998717438315,-0.45074216510571563,1.0,0.0,25,0.24509803921568626,0.000524045615078194,-0.037327972035367335,0.20940245349883913,-0.049098409903031104,4.187967152536478
G23,G23__mom_255_0__top10__monthly__long_short__rev20,long_short,mom_255_0,10,monthly,rev20,20.0,0.03,True,,False,True,0,0,2134.0,0.04104247192753907,0.00476110711107558,0.1964353164051187,0.12244088627144208,-0.01943050309764579,-0.026985692212495752,-0.4121166971425232,1497.0,0.011552812938877447,1.117668030794824,13.462295718627063,0.2151115412180775,3.0,24.0,3.0,0.0,0.0,1.0,1.0,1.0,0.0,0.0,2.71362811999319e-06,0.5031055976112617,0.5031028839831417,1.0062084815944037,2.71362811999319e-06,0.11883154798896868,2134.0,-0.1309021484176898,-0.12340577948885209,0.044301331524892636,0.017187051795185412,-0.009458948550927637,0.2686012722132822,-0.48734746242656385,1.0,0.0,25,0.24509803921568626,0.0005798764903157802,-0.04715392273849839,0.21247401542208633,-0.04913638127409822,4.189025447821363
G23,G23__mom_255_0__top10__monthly__long_short__rev5,long_short,mom_255_0,10,monthly,rev5,0.0,0.0,True,,False,True,0,0,2134.0,0.7802220586256117,0.07047867256647722,0.18288454447392147,0.4640831015695218,0.3116744523687701,0.43351878950457995,-0.3764086304713291,1113.0,0.18723978905113217,1.125557835142725,13.557328301081819,0.0,3.0,24.0,3.0,0.0,0.0,1.0,1.0,1.0,0.0,0.0,0.0018205837880185384,0.5039278900280607,0.5021073062400422,1.006035196268103,0.0018205837880185384,0.0,2134.0,-0.07008023602475705,-0.06607111788963473,0.02797246503212026,0.080539185123924,0.05343745829682142,0.2611687225458676,-0.26833318837576065,1.0,0.0,25,0.24509803921568626,0.03206389968361362,0.14747187591221272,0.19307144822720168,-0.06256544467424302,4.291502706322207
G23,G23__mom_255_0__top10__monthly__long_short__rev5,long_short,mom_255_0,10,monthly,rev5,0.0,0.01,True,,False,True,0,0,2134.0,0.7064827303223928,0.06514435854123524,0.18292263844025455,0.43670968457819986,0.2843348870257271,0.3950127186366828,-0.3827039781447996,1114.0,0.17022127352067207,1.1258122597954425,13.560392842447072,0.0,3.0,24.0,3.0,0.0,0.0,1.0,1.0,1.0,0.0,0.0,0.0018203947287011087,0.5040378145481527,0.5022174198194516,1.0062552343676043,0.0018203947287011087,0.046109280015538566,2134.0,-0.07506977491788801,-0.0707249891549777,0.02795989639247787,0.07555159379005393,0.048449516577671145,0.261197171303496,-0.28740653868207966,1.0,0.0,25,0.24509803921568626,0.03194375339267614,0.14061797323677552,0.19532103730392092,-0.06258764047529464,4.292073963482569
G23,G23__mom_255_0__top10__monthly__long_short__rev5,long_short,mom_255_0,10,monthly,rev5,0.0,0.03,True,,False,True,0,0,2134.0,0.5699006163477509,0.05470297424980464,0.1829977901666271,0.38276487698572215,0.23045681362111853,0.3193997770733279,-0.39493274851928817,1147.0,0.13851212505141997,1.1263160837541648,13.566461394947073,0.0,3.0,24.0,3.0,0.0,0.0,1.0,1.0,1.0,0.0,0.0,0.001820020494118877,0.5042546328921941,0.5024346123980753,1.0066892452902696,0.001820020494118877,0.13083156911902205,2134.0,-0.08490873601155566,-0.07983447504095367,0.027935133549697972,0.06571646979452529,0.038613702251049944,0.2612532975906482,-0.32500541349949663,1.0,0.0,25,0.24509803921568626,0.03170812048242884,0.12710690292517274,0.1994496086159505,-0.06263145881012949,4.293191124141375
G23,G23__mom_255_0__top10__monthly__long_short__rev5,long_short,mom_255_0,10,monthly,rev5,5.0,0.0,True,,False,True,0,0,2134.0,0.6808748459084693,0.06324425237579945,0.18294907504309288,0.42691161579673487,0.27456023125963436,0.3812386010498746,-0.38436444974997463,1118.0,0.16454240868774211,1.125557835142725,13.557328301081819,0.061745852838798146,3.0,24.0,3.0,0.0,0.0,1.0,1.0,1.0,0.0,0.0,0.0018205837880185384,0.5039278900280607,0.5021073062400422,1.006035196268103,0.0018205837880185384,0.0,2134.0,-0.07685077741817878,-0.07238271861045822,0.027880627782537172,0.07378287426706062,0.04667885580427327,0.26122686006283247,-0.2941917129030835,1.0,0.0,25,0.24509803921568626,0.02963022995964945,0.12925036641006957,0.19335229272628152,-0.06247530820135441,4.291502706322207
G23,G23__mom_255_0__top10__monthly__long_short__rev5,long_short,mom_255_0,10,monthly,rev5,5.0,0.01,True,,True,True,0,0,2134.0,0.6112296990094332,0.057944366088794386,0.18298719580188635,0.39954792719700644,0.24723032714690532,0.34287490007089577,-0.39058141140071767,1146.0,0.14835413155222144,1.1258122597954425,13.560392842447072,0.06029264436099349,3.0,24.0,3.0,0.0,0.0,1.0,1.0,1.0,0.0,0.0,0.0018203947287011087,0.5040378145481527,0.5022174198194516,1.0062552343676043,0.0018203947287011087,0.04467465203471588,2134.0,-0.08184170786710722,-0.07700655372477014,0.027868069798064356,0.06879388972633338,0.041689521218638004,0.2612553291630646,-0.3132633050176943,1.0,0.0,25,0.24509803921568626,0.029521688161188185,0.12240835096598943,0.19551930003292972,-0.06249745366974965,4.292073963482569
G23,G23__mom_255_0__top10__monthly__long_short__rev5,long_short,mom_255_0,10,monthly,rev5,5.0,0.03,True,,False,True,0,0,2134.0,0.48223325892404967,0.047570380976794224,0.1830623996117464,0.3456222417625509,0.19337124298924158,0.2675413781102222,-0.4026578963163945,1267.0,0.11814093654186054,1.1263160837541648,13.566461394947073,0.05755455062321339,3.0,24.0,3.0,0.0,0.0,1.0,1.0,1.0,0.0,0.0,0.001820020494118877,0.5042546328921941,0.5024346123980753,1.0066892452902696,0.001820020494118877,0.126812531021189,2134.0,-0.09168342571709995,-0.08605723784111183,0.027843330818352115,0.05895600527680516,0.031850947187806386,0.26131149464958464,-0.35085875514219633,1.0,0.0,25,0.24509803921568626,0.029308781047022323,0.10892072914636118,0.19949190854387577,-0.062541172689247,4.293191124141371
G23,G23__mom_255_0__top10__monthly__long_short__rev5,long_short,mom_255_0,10,monthly,rev5,10.0,0.0,True,,False,True,0,0,2134.0,0.587007435174566,0.05605366462266659,0.18303865585327003,0.3897130008369691,0.237439511196119,0.3291273436355489,-0.39222380957082714,1147.0,0.142912447574258,1.125557835142725,13.557328301081819,0.1196169991402487,3.0,24.0,3.0,0.0,0.0,1.0,1.0,1.0,0.0,0.0,0.0018205837880185384,0.5039278900280607,0.5021073062400422,1.006035196268103,0.0018205837880185384,0.0,2134.0,-0.08362131881160055,-0.07865607814026568,0.027788790532954015,0.0670265634101972,0.039920253311725086,0.26130254730119273,-0.320017235481496,1.0,0.0,25,0.24509803921568626,0.02722017485028409,0.11103018887753871,0.1935756247727286,-0.062367639527581564,4.291502706322207
G23,G23__mom_255_0__top10__monthly__long_short__rev5,long_short,mom_255_0,10,monthly,rev5,10.0,0.01,True,,False,True,0,0,2134.0,0.5212317980598318,0.050788007363088195,0.1830768082262623,0.36236278357566876,0.21012300594575611,0.2909108046427925,-0.3983633120730421,1263.0,0.12749167863574729,1.1258122597954425,13.560392842447072,0.11682668211886248,3.0,24.0,3.0,0.0,0.0,1.0,1.0,1.0,0.0,0.0,0.0018203947287011087,0.5040378145481527,0.5022174198194516,1.0062552343676043,0.0018203947287011087,0.043296182894174536,2134.0,-0.08861364081632636,-0.08325005046689235,0.027776243203650835,0.06203618566261291,0.03492952585960494,0.261331041869577,-0.33908578247107346,1.0,0.0,25,0.24509803921568626,0.027123129630523893,0.10420317368952581,0.1956620856324066,-0.06238973213427321,4.292073963482569
G23,G23__mom_255_0__top10__monthly__long_short__rev5,long_short,mom_255_0,10,monthly,rev5,10.0,0.03,True,,False,True,0,0,2134.0,0.39940463474456456,0.0404810323689655,0.18315207367688796,0.30846359583330624,0.1562902761326602,0.2158660872863462,-0.410289312424607,1295.0,0.09866460359335857,1.1263160837541648,13.566461394947073,0.111568274518159,3.0,24.0,3.0,0.0,0.0,1.0,1.0,1.0,0.0,0.0,0.001820020494118877,0.5042546328921941,0.5024346123980753,1.0066892452902696,0.001820020494118877,0.12295006695175167,2134.0,-0.09845811542264417,-0.09224227224663283,0.027751528087006243,0.05219554075908511,0.02508819212456289,0.26138725669933405,-0.37667526973550053,1.0,0.0,25,0.24509803921568626,0.026932736968225596,0.09074513460037309,0.19948260499575876,-0.06243334685212423,4.293191124141371
G23,G23__mom_255_0__top10__monthly__long_short__rev5,long_short,mom_255_0,10,monthly,rev5,20.0,0.0,True,,False,True,0,0,2134.0,0.41453325178573674,0.04180304301429327,0.18329281101217917,0.31529584131403604,0.16323962748582266,0.2254832510836812,-0.40765757668863856,1282.0,0.10254450157373544,1.125557835142725,13.557328301081819,0.22464189633206164,3.0,24.0,3.0,0.0,0.0,1.0,1.0,1.0,0.0,0.0,0.0018205837880185384,0.5039278900280607,0.5021073062400422,1.006035196268103,0.0018205837880185384,0.0,2134.0,-0.09716240159844403,-0.09108889670000146,0.02760511603378789,0.053513941696470446,0.02640304832662877,0.2615065064563028,-0.37154869649363653,1.0,0.0,25,0.24509803921568626,0.022470272555846573,0.07464793973119936,0.19385651934666903,-0.062099868720706025,4.291502706322207
G23,G23__mom_255_0__top10__monthly__long_short__rev5,long_short,mom_255_0,10,monthly,rev5,20.0,0.01,True,,False,True,0,0,2134.0,0.35587070328536474,0.03660525174044893,0.18333104102748896,0.2879837241019245,0.13596106176508624,0.1875769878524502,-0.413644900068994,1482.0,0.08849438669337721,1.1258122597954425,13.560392842447072,0.2194959729280628,3.0,24.0,3.0,0.0,0.0,1.0,1.0,1.0,0.0,0.0,0.0018203947287011087,0.5040378145481527,0.5022174198194516,1.0062552343676043,0.0018203947287011087,0.040698455349457166,2134.0,-0.10215750671476467,-0.09562365999629951,0.02759259001482381,0.048520777535171956,0.0214095351415388,0.2615350673043007,-0.39060730084009193,1.0,0.0,25,0.24509803921568626,0.02239589951433103,0.06786019110062634,0.19578782276072382,-0.062121848076099856,4.292073963482569
G23,G23__mom_255_0__top10__monthly__long_short__rev5,long_short,mom_255_0,10,monthly,rev5,20.0,0.03,True,,False,True,0,0,2134.0,0.2472220456819214,0.026431137753670786,0.1834064583311778,0.23415951766574306,0.08220299599823401,0.11314123846934514,-0.4252752534380876,1555.0,0.06215066016654243,1.1263160837541648,13.566461394947073,0.20979471394732768,3.0,24.0,3.0,0.0,0.0,1.0,1.0,1.0,0.0,0.0,0.001820020494118877,0.5042546328921941,0.5024346123980753,1.0066892452902696,0.001820020494118877,0.11566909916481316,2134.0,-0.11200749483373287,-0.10449996846058185,0.027567922624314508,0.03867461172364475,0.011562681998075636,0.2615914111869613,-0.4281772644044506,1.0,0.0,25,0.24509803921568626,0.022249907132910987,0.05447957635738141,0.19931545912652193,-0.06216523934803911,4.293191124141373
G23,G23__mom_255_0__top10__weekly__long_only__rev20,long_only,mom_255_0,10,weekly,rev20,0.0,0.0,True,,False,True,0,0,2134.0,2.4182187635302945,0.15620650689137183,0.38439671625469174,0.5718305280960594,0.49927418272143576,0.711051743460926,-0.7029798551242215,488.0,0.22220623500479833,0.7508243929773321,39.36656030058469,0.0,0.0,1.0,1.0,0.0,0.0,1.0,1.0,1.0,0.0,0.0,1.0,1.0,0.0,1.0,1.0,0.0,2134.0,0.06485591460096778,0.008721311449322628,1.4065038045336262,0.0018665799052025797,0.013144775874748924,0.28460779782443363,0.22787820676991968,1.0,1.0,163,0.36711711711711714,-0.04980936662439986,-0.1466866975494876,-0.25876370753834277,0.05069613047854882,20.322238074037536
G23,G23__mom_255_0__top10__weekly__long_only__rev20,long_only,mom_255_0,10,weekly,rev20,5.0,0.0,True,,False,True,0,0,2134.0,1.8932700313929538,0.13366449558881022,0.3843538612449165,0.5206267123252736,0.44806894924417806,0.6366075663599347,-0.7035548097009594,872.0,0.18998448130234982,0.7508243929773321,39.36656030058469,0.2750770769954033,0.0,1.0,1.0,0.0,0.0,1.0,1.0,1.0,0.0,0.0,1.0,1.0,0.0,1.0,1.0,0.0,2134.0,0.045151024496121586,-0.010945250767974792,1.406215797230875,-0.01779368235560996,-0.006522483737050309,0.2845871817068626,0.1586544559924317,1.0,1.0,163,0.36711711711711714,-0.060920646026091985,-0.16933023512896772,-0.2479698709573041,0.05064136343889042,20.322238074037536
G23,G23__mom_255_0__top10__weekly__long_only__rev20,long_only,mom_255_0,10,weekly,rev20,10.0,0.0,True,,True,True,0,0,2134.0,1.4486984046251563,0.11154904380330799,0.3843373202779965,0.4693793382181411,0.39682492644872075,0.5624647520559966,-0.7050925359588336,902.0,0.1582048286068096,0.7508243929773321,39.36656030058469,0.4986103537938301,0.0,1.0,1.0,0.0,0.0,1.0,1.0,1.0,0.0,0.0,1.0,1.0,0.0,1.0,1.0,0.0,2134.0,0.025446134391276083,-0.03023966521331956,1.405927789928124,-0.03745394461642182,-0.02618974334884875,0.2846021070184551,0.08940950809484353,1.0,1.0,163,0.36711711711711714,-0.0717110182015587,-0.19200447790491199,-0.23836855960527198,0.05060717821649041,20.322238074037536
G23,G23__mom_255_0__top10__weekly__long_only__rev20,long_only,mom_255_0,10,weekly,rev20,20.0,0.0,True,,False,True,0,0,2134.0,0.753474069809007,0.06856663588095846,0.38438318865682136,0.3667960019989436,0.29426258851915327,0.41512380820237615,-0.7279744473142507,1066.0,0.09418824538955245,0.7508243929773321,39.36656030058469,0.8243263795592041,0.0,1.0,1.0,0.0,0.0,1.0,1.0,1.0,0.0,0.0,1.0,1.0,0.0,1.0,1.0,0.0,2134.0,-0.013963645818415943,-0.06773925601328372,1.4053517753226228,-0.07677446913804668,-0.06552426257244659,0.28473854626419576,-0.04904023709336397,1.0,1.0,163,0.36711711711711714,-0.09235642449827744,-0.23740890370116158,-0.23964339974439114,0.05060056533906149,20.322238074037536
G23,G23__mom_255_0__top10__weekly__long_only__rev5,long_only,mom_255_0,10,weekly,rev5,0.0,0.0,True,,False,True,0,0,2134.0,5.59274810291243,0.24945897969943176,0.37355613645014185,0.7856932242178888,0.7110222509855917,1.017117335654263,-0.7025643852895305,481.0,0.3550692077803352,0.9931942663731637,52.07428307214646,0.0,1.0,0.0,0.0,0.0,0.0,1.0,1.0,1.0,0.0,0.0,0.9999537886604088,0.9999537886604088,0.0,0.9999537886604088,0.9999537886604088,0.0,2134.0,0.1385466626205459,0.0900785396833611,1.3818610393441657,0.07937581957734695,0.08997919129488728,0.2731295667388231,0.5072561871451636,1.0,1.0,163,0.36711711711711714,0.04344310618366007,0.06506137071466833,-0.2583482377036518,0.03985555067399893,33.029960845599305
G23,G23__mom_255_0__top10__weekly__long_only__rev5,long_only,mom_255_0,10,weekly,rev5,5.0,0.0,True,,False,True,0,0,2134.0,4.287753090809059,0.21733389958145466,0.3733754392526777,0.7161257974335992,0.6414268552047117,0.9144145417184723,-0.7032583412509572,482.0,0.30903849529158905,0.9931942663731637,52.07428307214646,0.4911005561338617,1.0,0.0,0.0,0.0,0.0,1.0,1.0,1.0,0.0,0.0,0.9999537886604088,0.9999537886604088,0.0,0.9999537886604088,0.9999537886604088,0.0,2134.0,0.11242992152360044,0.06205132071004042,1.3813131134271368,0.053343981717693036,0.06393331057461718,0.2729563035471854,0.4118971427386908,1.0,1.0,163,0.36711711711711714,0.022748757966552458,0.024027670831565873,-0.2476734025073019,0.03966294144665161,33.029960845599305
G23,G23__mom_255_0__top10__weekly__long_only__rev5,long_only,mom_255_0,10,weekly,rev5,10.0,0.0,True,,True,True,0,0,2134.0,3.2403289916920084,0.18601018771846478,0.3732434136212157,0.6464066994222915,0.571689176383778,0.8122177678867769,-0.7039512383035449,703.0,0.2642373187193072,0.9931942663731637,52.07428307214646,0.8529707302372459,1.0,0.0,0.0,0.0,0.0,1.0,1.0,1.0,0.0,0.0,0.9999537886604088,0.9999537886604088,0.0,0.9999537886604088,0.9999537886604088,0.0,2134.0,0.08631318042665548,0.034723247808212336,1.3807651875101077,0.027312143858039588,0.037887429854347544,0.2728496338320141,0.3163397334071414,1.0,1.0,163,0.36711711711711714,0.0027501257135980894,-0.017140227969854704,-0.23722726194998328,0.03951327155970963,33.029960845599305
G23,G23__mom_255_0__top10__weekly__long_only__rev5,long_only,mom_255_0,10,weekly,rev5,20.0,0.0,True,,False,True,0,0,2134.0,1.7253787480597222,0.12568979783653256,0.3731255646713833,0.5066218420402065,0.4318953942148683,0.6094497875656334,-0.7293031632754191,830.0,0.17234231820967186,0.9931942663731637,52.07428307214646,1.3005412549294673,1.0,0.0,0.0,0.0,0.0,1.0,1.0,1.0,0.0,0.0,0.9999537886604088,0.9999537886604088,0.0,0.9999537886604088,0.9999537886604088,0.0,2134.0,0.03407969823276473,-0.017902699568983563,1.3796693356760483,-0.024751531861267884,-0.014204331586192612,0.2728363384984685,0.12490894145669687,1.0,1.0,163,0.36711711711711714,-0.03523326254270334,-0.09977609800544657,-0.2409721157055596,0.03934294135362343,33.029960845599305
G23,G23__mom_255_0__top10__weekly__long_short__rev20,long_short,mom_255_0,10,weekly,rev20,0.0,0.0,True,,False,True,3,0,2134.0,0.4338798881788333,0.043475593724094486,0.21152773932489785,0.3071525489143474,0.17538869006712024,0.24496927352276673,-0.3928917331639884,588.0,0.11065540466830917,0.6418588018189592,33.653372829390676,0.0,4.0,24.0,3.0,6.0,0.0,1.0,1.0,1.0,0.0,0.0,0.0005321405666748215,0.5003927649797107,0.49986062441303597,1.0002533893927468,0.0005321405666748215,0.0,2134.0,-0.08998257835361165,-0.0896296958259367,0.09569373399217851,0.05014317058592237,0.024926015486999874,0.2729817105518536,-0.3296285973580609,1.0,0.0,107,0.240990990990991,0.03656304885428478,0.14025512202036206,0.26516867795285204,-0.029850829804460244,13.488174063599768
G23,G23__mom_255_0__top10__weekly__long_short__rev20,long_short,mom_255_0,10,weekly,rev20,0.0,0.01,True,,False,True,3,0,2134.0,0.3747511884980519,0.038299443976708814,0.21153992546759143,0.2836376959400446,0.15188328152651928,0.21192720454217479,-0.39891422089944806,596.0,0.09600922195842881,0.6418959730463463,33.655321758298776,0.0,4.0,24.0,3.0,6.0,0.0,1.0,1.0,1.0,0.0,0.0,0.0005322149591923375,0.5004220767422045,0.4998898617830121,1.0003119385252166,0.0005322149591923375,0.050246011817790905,2134.0,-0.09495316559438728,-0.09414557817940744,0.09568230485578078,0.04517435433397837,0.019956883881198168,0.2729926950570752,-0.3478231004479268,1.0,0.0,107,0.240990990990991,0.03639147698444602,0.13737883670669648,0.2623970155531652,-0.029854771412919673,13.488683190820328
G23,G23__mom_255_0__top10__weekly__long_short__rev20,long_short,mom_255_0,10,weekly,rev20,0.0,0.03,True,,False,True,3,0,2134.0,0.26525043738203036,0.028172131141704693,0.2115639488401053,0.23729839079713788,0.1055625867806749,0.1470052278497479,-0.41061037568393144,601.0,0.06861037326389988,0.6419694355802781,33.65917348088386,0.0,4.0,24.0,3.0,6.0,0.0,1.0,1.0,1.0,0.0,0.0,0.0005323616775675947,0.5004798555345312,0.49994749385696363,1.000427349391495,0.0005323616775675947,0.14266127250081478,2134.0,-0.10475007804289868,-0.10298105542633007,0.0956597808529832,0.03538093206670287,0.01016284012552018,0.27301434891015686,-0.3836797533208399,1.0,0.0,107,0.240990990990991,0.03605566050590929,0.1317096406436107,0.25701817703947727,-0.029862542650630403,13.489687148235507
G23,G23__mom_255_0__top10__weekly__long_short__rev20,long_short,mom_255_0,10,weekly,rev20,5.0,0.0,True,,False,True,3,0,2134.0,0.24340607996293384,0.02605978787793295,0.21161555104313226,0.22757988060923703,0.0958774831027962,0.1333811840914545,-0.41077642053474683,601.0,0.06344032075650408,0.6418588018189592,33.653372829390676,0.16383925411814793,4.0,24.0,3.0,6.0,0.0,1.0,1.0,1.0,0.0,0.0,0.0005321405666748215,0.5003927649797107,0.49986062441303597,1.0002533893927468,0.0005321405666748215,0.0,2134.0,-0.10679442081188972,-0.10482394910887245,0.09572205407036395,0.03332693982213882,0.008111421707825401,0.27304594047597774,-0.39112253647032474,1.0,0.0,107,0.240990990990991,0.02924968366387045,0.1024905623459749,0.2545357828377568,-0.02978939566155664,13.488174063599772
G23,G23__mom_255_0__top10__weekly__long_short__rev20,long_short,mom_255_0,10,weekly,rev20,5.0,0.01,True,,False,True,3,0,2134.0,0.19212207934781,0.020969033684201888,0.21162774173561316,0.20407633789861795,0.07238324768001676,0.10059660386271385,-0.4166225029942495,613.0,0.050331015568046054,0.6418959730463463,33.655321758298776,0.16006301052396466,4.0,24.0,3.0,6.0,0.0,1.0,1.0,1.0,0.0,0.0,0.0005322149591923375,0.5004220767422045,0.4998898617830121,1.0003119385252166,0.0005322149591923375,0.04659903832882244,2134.0,-0.11176564812218523,-0.10926532892810013,0.09571060696632307,0.02835748628483066,0.003141652333694772,0.2730569322654847,-0.4093126191482991,1.0,0.0,107,0.240990990990991,0.029114010189330887,0.09962256787307776,0.25187222520170227,-0.02979334016004423,13.488683190820328
G23,G23__mom_255_0__top10__weekly__long_short__rev20,long_short,mom_255_0,10,weekly,rev20,5.0,0.03,True,,False,True,3,0,2134.0,0.09715007674413001,0.011008809348117543,0.21165177367189186,0.15775929845977266,0.02608454820045505,0.03618060203150021,-0.4279760420584471,614.0,0.025722957049577347,0.6419694355802781,33.65917348088386,0.15294290511204195,4.0,24.0,3.0,6.0,0.0,1.0,1.0,1.0,0.0,0.0,0.0005323616775675947,0.5004798555345312,0.49994749385696363,1.000427349391495,0.0005323616775675947,0.1324337578959726,2134.0,-0.12156382732109942,-0.11795503141181712,0.09568804827993008,0.018562802641509432,-0.006653653729410027,0.27307860006447104,-0.4451605775494655,1.0,0.0,107,0.240990990990991,0.028848435108876042,0.09396970384265656,0.24670325748796684,-0.029801117204287436,13.489687148235511
G23,G23__mom_255_0__top10__weekly__long_short__rev20,long_short,mom_255_0,10,weekly,rev20,10.0,0.0,True,,False,True,3,0,2134.0,0.07815485628372776,0.00892586086978886,0.21173907891654192,0.14804824666084235,0.016428583918716717,0.02276395723530947,-0.4281420727949935,896.0,0.02084789474559024,0.6418588018189592,33.653372829390676,0.3036614940520892,4.0,24.0,3.0,6.0,0.0,1.0,1.0,1.0,0.0,0.0,0.0005321405666748215,0.5003927649797107,0.49986062441303597,1.0002533893927468,0.0005321405666748215,0.0,2134.0,-0.12360626327016791,-0.11977227989486763,0.09575037414854948,0.016510709058355152,-0.008703172071349139,0.2731378700999862,-0.45254165313993266,1.0,0.0,107,0.240990990990991,0.02211912438562546,0.06477767532334541,0.24427003613840592,-0.029700125031747376,13.488174063599768
G23,G23__mom_255_0__top10__weekly__long_short__rev20,long_short,mom_255_0,10,weekly,rev20,10.0,0.01,True,,True,True,3,0,2134.0,0.03367806269281348,0.003919136290523539,0.2117512744092505,0.1245599681841058,-0.0070505271910342665,-0.009759717465931295,-0.4338168400401019,908.0,0.009034080581475942,0.6418959730463463,33.655321758298776,0.29681323315591757,4.0,24.0,3.0,6.0,0.0,1.0,1.0,1.0,0.0,0.0,0.0005322149591923375,0.5004220767422045,0.4998898617830121,1.0003119385252166,0.0005322149591923375,0.043286627749583896,2134.0,-0.12857813064998355,-0.1241403488804336,0.09573890907686511,0.011540618235682582,-0.013673579213808991,0.2731488698466368,-0.4707254718724465,1.0,0.0,107,0.240990990990991,0.022018461776914938,0.06192124824642823,0.24171091030502412,-0.02970407246083348,13.488683190820328
G23,G23__mom_255_0__top10__weekly__long_short__rev20,long_short,mom_255_0,10,weekly,rev20,10.0,0.03,True,,False,True,3,0,2134.0,-0.048686821844925676,-0.005876672345119349,0.21177531541733852,0.07827298484422865,-0.05331944646727835,-0.07366308735746521,-0.4448376499895206,973.0,-0.013210824994821799,0.6419694355802781,33.65917348088386,0.2838941606613557,4.0,24.0,3.0,6.0,0.0,1.0,1.0,1.0,0.0,0.0,0.0005323616775675947,0.5004798555345312,0.49994749385696363,1.000427349391495,0.0005323616775675947,0.12313976732362235,2134.0,-0.13837757659930056,-0.1326866084584223,0.09571631570687704,0.001744673216315571,-0.023470147584340698,0.2731705529289756,-0.5065611030017529,1.0,0.0,107,0.240990990990991,0.02182139141374725,0.05629117196040635,0.23674468132800408,-0.02971185538489468,13.489687148235511
G23,G23__mom_255_0__top10__weekly__long_short__rev20,long_short,mom_255_0,10,weekly,rev20,20.0,0.0,True,,False,True,3,0,2134.0,-0.18955955286249027,-0.024513981165299348,0.21209301546244058,-0.010731544027595104,-0.14212242998406735,-0.19536728895564567,-0.46137520916650265,1504.0,-0.053132419510760184,0.6418588018189592,33.653372829390676,0.5241830157440736,4.0,24.0,3.0,6.0,0.0,1.0,1.0,1.0,0.0,0.0,0.0005321405666748215,0.5003927649797107,0.49986062441303597,1.0002533893927468,0.0005321405666748215,0.0,2134.0,-0.15722994818672426,-0.14894655033119666,0.09580701430492031,-0.017121752469212142,-0.042332359629698266,0.2734047082635917,-0.5750813480327398,1.0,0.0,107,0.240990990990991,0.008392587514191654,-0.01034953819928705,0.22479355249368538,-0.029438327795451608,13.488174063599768
G23,G23__mom_255_0__top10__weekly__long_short__rev20,long_short,mom_255_0,10,weekly,rev20,20.0,0.01,True,,False,True,3,0,2134.0,-0.2230052656513215,-0.02935665994307235,0.21210522131062604,-0.034177532299499006,-0.16555953817465047,-0.2273594997793152,-0.46672204151520047,1504.0,-0.06289966475070848,0.6418959730463463,33.655321758298776,0.5128842150753407,4.0,24.0,3.0,6.0,0.0,1.0,1.0,1.0,0.0,0.0,0.0005322149591923375,0.5004220767422045,0.4998898617830121,1.0003119385252166,0.0005322149591923375,0.03753677805416149,2134.0,-0.16220309570557997,-0.15317149912583444,0.09579551329794951,-0.02209311786261333,-0.04730404230881633,0.2734157259351499,-0.5932471336489699,1.0,0.0,107,0.240990990990991,0.008359350411796952,-0.013173095746052077,0.22243273049299406,-0.029442281201114362,13.488683190820328
G23,G23__mom_255_0__top10__weekly__long_short__rev20,long_short,mom_255_0,10,weekly,rev20,20.0,0.03,True,,False,True,3,0,2134.0,-0.2849406608401214,-0.038831490434325766,0.21212928199443234,-0.0803812295127007,-0.21174573775254268,-0.29021874853873875,-0.47710593681177993,1504.0,-0.08138966094996411,0.6419694355802781,33.65917348088386,0.4915463868845879,4.0,24.0,3.0,6.0,0.0,1.0,1.0,1.0,0.0,0.0,0.0005323616775675947,0.5004798555345312,0.49994749385696363,1.000427349391495,0.0005323616775675947,0.10699433314491902,2134.0,-0.17200507515570254,-0.16143772439089862,0.09577285056077033,-0.03189158563407169,-0.057103135294201614,0.27343744358129396,-0.6290472617901169,1.0,0.0,107,0.240990990990991,0.008294209303785237,-0.01873841634695289,0.22253586937612246,-0.02945007609161565,13.489687148235507
G23,G23__mom_255_0__top10__weekly__long_short__rev5,long_short,mom_255_0,10,weekly,rev5,0.0,0.0,True,,False,True,3,0,2134.0,0.9791098827426465,0.08395079275084538,0.2062876753519309,0.49412725256197576,0.35899744022579816,0.509598932132756,-0.3867999901209629,520.0,0.2170392835961337,0.7901944144201756,41.43077443329175,0.0,4.0,24.0,3.0,6.0,0.0,1.0,1.0,1.0,0.0,0.0,0.0009870785831198963,0.5003561469428233,0.49936906835970335,0.9997252153025264,0.0009870785831198963,0.0,2134.0,-0.05302150039429723,-0.05431749545334817,0.07106922827966075,0.09091991082132074,0.06501493508707008,0.272292306376593,-0.1947227268366739,1.0,0.0,107,0.240990990990991,0.07703824788103568,0.32386387217903995,0.27126042099587755,-0.03509089377742719,21.265575667500844
G23,G23__mom_255_0__top10__weekly__long_short__rev5,long_short,mom_255_0,10,weekly,rev5,0.0,0.01,True,,False,True,3,0,2134.0,0.8976051329362082,0.0785810832186904,0.20629957842839378,0.47003277754631867,0.3349129878014826,0.47491159058317534,-0.3928799618511628,521.0,0.20001295777069883,0.7902377115048943,41.43304454773178,0.0,4.0,24.0,3.0,6.0,0.0,1.0,1.0,1.0,0.0,0.0,0.0009871875922733404,0.5003854308705074,0.499398243278234,0.9997836741487414,0.0009871875922733404,0.058287481303685794,2134.0,-0.05798629879801113,-0.059002247190252634,0.07105474218108239,0.08595735709453635,0.0600519797280847,0.2723032831136551,-0.2129474831701114,1.0,0.0,107,0.240990990990991,0.0766731162264276,0.32040854298165977,0.26843127460145044,-0.035095118452117324,21.266405980253335
G23,G23__mom_255_0__top10__weekly__long_short__rev5,long_short,mom_255_0,10,weekly,rev5,0.0,0.03,True,,False,True,3,0,2134.0,0.7466534704941161,0.0680749621399388,0.20632304423878178,0.4225512630238625,0.28745122393255623,0.4067668535694593,-0.4046878395091065,594.0,0.16821598153904238,0.7903231715382687,41.43752531259316,0.0,4.0,24.0,3.0,6.0,0.0,1.0,1.0,1.0,0.0,0.0,0.0009874025508736966,0.5004431547820332,0.4994557522311593,0.9998989070131923,0.0009874025508736966,0.16517454775635632,2134.0,-0.06777179971931818,-0.06816821206731882,0.07102619259796981,0.07617628004140974,0.050270111123055246,0.27232492182193446,-0.2488637443312377,1.0,0.0,107,0.240990990990991,0.0759584915041434,0.31359827779549204,0.26294071321430224,-0.03510344725195391,21.26803897994481
G23,G23__mom_255_0__top10__weekly__long_short__rev5,long_short,mom_255_0,10,weekly,rev5,5.0,0.0,True,,False,True,3,0,2134.0,0.6605736100070188,0.06171967079828744,0.2062165701052266,0.3937282890755364,0.2585636587642684,0.3651186484489538,-0.4087986098027435,598.0,0.15097818172148106,0.7901944144201756,41.43077443329175,0.23056174544744892,4.0,24.0,3.0,6.0,0.0,1.0,1.0,1.0,0.0,0.0,0.0009870785831198963,0.5003561469428233,0.49936906835970335,0.9997252153025264,0.0009870785831198963,0.0,2134.0,-0.0737605653267874,-0.07371282522991891,0.07092728468901488,0.07020284059648005,0.04429534221343645,0.272257639552236,-0.270921930595213,1.0,0.0,107,0.240990990990991,0.06490956658422493,0.2651767380074471,0.2565135935697601,-0.03518837659946231,21.265575667500848
G23,G23__mom_255_0__top10__weekly__long_short__rev5,long_short,mom_255_0,10,weekly,rev5,5.0,0.01,True,,False,True,3,0,2134.0,0.5921716757509194,0.05645889059274012,0.2062284829437822,0.3696277626402849,0.23447293061888194,0.3307526552472421,-0.4146616701927035,604.0,0.1361565214515783,0.7902377115048943,41.43304454773178,0.22505266096682947,4.0,24.0,3.0,6.0,0.0,1.0,1.0,1.0,0.0,0.0,0.0009871875922733404,0.5003854308705074,0.499398243278234,0.9997836741487414,0.0009871875922733404,0.05290450351462944,2134.0,-0.07872608991013329,-0.07830254261738971,0.07091278255466296,0.06523956317486869,0.03933166274308321,0.2722686241413016,-0.289148594181297,1.0,0.0,107,0.240990990990991,0.06460386709786911,0.26171225081194294,0.2538330580032483,-0.03519259895187518,21.266405980253335
G23,G23__mom_255_0__top10__weekly__long_short__rev5,long_short,mom_255_0,10,weekly,rev5,5.0,0.03,True,,False,True,3,0,2134.0,0.46548896860468747,0.04616590957129785,0.20625196753065764,0.3221343202568656,0.18699879669457198,0.2632394649018275,-0.4260482556329538,607.0,0.10835840532362229,0.7903231715382687,41.43752531259316,0.21467786042488785,4.0,24.0,3.0,6.0,0.0,1.0,1.0,1.0,0.0,0.0,0.0009874025508736966,0.5004431547820332,0.4994557522311593,0.9998989070131923,0.0009874025508736966,0.15008638527079604,2134.0,-0.08851302529121415,-0.0872825554894746,0.07088420147793888,0.055457056542025034,0.029548363740006103,0.2722902779585268,-0.32506862145366716,1.0,0.0,107,0.240990990990991,0.06400553533205634,0.25488395233677347,0.24863104391346014,-0.03520092334552166,21.268038979944812
G23,G23__mom_255_0__top10__weekly__long_short__rev5,long_short,mom_255_0,10,weekly,rev5,10.0,0.0,True,,False,True,3,0,2134.0,0.39313551509708966,0.039929510137011404,0.20620724151293598,0.2931722084564814,0.1580112965099987,0.22196833302644767,-0.4300211136621813,619.0,0.09285476658799474,0.7901944144201756,41.43077443329175,0.4183232563009943,4.0,24.0,3.0,6.0,0.0,1.0,1.0,1.0,0.0,0.0,0.0009870785831198963,0.5003561469428233,0.49936906835970335,0.9997252153025264,0.0009870785831198963,0.0,2134.0,-0.0944996302592772,-0.09272344254432158,0.07078534109836905,0.04948577037163971,0.0235757493398032,0.2722697712926951,-0.34708087427630124,1.0,0.0,107,0.240990990990991,0.053122773652848,0.2063603879146274,0.2423909952712181,-0.035231962435353315,21.265575667500844
G23,G23__mom_255_0__top10__weekly__long_short__rev5,long_short,mom_255_0,10,weekly,rev5,10.0,0.01,True,,True,True,3,0,2134.0,0.3357369605633336,0.034775522567413786,0.20621916422941403,0.26907286642554135,0.1339215220251381,0.18793077297319555,-0.43567487256497217,620.0,0.07981989496589045,0.7902377115048943,41.43304454773178,0.40858077910314883,4.0,24.0,3.0,6.0,0.0,1.0,1.0,1.0,0.0,0.0,0.0009871875922733404,0.5003854308705074,0.499398243278234,0.9997836741487414,0.0009871875922733404,0.048127563871733794,2134.0,-0.09946588102225577,-0.09721998971769474,0.0707708229282436,0.04452176925520072,0.01861134575808139,0.2722807646341229,-0.3653063085668685,1.0,0.0,107,0.240990990990991,0.052874848053805185,0.2028932974626006,0.23985287778015385,-0.035236182640669966,21.266405980253335
G23,G23__mom_255_0__top10__weekly__long_short__rev5,long_short,mom_255_0,10,weekly,rev5,10.0,0.03,True,,False,True,3,0,2134.0,0.2294343643075023,0.024691500505108266,0.20624266782578782,0.22158175256361365,0.08644926173915096,0.12106300292198423,-0.4466549469412411,821.0,0.05528092921437298,0.7903231715382687,41.43752531259316,0.3902219198799332,4.0,24.0,3.0,6.0,0.0,1.0,1.0,1.0,0.0,0.0,0.0009874025508736966,0.5004431547820332,0.4994557522311593,0.9998989070131923,0.0009874025508736966,0.13668974459702554,2134.0,-0.10925425086311039,-0.10601769834391699,0.07074221035790793,0.03473783304264006,0.00882661635695667,0.27230243533883886,-0.40122392121524786,1.0,0.0,107,0.240990990990991,0.05238956426397487,0.19605988016683568,0.23492738437628358,-0.03524450297644538,21.268038979944812
G23,G23__mom_255_0__top10__weekly__long_short__rev5,long_short,mom_255_0,10,weekly,rev5,20.0,0.0,True,,False,True,3,0,2134.0,-0.019823063503427107,-0.0023615877445734013,0.20637389232372919,0.0919501120777377,-0.043087896176939776,-0.05989938839853556,-0.47024455373020846,1020.0,-0.005022041671381708,0.7901944144201756,41.43077443329175,0.6936478242016815,4.0,24.0,3.0,6.0,0.0,1.0,1.0,1.0,0.0,0.0,0.0009870785831198963,0.5003561469428233,0.49936906835970335,0.9997252153025264,0.0009870785831198963,0.0,2134.0,-0.1359777601242578,-0.12961990650943225,0.070501453917077,0.008051629921958082,-0.017863436407464305,0.2724343813432324,-0.49912114415890596,1.0,0.0,107,0.240990990990991,0.0305449809349176,0.08868499560784052,0.21592420792997957,-0.035157450934163004,21.265575667500844
G23,G23__mom_255_0__top10__weekly__long_short__rev5,long_short,mom_255_0,10,weekly,rev5,20.0,0.01,True,,False,True,3,0,2134.0,-0.06022545357393949,-0.007308238844081716,0.20638583510918623,0.06787481030096998,-0.0671541087085958,-0.09325791752468812,-0.47550149810412523,1167.0,-0.01536953905133935,0.7902377115048943,41.43304454773178,0.6783398282131394,4.0,24.0,3.0,6.0,0.0,1.0,1.0,1.0,0.0,0.0,0.0009871875922733404,0.5003854308705074,0.499398243278234,0.9997836741487414,0.0009871875922733404,0.04011220885912939,2134.0,-0.14094546324650037,-0.13393556496199857,0.0704869036754048,0.0030861814158651382,-0.022829288211921882,0.27244539487299646,-0.5173347243112835,1.0,0.0,107,0.240990990990991,0.030407771510787586,0.08523233372000259,0.2136532739040693,-0.035161667402554164,21.266405980253335
G23,G23__mom_255_0__top10__weekly__long_short__rev5,long_short,mom_255_0,10,weekly,rev5,20.0,0.03,True,,False,True,3,0,2134.0,-0.13504892888049835,-0.01698657068707521,0.20640937735753384,0.020431051633552022,-0.11457995667855277,-0.15879146535354877,-0.4857108714424677,1516.0,-0.034972597250352594,0.7903231715382687,41.43752531259316,0.6494546043267059,4.0,24.0,3.0,6.0,0.0,1.0,1.0,1.0,0.0,0.0,0.0009874025508736966,0.5004431547820332,0.4994557522311593,0.9998989070131923,0.0009874025508736966,0.1141928443655618,2134.0,-0.1507367020069026,-0.14237933303553676,0.07045822811784601,-0.006700613956129572,-0.032616878409141896,0.27246710465465157,-0.5532289932685979,1.0,0.0,107,0.240990990990991,0.030139129051035794,0.07842736472703703,0.21393093474543468,-0.035169980728514155,21.26803897994481
G23,G23__mom_255_0__top20__monthly__long_only__rev20,long_only,mom_255_0,20,monthly,rev20,0.0,0.0,True,,False,True,0,0,2134.0,1.6269440459346614,0.12081039350315459,0.32605957679451525,0.5137864169526203,0.42829399436272614,0.6039609966595391,-0.5700804113210587,550.0,0.2119181629538862,1.209553935406338,14.569060147930886,0.0,0.0,0.0,0.0,0.0,0.0,1.0,1.0,1.0,0.0,0.0,1.0,1.0,0.0,1.0,1.0,0.0,2134.0,0.012571119020998067,-0.022159689223445595,1.32357308988756,-0.03756778110775695,-0.02856187114363428,0.2136890770316923,0.0588290201615389,1.0,1.0,35,0.3431372549019608,-0.1188178283541885,-0.3658459301428508,-0.20176062432790448,0.038062552297963737,6.565186584870723
G23,G23__mom_255_0__top20__monthly__long_only__rev20,long_only,mom_255_0,20,monthly,rev20,5.0,0.0,True,,True,True,0,0,2134.0,1.4697341306519993,0.11267240016088387,0.3260137358350801,0.491457756817061,0.40595463200729626,0.5718260228408851,-0.5705103309097377,560.0,0.19749405761192104,1.209553935406338,14.569060147930886,0.09985077411639107,0.0,0.0,0.0,0.0,0.0,1.0,1.0,1.0,0.0,0.0,1.0,1.0,0.0,1.0,1.0,0.0,2134.0,0.005268116651714674,-0.02925960370053251,1.3234151655273754,-0.044846312487422664,-0.03584459829417855,0.21364634393036072,0.024658117498288896,1.0,1.0,35,0.3431372549019608,-0.12200393340762145,-0.37431933241358856,-0.19758156610974698,0.038041288614823976,6.565186584870723
G23,G23__mom_255_0__top20__monthly__long_only__rev20,long_only,mom_255_0,20,monthly,rev20,10.0,0.0,True,,False,True,0,0,2134.0,1.3218234262352162,0.1045873693934356,0.32598434114546193,0.4690991487457342,0.3835896103277189,0.5397331838269082,-0.5709402504984169,561.0,0.1831844388307417,1.209553935406338,14.569060147930886,0.1928213659677058,0.0,0.0,0.0,0.0,0.0,1.0,1.0,1.0,0.0,0.0,1.0,1.0,0.0,1.0,1.0,0.0,2134.0,-0.002034885717568456,-0.036313311485636865,1.323257241167191,-0.05212484386708818,-0.04312732544472252,0.21362870896050462,-0.00952533827251029,1.0,1.0,35,0.3431372549019608,-0.1251550873343727,-0.38280324242387,-0.193434159755007,0.038031667900136845,6.565186584870723
G23,G23__mom_255_0__top20__monthly__long_only__rev20,long_only,mom_255_0,20,monthly,rev20,20.0,0.0,True,,False,True,0,0,2134.0,1.0517565577975474,0.0885749731395642,0.32597490588285716,0.42430558212021696,0.33879609195556,0.47568637706807676,-0.5718000896757748,568.0,0.15490549011593976,1.209553935406338,14.569060147930886,0.3598384656341233,0.0,0.0,0.0,0.0,0.0,1.0,1.0,1.0,0.0,0.0,1.0,1.0,0.0,1.0,1.0,0.0,2134.0,-0.01664089045613503,-0.050283173488989925,1.3229413924468223,-0.0666819066264195,-0.05769277974581092,0.21366874942836542,-0.07788172346519985,1.0,1.0,35,0.3431372549019608,-0.131353527784481,-0.3997918410481129,-0.1845005875329926,0.03804736696518196,6.565186584870723
G23,G23__mom_255_0__top20__monthly__long_only__rev5,long_only,mom_255_0,20,monthly,rev5,0.0,0.0,True,,False,True,0,0,2134.0,1.8636951890057238,0.1322898527245071,0.3207024893805363,0.5492220965262063,0.46229696383838914,0.6466498649123857,-0.6162629745096412,417.0,0.21466461266761935,1.21804594171032,14.671346244480818,0.0,0.0,0.0,0.0,1.0,0.0,1.0,1.0,1.0,0.0,0.0,0.9995225717919721,0.9995225717919721,0.0,0.9995225717919721,0.9995225717919721,0.0,2134.0,0.021183030925407898,-0.01214454479079143,1.309658857726033,-0.02679980518406314,-0.0181837317642395,0.2079013485436632,0.10188981973322343,1.0,1.0,35,0.3431372549019608,-0.10733836913283598,-0.33184296066718777,-0.24794318751648697,0.03270546488398479,6.667472681420655
G23,G23__mom_255_0__top20__monthly__long_only__rev5,long_only,mom_255_0,20,monthly,rev5,5.0,0.0,True,,True,True,0,0,2134.0,1.6911500261181422,0.12401096980709969,0.32070376626230734,0.5263335423884662,0.43941036321973315,0.6139885242832075,-0.6166467115351315,419.0,0.2011053776616703,1.21804594171032,14.671346244480818,0.08661120962264876,0.0,0.0,0.0,1.0,0.0,1.0,1.0,1.0,0.0,0.0,0.9995225717919721,0.9995225717919721,0.0,0.9995225717919721,0.9995225717919721,0.0,2134.0,0.01384328670081923,-0.0193673770305389,1.3095071599695036,-0.03411604325532175,-0.0255039371343898,0.20793018411969288,0.06657660964148661,1.0,1.0,35,0.3431372549019608,-0.11066536376140562,-0.34086360120115167,-0.2437179467351408,0.03273131904205123,6.667472681420655
G23,G23__mom_255_0__top20__monthly__long_only__rev5,long_only,mom_255_0,20,monthly,rev5,10.0,0.0,True,,False,True,0,0,2134.0,1.5288803884337634,0.11578632648556342,0.3207219694978885,0.5034186007972781,0.41650193113095935,0.5813730141027805,-0.6170304485606217,421.0,0.1876509121319119,1.21804594171032,14.671346244480818,0.16702820880232958,0.0,0.0,0.0,1.0,0.0,1.0,1.0,1.0,0.0,0.0,0.9995225717919721,0.9995225717919721,0.0,0.9995225717919721,0.9995225717919721,0.0,2134.0,0.0065035424762306575,-0.02654288845350181,1.309355462212974,-0.041432281326580195,-0.03282414250454002,0.2079851178177064,0.03126926841915125,1.0,1.0,35,0.3431372549019608,-0.11395613024224488,-0.3498909216206295,-0.23952435781721182,0.03276929625256342,6.667472681420655
G23,G23__mom_255_0__top20__monthly__long_only__rev5,long_only,mom_255_0,20,monthly,rev5,20.0,0.0,True,,False,True,0,0,2134.0,1.2327838379893787,0.09949849879683281,0.32080914082615647,0.4575241101372943,0.3706341129804554,0.5162891795728642,-0.6177979226116025,434.0,0.16105346935487444,1.21804594171032,14.671346244480818,0.3108841530894397,0.0,0.0,0.0,1.0,0.0,1.0,1.0,1.0,0.0,0.0,0.9995225717919721,0.9995225717919721,0.0,0.9995225717919721,0.9995225717919721,0.0,2134.0,-0.008175945972946503,-0.0407530479785607,1.3090520666999146,-0.05606475746909709,-0.047464553244840633,0.2081731871214382,-0.03927473122740371,1.0,1.0,35,0.3431372549019608,-0.12043000212721239,-0.36795382002321747,-0.2304984204688203,0.03288160190848127,6.667472681420655
G23,G23__mom_255_0__top20__monthly__long_short__rev20,long_short,mom_255_0,20,monthly,rev20,0.0,0.0,True,,False,True,0,0,2134.0,1.0651601531161758,0.08941233313597663,0.16396098026648645,0.6043045048527679,0.4343107647698504,0.6178568247572201,-0.2078984202005334,482.0,0.43007702054557134,1.0318271380919002,12.42834337278079,0.0,6.0,24.0,3.0,0.0,0.0,1.0,1.0,1.0,0.0,0.0,0.0010438636846168935,0.5029228668293301,0.5018790031447132,1.0048018699740433,0.0010438636846168935,0.0,2134.0,-0.05587150365823013,-0.04955262676684321,0.023399467288075643,0.09545652115479565,0.06823159244538088,0.24896249779451682,-0.22441734860944448,1.0,0.0,24,0.23529411764705882,0.018934817798613335,0.1351806696394725,0.2483536968647298,-0.04277106125156316,4.0205658193797955
G23,G23__mom_255_0__top20__monthly__long_short__rev20,long_short,mom_255_0,20,monthly,rev20,0.0,0.01,True,,False,True,0,0,2134.0,0.979873584704819,0.08400017783582792,0.16399412022319906,0.5738380349422499,0.4038801822495803,0.5737835795176378,-0.20833718632862286,482.0,0.40319339680113253,1.032058657208999,12.431132017291523,0.0,6.0,24.0,3.0,0.0,0.0,1.0,1.0,1.0,0.0,0.0,0.0010437704998905702,0.5030324506140265,0.5019886801141358,1.0050211307281622,0.0010437704998905702,0.059858332954818266,2134.0,-0.06084779896238004,-0.05427440990817061,0.023386499848427965,0.09048223520550788,0.06325694835283628,0.24898624200874728,-0.24438217337423151,1.0,0.0,24,0.23529411764705882,0.018870119042832714,0.12899806020995547,0.25321151553147075,-0.04278607688353875,4.0210828555624065
G23,G23__mom_255_0__top20__monthly__long_short__rev20,long_short,mom_255_0,20,monthly,rev20,0.0,0.03,True,,False,True,0,0,2134.0,0.821873837046911,0.07340622685400766,0.16405949229889003,0.5137968474032646,0.3439097328273402,0.4872752157597853,-0.2223146070318882,485.0,0.33019075009982796,1.032517203184468,12.436655197119759,0.0,6.0,24.0,3.0,0.0,0.0,1.0,1.0,1.0,0.0,0.0,0.0010435859461567264,0.5032485961907022,0.5022050102445452,1.0054536064352473,0.0010435859461567264,0.16960500415213875,2134.0,-0.07066061272359382,-0.06351700114435144,0.023360949073394748,0.08067338063557927,0.053447388117511416,0.24903308201001723,-0.28373986360876957,1.0,0.0,24,0.23529411764705882,0.01874313304331706,0.11680979093105723,0.2495287550191282,-0.04281571875883017,4.022093625859542
G23,G23__mom_255_0__top20__monthly__long_short__rev20,long_short,mom_255_0,20,monthly,rev20,5.0,0.0,True,,False,True,0,0,2134.0,0.9592601551507822,0.08266127020119107,0.16402991952645563,0.5662122010527267,0.3962929870545332,0.5627284310905005,-0.21077943712123337,482.0,0.39216951772030323,1.0318271380919002,12.42834337278079,0.07375571330380037,6.0,24.0,3.0,0.0,0.0,1.0,1.0,1.0,0.0,0.0,0.0010438636846168935,0.5029228668293301,0.5018790031447132,1.0048018699740433,0.0010438636846168935,0.0,2134.0,-0.0620781208797676,-0.05544252707155745,0.023237134930594275,0.08927505795908355,0.06204588001952421,0.2490319089639597,-0.24927777784794494,1.0,0.0,24,0.23529411764705882,0.016675301308353874,0.11750146361966507,0.24957252094699445,-0.04267999296450617,4.0205658193797955
G23,G23__mom_255_0__top20__monthly__long_short__rev20,long_short,mom_255_0,20,monthly,rev20,5.0,0.01,True,,True,True,0,0,2134.0,0.8783248305847238,0.07728115083788345,0.16406308531929634,0.5357584268853555,0.36587500340986323,0.5188290386007653,-0.2179593876009308,482.0,0.35456674607372324,1.032058657208999,12.431132017291523,0.07199447677177831,6.0,24.0,3.0,0.0,0.0,1.0,1.0,1.0,0.0,0.0,0.0010437704998905702,0.5030324506140265,0.5019886801141358,1.0050211307281622,0.0010437704998905702,0.0580676470040562,2134.0,-0.0670556821527196,-0.060136360766111584,0.023224164206970356,0.08429950654985847,0.057069970413435395,0.24905567323880112,-0.2692397297387595,1.0,0.0,24,0.23529411764705882,0.016621406605999853,0.11133441500660335,0.24765086177907647,-0.04269497244144946,4.021082855562408
G23,G23__mom_255_0__top20__monthly__long_short__rev20,long_short,mom_255_0,20,monthly,rev20,5.0,0.03,True,,False,True,0,0,2134.0,0.7283885260306167,0.06674991715346268,0.16412850761576925,0.47574220607389733,0.30592932917958354,0.43266164973197174,-0.23192735868598524,488.0,0.2878052745982322,1.032517203184468,12.436655197119759,0.06867633122044421,6.0,24.0,3.0,0.0,0.0,1.0,1.0,1.0,0.0,0.0,0.0010435859461567264,0.5032485961907022,0.5022050102445452,1.0054536064352473,0.0010435859461567264,0.1645869249212935,2134.0,-0.07687100436060115,-0.06932423489587251,0.023198607831083844,0.07448814440113596,0.047257902516939586,0.2491025522004538,-0.3085917975611216,1.0,0.0,24,0.23529411764705882,0.016515578852681477,0.09917683491772444,0.24390310250272446,-0.04272454333695866,4.022093625859542
G23,G23__mom_255_0__top20__monthly__long_short__rev20,long_short,mom_255_0,20,monthly,rev20,10.0,0.0,True,,False,True,0,0,2134.0,0.858724894761387,0.07594754961534944,0.16412326650344944,0.5280733585095757,0.3582536414825382,0.5077720587430713,-0.2205349701317324,485.0,0.34437871494930533,1.0318271380919002,12.42834337278079,0.1431305373201917,6.0,24.0,3.0,0.0,0.0,1.0,1.0,1.0,0.0,0.0,0.0010438636846168935,0.5029228668293301,0.5018790031447132,1.0048018699740433,0.0010438636846168935,0.0,2134.0,-0.06828473810130498,-0.06129984840099929,0.023074802573113,0.08309359476337151,0.05586016759366762,0.2491173994613413,-0.27410665914526616,1.0,0.0,24,0.23529411764705882,0.01443592309994364,0.09981402462120059,0.24388750031960882,-0.04257168667690525,4.0205658193797955
G23,G23__mom_255_0__top20__monthly__long_short__rev20,long_short,mom_255_0,20,monthly,rev20,10.0,0.01,True,,False,True,0,0,2134.0,0.7819215123455219,0.07059929735467341,0.1641564628753559,0.4976368025930947,0.3278527735968631,0.4640522195417978,-0.22762836412103926,488.0,0.31015158250284175,1.032058657208999,12.431132017291523,0.1397386030951684,6.0,24.0,3.0,0.0,0.0,1.0,1.0,1.0,0.0,0.0,0.0010437704998905702,0.5030324506140265,0.5019886801141358,1.0050211307281622,0.0010437704998905702,0.05634168297623465,2134.0,-0.0732635653430595,-0.06596587994657137,0.023061828565512726,0.07811677789420873,0.05088299247403423,0.24914118864166604,-0.2940644449137344,1.0,0.0,24,0.23529411764705882,0.014392740349565204,0.0936662141557377,0.24201436644905516,-0.04258662731789939,4.021082855562408
G23,G23__mom_255_0__top20__monthly__long_short__rev20,long_short,mom_255_0,20,monthly,rev20,10.0,0.03,True,,False,True,0,0,2134.0,0.6396421322988937,0.060130450403619085,0.16422194479565497,0.4376544605239439,0.2679407755410535,0.3782369879161222,-0.24142789171059975,500.0,0.24906173838314263,1.032517203184468,12.436655197119759,0.13334720028187683,6.0,24.0,3.0,0.0,0.0,1.0,1.0,1.0,0.0,0.0,0.0010435859461567264,0.5032485961907022,0.5022050102445452,1.0054536064352473,0.0010435859461567264,0.15974943373265404,2134.0,-0.08308139599760839,-0.07509932536733972,0.023036266588773176,0.0683029081666927,0.04106841691636785,0.24918811615249445,-0.33340833937187225,1.0,0.0,24,0.23529411764705882,0.014307890467041985,0.08154656971238011,0.23836111233006613,-0.042616121946623425,4.022093625859542
G23,G23__mom_255_0__top20__monthly__long_short__rev20,long_short,mom_255_0,20,monthly,rev20,20.0,0.0,True,,False,True,0,0,2134.0,0.6726880455470405,0.0626314046482559,0.16438300641359224,0.4517248572649526,0.28217848769023535,0.3984401761043798,-0.23970563079415985,500.0,0.26128466169423764,1.0318271380919002,12.42834337278079,0.2696833958417212,6.0,24.0,3.0,0.0,0.0,1.0,1.0,1.0,0.0,0.0,0.0010438636846168935,0.5029228668293301,0.5018790031447132,1.0048018699740433,0.0010438636846168935,0.0,2134.0,-0.08069797254437992,-0.07291739175038792,0.022750137858150297,0.07073066837194728,0.04348874274195427,0.24933654917133966,-0.3236507957320197,1.0,0.0,24,0.23529411764705882,0.010017089155663093,0.06447422788806745,0.23277067154485326,-0.04230354277591586,4.0205658193797955
G23,G23__mom_255_0__top20__monthly__long_short__rev20,long_short,mom_255_0,20,monthly,rev20,20.0,0.01,True,,False,True,0,0,2134.0,0.6035337754288557,0.05734638322993124,0.16441627811727805,0.4213362066266427,0.25182530378893475,0.3550993674367477,-0.24662885542081225,505.0,0.23252098028871587,1.032058657208999,12.431132017291523,0.2633909195537779,6.0,24.0,3.0,0.0,0.0,1.0,1.0,1.0,0.0,0.0,0.0010437704998905702,0.5030324506140265,0.5019886801141358,1.0050211307281622,0.0010437704998905702,0.053074157040133366,2134.0,-0.08567933172373865,-0.07752825815215524,0.022737157282597557,0.0657513205829099,0.03850903659523248,0.24936040266279041,-0.34359638021439454,1.0,0.0,24,0.23529411764705882,0.009995056144251543,0.05837582498010174,0.23099242474081044,-0.042318397760948756,4.021082855562408
G23,G23__mom_255_0__top20__monthly__long_short__rev20,long_short,mom_255_0,20,monthly,rev20,20.0,0.03,True,,False,True,0,0,2134.0,0.47542866809007056,0.04700132420118375,0.164481907386419,0.3614481636697618,0.19200716772432333,0.2700275922927471,-0.26009722633912313,507.0,0.18070674902123682,1.032517203184468,12.436655197119759,0.2515300840589286,6.0,24.0,3.0,0.0,0.0,1.0,1.0,1.0,0.0,0.0,0.0010435859461567264,0.5032485961907022,0.5022050102445452,1.0054536064352473,0.0010435859461567264,0.15058904573737647,2134.0,-0.09550217927162269,-0.08655370598375044,0.022711584104151476,0.05593243569780641,0.02868944571522456,0.24940745597066644,-0.3829162961465554,1.0,0.0,24,0.23529411764705882,0.009951625067101046,0.04635359277755602,0.22752396756227955,-0.0423477241101666,4.022093625859542
G23,G23__mom_255_0__top20__monthly__long_short__rev5,long_short,mom_255_0,20,monthly,rev5,0.0,0.0,True,,False,True,1,0,2134.0,0.992882629721739,0.08483884275171505,0.15283547394133246,0.6094669627215468,0.42712341876835336,0.5921611616382324,-0.24024866116179822,986.0,0.35312930503525,1.000163749007703,12.04695829638894,0.0,6.0,24.0,3.0,1.0,1.0,1.0,1.0,1.0,0.0,0.0,0.000700087818574066,0.5035683685172806,0.5028682806987066,1.006436649215987,0.000700087818574066,0.0,2134.0,-0.06180569055421166,-0.053542724721501705,0.002321887638030988,0.09278838664097205,0.06498079794430994,0.2449695026398845,-0.25229953070961914,1.0,0.0,24,0.23529411764705882,0.014361327414351754,0.12799332363797544,0.21600345590346498,-0.05389656757671715,3.6391807429879464
G23,G23__mom_255_0__top20__monthly__long_short__rev5,long_short,mom_255_0,20,monthly,rev5,0.0,0.01,True,,False,True,1,0,2134.0,0.9103798134257968,0.07943598738143498,0.15286668306315576,0.5767041827323147,0.39439777648595126,0.546010318202408,-0.247115127484835,986.0,0.3214533573478209,1.0003963125563016,12.049759521062407,0.0,6.0,24.0,3.0,1.0,1.0,1.0,1.0,1.0,0.0,0.0,0.0006997849154404249,0.5036808974503674,0.502981112534927,1.006662009985294,0.0006997849154404249,0.05232490906134633,2134.0,-0.06679500713040665,-0.05825639422794272,0.002303143481681479,0.08780197454420559,0.0599938685824641,0.24499179236866406,-0.27264181581190855,1.0,0.0,24,0.23529411764705882,0.014305928588439779,0.11951565444632645,0.21443357437525862,-0.05391351404358205,3.639710359333291
G23,G23__mom_255_0__top20__monthly__long_short__rev5,long_short,mom_255_0,20,monthly,rev5,0.0,0.03,True,,False,True,1,0,2134.0,0.7575582755063508,0.06886024555592551,0.15292824824578055,0.5121368232001176,0.32990362070466583,0.4554405039793603,-0.2604754416048862,999.0,0.26436367717298753,1.0008573526158893,12.05531274209879,0.0,6.0,24.0,3.0,1.0,1.0,1.0,1.0,1.0,0.0,0.0,0.0006991860607873545,0.5039028629809007,0.5032036769201134,1.007106539901014,0.0006991860607873545,0.14841148605517074,2134.0,-0.07663367541919067,-0.0674830990598136,0.0022661985670309596,0.07796903101265207,0.050159905536705365,0.2450357636089714,-0.31274485932381224,1.0,0.0,24,0.23529411764705882,0.014197151745234914,0.10280367880838284,0.21136792044613018,-0.05394696281193964,3.6407511708385734
G23,G23__mom_255_0__top20__monthly__long_short__rev5,long_short,mom_255_0,20,monthly,rev5,5.0,0.0,True,,False,True,1,0,2134.0,0.8937465218844529,0.07832186005146524,0.15290638548718558,0.5698385750116013,0.3875807772516529,0.5363436169518119,-0.24810051702149583,989.0,0.3156860009472665,1.000163749007703,12.04695829638894,0.06280599252965177,6.0,24.0,3.0,1.0,1.0,1.0,1.0,1.0,0.0,0.0,0.000700087818574066,0.5035683685172806,0.5028682806987066,1.006436649215987,0.000700087818574066,0.0,2134.0,-0.06782190583715124,-0.05922840396384088,0.0022063906015722494,0.08679006806995676,0.05897953499788715,0.2450311074143921,-0.27678896182945495,1.0,0.0,24,0.23529411764705882,0.012335891158628043,0.10878925381678478,0.212251441046732,-0.05380352700377622,3.6391807429879464
G23,G23__mom_255_0__top20__monthly__long_short__rev5,long_short,mom_255_0,20,monthly,rev5,5.0,0.01,True,,True,True,1,0,2134.0,0.8153262699382391,0.07294995766195278,0.15293762103129402,0.537090636699238,0.35486985933661547,0.49037752049453387,-0.2548980869960684,998.0,0.2861926447611118,1.0003963125563016,12.049759521062407,0.06131348146140741,6.0,24.0,3.0,1.0,1.0,1.0,1.0,1.0,0.0,0.0,0.0006997849154404249,0.5036808974503674,0.502981112534927,1.006662009985294,0.0006997849154404249,0.050865321152166715,2134.0,-0.0728124983983792,-0.06391506883817728,0.0021876665544371923,0.0818023768721569,0.05399132714025557,0.24505341403918457,-0.29712909197313336,1.0,0.0,24,0.23529411764705882,0.012290213430069183,0.10032927093335559,0.21071216238393886,-0.053820436729451776,3.639710359333293
G23,G23__mom_255_0__top20__monthly__long_short__rev5,long_short,mom_255_0,20,monthly,rev5,5.0,0.03,True,,False,True,1,0,2134.0,0.6700692814848366,0.062434810673609675,0.1529992377843835,0.47255245345617075,0.29040464815218137,0.4001700173496437,-0.2681242962997332,1011.0,0.2328577138858557,1.0008573526158893,12.05531274209879,0.05850206711202384,6.0,24.0,3.0,1.0,1.0,1.0,1.0,1.0,0.0,0.0,0.0006991860607873545,0.5039028629809007,0.5032036769201134,1.007106539901014,0.0006991860607873545,0.14432230223553724,2134.0,-0.08265369746140917,-0.0730889082837635,0.0021507618430728938,0.0719668963367029,0.04415482829928081,0.24509741819533595,-0.3372279400982365,1.0,0.0,24,0.23529411764705882,0.012200472372828473,0.08365215389032227,0.20770616488897647,-0.053853813168344394,3.6407511708385734
G23,G23__mom_255_0__top20__monthly__long_short__rev5,long_short,mom_255_0,20,monthly,rev5,10.0,0.0,True,,False,True,1,0,2134.0,0.7994819847474852,0.07183980940168833,0.15300195393323518,0.5301614747263238,0.3480184300795578,0.48070080399157916,-0.25587622968605794,998.0,0.2807599966977421,1.000163749007703,12.04695829638894,0.12207534977745481,6.0,24.0,3.0,1.0,1.0,1.0,1.0,1.0,0.0,0.0,0.000700087818574066,0.5035683685172806,0.5028682806987066,1.006436649215987,0.000700087818574066,0.0,2134.0,-0.07383812112009065,-0.06488360707275931,0.0020908935651135522,0.08079174949894165,0.052978272051464506,0.2451081078515402,-0.30124715892635323,1.0,0.0,24,0.23529411764705882,0.010328182886282525,0.0895788132182202,0.20854624076528328,-0.05369299924711951,3.6391807429879464
G23,G23__mom_255_0__top20__monthly__long_short__rev5,long_short,mom_255_0,20,monthly,rev5,10.0,0.01,True,,False,True,1,0,2134.0,0.7249447393598394,0.06649870219857568,0.15303322099028,0.49743364541629087,0.31532749844401653,0.4349263146416601,-0.2626055512204525,1010.0,0.2532265669538389,1.0003963125563016,12.049759521062407,0.1191966990284194,6.0,24.0,3.0,1.0,1.0,1.0,1.0,1.0,0.0,0.0,0.0006997849154404249,0.5036808974503674,0.502981112534927,1.006662009985294,0.0006997849154404249,0.04945644061693075,2134.0,-0.07882998966635187,-0.06954340498118038,0.002072189627192959,0.07580277920010807,0.047988785698046925,0.2451304362996917,-0.3215838508522698,1.0,0.0,24,0.23529411764705882,0.010292145193467474,0.08114093900289113,0.20703717934964194,-0.0537098692029753,3.639710359333293
G23,G23__mom_255_0__top20__monthly__long_short__rev5,long_short,mom_255_0,20,monthly,rev5,10.0,0.03,True,,False,True,1,0,2134.0,0.5868824271138608,0.05604384112253458,0.15309489943497895,0.43293501869973056,0.2509016015218969,0.34509458782250424,-0.2756989173256258,1110.0,0.20327914837743682,1.0008573526158893,12.05531274209879,0.11377334498586418,6.0,24.0,3.0,1.0,1.0,1.0,1.0,1.0,0.0,0.0,0.0006991860607873545,0.5039028629809007,0.5032036769201134,1.007106539901014,0.0006991860607873545,0.14037452451788995,2134.0,-0.0886737195036277,-0.0786646485590244,0.0020353251191148653,0.06596476166075374,0.038149751061856245,0.24517448314196943,-0.3616759720149212,1.0,0.0,24,0.23529411764705882,0.010221281185957477,0.0645073956932235,0.2040900867150401,-0.053743167307299444,3.6407511708385734
G23,G23__mom_255_0__top20__monthly__long_short__rev5,long_short,mom_255_0,20,monthly,rev5,20.0,0.0,True,,False,True,1,0,2134.0,0.6246331365864555,0.05897984194279937,0.15326686513038498,0.45073872234944135,0.26891150616492226,0.37003176320428294,-0.27120198375730487,1106.0,0.2174757025213343,1.000163749007703,12.04695829638894,0.23074262423946085,6.0,24.0,3.0,1.0,1.0,1.0,1.0,1.0,0.0,0.0,0.000700087818574066,0.5035683685172806,0.5028682806987066,1.006436649215987,0.000700087818574066,0.0,2134.0,-0.08587055168596981,-0.07610316271702203,0.0018598994921960905,0.06879511235691109,0.0409757461586189,0.24530823482403488,-0.35005164725744614,1.0,0.0,24,0.23529411764705882,0.00636552645020657,0.051207246362754366,0.20127431858170824,-0.05341968405912312,3.6391807429879464
G23,G23__mom_255_0__top20__monthly__long_short__rev5,long_short,mom_255_0,20,monthly,rev5,20.0,0.01,True,,False,True,1,0,2134.0,0.5573013097560904,0.053699854566364946,0.1532982104215816,0.4180667880909867,0.23627620860223178,0.3246628700503059,-0.27779672940187683,1111.0,0.19330628795373478,1.0003963125563016,12.049759521062407,0.22538653603477685,6.0,24.0,3.0,1.0,1.0,1.0,1.0,1.0,0.0,0.0,0.0006997849154404249,0.5036808974503674,0.502981112534927,1.006662009985294,0.0006997849154404249,0.046783397479106634,2134.0,-0.09086497220229683,-0.08070963721707655,0.0018412357727045378,0.06380358385601076,0.035983702813629975,0.24533062166964578,-0.37037762177382266,1.0,0.0,24,0.23529411764705882,0.006348527480685248,0.04282672979339877,0.19982455075974587,-0.05343646545664521,3.639710359333293
G23,G23__mom_255_0__top20__monthly__long_short__rev5,long_short,mom_255_0,20,monthly,rev5,20.0,0.03,True,,False,True,1,0,2134.0,0.43258932942216344,0.04336464409460161,0.15336004248756752,0.3536781692641753,0.17195980471875758,0.23562640157073042,-0.2906281496780879,1360.0,0.14921006152581617,1.0008573526158893,12.05531274209879,0.21529231278417474,6.0,24.0,3.0,1.0,1.0,1.0,1.0,1.0,0.0,0.0,0.0006991860607873545,0.5039028629809007,0.5032036769201134,1.007106539901014,0.0006991860607873545,0.13288259572390396,2134.0,-0.10071376358806464,-0.08972649276930178,0.0018044516711987484,0.05396049230885549,0.026139596587007208,0.24537478313333458,-0.41044871156681834,1.0,0.0,24,0.23529411764705882,0.00631494496051891,0.026306229771990264,0.19699304422331476,-0.053469589009018076,3.6407511708385734
G23,G23__mom_255_0__top20__weekly__long_only__rev20,long_only,mom_255_0,20,weekly,rev20,0.0,0.0,True,,False,True,0,0,2134.0,3.2657013103272146,0.1868460063459696,0.33926312565083494,0.6751466616469296,0.5929476817329211,0.8558250147780111,-0.6490215426757779,430.0,0.28788875878548376,0.6957614959568599,36.479551199447585,0.0,0.0,1.0,1.0,0.0,0.0,1.0,1.0,1.0,0.0,0.0,1.0,1.0,0.0,1.0,1.0,0.0,2134.0,0.07409850404972035,0.03545244977779658,1.3335868440123615,0.02240793403966647,0.03167482147413342,0.2317545730549264,0.3197283362005497,1.0,1.0,157,0.3536036036036036,-0.0371573263482429,-0.16469675224250035,-0.28676078227120183,0.05582260144547374,19.77827206780354
G23,G23__mom_255_0__top20__weekly__long_only__rev20,long_only,mom_255_0,20,weekly,rev20,5.0,0.0,True,,False,True,0,0,2134.0,2.6550283965536945,0.1653884200693707,0.33922741697078207,0.6213917496741056,0.5391904732053875,0.7761929405341707,-0.6498429918291744,435.0,0.2545051991771679,0.6957614959568599,36.479551199447585,0.27846377046709764,0.0,1.0,1.0,0.0,0.0,1.0,1.0,1.0,0.0,0.0,1.0,1.0,0.0,1.0,1.0,0.0,2134.0,0.05583925551555803,0.01673198380527466,1.3334025309437927,0.00417724552741635,0.013440079725726174,0.23173158571536384,0.24096523287138535,1.0,1.0,157,0.3536036036036036,-0.04843529477105668,-0.18897752331682216,-0.2782624108003196,0.055790615077695394,19.77827206780354
G23,G23__mom_255_0__top20__weekly__long_only__rev20,long_only,mom_255_0,20,weekly,rev20,10.0,0.0,True,,True,True,0,0,2134.0,2.131504827952944,0.1443069580068408,0.33921832648326544,0.567580978394567,0.4853835705023134,0.6969121806601264,-0.6506630792097882,502.0,0.22178445745238456,0.6957614959568599,36.479551199447585,0.5068089940669099,0.0,1.0,1.0,0.0,0.0,1.0,1.0,1.0,0.0,0.0,1.0,1.0,0.0,1.0,1.0,0.0,2134.0,0.037580006981395825,-0.0016603361931307088,1.3332182178752243,-0.01405344298483369,-0.004794662022680986,0.23174756547499395,0.1621592309044161,1.0,1.0,157,0.3536036036036036,-0.059419883943053003,-0.21329575913297727,-0.26989694954694987,0.05578060463450624,19.77827206780354
G23,G23__mom_255_0__top20__weekly__long_only__rev20,long_only,mom_255_0,20,weekly,rev20,20.0,0.0,True,,False,True,0,0,2134.0,1.2980716993789407,0.10324695385776561,0.33928000237917877,0.4598425237926416,0.3776713330836093,0.5394513135822265,-0.6613107733700194,635.0,0.1561247117321593,0.6957614959568599,36.479551199447585,0.8440629896129305,0.0,1.0,1.0,0.0,0.0,1.0,1.0,1.0,0.0,0.0,1.0,1.0,0.0,1.0,1.0,0.0,2134.0,0.0010615099130713117,-0.037482744202862836,1.332849591738087,-0.05051482000933374,-0.04126414551949528,0.23189637442590003,0.004577518366551719,1.0,1.0,157,0.3536036036036036,-0.08053175380083588,-0.261999772833912,-0.262568761827812,0.055826514224119994,19.77827206780354
G23,G23__mom_255_0__top20__weekly__long_only__rev5,long_only,mom_255_0,20,weekly,rev5,0.0,0.0,True,,False,True,0,0,2134.0,4.494344822516075,0.22285584108711132,0.3268785529628508,0.7802643854572294,0.6949466886361753,0.9939384129807981,-0.6571448190061819,433.0,0.3391274413821634,0.9234607623534932,48.4180776842585,0.0,1.0,0.0,0.0,0.0,0.0,1.0,1.0,1.0,0.0,0.0,0.999976562526953,0.999976562526953,0.0,0.999976562526953,0.999976562526953,0.0,2134.0,0.10009783059336345,0.06686888577660277,1.3076508949674441,0.05242613606939985,0.06097410754768834,0.21764730256433806,0.4599084363279615,1.0,1.0,157,0.3536036036036036,-0.0011474916071011754,-0.06269774533924621,-0.2948840586016058,0.04343802875748959,31.716798552614456
G23,G23__mom_255_0__top20__weekly__long_only__rev5,long_only,mom_255_0,20,weekly,rev5,5.0,0.0,True,,False,True,0,0,2134.0,3.475563348310211,0.19359603555959448,0.3267318157745772,0.706326995159214,0.6209796530900451,0.8849050356359737,-0.6580169008889012,455.0,0.2942113421373671,0.9234607623534932,48.4180776842585,0.4263036216952689,1.0,0.0,0.0,0.0,0.0,1.0,1.0,1.0,0.0,0.0,0.999976562526953,0.999976562526953,0.0,0.999976562526953,0.999976562526953,0.0,2134.0,0.07582563900562733,0.04134144822236924,1.307149134713527,0.02823169417113412,0.03676702350669662,0.21751181891837362,0.348604684484215,1.0,1.0,157,0.3536036036036036,-0.02022767928083291,-0.10718834343216455,-0.2864363198600464,0.04329501388149054,31.716798552614456
G23,G23__mom_255_0__top20__weekly__long_only__rev5,long_only,mom_255_0,20,weekly,rev5,10.0,0.0,True,,True,True,0,0,2134.0,2.645112647610123,0.1650146266083845,0.32663530778874167,0.6322259264292333,0.5468615276146201,0.7764582447509181,-0.658887364525893,465.0,0.25044436347192955,0.9234607623534932,48.4180776842585,0.7494695704282932,1.0,0.0,0.0,0.0,0.0,1.0,1.0,1.0,0.0,0.0,0.999976562526953,0.999976562526953,0.0,0.999976562526953,0.999976562526953,0.0,2134.0,0.051553447417891286,0.01640587127439898,1.3066473744596083,0.0040372522728686555,0.012559939465704929,0.2174518066778358,0.23707987625170637,1.0,1.0,157,0.3536036036036036,-0.03871221534150929,-0.15181780202067052,-0.27812123486305473,0.043197585939982464,31.716798552614456
G23,G23__mom_255_0__top20__weekly__long_only__rev5,long_only,mom_255_0,20,weekly,rev5,20.0,0.0,True,,False,True,0,0,2134.0,1.4167476271864468,0.10982640978037894,0.3265931343612714,0.4836688536171944,0.39830817892523207,0.5614681211548836,-0.6686469257645231,596.0,0.16425172321671067,0.9234607623534932,48.4180776842585,1.169379485278692,1.0,0.0,0.0,0.0,0.0,1.0,1.0,1.0,0.0,0.0,0.999976562526953,0.999976562526953,0.0,0.999976562526953,0.999976562526953,0.0,2134.0,0.0030090642424188377,-0.031742560795033625,1.3056438539517736,-0.044351631523662956,-0.035854228616278946,0.21755836768989592,0.013831066459865649,1.0,1.0,157,0.3536036036036036,-0.07395229787822255,-0.24136292699228923,-0.2699049142223157,0.043139646206212634,31.716798552614456
G23,G23__mom_255_0__top20__weekly__long_short__rev20,long_short,mom_255_0,20,weekly,rev20,0.0,0.0,True,,False,True,4,0,2134.0,0.8193227563923087,0.07322862625190751,0.17597498131371606,0.48961815569499684,0.33122083907914984,0.4686722737428862,-0.33554096077574225,613.0,0.21824049762094364,0.5887476340121919,30.868695067645792,0.0,6.0,24.0,3.0,7.0,1.0,1.0,1.0,1.0,0.0,0.0,0.0005461004804192232,0.5004794948329285,0.49993339435250933,1.0004128891854378,0.0005461004804192232,0.0,2134.0,-0.06879331685406047,-0.06367194709146314,0.06137539031743508,0.07665019199774,0.05047903291189808,0.25153446947348657,-0.2734945910119557,1.0,0.0,114,0.25675675675675674,0.035593691100088115,0.18322589907504075,0.23963965619102012,-0.029820277257145533,13.255269285238175
G23,G23__mom_255_0__top20__weekly__long_short__rev20,long_short,mom_255_0,20,weekly,rev20,0.0,0.01,True,,False,True,4,0,2134.0,0.7443134755122258,0.06790588973343259,0.17598494448447624,0.46134270986086773,0.3029568769708387,0.4281664195805595,-0.3358172546149413,614.0,0.20221084176063447,0.5887816422739083,30.8704781587362,0.0,6.0,24.0,3.0,7.0,1.0,1.0,1.0,1.0,0.0,0.0,0.0005461642711723571,0.5005089714319981,0.49996280716082586,1.000471778592824,0.0005461642711723571,0.06074746477146116,2134.0,-0.07376449147016104,-0.06831571767172799,0.061362774483386937,0.0716809722538558,0.045509463606632695,0.25154328665254944,-0.2932477048057741,1.0,0.0,114,0.25675675675675674,0.03542517566288899,0.17916030119194049,0.24334057987132118,-0.029824174779208956,13.255769509207003
G23,G23__mom_255_0__top20__weekly__long_short__rev20,long_short,mom_255_0,20,weekly,rev20,0.0,0.03,True,,False,True,4,0,2134.0,0.6054016260888648,0.05749174977960125,0.17600458470590333,0.40562176458117755,0.24725855982414977,0.3486250610222364,-0.33636150808482923,733.0,0.17092249974423954,0.5888489308581918,30.87400617425556,0.0,6.0,24.0,3.0,7.0,1.0,1.0,1.0,1.0,0.0,0.0,0.0005462900747260768,0.5005670753845576,0.5000207853098315,1.0005878606943892,0.0005462900747260768,0.1723443501024748,2134.0,-0.08356257243055783,-0.07740143449587202,0.0613379111183293,0.06188674396791324,0.03571454639822271,0.25156066717257725,-0.3321766211298514,1.0,0.0,114,0.25675675675675674,0.035095363532326354,0.17114696049886646,0.25052690654014065,-0.029831859274227074,13.256753522108305
G23,G23__mom_255_0__top20__weekly__long_short__rev20,long_short,mom_255_0,20,weekly,rev20,5.0,0.0,True,,False,True,4,0,2134.0,0.5963674088282196,0.0567872674693366,0.17601821900523476,0.4018218750581005,0.24347307794810716,0.3430260297515574,-0.3367878544056834,733.0,0.1686143568613747,0.5887476340121919,30.868695067645792,0.1828645282141533,6.0,24.0,3.0,7.0,1.0,1.0,1.0,1.0,0.0,0.0,0.0005461004804192232,0.5004794948329285,0.49993339435250933,1.0004128891854378,0.0005461004804192232,0.0,2134.0,-0.08422589184827284,-0.07801605335129828,0.06120147985256301,0.06124456510181538,0.03506935643832293,0.25159017528049127,-0.3347741689609764,1.0,0.0,114,0.25675675675675674,0.0282512496268015,0.13827392740251196,0.24584949537721512,-0.02979687336940784,13.255269285238175
G23,G23__mom_255_0__top20__weekly__long_short__rev20,long_short,mom_255_0,20,weekly,rev20,5.0,0.01,True,,False,True,4,0,2134.0,0.5305388453742521,0.05154513486343704,0.1760281857700702,0.37355500713830325,0.21521747686243212,0.30285482799701846,-0.3370636612642186,733.0,0.15292403420204845,0.5887816422739083,30.8704781587362,0.1786161920335822,6.0,24.0,3.0,7.0,1.0,1.0,1.0,1.0,0.0,0.0,0.0005461642711723571,0.5005089714319981,0.49996280716082586,1.000471778592824,0.0005461642711723571,0.05658237842008071,2134.0,-0.08919765246146254,-0.08258950181876179,0.0611888363711853,0.05627476364490256,0.030099204667353018,0.2515989987803869,-0.3545230819432651,1.0,0.0,114,0.25675675675675674,0.028118797840867238,0.13421374941443254,0.2494818051076323,-0.029800775430330495,13.255769509207003
G23,G23__mom_255_0__top20__weekly__long_short__rev20,long_short,mom_255_0,20,weekly,rev20,5.0,0.03,True,,False,True,4,0,2134.0,0.4086303093325385,0.04128870614389135,0.17604783274619784,0.3178509307595435,0.1595356010252649,0.22397076678992506,-0.33760695543487096,801.0,0.12229815019867538,0.5888489308581918,30.87400617425556,0.1706078827513515,6.0,24.0,3.0,7.0,1.0,1.0,1.0,1.0,0.0,0.0,0.0005462900747260768,0.5005670753845576,0.5000207853098315,1.0005878606943892,0.0005462900747260768,0.16065961757855637,2134.0,-0.09899689515676423,-0.09153762498456512,0.06116391897049606,0.04647938199708494,0.020303132626530208,0.2516163914611213,-0.39344374419287714,1.0,0.0,114,0.25675675675675674,0.027859551404253453,0.12621108589679358,0.25653476718081836,-0.029808469020933565,13.256753522108305
G23,G23__mom_255_0__top20__weekly__long_short__rev20,long_short,mom_255_0,20,weekly,rev20,10.0,0.0,True,,False,True,4,0,2134.0,0.40064612422462376,0.04058999314708278,0.17609857007886215,0.31400252589271255,0.15573427440822857,0.2184669766730835,-0.3380329962022779,741.0,0.12007701497517081,0.5887476340121919,30.868695067645792,0.34064266251399544,6.0,24.0,3.0,7.0,1.0,1.0,1.0,1.0,0.0,0.0,0.0005461004804192232,0.5004794948329285,0.49993339435250933,1.0004128891854378,0.0005461004804192232,0.0,2134.0,-0.0996584668424861,-0.09214721045763251,0.061027569387690925,0.0458389382058899,0.019659679964746886,0.2516718435794146,-0.39598576235262917,1.0,0.0,114,0.25675675675675674,0.02107486018264008,0.09332477418990207,0.25193182509960144,-0.029743202711268346,13.255269285238175
G23,G23__mom_255_0__top20__weekly__long_short__rev20,long_short,mom_255_0,20,weekly,rev20,10.0,0.01,True,,True,True,4,0,2134.0,0.34287826456022397,0.03542728184320265,0.17610854069690984,0.28575019133903345,0.12749298538746046,0.17863612845665938,-0.3383083167202918,811.0,0.1047189208549472,0.5887816422739083,30.8704781587362,0.3328806238952914,6.0,24.0,3.0,7.0,1.0,1.0,1.0,1.0,0.0,0.0,0.0005461642711723571,0.5005089714319981,0.49996280716082586,1.000471778592824,0.0005461642711723571,0.05276847549857254,2134.0,-0.10463081345276372,-0.09665136856956559,0.061014898258983465,0.04086855503594968,0.01468894572807371,0.25168067413930334,-0.4157284376743658,1.0,0.0,114,0.25675675675675674,0.02097766578491865,0.08927515977480685,0.25549670580579154,-0.029747109311168668,13.255769509207003
G23,G23__mom_255_0__top20__weekly__long_short__rev20,long_short,mom_255_0,20,weekly,rev20,10.0,0.03,True,,False,True,4,0,2134.0,0.2358985443750481,0.025326250347088353,0.17612819494953283,0.23007471791773526,0.07183927623900888,0.10042060758859174,-0.33885065285275817,980.0,0.07474163066787257,0.5888489308581918,30.87400617425556,0.31824191835171417,6.0,24.0,3.0,7.0,1.0,1.0,1.0,1.0,0.0,0.0,0.0005462900747260768,0.5005670753845576,0.5000207853098315,1.0005878606943892,0.0005462900747260768,0.14995537710703763,2134.0,-0.11443121788297,-0.1054639169136726,0.06098992682266268,0.03107202002625729,0.0048917188548383665,0.2516980804454654,-0.45463683187589293,1.0,0.0,114,0.25675675675675674,0.020787407389030454,0.08129330803691948,0.26241860681078233,-0.02975481199857996,13.256753522108305
G23,G23__mom_255_0__top20__weekly__long_short__rev20,long_short,mom_255_0,20,weekly,rev20,20.0,0.0,True,,False,True,4,0,2134.0,0.07804485040735387,0.008913704058870708,0.17637038604541683,0.1385167111679473,-0.019495016714596164,-0.02711196823217649,-0.34051803084681587,1093.0,0.026176893002416643,0.5887476340121919,30.868695067645792,0.5934319257009897,6.0,24.0,3.0,7.0,1.0,1.0,1.0,1.0,0.0,0.0,0.0005461004804192232,0.5004794948329285,0.49993339435250933,1.0004128891854378,0.0005461004804192232,0.0,2134.0,-0.1305236168309113,-0.11978288598831131,0.06067974845794669,0.01502768441404025,-0.011159672982403893,0.25191295862370106,-0.5181298236661299,1.0,0.0,114,0.25675675675675674,0.007208855227695508,0.0036392971403998373,0.263722763014679,-0.029545276082513866,13.255269285238175
G23,G23__mom_255_0__top20__weekly__long_short__rev20,long_short,mom_255_0,20,weekly,rev20,20.0,0.01,True,,False,True,4,0,2134.0,0.03356662022566659,0.003906354522707378,0.17638036514863167,0.11031118572399688,-0.04768995073423686,-0.06624411880527593,-0.34079238060198613,1095.0,0.011462564144794182,0.5887816422739083,30.8704781587362,0.5804414098842243,6.0,24.0,3.0,7.0,1.0,1.0,1.0,1.0,0.0,0.0,0.0005461642711723571,0.5005089714319981,0.49996280716082586,1.000471778592824,0.0005461642711723571,0.04607051663337999,2134.0,-0.13549713543536657,-0.12415150021154713,0.060667022034580534,0.010056137818043329,-0.016131572150485454,0.2519218055128222,-0.5378539390805934,1.0,0.0,114,0.25675675675675674,0.007179811404631378,-0.000373876605083763,0.2671562604492319,-0.029549191756354926,13.255769509207003
G23,G23__mom_255_0__top20__weekly__long_short__rev20,long_short,mom_255_0,20,weekly,rev20,20.0,0.03,True,,False,True,4,0,2134.0,-0.0488004371766414,-0.005890693464627117,0.176400035522985,0.05472787626906989,-0.10325239109122418,-0.14308748819934378,-0.341332804436832,1504.0,-0.01725791775081866,0.5888489308581918,30.87400617425556,0.5559181591557255,6.0,24.0,3.0,7.0,1.0,1.0,1.0,1.0,0.0,0.0,0.0005462900747260768,0.5005670753845576,0.5000207853098315,1.0005878606943892,0.0005462900747260768,0.13114408139107545,2134.0,-0.1452998633353822,-0.1326988410500684,0.06064194252699613,0.00025729608460133604,-0.025931108688545982,0.2519392434480946,-0.5767258063760812,1.0,0.0,114,0.25675675675675674,0.007122902947418283,-0.008283932382784381,0.2738227943640442,-0.029556912631754,13.256753522108305
G23,G23__mom_255_0__top20__weekly__long_short__rev5,long_short,mom_255_0,20,weekly,rev5,0.0,0.0,True,,False,True,5,0,2134.0,0.8511366461228922,0.07542790457854065,0.17057042848015166,0.5116074800752768,0.34817058789218175,0.4972455408344136,-0.30698501708276904,622.0,0.24570549173806694,0.7513983998501248,39.39665612110157,0.0,6.0,23.0,2.0,8.0,2.0,1.0,1.0,1.0,0.0,0.0,0.0006087818858242467,0.5004846805581938,0.49987589867236953,1.0003605792305639,0.0006087818858242467,0.0,2134.0,-0.06768875556325304,-0.06175320774458987,0.05231637507829544,0.0791584826916876,0.052729550996400365,0.2491261029633419,-0.2717047902973589,1.0,0.0,114,0.25675675675675674,0.03779296942672125,0.20017564788807266,0.26819559988399333,-0.035224830090709924,21.783230338693954
G23,G23__mom_255_0__top20__weekly__long_short__rev5,long_short,mom_255_0,20,weekly,rev5,0.0,0.01,True,,False,True,5,0,2134.0,0.7748234580491182,0.07009481277088092,0.17058025591437476,0.48243748534792613,0.31901428918431807,0.45501920607621504,-0.31283787967233756,627.0,0.22406114260938395,0.751439637615935,39.39881826315451,0.0,6.0,23.0,2.0,8.0,2.0,1.0,1.0,1.0,0.0,0.0,0.0006088448138800879,0.5005142535178975,0.49990540870401745,1.000419662221915,0.0006088448138800879,0.06052616939979889,2134.0,-0.072659552940007,-0.06640601269788986,0.05230130889368438,0.07419001987843458,0.04776066871011478,0.24913505847001813,-0.29164724301036554,1.0,0.0,114,0.25675675675675674,0.03761409870033732,0.19521771340541988,0.2663199548139249,-0.03522886334931044,21.78410961362531
G23,G23__mom_255_0__top20__weekly__long_short__rev5,long_short,mom_255_0,20,weekly,rev5,0.0,0.03,True,,False,True,5,0,2134.0,0.6334958773423514,0.059660398413128535,0.17059962936274434,0.4249538352384996,0.2615576288716691,0.3721216934840405,-0.32478682611968157,746.0,0.1836909431515677,0.7515211789594695,39.40309356673717,0.0,6.0,23.0,2.0,8.0,2.0,1.0,1.0,1.0,0.0,0.0,0.0006089689151569987,0.5005725474899233,0.4999635785747662,1.0005361260646892,0.0006089689151569987,0.17163041468166323,2134.0,-0.08245689586537891,-0.07550941773187184,0.05227161498607635,0.06439727813874381,0.037967100226740776,0.24915271218642857,-0.33094922042703084,1.0,0.0,114,0.25675675675675674,0.037264012165853636,0.1854460295463858,0.2621015885052883,-0.035236814617386064,21.785840914589915
G23,G23__mom_255_0__top20__weekly__long_short__rev5,long_short,mom_255_0,20,weekly,rev5,5.0,0.0,True,,False,True,5,0,2134.0,0.566638376809963,0.054443927429773,0.170460679716742,0.39621251907559135,0.23269027969388878,0.33036383718227597,-0.33117889971010084,746.0,0.1643943121902717,0.7513983998501248,39.39665612110157,0.22682072892902094,6.0,23.0,2.0,8.0,2.0,1.0,1.0,1.0,0.0,0.0,0.0006087818858242467,0.5004846805581938,0.49987589867236953,1.0003605792305639,0.0006087818858242467,0.0,2134.0,-0.08741520733943575,-0.08006047796211936,0.052056659006479135,0.059472274924025986,0.03303737659136384,0.24908936982104296,-0.3509391324175688,1.0,0.0,114,0.25675675675675674,0.025907909587237897,0.12749112914829358,0.25145845007279766,-0.0353544126579006,21.783230338693954
G23,G23__mom_255_0__top20__weekly__long_short__rev5,long_short,mom_255_0,20,weekly,rev5,5.0,0.01,True,,False,True,5,0,2134.0,0.5020398826341603,0.04921376105400754,0.1704705125269126,0.36702631814457326,0.20351742684034274,0.28857382542745047,-0.33710617812478394,747.0,0.14598890274799553,0.751439637615935,39.39881826315451,0.2214825609187978,6.0,23.0,2.0,8.0,2.0,1.0,1.0,1.0,0.0,0.0,0.0006088448138800879,0.5005142535178975,0.49990540870401745,1.000419662221915,0.0006088448138800879,0.0552715443093535,2134.0,-0.09238669808837258,-0.08462348660652175,0.05204156771771812,0.05450312262857511,0.02806780415027824,0.24909832970851922,-0.3708844543296548,1.0,0.0,114,0.25675675675675674,0.025787424031437745,0.12251369939234315,0.24943928824706696,-0.03535844867348811,21.78410961362531
G23,G23__mom_255_0__top20__weekly__long_short__rev5,long_short,mom_255_0,20,weekly,rev5,5.0,0.03,True,,False,True,5,0,2134.0,0.3824087699173515,0.038980733897901354,0.17048989608971957,0.30951070641406836,0.14602811897916038,0.20653345996653838,-0.3486357106329616,754.0,0.1118093548911852,0.7515211789594695,39.40309356673717,0.21142881641253453,6.0,23.0,2.0,8.0,2.0,1.0,1.0,1.0,0.0,0.0,0.0006089689151569987,0.5005725474899233,0.4999635785747662,1.0005361260646892,0.0006089689151569987,0.1568881465368263,2134.0,-0.10218541447815345,-0.09355119330206478,0.05201182477188106,0.04470901502313837,0.018272868488075186,0.24911599166367998,-0.41019211089470836,1.0,0.0,114,0.25675675675675674,0.025551579158263456,0.11270360385068907,0.2455060119827277,-0.03536640567741184,21.785840914589915
G23,G23__mom_255_0__top20__weekly__long_short__rev5,long_short,mom_255_0,20,weekly,rev5,10.0,0.0,True,,False,True,5,0,2134.0,0.32571222963587054,0.03385539994519671,0.17042151188363724,0.28055263099866296,0.11700981440739143,0.1651469741841345,-0.3548144529128999,754.0,0.09541719528969568,0.7513983998501248,39.39665612110157,0.4141162275721233,6.0,23.0,2.0,8.0,2.0,1.0,1.0,1.0,0.0,0.0,0.0006087818858242467,0.5004846805581938,0.49987589867236953,1.0003605792305639,0.0006087818858242467,0.0,2134.0,-0.10714165911561933,-0.09802274190136155,0.05179694293466277,0.039786067156363514,0.013345202186326417,0.2491009619885215,-0.430113389608493,1.0,0.0,114,0.25675675675675674,0.014340266980754007,0.05460031418906493,0.2351503683889794,-0.03542026090649325,21.783230338693954
G23,G23__mom_255_0__top20__weekly__long_short__rev5,long_short,mom_255_0,20,weekly,rev5,10.0,0.01,True,,True,True,5,0,2134.0,0.27103638428138543,0.02872624087826825,0.17043135020912245,0.2513623189867355,0.08783248936489539,0.1238069485971041,-0.36053355227634754,815.0,0.07967702505604721,0.751439637615935,39.39881826315451,0.40460822421150056,6.0,23.0,2.0,8.0,2.0,1.0,1.0,1.0,0.0,0.0,0.0006088448138800879,0.5005142535178975,0.49990540870401745,1.000419662221915,0.0006088448138800879,0.05057061192724266,2134.0,-0.1121138432367382,-0.10249762768498764,0.05178182654175154,0.03481622537871563,0.008374939590441655,0.2491099273971845,-0.45005770909315174,1.0,0.0,114,0.25675675675675674,0.01427662481998425,0.04961466375224179,0.23327147024973582,-0.03542429979895606,21.78410961362531
G23,G23__mom_255_0__top20__weekly__long_short__rev5,long_short,mom_255_0,20,weekly,rev5,10.0,0.03,True,,False,True,5,0,2134.0,0.16978250592832111,0.018690847695864488,0.1704507441713923,0.19383857620001801,0.030334338588297947,0.042650468158581346,-0.3716581140823054,888.0,0.05029043356692412,0.7515211789594695,39.40309356673717,0.38669010916433,6.0,23.0,2.0,8.0,2.0,1.0,1.0,1.0,0.0,0.0,0.0006089689151569987,0.5005725474899233,0.4999635785747662,1.0005361260646892,0.0006089689151569987,0.1436928815754718,2134.0,-0.12191393309092745,-0.11125291050992234,0.05175203455768571,0.025020751907533476,-0.0014213632505898496,0.24912759984639288,-0.4893634152382039,1.0,0.0,114,0.25675675675675674,0.014152004737806588,0.03978837038620855,0.22961114558123508,-0.035432262776720486,21.785840914589915
G23,G23__mom_255_0__top20__weekly__long_short__rev5,long_short,mom_255_0,20,weekly,rev5,20.0,0.0,True,,False,True,5,0,2134.0,-0.05101230820551017,-0.0061639522670706715,0.17055502588896715,0.04901233453419531,-0.1143772752162345,-0.159528133429695,-0.3996548905680599,1106.0,-0.015423187386270631,0.7513983998501248,39.39665612110157,0.6947226023478968,6.0,23.0,2.0,8.0,2.0,1.0,1.0,1.0,0.0,0.0,0.0006087818858242467,0.5004846805581938,0.49987589867236953,1.0003605792305639,0.0006087818858242467,0.0,2134.0,-0.1465945626679853,-0.1329372430793966,0.051277510791030295,0.0004136516210397428,-0.026039146623747175,0.2492690671784034,-0.5880976902884892,1.0,0.0,114,0.25675675675675674,-0.007868801098245871,-0.0912429613612385,0.20458590329343496,-0.035360636238963544,21.783230338693954
G23,G23__mom_255_0__top20__weekly__long_short__rev5,long_short,mom_255_0,20,weekly,rev5,20.0,0.01,True,,False,True,5,0,2134.0,-0.0901677682762747,-0.011096713701958527,0.17056487562966113,0.01985009579126767,-0.143527283295587,-0.1999288715325038,-0.4049789095593219,1107.0,-0.027400719988192532,0.751439637615935,39.39881826315451,0.6795753550481215,6.0,23.0,2.0,8.0,2.0,1.0,1.0,1.0,0.0,0.0,0.0006088448138800879,0.5005142535178975,0.49990540870401745,1.000419662221915,0.0006088448138800879,0.04259082909424019,2134.0,-0.15156813353346923,-0.13724078362687636,0.05126234418981867,-0.0045575691210031615,-0.031010789529231263,0.24927804703777667,-0.608028405768519,1.0,0.0,114,0.25675675675675674,-0.007823256820034527,-0.09621120916643391,0.20296973149189612,-0.035364681275325466,21.78410961362531
G23,G23__mom_255_0__top20__weekly__long_short__rev5,long_short,mom_255_0,20,weekly,rev5,20.0,0.03,True,,False,True,5,0,2134.0,-0.16267766649161675,-0.020747829788442806,0.17058429118221516,-0.037618397442455764,-0.20097167537343077,-0.279241117426917,-0.41654116603820723,1516.0,-0.04980979427742734,0.7515211789594695,39.40309356673717,0.6509929908803944,6.0,23.0,2.0,8.0,2.0,1.0,1.0,1.0,0.0,0.0,0.0006089689151569987,0.5005725474899233,0.4999635785747662,1.0005361260646892,0.0006089689151569987,0.12127751628788444,2134.0,-0.16137097031647582,-0.1456608075738808,0.051232454129295245,-0.014355774323676717,-0.04080982672792032,0.24929574721658868,-0.6473073532870033,1.0,0.0,114,0.25675675675675674,-0.007734233376397406,-0.10600321666499098,0.198614432762669,-0.03537265697252384,21.785840914589915
G23,G23__mom_255_0__top50__monthly__long_only__rev20,long_only,mom_255_0,50,monthly,rev20,0.0,0.0,True,,False,True,0,0,2134.0,1.6417348308080681,0.12155375982907168,0.27609549118218524,0.554309756452766,0.4533460975856759,0.6338018474041859,-0.5288219241817855,299.0,0.2298576406739273,1.0519014995476361,12.67013877430761,0.0,4.0,4.0,1.0,0.0,0.0,1.0,1.0,1.0,0.0,0.0,0.9997130105692418,0.9997130105692418,0.0,0.9997130105692418,0.9997130105692418,0.0,2134.0,-0.001911438178439767,-0.021511146380363718,1.1900967788015473,-0.03136766833169777,-0.026078981808136035,0.15939486341916173,-0.011991843008223205,1.0,1.0,29,0.28431372549019607,-0.05297351119850191,-0.23177014586187394,-0.1751260384408062,0.04158341722662254,5.44101588229038
G23,G23__mom_255_0__top50__monthly__long_only__rev20,long_only,mom_255_0,50,monthly,rev20,5.0,0.0,True,,True,True,0,0,2134.0,1.5037019344576437,0.11446866943064427,0.27610281764579797,0.5313454043128153,0.43038592541143156,0.6010628426184126,-0.5292764620975587,306.0,0.21627387127135245,1.0519014995476361,12.67013877430761,0.08193522073536469,4.0,4.0,1.0,0.0,0.0,1.0,1.0,1.0,0.0,0.0,0.9997130105692418,0.9997130105692418,0.0,0.9997130105692418,0.9997130105692418,0.0,2134.0,-0.008247899379429631,-0.027692465751810492,1.1900739482359546,-0.03770059184836252,-0.032412389392678875,0.15941282726397593,-0.05173924533545671,1.0,1.0,29,0.28431372549019607,-0.05582018886743542,-0.23933987918736072,-0.17147486420167396,0.041608726786757866,5.44101588229038
G23,G23__mom_255_0__top50__monthly__long_only__rev20,long_only,mom_255_0,50,monthly,rev20,10.0,0.0,True,,False,True,0,0,2134.0,1.3727937354873476,0.1074235069951921,0.27612534808045497,0.5083542784055604,0.40740451369170577,0.56836999015899,-0.5297310000133317,309.0,0.20278878712495318,1.0519014995476361,12.67013877430761,0.1588176076540127,4.0,4.0,1.0,0.0,0.0,1.0,1.0,1.0,0.0,0.0,0.9997130105692418,0.9997130105692418,0.0,0.9997130105692418,0.9997130105692418,0.0,2134.0,-0.014584360580419797,-0.033838950353743416,1.1900511176703619,-0.044033515365027545,-0.03874579697722205,0.1594571189629432,-0.09146258677738375,1.0,1.0,29,0.28431372549019607,-0.05864088735267181,-0.24691532370530228,-0.16784826661554836,0.04164452220019477,5.44101588229038
G23,G23__mom_255_0__top50__monthly__long_only__rev20,long_only,mom_255_0,50,monthly,rev20,20.0,0.0,True,,False,True,0,0,2134.0,1.1309167686153714,0.09345217136586048,0.2762160034703286,0.462306955667257,0.36139320009293935,0.503130315381326,-0.5306400758448782,310.0,0.17611216268780144,1.0519014995476361,12.67013877430761,0.29854666970641774,4.0,4.0,1.0,0.0,0.0,1.0,1.0,1.0,0.0,0.0,0.9997130105692418,0.9997130105692418,0.0,0.9997130105692418,0.9997130105692418,0.0,2134.0,-0.027257282982399565,-0.046028108531558365,1.1900054565391769,-0.05669936239835705,-0.05141261214630789,0.15962458523253598,-0.17075867694623625,1.0,1.0,29,0.28431372549019607,-0.06420497539909362,-0.2620718214128918,-0.16066824954484066,0.0417475502761106,5.44101588229038
G23,G23__mom_255_0__top50__monthly__long_only__rev5,long_only,mom_255_0,50,monthly,rev5,0.0,0.0,True,,False,True,0,0,2134.0,1.7226955170509668,0.1255588661766629,0.2663843492649631,0.5783977270685738,0.47375394112215186,0.6543847570691376,-0.5369014080393895,417.0,0.23385832910211207,1.0594642131912917,12.761231553828004,0.0,4.0,0.0,0.0,1.0,0.0,1.0,1.0,1.0,0.0,0.0,0.9995337647835826,0.9995337647835826,0.0,0.9995337647835826,0.9995337647835826,0.0,2134.0,-0.0008777605118478667,-0.018016929643685207,1.1673549633540368,-0.026810058517764676,-0.022153952307867267,0.1476937332781083,-0.005943112766978662,1.0,1.0,29,0.28431372549019607,-0.048968404850910696,-0.211362302325398,-0.18320552229841014,0.03187227530940043,5.532108661810774
G23,G23__mom_255_0__top50__monthly__long_only__rev5,long_only,mom_255_0,50,monthly,rev5,5.0,0.0,True,,True,True,0,0,2134.0,1.579436271630379,0.11839748296588914,0.26640992478309133,0.5544023551117827,0.44977021254875665,0.6205945420334227,-0.5373645066313499,419.0,0.2203299278326058,1.0594642131912917,12.761231553828004,0.07612922821251408,4.0,0.0,0.0,1.0,0.0,1.0,1.0,1.0,0.0,0.0,0.9995337647835826,0.9995337647835826,0.0,0.9995337647835826,0.9995337647835826,0.0,2134.0,-0.0072555729284449755,-0.02426480994976227,1.1673225085144359,-0.033182841931603826,-0.02852746254716639,0.14774794573008365,-0.04910777535749951,1.0,1.0,29,0.28431372549019607,-0.05189137533219054,-0.21995559205003562,-0.17956290873546515,0.03191583392405123,5.532108661810774
G23,G23__mom_255_0__top50__monthly__long_only__rev5,long_only,mom_255_0,50,monthly,rev5,10.0,0.0,True,,False,True,0,0,2134.0,1.4436226867223567,0.1112767145944924,0.2664515671391348,0.5303796064164529,0.42576538081332466,0.5868498849093531,-0.5378276052233102,421.0,0.20690034039492905,1.0594642131912917,12.761231553828004,0.1475208212389424,4.0,0.0,0.0,1.0,0.0,1.0,1.0,1.0,0.0,0.0,0.9995337647835826,0.9995337647835826,0.0,0.9995337647835826,0.9995337647835826,0.0,2134.0,-0.013633385345042253,-0.030477256227576428,1.167290053674834,-0.039555625345443005,-0.0349009727864658,0.14783110364077148,-0.09222271233374055,1.0,1.0,29,0.28431372549019607,-0.05478767975337151,-0.2285544565836834,-0.17594487182552682,0.03197074125887461,5.532108661810774
G23,G23__mom_255_0__top50__monthly__long_only__rev5,long_only,mom_255_0,50,monthly,rev5,20.0,0.0,True,,False,True,0,0,2134.0,1.192823073001882,0.09715620959178572,0.2665830193427556,0.48226947384749513,0.3777098608399218,0.5195161440624715,-0.5387538024072316,429.0,0.18033507913573404,1.0594642131912917,12.761231553828004,0.2771602306871176,4.0,0.0,0.0,1.0,0.0,1.0,1.0,1.0,0.0,0.0,0.9995337647835826,0.9995337647835826,0.0,0.9995337647835826,0.9995337647835826,0.0,2134.0,-0.026389010178236312,-0.04279655579885549,1.1672251439956318,-0.05230119217312109,-0.04764799326506402,0.1480840438098858,-0.1782029278732773,1.0,1.0,29,0.28431372549019607,-0.06050093717316837,-0.24575516066590936,-0.1687819761071941,0.03211456614853758,5.532108661810774
G23,G23__mom_255_0__top50__monthly__long_short__rev20,long_short,mom_255_0,50,monthly,rev20,0.0,0.0,True,,False,True,1,0,2134.0,0.37944887503111335,0.038717789562486615,0.12427515855039492,0.3678113374329429,0.14357200758777683,0.1999864413867133,-0.24114547542370912,939.0,0.16055781056831694,0.9198098783686035,11.079097054164285,0.0,10.0,28.0,4.0,1.0,1.0,1.0,1.0,1.0,0.0,0.0,0.00022179098358069153,0.5017589267406536,0.5015371357570728,1.0032960624977265,0.00022179098358069153,0.0,2134.0,-0.10924405037723188,-0.09378059657325791,0.012199498288643718,0.043819452893853576,0.01629115363663591,0.22664566198029973,-0.48200371197366,1.0,0.0,22,0.21568627450980393,-0.011511125567632785,-0.07081208363626076,0.12623186754733456,-0.03130280088899948,3.6603720705154714
G23,G23__mom_255_0__top50__monthly__long_short__rev20,long_short,mom_255_0,50,monthly,rev20,0.0,0.01,True,,False,True,1,0,2134.0,0.32236128630842775,0.03354646409904283,0.12430056398550854,0.3276044551484466,0.10340779017369589,0.14378616973979733,-0.24553231477033766,999.0,0.13662749088819945,0.9200221996989666,11.081654461603673,0.0,10.0,28.0,4.0,1.0,1.0,1.0,1.0,1.0,0.0,0.0,0.00022156092220945137,0.5018696911119972,0.5016481301897878,1.003517821301785,0.00022156092220945137,0.049917882868227105,2134.0,-0.11423244411422652,-0.0982922700263348,0.012185160908236983,0.0388332807893333,0.011304589279430944,0.22666192256647033,-0.5039772133792213,1.0,0.0,22,0.21568627450980393,-0.011451337088843369,-0.07886249233363202,0.12627278982165452,-0.03131177242998276,3.6609315418867228
G23,G23__mom_255_0__top50__monthly__long_short__rev20,long_short,mom_255_0,50,monthly,rev20,0.0,0.03,True,,False,True,1,0,2134.0,0.2166154149003401,0.02342398981480387,0.1243506837812671,0.248367393857041,0.024254824566710943,0.03360865150005304,-0.2541090976656304,1111.0,0.09218083897817125,0.9204436704639019,11.086731071042236,0.0,10.0,28.0,4.0,1.0,1.0,1.0,1.0,1.0,0.0,0.0,0.00022110657737366748,0.5020881690725354,0.5018670624951617,1.0039552315676972,0.00022110657737366748,0.14198061489524688,2134.0,-0.12406920739824935,-0.10712352592591094,0.012156900696335921,0.02900089653430395,0.0014714318833189291,0.22669400236273607,-0.5472981468637383,1.0,0.0,22,0.21568627450980393,-0.011334310727662632,-0.09473061666303176,0.1263372892136722,-0.03132947656372789,3.6620311718597263
G23,G23__mom_255_0__top50__monthly__long_short__rev20,long_short,mom_255_0,50,monthly,rev20,5.0,0.0,True,,False,True,1,0,2134.0,0.31621383732863295,0.03297790855113014,0.12431497122576844,0.3231544893694908,0.09898396547554646,0.13756901315328013,-0.2480208093498859,999.0,0.13296428085035322,0.9198098783686035,11.079097054164285,0.05583471093096136,10.0,28.0,4.0,1.0,1.0,1.0,1.0,1.0,0.0,0.0,0.00022179098358069153,0.5017589267406536,0.5015371357570728,1.0032960624977265,0.00022179098358069153,0.0,2134.0,-0.11478092160589752,-0.09878830087766233,0.01206385244898517,0.03830360051199589,0.010771802055363423,0.22668952939031733,-0.5063353473563664,1.0,0.0,22,0.21568627450980393,-0.013361907997201355,-0.09154788914560523,0.12233584313134349,-0.031245417959398267,3.6603720705154723
G23,G23__mom_255_0__top50__monthly__long_short__rev20,long_short,mom_255_0,50,monthly,rev20,5.0,0.01,True,,True,True,1,0,2134.0,0.26172951842564873,0.027833844376674577,0.12434040100970127,0.28296017510739496,0.05883211639582664,0.08162146988037039,-0.2523696917847271,1013.0,0.11028996461436033,0.9200221996989666,11.081654461603673,0.05465798689128092,10.0,28.0,4.0,1.0,1.0,1.0,1.0,1.0,0.0,0.0,0.00022156092220945137,0.5018696911119972,0.5016481301897878,1.003517821301785,0.00022156092220945137,0.0486540782178435,2134.0,-0.11977048101071487,-0.10327619047983025,0.012049498803945777,0.033316265259920534,0.005784074149573081,0.226705807287878,-0.5283079531289935,1.0,0.0,22,0.21568627450980393,-0.013293189139481326,-0.09958160226216325,0.1223953599208647,-0.03125436854493434,3.6609315418867228
G23,G23__mom_255_0__top50__monthly__long_short__rev20,long_short,mom_255_0,50,monthly,rev20,5.0,0.03,True,,False,True,1,0,2134.0,0.16080724853570483,0.01776473409164403,0.12439056781805734,0.2037477874588274,-0.02029657067209427,-0.028061044475098065,-0.2608722504171791,1114.0,0.06809744640618233,0.9204436704639019,11.086731071042236,0.05243480350138492,10.0,28.0,4.0,1.0,1.0,1.0,1.0,1.0,0.0,0.0,0.00022110657737366748,0.5020881690725354,0.5018670624951617,1.0039552315676972,0.00022110657737366748,0.13842935344875973,2134.0,-0.12960955967966728,-0.11206088946855346,0.012021206464461767,0.023481570598254703,-0.004051394446133409,0.22673792069011256,-0.571627186511988,1.0,0.0,22,0.21568627450980393,-0.01315867614776177,-0.11541681565872197,0.12249627999835139,-0.031272031748056775,3.6620311718597263
G23,G23__mom_255_0__top50__monthly__long_short__rev20,long_short,mom_255_0,50,monthly,rev20,10.0,0.0,True,,False,True,1,0,2134.0,0.255841239333471,0.02726623889059976,0.12438118719628888,0.27846711065814644,0.05441245138651528,0.07545425619925103,-0.25483938464379785,1013.0,0.10699381859170311,0.9198098783686035,11.079097054164285,0.10897379490579681,10.0,28.0,4.0,1.0,1.0,1.0,1.0,1.0,0.0,0.0,0.00022179098358069153,0.5017589267406536,0.5015371357570728,1.0032960624977265,0.00022179098358069153,0.0,2134.0,-0.12031779283456306,-0.10377139245878991,0.011928206609326603,0.032787748130138294,0.005252450474091042,0.226747877598172,-0.5306236781972554,1.0,0.0,22,0.21568627450980393,-0.01519761459378264,-0.11225375397682592,0.11848358213503313,-0.03116910091551231,3.6603720705154723
G23,G23__mom_255_0__top50__monthly__long_short__rev20,long_short,mom_255_0,50,monthly,rev20,10.0,0.01,True,,False,True,1,0,2134.0,0.20384296854459127,0.022149308516615784,0.1244066467803936,0.23829389757985586,0.014281496928671127,0.019769449699681373,-0.2591506085280698,1099.0,0.08546886554664096,0.9200221996989666,11.081654461603673,0.10669501961610353,10.0,28.0,4.0,1.0,1.0,1.0,1.0,1.0,0.0,0.0,0.00022156092220945137,0.5018696911119972,0.5016481301897878,1.003517821301785,0.00022156092220945137,0.047430154531953775,2134.0,-0.12530851790720324,-0.1082356094361863,0.0119138366996546,0.027799249730507767,0.0002635590197152212,0.2267641777228468,-0.5525939730231838,1.0,0.0,22,0.21568627450980393,-0.015120034421027814,-0.12026378921844726,0.11856147308338588,-0.031178027338829503,3.6609315418867228
G23,G23__mom_255_0__top50__monthly__long_short__rev20,long_short,mom_255_0,50,monthly,rev20,10.0,0.03,True,,False,True,1,0,2134.0,0.1075270347354853,0.012133312677399699,0.12445687144381123,0.15912299949785588,-0.06480610905342808,-0.08939854358983859,-0.2675795264328553,1160.0,0.0453446974779827,0.9204436704639019,11.086731071042236,0.10238897278729937,10.0,28.0,4.0,1.0,1.0,1.0,1.0,1.0,0.0,0.0,0.00022110657737366748,0.5020881690725354,0.5018670624951617,1.0039552315676972,0.00022110657737366748,0.13498960412547206,2134.0,-0.13514991196108536,-0.11697396923453154,0.011885512232587598,0.017962244662205272,-0.009574220775585935,0.22679633447824496,-0.5959087137453246,1.0,0.0,22,0.21568627450980393,-0.0149681700243273,-0.1360523322884471,0.11869838266139127,-0.03119564326136587,3.6620311718597263
G23,G23__mom_255_0__top50__monthly__long_short__rev20,long_short,mom_255_0,50,monthly,rev20,20.0,0.0,True,,False,True,1,0,2134.0,0.14317725754882304,0.015927044510610555,0.12459264384953798,0.18911491588462986,-0.03456780043678911,-0.047720526448662,-0.2683079502377491,1113.0,0.05936106066367961,0.9198098783686035,11.079097054164285,0.20766085961997457,10.0,28.0,4.0,1.0,1.0,1.0,1.0,1.0,0.0,0.0,0.00022179098358069153,0.5017589267406536,0.5015371357570728,1.0032960624977265,0.00022179098358069153,0.0,2134.0,-0.13139153529189465,-0.11366416417179055,0.011656914930009565,0.021756043366422607,-0.0057862526884542445,0.22690796895104853,-0.5790520971973449,1.0,0.0,22,0.21568627450980393,-0.018824128980399348,-0.1534762179076931,0.11090886829245389,-0.030959854402464418,3.6603720705154714
G23,G23__mom_255_0__top50__monthly__long_short__rev20,long_short,mom_255_0,50,monthly,rev20,20.0,0.01,True,,False,True,1,0,2134.0,0.09582003523701288,0.010864001369260912,0.12461817930851696,0.1490093263775889,-0.07463156352356616,-0.10284765578360879,-0.27254474366916515,1160.0,0.039861349820961636,0.9200221996989666,11.081654461603673,0.20338656018590176,10.0,28.0,4.0,1.0,1.0,1.0,1.0,1.0,0.0,0.0,0.00022156092220945137,0.5018696911119972,0.5016481301897878,1.003517821301785,0.00022156092220945137,0.04509664790952084,2134.0,-0.13638459170017997,-0.11808136774833675,0.01164251249107223,0.016765218671682257,-0.010777471240000485,0.22692432824646863,-0.6010135306076526,1.0,0.0,22,0.21568627450980393,-0.01872903194330439,-0.16141813171234956,0.11102285377408727,-0.030968722957361833,3.6609315418867228
G23,G23__mom_255_0__top50__monthly__long_short__rev20,long_short,mom_255_0,50,monthly,rev20,20.0,0.03,True,,False,True,1,0,2134.0,0.008103202018296063,0.0009534898663576818,0.12466855205425469,0.06997150432633656,-0.15358694751515925,-0.21092384542171738,-0.2808281142242067,1358.0,0.0033952792404411385,0.9204436704639019,11.086731071042236,0.1953068164811147,10.0,28.0,4.0,1.0,1.0,1.0,1.0,1.0,0.0,0.0,0.00022110657737366748,0.5020881690725354,0.5018670624951617,1.0039552315676972,0.00022110657737366748,0.1284298613749657,2134.0,-0.14623061652392128,-0.12672769874609277,0.011614123768839281,0.00692359279010674,-0.02061987343449066,0.22695660088948755,-0.6443109209021229,1.0,0.0,22,0.21568627450980393,-0.018542867621642718,-0.17707241272794455,0.11123046305039808,-0.030986225418070404,3.6620311718597263
G23,G23__mom_255_0__top50__monthly__long_short__rev5,long_short,mom_255_0,50,monthly,rev5,0.0,0.0,True,,False,True,2,0,2134.0,0.5046963416545964,0.04943271527120707,0.11581994849267245,0.4746381213620038,0.23403239694523606,0.31998964770082394,-0.17309732114328547,670.0,0.2855775869014631,0.8849439656941975,10.65913762614979,0.0,10.0,24.0,3.0,2.0,2.0,1.0,1.0,1.0,0.0,0.0,-7.556169891317793e-05,0.5021004978944321,0.5021760595933453,1.0042765574877774,-7.556169891317793e-05,0.0,2134.0,-0.09998129988453758,-0.08443246209333774,-0.00164557755336284,0.055227551366995295,0.027312237943807112,0.2244054779625673,-0.44553858841723687,1.0,0.0,22,0.21568627450980393,-0.0007961998589123276,0.019648305721198467,0.19428002182775822,-0.03975801094672195,3.240412642500976
G23,G23__mom_255_0__top50__monthly__long_short__rev5,long_short,mom_255_0,50,monthly,rev5,0.0,0.01,True,,False,True,2,0,2134.0,0.44238969256432226,0.044204986429167814,0.11584385551085305,0.43144832415066203,0.1908893355379973,0.26051830983235547,-0.179013263937424,677.0,0.24693693336947445,0.8851540230841592,10.66166776445887,0.0,10.0,24.0,3.0,2.0,2.0,1.0,1.0,1.0,0.0,0.0,-7.593171885207298e-05,0.5022140050117181,0.5022899367305701,1.004503941742288,-7.593171885207298e-05,0.048004977402029955,2134.0,-0.10497322533003468,-0.08899334413474608,-0.0016618757717197848,0.05023815139338697,0.02232238980497211,0.2244204919530161,-0.4677524071732786,1.0,0.0,22,0.21568627450980393,-0.0007928147587183826,0.008619053030669399,0.19279184065456817,-0.03976848090463825,3.2409448447419207
G23,G23__mom_255_0__top50__monthly__long_short__rev5,long_short,mom_255_0,50,monthly,rev5,0.0,0.03,True,,False,True,2,0,2134.0,0.3269787215370954,0.03397198320685346,0.11589102022214617,0.3463318103080707,0.1058649434339509,0.14395473582534657,-0.19055579508203924,935.0,0.17827840497964198,0.8855708105923829,10.66668796413618,0.0,10.0,24.0,3.0,2.0,2.0,1.0,1.0,1.0,0.0,0.0,-7.666259009060891e-05,0.502437903036202,0.5025145656262925,1.0049524686624942,-7.666259009060891e-05,0.1365446940529813,2134.0,-0.11481711582135856,-0.09792102994948339,-0.001694002113179534,0.04039923900276521,0.012482594036242455,0.22445011216972996,-0.5115484893789382,1.0,0.0,22,0.21568627450980393,-0.000786317335613039,-0.013120497795791788,0.18989059179726336,-0.039789140122848815,3.241988064953671
G23,G23__mom_255_0__top50__monthly__long_short__rev5,long_short,mom_255_0,50,monthly,rev5,5.0,0.0,True,,False,True,2,0,2134.0,0.43827666393246556,0.043852925582914315,0.11586717261751993,0.4284738462150071,0.1879641328216649,0.2564564694322056,-0.18330503188747038,677.0,0.23923470693284243,0.8849439656941975,10.65913762614979,0.05158892612528225,10.0,24.0,3.0,2.0,2.0,1.0,1.0,1.0,0.0,0.0,-7.556169891317793e-05,0.5021004978944321,0.5021760595933453,1.0042765574877774,-7.556169891317793e-05,0.0,2134.0,-0.10530780955185676,-0.0893004962537038,-0.0017530794468447566,0.04991769953331369,0.021999658616305942,0.22444749210031997,-0.4691868399437849,1.0,0.0,22,0.21568627450980393,-0.0024868909654171822,-0.0025677217994867774,0.18705162059375902,-0.03969321656764678,3.240412642500977
G23,G23__mom_255_0__top50__monthly__long_short__rev5,long_short,mom_255_0,50,monthly,rev5,5.0,0.01,True,,True,True,2,0,2134.0,0.3787055504355612,0.038651677637103976,0.1158910987819971,0.38530112574608233,0.14483789525822094,0.1972505828258422,-0.18915040599301525,927.0,0.20434361445954954,0.8851540230841592,10.66166776445887,0.05047127260354548,10.0,24.0,3.0,2.0,2.0,1.0,1.0,1.0,0.0,0.0,-7.593171885207298e-05,0.5022140050117181,0.5022899367305701,1.004503941742288,-7.593171885207298e-05,0.04686423692636189,2134.0,-0.11030089182868974,-0.09383827529040652,-0.0017693724332337847,0.04492714191765583,0.01700865303146219,0.22446251733727868,-0.4914000481557061,1.0,0.0,22,0.21568627450980393,-0.002475355879051927,-0.013575823399768955,0.18561464571257658,-0.039703670772638505,3.2409448447419207
G23,G23__mom_255_0__top50__monthly__long_short__rev5,long_short,mom_255_0,50,monthly,rev5,5.0,0.03,True,,False,True,2,0,2134.0,0.2683632085845593,0.02847051270719958,0.11593830018923586,0.30021816464956247,0.05984655558821093,0.08120709783028565,-0.20055521240546204,1009.0,0.14195847799577907,0.8855708105923829,10.66668796413618,0.048361228897238186,10.0,24.0,3.0,2.0,2.0,1.0,1.0,1.0,0.0,0.0,-7.666259009060891e-05,0.502437903036202,0.5025145656262925,1.0049524686624942,-7.666259009060891e-05,0.1333410240019236,2134.0,-0.12014707895794126,-0.10272073528259905,-0.0018014880318750165,0.03508593122446521,0.007166559357872382,0.22449215912402576,-0.5351949904475876,1.0,0.0,22,0.21568627450980393,-0.002452897532206219,-0.035273689398416776,0.18281331801006845,-0.039724299376878255,3.241988064953671
G23,G23__mom_255_0__top50__monthly__long_short__rev5,long_short,mom_255_0,50,monthly,rev5,10.0,0.0,True,,False,True,2,0,2134.0,0.37475215929828765,0.03829953056005797,0.11594052367414599,0.38226102513327365,0.141900885791657,0.19319538673950076,-0.1933949471475892,933.0,0.19803790701330845,0.8849439656941975,10.65913762614979,0.10077752492179265,10.0,24.0,3.0,2.0,2.0,1.0,1.0,1.0,0.0,0.0,-7.556169891317793e-05,0.5021004978944321,0.5021760595933453,1.0042765574877774,-7.556169891317793e-05,0.0,2134.0,-0.11063431921917603,-0.09414550264059304,-0.0018605813403267369,0.04460784769963199,0.016687079288804682,0.22450299997675377,-0.4927966184444382,1.0,0.0,22,0.21568627450980393,-0.004164322924324428,-0.024765319571684208,0.17992801963124178,-0.039609764437655196,3.240412642500977
G23,G23__mom_255_0__top50__monthly__long_short__rev5,long_short,mom_255_0,50,monthly,rev5,10.0,0.01,True,,False,True,2,0,2134.0,0.3177979871420029,0.033124644519320956,0.11596447450824485,0.33911509962650616,0.09880118239437101,0.13426788640436324,-0.19917053826614106,995.0,0.16631297383480606,0.8851540230841592,10.66166776445887,0.0986104147220545,10.0,24.0,3.0,2.0,2.0,1.0,1.0,1.0,0.0,0.0,-7.593171885207298e-05,0.5022140050117181,0.5022899367305701,1.004503941742288,-7.593171885207298e-05,0.04575780844774788,2134.0,-0.11562855832734478,-0.09866028248528365,-0.0018768690947476574,0.03961613244192471,0.01169491625795231,0.22451804119967292,-0.5150078706793618,1.0,0.0,22,0.21568627450980393,-0.004144698418322643,-0.03574410375274738,0.17854154334531463,-0.03962019961097826,3.2409448447419207
G23,G23__mom_255_0__top50__monthly__long_short__rev5,long_short,mom_255_0,50,monthly,rev5,10.0,0.03,True,,False,True,2,0,2134.0,0.21230446462585184,0.022995084947602162,0.11601172358181523,0.254084842882552,0.01386203136706422,0.01876970724008139,-0.21043915377279376,1081.0,0.10927189420477056,0.8855708105923829,10.66668796413618,0.09451839381903511,10.0,24.0,3.0,2.0,2.0,1.0,1.0,1.0,0.0,0.0,-7.666259009060891e-05,0.502437903036202,0.5025145656262925,1.0049524686624942,-7.666259009060891e-05,0.1302332275029891,2134.0,-0.1254770420945241,-0.10749771987617018,-0.0019089739505705476,0.029772623446165093,0.001850524679502197,0.22454771394593204,-0.558799018211057,1.0,0.0,22,0.21568627450980393,-0.004106397754124837,-0.05738419186795478,0.17583875532145282,-0.03964079112336187,3.241988064953671
G23,G23__mom_255_0__top50__monthly__long_short__rev5,long_short,mom_255_0,50,monthly,rev5,20.0,0.0,True,,False,True,2,0,2134.0,0.25589553967338974,0.02727148392895895,0.11616539098424215,0.2898154417101369,0.04991383586638626,0.06766251718846715,-0.21322643891366078,1067.0,0.12789916704467247,0.8849439656941975,10.65913762614979,0.19238121387134993,10.0,24.0,3.0,2.0,2.0,1.0,1.0,1.0,0.0,0.0,-7.556169891317793e-05,0.5021004978944321,0.5021760595933453,1.0042765574877774,-7.556169891317793e-05,0.0,2134.0,-0.12128733855381477,-0.10376681647522636,-0.0020755851272906134,0.0339881440322684,0.00606192063380196,0.22465445450560972,-0.5398839690079956,1.0,0.0,22,0.21568627450980393,-0.007479689562050952,-0.06899458160451774,0.16599037961654223,-0.03938710726776025,3.240412642500976
G23,G23__mom_255_0__top50__monthly__long_short__rev5,long_short,mom_255_0,50,monthly,rev5,20.0,0.01,True,,False,True,2,0,2134.0,0.20383955848669721,0.022148966605737064,0.11618940765624707,0.24675202246929845,0.006896095515930924,0.009331073964912444,-0.2188647887311178,1081.0,0.10119931458206262,0.8851540230841592,10.66166776445887,0.18830620565632486,10.0,24.0,3.0,2.0,2.0,1.0,1.0,1.0,0.0,0.0,-7.593171885207298e-05,0.5022140050117181,0.5022899367305701,1.004503941742288,-7.593171885207298e-05,0.0436435168688423,2134.0,-0.1262838913246549,-0.10823590773306278,-0.002091862417775624,0.028994113490462447,0.001067442710932489,0.2246695418943665,-0.562087278319329,1.0,0.0,22,0.21568627450980393,-0.0074440667068282375,-0.07989047267285247,0.1647028087121346,-0.039397494609631725,3.2409448447419207
G23,G23__mom_255_0__top50__monthly__long_short__rev5,long_short,mom_255_0,50,monthly,rev5,20.0,0.03,True,,False,True,2,0,2134.0,0.10742149456308914,0.01212192262930678,0.11623678483499021,0.1618841600992888,-0.07788173467142258,-0.105000195192691,-0.22986556057603913,1184.0,0.05273483595772003,0.8855708105923829,10.66668796413618,0.1806090086761317,10.0,24.0,3.0,2.0,2.0,1.0,1.0,1.0,0.0,0.0,-7.666259009060891e-05,0.502437903036202,0.5025145656262925,1.0049524686624942,-7.666259009060891e-05,0.12429307989965596,2134.0,-0.13613696836768954,-0.11698390637308047,-0.002123945787961577,0.019146007889565084,-0.008781544677237945,0.2246993046801493,-0.605862882225983,1.0,0.0,22,0.21568627450980393,-0.007374434858693619,-0.10136719988420788,0.16219301669856567,-0.03941799263733488,3.241988064953671
G23,G23__mom_255_0__top50__weekly__long_only__rev20,long_only,mom_255_0,50,weekly,rev20,0.0,0.0,True,,False,True,1,0,2134.0,2.8608081381811963,0.17295058130635899,0.28822406634465686,0.6985071255763411,0.6017533119253949,0.8545043631480155,-0.5784117573500684,340.0,0.29900944977106547,0.6291139421975814,32.98514562539971,0.0,5.0,7.0,3.0,1.0,0.0,1.0,1.0,1.0,0.0,0.0,0.9999818776009396,0.9999818776009396,0.0,0.9999818776009396,0.9999818776009396,0.0,2134.0,0.04637270145098719,0.023329519068137135,1.2316195397012397,0.01048235910829061,0.016913152245002498,0.1708601232821215,0.2714073978187253,1.0,1.0,150,0.33783783783783783,0.024702128595549377,0.005619570226168102,-0.22423632211460576,0.058540344869403765,17.21122591980923
G23,G23__mom_255_0__top50__weekly__long_only__rev20,long_only,mom_255_0,50,weekly,rev20,5.0,0.0,True,,False,True,1,0,2134.0,2.357433052039376,0.15375928365972147,0.2882319620713,0.6412464370886973,0.5445023086616404,0.771241715471473,-0.5792660827060845,347.0,0.26543809183756034,0.6291139421975814,32.98514562539971,0.24233384061634888,5.0,7.0,3.0,1.0,0.0,1.0,1.0,1.0,0.0,0.0,0.9999818776009396,0.9999818776009396,0.0,0.9999818776009396,0.9999818776009396,0.0,2134.0,0.029873856079961948,0.006586254940883622,1.2313769385705928,-0.005978894280456828,0.00044571326142417694,0.17092571358448358,0.17477683991177945,1.0,1.0,150,0.33783783783783783,0.014532167385661182,-0.017264147614877712,-0.21623027053579308,0.058539110918737675,17.21122591980923
G23,G23__mom_255_0__top50__weekly__long_only__rev20,long_only,mom_255_0,50,weekly,rev20,10.0,0.0,True,,True,True,1,0,2134.0,1.9194749493979213,0.13487218808708823,0.2882660927908237,0.583935737056755,0.48720987477565275,0.6883514334217263,-0.5801192636144907,365.0,0.23249044902724597,0.6291139421975814,32.98514562539971,0.44543699955827665,5.0,7.0,3.0,1.0,0.0,1.0,1.0,1.0,0.0,0.0,0.9999818776009396,0.9999818776009396,0.0,0.9999818776009396,0.9999818776009396,0.0,2134.0,0.013375010708936923,-0.009891610995642423,1.231134337439947,-0.022440147669204265,-0.016021725722153983,0.17103549969214712,0.0782002024901911,1.0,1.0,150,0.33783783783783783,0.00459705188342463,-0.04018104574114184,-0.20834300462206823,0.05855933186632001,17.21122591980923
G23,G23__mom_255_0__top50__weekly__long_only__rev20,long_only,mom_255_0,50,weekly,rev20,20.0,0.0,True,,False,True,1,0,2134.0,1.207009021880606,0.09799199299561367,0.288413014793549,0.46922703095456003,0.37256337805033307,0.5237455919450807,-0.5973388400761439,562.0,0.16404758308219577,0.6291139421975814,32.98514562539971,0.7559586870126289,5.0,7.0,3.0,1.0,0.0,1.0,1.0,1.0,0.0,0.0,0.9999818776009396,0.9999818776009396,0.0,0.9999818776009396,0.9999818776009396,0.0,2134.0,-0.019622680033113068,-0.04206738455983241,1.2306491351786522,-0.05536265444669845,-0.04895660368931042,0.17138728540554177,-0.11449320751350539,1.0,1.0,150,0.33783783783783783,-0.014585169643801923,-0.08606031708740464,-0.2084350936232336,0.05866409781246143,17.21122591980923
G23,G23__mom_255_0__top50__weekly__long_only__rev5,long_only,mom_255_0,50,weekly,rev5,0.0,0.0,True,,False,True,2,0,2134.0,2.5735796483966067,0.16229116349310124,0.2791172865438594,0.6797732463541682,0.5798663139705765,0.8154648121488975,-0.5795720694137585,303.0,0.2800189520127496,0.8471675051993053,44.41793712358944,0.0,6.0,8.0,3.0,2.0,0.0,1.0,1.0,1.0,0.0,0.0,0.999943587421308,0.999943587421308,0.0,0.999943587421308,0.999943587421308,0.0,2134.0,0.03478260133414225,0.014029811920849783,1.2123563826062158,0.0018771595902177677,0.007772521812421591,0.15951538843906587,0.2180516981747441,1.0,1.0,150,0.33783783783783783,0.014042710782291634,-0.016267427728650308,-0.2253966341782958,0.04943356506860633,28.64401741799896
G23,G23__mom_255_0__top50__weekly__long_only__rev5,long_only,mom_255_0,50,weekly,rev5,5.0,0.0,True,,False,True,2,0,2134.0,1.9607087034624002,0.13675328799235809,0.2790381516897991,0.6002538443911875,0.5003283145200037,0.7009700896671878,-0.5805332919921113,515.0,0.2355649363761491,0.8471675051993053,44.41793712358944,0.3016848974500943,6.0,8.0,3.0,2.0,0.0,1.0,1.0,1.0,0.0,0.0,0.999943587421308,0.999943587421308,0.0,0.999943587421308,0.999943587421308,0.0,2134.0,0.012539860630269595,-0.00825046337010944,1.2118054484909735,-0.020280211744430607,-0.01439944838973117,0.15950411593224295,0.07861778711463789,1.0,1.0,150,0.33783783783783783,-0.0024738282817022006,-0.06143814175651441,-0.21749747982181994,0.04934530053723682,28.64401741799896
G23,G23__mom_255_0__top50__weekly__long_only__rev5,long_only,mom_255_0,50,weekly,rev5,10.0,0.0,True,,True,True,2,0,2134.0,1.4526117957669133,0.11175867062979061,0.27900977865090093,0.5205945945051619,0.42066821566315893,0.5871673150307812,-0.5974587749653126,593.0,0.18705670635815688,0.8471675051993053,44.41793712358944,0.5394613350303401,6.0,8.0,3.0,2.0,0.0,1.0,1.0,1.0,0.0,0.0,0.999943587421308,0.999943587421308,0.0,0.999943587421308,0.999943587421308,0.0,2134.0,-0.00970288007360294,-0.0300567782929779,1.211254514375732,-0.04243758307907895,-0.036571418591883696,0.15958164958196053,-0.060801978792803364,1.0,1.0,150,0.33783783783783783,-0.018516465573872987,-0.10672270485363566,-0.22568251597289013,0.049303017726397225,28.64401741799896
G23,G23__mom_255_0__top50__weekly__long_only__rev5,long_only,mom_255_0,50,weekly,rev5,20.0,0.0,True,,False,True,2,0,2134.0,0.682354166303911,0.06335471047240127,0.27910535224551725,0.36103034342156454,0.2611554878116671,0.36182015188018984,-0.6347065702404465,729.0,0.09981732259113142,0.8471675051993053,44.41793712358944,0.8697625961493775,6.0,8.0,3.0,2.0,0.0,1.0,1.0,1.0,0.0,0.0,0.999943587421308,0.999943587421308,0.0,0.999943587421308,0.999943587421308,0.0,2134.0,-0.054188361481347834,-0.07228635050026334,1.2101526461452483,-0.0867523257483754,-0.08091535899618847,0.1600024710802461,-0.3386720287224235,1.0,1.0,150,0.33783783783783783,-0.04922245216701433,-0.19746820732607062,-0.2458028237875362,0.04935643526442965,28.64401741799896
G23,G23__mom_255_0__top50__weekly__long_short__rev20,long_short,mom_255_0,50,weekly,rev20,0.0,0.0,True,,False,True,7,0,2134.0,0.6529950101987505,0.06114631731258369,0.13373115586289122,0.5106344816234755,0.3022196716641246,0.4278889968344984,-0.2589037092081311,812.0,0.2361739717812561,0.5090163013381813,26.688292373067675,0.0,12.0,30.0,5.0,10.0,3.0,1.0,1.0,1.0,0.0,0.0,0.0003713019174522312,0.5003733304740967,0.5000020285566446,1.0003753590307414,0.0003713019174522312,0.0,2134.0,-0.08666612320238799,-0.0742130419961924,0.04887167111463109,0.06071488523741973,0.03420043561555964,0.2260691276614101,-0.3833611608047173,1.0,0.0,108,0.24324324324324326,0.039379105037647785,0.2642331934741743,0.1979379493709864,-0.022134801548634175,10.996674305541527
G23,G23__mom_255_0__top50__weekly__long_short__rev20,long_short,mom_255_0,50,weekly,rev20,0.0,0.01,True,,False,True,7,0,2134.0,0.5848192496136255,0.0558816119206218,0.1337387692012844,0.47341640896801235,0.26501601455726714,0.37462549305651655,-0.25914262299676694,890.0,0.21564037314432438,0.5090464262675749,26.689871856713413,0.0,12.0,30.0,5.0,10.0,3.0,1.0,1.0,1.0,0.0,0.0,0.00037133620263324904,0.5004031838889295,0.5000318476862962,1.0004350315752255,0.00037133620263324904,0.05459559851116681,2134.0,-0.09163973479826978,-0.07880618387502103,0.04885787850549224,0.05574341085960007,0.02922857847051765,0.22607587791215752,-0.40534945897180896,1.0,0.0,108,0.24324324324324326,0.0391915985217504,0.2589888524421398,0.20549842884265146,-0.022137941393279792,10.997083267203665
G23,G23__mom_255_0__top50__weekly__long_short__rev20,long_short,mom_255_0,50,weekly,rev20,0.0,0.03,True,,False,True,7,0,2134.0,0.4585651206836554,0.04558101420159555,0.13375377787514262,0.40007258149596814,0.1917005918429611,0.27014820765077446,-0.25961331000523424,1039.0,0.17557271697925103,0.5091061772872211,26.69300466931237,0.0,12.0,30.0,5.0,10.0,3.0,1.0,1.0,1.0,0.0,0.0,0.0003714038143787543,0.500462031026591,0.5000906272122124,1.0005526582388036,0.0003714038143787543,0.15515148275408683,2134.0,-0.10144264345399705,-0.08779284186208049,0.0488306934024389,0.045944714640597545,0.019429127817165225,0.2260891844427643,-0.4486841938238661,1.0,0.0,108,0.24324324324324326,0.03882463054888515,0.2486518807211519,0.22007433097968715,-0.022144130722884875,10.997889621528094
G23,G23__mom_255_0__top50__weekly__long_short__rev20,long_short,mom_255_0,50,weekly,rev20,5.0,0.0,True,,False,True,7,0,2134.0,0.47633572168232896,0.04707731314077823,0.13379905348169926,0.4106752997545683,0.20237482617665836,0.2851153822954233,-0.26031757125738786,996.0,0.18084569901826084,0.5090163013381813,26.688292373067675,0.1428898024886669,12.0,30.0,5.0,10.0,3.0,1.0,1.0,1.0,0.0,0.0,0.0003713019174522312,0.5003733304740967,0.5000020285566446,1.0003753590307414,0.0003713019174522312,0.0,2134.0,-0.1000058962578693,-0.08648741015999742,0.04882972706392331,0.04738161157461092,0.020866525878054418,0.22611612968664693,-0.44227670266804087,1.0,0.0,108,0.24324324324324326,0.03329599660174373,0.21471961058257447,0.20872825604516354,-0.02208798049642194,10.996674305541527
G23,G23__mom_255_0__top50__weekly__long_short__rev20,long_short,mom_255_0,50,weekly,rev20,5.0,0.01,True,,False,True,7,0,2134.0,0.4154365879008084,0.041881585690432654,0.13380666729231042,0.37347786929543864,0.16519147144909746,0.23236462260106933,-0.26055608561087806,1043.0,0.16073923428900377,0.5090464262675749,26.689871856713413,0.13976752767892445,12.0,30.0,5.0,10.0,3.0,1.0,1.0,1.0,0.0,0.0,0.00037133620263324904,0.5004031838889295,0.5000318476862962,1.0004350315752255,0.00037133620263324904,0.05134795925707341,2134.0,-0.10498003365548791,-0.09102037289321781,0.04881590201550404,0.04240961642164626,0.015894147071718545,0.2261228863822493,-0.46426098364065843,1.0,0.0,108,0.24324324324324326,0.033138376296952855,0.20949053385770797,0.21611500003834616,-0.022091129814654276,10.997083267203669
G23,G23__mom_255_0__top50__weekly__long_short__rev20,long_short,mom_255_0,50,weekly,rev20,5.0,0.03,True,,False,True,7,0,2134.0,0.3026589893361453,0.03171594777213005,0.133821676452295,0.30017464473113387,0.09191598146077373,0.12889308537159827,-0.26102598564985857,1238.0,0.12150494401225617,0.5091061772872211,26.69300466931237,0.13387535654404634,12.0,30.0,5.0,10.0,3.0,1.0,1.0,1.0,0.0,0.0,0.0003714038143787543,0.500462031026591,0.5000906272122124,1.0005526582388036,0.0003714038143787543,0.14602789231751725,2134.0,-0.11478398846695127,-0.09988928649260496,0.048788652892876906,0.032609883966987885,0.006093658433698719,0.22613620536529558,-0.507587841944777,1.0,0.0,108,0.24324324324324326,0.03282988554024735,0.19918361773565363,0.23035571337429195,-0.0220973380094113,10.997889621528094
G23,G23__mom_255_0__top50__weekly__long_short__rev20,long_short,mom_255_0,50,weekly,rev20,10.0,0.0,True,,False,True,7,0,2134.0,0.3184929950288482,0.033188972328694,0.13390396889145456,0.3107315913370816,0.10260115947108828,0.14384189012994036,-0.2617297334600698,1134.0,0.1268062741284127,0.5090163013381813,26.688292373067675,0.26918169768653993,12.0,30.0,5.0,10.0,3.0,1.0,1.0,1.0,0.0,0.0,0.0003713019174522312,0.5003733304740967,0.5000020285566446,1.0003753590307414,0.0003713019174522312,0.0,2134.0,-0.11334566931335091,-0.09860416030308929,0.04878778301321556,0.034048337911801806,0.007532616140548911,0.22618505528760607,-0.5011191794666805,1.0,0.0,108,0.24324324324324326,0.0273324685465666,0.16526084334863558,0.21924810109169923,-0.02201106052832494,10.996674305541527
G23,G23__mom_255_0__top50__weekly__long_short__rev20,long_short,mom_255_0,50,weekly,rev20,10.0,0.01,True,,True,True,7,0,2134.0,0.2640964402705448,0.02806134768552737,0.13391158361122926,0.27356505802359543,0.06544835580489264,0.09161185179094415,-0.26196784879294477,1238.0,0.10711752535597074,0.5090464262675749,26.689871856713413,0.2634059950598887,12.0,30.0,5.0,10.0,3.0,1.0,1.0,1.0,0.0,0.0,0.00037133620263324904,0.5004031838889295,0.5000318476862962,1.0004350315752255,0.00037133620263324904,0.048339560294377255,2134.0,-0.11832033251270618,-0.10307770739337724,0.04877392552551602,0.029075821983692254,0.0025597156729192795,0.22619181927496418,-0.523097311352685,1.0,0.0,108,0.24324324324324326,0.02720415381059547,0.16005585701169456,0.22646496782003162,-0.02201421916822424,10.997083267203669
G23,G23__mom_255_0__top50__weekly__long_short__rev20,long_short,mom_255_0,50,weekly,rev20,10.0,0.03,True,,False,True,7,0,2134.0,0.16336170547294881,0.018028957294394576,0.1339265941420339,0.20032264200630145,-0.007767008126556352,-0.010838421038834615,-0.2624369626791818,1298.0,0.0686982394184855,0.5091061772872211,26.69300466931237,0.2525016755941949,12.0,30.0,5.0,10.0,3.0,1.0,1.0,1.0,0.0,0.0,0.0003714038143787543,0.500462031026591,0.5000906272122124,1.0005526582388036,0.0003714038143787543,0.13757307281256964,2134.0,-0.12812533347990576,-0.11183037046178006,0.04874661238331507,0.0192750532933779,-0.007241810949768097,0.22620515239354866,-0.566412091520334,1.0,0.0,108,0.24324324324324326,0.026953004156714977,0.14979638683120455,0.240377937136389,-0.02202044591989802,10.997889621528097
G23,G23__mom_255_0__top50__weekly__long_short__rev20,long_short,mom_255_0,50,weekly,rev20,20.0,0.0,True,,False,True,7,0,2134.0,0.05147865413404484,0.005945320983477886,0.13422447524124495,0.11122149818204587,-0.0964035034584607,-0.13383640594005222,-0.26454896221519664,1505.0,0.022473423950314653,0.5090163013381813,26.688292373067675,0.4791250858635934,12.0,30.0,5.0,10.0,3.0,1.0,1.0,1.0,0.0,0.0,0.0003713019174522312,0.5003733304740967,0.5000020285566446,1.0003753590307414,0.0003713019174522312,0.0,2134.0,-0.14002521542431348,-0.12237262341916608,0.04870389491180009,0.007381790586184227,-0.019135203334461476,0.22638859074999587,-0.6185171035361288,1.0,0.0,108,0.24324324324324326,0.015757018730427584,0.06681015025763261,0.2395003648352103,-0.02176728586584334,10.996674305541527
G23,G23__mom_255_0__top50__weekly__long_short__rev20,long_short,mom_255_0,50,weekly,rev20,20.0,0.01,True,,False,True,7,0,2134.0,0.0080846910292931,0.0009513194244372691,0.13423209310379652,0.07414718936480512,-0.13346479007677994,-0.18499980266179797,-0.26668044327851737,1508.0,0.0035672635486199648,0.5090464262675749,26.689871856713413,0.4692224516868912,12.0,30.0,5.0,10.0,3.0,1.0,1.0,1.0,0.0,0.0,0.00037133620263324904,0.5004031838889295,0.5000318476862962,1.0004350315752255,0.00037133620263324904,0.042966658071383175,2134.0,-0.1450009302271423,-0.12672959232739286,0.048689972545539716,0.0024082331077847157,-0.02410914712467881,0.2263953718520977,-0.6404765655804585,1.0,0.0,108,0.24324324324324326,0.01568560741446027,0.06167950269806116,0.2444945515747855,-0.02177046267466548,10.997083267203669
G23,G23__mom_255_0__top50__weekly__long_short__rev20,long_short,mom_255_0,50,weekly,rev20,20.0,0.03,True,,False,True,7,0,2134.0,-0.07227336282016994,-0.008819628847747674,0.13424710905828682,0.001086348514706404,-0.2064999738036906,-0.28535821642374765,-0.285215292127604,1508.0,-0.03092270678039876,0.5091061772872211,26.69300466931237,0.4505098236117185,12.0,30.0,5.0,10.0,3.0,1.0,1.0,1.0,0.0,0.0,0.0003714038143787543,0.500462031026591,0.5000906272122124,1.0005526582388036,0.0003714038143787543,0.12246406361246462,2134.0,-0.15480802350581457,-0.1352541627189933,0.048662531364191255,-0.007394608053841822,-0.03391274971670148,0.2264087382726057,-0.6837546319410127,1.0,0.0,108,0.24324324324324326,0.015545798561496727,0.051566464891528524,0.2397064109346917,-0.021776725577660777,10.997889621528094
G23,G23__mom_255_0__top50__weekly__long_short__rev5,long_short,mom_255_0,50,weekly,rev5,0.0,0.0,True,,False,True,8,0,2134.0,0.8101053402862164,0.07258509438006366,0.13098219196005614,0.6004791474160527,0.38764943653666767,0.5533054506297017,-0.2510193057029694,830.0,0.2891614020554796,0.6694285579648287,35.0988858920191,0.0,14.0,32.0,6.0,11.0,3.0,1.0,1.0,1.0,0.0,0.0,0.00038846376661203045,0.5003620028501828,0.49997353908357084,1.0003355419337536,0.00038846376661203045,0.0,2134.0,-0.0763017876984834,-0.0642333903196874,0.04048868785856214,0.07237819637741051,0.04562481906189839,0.22582498901834766,-0.337880178939294,1.0,0.0,108,0.24324324324324326,0.05081788210512776,0.34966295834671735,0.20582235287614814,-0.024883765451469253,19.407267824492948
G23,G23__mom_255_0__top50__weekly__long_short__rev5,long_short,mom_255_0,50,weekly,rev5,0.0,0.01,True,,False,True,8,0,2134.0,0.7354699614090943,0.06726510469218372,0.13098984439586425,0.5624833242458145,0.34967211973900897,0.49827436991983753,-0.25125945332372157,904.0,0.2677117370207745,0.6694658557280987,35.100841455344664,0.0,14.0,32.0,6.0,11.0,3.0,1.0,1.0,1.0,0.0,0.0,0.0003885001838349205,0.5003919541692273,0.5000034539853925,1.00039540815462,0.0003885001838349205,0.05590554203059345,2134.0,-0.08127425953511595,-0.06887476445386884,0.04047334854583487,0.06740810142653549,0.0406542970616233,0.22583192876345964,-0.35988825840585215,1.0,0.0,108,0.24324324324324326,0.05057509129331232,0.34364495762388164,0.21338159851569682,-0.024886866198699953,19.408052865834918
G23,G23__mom_255_0__top50__weekly__long_short__rev5,long_short,mom_255_0,50,weekly,rev5,0.0,0.03,True,,False,True,8,0,2134.0,0.597250873798232,0.056856314374945205,0.13100493028225055,0.4876071113025568,0.27483237495153046,0.390355274348647,-0.26313382315536393,1063.0,0.21607375932578282,0.6695396841400036,35.104712361319926,0.0,14.0,32.0,6.0,11.0,3.0,1.0,1.0,1.0,0.0,0.0,0.0003885720008749193,0.500450994368085,0.50006242236721,1.0005134167352951,0.0003885720008749193,0.15878971885867207,2134.0,-0.09107492703202263,-0.07795581403871565,0.040443114193693404,0.05761211885927798,0.030857472760322916,0.22584560893103017,-0.4032618896736467,1.0,0.0,108,0.24324324324324326,0.05009993072223481,0.33178366382972124,0.21655381782955746,-0.024892978315776942,19.40959731353565
G23,G23__mom_255_0__top50__weekly__long_short__rev5,long_short,mom_255_0,50,weekly,rev5,5.0,0.0,True,,False,True,8,0,2134.0,0.5600599635261323,0.05392010085581278,0.13089495072779742,0.46665453743699026,0.2537089075367728,0.35967167857266247,-0.2701406696168245,1048.0,0.19960008588227254,0.6694285579648287,35.0988858920191,0.18754985167161423,14.0,32.0,6.0,11.0,3.0,1.0,1.0,1.0,0.0,0.0,0.00038846376661203045,0.5003620028501828,0.49997353908357084,1.0003355419337536,0.00038846376661203045,0.0,2134.0,-0.09387113996862574,-0.08051748544781251,0.04028172529865681,0.054840913755350135,0.028082827207367163,0.22580815061551132,-0.4157119205518063,1.0,0.0,108,0.24324324324324326,0.04013878431677828,0.26605369194268885,0.19890515768572692,-0.024992083250323788,19.407267824492948
G23,G23__mom_255_0__top50__weekly__long_short__rev5,long_short,mom_255_0,50,weekly,rev5,5.0,0.01,True,,False,True,8,0,2134.0,0.49572221762490143,0.04869166297559269,0.13090260589410915,0.42863637469324184,0.21570859865615577,0.3052958035761342,-0.276810430618153,1063.0,0.1759025585374727,0.6694658557280987,35.100841455344664,0.18339083856929192,14.0,32.0,6.0,11.0,3.0,1.0,1.0,1.0,0.0,0.0,0.0003885001838349205,0.5003919541692273,0.5000034539853925,1.00039540815462,0.0003885001838349205,0.05154372341426446,2134.0,-0.09884424422499452,-0.08507898608280516,0.04026635810346303,0.049870190705234775,0.023111676362683232,0.22581509405114206,-0.43772204263107645,1.0,0.0,108,0.24324324324324326,0.03994845358211289,0.26000766106476625,0.1998606550310712,-0.02499519121285554,19.408052865834918
G23,G23__mom_255_0__top50__weekly__long_short__rev5,long_short,mom_255_0,50,weekly,rev5,5.0,0.03,True,,False,True,8,0,2134.0,0.3765749297169718,0.03846200407174272,0.13091769657413857,0.35371609359854894,0.14082349924316181,0.19866222699058989,-0.2908640879091655,1246.0,0.132233595244505,0.6695396841400036,35.104712361319926,0.17554849507140846,14.0,32.0,6.0,11.0,3.0,1.0,1.0,1.0,0.0,0.0,0.0003885720008749193,0.500450994368085,0.50006242236721,1.0005134167352951,0.0003885720008749193,0.14653434150817454,2134.0,-0.10864616643821924,-0.09400375417887337,0.040236068813975616,0.04007296193441315,0.013313604389350106,0.2258287811475351,-0.48109973355096913,1.0,0.0,108,0.24324324324324326,0.03957594183986002,0.2480911355180417,0.200517611114985,-0.025001317887567737,19.40959731353565
G23,G23__mom_255_0__top50__weekly__long_short__rev5,long_short,mom_255_0,50,weekly,rev5,10.0,0.0,True,,False,True,8,0,2134.0,0.344427244722739,0.03556824776900536,0.13088460210902242,0.3324559933973751,0.11951472930378765,0.1682922871252373,-0.29707596743587206,1185.0,0.11972778571084937,0.6694285579648287,35.0988858920191,0.34644256791561995,14.0,32.0,6.0,11.0,3.0,1.0,1.0,1.0,0.0,0.0,0.00038846376661203045,0.5003620028501828,0.49997353908357084,1.0003355419337536,0.00038846376661203045,0.0,2134.0,-0.11144049223876844,-0.09652838419549635,0.04007476273875143,0.0373036311332894,0.010540835352835566,0.22583589956313663,-0.49345782691920154,1.0,0.0,108,0.24324324324324326,0.029711743986877957,0.18217441318133495,0.18390186711589696,-0.02503042731075708,19.407267824492948
G23,G23__mom_255_0__top50__weekly__long_short__rev5,long_short,mom_255_0,50,weekly,rev5,10.0,0.01,True,,True,True,8,0,2134.0,0.28897162104547913,0.030429843071196228,0.13089226028127962,0.29443783502287263,0.08151374756855502,0.11459284362295984,-0.30404120021301995,1246.0,0.1000846038296001,0.6694658557280987,35.100841455344664,0.3389399116921109,14.0,32.0,6.0,11.0,3.0,1.0,1.0,1.0,0.0,0.0,0.0003885001838349205,0.5003919541692273,0.5000034539853925,1.00039540815462,0.0003885001838349205,0.04759765232785251,2134.0,-0.11641422891487335,-0.10101133624137829,0.04005936766109131,0.032332279983933766,0.005569055663742869,0.2258428480830995,-0.5154656430476755,1.0,0.0,108,0.24324324324324326,0.029572649196264327,0.17612124877535693,0.18439161639995644,-0.025033542498173883,19.408052865834918
G23,G23__mom_255_0__top50__weekly__long_short__rev5,long_short,mom_255_0,50,weekly,rev5,10.0,0.03,True,,False,True,8,0,2134.0,0.18627433952985206,0.0203763441240028,0.13090735630898762,0.2195175093223886,0.006627268401804731,0.009286455150775055,-0.31756851699475885,1413.0,0.06416361519973685,0.6695396841400036,35.104712361319926,0.3247843687454736,14.0,32.0,6.0,11.0,3.0,1.0,1.0,1.0,0.0,0.0,0.0003885720008749193,0.500450994368085,0.50006242236721,1.0005134167352951,0.0003885720008749193,0.13544220060000908,2134.0,-0.1262174058444162,-0.10978241526767907,0.040029023434257995,0.022533805009547943,-0.0042302639816230656,0.2258565448625387,-0.5588388236490333,1.0,0.0,108,0.24324324324324326,0.0293003909863232,0.16419066335956561,0.18524638282081196,-0.025039683752944297,19.409597313535656
G23,G23__mom_255_0__top50__weekly__long_short__rev5,long_short,mom_255_0,50,weekly,rev5,20.0,0.0,True,,False,True,8,0,2134.0,-0.001829403019607101,-0.0002162051913352503,0.13109452024835208,0.06388265396924855,-0.14868974027779683,-0.20656467336099335,-0.3490628565721572,1413.0,-0.0006193875609064038,0.6694285579648287,35.0988858920191,0.5941931977415461,14.0,32.0,6.0,11.0,3.0,1.0,1.0,1.0,0.0,0.0,0.00038846376661203045,0.5003620028501828,0.49997353908357084,1.0003355419337536,0.00038846376661203045,0.0,2134.0,-0.14657919677905354,-0.1277481880147132,0.03966083761894071,0.0022290658891682196,-0.024543148356227302,0.2260250674354015,-0.6485085855397267,1.0,0.0,108,0.24324324324324326,0.00959549255561445,0.014523913438296482,0.15498647047824976,-0.024897240858736208,19.407267824492948
G23,G23__mom_255_0__top50__weekly__long_short__rev5,long_short,mom_255_0,50,weekly,rev5,20.0,0.01,True,,False,True,8,0,2134.0,-0.043018359312294696,-0.005179002710984815,0.13110218524061293,0.02593140878981838,-0.1866252229513796,-0.2588405520152921,-0.3555156618851222,1413.0,-0.014567579620889688,0.6694658557280987,35.100841455344664,0.5819413430045232,14.0,32.0,6.0,11.0,3.0,1.0,1.0,1.0,0.0,0.0,0.0003885001838349205,0.5003919541692273,0.5000034539853925,1.00039540815462,0.0003885001838349205,0.040790255846802265,2134.0,-0.15155419829463085,-0.13207793325714243,0.039645386776347886,-0.002743541458668071,-0.029516185734137675,0.2260320302925668,-0.6704987700126622,1.0,0.0,108,0.24324324324324326,0.009555285279038185,0.008519069823461511,0.15565933296818069,-0.024900370537849076,19.408052865834918
G23,G23__mom_255_0__top50__weekly__long_short__rev5,long_short,mom_255_0,50,weekly,rev5,20.0,0.03,True,,False,True,8,0,2134.0,-0.11929370585398713,-0.01488890692048983,0.131117293593926,-0.048857186019301786,-0.2613827590470613,-0.36135478882178446,-0.36804772666179253,1413.0,-0.040453739669941195,0.6695396841400036,35.104712361319926,0.5587969166195401,14.0,32.0,6.0,11.0,3.0,1.0,1.0,1.0,0.0,0.0,0.0003885720008749193,0.500450994368085,0.50006242236721,1.0005134167352951,0.0003885720008749193,0.11629430624651695,2134.0,-0.1613598846568095,-0.14054924633995258,0.03961493267482269,-0.012544508840181781,-0.039318000723568725,0.22604575467612026,-0.7138372710781804,1.0,0.0,108,0.24324324324324326,0.00947652048875457,-0.0033163203518422057,0.15687397640050316,-0.024906541042021613,19.40959731353565
G23,G23__mom_255_21__top10__monthly__long_only__rev20,long_only,mom_255_21,10,monthly,rev20,0.0,0.0,True,,False,True,0,0,2134.0,0.964653282841909,0.08301276651119327,0.3688221999655738,0.4021002012137606,0.3265190258132012,0.4582346073680582,-0.62177951769633,466.0,0.13350836453853046,1.2669403411418918,15.260278598271409,0.0,0.0,0.0,0.0,0.0,0.0,1.0,1.0,1.0,0.0,0.0,1.0,1.0,0.0,1.0,1.0,0.0,2134.0,-0.006650381835084596,-0.05513586747685641,1.4147424439244802,-0.07091632552747063,-0.05937915428291447,0.262037871017963,-0.025379468277807467,1.0,1.0,36,0.35294117647058826,-0.12159397569788674,-0.30387767093827217,-0.13400463239880323,0.021149582404025424,6.153255664707983
G23,G23__mom_255_21__top10__monthly__long_only__rev20,long_only,mom_255_21,10,monthly,rev20,5.0,0.0,True,,True,True,0,0,2134.0,0.8416770976887398,0.07477747541111546,0.36880457226448693,0.3814073246319246,0.3058239409400305,0.4287546441389023,-0.6233653607926437,467.0,0.11995770075519073,1.2669403411418918,15.260278598271409,0.09234562929492814,0.0,0.0,0.0,0.0,0.0,1.0,1.0,1.0,0.0,0.0,1.0,1.0,0.0,1.0,1.0,0.0,2134.0,-0.014289097433924416,-0.06232066845239427,1.4146075365603301,-0.07853413670913498,-0.06700047510218794,0.26203201789306746,-0.05453187571816376,1.0,1.0,36,0.35294117647058826,-0.12435536473491265,-0.31146669346751255,-0.13096794793449423,0.02113305661451953,6.153255664707983
G23,G23__mom_255_21__top10__monthly__long_only__rev20,long_only,mom_255_21,10,monthly,rev20,10.0,0.0,True,,False,True,0,0,2134.0,0.7263114053975239,0.06659844969249074,0.3688025107958644,0.360697245074371,0.2851148226891634,0.39931781824873513,-0.6249455221514011,579.0,0.1065668083567073,1.2669403411418918,15.260278598271409,0.17833211468401225,0.0,0.0,0.0,0.0,0.0,1.0,1.0,1.0,0.0,0.0,1.0,1.0,0.0,1.0,1.0,0.0,2134.0,-0.02192781303276439,-0.0694563812338865,1.4144726291961789,-0.08615194789079936,-0.07462179592146165,0.2620480739578066,-0.08367858882372504,1.0,1.0,36,0.35294117647058826,-0.12708300989357396,-0.31906022507222914,-0.12796513587184377,0.021126667916726627,6.153255664707983
G23,G23__mom_255_21__top10__monthly__long_only__rev20,long_only,mom_255_21,10,monthly,rev20,20.0,0.0,True,,False,True,0,0,2134.0,0.5165772657245356,0.05040782797239718,0.3688450856291972,0.3192359692743012,0.24366497563601935,0.34058496252329407,-0.628088867922765,803.0,0.08025588502962569,1.2669403411418918,15.260278598271409,0.33284463545234844,0.0,0.0,0.0,0.0,0.0,1.0,1.0,1.0,0.0,0.0,1.0,1.0,0.0,1.0,1.0,0.0,2134.0,-0.03720524423044427,-0.08358173434107723,1.4142028144678775,-0.10138757025412817,-0.08986443756000906,0.26214589206003924,-0.14192571906457022,1.0,1.0,36,0.35294117647058826,-0.13243810250897733,-0.33425278754067395,-0.12205991924990034,0.021144301934588716,6.153255664707983
G23,G23__mom_255_21__top10__monthly__long_only__rev5,long_only,mom_255_21,10,monthly,rev5,0.0,0.0,True,,False,True,0,0,2134.0,2.001151504156078,0.1385759929923558,0.35378733447582217,0.5449095679928889,0.46609960014317425,0.660645669475102,-0.6651901741748847,595.0,0.208325375768288,1.2812060539610217,15.432108908628912,0.0,0.0,0.0,0.0,1.0,0.0,1.0,1.0,1.0,0.0,0.0,0.9990380026756347,0.9990380026756347,0.0,0.9990380026756347,0.9990380026756347,0.0,2134.0,0.03782824093723229,-0.006660261821317732,1.3836913820936008,-0.021626220784971156,-0.01096099833018372,0.24512498050426143,0.15432225985052006,1.0,1.0,36,0.35294117647058826,-0.06603074921672422,-0.1642970966082991,-0.1774152888773579,0.006114716914273788,6.325085975065486
G23,G23__mom_255_21__top10__monthly__long_only__rev5,long_only,mom_255_21,10,monthly,rev5,5.0,0.0,True,,True,True,0,0,2134.0,1.8112484628098349,0.12982103493189356,0.3538007758257417,0.5230813220260935,0.44427640590684525,0.6290481620250232,-0.6693271388732314,764.0,0.19395752449308842,1.2812060539610217,15.432108908628912,0.08841669026969266,0.0,0.0,0.0,1.0,0.0,1.0,1.0,1.0,0.0,0.0,0.9990380026756347,0.9990380026756347,0.0,0.9990380026756347,0.9990380026756347,0.0,2134.0,0.0301127148994428,-0.014298441267458488,1.383543556502723,-0.029318840676455106,-0.01865743525665379,0.24516658333425406,0.12282552740227191,1.0,1.0,36,0.35294117647058826,-0.06931180521413455,-0.1730142285006978,-0.1769297260150819,0.006129260175774309,6.325085975065486
G23,G23__mom_255_21__top10__monthly__long_only__rev5,long_only,mom_255_21,10,monthly,rev5,10.0,0.0,True,,False,True,0,0,2134.0,1.6332254913238304,0.12112654086892949,0.3538308289759965,0.5012312014423939,0.4224350083391041,0.597492774905243,-0.6749760087956606,765.0,0.1794531054297055,1.2812060539610217,15.432108908628912,0.17009990804506847,0.0,0.0,0.0,1.0,0.0,1.0,1.0,1.0,0.0,0.0,0.9990380026756347,0.9990380026756347,0.0,0.9990380026756347,0.9990380026756347,0.0,2134.0,0.02239718886165324,-0.021883869477132556,1.3833957309118448,-0.03701146056793908,-0.026353872183124044,0.2452321486264059,0.09133055754355356,1.0,1.0,36,0.35294117647058826,-0.07255491871713521,-0.18174003942228845,-0.17799562251610324,0.006154986096858717,6.325085975065486
G23,G23__mom_255_21__top10__monthly__long_only__rev5,long_only,mom_255_21,10,monthly,rev5,20.0,0.0,True,,False,True,0,0,2134.0,1.3099259469774545,0.10391746114383316,0.35394075141242665,0.45747769589476234,0.37870994649262,0.5345228005026672,-0.6859988597899456,827.0,0.15148343129265976,1.2812060539610217,15.432108908628912,0.3151058196023932,0.0,0.0,0.0,1.0,0.0,1.0,1.0,1.0,0.0,0.0,0.9990380026756347,0.9990380026756347,0.0,0.9990380026756347,0.9990380026756347,0.0,2134.0,0.006966136786074131,-0.036897766532432305,1.3831000797300896,-0.05239670035090723,-0.0417467460360644,0.24543508276294057,0.028382807818890927,1.0,1.0,36,0.35294117647058826,-0.07892846933754136,-0.19920781668407328,-0.17996991111708094,0.006239967717818151,6.325085975065486
G23,G23__mom_255_21__top10__monthly__long_short__rev20,long_short,mom_255_21,10,monthly,rev20,0.0,0.0,True,,False,True,0,0,2134.0,1.3117469600892968,0.10402019339885382,0.1896251078721483,0.6166404440827004,0.4696308600105175,0.6789094794083746,-0.21116051408194358,584.0,0.49261195375991285,1.1270821556904547,13.575688720650163,0.0,3.0,23.0,2.0,0.0,0.0,1.0,1.0,1.0,0.0,0.0,0.00260705123544492,0.5029611099341708,0.5003540586987257,1.0033151686328967,0.00260705123544492,0.0,2134.0,-0.03802335192583218,-0.0368081387588499,0.08056146985592871,0.10444719979230441,0.07880933356471098,0.2585481057434849,-0.14706490235730657,1.0,0.0,26,0.2549019607843137,0.04628125717239922,0.2307667431806094,0.22221218353262423,-0.042307643894805874,4.148534891497173
G23,G23__mom_255_21__top10__monthly__long_short__rev20,long_short,mom_255_21,10,monthly,rev20,0.0,0.01,True,,False,True,0,0,2134.0,1.2165666036690377,0.09855242296098243,0.18966285971504662,0.5903696269394032,0.4433916407469796,0.6402095611972539,-0.21328918106566352,587.0,0.46206011232535016,1.1273283476277327,13.578654099073685,0.0,3.0,23.0,2.0,0.0,0.0,1.0,1.0,1.0,0.0,0.0,0.002607308381176163,0.5030705032701834,0.5004631948890073,1.0035336981591907,0.002607308381176163,0.07201347591304312,2134.0,-0.042982670919111246,-0.04157844279529963,0.08055627139388186,0.09948868632079937,0.07385067403012688,0.2585765353675678,-0.16622804098605148,1.0,0.0,26,0.2549019607843137,0.04609752648213683,0.2261220655847946,0.22710855354418158,-0.042319147255870965,4.14911181029238
G23,G23__mom_255_21__top10__monthly__long_short__rev20,long_short,mom_255_21,10,monthly,rev20,0.0,0.03,True,,False,True,0,0,2134.0,1.040204022966066,0.08784937412478966,0.18973733474045684,0.5385965080603136,0.3916808138051456,0.5642105931535616,-0.21747013888641187,592.0,0.4039606291449273,1.1278156876933672,13.584524103313173,0.0,3.0,23.0,2.0,0.0,0.0,1.0,1.0,1.0,0.0,0.0,0.002607814723990114,0.503286273028759,0.5006784583047689,1.0039647313335278,0.002607814723990114,0.2040217426505721,2134.0,-0.052761996713462815,-0.05091621541135304,0.08054604992786683,0.08971094438208882,0.06407264488887408,0.2586326221477554,-0.2040036414405611,1.0,0.0,26,0.2549019607843137,0.04573730819927456,0.21696723999314269,0.23652709956264645,-0.042341843129329954,4.150236401866545
G23,G23__mom_255_21__top10__monthly__long_short__rev20,long_short,mom_255_21,10,monthly,rev20,5.0,0.0,True,,False,True,0,0,2134.0,1.1825679676520147,0.09654904220233673,0.1896988404521108,0.5806699056996036,0.43372145769704123,0.6257667989737378,-0.21579295351356043,588.0,0.44741517565942945,1.1270821556904547,13.575688720650163,0.09941062196423335,3.0,23.0,2.0,0.0,0.0,1.0,1.0,1.0,0.0,0.0,0.00260705123544492,0.5029611099341708,0.5003540586987257,1.0033151686328967,0.00260705123544492,0.0,2134.0,-0.04480145485669234,-0.04332627318212871,0.08052323720205666,0.09767502115884122,0.0720363153158734,0.2586076316560381,-0.17324103921372536,1.0,0.0,26,0.2549019607843137,0.04378516015053243,0.21519097904171183,0.22473795057304446,-0.042217645906814594,4.148534891497173
G23,G23__mom_255_21__top10__monthly__long_short__rev20,long_short,mom_255_21,10,monthly,rev20,5.0,0.01,True,,True,True,0,0,2134.0,1.0926799372253018,0.09111665448375694,0.18973660700759207,0.5544093257455757,0.4074924126520522,0.5872207358968647,-0.21791013981417595,588.0,0.4181386628518396,1.1273283476277327,13.578654099073685,0.09699997268833759,3.0,23.0,2.0,0.0,0.0,1.0,1.0,1.0,0.0,0.0,0.002607308381176163,0.5030705032701834,0.5004631948890073,1.0035336981591907,0.002607308381176163,0.06970577195253976,2134.0,-0.04976211829301128,-0.0480657079034575,0.08051805657082284,0.09271516048134294,0.06707630910172568,0.25863607375395786,-0.19240207899362988,1.0,0.0,26,0.2549019607843137,0.043613210327154345,0.2105584385216399,0.22955919601926544,-0.04222912762064354,4.1491118102923785
G23,G23__mom_255_21__top10__monthly__long_short__rev20,long_short,mom_255_21,10,monthly,rev20,5.0,0.03,True,,False,True,0,0,2134.0,0.9261265744761533,0.08048287793220665,0.18981111010368845,0.5026563308745188,0.35580158495092656,0.5115235874032582,-0.22206854145061494,607.0,0.36242358961098037,1.1278156876933672,13.584524103313173,0.09245503911013517,3.0,23.0,2.0,0.0,0.0,1.0,1.0,1.0,0.0,0.0,0.002607814723990114,0.503286273028759,0.5006784583047689,1.0039647313335278,0.002607814723990114,0.19755077209586452,2134.0,-0.059544106489404336,-0.05734304457714468,0.0805078715903315,0.08293475048701807,0.05729561297854189,0.25869218425987056,-0.2301735812381135,1.0,0.0,26,0.2549019607843137,0.04327606682856455,0.20142755482297026,0.23883256845436773,-0.04225178070184754,4.150236401866545
G23,G23__mom_255_21__top10__monthly__long_short__rev20,long_short,mom_255_21,10,monthly,rev20,10.0,0.0,True,,False,True,0,0,2134.0,1.0605242522494818,0.08912325908893415,0.1897965845293437,0.5446584042707511,0.3977895002423392,0.572793808072082,-0.22040272345969147,602.0,0.4043655073310994,1.1270821556904547,13.575688720650163,0.1924056090748945,3.0,23.0,2.0,0.0,0.0,1.0,1.0,1.0,0.0,0.0,0.00260705123544492,0.5029611099341708,0.5003540586987257,1.0033151686328967,0.00260705123544492,0.0,2134.0,-0.05157955778755261,-0.04980482665509755,0.08048500454818451,0.09090284252537792,0.06526329706703571,0.2586847815676897,-0.1993915431552198,1.0,0.0,26,0.2549019607843137,0.041313126964055445,0.19960260027539872,0.2271993329410682,-0.04211190057435979,4.148534891497173
G23,G23__mom_255_21__top10__monthly__long_short__rev20,long_short,mom_255_21,10,monthly,rev20,10.0,0.01,True,,False,True,0,0,2134.0,0.9756376773263205,0.08372604910746428,0.18983437035392373,0.5184113751527416,0.3715739385025504,0.5344060232007138,-0.2225084802639229,607.0,0.37628250846059763,1.1273283476277327,13.578654099073685,0.18777413154321307,3.0,23.0,2.0,0.0,0.0,1.0,1.0,1.0,0.0,0.0,0.002607308381176163,0.5030705032701834,0.5004631948890073,1.0035336981591907,0.002607308381176163,0.06748674426314769,2134.0,-0.05654156566691123,-0.05451357089604925,0.08047984174776386,0.0859416346418866,0.06030194417332459,0.25871324105364946,-0.21854917605545435,1.0,0.0,26,0.2549019607843137,0.041152848796110884,0.19498473738614927,0.2319464299316833,-0.04212335847931056,4.1491118102923785
G23,G23__mom_255_21__top10__monthly__long_short__rev20,long_short,mom_255_21,10,monthly,rev20,10.0,0.03,True,,False,True,0,0,2134.0,0.818354250275741,0.07316114347298797,0.18990891055095518,0.46668503405593564,0.31990963085405755,0.45901937287185796,-0.23070580975501087,709.0,0.31711877369138913,1.1278156876933672,13.584524103313173,0.17904064208201867,3.0,23.0,2.0,0.0,0.0,1.0,1.0,1.0,0.0,0.0,0.002607814723990114,0.503286273028759,0.5006784583047689,1.0039647313335278,0.002607814723990114,0.1913272959956728,2134.0,-0.06632621626534552,-0.06373082179666925,0.08046969325279615,0.07615855659194767,0.050518581068210056,0.2587693850105452,-0.25631400044731967,1.0,0.0,26,0.2549019607843137,0.040838566161908466,0.18588280172959945,0.23701513520008272,-0.042145964515745815,4.150236401866543
G23,G23__mom_255_21__top10__monthly__long_short__rev20,long_short,mom_255_21,10,monthly,rev20,20.0,0.0,True,,False,True,0,0,2134.0,0.8363055109644217,0.07440681772642788,0.190063949894751,0.472567780759097,0.32591280894828983,0.4674223294337964,-0.23248178340343872,707.0,0.32005440012177444,1.1270821556904547,13.575688720650163,0.3606286467144666,3.0,23.0,2.0,0.0,0.0,1.0,1.0,1.0,0.0,0.0,0.00260705123544492,0.5029611099341708,0.5003540586987257,1.0033151686328967,0.00260705123544492,0.0,2134.0,-0.06513576364927298,-0.062644045205222,0.08040853924044035,0.07735848525845149,0.051717260569360476,0.25889188676552244,-0.25159445691037147,1.0,0.0,26,0.2549019607843137,0.036440601965937576,0.16843418992577813,0.2290054752949673,-0.041853327694879594,4.148534891497173
G23,G23__mom_255_21__top10__monthly__long_short__rev20,long_short,mom_255_21,10,monthly,rev20,20.0,0.01,True,,False,True,0,0,2134.0,0.7606115879619415,0.06907935248380959,0.19010178789760235,0.44635772854665917,0.2997340756960753,0.42936546667989356,-0.23887230713430008,715.0,0.289189455707695,1.1273283476277327,13.578654099073685,0.3520772469680934,3.0,23.0,2.0,0.0,0.0,1.0,1.0,1.0,0.0,0.0,0.002607308381176163,0.5030705032701834,0.5004631948890073,1.0035336981591907,0.002607308381176163,0.06330034164008107,2134.0,-0.0701004604147111,-0.06729194131565192,0.0804034121016457,0.07239458296297396,0.04675321431652243,0.25892039574372183,-0.2707413613105095,1.0,0.0,26,0.2549019607843137,0.03630334228648609,0.1638532369957271,0.2292996846340608,-0.04186473152850345,4.14911181029238
G23,G23__mom_255_21__top10__monthly__long_short__rev20,long_short,mom_255_21,10,monthly,rev20,20.0,0.03,True,,False,True,0,0,2134.0,0.6203658224419748,0.05865099282730668,0.19017642933019946,0.3947041549811843,0.2481422419132935,0.35462795643549294,-0.2513190069689045,737.0,0.23337269048879983,1.1278156876933672,13.584524103313173,0.3359463812592224,3.0,23.0,2.0,0.0,0.0,1.0,1.0,1.0,0.0,0.0,0.002607814723990114,0.503286273028759,0.5006784583047689,1.0039647313335278,0.002607814723990114,0.1795828234380033,2134.0,-0.07989043581722838,-0.07639006398342335,0.08039333657772545,0.06260616880180639,0.03696451724754589,0.25897663572674495,-0.30848510945027297,1.0,0.0,26,0.2549019607843137,0.03603414512967018,0.15482408398261982,0.23956443855842696,-0.04188723077905673,4.150236401866545
G23,G23__mom_255_21__top10__monthly__long_short__rev5,long_short,mom_255_21,10,monthly,rev5,0.0,0.0,True,,False,True,0,0,2134.0,1.776030434975414,0.1281403241554846,0.17616886816501937,0.7726356331864191,0.6143859903113714,0.8860587158288958,-0.16307759098227315,301.0,0.7857629204825186,1.133649025619561,13.654786576628492,0.0,3.0,23.0,2.0,0.0,0.0,1.0,1.0,1.0,0.0,0.0,0.004534740061472822,0.5041884006233189,0.499653660561846,1.0038420611851648,0.004534740061472822,0.0,2134.0,-0.01883951765092912,-0.015764761313609682,0.0657073629698086,0.1259327353054774,0.09988205594004411,0.2510355321390564,-0.07504721538978525,1.0,0.0,26,0.2549019607843137,0.07040138792903,0.3755218734814633,0.27029510663229467,-0.05576388360193482,4.227632747475502
G23,G23__mom_255_21__top10__monthly__long_short__rev5,long_short,mom_255_21,10,monthly,rev5,0.0,0.01,True,,False,True,0,0,2134.0,1.6618632194703746,0.1225595128913819,0.1762041376390924,0.7443602337329248,0.5861448418113712,0.8442222562634578,-0.16412286681316146,301.0,0.7467546434641825,1.1338987662230229,13.657794698686306,0.0,3.0,23.0,2.0,0.0,0.0,1.0,1.0,1.0,0.0,0.0,0.004535501112306085,0.5042979450520619,0.49976244393975583,1.0040603889918176,0.004535501112306085,0.0690122453844238,2134.0,-0.023794509575600416,-0.020633686738024105,0.06569979320915811,0.1209789163444583,0.09492802412376106,0.2510613946427955,-0.094775660787891,1.0,0.0,26,0.2549019607843137,0.07010461641253629,0.36887526664918613,0.27627486779668364,-0.055777869331825186,4.228252409905002
G23,G23__mom_255_21__top10__monthly__long_short__rev5,long_short,mom_255_21,10,monthly,rev5,0.0,0.03,True,,False,True,0,0,2134.0,1.4503043100695323,0.11163510232234675,0.176273719086126,0.688636768556925,0.5304889028801513,0.7620905337603833,-0.16618035087018657,353.0,0.6717707703575113,1.1343931095980517,13.663749057689,0.0,3.0,23.0,2.0,0.0,0.0,1.0,1.0,1.0,0.0,0.0,0.004537001452194533,0.5045140125931545,0.49997701114096,1.0044910237341145,0.004537001452194533,0.19540058301283625,2134.0,-0.03356529836036271,-0.03016458428126505,0.06568489571980284,0.11121043598321541,0.08515912484897584,0.2511124188904885,-0.1336664212334346,1.0,0.0,26,0.2549019607843137,0.06952303639683165,0.35577532906814835,0.28781688757887175,-0.055805458783660805,4.229461356242371
G23,G23__mom_255_21__top10__monthly__long_short__rev5,long_short,mom_255_21,10,monthly,rev5,5.0,0.0,True,,False,True,0,0,2134.0,1.6200291280432677,0.12046159137980328,0.1762276028361731,0.7336664473159289,0.5754744299088385,0.828194016532589,-0.16428223009783194,301.0,0.7332600203203172,1.133649025619561,13.654786576628492,0.09528965364562075,3.0,23.0,2.0,0.0,0.0,1.0,1.0,1.0,0.0,0.0,0.004534740061472822,0.5041884006233189,0.499653660561846,1.0038420611851648,0.004534740061472822,0.0,2134.0,-0.025661583361526033,-0.02246399830076407,0.06570558747009897,0.11911094471541864,0.09306046138200176,0.25107701416775186,-0.10220602410215372,1.0,0.0,26,0.2549019607843137,0.06769770932799898,0.3569439512535091,0.27624867398877295,-0.05568888352275231,4.227632747475502
G23,G23__mom_255_21__top10__monthly__long_short__rev5,long_short,mom_255_21,10,monthly,rev5,5.0,0.01,True,,True,True,0,0,2134.0,1.5122456123251395,0.11491708805403489,0.17626289491798344,0.7054004332337599,0.5472425976417173,0.786534151974535,-0.16532637015745988,353.0,0.6950923070807503,1.1338987662230229,13.657794698686306,0.09294379806456803,3.0,23.0,2.0,0.0,0.0,1.0,1.0,1.0,0.0,0.0,0.004535501112306085,0.5042979450520619,0.49976244393975583,1.0040603889918176,0.004535501112306085,0.06675527991101093,2134.0,-0.03061794021516145,-0.027301247211550222,0.06569804190193722,0.1141557570767158,0.0881050615962881,0.25110289297075433,-0.12193384095629473,1.0,0.0,26,0.2549019607843137,0.06741364389743229,0.35030862351130504,0.2821429656759815,-0.05570283971025217,4.228252409905
G23,G23__mom_255_21__top10__monthly__long_short__rev5,long_short,mom_255_21,10,monthly,rev5,5.0,0.03,True,,False,True,0,0,2134.0,1.31251963060541,0.10406376195712408,0.17633251994160673,0.6496954212582535,0.4916049748231867,0.7047487185356269,-0.16738161774730942,357.0,0.6217155943266468,1.1343931095980517,13.663749057689,0.08852385597290041,3.0,23.0,2.0,0.0,0.0,1.0,1.0,1.0,0.0,0.0,0.004537001452194533,0.5045140125931545,0.49997701114096,1.0044910237341145,0.004537001452194533,0.18907697669290555,2134.0,-0.0403914318283521,-0.03677012778678502,0.06568319345322474,0.10438456628800757,0.07833345332655745,0.25115394847088157,-0.16082339964898076,1.0,0.0,26,0.2549019607843137,0.06685695085348198,0.3372309446952304,0.29351949215767326,-0.05573037086392926,4.229461356242371
G23,G23__mom_255_21__top10__monthly__long_short__rev5,long_short,mom_255_21,10,monthly,rev5,10.0,0.0,True,,False,True,0,0,2134.0,1.4726930936209937,0.11282973809360253,0.17631263385885437,0.6946196134717327,0.5365085985202318,0.77049167120337,-0.1654857314367264,353.0,0.6818094654688889,1.133649025619561,13.654786576628492,0.1842862376825084,3.0,23.0,2.0,0.0,0.0,1.0,1.0,1.0,0.0,0.0,0.004534740061472822,0.5041884006233189,0.499653660561846,1.0038420611851648,0.004534740061472822,0.0,2134.0,-0.0324836490721231,-0.029122335725575512,0.06570381197038919,0.11228915412535975,0.0862388668239593,0.2511369639389436,-0.12934634775636028,1.0,0.0,26,0.2549019607843137,0.06501960596872383,0.3383216985532913,0.28211632496403327,-0.055595851244849115,4.227632747475502
G23,G23__mom_255_21__top10__monthly__long_short__rev5,long_short,mom_255_21,10,monthly,rev5,10.0,0.01,True,,False,True,0,0,2134.0,1.3709404684253887,0.10732133132249033,0.17634795365170686,0.6663671982874969,0.5082902902198512,0.7290137858599617,-0.1665287364811857,353.0,0.6444613319612583,1.1338987662230229,13.657794698686306,0.17978334937296964,3.0,23.0,2.0,0.0,0.0,1.0,1.0,1.0,0.0,0.0,0.004535501112306085,0.5042979450520619,0.49976244393975583,1.0040603889918176,0.004535501112306085,0.06458693249852569,2134.0,-0.03744137085472242,-0.03392809254240199,0.06569629059471631,0.10733259780897342,0.08128209906881523,0.2511628644229144,-0.1490720809413835,1.0,0.0,26,0.2549019607843137,0.06474813101113694,0.3317010891034501,0.2879261737144205,-0.05560977518152743,4.228252409905
G23,G23__mom_255_21__top10__monthly__long_short__rev5,long_short,mom_255_21,10,monthly,rev5,10.0,0.03,True,,False,True,0,0,2134.0,1.1823932459937136,0.09653867578992403,0.17641763236363248,0.6106889425595295,0.4526792751837824,0.6475851898310153,-0.16858174909319812,493.0,0.5726520000486763,1.1343931095980517,13.663749057689,0.17129778991349154,3.0,23.0,2.0,0.0,0.0,1.0,1.0,1.0,0.0,0.0,0.004537001452194533,0.5045140125931545,0.49997701114096,1.0044910237341145,0.004537001452194533,0.18300053826368984,2134.0,-0.047217565296341114,-0.04333531725951629,0.06568149118664665,0.0975586965928001,0.0715077818041394,0.251213961824032,-0.1879575679373093,1.0,0.0,26,0.2549019607843137,0.06421609847884453,0.3186524460593243,0.29913919586189547,-0.055637242703068523,4.2294613562423695
G23,G23__mom_255_21__top10__monthly__long_short__rev5,long_short,mom_255_21,10,monthly,rev5,20.0,0.0,True,,False,True,0,0,2134.0,1.2021398180215646,0.09770565298678524,0.1765614212392929,0.6163638772058541,0.4584845364257992,0.6556430181021067,-0.16788932288911496,357.0,0.5819646616319754,1.133649025619561,13.654786576628492,0.34488395911471126,3.0,23.0,2.0,0.0,0.0,1.0,1.0,1.0,0.0,0.0,0.004534740061472822,0.5041884006233189,0.499653660561846,1.0038420611851648,0.004534740061472822,0.0,2134.0,-0.04612778049331709,-0.04231719916259065,0.06570026097096998,0.09864557294524205,0.0725956777078745,0.25131220977240915,-0.18354770958040945,1.0,0.0,26,0.2549019607843137,0.05973943722629494,0.3010059174032875,0.29359793580929106,-0.05535585635033771,4.227632747475502
G23,G23__mom_255_21__top10__monthly__long_short__rev5,long_short,mom_255_21,10,monthly,rev5,20.0,0.01,True,,False,True,0,0,2134.0,1.1114665888444097,0.09226880953623517,0.1765968117133811,0.5881512214845332,0.43030582077067814,0.6145465609237614,-0.16893006017059953,493.0,0.5461953274808197,1.1338987662230229,13.657794698686306,0.33658514453340804,3.0,23.0,2.0,0.0,0.0,1.0,1.0,1.0,0.0,0.0,0.004535501112306085,0.5042979450520619,0.49976244393975583,1.0040603889918176,0.004535501112306085,0.06050146259598932,2134.0,-0.05108823213384444,-0.04706052124467153,0.06569278798027452,0.09368627927348853,0.06763617401386934,0.25133816973241374,-0.203264916698627,1.0,0.0,26,0.2549019607843137,0.059492799338911675,0.29442498207032997,0.29924193159776136,-0.0553697077127247,4.228252409905002
G23,G23__mom_255_21__top10__monthly__long_short__rev5,long_short,mom_255_21,10,monthly,rev5,20.0,0.03,True,,False,True,0,0,2134.0,0.9434554176023671,0.0816262619515935,0.17666662803836203,0.5325512320334445,0.3747727417864194,0.5338658948177776,-0.1709786072931777,494.0,0.4774062863410077,1.1343931095980517,13.663749057689,0.32094083655987243,3.0,23.0,2.0,0.0,0.0,1.0,1.0,1.0,0.0,0.0,0.004537001452194533,0.5045140125931545,0.49997701114096,1.0044910237341145,0.004537001452194533,0.17154847752967042,2134.0,-0.06086983223231973,-0.05634551012231194,0.06567808665349043,0.08390695720238457,0.05785643875930275,0.2513893828206356,-0.24213366351971152,1.0,0.0,26,0.2549019607843137,0.059009414253957004,0.2814545838557457,0.3199048382341538,-0.055397032070894164,4.229461356242371
G23,G23__mom_255_21__top10__weekly__long_only__rev20,long_only,mom_255_21,10,weekly,rev20,0.0,0.0,True,,False,True,0,0,2134.0,1.872498280103105,0.13270032534162257,0.3823348890777324,0.5190591230987917,0.4461217549524521,0.6345668391457363,-0.7198878939297737,440.0,0.18433470886311046,0.7590438490139075,39.79751554754831,0.0,0.0,1.0,1.0,0.0,0.0,1.0,1.0,1.0,0.0,0.0,1.0,1.0,0.0,1.0,1.0,0.0,2134.0,0.04350054960141782,-0.011786431880871279,1.407462229077169,-0.0196372966794311,-0.00832729007908047,0.2816915823999042,0.15442616080611932,1.0,1.0,167,0.3761261261261261,-0.06028792749468673,-0.15712905054169846,-0.1915075863791471,0.03615681113098579,19.78923827044497
G23,G23__mom_255_21__top10__weekly__long_only__rev20,long_only,mom_255_21,10,weekly,rev20,5.0,0.0,True,,False,True,0,0,2134.0,1.4269265443959216,0.11037737762865607,0.38230251698913725,0.4670120374538921,0.3940746407826399,0.5591638589646036,-0.7237582308056141,644.0,0.15250586857685225,0.7590438490139075,39.79751554754831,0.23683007513468066,0.0,1.0,1.0,0.0,0.0,1.0,1.0,1.0,0.0,0.0,1.0,1.0,0.0,1.0,1.0,0.0,2134.0,0.023586014729504483,-0.03126187416408377,1.4071115483093812,-0.039497492211817475,-0.028196305524675048,0.2816934867529497,0.08372935775469259,1.0,1.0,167,0.3761261261261261,-0.07073412392789843,-0.18023959941485523,-0.18607081835581973,0.03609060019118887,19.78923827044497
G23,G23__mom_255_21__top10__weekly__long_only__rev20,long_only,mom_255_21,10,weekly,rev20,10.0,0.0,True,,True,True,0,0,2134.0,1.0502702621263618,0.08848182319063658,0.38229624747341173,0.4149278041814097,0.3419951683938204,0.48408529838074577,-0.7364455733678128,667.0,0.12014713156058977,0.7590438490139075,39.79751554754831,0.42945540692502543,0.0,1.0,1.0,0.0,0.0,1.0,1.0,1.0,0.0,0.0,1.0,1.0,0.0,1.0,1.0,0.0,2134.0,0.0036714798575918335,-0.050364441271245126,1.4067608675415941,-0.059357687744203275,-0.04806532097026889,0.28173081586681514,0.01303187174003529,1.0,1.0,167,0.3761261261261261,-0.08086832984625422,-0.20337894595065165,-0.18963244348776231,0.03604464677652042,19.78923827044497
G23,G23__mom_255_21__top10__weekly__long_only__rev20,long_only,mom_255_21,10,weekly,rev20,20.0,0.0,True,,False,True,0,0,2134.0,0.4628261204176902,0.04594125318326436,0.3823620159507497,0.31069057022235963,0.23778180978703234,0.3349450215514588,-0.7601198278726541,755.0,0.060439487957892196,0.7590438490139075,39.79751554754831,0.7110083820272988,0.0,1.0,1.0,0.0,0.0,1.0,1.0,1.0,0.0,0.0,1.0,1.0,0.0,1.0,1.0,0.0,2134.0,-0.036157589886234305,-0.08747855480708056,1.4060595060060186,-0.09907807880897551,-0.08780335186145743,0.2819116787337831,-0.1282585739215824,1.0,1.0,167,0.3761261261261261,-0.10022804518269224,-0.24970724929638216,-0.19422405560840483,0.036013520645237995,19.78923827044497
G23,G23__mom_255_21__top10__weekly__long_only__rev5,long_only,mom_255_21,10,weekly,rev5,0.0,0.0,True,,False,True,0,0,2134.0,4.608100017832337,0.22581865780487553,0.37180992199652363,0.7361650550903829,0.6611530652240577,0.9453297563756057,-0.7141242023679151,413.0,0.31621762300745315,1.018408022823155,53.39626844312894,0.0,0.0,0.0,0.0,0.0,0.0,1.0,1.0,1.0,0.0,0.0,1.0,1.0,0.0,1.0,1.0,0.0,2134.0,0.11875960905637811,0.06945376689196849,1.3900174096781848,0.05832490492469178,0.06915943816281786,0.26962477161942877,0.44046252999336977,1.0,1.0,167,0.3761261261261261,0.032830404968566235,0.057902259729907146,-0.18574389481728848,0.02563184404977703,33.3879911660256
G23,G23__mom_255_21__top10__weekly__long_only__rev5,long_only,mom_255_21,10,weekly,rev5,5.0,0.0,True,,False,True,0,0,2134.0,3.4728930153478004,0.19351191629060338,0.371666480299986,0.6644427540458983,0.5894093572598176,0.8397863993005137,-0.7195957249255864,441.0,0.2689175457658736,1.018408022823155,53.39626844312894,0.43826377202202504,0.0,0.0,0.0,0.0,0.0,1.0,1.0,1.0,0.0,0.0,1.0,1.0,0.0,1.0,1.0,0.0,2134.0,0.0919972371037246,0.04126805917047514,1.3893763058039255,0.03166187449371676,0.04247959724527135,0.2695145374231301,0.3413442480072664,1.0,1.0,167,0.3761261261261261,0.012400414734048876,0.015095117062322472,-0.1819083124757921,0.02545456350203762,33.3879911660256
G23,G23__mom_255_21__top10__weekly__long_only__rev5,long_only,mom_255_21,10,weekly,rev5,10.0,0.0,True,,True,True,0,0,2134.0,2.5668348802302243,0.1620318970284762,0.37157300467952603,0.5925853736180949,0.517540348514331,0.7348093096006943,-0.7305837338206957,495.0,0.22178415632265233,1.018408022823155,53.39626844312894,0.7601640787303278,0.0,0.0,0.0,0.0,0.0,1.0,1.0,1.0,0.0,0.0,1.0,1.0,0.0,1.0,1.0,0.0,2134.0,0.06523486515107138,0.013803617372858984,1.3887352019296662,0.0049988440627420725,0.015799756327725015,0.26947323621920366,0.24208290985159628,1.0,1.0,167,0.3761261261261261,-0.0073182560084145976,-0.027833765830141077,-0.18377060394064526,0.025321403982634716,33.3879911660256
G23,G23__mom_255_21__top10__weekly__long_only__rev5,long_only,mom_255_21,10,weekly,rev5,20.0,0.0,True,,False,True,0,0,2134.0,1.266922233940547,0.10147040936800167,0.37153608236074476,0.4485808830198216,0.37354197913372333,0.5266737728494649,-0.7601137799369972,706.0,0.13349371113415698,1.018408022823155,53.39626844312894,1.1573736678666242,0.0,0.0,0.0,0.0,0.0,1.0,1.0,1.0,0.0,0.0,1.0,1.0,0.0,1.0,1.0,0.0,2134.0,0.011710121245764376,-0.03903267345588245,1.3874529941811475,-0.048327216799207935,-0.037559925507368044,0.26959750663528276,0.04343556953442481,1.0,1.0,167,0.3761261261261261,-0.04469888899795493,-0.11394707994969117,-0.194218007672748,0.02518758705523305,33.3879911660256
G23,G23__mom_255_21__top10__weekly__long_short__rev20,long_short,mom_255_21,10,weekly,rev20,0.0,0.0,True,,False,True,3,0,2134.0,0.5042089913260377,0.04939257177842982,0.20895229574859525,0.3351943151204046,0.2018030728517197,0.28482236747358786,-0.30297857760047187,738.0,0.16302331395707526,0.6356616276458094,33.328448075929856,0.0,2.0,23.0,2.0,6.0,0.0,1.0,1.0,1.0,0.0,0.0,0.0005252374551026187,0.5003883563732389,0.4998631189181361,1.000251475291375,0.0005252374551026187,0.0,2134.0,-0.08491424098705705,-0.08446748489976455,0.15787619825768678,0.04557609492523295,0.022091598856161347,0.2624055645077004,-0.3235992390114319,1.0,0.0,107,0.240990990990991,0.022665678453591118,0.0926458521359716,0.2435248660045075,-0.019709109742989145,12.426085814547609
G23,G23__mom_255_21__top10__weekly__long_short__rev20,long_short,mom_255_21,10,weekly,rev20,0.0,0.01,True,,False,True,3,0,2134.0,0.4421860138717826,0.04418757309555499,0.2089642709624188,0.31138963706430767,0.17800808297492887,0.25098108315819256,-0.30925600545997134,740.0,0.14288347619905614,0.6356978739297752,33.33034850902281,0.0,2.0,23.0,2.0,6.0,0.0,1.0,1.0,1.0,0.0,0.0,0.0005253009918335158,0.5004176810872606,0.4998923800954271,1.0003100611826876,0.0005253009918335158,0.05576722798619825,2134.0,-0.08988455415894843,-0.08900853623115346,0.15786638532677072,0.040607302304890965,0.017122535217637156,0.26241647737060353,-0.3425263347011818,1.0,0.0,107,0.240990990990991,0.02255859626381179,0.09061403054337268,0.24551327827237057,-0.019711856826794105,12.426586263167032
G23,G23__mom_255_21__top10__weekly__long_short__rev20,long_short,mom_255_21,10,weekly,rev20,0.0,0.03,True,,False,True,3,0,2134.0,0.32732463760443964,0.034003808451935846,0.20898787875817065,0.2644791455203569,0.1311166827887768,0.184493921959391,-0.321463964198591,816.0,0.10577797899278468,0.6357694628662767,33.334101996805046,0.0,2.0,23.0,2.0,6.0,0.0,1.0,1.0,1.0,0.0,0.0,0.000525426308393272,0.5004754854445135,0.4999500591361202,1.0004255445806336,0.000525426308393272,0.15828993715807266,2134.0,-0.09968092705527073,-0.0978932643187197,0.15784704572539646,0.030813926154503783,0.007328624932288232,0.26243799036056825,-0.37982659034356014,1.0,0.0,107,0.240990990990991,0.022349018836459948,0.0866091727555941,0.2491590733803165,-0.019717273369321248,12.42757378087175
G23,G23__mom_255_21__top10__weekly__long_short__rev20,long_short,mom_255_21,10,weekly,rev20,5.0,0.0,True,,False,True,3,0,2134.0,0.3061916995621128,0.032045956001646836,0.2090062911082037,0.2554099233517661,0.12206051469775729,0.1715885583460573,-0.3217545781140677,816.0,0.09959751369966825,0.6356616276458094,33.328448075929856,0.1815155586054396,2.0,23.0,2.0,6.0,0.0,1.0,1.0,1.0,0.0,0.0,0.0005252374551026187,0.5003883563732389,0.4998631189181361,1.000251475291375,0.0005252374551026187,0.0,2134.0,-0.10157158186136044,-0.09960137396825658,0.15806580526698286,0.028889373712453,0.00541082409145043,0.26242195897051895,-0.3870544304288622,1.0,0.0,107,0.240990990990991,0.015994940157862535,0.05858124906171039,0.2430828449118242,-0.019702585189574295,12.426085814547609
G23,G23__mom_255_21__top10__weekly__long_short__rev20,long_short,mom_255_21,10,weekly,rev20,5.0,0.01,True,,False,True,3,0,2134.0,0.25232347803301547,0.026926020483083457,0.20901826835375303,0.23161299624557904,0.0982731649781483,0.1380077613161614,-0.3278640127795722,871.0,0.08212557473084493,0.6356978739297752,33.33034850902281,0.1772906753667954,2.0,23.0,2.0,6.0,0.0,1.0,1.0,1.0,0.0,0.0,0.0005253009918335158,0.5004176810872606,0.4998923800954271,1.0003100611826876,0.0005253009918335158,0.05175228931601432,2134.0,-0.10654251524986844,-0.10406821275530624,0.15805597575924196,0.023919963444137434,0.0004411423616416353,0.262432877559691,-0.4059800595130657,1.0,0.0,107,0.240990990990991,0.015920621003696254,0.0565517797592287,0.2449063742921096,-0.019705339557624962,12.426586263167032
G23,G23__mom_255_21__top10__weekly__long_short__rev20,long_short,mom_255_21,10,weekly,rev20,5.0,0.03,True,,False,True,3,0,2134.0,0.1525651763794258,0.01690869517428184,0.20904187986078165,0.18471776210061275,0.05139680373003019,0.07203250229478074,-0.33974524867664857,889.0,0.049768746553905854,0.6357694628662767,33.334101996805046,0.16932441139354582,2.0,23.0,2.0,6.0,0.0,1.0,1.0,1.0,0.0,0.0,0.000525426308393272,0.5004754854445135,0.4999500591361202,1.0004255445806336,0.000525426308393272,0.14702597109072008,2134.0,-0.11634011442015493,-0.1128077324366793,0.1580366040936206,0.014125365988264993,-0.00935399008568651,0.2624544015170319,-0.44327743694786187,1.0,0.0,107,0.240990990990991,0.01577514956335114,0.05255154999658969,0.24824038062413067,-0.01971077062668214,12.42757378087175
G23,G23__mom_255_21__top10__weekly__long_short__rev20,long_short,mom_255_21,10,weekly,rev20,10.0,0.0,True,,False,True,3,0,2134.0,0.1341635274720696,0.014977807935243614,0.2090939132067223,0.1756384935097148,0.04235163106088346,0.059299526873630805,-0.3400326664982173,984.0,0.04404814422534942,0.6356616276458094,33.328448075929856,0.3365346880598131,2.0,23.0,2.0,6.0,0.0,1.0,1.0,1.0,0.0,0.0,0.0005252374551026187,0.5003883563732389,0.4998631189181361,1.000251475291375,0.0005252374551026187,0.0,2134.0,-0.11822892273566392,-0.11449231654549923,0.1582554122762788,0.01220265249967298,-0.011269950673260587,0.2624651516074827,-0.4504556967336966,1.0,0.0,107,0.240990990990991,0.009494131373833314,0.02453214829478776,0.24240194851198427,-0.019671218115196704,12.426085814547609
G23,G23__mom_255_21__top10__weekly__long_short__rev20,long_short,mom_255_21,10,weekly,rev20,10.0,0.01,True,,True,True,3,0,2134.0,0.08738110148201716,0.00994158580701554,0.20910589269737953,0.1518531395885096,0.018575740772281944,0.02598264063339139,-0.34597853349674146,987.0,0.028734689711924492,0.6356978739297752,33.33034850902281,0.3288603161174777,2.0,23.0,2.0,6.0,0.0,1.0,1.0,1.0,0.0,0.0,0.0005253009918335158,0.5004176810872606,0.4998923800954271,1.0003100611826876,0.0005253009918335158,0.048097302432424896,2134.0,-0.12320047634078857,-0.11888612038560635,0.1582455661917128,0.007232624583383808,-0.016240250494354014,0.26247607651239996,-0.46937792570580544,1.0,0.0,107,0.240990990990991,0.009451750004586541,0.022508014614210144,0.24406949470702122,-0.019673979810601983,12.426586263167032
G23,G23__mom_255_21__top10__weekly__long_short__rev20,long_short,mom_255_21,10,weekly,rev20,10.0,0.03,True,,False,True,3,0,2134.0,0.0007459480818634567,8.805862867666825e-05,0.2091295083468421,0.10498069374261851,-0.028278056465357762,-0.039474055806245245,-0.3575416540931402,1132.0,0.0002462891460857001,0.6357694628662767,33.334101996805046,0.31438267358839966,2.0,23.0,2.0,6.0,0.0,1.0,1.0,1.0,0.0,0.0,0.000525426308393272,0.5004754854445135,0.4999500591361202,1.0004255445806336,0.000525426308393272,0.13676674925322505,2134.0,-0.13299930178503946,-0.1274827359542728,0.158226162461845,-0.0025631941779741627,-0.02603660510366154,0.2624976126074406,-0.5066686148644598,1.0,0.0,107,0.240990990990991,0.009368769727405668,0.01851829085834074,0.24710866714048385,-0.01967942548539331,12.42757378087175
G23,G23__mom_255_21__top10__weekly__long_short__rev20,long_short,mom_255_21,10,weekly,rev20,20.0,0.0,True,,False,True,3,0,2134.0,-0.14508470101772797,-0.01834037957696044,0.2093698525432198,0.016288200653761516,-0.1168118110712775,-0.16225650342817055,-0.3751467649608835,1504.0,-0.04888854520409576,0.6356616276458094,33.328448075929856,0.5811105071408946,2.0,23.0,2.0,6.0,0.0,1.0,1.0,1.0,0.0,0.0,0.0005252374551026187,0.5003883563732389,0.4998631189181361,1.000251475291375,0.0005252374551026187,0.0,2134.0,-0.15154360448427126,-0.14356045065658227,0.1586346262948706,-0.021170789925887452,-0.04463150020268299,0.2626318703136582,-0.5770190963620847,1.0,0.0,107,0.240990990990991,-0.0030106884541119417,-0.043387214168053204,0.2403884310043758,-0.01953411456401749,12.426085814547609
G23,G23__mom_255_21__top10__weekly__long_short__rev20,long_short,mom_255_21,10,weekly,rev20,20.0,0.01,True,,False,True,3,0,2134.0,-0.18036181200678514,-0.023213141397538495,0.20938183716922876,-0.007462614190467921,-0.14055339798816122,-0.19503572624028456,-0.3915766303685053,1504.0,-0.0592812226196774,0.6356978739297752,33.33034850902281,0.568409829436207,2.0,23.0,2.0,6.0,0.0,1.0,1.0,1.0,0.0,0.0,0.0005253009918335158,0.5004176810872606,0.4998923800954271,1.0003100611826876,0.0005253009918335158,0.04173162726929015,2134.0,-0.156516398522629,-0.14781164511426498,0.158624747056655,-0.026142053138123632,-0.049603036206345444,0.2626428096117817,-0.5959287396977645,1.0,0.0,107,0.240990990990991,-0.002991607670282094,-0.04539179115911972,0.23097075288259894,-0.019536891034979048,12.426586263167035
G23,G23__mom_255_21__top10__weekly__long_short__rev20,long_short,mom_255_21,10,weekly,rev20,20.0,0.03,True,,False,True,3,0,2134.0,-0.24568906664975665,-0.032746833801559516,0.20940546240734798,-0.05426703645084184,-0.18733963634738734,-0.2594360565878021,-0.42577084506190577,1504.0,-0.07691187450093777,0.6357694628662767,33.334101996805046,0.5444255035545061,2.0,23.0,2.0,6.0,0.0,1.0,1.0,1.0,0.0,0.0,0.000525426308393272,0.5004754854445135,0.4999500591361202,1.0004255445806336,0.000525426308393272,0.1188854017606803,2134.0,-0.1663176765148086,-0.15612922389229378,0.15860527919829365,-0.03594031451045256,-0.059401835139611774,0.26266437348032073,-0.6331946518330146,1.0,0.0,107,0.240990990990991,-0.0029543281096354145,-0.04934299606402315,0.2102255913782516,-0.019542366141701517,12.42757378087175
G23,G23__mom_255_21__top10__weekly__long_short__rev5,long_short,mom_255_21,10,weekly,rev5,0.0,0.0,True,,False,True,3,0,2134.0,1.154036717406841,0.09484647586654926,0.20075473353790863,0.5516282051506848,0.4127626781452759,0.5962846777211863,-0.2818185262741234,618.0,0.3365515997847941,0.7933999030719545,41.598841778310614,0.0,2.0,23.0,2.0,6.0,0.0,1.0,1.0,1.0,0.0,0.0,0.0010259104976920483,0.5003806730152225,0.49935476251753036,0.9997354355327528,0.0010259104976920483,0.0,2134.0,-0.04421188931632315,-0.04481166090208233,0.12779261584959792,0.0909400138925504,0.06661450479331839,0.26021832953304624,-0.16990305562125477,1.0,0.0,107,0.240990990990991,0.06811958254171056,0.3036054574295278,0.264684917330856,-0.02790667195367577,20.696479516928367
G23,G23__mom_255_21__top10__weekly__long_short__rev5,long_short,mom_255_21,10,weekly,rev5,0.0,0.01,True,,False,True,3,0,2134.0,1.0653413504203249,0.08942362016407923,0.20076632620870513,0.5268691117925771,0.38801433409501773,0.5599100159431101,-0.28828007797372557,620.0,0.31019701670897104,0.7934425671089461,41.60107870135228,0.0,2.0,23.0,2.0,6.0,0.0,1.0,1.0,1.0,0.0,0.0,0.0010260127500434997,0.5004099706929146,0.49938395794287116,0.9997939286357858,0.0010260127500434997,0.06631206622196444,2134.0,-0.04917628668590439,-0.04954277950709732,0.12778025538975157,0.08597753182396653,0.061651679792577636,0.2602290222271197,-0.1889731063239552,1.0,0.0,107,0.240990990990991,0.06779464333233604,0.30062028166346155,0.26648920575861634,-0.027909801580507765,20.697316455496498
G23,G23__mom_255_21__top10__weekly__long_short__rev5,long_short,mom_255_21,10,weekly,rev5,0.0,0.03,True,,False,True,3,0,2134.0,0.9010706643252946,0.07881350318623803,0.20078918040311108,0.47807787568482857,0.3392442811052991,0.48846300184004343,-0.30084627682502063,744.0,0.26197267261538304,0.7935267502941529,41.6054925196402,0.0,2.0,23.0,2.0,6.0,0.0,1.0,1.0,1.0,0.0,0.0,0.0010262143865118066,0.5004677217427018,0.49944150735619014,0.9999092290988922,0.0010262143865118066,0.18783938567233216,2134.0,-0.0589609978257265,-0.05879947461193183,0.1277558945546207,0.0761965954896454,0.05187006757910687,0.26025010141066635,-0.2265551387151544,1.0,0.0,107,0.240990990990991,0.06715871357076213,0.2947367710721164,0.2697767607538869,-0.027915971724380817,20.698964303706905
G23,G23__mom_255_21__top10__weekly__long_short__rev5,long_short,mom_255_21,10,weekly,rev5,5.0,0.0,True,,False,True,3,0,2134.0,0.806061807794038,0.07230187487741291,0.20066907942178833,0.44807287455658434,0.30916200873771826,0.4442391420527929,-0.304787282603167,744.0,0.23722077332061764,0.7933999030719545,41.598841778310614,0.2675654877645286,2.0,23.0,2.0,6.0,0.0,1.0,1.0,1.0,0.0,0.0,0.0010259104976920483,0.5003806730152225,0.49935476251753036,0.9997354355327528,0.0010259104976920483,0.0,2134.0,-0.06503949140219945,-0.06448048246666978,0.12770310247501246,0.07012628224982527,0.04579942024505549,0.26016492386997037,-0.24999331360558807,1.0,0.0,107,0.240990990990991,0.05625085903362861,0.24568274310167137,0.2600501404227249,-0.028039796875989675,20.696479516928367
G23,G23__mom_255_21__top10__weekly__long_short__rev5,long_short,mom_255_21,10,weekly,rev5,5.0,0.01,True,,False,True,3,0,2134.0,0.7316783651618652,0.0669894901142063,0.20068067834508546,0.4233056487261271,0.28440534040460125,0.40821209488096205,-0.3110434702379129,746.0,0.21537018624106447,0.7934425671089461,41.60107870135228,0.2610619669316692,2.0,23.0,2.0,6.0,0.0,1.0,1.0,1.0,0.0,0.0,0.0010260127500434997,0.5004099706929146,0.49938395794287116,0.9997939286357858,0.0010260127500434997,0.06020847424898281,2134.0,-0.07000459791967802,-0.06911522175703512,0.12769072166867654,0.0651630941861112,0.04083588871235779,0.26017562264475363,-0.26906670658866066,1.0,0.0,107,0.240990990990991,0.05598409063481909,0.24268395518568164,0.2617269168337689,-0.028042929566292535,20.697316455496498
G23,G23__mom_255_21__top10__weekly__long_short__rev5,long_short,mom_255_21,10,weekly,rev5,5.0,0.03,True,,False,True,3,0,2134.0,0.5939163651117338,0.05659553038437459,0.20070354443875726,0.37449838609300784,0.2356188827108571,0.3374483040420448,-0.32321025768061884,836.0,0.1751043756794985,0.7935267502941529,41.6054925196402,0.24881575849308848,2.0,23.0,2.0,6.0,0.0,1.0,1.0,1.0,0.0,0.0,0.0010262143865118066,0.5004677217427018,0.49944150735619014,0.9999092290988922,0.0010262143865118066,0.17072869889900327,2134.0,-0.0797907091778828,-0.07818333253770951,0.1276663208568015,0.05538076392795834,0.031052881520358233,0.2601967134674556,-0.3066553305557517,1.0,0.0,107,0.240990990990991,0.05546198477344389,0.2367736289774166,0.2647753716201604,-0.02804910604870653,20.698964303706905
G23,G23__mom_255_21__top10__weekly__long_short__rev5,long_short,mom_255_21,10,weekly,rev5,10.0,0.0,True,,False,True,3,0,2134.0,0.514118249197357,0.05020656137839685,0.20064594696451232,0.34432177779044554,0.20540716178233423,0.29357210656287797,-0.32703440544615636,836.0,0.1535207321991171,0.7933999030719545,41.598841778310614,0.4851474786705922,2.0,23.0,2.0,6.0,0.0,1.0,1.0,1.0,0.0,0.0,0.0010259104976920483,0.5003806730152225,0.49935476251753036,0.9997354355327528,0.0010259104976920483,0.0,2134.0,-0.08586709348807534,-0.08375732745652947,0.12761358910042675,0.04931255060710057,0.02498433569679304,0.26015975168875083,-0.33005525616739045,1.0,0.0,107,0.240990990990991,0.04472288481698655,0.18758767901623852,0.2554002095640452,-0.02811918435740668,20.696479516928367
G23,G23__mom_255_21__top10__weekly__long_short__rev5,long_short,mom_255_21,10,weekly,rev5,10.0,0.01,True,,True,True,3,0,2134.0,0.45174485307917256,0.04500246993729462,0.20065755219789147,0.31955414983162395,0.1806498920423249,0.2579019566055627,-0.33309164049261775,879.0,0.13510537181521373,0.7934425671089461,41.60107870135228,0.47363713411896796,2.0,23.0,2.0,6.0,0.0,1.0,1.0,1.0,0.0,0.0,0.0010260127500434997,0.5004099706929146,0.49938395794287116,0.9997939286357858,0.0010260127500434997,0.054782116830891944,2134.0,-0.09083290915345175,-0.08829758727350998,0.12760118794760147,0.04434865654825577,0.020020097632137853,0.26017045739128447,-0.3491284524162681,1.0,0.0,107,0.240990990990991,0.04451263413486562,0.1845821658842531,0.25695638771114493,-0.028122320310090043,20.697316455496498
G23,G23__mom_255_21__top10__weekly__long_short__rev5,long_short,mom_255_21,10,weekly,rev5,10.0,0.03,True,,False,True,3,0,2134.0,0.3362276734502241,0.03482040624662375,0.20068043030803445,0.27074609138472083,0.131862245645118,0.1878395532793447,-0.34487148699819314,896.0,0.10096632386082466,0.7935267502941529,41.6054925196402,0.45194973098584734,2.0,23.0,2.0,6.0,0.0,1.0,1.0,1.0,0.0,0.0,0.0010262143865118066,0.5004677217427018,0.49944150735619014,0.9999092290988922,0.0010262143865118066,0.15550829278622663,2134.0,-0.10062042053003946,-0.09718083138093953,0.1275767471589824,0.034564932366270874,0.01023569546160922,0.2601915615258858,-0.3867166941923634,1.0,0.0,107,0.240990990990991,0.04410111734535275,0.1786585929688165,0.2597788342354309,-0.02812850352420096,20.698964303706905
G23,G23__mom_255_21__top10__weekly__long_short__rev5,long_short,mom_255_21,10,weekly,rev5,20.0,0.0,True,,False,True,3,0,2134.0,0.06379228301183693,0.007329314459396219,0.2007872750585592,0.13662003722852922,-0.0021773902780153464,-0.0030784203438259093,-0.3694521575704963,1516.0,0.019838331727695186,0.7933999030719545,41.598841778310614,0.8031314439189516,2.0,23.0,2.0,6.0,0.0,1.0,1.0,1.0,0.0,0.0,0.0010259104976920483,0.5003806730152225,0.49935476251753036,0.9997354355327528,0.0010259104976920483,0.0,2134.0,-0.1275222976598284,-0.12116517154465656,0.12743456235125555,0.007685087321649874,-0.01664583339973315,0.26029409245943774,-0.48991621920770445,1.0,0.0,107,0.240990990990991,0.02265900558224472,0.07124720662520895,0.24608303839476298,-0.028116692048678088,20.696479516928367
G23,G23__mom_255_21__top10__weekly__long_short__rev5,long_short,mom_255_21,10,weekly,rev5,20.0,0.01,True,,False,True,3,0,2134.0,0.01995046111247123,0.0023354421012760085,0.20079889305961962,0.111874775254237,-0.026912712737842955,-0.03800739376642043,-0.3751299413701814,1516.0,0.006225688338141408,0.7934425671089461,41.60107870135228,0.7850190026934418,2.0,23.0,2.0,6.0,0.0,1.0,1.0,1.0,0.0,0.0,0.0010260127500434997,0.5004099706929146,0.49938395794287116,0.9997939286357858,0.0010260127500434997,0.045652038712422634,2134.0,-0.13248953162099913,-0.12552202773277596,0.12742212050545149,0.0027197812725449745,-0.021611484528301972,0.26030481454307997,-0.5089784138397961,1.0,0.0,107,0.240990990990991,0.02255697582853241,0.06824889409119854,0.24741744188092285,-0.028119835144588184,20.6973164554965
G23,G23__mom_255_21__top10__weekly__long_short__rev5,long_short,mom_255_21,10,weekly,rev5,20.0,0.03,True,,False,True,3,0,2134.0,-0.06124351289929997,-0.007435289672262035,0.20082179550617693,0.063110776333046,-0.07565712507332438,-0.10661359638878815,-0.38617179922583766,1516.0,-0.019253839061183733,0.7935267502941529,41.6054925196402,0.7508482134034423,2.0,23.0,2.0,6.0,0.0,1.0,1.0,1.0,0.0,0.0,0.0010262143865118066,0.5004677217427018,0.49944150735619014,0.9999092290988922,0.0010262143865118066,0.12987823779451005,2134.0,-0.1422798432343526,-0.134046409242202,0.1273975997633442,-0.007066730757103854,-0.03139867665588861,0.26032595028989636,-0.5465449874509677,1.0,0.0,107,0.240990990990991,0.022357216019662066,0.06233951521003982,0.2498246372143197,-0.02812603304287256,20.698964303706905
G23,G23__mom_255_21__top20__monthly__long_only__rev20,long_only,mom_255_21,20,monthly,rev20,0.0,0.0,True,,False,True,0,0,2134.0,1.2897863410357688,0.1027764989086184,0.3198374776759574,0.4668119463792586,0.3796620620775865,0.5322508271582551,-0.5671277767884786,938.0,0.18122282687442923,1.1832350359971702,14.25204937454136,0.0,0.0,0.0,0.0,0.0,0.0,1.0,1.0,1.0,0.0,0.0,1.0,1.0,0.0,1.0,1.0,0.0,2134.0,-0.005649907174397341,-0.037893188124819475,1.3154700628579385,-0.05453321196572809,-0.045749795213068364,0.2055259873281041,-0.027489989211815655,1.0,1.0,34,0.3333333333333333,-0.1040645018211932,-0.3102826207038874,-0.16774892083532567,0.02387782029262958,6.148892051480351
G23,G23__mom_255_21__top20__monthly__long_only__rev20,long_only,mom_255_21,20,monthly,rev20,5.0,0.0,True,,True,True,0,0,2134.0,1.1556466725759176,0.0949430758254628,0.31982602817463307,0.4445257039462675,0.3573737183562956,0.5004864397919814,-0.5675606490116902,939.0,0.16728269655549574,1.1832350359971702,14.25204937454136,0.09051449528397701,0.0,0.0,0.0,0.0,0.0,1.0,1.0,1.0,0.0,0.0,1.0,1.0,0.0,1.0,1.0,0.0,2134.0,-0.012782972338676124,-0.044727383191602715,1.3154406227298125,-0.061661715268436716,-0.052879020561215,0.20551344420648618,-0.06220017570155969,1.0,1.0,34,0.3333333333333333,-0.1070173067348669,-0.31887832070621713,-0.16375818679598642,0.023872592612048993,6.148892051480351
G23,G23__mom_255_21__top20__monthly__long_only__rev20,long_only,mom_255_21,20,monthly,rev20,10.0,0.0,True,,False,True,0,0,2134.0,1.0292726305794377,0.0871594440126755,0.3198308061904978,0.42221644237096306,0.33506676641659544,0.4687679409022569,-0.5679935212349017,990.0,0.1534514756844022,1.1832350359971702,14.25204937454136,0.17510786200027353,0.0,0.0,0.0,0.0,0.0,1.0,1.0,1.0,0.0,0.0,1.0,1.0,0.0,1.0,1.0,0.0,2134.0,-0.019916037502954672,-0.051518138340648716,1.315411182601687,-0.06879021857114523,-0.06000824590936144,0.20552615442004685,-0.09690269133460751,1.0,1.0,34,0.3333333333333333,-0.10993826677368079,-0.3274811932521858,-0.15979822986692127,0.023878743192362828,6.148892051480351
G23,G23__mom_255_21__top20__monthly__long_only__rev20,long_only,mom_255_21,20,monthly,rev20,20.0,0.0,True,,False,True,0,0,2134.0,0.7980696379633443,0.0717404337009242,0.319889039395614,0.37754245987925367,0.29041062974798304,0.40548090624737093,-0.5688592656813247,1123.0,0.1261127980661446,1.1832350359971702,14.25204937454136,0.32795546552514987,0.0,0.0,0.0,0.0,0.0,1.0,1.0,1.0,0.0,0.0,1.0,1.0,0.0,1.0,1.0,0.0,2134.0,-0.034182167831512046,-0.06497030645267438,1.3153523023454357,-0.0830472251765624,-0.07426669660565453,0.20562730681705083,-0.1662336017556479,1.0,1.0,34,0.3333333333333333,-0.11568553487935929,-0.3446975589607467,-0.1515406135870409,0.02392517372598435,6.148892051480351
G23,G23__mom_255_21__top20__monthly__long_only__rev5,long_only,mom_255_21,20,monthly,rev5,0.0,0.0,True,,False,True,0,0,2134.0,1.0623277025657512,0.0892357822846026,0.3154277948489845,0.4302129598306271,0.34184962507291144,0.4732831544148008,-0.6136275161059568,1013.0,0.14542337157708882,1.1840998742744946,14.262466339433743,0.0,0.0,0.0,0.0,1.0,0.0,1.0,1.0,1.0,0.0,0.0,0.9995225717919721,0.9995225717919721,0.0,0.9995225717919721,0.9995225717919721,0.0,2134.0,-0.019252737418514226,-0.049706656868967046,1.307323479313028,-0.0668736976221329,-0.05831383847144317,0.20009889087758678,-0.09621611261349944,1.0,1.0,34,0.3333333333333333,-0.11760521844520899,-0.34809505770856247,-0.21424866015280386,0.019468137465656676,6.159309016372735
G23,G23__mom_255_21__top20__monthly__long_only__rev5,long_only,mom_255_21,20,monthly,rev5,5.0,0.0,True,,True,True,0,0,2134.0,0.9414272002257777,0.08149290268213538,0.3154662609787362,0.4075826331493168,0.31923091702157874,0.44153766449039744,-0.6140138885898507,1014.0,0.1327215950591812,1.1840998742744946,14.262466339433743,0.06954589530739141,0.0,0.0,0.0,1.0,0.0,1.0,1.0,1.0,0.0,0.0,0.9995225717919721,0.9995225717919721,0.0,0.9995225717919721,0.9995225717919721,0.0,2134.0,-0.026375293333860787,-0.05646185814178712,1.3073111037945357,-0.07399433590308675,-0.0654346958611341,0.2001617984903506,-0.1317698658424689,1.0,1.0,34,0.3333333333333333,-0.12046747987819431,-0.357021122040934,-0.21021142637414691,0.019512825416152124,6.159309016372735
G23,G23__mom_255_21__top20__monthly__long_only__rev5,long_only,mom_255_21,20,monthly,rev5,10.0,0.0,True,,False,True,0,0,2134.0,0.8275307396045837,0.07379926686556004,0.3155211279713602,0.3849378144184404,0.29660229004099137,0.4098445793696495,-0.6144002610737448,1066.0,0.12011594320709788,1.1840998742744946,14.262466339433743,0.1345909841264061,0.0,0.0,0.0,1.0,0.0,1.0,1.0,1.0,0.0,0.0,0.9995225717919721,0.9995225717919721,0.0,0.9995225717919721,0.9995225717919721,0.0,2134.0,-0.03349784924920726,-0.06317409714446774,1.3072987282760433,-0.08111497418404047,-0.07255555325082509,0.2002505364465906,-0.16727969794049252,1.0,1.0,34,0.3333333333333333,-0.12329844392079625,-0.36594566962778985,-0.2062049697057644,0.019569064973225248,6.159309016372735
G23,G23__mom_255_21__top20__monthly__long_only__rev5,long_only,mom_255_21,20,monthly,rev5,20.0,0.0,True,,False,True,0,0,2134.0,0.6191688985713126,0.05855861794645434,0.315680027782188,0.3396188929868456,0.25132943917559214,0.34662585055869877,-0.615173006041533,1164.0,0.09519048685712453,1.1840998742744946,14.262466339433743,0.25227863389537597,0.0,0.0,0.0,1.0,0.0,1.0,1.0,1.0,0.0,0.0,0.9995225717919721,0.9995225717919721,0.0,0.9995225717919721,0.9995225717919721,0.0,2134.0,-0.04774296107990031,-0.07647065556494698,1.3072739772390582,-0.09535625074594802,-0.0867972680302071,0.20050535622539192,-0.23811314559712576,1.0,1.0,34,0.3333333333333333,-0.12886735063382915,-0.3837787495331376,-0.1978543539472492,0.019716162112558333,6.159309016372735
G23,G23__mom_255_21__top20__monthly__long_short__rev20,long_short,mom_255_21,20,monthly,rev20,0.0,0.0,True,,False,True,0,0,2134.0,0.9760561455272085,0.08375315353506019,0.15905947644740331,0.5851716166257379,0.4099181552846071,0.5855653808689434,-0.2261030421814051,482.0,0.3704202859325708,1.0099150474142822,12.164412548611391,0.0,4.0,24.0,3.0,0.0,0.0,1.0,1.0,1.0,0.0,0.0,0.0005350257720691282,0.5028045296835569,0.5022695039114877,1.0050740335950448,0.0005350257720691282,0.0,2134.0,-0.06187677168097321,-0.05448992389736089,0.04878225496160095,0.08551809213713014,0.058996084217650895,0.24192918490793755,-0.2557639819458718,1.0,0.0,24,0.23529411764705882,0.014062810721267291,0.1089011503481983,0.1901624766293169,-0.03588188064938577,3.67282430901475
G23,G23__mom_255_21__top20__monthly__long_short__rev20,long_short,mom_255_21,20,monthly,rev20,0.0,0.01,True,,False,True,0,0,2134.0,0.8944199659578456,0.07836713585118904,0.15909136682492528,0.5537615631546019,0.3785465774298654,0.5399893713336269,-0.228375631739139,482.0,0.34315016560393596,1.0101359521714115,12.16707334330551,0.0,4.0,24.0,3.0,0.0,0.0,1.0,1.0,1.0,0.0,0.0,0.0005349069007839886,0.5029141799648257,0.5023792730640418,1.0052934530288675,0.0005349069007839886,0.06236400207227723,2134.0,-0.06685517867597088,-0.059188903525294295,0.04877351889449926,0.08054103882947429,0.054018787930373485,0.2419514823804748,-0.2763164665006657,1.0,0.0,24,0.23529411764705882,0.014010754347914434,0.1031994580088672,0.19210653476366119,-0.03589221717918953,3.6733400865387367
G23,G23__mom_255_21__top20__monthly__long_short__rev20,long_short,mom_255_21,20,monthly,rev20,0.0,0.03,True,,False,True,0,0,2134.0,0.7431863109829997,0.06782437696062016,0.15915427296418633,0.49186053699711285,0.3167213908902676,0.45054354845364736,-0.23283772730327634,488.0,0.2912946185575733,1.0105728407336516,12.172335659895866,0.0,4.0,24.0,3.0,0.0,0.0,1.0,1.0,1.0,0.0,0.0,0.000534671794597201,0.5031304567203341,0.502595784925737,1.005726241646071,0.000534671794597201,0.17673615185972316,2134.0,-0.0766721564877939,-0.06838683271095385,0.04875631276328325,0.0707267271741445,0.04420399771939123,0.24199546808091826,-0.3168330262373191,1.0,0.0,24,0.23529411764705882,0.01390865541546596,0.09196074857818098,0.19852280356677687,-0.03591261604868787,3.6743531605723696
G23,G23__mom_255_21__top20__monthly__long_short__rev20,long_short,mom_255_21,20,monthly,rev20,5.0,0.0,True,,False,True,0,0,2134.0,0.8768229274209516,0.07717939493886283,0.159145384690784,0.5467020202554224,0.3715484594037433,0.5296963216372472,-0.23122634066494807,488.0,0.3337828844106366,1.0099150474142822,12.164412548611391,0.07539191698439672,4.0,24.0,3.0,0.0,0.0,1.0,1.0,1.0,0.0,0.0,0.0005350257720691282,0.5028045296835569,0.5022695039114877,1.0050740335950448,0.0005350257720691282,0.0,2134.0,-0.06794875932856569,-0.06022513672723603,0.04864372236594128,0.07946757065033852,0.0529419828043519,0.24200675430212035,-0.2807721607791934,1.0,0.0,24,0.23529411764705882,0.012021966608959433,0.09232181206939244,0.18862500419716294,-0.03579026614050021,3.67282430901475
G23,G23__mom_255_21__top20__monthly__long_short__rev20,long_short,mom_255_21,20,monthly,rev20,5.0,0.01,True,,True,True,0,0,2134.0,0.7992660540181897,0.07182462051513716,0.15917729679366177,0.5153089869879709,0.34019377910459686,0.48431363182681586,-0.23348504313153884,488.0,0.30761979247926907,1.0101359521714115,12.16707334330551,0.0736006018058695,4.0,24.0,3.0,0.0,0.0,1.0,1.0,1.0,0.0,0.0,0.0005349069007839886,0.5029141799648257,0.5023792730640418,1.0052934530288675,0.0005349069007839886,0.060551163065354366,2134.0,-0.07292837109111824,-0.06489685847159762,0.04863498591515576,0.07448931263458107,0.04796348184629451,0.2420290702945666,-0.30132070912952413,1.0,0.0,24,0.23529411764705882,0.01197968747420406,0.08663813712974316,0.19165395692567916,-0.035800582499202815,3.6733400865387367
G23,G23__mom_255_21__top20__monthly__long_short__rev20,long_short,mom_255_21,20,monthly,rev20,5.0,0.03,True,,False,True,0,0,2134.0,0.6555917283414521,0.06134303074690717,0.1592402448297416,0.45344146767146404,0.278401856776939,0.3952467233627252,-0.23791986371411056,494.0,0.25783064007055007,1.0105728407336516,12.172335659895866,0.0702244903074137,4.0,24.0,3.0,0.0,0.0,1.0,1.0,1.0,0.0,0.0,0.000534671794597201,0.5031304567203341,0.502595784925737,1.005726241646071,0.000534671794597201,0.1716544997476649,2134.0,-0.08274773232538238,-0.07404142124136509,0.04861777932285108,0.06467261762825766,0.038146308364499816,0.242073091857739,-0.3418295345854111,1.0,0.0,24,0.23529411764705882,0.01189673378773537,0.07543494168671272,0.19828533523307973,-0.035820941930724076,3.6743531605723696
G23,G23__mom_255_21__top20__monthly__long_short__rev20,long_short,mom_255_21,20,monthly,rev20,10.0,0.0,True,,False,True,0,0,2134.0,0.7825125627984126,0.07064122549025709,0.15925534232303046,0.5081971787987009,0.3331695988570016,0.474037495025049,-0.23632054595266927,488.0,0.2989212182355285,1.0099150474142822,12.164412548611391,0.14643921253137088,4.0,24.0,3.0,0.0,0.0,1.0,1.0,1.0,0.0,0.0,0.0005350257720691282,0.5028045296835569,0.5022695039114877,1.0050740335950448,0.0005350257720691282,0.0,2134.0,-0.07402074697615825,-0.0659293001455926,0.04850518977028172,0.07341704916354681,0.04688788139105284,0.24210014852301737,-0.3057443269974733,1.0,0.0,24,0.23529411764705882,0.009999211487857984,0.07574506059359282,0.18806748061707762,-0.03568251762582825,3.67282430901475
G23,G23__mom_255_21__top20__monthly__long_short__rev20,long_short,mom_255_21,20,monthly,rev20,10.0,0.01,True,,False,True,0,0,2134.0,0.70883363269365,0.0653175329121547,0.15928728085826313,0.4768258880297018,0.30183653197078053,0.42885374519225533,-0.2385654336080787,494.0,0.27379294612923677,1.0101359521714115,12.16707334330551,0.14298522288694185,4.0,24.0,3.0,0.0,0.0,1.0,1.0,1.0,0.0,0.0,0.0005349069007839886,0.5029141799648257,0.5023792730640418,1.0052934530288675,0.0005349069007839886,0.05880196458033371,2134.0,-0.07900156350626583,-0.07057390483093946,0.048496452935812256,0.06843758643968764,0.04190817576221533,0.24212248784770596,-0.32628759190661166,1.0,0.0,24,0.23529411764705882,0.009966626701441397,0.07008307607424513,0.19147000049479002,-0.035692811294710663,3.6733400865387367
G23,G23__mom_255_21__top20__monthly__long_short__rev20,long_short,mom_255_21,20,monthly,rev20,10.0,0.03,True,,False,True,0,0,2134.0,0.5723453796948033,0.054896796185224694,0.1593502801127571,0.41500118131940916,0.2400871669785641,0.3401767420488642,-0.24297312121439196,506.0,0.22593773299222453,1.0105728407336516,12.172335659895866,0.136474408288791,4.0,24.0,3.0,0.0,0.0,1.0,1.0,1.0,0.0,0.0,0.000534671794597201,0.5031304567203341,0.502595784925737,1.005726241646071,0.000534671794597201,0.16675045487771917,2134.0,-0.08882330816297072,-0.07966537694669451,0.04847924588241874,0.05861850808237095,0.03208861900960854,0.24216655479097177,-0.3667860255915164,1.0,0.0,24,0.23529411764705882,0.009902655925551292,0.058922632470050196,0.19803759807883542,-0.0357131263171937,3.6743531605723696
G23,G23__mom_255_21__top20__monthly__long_short__rev20,long_short,mom_255_21,20,monthly,rev20,20.0,0.0,True,,False,True,0,0,2134.0,0.6077071400788563,0.0576709721916171,0.15954719598507142,0.4311522992133122,0.25645421178768035,0.3634181996970113,-0.24642222752304332,506.0,0.23403315833683955,1.0099150474142822,12.164412548611391,0.27641016054671397,4.0,24.0,3.0,0.0,0.0,1.0,1.0,1.0,0.0,0.0,0.0005350257720691282,0.5028045296835569,0.5022695039114877,1.0050740335950448,0.0005350257720691282,0.0,2134.0,-0.0861647222713432,-0.07724507361620778,0.04822812457896236,0.0613160061899636,0.034779678564454915,0.2423343351592685,-0.35556134550522306,1.0,0.0,24,0.23529411764705882,0.006007530475879597,0.04265851327140516,0.1877327288840851,-0.0354188263078597,3.67282430901475
G23,G23__mom_255_21__top20__monthly__long_short__rev20,long_short,mom_255_21,20,monthly,rev20,20.0,0.01,True,,False,True,0,0,2134.0,0.5412188067763011,0.052408962005770166,0.1595792014570949,0.3998385361888042,0.2251783958903788,0.3186515320787847,-0.24863970115258427,507.0,0.2107827581951928,1.0101359521714115,12.16707334330551,0.26998729030457713,4.0,24.0,3.0,0.0,0.0,1.0,1.0,1.0,0.0,0.0,0.0005349069007839886,0.5029141799648257,0.5023792730640418,1.0052934530288675,0.0005349069007839886,0.05548514067244406,2134.0,-0.09114794833656055,-0.08183586408823003,0.04821938697712522,0.05633413404990122,0.029797563594057396,0.24235673555006562,-0.37609001511629697,1.0,0.0,24,0.23529411764705882,0.005994087624764166,0.03705080522109991,0.1910702360313764,-0.0354290670876482,3.6733400865387367
G23,G23__mom_255_21__top20__monthly__long_short__rev20,long_short,mom_255_21,20,monthly,rev20,20.0,0.03,True,,False,True,0,0,2134.0,0.4180548702119209,0.04210898888528858,0.15964233101803754,0.3381271275041518,0.16354178189475005,0.23079210377345682,-0.25299354637873317,588.0,0.16644293693662493,1.0105728407336516,12.172335659895866,0.25787614783776613,4.0,24.0,3.0,0.0,0.0,1.0,1.0,1.0,0.0,0.0,0.000534671794597201,0.5031304567203341,0.502595784925737,1.005726241646071,0.000534671794597201,0.1574491681407877,2134.0,-0.10097445983814768,-0.09082197715026458,0.04820217900155424,0.04651028899059726,0.019973240299825695,0.24240092173619684,-0.416559718976801,1.0,0.0,24,0.23529411764705882,0.005967599403692576,0.025997335691648443,0.19751196590486714,-0.03544927846994017,3.6743531605723696
G23,G23__mom_255_21__top20__monthly__long_short__rev5,long_short,mom_255_21,20,monthly,rev5,0.0,0.0,True,,False,True,0,0,2134.0,1.0054751960034176,0.085646072021627,0.14747720761674524,0.6311750164449228,0.4421894403680354,0.6154255644520275,-0.2114403075050416,299.0,0.40506028879845835,1.0079826476790166,12.141136820966,0.0,4.0,24.0,3.0,0.0,0.0,1.0,1.0,1.0,0.0,0.0,0.001074415630094645,0.5027028888718489,0.5016284732417544,1.0043313621136032,0.001074415630094645,0.0,2134.0,-0.061869933710593204,-0.05283846526358263,0.029530080406751934,0.08850812891926041,0.061456106500221784,0.23748086578952352,-0.26052597334484956,1.0,0.0,24,0.23529411764705882,0.0159557292078341,0.1411724354316266,0.20482521130568038,-0.04746414948004385,3.649548581369359
G23,G23__mom_255_21__top20__monthly__long_short__rev5,long_short,mom_255_21,20,monthly,rev5,0.0,0.01,True,,False,True,0,0,2134.0,0.9226920418327844,0.08025518551596145,0.14750682458613057,0.5973213950556029,0.40837496471339857,0.5675209821757864,-0.2117040118082869,421.0,0.37909147224209544,1.0082034794368462,12.143796736384582,0.0,4.0,24.0,3.0,0.0,0.0,1.0,1.0,1.0,0.0,0.0,0.0010744782770454166,0.5028123860256593,0.5017379077486138,1.004550293774273,0.0010744782770454166,0.05439326742954041,2134.0,-0.06684488041133406,-0.057541692648535564,0.029516022633695075,0.08353536052475502,0.056482949671715875,0.23750143879613167,-0.2814504229960177,1.0,0.0,24,0.23529411764705882,0.01589880401268684,0.13302784529240036,0.20877815469451327,-0.04747675941798424,3.650063479617808
G23,G23__mom_255_21__top20__monthly__long_short__rev5,long_short,mom_255_21,20,monthly,rev5,0.0,0.03,True,,False,True,0,0,2134.0,0.7693256205794847,0.06970283711925984,0.14756524634950635,0.530604833680766,0.34173556261770954,0.4735256134318386,-0.21222370719917194,551.0,0.32844038980924845,1.008640622902923,12.149062123288067,0.0,4.0,24.0,3.0,0.0,0.0,1.0,1.0,1.0,0.0,0.0,0.0010746012972980702,0.5030283604626935,0.5019537591653955,1.004982119628089,0.0010746012972980702,0.15430338172591038,2134.0,-0.07665502965700258,-0.06674798810712715,0.029488320089451313,0.0737295038953224,0.04667632759774584,0.23754202198264734,-0.32270092262918565,1.0,0.0,24,0.23529411764705882,0.015787115574105642,0.11697492030562295,0.21913682367088128,-0.04750164266336784,3.65107962396457
G23,G23__mom_255_21__top20__monthly__long_short__rev5,long_short,mom_255_21,20,monthly,rev5,5.0,0.0,True,,False,True,0,0,2134.0,0.904952580095495,0.07907340518888772,0.14756253439215744,0.5897320585036379,0.40085871634109654,0.5567369457056643,-0.21217287478132074,427.0,0.3726838563618745,1.0079826476790166,12.141136820966,0.06585807443288721,4.0,24.0,3.0,0.0,0.0,1.0,1.0,1.0,0.0,0.0,0.001074415630094645,0.5027028888718489,0.5016284732417544,1.0043313621136032,0.001074415630094645,0.0,2134.0,-0.0679315054882428,-0.058572725594868195,0.029427614284003624,0.08246243466312178,0.05540783821161126,0.23754974741494053,-0.2859674919779363,1.0,0.0,24,0.23529411764705882,0.013915976858984325,0.12163206900674567,0.20767847008079027,-0.047373116439126756,3.649548581369359
G23,G23__mom_255_21__top20__monthly__long_short__rev5,long_short,mom_255_21,20,monthly,rev5,5.0,0.01,True,,True,True,0,0,2134.0,0.8262982739009912,0.07371372699967793,0.14759217876252845,0.555898061883602,0.3670637248322353,0.5090460011773053,-0.212436454112097,537.0,0.3469918913294475,1.0082034794368462,12.143796736384582,0.06431467249726878,4.0,24.0,3.0,0.0,0.0,1.0,1.0,1.0,0.0,0.0,0.0010744782770454166,0.5028123860256593,0.5017379077486138,1.004550293774273,0.0010744782770454166,0.05285364623144302,2134.0,-0.072907656530076,-0.0632487255825369,0.02941356348836478,0.07748846084634618,0.050433476207266695,0.23757034103550356,-0.3068887143584154,1.0,0.0,24,0.23529411764705882,0.01386879395874483,0.11350808285738162,0.212702545945121,-0.04738570053033614,3.650063479617808
G23,G23__mom_255_21__top20__monthly__long_short__rev5,long_short,mom_255_21,20,monthly,rev5,5.0,0.03,True,,False,True,0,0,2134.0,0.6805833539942119,0.06322247710743367,0.14765065380536593,0.48922012919958313,0.3004626734662995,0.4154693054156804,-0.21295590322774982,557.0,0.2968806036798105,1.008640622902923,12.149062123288067,0.061406143759293576,4.0,24.0,3.0,0.0,0.0,1.0,1.0,1.0,0.0,0.0,0.0010746012972980702,0.5030283604626935,0.5019537591653955,1.004982119628089,0.0010746012972980702,0.1499875650472364,2134.0,-0.08272019072227962,-0.07240171623513268,0.029385874602076853,0.06768021715402543,0.04062446755279813,0.23761096443101185,-0.34813288570400414,1.0,0.0,24,0.23529411764705882,0.013776180148261874,0.09749575837607322,0.22324929571944047,-0.047410532955099755,3.65107962396457
G23,G23__mom_255_21__top20__monthly__long_short__rev5,long_short,mom_255_21,20,monthly,rev5,10.0,0.0,True,,False,True,0,0,2134.0,0.8094076812895146,0.07253626839042582,0.14767361286194075,0.5482413805582254,0.3595127477968729,0.4982689784576216,-0.21290544205759976,551.0,0.3406971080185059,1.0079826476790166,12.141136820966,0.12799368262097977,4.0,24.0,3.0,0.0,0.0,1.0,1.0,1.0,0.0,0.0,0.001074415630094645,0.5027028888718489,0.5016284732417544,1.0043313621136032,0.001074415630094645,0.0,2134.0,-0.07399307726589237,-0.0642759880874807,0.029325148161255272,0.0764167404069832,0.04935956992300073,0.23763464176613655,-0.3113732775489493,1.0,0.0,24,0.23529411764705882,0.011894254388026715,0.10208820953346415,0.21148258451214713,-0.047264247086917954,3.649548581369359
G23,G23__mom_255_21__top20__monthly__long_short__rev5,long_short,mom_255_21,20,monthly,rev5,10.0,0.01,True,,False,True,0,0,2134.0,0.7346787891792208,0.06720763753816805,0.14770328970931815,0.5144328887600415,0.32574311376900766,0.4507989442078324,-0.2131688964159073,551.0,0.3152788172578484,1.0082034794368462,12.143796736384582,0.12501750274636983,4.0,24.0,3.0,0.0,0.0,1.0,1.0,1.0,0.0,0.0,0.0010744782770454166,0.5028123860256593,0.5017379077486138,1.004550293774273,0.0010744782770454166,0.0513678428603911,2134.0,-0.07897043264881784,-0.06892490112289534,0.029311104343034487,0.07144156116793741,0.04438400274281758,0.23765526098935036,-0.33228985682903356,1.0,0.0,24,0.23529411764705882,0.011856731327454753,0.09398965787247227,0.2168665376869614,-0.04727680244365565,3.650063479617808
G23,G23__mom_255_21__top20__monthly__long_short__rev5,long_short,mom_255_21,20,monthly,rev5,10.0,0.03,True,,False,True,0,0,2134.0,0.5962382584961534,0.05677717094570789,0.14776182811191452,0.4478051720886336,0.259191987307498,0.35765517039769606,-0.2207510268203673,998.0,0.25720003101915095,1.008640622902923,12.149062123288067,0.11940797756574709,4.0,24.0,3.0,0.0,0.0,1.0,1.0,1.0,0.0,0.0,0.0010746012972980702,0.5030283604626935,0.5019537591653955,1.004982119628089,0.0010746012972980702,0.1458219072903637,2134.0,-0.0887853517875567,-0.07802486196679646,0.02928342911470223,0.06163093041272846,0.03457260750785041,0.2376959344770711,-0.37352490686424095,1.0,0.0,24,0.23529411764705882,0.011783030686034486,0.07802745279898407,0.2202596924728601,-0.047301578318036275,3.65107962396457
G23,G23__mom_255_21__top20__monthly__long_short__rev5,long_short,mom_255_21,20,monthly,rev5,20.0,0.0,True,,False,True,0,0,2134.0,0.6322888568837151,0.05956790496556774,0.14797277946836965,0.46520476319677945,0.2768620298823844,0.38209870018469644,-0.21643297624073898,998.0,0.27522564259944476,1.0079826476790166,12.141136820966,0.2418769293820449,4.0,24.0,3.0,0.0,0.0,1.0,1.0,1.0,0.0,0.0,0.001074415630094645,0.5027028888718489,0.5016284732417544,1.0043313621136032,0.001074415630094645,0.0,2134.0,-0.0861162208211915,-0.07559011275578553,0.02912021591575859,0.06432535189470599,0.037263033345779704,0.23785239682864043,-0.3620574018568058,1.0,0.0,24,0.23529411764705882,0.00790446324983024,0.0630663313661092,0.21772198016638944,-0.046993242824561465,3.649548581369359
G23,G23__mom_255_21__top20__monthly__long_short__rev5,long_short,mom_255_21,20,monthly,rev5,20.0,0.01,True,,False,True,0,0,2134.0,0.5648396195486842,0.054300888781787515,0.14800253642832575,0.4314647526190675,0.24316056317501192,0.33509373628723765,-0.22340769506195368,1010.0,0.24305737887286835,1.0082034794368462,12.143796736384582,0.2363416772005546,4.0,24.0,3.0,0.0,0.0,1.0,1.0,1.0,0.0,0.0,0.0010744782770454166,0.5028123860256593,0.5017379077486138,1.004550293774273,0.0010744782770454166,0.04854978378061644,2134.0,-0.09109598488630156,-0.08018527066283831,0.029106186052373986,0.05934776181111986,0.03228505581391934,0.2378730821854202,-0.3829604596256628,1.0,0.0,24,0.23529411764705882,0.007886014400781516,0.055032972505733024,0.216302242122007,-0.04700573211641734,3.650063479617808
G23,G23__mom_255_21__top20__monthly__long_short__rev5,long_short,mom_255_21,20,monthly,rev5,20.0,0.03,True,,False,True,0,0,2134.0,0.43988908568337703,0.043991048918667675,0.14806123165503227,0.3649718979856663,0.17674367893574036,0.242861170072298,-0.2369802476047742,1096.0,0.18563171134850917,1.008640622902923,12.149062123288067,0.2259052376807593,4.0,24.0,3.0,0.0,0.0,1.0,1.0,1.0,0.0,0.0,0.0010746012972980702,0.5030283604626935,0.5019537591653955,1.004982119628089,0.0010746012972980702,0.13791907161917794,2134.0,-0.10091567391811113,-0.08917999187014199,0.02907853813995324,0.04953235693013422,0.022468887417954657,0.23791388543272832,-0.42416891193450623,1.0,0.0,24,0.23529411764705882,0.007849659437071672,0.039199232732638756,0.2135252646788261,-0.04703037783294545,3.65107962396457
G23,G23__mom_255_21__top20__weekly__long_only__rev20,long_only,mom_255_21,20,weekly,rev20,0.0,0.0,True,,False,True,0,0,2134.0,3.0314619003940857,0.1789568815901006,0.339389158512574,0.6554827517953776,0.5733085934445095,0.8251456576930768,-0.6299175776130922,461.0,0.2840957102168999,0.6886293277844383,36.105603667828134,0.0,0.0,1.0,1.0,0.0,0.0,1.0,1.0,1.0,0.0,0.0,1.0,1.0,0.0,1.0,1.0,0.0,2134.0,0.06750987689799597,0.028569658319265893,1.3477659182575479,0.013622204564801928,0.02327914751827064,0.22967694787863907,0.2939340561668735,1.0,1.0,161,0.36261261261261263,-0.035196936716195504,-0.13724961383510992,-0.23934062657075011,0.04349612467551933,18.245039961482355
G23,G23__mom_255_21__top20__weekly__long_only__rev20,long_only,mom_255_21,20,weekly,rev20,5.0,0.0,True,,False,True,0,0,2134.0,2.4598062386245885,0.15785879492830168,0.3393507023810629,0.6022995392074937,0.5201226807441515,0.7467097584963823,-0.6306499160665036,469.0,0.25031129142599473,0.6886293277844383,36.105603667828134,0.28055177258865793,0.0,1.0,1.0,0.0,0.0,1.0,1.0,1.0,0.0,0.0,1.0,1.0,0.0,1.0,1.0,0.0,2134.0,0.04943690902050981,0.010162834348191518,1.3473521991995956,-0.0043866559466012095,0.005259585830570169,0.22968645347495129,0.21523650294814278,1.0,1.0,161,0.36261261261261263,-0.045499455746135814,-0.1602231861369906,-0.23106138819460398,0.0434484328968161,18.24503996148236
G23,G23__mom_255_21__top20__weekly__long_only__rev20,long_only,mom_255_21,20,weekly,rev20,10.0,0.0,True,,True,True,0,0,2134.0,1.968968249604281,0.13712731176713344,0.33933691867662985,0.5490643473836644,0.46689055013760683,0.6686070236259737,-0.6313813185284685,480.0,0.21718620387237586,0.6886293277844383,36.105603667828134,0.5115620168603947,0.0,1.0,1.0,0.0,0.0,1.0,1.0,1.0,0.0,0.0,1.0,1.0,0.0,1.0,1.0,0.0,2134.0,0.03136394114302374,-0.007924149904171163,1.3469384801416444,-0.022395516458004455,-0.012759975857130085,0.22973241023576993,0.1365237978865739,1.0,1.0,161,0.36261261261261263,-0.05552917351170025,-0.1832335859534625,-0.22291264038383957,0.04342029100525008,18.24503996148236
G23,G23__mom_255_21__top20__weekly__long_only__rev20,long_only,mom_255_21,20,weekly,rev20,20.0,0.0,True,,False,True,0,0,2134.0,1.1857806911920714,0.09673952599919255,0.3393833751926447,0.44248445568718153,0.36033405290574483,0.5134434625534633,-0.6406823679988811,593.0,0.15099451901782554,0.6886293277844383,36.105603667828134,0.8549677976099609,0.0,1.0,1.0,0.0,0.0,1.0,1.0,1.0,0.0,0.0,1.0,1.0,0.0,1.0,1.0,0.0,2134.0,-0.004781994611947769,-0.04316008741494147,1.34611104202574,-0.058413237480809996,-0.04879909923253025,0.22993357248942614,-0.020797287495577344,1.0,1.0,161,0.36261261261261263,-0.07479165699691204,-0.22932474039212825,-0.2148401351867576,0.04342266677532863,18.245039961482355
G23,G23__mom_255_21__top20__weekly__long_only__rev5,long_only,mom_255_21,20,weekly,rev5,0.0,0.0,True,,False,True,0,0,2134.0,4.377215808915833,0.21974807488957504,0.32776787126985224,0.771332151460061,0.686235135340675,0.9794010421401164,-0.6393643895578209,455.0,0.34369770740837,0.9355236028598488,49.050545865408985,0.0,1.0,0.0,0.0,0.0,0.0,1.0,1.0,1.0,0.0,0.0,0.999976562526953,0.999976562526953,0.0,0.999976562526953,0.999976562526953,0.0,2134.0,0.09786403467271576,0.06415754487359596,1.3288902663496487,0.04690121751275065,0.05603493140134643,0.21537959370043183,0.4543793262458901,1.0,1.0,161,0.36261261261261263,0.005594256583278945,-0.02432307193894434,-0.24878743851547885,0.031874837432797565,31.189982159063206
G23,G23__mom_255_21__top20__weekly__long_only__rev5,long_only,mom_255_21,20,weekly,rev5,5.0,0.0,True,,False,True,0,0,2134.0,3.3684364885519216,0.19018612266870338,0.32762693218912176,0.6966176724190104,0.6114934218944664,0.8695961461633573,-0.6400946285948588,469.0,0.2971218850659653,0.9355236028598488,49.050545865408985,0.44801498151054653,1.0,0.0,0.0,0.0,0.0,1.0,1.0,1.0,0.0,0.0,0.999976562526953,0.999976562526953,0.0,0.999976562526953,0.999976562526953,0.0,2134.0,0.0732768482700233,0.03836650232583042,1.3282356510245419,0.022415466283235548,0.031531938720903735,0.2152770485137394,0.3403839321280301,1.0,1.0,161,0.36261261261261263,-0.013172128005734113,-0.06885244498667564,-0.2405061007229592,0.03172466270487495,31.18998215906321
G23,G23__mom_255_21__top20__weekly__long_only__rev5,long_only,mom_255_21,20,weekly,rev5,10.0,0.0,True,,True,True,0,0,2134.0,2.548343029251848,0.16131885276547542,0.32753626230166233,0.6217434463275334,0.5366046307862079,0.7603747734023953,-0.6408239048271189,483.0,0.2517366339649828,0.9355236028598488,49.050545865408985,0.7872522303065168,1.0,0.0,0.0,0.0,0.0,1.0,1.0,1.0,0.0,0.0,0.999976562526953,0.999976562526953,0.0,0.999976562526953,0.999976562526953,0.0,2134.0,0.04868966186733084,0.01318152872363547,1.3275810356994333,-0.0020702849462792532,0.007028946040461034,0.21525104649923013,0.22619941997589774,1.0,1.0,161,0.36261261261261263,-0.03133763251335828,-0.11351950530486143,-0.23235522668249003,0.031619634630282556,31.18998215906321
G23,G23__mom_255_21__top20__weekly__long_only__rev5,long_only,mom_255_21,20,weekly,rev5,20.0,0.0,True,,False,True,0,0,2134.0,1.3400077019090504,0.10560544006969552,0.3275058739630914,0.47165307249633687,0.38652319471492896,0.5438292038772374,-0.6488837963443237,659.0,0.16274938696983127,0.9355236028598488,49.050545865408985,1.2271334064675716,1.0,0.0,0.0,0.0,0.0,1.0,1.0,1.0,0.0,0.0,0.999976562526953,0.999976562526953,0.0,0.999976562526953,0.999976562526953,0.0,2134.0,-0.00048471093805356745,-0.03542510545878653,1.3262718050492193,-0.051041787405308826,-0.04197703932042368,0.21542870126210295,-0.002249983104451065,1.0,1.0,161,0.36261261261261263,-0.06592574292640907,-0.2031355985829441,-0.22304156353220017,0.0315451655457753,31.189982159063206
G23,G23__mom_255_21__top20__weekly__long_short__rev20,long_short,mom_255_21,20,weekly,rev20,0.0,0.0,True,,False,True,3,0,2134.0,1.0592277294708392,0.089042311091589,0.17425027734704923,0.5766915798389006,0.4167046049500713,0.5930686518416582,-0.3177329249630342,383.0,0.28024263176990044,0.5713718756641916,29.9576646786856,0.0,3.0,24.0,3.0,6.0,0.0,1.0,1.0,1.0,0.0,0.0,0.0009099082890279216,0.5003689827444789,0.49945907445545096,0.9998280571999301,0.0009099082890279216,0.0,2134.0,-0.05446519492270725,-0.049875448961366635,0.09488332941458791,0.08578612933643638,0.06054557252071798,0.24535254427405406,-0.22198748777543015,1.0,0.0,108,0.24324324324324326,0.0306017270366939,0.16905147645849078,0.18289505337991063,-0.01766589895915016,11.631888005318142
G23,G23__mom_255_21__top20__weekly__long_short__rev20,long_short,mom_255_21,20,weekly,rev20,0.0,0.01,True,,False,True,3,0,2134.0,0.9743984629823443,0.08364575476952374,0.17426012652388848,0.5481541717904759,0.3881797774218231,0.5518034313806248,-0.3179364886129691,384.0,0.2630895092741227,0.571403937249344,29.959345703352675,0.0,3.0,24.0,3.0,6.0,0.0,1.0,1.0,1.0,0.0,0.0,0.0009099940111391636,0.5003983295329362,0.499488335521797,0.9998866650547332,0.0009099940111391636,0.06655026777666692,2134.0,-0.05943244732253804,-0.054583622923420796,0.09487224297339215,0.08082059482349196,0.05557973066626267,0.24536120308726023,-0.24222430675562628,1.0,0.0,108,0.24324324324324326,0.030457539771447738,0.16645992053488878,0.18598775274828394,-0.017668524443045314,11.632315084920432
G23,G23__mom_255_21__top20__weekly__long_short__rev20,long_short,mom_255_21,20,weekly,rev20,0.0,0.03,True,,False,True,3,0,2134.0,0.8172924551947873,0.0730871241462483,0.17427954285749145,0.49191701012690425,0.3319674059518776,0.4707733151961714,-0.31833754530066605,484.0,0.2295900223682958,0.5714675388047502,29.96268040383594,0.0,3.0,24.0,3.0,6.0,0.0,1.0,1.0,1.0,0.0,0.0,0.0009101630484316868,0.5004561775103007,0.49954601446186897,1.0000021919721696,0.0009101630484316868,0.18865166554689533,2134.0,-0.06922279100460281,-0.06379539925052022,0.09485039341526001,0.07103363681485704,0.04579216693137835,0.24537827215943028,-0.2821064407839114,1.0,0.0,108,0.24324324324324326,0.030175345775179892,0.16135170093642123,0.19202026945725703,-0.017673700418754157,11.633154644042847
G23,G23__mom_255_21__top20__weekly__long_short__rev20,long_short,mom_255_21,20,weekly,rev20,5.0,0.0,True,,False,True,3,0,2134.0,0.8138619909349294,0.07284772038882315,0.17430230759715237,0.49060077167523347,0.33067458146467893,0.4685056055654526,-0.31902734007943656,484.0,0.2283431895544888,0.5713718756641916,29.9576646786856,0.1943748987472785,3.0,24.0,3.0,6.0,0.0,1.0,1.0,1.0,0.0,0.0,0.0009099082890279216,0.5003689827444789,0.49945907445545096,0.9998280571999301,0.0009099082890279216,0.0,2134.0,-0.0694410160414068,-0.06400426476954044,0.09476029725794465,0.07082937252563928,0.045586139029694016,0.24540796020319558,-0.28296154690300296,1.0,0.0,108,0.24324324324324326,0.024062179433293147,0.13078706052813133,0.18814203399361906,-0.017658807606244137,11.631888005318142
G23,G23__mom_255_21__top20__weekly__long_short__rev20,long_short,mom_255_21,20,weekly,rev20,5.0,0.01,True,,False,True,3,0,2134.0,0.7391281085200943,0.06753051585181935,0.1743121614374696,0.46207361362041394,0.30215979190776543,0.42758887216545355,-0.3192305751192708,601.0,0.21154150358745755,0.571403937249344,29.959345703352675,0.18976015298484913,3.0,24.0,3.0,6.0,0.0,1.0,1.0,1.0,0.0,0.0,0.0009099940111391636,0.5003983295329362,0.499488335521797,0.9998866650547332,0.0009099940111391636,0.06205035880244572,2134.0,-0.07440881231994713,-0.06864320902546894,0.0947491830306888,0.06586329843954267,0.04061975685011937,0.24541662663067187,-0.30319385178382857,1.0,0.0,108,0.24324324324324326,0.023950086527185853,0.12819871307957442,0.1911926111215374,-0.017661439323454986,11.632315084920432
G23,G23__mom_255_21__top20__weekly__long_short__rev20,long_short,mom_255_21,20,weekly,rev20,5.0,0.03,True,,False,True,3,0,2134.0,0.6007203240093326,0.057127142641216766,0.17433158647000627,0.4058565943178136,0.24596714464022282,0.3472430330087417,-0.31963098435292114,727.0,0.17872842570900363,0.5714675388047502,29.96268040383594,0.18106432385157978,3.0,24.0,3.0,6.0,0.0,1.0,1.0,1.0,0.0,0.0,0.0009101630484316868,0.5004561775103007,0.49954601446186897,1.0000021919721696,0.0009101630484316868,0.17603519914150545,2134.0,-0.08420023868660548,-0.0777195325074308,0.09472727838756272,0.05607526628194673,0.030831117475631213,0.24543371040806639,-0.3430671302104805,1.0,0.0,108,0.24324324324324326,0.02373069190036107,0.12309681322588112,0.19714291317510335,-0.017666627822855246,11.633154644042847
G23,G23__mom_255_21__top20__weekly__long_short__rev20,long_short,mom_255_21,20,weekly,rev20,10.0,0.0,True,,False,True,3,0,2134.0,0.5976424452281754,0.05688690673566854,0.1743873816448504,0.4044846870680703,0.24464829966018659,0.3450589539931933,-0.3203202201090083,614.0,0.1775938675251576,0.5713718756641916,29.9576646786856,0.36234075140194366,3.0,24.0,3.0,6.0,0.0,1.0,1.0,1.0,0.0,0.0,0.0009099082890279216,0.5003689827444789,0.49945907445545096,0.9998280571999301,0.0009099082890279216,0.0,2134.0,-0.08441683716010621,-0.07792912402612383,0.09463726510130138,0.055872615714842325,0.030626705538670196,0.2454868469908734,-0.3438751941086466,1.0,0.0,108,0.24324324324324326,0.01767025373543274,0.0925103369481482,0.193306488545832,-0.017626512435052505,11.631888005318146
G23,G23__mom_255_21__top20__weekly__long_short__rev20,long_short,mom_255_21,20,weekly,rev20,10.0,0.01,True,,True,True,3,0,2134.0,0.5318062217250015,0.05164792152545794,0.17439724035268075,0.3759731817051041,0.21614894625910666,0.30449553531385126,-0.3205231268580695,731.0,0.16113633369216476,0.571403937249344,29.959345703352675,0.35389270822817986,3.0,24.0,3.0,6.0,0.0,1.0,1.0,1.0,0.0,0.0,0.0009099940111391636,0.5003983295329362,0.499488335521797,0.9998866650547332,0.0009099940111391636,0.05792257563547535,2134.0,-0.08938517731735653,-0.0824998265783143,0.09462612308798575,0.050906002055593,0.02565978303397579,0.24549552167377067,-0.36410105043030877,1.0,0.0,108,0.24324324324324326,0.01758953858027184,0.08992953632963235,0.19631547926300397,-0.017629150406006544,11.632315084920432
G23,G23__mom_255_21__top20__weekly__long_short__rev20,long_short,mom_255_21,20,weekly,rev20,10.0,0.03,True,,False,True,3,0,2134.0,0.4098781315760358,0.04139758997577703,0.1744166745066115,0.31978694951336695,0.15998665906943652,0.22484342020801465,-0.32092288926686463,838.0,0.12899544208376082,0.5714675388047502,29.96268040383594,0.33796652917818826,3.0,24.0,3.0,6.0,0.0,1.0,1.0,1.0,0.0,0.0,0.0009101630484316868,0.5004561775103007,0.49954601446186897,1.0000021919721696,0.0009101630484316868,0.16445723422426245,2134.0,-0.09917768636860853,-0.09144263032656867,0.09460416335986534,0.041116895749036056,0.015870068019883755,0.24551262143453367,-0.4039616610710763,1.0,0.0,108,0.24324324324324326,0.01743154114532793,0.08484250392926851,0.20218461266331889,-0.017634351469439813,11.633154644042847
G23,G23__mom_255_21__top20__weekly__long_short__rev20,long_short,mom_255_21,20,weekly,rev20,20.0,0.0,True,,False,True,3,0,2134.0,0.23924345043120332,0.025653554545812973,0.17465644923309445,0.23237265748872435,0.07280229373689413,0.10175683902296741,-0.32290137838641964,916.0,0.0794470270582527,0.5713718756641916,29.9576646786856,0.6319599299775924,3.0,24.0,3.0,6.0,0.0,1.0,1.0,1.0,0.0,0.0,0.0009099082890279216,0.5003689827444789,0.49945907445545096,0.9998280571999301,0.0009099082890279216,0.0,2134.0,-0.11436847939750502,-0.10517836349513295,0.0943912007880147,0.025959102093248407,0.0007078385566225448,0.24571493599216138,-0.46545188201808596,1.0,0.0,108,0.24324324324324326,0.005319212779449474,0.016091956033183835,0.20379084113498314,-0.017486495735728358,11.631888005318146
G23,G23__mom_255_21__top20__weekly__long_short__rev20,long_short,mom_255_21,20,weekly,rev20,20.0,0.01,True,,False,True,3,0,2134.0,0.1881593056488733,0.02056767313160246,0.1746663182875545,0.20390854796935717,0.0443498910927086,0.061914166722007974,-0.32310362951135485,978.0,0.0636565833776239,0.571403937249344,29.959345703352675,0.6177689110727314,3.0,24.0,3.0,6.0,0.0,1.0,1.0,1.0,0.0,0.0,0.0009099940111391636,0.5003983295329362,0.499488335521797,0.9998866650547332,0.0009099940111391636,0.05065501802998165,2134.0,-0.11933790731217483,-0.1096154921044601,0.09438000320257951,0.02099140928769417,-0.004260164598310901,0.2457236291004905,-0.48565906237438294,1.0,0.0,108,0.24324324324324326,0.00529915153811316,0.013539160100083401,0.20793077396493154,-0.017489146271459616,11.632315084920432
G23,G23__mom_255_21__top20__weekly__long_short__rev20,long_short,mom_255_21,20,weekly,rev20,20.0,0.03,True,,False,True,3,0,2134.0,0.09355372587058164,0.010616899969276394,0.17468577195159862,0.14781559271973005,-0.011719996834591214,-0.016322924263315833,-0.3235021001569123,995.0,0.03281864310657256,0.5714675388047502,29.96268040383594,0.5909915660381365,3.0,24.0,3.0,6.0,0.0,1.0,1.0,1.0,0.0,0.0,0.0009101630484316868,0.5004561775103007,0.49954601446186897,1.0000021919721696,0.0009101630484316868,0.1440596482541931,2134.0,-0.12913258173261452,-0.11829694900200313,0.09435793330447051,0.011200154683214858,-0.014052030891611132,0.24574076464522007,-0.5254829491519053,1.0,0.0,108,0.24324324324324326,0.0052598363371316945,0.008507300910785385,0.22032739187375716,-0.01749437257522729,11.633154644042847
G23,G23__mom_255_21__top20__weekly__long_short__rev5,long_short,mom_255_21,20,weekly,rev5,0.0,0.0,True,,False,True,3,0,2134.0,1.000116862326966,0.08530313128192346,0.16771203851728106,0.5719555130915168,0.40571273725856927,0.5822430871044006,-0.30556626351845795,616.0,0.2791641011010061,0.7384546629872598,38.718001561536326,0.0,3.0,24.0,3.0,6.0,0.0,1.0,1.0,1.0,0.0,0.0,0.0009727047769031657,0.5004160741715943,0.49944336939469114,0.9998594435662853,0.0009727047769031657,0.0,2134.0,-0.05903003761156795,-0.05313766063278451,0.0898603258705385,0.08199962044884758,0.05661470837524598,0.2415200974645108,-0.24441045789260618,1.0,0.0,108,0.24324324324324326,0.026862547227028362,0.15805960876698877,0.19506171482448686,-0.024204137788918334,20.39222488816887
G23,G23__mom_255_21__top20__weekly__long_short__rev5,long_short,mom_255_21,20,weekly,rev5,0.0,0.01,True,,False,True,3,0,2134.0,0.91771657332901,0.07992469969671823,0.16772166838743546,0.542304050497543,0.37607610584596124,0.5390067480963772,-0.30577074145591576,628.0,0.26138766356833165,0.7384938574319904,38.7200565699862,0.0,3.0,24.0,3.0,6.0,0.0,1.0,1.0,1.0,0.0,0.0,0.0009727934170204868,0.5004454257967778,0.49947263237975736,0.9999180581765349,0.0009727934170204868,0.06519877134144417,2134.0,-0.0639977225306317,-0.05783002184147371,0.08984767052971934,0.07703389652372694,0.05164863219478592,0.2415287139484505,-0.26496941702877924,1.0,0.0,108,0.24324324324324326,0.026736484698642225,0.15435624895902694,0.19815349990533726,-0.024206982579498326,20.393025951553955
G23,G23__mom_255_21__top20__weekly__long_short__rev5,long_short,mom_255_21,20,weekly,rev5,0.0,0.03,True,,False,True,3,0,2134.0,0.7651098072071052,0.06940153677364114,0.1677406529363659,0.48387163453141846,0.3176729165542614,0.454130651280996,-0.3110684463914305,746.0,0.22310696433128505,0.7385714822501936,38.72412652577772,0.0,3.0,24.0,3.0,6.0,0.0,1.0,1.0,1.0,0.0,0.0,0.0009729682067812118,0.5005032833100339,0.4995303151032528,1.0000335984132867,0.0009729682067812118,0.18483432086888701,2134.0,-0.07378891873965691,-0.06701085471267167,0.08982272855044707,0.06724656517073219,0.041860606586734614,0.2415456998334301,-0.30548636879291063,1.0,0.0,108,0.24324324324324326,0.026489758402572734,0.147057211538805,0.19928936836649258,-0.024212590339879714,20.394600765984627
G23,G23__mom_255_21__top20__weekly__long_short__rev5,long_short,mom_255_21,20,weekly,rev5,5.0,0.0,True,,False,True,3,0,2134.0,0.6975976241140731,0.0644879495136621,0.16765836771254752,0.4565600791185072,0.2902886924556322,0.4140927627700862,-0.3144221623107991,746.0,0.2050998855796852,0.7384546629872598,38.718001561536326,0.23981028420575287,3.0,24.0,3.0,6.0,0.0,1.0,1.0,1.0,0.0,0.0,0.0009727047769031657,0.5004160741715943,0.49944336939469114,0.9998594435662853,0.0009727047769031657,0.0,2134.0,-0.0784077450256232,-0.0712976669345923,0.08953358525600641,0.06267254275509981,0.03727987619445608,0.24153264915378628,-0.3246258644548721,1.0,0.0,108,0.24324324324324326,0.015702408558132104,0.09040117151908461,0.1927472117622565,-0.024302747490848986,20.39222488816887
G23,G23__mom_255_21__top20__weekly__long_short__rev5,long_short,mom_255_21,20,weekly,rev5,5.0,0.01,True,,False,True,3,0,2134.0,0.6276462719632638,0.05921158260770998,0.16766800538541396,0.42690188240071697,0.26064492846547344,0.37132142909325977,-0.3212125384802791,747.0,0.1843377063916989,0.7384938574319904,38.7200565699862,0.23418437726402946,3.0,24.0,3.0,6.0,0.0,1.0,1.0,1.0,0.0,0.0,0.0009727934170204868,0.5004454257967778,0.49947263237975736,0.9999180581765349,0.0009727934170204868,0.059568227870832165,2134.0,-0.08337607553593691,-0.07590098278979314,0.08952090085238308,0.05770617774212299,0.03231315815067139,0.24154127289707403,-0.34518355615135504,1.0,0.0,108,0.24324324324324326,0.01563115328307648,0.08668384963728243,0.1892106477605291,-0.024305595375510636,20.393025951553955
G23,G23__mom_255_21__top20__weekly__long_short__rev5,long_short,mom_255_21,20,weekly,rev5,5.0,0.03,True,,False,True,3,0,2134.0,0.4980966937541009,0.04888811973883889,0.16768700469297615,0.36845615316064645,0.2022276402976825,0.287358686701759,-0.33440031351727717,753.0,0.1461963932528222,0.7385714822501936,38.72412652577772,0.22358482013836883,3.0,24.0,3.0,6.0,0.0,1.0,1.0,1.0,0.0,0.0,0.0009729682067812118,0.5005032833100339,0.4995303151032528,1.0000335984132867,0.0009729682067812118,0.16904036298234207,2134.0,-0.09316855396913841,-0.08490758925820337,0.0894959013435631,0.04791757307937758,0.02252385769766817,0.24155827269634536,-0.38569804680735326,1.0,0.0,108,0.24324324324324326,0.01549166899798319,0.0793573088833408,0.18237358401074732,-0.024311209599885364,20.394600765984627
G23,G23__mom_255_21__top20__weekly__long_short__rev5,long_short,mom_255_21,20,weekly,rev5,10.0,0.0,True,,False,True,3,0,2134.0,0.44067718968969216,0.04405850989185711,0.16767295464861237,0.3409518865667493,0.17471639639822925,0.24772679913830448,-0.3376509290594879,752.0,0.13048538031445728,0.7384546629872598,38.718001561536326,0.4383940975417918,3.0,24.0,3.0,6.0,0.0,1.0,1.0,1.0,0.0,0.0,0.0009727047769031657,0.5004160741715943,0.49944336939469114,0.9998594435662853,0.0009727047769031657,0.0,2134.0,-0.09778545243967827,-0.08912113618913538,0.08920684464147441,0.04334546506135219,0.01794504401366634,0.24159258016621954,-0.4047535415715182,1.0,0.0,108,0.24324324324324326,0.00484185689162131,0.022578433686190863,0.17597577959535238,-0.024340939431290537,20.392224888168872
G23,G23__mom_255_21__top20__weekly__long_short__rev5,long_short,mom_255_21,20,weekly,rev5,10.0,0.01,True,,True,True,3,0,2134.0,0.3813004815065111,0.03888233652288742,0.16768260017546313,0.3112990498565707,0.14507758033257462,0.20543461171234326,-0.3442124979132761,754.0,0.11296026948063859,0.7384938574319904,38.7200565699862,0.4283532472868752,3.0,24.0,3.0,6.0,0.0,1.0,1.0,1.0,0.0,0.0,0.0009727934170204868,0.5004454257967778,0.49947263237975736,0.9999180581765349,0.0009727934170204868,0.05452733056468032,2134.0,-0.10275442854124277,-0.09363703915103343,0.08919413117504704,0.03837845896051834,0.012977684106556205,0.24160121223269523,-0.4253059311733755,1.0,0.0,108,0.24324324324324326,0.004823953577701316,0.01885817040310031,0.17262610820779734,-0.024343790583224167,20.393025951553955
G23,G23__mom_255_21__top20__weekly__long_short__rev5,long_short,mom_255_21,20,weekly,rev5,10.0,0.03,True,,False,True,3,0,2134.0,0.271336404166967,0.028754912535958077,0.1677016143554064,0.2528638356745569,0.08666999477957339,0.12241275841717023,-0.35695588179198745,830.0,0.0805559286251367,0.7385714822501936,38.72412652577772,0.4094241736136316,3.0,24.0,3.0,6.0,0.0,1.0,1.0,1.0,0.0,0.0,0.0009729682067812118,0.5005032833100339,0.4995303151032528,1.0000335984132867,0.0009729682067812118,0.15489365490172022,2134.0,-0.11254818919862027,-0.10247261337139091,0.08916907413667895,0.02858858098802262,0.003187108808601364,0.24161822805240876,-0.4658100098896833,1.0,0.0,108,0.24324324324324326,0.0047888637055089785,0.011525839639405386,0.16615162013819607,-0.024349411620644912,20.394600765984627
G23,G23__mom_255_21__top20__weekly__long_short__rev5,long_short,mom_255_21,20,weekly,rev5,20.0,0.0,True,,False,True,3,0,2134.0,0.03726040530042929,0.004329362994045516,0.16790674733956723,0.10966203370206241,-0.05630888108048579,-0.0788713698240206,-0.38181411150052014,1075.0,0.01133892871856209,0.7384546629872598,38.718001561536326,0.7371552628678044,3.0,24.0,3.0,6.0,0.0,1.0,1.0,1.0,0.0,0.0,0.0009727047769031657,0.5004160741715943,0.49944336939469114,0.9998594435662853,0.0009727047769031657,0.0,2134.0,-0.13654086726778836,-0.12378245051547723,0.08855336341241023,0.004691309673857053,-0.02072462034791306,0.2418544114298096,-0.5645581011343882,1.0,0.0,108,0.24324324324324326,-0.016004978772317983,-0.11301921878419609,0.14487810802088263,-0.02423619762925558,20.392224888168872
G23,G23__mom_255_21__top20__weekly__long_short__rev5,long_short,mom_255_21,20,weekly,rev5,20.0,0.01,True,,False,True,3,0,2134.0,-0.005507075844291109,-0.0006519048093720503,0.1679164086985971,0.08005607198054895,-0.08590168107227569,-0.12016572473333571,-0.3879405414238609,1093.0,-0.0016804245490284657,0.7384938574319904,38.7200565699862,0.7210958299066398,3.0,24.0,3.0,6.0,0.0,1.0,1.0,1.0,0.0,0.0,0.0009727934170204868,0.5004454257967778,0.49947263237975736,0.9999180581765349,0.0009727934170204868,0.04596168728872509,2134.0,-0.1415111345518535,-0.1281283099803695,0.08854059182037438,-0.0002769786026898928,-0.02569326398167318,0.2418630633162368,-0.5850878286728188,1.0,0.0,108,0.24324324324324326,-0.01592042640286135,-0.11671241206490089,0.14309386205242547,-0.024239055860416997,20.393025951553955
G23,G23__mom_255_21__top20__weekly__long_short__rev5,long_short,mom_255_21,20,weekly,rev5,20.0,0.03,True,,False,True,3,0,2134.0,-0.08470941822859956,-0.010397976425529754,0.16793545290912867,0.02171312211086906,-0.14421869562116169,-0.2012287435952389,-0.3998387971653309,1516.0,-0.026005421432953778,0.7385714822501936,38.72412652577772,0.6907819594827016,3.0,24.0,3.0,6.0,0.0,1.0,1.0,1.0,0.0,0.0,0.0009729682067812118,0.5005032833100339,0.4995303151032528,1.0000335984132867,0.0009729682067812118,0.13083774653623476,2134.0,-0.15130745965758366,-0.13663117697128602,0.08851541972291109,-0.010069403194687021,-0.035486388969531935,0.2418801174607863,-0.6255473217310378,1.0,0.0,108,0.24324324324324326,-0.015755040057674453,-0.12399139787578509,0.14399069486533855,-0.02424469161769724,20.394600765984627
G23,G23__mom_255_21__top50__monthly__long_only__rev20,long_only,mom_255_21,50,monthly,rev20,0.0,0.0,True,,False,True,0,0,2134.0,1.2876106227537982,0.10265270953546102,0.27648154119976887,0.4923974513476442,0.39157846353188125,0.547546304122147,-0.5292095370065625,550.0,0.19397365761038443,1.0390072533959072,12.514827760678726,0.0,3.0,4.0,1.0,0.0,0.0,1.0,1.0,1.0,0.0,0.0,0.9997575022292577,0.9997575022292577,0.0,0.9997575022292577,0.9997575022292577,0.0,2134.0,-0.018815056421908793,-0.03800118697977544,1.2065838101084676,-0.05082601575986073,-0.04507752438272557,0.15622375531746924,-0.12043659034872053,1.0,1.0,28,0.27450980392156865,-0.06113485885055889,-0.24577903958025354,-0.17871513902299457,0.037033383903530975,4.86396866414373
G23,G23__mom_255_21__top50__monthly__long_only__rev20,long_only,mom_255_21,50,monthly,rev20,5.0,0.0,True,,True,True,0,0,2134.0,1.1695082773550545,0.09577217286499295,0.2764926921828892,0.4697463322926255,0.3689328435222366,0.5153547316913283,-0.5296553318613937,550.0,0.18081980318864366,1.0390072533959072,12.514827760678726,0.07649021506782008,3.0,4.0,1.0,0.0,0.0,1.0,1.0,1.0,0.0,0.0,0.9997575022292577,0.9997575022292577,0.0,0.9997575022292577,0.9997575022292577,0.0,2134.0,-0.02507243459471762,-0.044004045407176534,1.206570001236772,-0.0570812541946614,-0.05133299081061273,0.1562467435903833,-0.1604669257008489,1.0,1.0,28,0.27450980392156865,-0.06357116048245803,-0.25245210188686656,-0.1789430694534771,0.0370531028096677,4.863968664143732
G23,G23__mom_255_21__top50__monthly__long_only__rev20,long_only,mom_255_21,50,monthly,rev20,10.0,0.0,True,,False,True,0,0,2134.0,1.0574291909870395,0.08892994544465371,0.2765186183463733,0.44707315053542945,0.3462705216155538,0.48321064213866033,-0.5301011267162248,551.0,0.16776034036286805,1.0390072533959072,12.514827760678726,0.14844796750456812,3.0,4.0,1.0,0.0,0.0,1.0,1.0,1.0,0.0,0.0,0.9997575022292577,0.9997575022292577,0.0,0.9997575022292577,0.9997575022292577,0.0,2134.0,-0.03132981276752657,-0.049973481295611064,1.206556192365076,-0.06333649262946221,-0.05758845723850002,0.15629587101074807,-0.20045195413621705,1.0,1.0,28,0.27450980392156865,-0.06598462494634558,-0.25912759635650956,-0.17917099988396018,0.03708240742350441,4.863968664143732
G23,G23__mom_255_21__top50__monthly__long_only__rev20,long_only,mom_255_21,50,monthly,rev20,20.0,0.0,True,,False,True,0,0,2134.0,0.8501421885400966,0.07535966472066868,0.27661477722888705,0.4016751912290676,0.30091034107068093,0.41907320596691566,-0.5309927164258867,560.0,0.14192221924985104,1.0390072533959072,12.514827760678726,0.27974525913914144,3.0,4.0,1.0,0.0,0.0,1.0,1.0,1.0,0.0,0.0,0.9997575022292577,0.9997575022292577,0.0,0.9997575022292577,0.9997575022292577,0.0,2134.0,-0.043844569113144535,-0.06181274295608832,1.2065285746216852,-0.075846969499064,-0.07009939009427466,0.1564724317115831,-0.28020635094340957,1.0,1.0,28,0.27450980392156865,-0.07074360128536172,-0.2724754685113292,-0.17962686074492473,0.03716975424749444,4.86396866414373
G23,G23__mom_255_21__top50__monthly__long_only__rev5,long_only,mom_255_21,50,monthly,rev5,0.0,0.0,True,,False,True,0,0,2134.0,1.4004482740697157,0.10893987581640019,0.2703090406265329,0.5188382584806877,0.4157203451807312,0.5741513386032155,-0.5372823743079669,429.0,0.20276093359049321,1.0364961125862433,12.484581104928209,0.0,4.0,4.0,1.0,1.0,0.0,1.0,1.0,1.0,0.0,0.0,0.9994396160513894,0.9994396160513894,0.0,0.9994396160513894,0.9994396160513894,0.0,2134.0,-0.01470719076308791,-0.03251600887499,1.1942449951348602,-0.04480620306031446,-0.03939857003990743,0.1481198344749472,-0.09929251416747611,1.0,1.0,28,0.27450980392156865,-0.054847692569619716,-0.2216371579314036,-0.18678797632439897,0.03086088333029499,4.833722008393213
G23,G23__mom_255_21__top50__monthly__long_only__rev5,long_only,mom_255_21,50,monthly,rev5,5.0,0.0,True,,True,True,0,0,2134.0,1.276812085964632,0.10203677662414767,0.2703437808004075,0.49570328017312354,0.3925999182344924,0.5416595430738991,-0.5377360323814682,431.0,0.1897525374527313,1.0364961125862433,12.484581104928209,0.06850137216415426,4.0,4.0,1.0,1.0,0.0,1.0,1.0,1.0,0.0,0.0,0.9994396160513894,0.9994396160513894,0.0,0.9994396160513894,0.9994396160513894,0.0,2134.0,-0.02094356373617779,-0.03853855175878403,1.1942199074710946,-0.05103868860299893,-0.04563157030543149,0.1481894574940477,-0.14132964713106555,1.0,1.0,28,0.27450980392156865,-0.057306556723303315,-0.22878502717461074,-0.18702376997355158,0.030904191427186006,4.833722008393215
G23,G23__mom_255_21__top50__monthly__long_only__rev5,long_only,mom_255_21,50,monthly,rev5,10.0,0.0,True,,False,True,0,0,2134.0,1.1594662601256585,0.09517200306716678,0.27039357464877856,0.4725479372431281,0.3694648295277346,0.5092164137292512,-0.5381896904549697,846.0,0.17683728387050887,1.0364961125862433,12.484581104928209,0.13297949685341726,4.0,4.0,1.0,1.0,0.0,1.0,1.0,1.0,0.0,0.0,0.9994396160513894,0.9994396160513894,0.0,0.9994396160513894,0.9994396160513894,0.0,2134.0,-0.027179936709267594,-0.04452765780854899,1.1941948198073284,-0.05727117414568322,-0.05186457057095537,0.14828650741297467,-0.1832933905009447,1.0,1.0,28,0.27450980392156865,-0.05974256732383251,-0.23593328844432876,-0.18725956362270507,0.030957363725909653,4.833722008393215
G23,G23__mom_255_21__top50__monthly__long_only__rev5,long_only,mom_255_21,50,monthly,rev5,20.0,0.0,True,,False,True,0,0,2134.0,0.9423969552057616,0.08155668129501814,0.2705382876077008,0.42619172693622925,0.3231661930852286,0.44449225181809626,-0.5390970066019724,984.0,0.1512838696862461,1.0364961125862433,12.484581104928209,0.250739383446935,4.0,4.0,1.0,1.0,0.0,1.0,1.0,1.0,0.0,0.0,0.9994396160513894,0.9994396160513894,0.0,0.9994396160513894,0.9994396160513894,0.0,2134.0,-0.0396526826554474,-0.05640621510082012,1.1941446444797974,-0.06973614523105218,-0.06433057110200335,0.14856265775774566,-0.2669088131157913,1.0,1.0,28,0.27450980392156865,-0.06454658471101227,-0.25021961649678154,-0.18773115092101034,0.03109326462630821,4.833722008393213
G23,G23__mom_255_21__top50__monthly__long_short__rev20,long_short,mom_255_21,50,monthly,rev20,0.0,0.0,True,,False,True,0,0,2134.0,0.7815475958573721,0.07057276600683093,0.11898611610451819,0.6326192789221403,0.39833941724458555,0.5710802204069494,-0.19247601092852273,588.0,0.36665746378668773,0.9372209885346756,11.288813631347377,0.0,10.0,30.0,5.0,0.0,0.0,1.0,1.0,1.0,0.0,0.0,0.0015056937815132825,0.5024507381767913,0.500945044395278,1.0033957825720692,0.0015056937815132825,0.0,2134.0,-0.07968095168155731,-0.06598902696730856,0.023811628793700457,0.07158320711413489,0.04436690784600794,0.22187037782657087,-0.3591328976049314,1.0,0.0,24,0.23529411764705882,0.02529095252025893,0.21262309765888354,0.13589549179819088,-0.02868438231051991,3.6608131617270416
G23,G23__mom_255_21__top50__monthly__long_short__rev20,long_short,mom_255_21,50,monthly,rev20,0.0,0.01,True,,False,True,0,0,2134.0,0.7080151918930551,0.06525726801395071,0.1190100389146301,0.5906823477177335,0.35645600772313935,0.5100672007710931,-0.19493311674140246,597.0,0.3347674787374418,0.9374263574235739,11.29128729672706,0.0,10.0,30.0,5.0,0.0,0.0,1.0,1.0,1.0,0.0,0.0,0.0015058713613830942,0.5025601250298316,0.5010542536684486,1.00361437869828,0.0015058713613830942,0.0670996934797779,2134.0,-0.08465673346527111,-0.07062648236513373,0.02379710806810586,0.06660967537294048,0.039392971717106234,0.22188561798545775,-0.381533216230443,1.0,0.0,24,0.23529411764705882,0.025193590122305508,0.20464225023165594,0.13780065805929076,-0.02869198018547478,3.661310589274488
G23,G23__mom_255_21__top50__monthly__long_short__rev20,long_short,mom_255_21,50,monthly,rev20,0.0,0.03,True,,False,True,0,0,2134.0,0.5717861625116003,0.054852484651946476,0.11905723541438999,0.5080357836851125,0.27391494852321396,0.390496287065159,-0.19993772886855676,607.0,0.27434784301269943,0.9378338024298617,11.296194966099891,0.0,10.0,30.0,5.0,0.0,0.0,1.0,1.0,1.0,0.0,0.0,0.0015062212268232953,0.5027758819328418,0.5012696607060186,1.0040455426388606,0.0015062212268232953,0.19049756351060693,2134.0,-0.09446852675621112,-0.07970403612020119,0.023768497933581607,0.056802315332856054,0.02958481491886825,0.221915683079766,-0.4256955860224403,1.0,0.0,24,0.23529411764705882,0.025002648816057575,0.18891196160958737,0.14987470352523335,-0.028706966275951,3.6622812727117946
G23,G23__mom_255_21__top50__monthly__long_short__rev20,long_short,mom_255_21,50,monthly,rev20,5.0,0.0,True,,False,True,0,0,2134.0,0.6983708016144603,0.06454519010588466,0.11903584074266561,0.5849618394472388,0.35078948386887493,0.5016927998005576,-0.19732071975991328,598.0,0.32710802081210205,0.9372209885346756,11.288813631347377,0.07457815743047702,10.0,30.0,5.0,0.0,0.0,1.0,1.0,1.0,0.0,0.0,0.0015056937815132825,0.5024507381767913,0.500945044395278,1.0033957825720692,0.0015056937815132825,0.0,2134.0,-0.08532243829236542,-0.07124772792723429,0.023721300531230585,0.06595571721650324,0.038737225905847356,0.22191203733455755,-0.38448765248246625,1.0,0.0,24,0.23529411764705882,0.023243157094081063,0.19091371036881072,0.13399273839866532,-0.028623994815732287,3.6608131617270416
G23,G23__mom_255_21__top50__monthly__long_short__rev20,long_short,mom_255_21,50,monthly,rev20,5.0,0.01,True,,True,True,0,0,2134.0,0.6282544098970464,0.05925830869029092,0.11905978911124009,0.5430424590246741,0.3089233451334261,0.4409819498049404,-0.19976414528596786,606.0,0.2966413647727475,0.9374263574235739,11.29128729672706,0.07297205650555591,10.0,30.0,5.0,0.0,0.0,1.0,1.0,1.0,0.0,0.0,0.0015058713613830942,0.5025601250298316,0.5010542536684486,1.00361437869828,0.0015058713613830942,0.06525423602397756,2134.0,-0.09029934200341673,-0.07586021706583378,0.023706784190524827,0.06098106286851588,0.033762167336264526,0.22192729297679692,-0.40688705202589825,1.0,0.0,24,0.23529411764705882,0.02315556801887822,0.18295327553120833,0.1384988739456509,-0.028631570024896122,3.661310589274488
G23,G23__mom_255_21__top50__monthly__long_short__rev20,long_short,mom_255_21,50,monthly,rev20,5.0,0.03,True,,False,True,0,0,2134.0,0.4983558402200514,0.04890954408675108,0.11910703506689853,0.4604304028197348,0.22641624049000073,0.3220027982771616,-0.20474081088889062,1012.0,0.23888517328034548,0.9378338024298617,11.296194966099891,0.06993666284947336,10.0,30.0,5.0,0.0,0.0,1.0,1.0,1.0,0.0,0.0,0.0015062212268232953,0.5027758819328418,0.5012696607060186,1.0040455426388606,0.0015062212268232953,0.18531022964317884,2134.0,-0.1001133625188273,-0.08488889779072398,0.023678183328459407,0.05117147416715757,0.02395178222135842,0.22195738800560488,-0.4510476691872912,1.0,0.0,24,0.23529411764705882,0.02298376770871578,0.16726325652048224,0.15242166731303247,-0.02864651163728786,3.6622812727117946
G23,G23__mom_255_21__top50__monthly__long_short__rev20,long_short,mom_255_21,50,monthly,rev20,10.0,0.0,True,,False,True,0,0,2134.0,0.6190296725472391,0.05854786900312936,0.11911363588312655,0.5372175677095156,0.303207161823623,0.43258385211615236,-0.20214049688696933,606.0,0.2896394829575763,0.9372209885346756,11.288813631347377,0.14531059053822748,10.0,30.0,5.0,0.0,0.0,1.0,1.0,1.0,0.0,0.0,0.0015056937815132825,0.5024507381767913,0.500945044395278,1.0033957825720692,0.0015056937815132825,0.0,2134.0,-0.09096392490317355,-0.07648003337777105,0.023630972268760674,0.06032822731887161,0.03310754396568676,0.22196876218817876,-0.40980507349974293,1.0,0.0,24,0.23529411764705882,0.02121179627019746,0.1691832600751228,0.13410558259880434,-0.028543862524363736,3.6608131617270416
G23,G23__mom_255_21__top50__monthly__long_short__rev20,long_short,mom_255_21,50,monthly,rev20,10.0,0.01,True,,False,True,0,0,2134.0,0.5521725528076948,0.053289467130373414,0.11913761516060752,0.4953256117493042,0.2613681525673906,0.3721891547311245,-0.20457030705823076,934.0,0.26049463334483147,0.9374263574235739,11.29128729672706,0.14220342617169054,10.0,30.0,5.0,0.0,0.0,1.0,1.0,1.0,0.0,0.0,0.0015058713613830942,0.5025601250298316,0.5010542536684486,1.00361437869828,0.0015058713613830942,0.06346893519545332,2134.0,-0.09594195054156257,-0.08106767581153938,0.023616460312943805,0.055352450364091046,0.028131362955422585,0.2219840381861329,-0.43220202373792105,1.0,0.0,24,0.23529411764705882,0.021133905379255413,0.161251182712274,0.14117135851257173,-0.028551412054400774,3.661310589274488
G23,G23__mom_255_21__top50__monthly__long_short__rev20,long_short,mom_255_21,50,monthly,rev20,10.0,0.03,True,,False,True,0,0,2134.0,0.4283138926132406,0.042996453029101156,0.11918492120831203,0.4127675201959115,0.17891442993243364,0.2538289798066381,-0.20951915923414788,1091.0,0.20521489865779063,0.9378338024298617,11.296194966099891,0.1363301829432641,10.0,30.0,5.0,0.0,0.0,1.0,1.0,1.0,0.0,0.0,0.0015062212268232953,0.5027758819328418,0.5012696607060186,1.0040455426388606,0.0015062212268232953,0.18029124912113104,2134.0,-0.10575819828144362,-0.09004771754380529,0.023587868723337343,0.045540633001458934,0.018318749523848453,0.22201417280632413,-0.47635786916046413,1.0,0.0,24,0.23529411764705882,0.020981098917170454,0.14561708879793775,0.1549129107584446,-0.028566303238771573,3.6622812727117946
G23,G23__mom_255_21__top50__monthly__long_short__rev20,long_short,mom_255_21,50,monthly,rev20,20.0,0.0,True,,False,True,0,0,2134.0,0.47116350345213176,0.046643454284423846,0.11935319830735976,0.44160496137541494,0.2080803183756724,0.29539220182606507,-0.21170568365060372,1012.0,0.22032216367607585,0.9372209885346756,11.288813631347377,0.2759633261155213,10.0,30.0,5.0,0.0,0.0,1.0,1.0,1.0,0.0,0.0,0.0015056937815132825,0.5024507381767913,0.500945044395278,1.0033957825720692,0.0015056937815132825,0.0,2134.0,-0.10224689812478983,-0.08686592617072504,0.02345031574382085,0.04907324752360828,0.021848180085365543,0.22212735869999656,-0.4603075403371797,1.0,0.0,24,0.23529411764705882,0.017198015143659547,0.125776637944576,0.13927502444961537,-0.028324603088519154,3.6608131617270416
G23,G23__mom_255_21__top50__monthly__long_short__rev20,long_short,mom_255_21,50,monthly,rev20,20.0,0.01,True,,False,True,0,0,2134.0,0.41038279955840684,0.04144160270834352,0.11937725536560038,0.39979722175152793,0.16632489312066936,0.2356726054649113,-0.21410845688855296,1093.0,0.19355425428111214,0.9374263574235739,11.29128729672706,0.27014704632998154,10.0,30.0,5.0,0.0,0.0,1.0,1.0,1.0,0.0,0.0,0.0015058713613830942,0.5025601250298316,0.5010542536684486,1.00361437869828,0.0015058713613830942,0.060070630285370186,2134.0,-0.10722716761785395,-0.09140423183888464,0.023435812557781797,0.04409522535524168,0.016869754193739022,0.22214268999638054,-0.48269500841824264,1.0,0.0,24,0.23529411764705882,0.017139296786779216,0.11792485735018846,0.14634584777610365,-0.028332092304758208,3.661310589274488
G23,G23__mom_255_21__top50__monthly__long_short__rev20,long_short,mom_255_21,50,monthly,rev20,20.0,0.03,True,,False,True,0,0,2134.0,0.29778439801671364,0.031259289373311905,0.11942471333322319,0.31740493059339275,0.08403572259530465,0.11863360552720285,-0.2190020794034062,1160.0,0.14273512588769383,0.9378338024298617,11.296194966099891,0.2591492881331563,10.0,30.0,5.0,0.0,0.0,1.0,1.0,1.0,0.0,0.0,0.0015062212268232953,0.5027758819328418,0.5012696607060186,1.0040455426388606,0.0015062212268232953,0.1707355405801138,2134.0,-0.11704786980667614,-0.10028769374614961,0.02340723951309301,0.03427895067006179,0.007052684128828626,0.22217293271091884,-0.5268322670024501,1.0,0.0,24,0.23529411764705882,0.017024039672709802,0.10244908204133875,0.1597312117075559,-0.02834686494858471,3.6622812727117946
G23,G23__mom_255_21__top50__monthly__long_short__rev5,long_short,mom_255_21,50,monthly,rev5,0.0,0.0,True,,False,True,1,0,2134.0,0.9881403814666274,0.08453368102681647,0.11027163239571577,0.7911729202640024,0.5383349799762893,0.7641995138131555,-0.15201518617082788,255.0,0.5560870802198755,0.9077853164004458,10.934261374300403,0.0,10.0,26.0,4.0,1.0,1.0,1.0,1.0,1.0,0.0,0.0,0.0017162336621516054,0.50284812916076,0.5011318954986085,1.0039800246593684,0.0017162336621516054,0.0,2134.0,-0.06770993322854665,-0.05380896015047511,-0.00061074737393964,0.08733856708949435,0.05944041696417908,0.22142082373298919,-0.30579749495556885,1.0,0.0,24,0.23529411764705882,0.03925186754024446,0.3526186603905873,0.17635631655588574,-0.037398866019322324,3.3062609046800677
G23,G23__mom_255_21__top50__monthly__long_short__rev5,long_short,mom_255_21,50,monthly,rev5,0.0,0.01,True,,False,True,1,0,2134.0,0.906094758920577,0.07914978740503864,0.11029406005017801,0.7459001956637827,0.4931228666358534,0.6985887476525432,-0.15309782733025146,255.0,0.5169883125402067,0.9079899700942301,10.936726425164991,0.0,10.0,26.0,4.0,1.0,1.0,1.0,1.0,1.0,0.0,0.0,0.0017164521277642862,0.5029600989574015,0.5012436468296372,1.0042037457870385,0.0017164521277642862,0.06346614813981778,2134.0,-0.07268550168136288,-0.0585060866607426,-0.0006286145021535159,0.08236576721720938,0.05446711846136702,0.22143496511107177,-0.3282476263172975,1.0,0.0,24,0.23529411764705882,0.03908610951339344,0.34130910914437,0.17963594747044176,-0.03740795904992687,3.30674971771242
G23,G23__mom_255_21__top50__monthly__long_short__rev5,long_short,mom_255_21,50,monthly,rev5,0.0,0.03,True,,False,True,1,0,2134.0,0.7540899723689505,0.06861095112456761,0.1103383096731995,0.6566788942390007,0.40402105066923955,0.5700614579237269,-0.15522877478304786,326.0,0.441998922045608,0.9083959211126126,10.941616099474505,0.0,10.0,26.0,4.0,1.0,1.0,1.0,1.0,1.0,0.0,0.0,0.0017168824420089298,0.5031809599139542,0.5014640774719452,1.0046450373858995,0.0017168824420089298,0.18016466729462716,2134.0,-0.08249702346494657,-0.06770059360273237,-0.0006638225885710143,0.0725597010626127,0.04466006973867798,0.2214628627180956,-0.372509514473127,1.0,0.0,24,0.23529411764705882,0.038761115288678705,0.3190180637556129,0.19458365761074226,-0.037425892017141485,3.307702406086408
G23,G23__mom_255_21__top50__monthly__long_short__rev5,long_short,mom_255_21,50,monthly,rev5,5.0,0.0,True,,False,True,1,0,2134.0,0.8981671927654955,0.07861880384627074,0.11031844685679071,0.7412973902109716,0.4885804531594201,0.6917658321546731,-0.15274827297831672,255.0,0.514695206128,0.9077853164004458,10.934261374300403,0.06864096231556396,10.0,26.0,4.0,1.0,1.0,1.0,1.0,1.0,0.0,0.0,0.0017162336621516054,0.50284812916076,0.5011318954986085,1.0039800246593684,0.0017162336621516054,0.0,2134.0,-0.07317508590627697,-0.058969338189398604,-0.0006835244884264163,0.08188469150676653,0.053984818934889524,0.22145624317218904,-0.3304268367335262,1.0,0.0,24,0.23529411764705882,0.03731677083446713,0.3287046796593559,0.17856518518026188,-0.03734138870160719,3.3062609046800677
G23,G23__mom_255_21__top50__monthly__long_short__rev5,long_short,mom_255_21,50,monthly,rev5,5.0,0.01,True,,True,True,1,0,2134.0,0.819815535352775,0.07326294954225387,0.11034089257296506,0.6960437254524933,0.44338705192887745,0.6264979123962972,-0.15383031886594944,256.0,0.4762581920284294,0.9079899700942301,10.936726425164991,0.0671154053941581,10.0,26.0,4.0,1.0,1.0,1.0,1.0,1.0,0.0,0.0,0.0017164521277642862,0.5029600989574015,0.5012436468296372,1.0042037457870385,0.0017164521277642862,0.06181326765490587,2134.0,-0.07815177671710374,-0.0636420020649938,-0.0007013638958612028,0.07691076498102922,0.049010394592450594,0.22147039141917807,-0.3528768618518649,1.0,0.0,24,0.23529411764705882,0.03716020887084118,0.31741698232665966,0.18443270036566933,-0.03735046656317115,3.30674971771242
G23,G23__mom_255_21__top50__monthly__long_short__rev5,long_short,mom_255_21,50,monthly,rev5,5.0,0.03,True,,False,True,1,0,2134.0,0.6746565412434009,0.0627790035157858,0.11038517675105959,0.6068598932505499,0.3543220179356982,0.49864171770805127,-0.15596009595097493,330.0,0.40253247558606264,0.9083959211126126,10.941616099474505,0.0642349380815575,10.0,26.0,4.0,1.0,1.0,1.0,1.0,1.0,0.0,0.0,0.0017168824420089298,0.5031809599139542,0.5014640774719452,1.0046450373858995,0.0017168824420089298,0.1755216401635823,2134.0,-0.08796552607375258,-0.07278862052973188,-0.0007365164215663503,0.06710246264402042,0.03920111131685281,0.22149830190441566,-0.3971386024968842,1.0,0.0,24,0.23529411764705882,0.03685322713775051,0.29516903396617966,0.20120238225094816,-0.0373683699531268,3.307702406086408
G23,G23__mom_255_21__top50__monthly__long_short__rev5,long_short,mom_255_21,50,monthly,rev5,10.0,0.0,True,,False,True,1,0,2134.0,0.8122153650546207,0.07273266450906579,0.11039385385026587,0.6912850798092905,0.43875376549016193,0.6195876801123891,-0.15348093860233136,255.0,0.47388727988897633,0.9077853164004458,10.934261374300403,0.13384229209987558,10.0,26.0,4.0,1.0,1.0,1.0,1.0,1.0,0.0,0.0,0.0017162336621516054,0.50284812916076,0.5011318954986085,1.0039800246593684,0.0017162336621516054,0.0,2134.0,-0.07864023858400747,-0.06410464417168617,-0.0007563016029131816,0.0764308159240385,0.048529220905599746,0.2215059153671175,-0.35502545588306944,1.0,0.0,24,0.23529411764705882,0.03539659177613389,0.3047298637416617,0.1827651408834423,-0.03726364455722442,3.3062609046800677
G23,G23__mom_255_21__top50__monthly__long_short__rev5,long_short,mom_255_21,50,monthly,rev5,10.0,0.01,True,,False,True,1,0,2134.0,0.7373934213470228,0.06740471977121532,0.11041632317190453,0.6460621840254344,0.3935907659722498,0.554679557560359,-0.15456238937870637,316.0,0.4361003996001985,0.9079899700942301,10.936726425164991,0.13088799178444227,10.0,26.0,4.0,1.0,1.0,1.0,1.0,1.0,0.0,0.0,0.0017164521277642862,0.5029600989574015,0.5012436468296372,1.0042037457870385,0.0017164521277642862,0.06021209130447693,2134.0,-0.08361805175284484,-0.06875295861314698,-0.0007741132895690249,0.07145576274484883,0.04355367072353393,0.22152007524047074,-0.37747392267754254,1.0,0.0,24,0.23529411764705882,0.035249158020097315,0.2934737961171332,0.19117927619209613,-0.03727270404310376,3.30674971771242
G23,G23__mom_255_21__top50__monthly__long_short__rev5,long_short,mom_255_21,50,monthly,rev5,10.0,0.03,True,,False,True,1,0,2134.0,0.5987757324454122,0.05697540998969841,0.11046065291986877,0.5569388949331411,0.3045855495323798,0.42752730160114666,-0.1566909964099774,330.0,0.3636163614699591,0.9083959211126126,10.941616099474505,0.12530897572938596,10.0,26.0,4.0,1.0,1.0,1.0,1.0,1.0,0.0,0.0,0.0017168824420089298,0.5031809599139542,0.5014640774719452,1.0046450373858995,0.0017168824420089298,0.17102320146665873,2134.0,-0.0934340286825587,-0.07785191020840135,-0.0008092102545616477,0.06164522422542797,0.033742152895027494,0.22154800803004868,-0.4217326506943191,1.0,0.0,24,0.23529411764705882,0.03496005587776771,0.2712882083978839,0.20774107358261507,-0.037290571527214836,3.307702406086408
G23,G23__mom_255_21__top50__monthly__long_short__rev5,long_short,mom_255_21,50,monthly,rev5,20.0,0.0,True,,False,True,1,0,2134.0,0.6516735513969727,0.061046106028457725,0.11063018939681137,0.5910079253263931,0.33903986056026947,0.476234959755367,-0.15494500678222223,326.0,0.3939856294579343,0.9077853164004458,10.934261374300403,0.2545593059722574,10.0,26.0,4.0,1.0,1.0,1.0,1.0,1.0,0.0,0.0,0.0017162336621516054,0.50284812916076,0.5011318954986085,1.0039800246593684,0.0017162336621516054,0.0,2134.0,-0.08957054393946824,-0.07430047037282318,-0.0009018558318867454,0.0655230647585827,0.03761802484702048,0.22164797694546248,-0.40411171432215465,1.0,0.0,24,0.23529411764705882,0.031600666887693425,0.2567361801291731,0.19603570131799686,-0.037047611999067545,3.3062609046800677
G23,G23__mom_255_21__top50__monthly__long_short__rev5,long_short,mom_255_21,50,monthly,rev5,20.0,0.01,True,,False,True,1,0,2134.0,0.5834468165285489,0.055773593283634515,0.11065272248563375,0.545881379799392,0.2939724217512667,0.41209475850457133,-0.15602526781768644,330.0,0.35746513410126146,0.9079899700942301,10.936726425164991,0.24901817939682788,10.0,26.0,4.0,1.0,1.0,1.0,1.0,1.0,0.0,0.0,0.0017164521277642862,0.5029600989574015,0.5012436468296372,1.0042037457870385,0.0017164521277642862,0.05715808146274075,2134.0,-0.09455060182432669,-0.0789004237020004,-0.0009196120769844231,0.06054575827248837,0.032640222985700934,0.22166217432294588,-0.42655271298824876,1.0,0.0,24,0.23529411764705882,0.031471287362070215,0.2455723859807858,0.20442903684697017,-0.03705662518472484,3.30674971771242
G23,G23__mom_255_21__top50__monthly__long_short__rev5,long_short,mom_255_21,50,monthly,rev5,20.0,0.03,True,,False,True,1,0,2134.0,0.4570511910181325,0.045452798106073056,0.11069717627210532,0.45694777822367183,0.20515533383343795,0.28644400824142957,-0.1581515356835067,405.0,0.28740029560657143,0.9083959211126126,10.941616099474505,0.23855075479715154,10.0,26.0,4.0,1.0,1.0,1.0,1.0,1.0,0.0,0.0,0.0017168824420089298,0.5031809599139542,0.5014640774719452,1.0046450373858995,0.0017168824420089298,0.16244121307932574,2134.0,-0.10437103390017097,-0.08790470276863598,-0.0009545979205523674,0.050730747388243125,0.02282423605137687,0.22169017995856283,-0.4707968297002577,1.0,0.0,24,0.23529411764705882,0.031217548405470953,0.22356869327947204,0.2205817554274554,-0.03707440200970258,3.307702406086408
G23,G23__mom_255_21__top50__weekly__long_only__rev20,long_only,mom_255_21,50,weekly,rev20,0.0,0.0,True,,False,True,1,0,2134.0,2.9302544078546977,0.17542251487613436,0.2893096812970715,0.7042471682169803,0.6078566651913747,0.8638918512235482,-0.5780070564278901,372.0,0.30349545550577445,0.6139463967961576,32.189894303996475,0.0,5.0,8.0,2.0,2.0,0.0,1.0,1.0,1.0,0.0,0.0,0.9999349236842844,0.9999349236842844,0.0,0.9999349236842844,0.9999349236842844,0.0,2134.0,0.048791661137876016,0.025486133874795702,1.2442480591465952,0.010944480927528704,0.01772761757158681,0.16997098861372092,0.28705875947312876,1.0,1.0,147,0.3310810810810811,0.003024016957764053,-0.0578103766913618,-0.21925346065545787,0.04845648139924072,15.629017216545542
G23,G23__mom_255_21__top50__weekly__long_only__rev20,long_only,mom_255_21,50,weekly,rev20,5.0,0.0,True,,False,True,1,0,2134.0,2.429363014221019,0.15665100408883315,0.28933424323878426,0.6485569393204696,0.5521817328412945,0.7827620580615462,-0.5788622470151852,382.0,0.27061879557110546,0.6139463967961576,32.189894303996475,0.2369166585070828,5.0,8.0,2.0,2.0,0.0,1.0,1.0,1.0,0.0,0.0,0.9999349236842844,0.9999349236842844,0.0,0.9999349236842844,0.9999349236842844,0.0,2134.0,0.03269586858220655,0.009109108779027715,1.2441572541306247,-0.005137241040167825,0.0016441167086424869,0.17003245837325742,0.19229192411270188,1.0,1.0,147,0.3310810810810811,-0.0060787486641861455,-0.07904946165842164,-0.21946295450609998,0.04845756903704035,15.629017216545542
G23,G23__mom_255_21__top50__weekly__long_only__rev20,long_only,mom_255_21,50,weekly,rev20,10.0,0.0,True,,True,True,1,0,2134.0,1.9921069388429258,0.13817025490864676,0.2893826236573996,0.5928273664523264,0.4964751010161453,0.7020034853457443,-0.5797162919391483,490.0,0.23834116244424994,0.6139463967961576,32.189894303996475,0.43659876519846125,5.0,8.0,2.0,2.0,0.0,1.0,1.0,1.0,0.0,0.0,0.9999349236842844,0.9999349236842844,0.0,0.9999349236842844,0.9999349236842844,0.0,2134.0,0.016600076026537198,-0.007014244132836502,1.2440664491146536,-0.02121896300786416,-0.014439384154301753,0.17013442560667913,0.09757035336818697,1.0,1.0,147,0.3310810810810811,-0.014968796474108037,-0.10031465133737222,-0.21967181935957203,0.04847752049100329,15.629017216545542
G23,G23__mom_255_21__top50__weekly__long_only__rev20,long_only,mom_255_21,50,weekly,rev20,20.0,0.0,True,,False,True,1,0,2134.0,1.2772820769567366,0.10206363780071603,0.28955078629007425,0.4813053880949499,0.3850218665931206,0.5416604256039943,-0.584763994377109,554.0,0.17453817058185034,0.6139463967961576,32.189894303996475,0.7446304575194986,5.0,8.0,2.0,2.0,0.0,1.0,1.0,1.0,0.0,0.0,0.9999349236842844,0.9999349236842844,0.0,0.9999349236842844,0.9999349236842844,0.0,2134.0,-0.015591509084801612,-0.03851511698212996,1.2438848390827122,-0.05338240694325703,-0.04660638588019043,0.17045953292918709,-0.09146751030509215,1.0,1.0,147,0.3310810810810811,-0.03212568158230786,-0.1428767395330664,-0.21122926278128523,0.048573968532014455,15.629017216545542
G23,G23__mom_255_21__top50__weekly__long_only__rev5,long_only,mom_255_21,50,weekly,rev5,0.0,0.0,True,,False,True,2,0,2134.0,2.7490258760971362,0.16888809777068658,0.2807395188148891,0.697640110554937,0.5983110526402672,0.8418782842595901,-0.579168482325684,372.0,0.29160443450324997,0.8394775740514674,44.01474545710899,0.0,6.0,10.0,3.0,3.0,0.0,1.0,1.0,1.0,0.0,0.0,0.9998966335046529,0.9998966335046529,0.0,0.9998966335046529,0.9998966335046529,0.0,2134.0,0.04090128628981535,0.019785244152350178,1.2265876282943715,0.0057906580561424064,0.01208370523101212,0.15907646129709138,0.2571171495538115,1.0,1.0,147,0.3310810810810811,-0.003510400147683723,-0.06735598924246933,-0.22041488655325175,0.03988631891705832,27.453868369658053
G23,G23__mom_255_21__top50__weekly__long_only__rev5,long_only,mom_255_21,50,weekly,rev5,5.0,0.0,True,,False,True,2,0,2134.0,2.1113779793031564,0.14343598352325548,0.2806702915182742,0.6192906612860573,0.5199468883517668,0.7288977002161944,-0.5801306412045635,498.0,0.24724772893469288,0.8394775740514674,44.01474545710899,0.30249205876867147,6.0,10.0,3.0,3.0,0.0,1.0,1.0,1.0,0.0,0.0,0.9998966335046529,0.9998966335046529,0.0,0.9998966335046529,0.9998966335046529,0.0,2134.0,0.018862627784358807,-0.00242020955319589,1.226142508941419,-0.016179027486232414,-0.00989736522994585,0.15905733668808297,0.11859011459087287,1.0,1.0,147,0.3310810810810811,-0.019293769229763807,-0.11128430614794926,-0.22073134869547828,0.039793617316530305,27.453868369658053
G23,G23__mom_255_21__top50__weekly__long_only__rev5,long_only,mom_255_21,50,weekly,rev5,10.0,0.0,True,,True,True,2,0,2134.0,1.5818407333917932,0.11852054297205017,0.2806502652178009,0.5408077267073216,0.44146608277400184,0.6165936334623836,-0.5848576400319048,593.0,0.20264853335178235,0.8394775740514674,44.01474545710899,0.5415019269811252,6.0,10.0,3.0,3.0,0.0,1.0,1.0,1.0,0.0,0.0,0.9998966335046529,0.9998966335046529,0.0,0.9998966335046529,0.9998966335046529,0.0,2134.0,-0.003176030721097896,-0.024157447424069604,1.2256973895884669,-0.03814871302860743,-0.0318784356909039,0.15912503222038574,-0.019959340631580468,1.0,1.0,147,0.3310810810810811,-0.03461850841070463,-0.15532366957951566,-0.2248131674523285,0.0397451620514046,27.453868369658053
G23,G23__mom_255_21__top50__weekly__long_only__rev5,long_only,mom_255_21,50,weekly,rev5,20.0,0.0,True,,False,True,2,0,2134.0,0.7770900079550684,0.07025609780667064,0.28075783185256703,0.38360644905495883,0.28431955460000574,0.39419225252578466,-0.6230826964610954,706.0,0.112755655398075,0.8394775740514674,44.01474545710899,0.8748951337043487,6.0,10.0,3.0,3.0,0.0,1.0,1.0,1.0,0.0,0.0,0.9998966335046529,0.9998966335046529,0.0,0.9998966335046529,0.9998966335046529,0.0,2134.0,-0.04725334773201121,-0.06626530111059954,1.2248071508825618,-0.0820880841133572,-0.07584057661281986,0.15952029982669433,-0.29622153282903857,1.0,1.0,147,0.3310810810810811,-0.06393322157635326,-0.24357905152618126,-0.2495479648652716,0.03978101409450724,27.453868369658053
G23,G23__mom_255_21__top50__weekly__long_short__rev20,long_short,mom_255_21,50,weekly,rev20,0.0,0.0,True,,False,True,6,0,2134.0,1.1315866599484665,0.0934927580520768,0.13043209832484218,0.7504297181406183,0.5366764349872782,0.7775073198391401,-0.17454944151117957,483.0,0.535623358302689,0.51146681773327,26.81677568066547,0.0,11.0,28.0,4.0,9.0,2.0,1.0,1.0,1.0,0.0,0.0,0.0006829159842433787,0.5003434523657655,0.4996605363815222,1.0000039887472876,0.0006829159842433787,0.0,2134.0,-0.057073739870942934,-0.045992699065254695,0.07116329726655837,0.08685309499179937,0.0609546295297125,0.22044069428563143,-0.25890745833430756,1.0,0.0,109,0.24549549549549549,0.04824237171803809,0.3506099530510659,0.2000417317214198,-0.015193599406164715,10.67519092315639
G23,G23__mom_255_21__top50__weekly__long_short__rev20,long_short,mom_255_21,50,weekly,rev20,0.0,0.01,True,,False,True,6,0,2134.0,1.0437478116603423,0.08807233913048185,0.13043936040869272,0.7122866924527854,0.49855158025459323,0.7210751502514849,-0.1746608644988753,484.0,0.5042476995815453,0.5114957168198012,26.81829089200277,0.0,11.0,28.0,4.0,9.0,2.0,1.0,1.0,1.0,0.0,0.0,0.0006829599174624513,0.5003732029105995,0.49969024299313713,1.0000634459037365,0.0006829599174624513,0.07021560922578898,2134.0,-0.062043642062179105,-0.050721691724096934,0.07114998031270685,0.08188525631400127,0.05598642007237342,0.22044721565749276,-0.28144443501874783,1.0,0.0,109,0.24549549549549549,0.048012532745096946,0.34668530345029347,0.2058905213065758,-0.015196087854036977,10.675595068445041
G23,G23__mom_255_21__top50__weekly__long_short__rev20,long_short,mom_255_21,50,weekly,rev20,0.0,0.03,True,,False,True,6,0,2134.0,0.8810709516740605,0.07746701872235406,0.13045367746569594,0.6371198566061823,0.42342055322881794,0.6104081465675036,-0.17488044222026833,742.0,0.4429713107928988,0.5115531053425689,26.821299836255555,0.0,11.0,28.0,4.0,9.0,2.0,1.0,1.0,1.0,0.0,0.0,0.0006830465331960296,0.5004318472345154,0.49974880070131944,1.0001806479358348,0.0006830465331960296,0.1991823116249961,2134.0,-0.0718392343726503,-0.05997420210754899,0.0711237323669292,0.07209373122411501,0.046194164165249754,0.22046007152038954,-0.3258605237547796,1.0,0.0,109,0.24549549549549549,0.047562735997914565,0.33894908809602925,0.21794091009079158,-0.015200992463594049,10.676389604230366
G23,G23__mom_255_21__top50__weekly__long_short__rev20,long_short,mom_255_21,50,weekly,rev20,5.0,0.0,True,,False,True,6,0,2134.0,0.902745011309906,0.07892566140366375,0.13048519856126048,0.6473702576996987,0.4337252323964526,0.6251076554753443,-0.17488958057448345,745.0,0.4512885281353295,0.51146681773327,26.81677568066547,0.18376863681665456,11.0,28.0,4.0,9.0,2.0,1.0,1.0,1.0,0.0,0.0,0.0006829159842433787,0.5003434523657655,0.4996605363815222,1.0000039887472876,0.0006829159842433787,0.0,2134.0,-0.07048162603474413,-0.05870162324758096,0.07137751492873444,0.07341201497379543,0.04752010907855809,0.22043633653114647,-0.31973687797513123,1.0,0.0,109,0.24549549549549549,0.04207803658652945,0.3031012229271468,0.20998271633035964,-0.015179206388732908,10.67519092315639
G23,G23__mom_255_21__top50__weekly__long_short__rev20,long_short,mom_255_21,50,weekly,rev20,5.0,0.01,True,,False,True,6,0,2134.0,0.8243246066114072,0.07357663758734323,0.1304924607839287,0.60924471056384,0.39561745464147163,0.5692395683318752,-0.1750009656842122,806.0,0.4204356090246477,0.5114957168198012,26.81829089200277,0.17957979272973154,11.0,28.0,4.0,9.0,2.0,1.0,1.0,1.0,0.0,0.0,0.0006829599174624513,0.5003732029105995,0.49969024299313713,1.0000634459037365,0.0006829599174624513,0.06587832849856291,2134.0,-0.07545202115227577,-0.06336832792949758,0.07136417263678484,0.06844368729593801,0.04255140993610167,0.22044286409581615,-0.3422747271124201,1.0,0.0,109,0.24549549549549549,0.04187843891970803,0.299183599038133,0.2157345158308337,-0.015181706625433583,10.675595068445041
G23,G23__mom_255_21__top50__weekly__long_short__rev20,long_short,mom_255_21,50,weekly,rev20,5.0,0.03,True,,False,True,6,0,2134.0,0.6790918464447846,0.06311100513289691,0.13050677750494746,0.5341122333478677,0.3205199940740255,0.45967909647792476,-0.17843662728479615,893.0,0.35368862376090393,0.5115531053425689,26.821299836255555,0.17167797490388542,11.0,28.0,4.0,9.0,2.0,1.0,1.0,1.0,0.0,0.0,0.0006830465331960296,0.5004318472345154,0.49974880070131944,1.0001806479358348,0.0006830465331960296,0.18700483607297,2134.0,-0.08524859625314292,-0.07249896889343696,0.07133787460188391,0.05865118717715896,0.03275817764522636,0.22045573182838046,-0.38669258243422283,1.0,0.0,109,0.24549549549549549,0.041487815677203416,0.29146121294922517,0.22851495900798324,-0.015186634818217248,10.676389604230366
G23,G23__mom_255_21__top50__weekly__long_short__rev20,long_short,mom_255_21,50,weekly,rev20,10.0,0.0,True,,False,True,6,0,2134.0,0.6983916867342779,0.0645467359736065,0.13057508488174857,0.5442412732808545,0.33076251626447006,0.4742321821025864,-0.17522971963778722,821.0,0.36835495774934396,0.51146681773327,26.81677568066547,0.34530264769498786,11.0,28.0,4.0,9.0,2.0,1.0,1.0,1.0,0.0,0.0,0.0006829159842433787,0.5003434523657655,0.4996605363815222,1.0000039887472876,0.0006829159842433787,0.0,2134.0,-0.08388951219854518,-0.07124637924972156,0.0715917325909107,0.05997093495579161,0.034085588627403816,0.22045377793897866,-0.38053107087947347,1.0,0.0,109,0.24549549549549549,0.036035739530408596,0.2555555822720812,0.22050182977479188,-0.015135674321713227,10.67519092315639
G23,G23__mom_255_21__top50__weekly__long_short__rev20,long_short,mom_255_21,50,weekly,rev20,10.0,0.01,True,,True,True,6,0,2134.0,0.6283831128372246,0.059268195565975734,0.13058234763141663,0.5061439284085174,0.2926825296464094,0.41894053753108845,-0.1806827837193683,893.0,0.3280234804110032,0.5114957168198012,26.81829089200277,0.3375607643246205,11.0,28.0,4.0,9.0,2.0,1.0,1.0,1.0,0.0,0.0,0.0006829599174624513,0.5003732029105995,0.49969024299313713,1.0000634459037365,0.0006829599174624513,0.06186356565113041,2134.0,-0.08886040024237178,-0.0758515913556797,0.07157836496086299,0.055002118277875406,0.029116399799830515,0.22046031249243583,-0.4030675600417679,1.0,0.0,109,0.24549549549549549,0.035865790859899035,0.2516539014730814,0.2235897534899623,-0.015138186193615177,10.675595068445041
G23,G23__mom_255_21__top50__weekly__long_short__rev20,long_short,mom_255_21,50,weekly,rev20,10.0,0.03,True,,False,True,6,0,2134.0,0.4987299535436782,0.04894046729624746,0.1305966648105894,0.4310669388177489,0.2176397457609657,0.3105106245513612,-0.19814800357387563,977.0,0.24698945441557757,0.5115531053425689,26.821299836255555,0.32295059692984174,11.0,28.0,4.0,9.0,2.0,1.0,1.0,1.0,0.0,0.0,0.0006830465331960296,0.5004318472345154,0.49974880070131944,1.0001806479358348,0.0006830465331960296,0.17572859747477998,2134.0,-0.09865795813363526,-0.08486191913228223,0.07155201683683869,0.04520864313020316,0.01932219112520324,0.22047319368059207,-0.44748278231304994,1.0,0.0,109,0.24549549549549549,0.03553318217499456,0.24396291468340742,0.2226074804313355,-0.015143137660141304,10.676389604230366
G23,G23__mom_255_21__top50__weekly__long_short__rev20,long_short,mom_255_21,50,weekly,rev20,20.0,0.0,True,,False,True,6,0,2134.0,0.35297970765868447,0.03634400109598901,0.13086488154943052,0.3381241598456123,0.1251502013130266,0.17755813411252366,-0.21953608484304132,1133.0,0.16554909923793792,0.51146681773327,26.81677568066547,0.6113654367486224,11.0,28.0,4.0,9.0,2.0,1.0,1.0,1.0,0.0,0.0,0.0006829159842433787,0.5003434523657655,0.4996605363815222,1.0000039887472876,0.0006829159842433787,0.0,2134.0,-0.11070528452614689,-0.09585158562301556,0.07202016791526307,0.03308877491978433,0.007216547725095635,0.22055403109129945,-0.5019417871365945,1.0,0.0,109,0.24549549549549549,0.02430989571183071,0.1606664447473026,0.20399855895707447,-0.01496149689198148,10.67519092315639
G23,G23__mom_255_21__top50__weekly__long_short__rev20,long_short,mom_255_21,50,weekly,rev20,20.0,0.01,True,,False,True,6,0,2134.0,0.29719250867103075,0.031203737420514965,0.1308721465305662,0.3001150762175795,0.08715762933647485,0.1234522140915577,-0.22957251271792123,1147.0,0.13592105191990214,0.5114957168198012,26.81829089200277,0.5981168396385701,11.0,28.0,4.0,9.0,2.0,1.0,1.0,1.0,0.0,0.0,0.0006829599174624513,0.5003732029105995,0.49969024299313713,1.0000634459037365,0.0006829599174624513,0.05470141358808154,2134.0,-0.11567715842256457,-0.1003361595161872,0.07200674960901896,0.02811898024174947,0.0022463795272875207,0.22056058200155887,-0.5244688664348328,1.0,0.0,109,0.24549549549549549,0.024197503425585465,0.15682311540300226,0.20211248488159367,-0.014964031553901191,10.675595068445041
G23,G23__mom_255_21__top50__weekly__long_short__rev20,long_short,mom_255_21,50,weekly,rev20,20.0,0.03,True,,False,True,6,0,2134.0,0.19387851699026237,0.0211465542655791,0.13088646703560006,0.225211829964861,0.012286919082890214,0.017347074024728876,-0.24902202810737117,1508.0,0.08491840832836406,0.5115531053425689,26.821299836255555,0.5730937857434268,11.0,28.0,4.0,9.0,2.0,1.0,1.0,1.0,0.0,0.0,0.0006830465331960296,0.5004318472345154,0.49974880070131944,1.0001806479358348,0.0006830465331960296,0.15560079780098354,2134.0,-0.12547668189462072,-0.10911045279430469,0.0719803013067483,0.01832355503629077,-0.007549781914843816,0.22057349484185673,-0.5688656381156901,1.0,0.0,109,0.24549549549549549,0.0239775161241684,0.1492470725903089,0.19839198847300904,-0.014969028599414541,10.676389604230366
G23,G23__mom_255_21__top50__weekly__long_short__rev5,long_short,mom_255_21,50,weekly,rev5,0.0,0.0,True,,False,True,8,0,2134.0,1.314599393152465,0.10418096973695246,0.12709606502644583,0.843298384336357,0.6238875322029713,0.9180533388736065,-0.18955250252339384,755.0,0.5496153748964345,0.6703014759662247,35.1446539563772,0.0,13.0,30.0,5.0,11.0,3.0,1.0,1.0,1.0,0.0,0.0,0.0007180392041225922,0.5003792151140206,0.499661175909898,1.0000403910239186,0.0007180392041225922,0.0,2134.0,-0.047773956361033335,-0.03666787097999764,0.05696984534900971,0.09835220870071763,0.07205544573332393,0.22086251434632492,-0.21630631391853608,1.0,0.0,109,0.24549549549549549,0.05893058340291375,0.437821050266759,0.18503867070920554,-0.018529632704561066,19.00306919886812
G23,G23__mom_255_21__top50__weekly__long_short__rev5,long_short,mom_255_21,50,weekly,rev5,0.0,0.01,True,,False,True,8,0,2134.0,1.2192379957286792,0.09870868484995143,0.12710335773803164,0.8041549713700885,0.5847653289269867,0.858946359763283,-0.19475610051603764,825.0,0.5068323127666188,0.6703378285648651,35.14655996366712,0.0,13.0,30.0,5.0,11.0,3.0,1.0,1.0,1.0,0.0,0.0,0.0007180873900172432,0.5004091643579215,0.4996910769679043,1.0001002413258258,0.0007180873900172432,0.0707930697872594,2134.0,-0.05274306565047473,-0.04144211360442342,0.05695479171130305,0.09338543203058589,0.06708824912786888,0.22086922073410142,-0.23879771692575807,1.0,0.0,109,0.24549549549549549,0.05864887846456653,0.432899052122687,0.18579528528941347,-0.018532090524698064,19.003864140109393
G23,G23__mom_255_21__top50__weekly__long_short__rev5,long_short,mom_255_21,50,weekly,rev5,0.0,0.03,True,,False,True,8,0,2134.0,1.0426270062187304,0.08800185816131245,0.12711773518196162,0.7270170164570103,0.5076691725208268,0.743077377507746,-0.20491497939943792,904.0,0.42945546694159265,0.6704098398681909,35.150335596613004,0.0,13.0,30.0,5.0,11.0,3.0,1.0,1.0,1.0,0.0,0.0,0.0007181823916544627,0.5004682005006166,0.499750018108962,1.0002182186095787,0.0007181823916544627,0.20074481375745065,2134.0,-0.0625371060825816,-0.05078318217171973,0.05692511939081136,0.08359598943915308,0.05729797879704847,0.2208824414196899,-0.28312393543204895,1.0,0.0,109,0.24549549549549549,0.05809757543687295,0.4231977073880381,0.187906372911622,-0.01853693474732837,19.005425364587815
G23,G23__mom_255_21__top50__weekly__long_short__rev5,long_short,mom_255_21,50,weekly,rev5,5.0,0.0,True,,False,True,8,0,2134.0,0.9944784324361009,0.08494138799798723,0.12700158791886443,0.7053837036268328,0.48584959429800556,0.7097109722522522,-0.20485316840990153,900.0,0.4146452244664506,0.6703014759662247,35.1446539563772,0.23758093837465202,13.0,30.0,5.0,11.0,3.0,1.0,1.0,1.0,0.0,0.0,0.0007180392041225922,0.5003792151140206,0.499661175909898,1.0000403910239186,0.0007180392041225922,0.0,2134.0,-0.06536901220064627,-0.053453260101915936,0.05690452317381,0.08076727478446884,0.05446979291855752,0.22081905367673338,-0.2960297633389138,1.0,0.0,109,0.24549549549549549,0.04809376318085293,0.35522558482869976,0.18001912849494156,-0.01866281703112896,19.00306919886812
G23,G23__mom_255_21__top50__weekly__long_short__rev5,long_short,mom_255_21,50,weekly,rev5,5.0,0.01,True,,False,True,8,0,2134.0,0.9122905630992149,0.07956342440760844,0.12700888445357608,0.6662142891786759,0.44670065521036384,0.6513591841543656,-0.20995947303799145,904.0,0.37894658076805,0.6703378285648651,35.14655996366712,0.23212899912504378,13.0,30.0,5.0,11.0,3.0,1.0,1.0,1.0,0.0,0.0,0.0007180873900172432,0.5004091643579215,0.4996910769679043,1.0001002413258258,0.0007180873900172432,0.06509404851502978,2134.0,-0.07033872897772792,-0.05814521301299162,0.05688944453717826,0.07579989450037682,0.04950199203765982,0.22082576463173248,-0.3185259160996484,1.0,0.0,109,0.24549549549549549,0.04786522573997324,0.3502667996070252,0.18077600847705444,-0.018665282955786205,19.003864140109393
G23,G23__mom_255_21__top50__weekly__long_short__rev5,long_short,mom_255_21,50,weekly,rev5,5.0,0.03,True,,False,True,8,0,2134.0,0.7600788531486664,0.06904114736598621,0.12702326868720784,0.5890250441395004,0.36955176065506395,0.5369710990298511,-0.2199284022820448,1004.0,0.3139255623629964,0.6704098398681909,35.150335596613004,0.22185272201385936,13.0,30.0,5.0,11.0,3.0,1.0,1.0,1.0,0.0,0.0,0.0007181823916544627,0.5004682005006166,0.499750018108962,1.0002182186095787,0.0007181823916544627,0.18474048600148912,2134.0,-0.08013397620811745,-0.06732527300538477,0.05685972299405637,0.06600925273789804,0.039710521232850786,0.22083899388093153,-0.36286153455002074,1.0,0.0,109,0.24549549549549549,0.04741795791029271,0.34049297953026364,0.1870231840107346,-0.01867014363595687,19.005425364587815
G23,G23__mom_255_21__top50__weekly__long_short__rev5,long_short,mom_255_21,50,weekly,rev5,10.0,0.0,True,,False,True,8,0,2134.0,0.7184697170791094,0.06602516674514791,0.1269853566269754,0.566914142900411,0.3473866473804869,0.5037577575709776,-0.21987262168653587,972.0,0.3002882588959962,0.6703014759662247,35.1446539563772,0.43772985917290913,13.0,30.0,5.0,11.0,3.0,1.0,1.0,1.0,0.0,0.0,0.0007180392041225922,0.5003792151140206,0.499661175909898,1.0000403910239186,0.0007180392041225922,0.0,2134.0,-0.0829640680402589,-0.06995653645964267,0.056839200998610374,0.06318234086822032,0.03688414010379139,0.22082061173055398,-0.3757079893497076,1.0,0.0,109,0.24549549549549549,0.03751417030195001,0.272179713388098,0.17585892772604322,-0.01872540257648639,19.00306919886812
G23,G23__mom_255_21__top50__weekly__long_short__rev5,long_short,mom_255_21,50,weekly,rev5,10.0,0.01,True,,True,True,8,0,2134.0,0.6476422112946458,0.06073995657532594,0.12699265736400037,0.5277428769465341,0.3082350915762803,0.4461864543380625,-0.2248834036419438,1004.0,0.270095327586002,0.6703378285648651,35.14655996366712,0.427902394747389,13.0,30.0,5.0,11.0,3.0,1.0,1.0,1.0,0.0,0.0,0.0007180873900172432,0.5004091643579215,0.4996910769679043,1.0001002413258258,0.0007180873900172432,0.059939943237926466,2134.0,-0.08793439230498065,-0.0745675675358492,0.056824097363053536,0.058214356970168184,0.031915734947451174,0.22082732868704943,-0.39820430210247626,1.0,0.0,109,0.24549549549549549,0.03733755186924924,0.2672064634029523,0.17938913356738678,-0.01872787646103144,19.003864140109393
G23,G23__mom_255_21__top50__weekly__long_short__rev5,long_short,mom_255_21,50,weekly,rev5,10.0,0.03,True,,False,True,8,0,2134.0,0.5164713074993748,0.05039916139561251,0.12700704914939925,0.45054992382650194,0.23108098009692687,0.33332885977884563,-0.23969104090801874,1052.0,0.21026718898080615,0.6704098398681909,35.150335596613004,0.4093684932862205,13.0,30.0,5.0,11.0,3.0,1.0,1.0,1.0,0.0,0.0,0.0007181823916544627,0.5004682005006166,0.499750018108962,1.0002182186095787,0.0007181823916544627,0.1702602226005093,2134.0,-0.09773084633365305,-0.08358929541312449,0.056794326597301166,0.04842251603664327,0.022123063668653353,0.22084056933594776,-0.44254027521991507,1.0,0.0,109,0.24549549549549549,0.03699187627435961,0.2574041490193686,0.18106444309719238,-0.018732753321331452,19.005425364587815
G23,G23__mom_255_21__top50__weekly__long_short__rev5,long_short,mom_255_21,50,weekly,rev5,20.0,0.0,True,,False,True,8,0,2134.0,0.27539227727680005,0.029141931074670335,0.12718760690568867,0.28933387323771975,0.07020835707608047,0.10031392896789876,-0.2573214782905946,1413.0,0.11325106348782976,0.6703014759662247,35.1446539563772,0.7466822196573543,13.0,30.0,5.0,11.0,3.0,1.0,1.0,1.0,0.0,0.0,0.0007180392041225922,0.5003792151140206,0.499661175909898,1.0000403910239186,0.0007180392041225922,0.0,2134.0,-0.1181541797194842,-0.1021349627479095,0.056708556648210985,0.028012473035723212,0.0017128344742590768,0.22095875268242685,-0.5347340998494023,1.0,0.0,109,0.24549549549549549,0.017107825690512037,0.10572460051035648,0.1662131655095212,-0.018638771535723325,19.00306919886812
G23,G23__mom_255_21__top50__weekly__long_short__rev5,long_short,mom_255_21,50,weekly,rev5,20.0,0.01,True,,False,True,8,0,2134.0,0.2228066004383027,0.024037624208887554,0.1271949171544754,0.2502312545650093,0.03112384262890539,0.04439103140800011,-0.2655213846341483,1413.0,0.09052989928479045,0.6703378285648651,35.14655996366712,0.7306624911691895,13.0,30.0,5.0,11.0,3.0,1.0,1.0,1.0,0.0,0.0,0.0007180873900172432,0.5004091643579215,0.4996910769679043,1.0001002413258258,0.0007180873900172432,0.051053234313499306,2134.0,-0.12312571895948686,-0.10658816646627943,0.056693403014804127,0.023043281909750177,-0.0032567792329668273,0.22096548592914284,-0.5572169718802586,1.0,0.0,109,0.24549549549549549,0.017031390213958053,0.10078932869543278,0.16616361296536658,-0.018641260929991993,19.003864140109393
G23,G23__mom_255_21__top50__weekly__long_short__rev5,long_short,mom_255_21,50,weekly,rev5,20.0,0.03,True,,False,True,8,0,2134.0,0.1254212903322467,0.014050785244580588,0.1272093262750053,0.1731734355781079,-0.04589830107288293,-0.0652350273280878,-0.2814196515384433,1413.0,0.04992823055450761,0.6704098398681909,35.150335596613004,0.7004155528074568,13.0,30.0,5.0,11.0,3.0,1.0,1.0,1.0,0.0,0.0,0.0007181823916544627,0.5004682005006166,0.499750018108962,1.0002182186095787,0.0007181823916544627,0.1452771961601424,2134.0,-0.1329245865847245,-0.11530108862790446,0.05666353380379129,0.013249042634133363,-0.013051851459741835,0.2209787578560088,-0.601526535285075,1.0,0.0,109,0.24549549549549549,0.01688174710316989,0.09106185243453577,0.16599436504193693,-0.01864616936000929,19.005425364587815
