sid,cik10,effective_from,effective_to,research_interval_from,research_interval_to,research_interval_days,issuer_periodic_filing_count,first_periodic_filed,last_periodic_filed,source_applicability_status,temporal_support_status,temporal_support_passed
sec::A,0001090872,2000-06-05,,2013-01-02,2026-07-01,4928,54,2013-03-06,2026-06-01,available,supported_by_periodic_filing,True
sec::AABA,0001011006,1999-12-08,2017-06-19,2013-01-02,2017-06-19,1629,26,2013-03-01,2017-05-09,available,supported_by_periodic_filing,True
sec::AAL,0000006201,2015-03-23,2024-09-23,2015-03-23,2024-09-23,3472,39,2015-04-24,2024-07-25,available,supported_by_periodic_filing,True
sec::AAP,0001158449,2015-07-09,2023-08-25,2015-07-09,2023-08-25,2969,33,2015-08-25,2023-08-23,available,supported_by_periodic_filing,True
sec::AAPL,0000320193,1996-01-02,,2013-01-02,2026-07-01,4928,54,2013-01-24,2026-05-01,available,supported_by_periodic_filing,True
sec::ABBV,0001551152,2013-01-02,,2013-01-02,2026-07-01,4928,55,2013-03-15,2026-05-08,available,supported_by_periodic_filing,True
sec::ABMD,0000815094,2018-05-31,2022-12-22,2018-05-31,2022-12-22,1666,18,2018-08-02,2022-11-03,available,supported_by_periodic_filing,True
sec::ABNB,0001559720,2023-09-18,,2023-09-18,2026-07-01,1017,11,2023-11-01,2026-05-07,available,supported_by_periodic_filing,True
sec::ABT,0000001800,1996-01-02,,2013-01-02,2026-07-01,4928,55,2013-02-15,2026-04-29,available,supported_by_periodic_filing,True
sec::ACGL,0000947484,2022-11-01,,2022-11-01,2026-07-01,1338,15,2022-11-03,2026-05-05,available,supported_by_periodic_filing,True
sec::ACN,0001467373,2011-07-06,,2013-01-02,2026-07-01,4928,54,2013-03-28,2026-06-18,available,supported_by_periodic_filing,True
sec::ADBE,0000796343,1997-05-06,,2013-01-02,2026-07-01,4928,55,2013-01-22,2026-06-15,available,supported_by_periodic_filing,True
sec::ADI,0000006281,1999-10-12,,2013-01-02,2026-07-01,4928,54,2013-02-19,2026-05-20,available,supported_by_periodic_filing,True
sec::ADM,0000007084,1996-01-02,,2013-01-02,2026-07-01,4928,57,2013-05-07,2026-05-05,available,supported_by_periodic_filing,True
sec::ADP,0000008670,1996-01-02,,2013-01-02,2026-07-01,4928,54,2013-02-06,2026-04-30,available,supported_by_periodic_filing,True
sec::ADSK,0000769397,1996-01-02,,2013-01-02,2026-07-01,4928,55,2013-03-18,2026-05-29,available,supported_by_periodic_filing,True
sec::ADT,0001546640,2012-10-02,2016-05-02,2013-01-02,2016-05-02,1216,13,2013-01-31,2016-02-02,available,supported_by_periodic_filing,True
sec::AEE,0001002910,1996-01-02,,2013-01-02,2026-07-01,4928,54,2013-03-01,2026-05-08,available,supported_by_periodic_filing,True
sec::AEP,0000004904,1996-01-02,,2013-01-02,2026-07-01,4928,54,2013-02-26,2026-05-05,available,supported_by_periodic_filing,True
sec::AES,0000874761,1998-10-02,,2013-01-02,2026-07-01,4928,55,2013-02-27,2026-05-05,available,supported_by_periodic_filing,True
sec::AET,0001122304,1996-01-02,2018-11-29,2013-01-02,2018-11-29,2157,24,2013-02-19,2018-10-30,available,supported_by_periodic_filing,True
sec::AFL,0000004977,1999-05-28,,2013-01-02,2026-07-01,4928,54,2013-02-27,2026-05-06,available,supported_by_periodic_filing,True
sec::AGN,0001578845,1996-01-02,2020-05-12,2013-01-02,2020-05-12,2687,30,2013-10-31,2020-05-07,available,supported_by_periodic_filing,True
sec::AIG,0000005272,1996-01-02,,2013-01-02,2026-07-01,4928,56,2013-02-21,2026-05-01,available,supported_by_periodic_filing,True
sec::AIV,0000922864,2003-03-14,2020-12-21,2013-01-02,2020-12-21,2910,32,2013-02-25,2020-11-02,available,supported_by_periodic_filing,True
sec::AIZ,0001267238,2007-04-10,,2013-01-02,2026-07-01,4928,54,2013-02-20,2026-05-07,available,supported_by_periodic_filing,True
sec::AJG,0000354190,2016-05-31,,2016-05-31,2026-07-01,3683,40,2016-07-29,2026-05-07,available,supported_by_periodic_filing,True
sec::AKAM,0001086222,2007-07-12,,2013-01-02,2026-07-01,4928,55,2013-03-01,2026-05-08,available,supported_by_periodic_filing,True
sec::ALB,0000915913,2016-07-01,,2016-07-01,2026-07-01,3652,47,2016-08-05,2026-05-06,available,supported_by_periodic_filing,True
sec::ALGN,0001097149,2017-06-19,,2017-06-19,2026-07-01,3299,36,2017-08-03,2026-05-06,available,supported_by_periodic_filing,True
sec::ALK,0000766421,2016-05-13,2023-12-18,2016-05-13,2023-12-18,2775,31,2016-08-02,2023-11-02,available,supported_by_periodic_filing,True
sec::ALL,0000899051,1996-01-02,,2013-01-02,2026-07-01,4928,54,2013-02-20,2026-04-29,available,supported_by_periodic_filing,True
sec::ALLE,0001579241,2013-12-02,,2013-12-02,2026-07-01,4594,50,2014-03-10,2026-04-28,available,supported_by_periodic_filing,True
sec::ALTR,0000768251,2000-04-18,2015-12-28,2013-01-02,2015-12-28,1090,12,2013-02-15,2015-10-22,available,supported_by_periodic_filing,True
sec::ALXN,0000899866,2012-05-25,2021-07-21,2013-01-02,2021-07-21,3122,37,2013-02-19,2021-04-30,available,supported_by_periodic_filing,True
sec::AMAT,0000006951,1996-01-02,,2013-01-02,2026-07-01,4928,54,2013-02-21,2026-05-21,available,supported_by_periodic_filing,True
sec::AMCR,0001748790,2019-06-07,,2019-06-07,2026-07-01,2581,28,2019-09-03,2026-05-07,available,supported_by_periodic_filing,True
sec::AMD,0000002488,2017-03-20,,2017-03-20,2026-07-01,3390,38,2017-05-08,2026-05-06,available,supported_by_periodic_filing,True
sec::AME,0001037868,2013-09-23,,2013-09-23,2026-07-01,4664,51,2013-11-04,2026-04-30,available,supported_by_periodic_filing,True
sec::AMG,0001004434,2014-07-01,2019-12-23,2014-07-01,2019-12-23,2001,27,2014-08-06,2019-11-01,available,supported_by_periodic_filing,True
sec::AMGN,0000318154,1996-01-02,,2013-01-02,2026-07-01,4928,57,2013-02-27,2026-05-01,available,supported_by_periodic_filing,True
sec::AMP,0000820027,2005-10-03,,2013-01-02,2026-07-01,4928,55,2013-02-27,2026-05-07,available,supported_by_periodic_filing,True
sec::AMT,0001053507,2007-11-19,,2013-01-02,2026-07-01,4928,54,2013-02-27,2026-04-28,available,supported_by_periodic_filing,True
sec::AMTM,0002011286,2024-09-30,2024-12-23,2024-09-30,2024-12-23,84,1,2024-12-17,2024-12-17,available,supported_by_periodic_filing,True
sec::AMZN,0001018724,2005-11-21,,2013-01-02,2026-07-01,4928,54,2013-01-30,2026-04-30,available,supported_by_periodic_filing,True
sec::AN,0000350698,2003-02-24,2017-08-08,2013-01-02,2017-08-08,1679,19,2013-02-15,2017-08-02,available,supported_by_periodic_filing,True
sec::ANDV,0000050104,2007-09-27,2018-10-01,2013-01-02,2018-10-01,2098,23,2013-02-22,2018-08-07,available,supported_by_periodic_filing,True
sec::ANET,0001596532,2018-08-28,,2018-08-28,2026-07-01,2864,31,2018-11-05,2026-05-06,available,supported_by_periodic_filing,True
sec::ANSS,0001013462,2017-06-19,2025-07-18,2017-06-19,2025-07-18,2951,32,2017-08-03,2025-04-30,available,supported_by_periodic_filing,True
sec::AON,0000315293,1996-04-23,,2013-01-02,2026-07-01,4928,55,2013-02-22,2026-05-01,available,supported_by_periodic_filing,True
sec::AOS,0000091142,2017-07-26,,2017-07-26,2026-07-01,3262,36,2017-08-08,2026-04-30,available,supported_by_periodic_filing,True
sec::APA,0000006769,1997-07-28,2021-03-02,2013-01-02,2021-03-02,2981,33,2013-03-01,2021-02-26,available,supported_by_periodic_filing,True
sec::APA,0001841666,2021-03-02,,2021-03-02,2026-07-01,1947,21,2021-05-07,2026-05-07,available,supported_by_periodic_filing,True
sec::APC,0000773910,1997-07-28,2019-08-09,2013-01-02,2019-08-09,2410,27,2013-02-19,2019-07-30,available,supported_by_periodic_filing,True
sec::APD,0000002969,1996-01-02,,2013-01-02,2026-07-01,4928,54,2013-01-25,2026-04-30,available,supported_by_periodic_filing,True
sec::APH,0000820313,2008-09-30,,2013-01-02,2026-07-01,4928,55,2013-02-22,2026-05-01,available,supported_by_periodic_filing,True
sec::APO,0001858681,2024-12-23,,2024-12-23,2026-07-01,555,6,2025-02-24,2026-05-07,available,supported_by_periodic_filing,True
sec::APP,0001751008,2025-09-22,,2025-09-22,2026-07-01,282,3,2025-11-05,2026-05-06,available,supported_by_periodic_filing,True
sec::APTV,0001521332,2012-12-24,,2013-01-02,2026-07-01,4928,55,2013-02-11,2026-05-05,available,supported_by_periodic_filing,True
sec::ARE,0001035443,2017-03-20,,2017-03-20,2026-07-01,3390,37,2017-05-02,2026-04-27,available,supported_by_periodic_filing,True
sec::ARES,0001176948,2025-12-11,,2025-12-11,2026-07-01,202,2,2026-02-25,2026-05-08,available,supported_by_periodic_filing,True
sec::ARG,0000804212,2009-09-09,2016-05-23,2013-01-02,2016-05-23,1237,14,2013-02-08,2016-05-10,available,supported_by_periodic_filing,True
sec::ATI,0001018963,1996-01-02,2015-07-02,2013-01-02,2015-07-02,911,10,2013-02-28,2015-05-04,available,supported_by_periodic_filing,True
sec::ATO,0000731802,2019-02-15,,2019-02-15,2026-07-01,2693,29,2019-05-07,2026-05-06,available,supported_by_periodic_filing,True
sec::ATVI,0000718877,2015-08-31,2023-10-18,2015-08-31,2023-10-18,2970,32,2015-11-06,2023-07-31,available,supported_by_periodic_filing,True
sec::AVB,0000915912,2007-01-10,,2013-01-02,2026-07-01,4928,55,2013-02-22,2026-05-07,available,supported_by_periodic_filing,True
sec::AVGO,0001441634,2014-05-08,2016-02-01,2014-05-08,2016-02-01,634,7,2014-06-10,2015-12-17,available,supported_by_periodic_filing,True
sec::AVGO,0001649338,2016-02-01,2018-04-05,2016-02-01,2018-04-05,794,9,2016-03-10,2018-03-15,available,supported_by_periodic_filing,True
sec::AVGO,0001730168,2018-04-05,,2018-04-05,2026-07-01,3009,33,2018-06-14,2026-06-09,available,supported_by_periodic_filing,True
sec::AVP,0000008868,1996-01-02,2015-03-23,2013-01-02,2015-03-23,810,10,2013-02-28,2015-02-24,available,supported_by_periodic_filing,True
sec::AVY,0000008818,1996-01-02,,2013-01-02,2026-07-01,4928,54,2013-02-27,2026-05-05,available,supported_by_periodic_filing,True
sec::AWK,0001410636,2016-03-04,,2016-03-04,2026-07-01,3771,41,2016-05-04,2026-04-29,available,supported_by_periodic_filing,True
sec::AXON,0001069183,2023-05-04,,2023-05-04,2026-07-01,1154,14,2023-05-09,2026-05-07,available,supported_by_periodic_filing,True
sec::AXP,0000004962,1996-01-02,,2013-01-02,2026-07-01,4928,54,2013-02-22,2026-04-23,available,supported_by_periodic_filing,True
sec::AYI,0001144215,2016-05-03,2018-06-18,2016-05-03,2018-06-18,776,8,2016-06-29,2018-04-04,available,supported_by_periodic_filing,True
sec::AZO,0000866787,1997-01-02,,2013-01-02,2026-07-01,4928,54,2013-03-07,2026-06-12,available,supported_by_periodic_filing,True
sec::BA,0000012927,1996-01-02,,2013-01-02,2026-07-01,4928,55,2013-02-11,2026-04-22,available,supported_by_periodic_filing,True
sec::BAC,0000070858,1996-01-02,,2013-01-02,2026-07-01,4928,54,2013-02-28,2026-05-01,available,supported_by_periodic_filing,True
sec::BALL,0000009389,1996-01-02,,2013-01-02,2026-07-01,4928,54,2013-02-22,2026-05-05,available,supported_by_periodic_filing,True
sec::BAX,0000010456,1996-01-02,,2013-01-02,2026-07-01,4928,54,2013-02-21,2026-04-30,available,supported_by_periodic_filing,True
sec::BBBY,0000886158,1999-10-01,2017-07-26,2013-01-02,2017-07-26,1666,19,2013-01-02,2017-06-30,available,supported_by_periodic_filing,True
sec::BBT,0000092230,1997-12-04,2019-12-09,2013-01-02,2019-12-09,2532,29,2013-03-01,2019-10-25,available,supported_by_periodic_filing,True
sec::BBWI,0000701985,1996-01-02,2024-10-01,2013-01-02,2024-10-01,4290,47,2013-03-22,2024-08-28,available,supported_by_periodic_filing,True
sec::BBY,0000764478,1999-06-30,,2013-01-02,2026-07-01,4928,53,2013-06-07,2026-06-05,available,supported_by_periodic_filing,True
sec::BCR,0000009892,1996-01-02,2017-12-29,2013-01-02,2017-12-29,1822,20,2013-02-20,2017-10-26,available,supported_by_periodic_filing,True
sec::BDX,0000010795,1996-01-02,,2013-01-02,2026-07-01,4928,54,2013-02-07,2026-05-07,available,supported_by_periodic_filing,True
sec::BEN,0000038777,1998-04-29,,2013-01-02,2026-07-01,4928,54,2013-02-01,2026-04-28,available,supported_by_periodic_filing,True
sec::BF-B,0000014693,1996-01-02,,2013-01-02,2026-07-01,4928,55,2013-03-06,2026-06-12,available,supported_by_periodic_filing,True
sec::BFH,0001101215,2013-12-23,2020-06-22,2013-12-23,2020-06-22,2373,26,2014-02-28,2020-05-06,available,supported_by_periodic_filing,True
sec::BG,0001996862,2023-03-15,,2023-03-15,2026-07-01,1204,10,2024-02-22,2026-04-29,available,supported_by_periodic_filing,True
sec::BHF,0001685040,2017-08-07,2019-04-02,2017-08-07,2019-04-02,603,7,2017-08-15,2019-02-26,available,supported_by_periodic_filing,True
sec::BIIB,0000875045,2003-11-13,,2013-01-02,2026-07-01,4928,54,2013-02-05,2026-04-29,available,supported_by_periodic_filing,True
sec::BIO,0000012208,2020-06-22,2024-09-23,2020-06-22,2024-09-23,1554,17,2020-07-31,2024-08-02,available,supported_by_periodic_filing,True
sec::BKNG,0001075531,2009-11-06,,2013-01-02,2026-07-01,4928,55,2013-02-27,2026-04-28,available,supported_by_periodic_filing,True
sec::BKR,0000808362,1996-01-02,2017-07-04,2013-01-02,2017-07-04,1644,19,2013-02-13,2017-04-28,available,supported_by_periodic_filing,True
sec::BKR,0001701605,2017-07-04,,2017-07-04,2026-07-01,3284,36,2017-07-28,2026-04-24,available,supported_by_periodic_filing,True
sec::BLDR,0001316835,2023-12-18,,2023-12-18,2026-07-01,926,10,2024-02-22,2026-04-30,available,supported_by_periodic_filing,True
sec::BLK,0001364742,2011-04-04,2024-10-01,2013-01-02,2024-10-01,4290,47,2013-03-01,2024-08-06,available,supported_by_periodic_filing,True
sec::BLK,0002012383,2024-10-01,,2024-10-01,2026-07-01,638,7,2024-11-06,2026-05-06,available,supported_by_periodic_filing,True
sec::BMS,0000011199,1996-01-02,2014-12-05,2013-01-02,2014-12-05,702,8,2013-02-28,2014-10-31,available,supported_by_periodic_filing,True
sec::BMY,0000014272,1996-01-02,,2013-01-02,2026-07-01,4928,55,2013-02-15,2026-04-30,available,supported_by_periodic_filing,True
sec::BNY,0001390777,1996-01-02,,2013-01-02,2026-07-01,4928,55,2013-02-28,2026-05-01,available,supported_by_periodic_filing,True
sec::BR,0001383312,2018-06-18,,2018-06-18,2026-07-01,2935,32,2018-08-07,2026-04-30,available,supported_by_periodic_filing,True
sec::BRCM,0001054374,2000-07-03,2016-02-01,2013-01-02,2016-02-01,1125,12,2013-01-30,2015-10-26,available,supported_by_periodic_filing,True
sec::BRK-B,0001067983,2010-02-16,,2013-01-02,2026-07-01,4928,54,2013-03-01,2026-05-04,available,supported_by_periodic_filing,True
sec::BRO,0000079282,2021-09-20,,2021-09-20,2026-07-01,1745,19,2021-10-26,2026-04-27,available,supported_by_periodic_filing,True
sec::BSX,0000885725,1996-01-02,,2013-01-02,2026-07-01,4928,58,2013-02-22,2026-05-01,available,supported_by_periodic_filing,True
sec::BTUUQ,0001064728,2006-11-20,2014-09-22,2013-01-02,2014-09-22,628,7,2013-02-25,2014-08-08,available,supported_by_periodic_filing,True
sec::BWA,0000908255,2011-12-19,2025-03-24,2013-01-02,2025-03-24,4464,51,2013-02-14,2025-02-06,available,supported_by_periodic_filing,True
sec::BX,0001393818,2023-09-18,,2023-09-18,2026-07-01,1017,11,2023-11-03,2026-05-08,available,supported_by_periodic_filing,True
sec::BXLT,0001620546,2015-07-01,2016-06-03,2015-07-01,2016-06-03,338,4,2015-08-13,2016-05-09,available,supported_by_periodic_filing,True
sec::BXP,0001037540,2006-04-03,,2013-01-02,2026-07-01,4928,55,2013-02-28,2026-05-07,available,supported_by_periodic_filing,True
sec::C,0000831001,1996-01-02,,2013-01-02,2026-07-01,4928,54,2013-03-01,2026-05-07,available,supported_by_periodic_filing,True
sec::CA,0000356028,1996-01-02,2018-11-06,2013-01-02,2018-11-06,2134,23,2013-01-24,2018-08-07,available,supported_by_periodic_filing,True
sec::CAG,0000023217,1996-01-02,2026-06-30,2013-01-02,2026-06-30,4927,53,2013-04-03,2026-04-01,available,supported_by_periodic_filing,True
sec::CAH,0000721371,1997-05-27,,2013-01-02,2026-07-01,4928,54,2013-02-06,2026-04-30,available,supported_by_periodic_filing,True
sec::CAM,0000941548,2008-01-29,2016-04-04,2013-01-02,2016-04-04,1188,14,2013-02-22,2016-04-01,available,supported_by_periodic_filing,True
sec::CARR,0001783180,2020-04-03,,2020-04-03,2026-07-01,2280,25,2020-05-11,2026-04-30,available,supported_by_periodic_filing,True
sec::CASY,0000726958,2026-04-09,,2026-04-09,2026-07-01,83,1,2026-06-22,2026-06-22,available,supported_by_periodic_filing,True
sec::CAT,0000018230,1996-01-02,,2013-01-02,2026-07-01,4928,54,2013-02-19,2026-05-06,available,supported_by_periodic_filing,True
sec::CB,0000896159,1996-01-02,,2013-01-02,2026-07-01,4928,54,2013-02-28,2026-04-28,available,supported_by_periodic_filing,True
sec::CBOE,0001374310,2017-03-01,,2017-03-01,2026-07-01,3409,37,2017-05-11,2026-05-01,available,supported_by_periodic_filing,True
sec::CBRE,0001138118,2006-11-10,,2013-01-02,2026-07-01,4928,55,2013-03-01,2026-04-23,available,supported_by_periodic_filing,True
sec::CCE,0001491675,2010-10-02,2016-05-28,2013-01-02,2016-05-28,1242,14,2013-02-08,2016-04-28,available,supported_by_periodic_filing,True
sec::CCEP,0001491675,2016-01-04,2016-05-31,2016-01-04,2016-05-31,148,2,2016-02-11,2016-04-28,available,supported_by_periodic_filing,True
sec::CCI,0001051470,2012-03-13,,2013-01-02,2026-07-01,4928,54,2013-02-12,2026-05-07,available,supported_by_periodic_filing,True
sec::CCL,0000815097,1998-12-22,,2013-01-02,2026-07-01,4928,57,2013-01-29,2026-06-26,available,supported_by_periodic_filing,True
sec::CDNS,0000813672,2017-09-18,,2017-09-18,2026-07-01,3208,36,2017-10-26,2026-05-01,available,supported_by_periodic_filing,True
sec::CDW,0001402057,2019-09-23,,2019-09-23,2026-07-01,2473,27,2019-10-31,2026-05-06,available,supported_by_periodic_filing,True
sec::CE,0001306830,2018-12-24,2025-03-24,2018-12-24,2025-03-24,2282,25,2019-02-07,2025-02-21,available,supported_by_periodic_filing,True
sec::CEG,0001868275,2022-02-02,,2022-02-02,2026-07-01,1610,18,2022-02-25,2026-05-11,available,supported_by_periodic_filing,True
sec::CELG,0000816284,2006-11-06,2019-11-21,2013-01-02,2019-11-21,2514,29,2013-02-15,2019-10-31,available,supported_by_periodic_filing,True
sec::CERN,0000804753,2010-04-30,2022-06-08,2013-01-02,2022-06-08,3444,38,2013-02-08,2022-05-03,available,supported_by_periodic_filing,True
sec::CF,0001324404,2008-08-27,,2013-01-02,2026-07-01,4928,54,2013-02-27,2026-05-07,available,supported_by_periodic_filing,True
sec::CFG,0000759944,2016-02-01,,2016-02-01,2026-07-01,3803,43,2016-02-26,2026-05-04,available,supported_by_periodic_filing,True
sec::CFN,0001457543,2009-09-01,2015-03-17,2013-01-02,2015-03-17,804,11,2013-01-31,2015-02-06,available,supported_by_periodic_filing,True
sec::CHD,0000313927,2015-12-29,,2015-12-29,2026-07-01,3837,42,2016-02-19,2026-05-01,available,supported_by_periodic_filing,True
sec::CHK,0000895126,2006-03-03,2018-03-19,2013-01-02,2018-03-19,1902,23,2013-03-01,2018-02-22,available,supported_by_periodic_filing,True
sec::CHRW,0001043277,2007-03-02,,2013-01-02,2026-07-01,4928,55,2013-03-01,2026-05-01,available,supported_by_periodic_filing,True
sec::CHTR,0001091667,2016-09-08,,2016-09-08,2026-07-01,3583,39,2016-11-03,2026-04-24,available,supported_by_periodic_filing,True
sec::CI,0000701221,1996-01-02,2018-12-20,2013-01-02,2018-12-20,2178,24,2013-02-28,2018-11-01,available,supported_by_periodic_filing,True
sec::CI,0001739940,2018-12-20,,2018-12-20,2026-07-01,2750,30,2019-02-28,2026-04-30,available,supported_by_periodic_filing,True
sec::CIEN,0000936395,2026-02-09,,2026-02-09,2026-07-01,142,2,2026-03-05,2026-06-04,available,supported_by_periodic_filing,True
sec::CINF,0000020286,1997-12-18,,2013-01-02,2026-07-01,4928,54,2013-02-27,2026-04-27,available,supported_by_periodic_filing,True
sec::CL,0000021665,1996-01-02,,2013-01-02,2026-07-01,4928,55,2013-02-21,2026-05-01,available,supported_by_periodic_filing,True
sec::CLX,0000021076,1996-01-02,,2013-01-02,2026-07-01,4928,55,2013-02-05,2026-04-30,available,supported_by_periodic_filing,True
sec::CMA,0000028412,1996-01-02,2024-06-24,2013-01-02,2024-06-24,4191,46,2013-02-19,2024-04-26,available,supported_by_periodic_filing,True
sec::CMCSA,0001166691,1996-01-02,,2013-01-02,2026-07-01,4928,54,2013-02-21,2026-04-23,available,supported_by_periodic_filing,True
sec::CMCSK,0001166691,2015-09-21,2015-12-14,2015-09-21,2015-12-14,84,1,2015-10-27,2015-10-27,available,supported_by_periodic_filing,True
sec::CME,0001156375,2006-08-11,,2013-01-02,2026-07-01,4928,55,2013-03-01,2026-04-24,available,supported_by_periodic_filing,True
sec::CMG,0001058090,2011-04-28,,2013-01-02,2026-07-01,4928,54,2013-02-08,2026-04-30,available,supported_by_periodic_filing,True
sec::CMI,0000026172,1996-01-02,,2013-01-02,2026-07-01,4928,54,2013-02-20,2026-05-05,available,supported_by_periodic_filing,True
sec::CMS,0000811156,1999-05-03,,2013-01-02,2026-07-01,4928,54,2013-02-21,2026-04-28,available,supported_by_periodic_filing,True
sec::CNC,0001071739,2016-03-30,,2016-03-30,2026-07-01,3745,41,2016-04-26,2026-04-28,available,supported_by_periodic_filing,True
sec::CNP,0001130310,1996-01-02,,2013-01-02,2026-07-01,4928,55,2013-02-27,2026-04-23,available,supported_by_periodic_filing,True
sec::CNX,0001070412,2006-06-28,2016-03-04,2013-01-02,2016-03-04,1157,14,2013-02-07,2016-02-05,available,supported_by_periodic_filing,True
sec::COF,0000927628,1998-07-01,,2013-01-02,2026-07-01,4928,54,2013-02-28,2026-05-07,available,supported_by_periodic_filing,True
sec::COHR,0000820318,2026-03-23,,2026-03-23,2026-07-01,100,1,2026-05-06,2026-05-06,available,supported_by_periodic_filing,True
sec::COIN,0001679788,2025-05-19,,2025-05-19,2026-07-01,408,4,2025-07-31,2026-05-07,available,supported_by_periodic_filing,True
sec::COL,0001137411,2001-07-02,2018-11-27,2013-01-02,2018-11-27,2155,24,2013-01-18,2018-11-26,available,supported_by_periodic_filing,True
sec::COO,0000711404,2016-09-23,,2016-09-23,2026-07-01,3568,39,2016-12-22,2026-06-05,available,supported_by_periodic_filing,True
sec::COP,0001163165,1996-01-02,,2013-01-02,2026-07-01,4928,55,2013-02-19,2026-04-30,available,supported_by_periodic_filing,True
sec::COR,0001140859,2001-08-30,,2013-01-02,2026-07-01,4928,54,2013-02-08,2026-05-06,available,supported_by_periodic_filing,True
sec::COST,0000909832,1996-01-02,,2013-01-02,2026-07-01,4928,57,2013-03-20,2026-06-03,available,supported_by_periodic_filing,True
sec::COTY,0001024305,2016-10-03,2020-09-21,2016-10-03,2020-09-21,1449,16,2016-11-09,2020-08-27,available,supported_by_periodic_filing,True
sec::COV,0001385187,2011-03-01,2015-01-27,2013-01-02,2015-01-27,755,10,2013-02-04,2015-01-23,available,supported_by_periodic_filing,True
sec::CPAY,0001175454,2018-06-20,,2018-06-20,2026-07-01,2933,33,2018-08-09,2026-05-08,available,supported_by_periodic_filing,True
sec::CPB,0000016732,1996-01-02,2026-06-22,2013-01-02,2026-06-22,4919,54,2013-03-07,2026-06-08,available,supported_by_periodic_filing,True
sec::CPGX,0001629995,2015-07-02,2016-07-01,2015-07-02,2016-07-01,365,5,2015-08-03,2016-05-03,available,supported_by_periodic_filing,True
sec::CPRI,0001530721,2013-11-13,2020-05-12,2013-11-13,2020-05-12,2372,25,2014-02-06,2020-02-05,available,supported_by_periodic_filing,True
sec::CPRT,0000900075,2018-07-02,,2018-07-02,2026-07-01,2921,32,2018-10-01,2026-05-29,available,supported_by_periodic_filing,True
sec::CPT,0000906345,2022-04-04,,2022-04-04,2026-07-01,1549,17,2022-04-29,2026-05-01,available,supported_by_periodic_filing,True
sec::CRH,0000849395,2025-12-22,,2025-12-22,2026-07-01,191,2,2026-02-18,2026-04-30,available,supported_by_periodic_filing,True
sec::CRL,0001100682,2021-05-14,,2021-05-14,2026-07-01,1874,20,2021-08-04,2026-05-07,available,supported_by_periodic_filing,True
sec::CRM,0001108524,2008-09-15,,2013-01-02,2026-07-01,4928,54,2013-03-08,2026-05-28,available,supported_by_periodic_filing,True
sec::CRWD,0001535527,2024-06-24,,2024-06-24,2026-07-01,737,8,2024-08-29,2026-06-04,available,supported_by_periodic_filing,True
sec::CSCO,0000858877,1996-01-02,,2013-01-02,2026-07-01,4928,54,2013-02-19,2026-05-19,available,supported_by_periodic_filing,True
sec::CSGP,0001057352,2022-09-19,,2022-09-19,2026-07-01,1381,15,2022-10-26,2026-04-29,available,supported_by_periodic_filing,True
sec::CSRA,0001646383,2015-11-30,2018-04-04,2015-11-30,2018-04-04,856,10,2015-12-04,2018-02-07,available,supported_by_periodic_filing,True
sec::CSX,0000277948,1996-01-02,,2013-01-02,2026-07-01,4928,54,2013-02-19,2026-04-22,available,supported_by_periodic_filing,True
sec::CTAS,0000723254,2001-03-01,,2013-01-02,2026-07-01,4928,54,2013-01-09,2026-04-07,available,supported_by_periodic_filing,True
sec::CTLT,0001596783,2020-09-21,2024-12-23,2020-09-21,2024-12-23,1554,19,2020-11-03,2024-11-05,available,supported_by_periodic_filing,True
sec::CTRA,0000858470,2008-06-23,2026-05-07,2013-01-02,2026-05-07,4873,56,2013-02-28,2026-05-06,available,supported_by_periodic_filing,True
sec::CTSH,0001058290,2006-11-17,,2013-01-02,2026-07-01,4928,54,2013-02-26,2026-04-29,available,supported_by_periodic_filing,True
sec::CTVA,0001755672,2019-06-03,,2019-06-03,2026-07-01,2585,28,2019-08-06,2026-05-06,available,supported_by_periodic_filing,True
sec::CTXS,0000877890,1999-12-01,2022-10-03,2013-01-02,2022-10-03,3561,41,2013-02-21,2022-07-26,available,supported_by_periodic_filing,True
sec::CVC,0001053112,2010-12-20,2016-06-21,2013-01-02,2016-06-21,1266,15,2013-02-28,2016-05-05,available,supported_by_periodic_filing,True
sec::CVNA,0001690820,2025-12-22,,2025-12-22,2026-07-01,191,2,2026-02-18,2026-04-29,available,supported_by_periodic_filing,True
sec::CVS,0000064803,1996-01-02,,2013-01-02,2026-07-01,4928,54,2013-02-15,2026-05-06,available,supported_by_periodic_filing,True
sec::CVX,0000093410,1996-01-02,,2013-01-02,2026-07-01,4928,55,2013-02-22,2026-05-07,available,supported_by_periodic_filing,True
sec::CXO,0001358071,2016-02-22,2021-01-21,2016-02-22,2021-01-21,1795,20,2016-02-25,2020-10-27,available,supported_by_periodic_filing,True
sec::CZR,0001590895,2021-03-22,2025-09-22,2021-03-22,2025-09-22,1645,18,2021-05-05,2025-07-29,available,supported_by_periodic_filing,True
sec::D,0000715957,1996-01-02,,2013-01-02,2026-07-01,4928,54,2013-02-28,2026-05-01,available,supported_by_periodic_filing,True
sec::DAL,0000027904,2013-09-11,,2013-09-11,2026-07-01,4676,53,2013-10-23,2026-04-08,available,supported_by_periodic_filing,True
sec::DASH,0001792789,2025-03-24,,2025-03-24,2026-07-01,464,6,2025-05-07,2026-05-06,available,supported_by_periodic_filing,True
sec::DAY,0001725057,2021-09-20,2026-02-09,2021-09-20,2026-02-09,1603,20,2021-11-03,2025-10-29,available,supported_by_periodic_filing,True
sec::DD,0000030554,1996-01-02,2017-09-01,2013-01-02,2017-09-01,1703,19,2013-02-07,2017-07-25,available,supported_by_periodic_filing,True
sec::DD,0001666700,2019-06-03,,2019-06-03,2026-07-01,2585,28,2019-08-06,2026-05-05,available,supported_by_periodic_filing,True
sec::DDOG,0001561550,2025-07-09,,2025-07-09,2026-07-01,357,4,2025-08-08,2026-05-07,available,supported_by_periodic_filing,True
sec::DE,0000315189,1996-01-02,,2013-01-02,2026-07-01,4928,56,2013-02-28,2026-05-28,available,supported_by_periodic_filing,True
sec::DECK,0000910521,2024-03-18,,2024-03-18,2026-07-01,835,9,2024-05-24,2026-05-22,available,supported_by_periodic_filing,True
sec::DELL,0001571996,2024-09-23,,2024-09-23,2026-07-01,646,7,2024-12-10,2026-06-09,available,supported_by_periodic_filing,True
sec::DFS,0001393612,2007-07-02,2025-05-19,2013-01-02,2025-05-19,4520,55,2013-01-25,2025-04-30,available,supported_by_periodic_filing,True
sec::DG,0000029534,2012-12-03,,2013-01-02,2026-07-01,4928,54,2013-03-25,2026-06-02,available,supported_by_periodic_filing,True
sec::DGX,0001022079,2002-12-12,,2013-01-02,2026-07-01,4928,54,2013-02-27,2026-04-22,available,supported_by_periodic_filing,True
sec::DHI,0000882184,2005-07-05,,2013-01-02,2026-07-01,4928,54,2013-01-29,2026-04-23,available,supported_by_periodic_filing,True
sec::DHR,0000313616,1998-11-18,,2013-01-02,2026-07-01,4928,54,2013-02-22,2026-04-21,available,supported_by_periodic_filing,True
sec::DINO,0000048039,2018-06-18,2021-06-04,2018-06-18,2021-06-04,1082,12,2018-08-02,2021-05-05,available,supported_by_periodic_filing,True
sec::DIS,0001001039,1996-01-02,2019-03-20,2013-01-02,2019-03-20,2268,25,2013-02-05,2019-02-05,available,supported_by_periodic_filing,True
sec::DIS,0001744489,2019-03-20,,2019-03-20,2026-07-01,2660,31,2019-05-08,2026-05-06,available,supported_by_periodic_filing,True
sec::DISCK,0001437107,2014-08-07,2022-04-11,2014-08-07,2022-04-11,2804,30,2014-11-04,2022-02-24,available,supported_by_periodic_filing,True
sec::DISH,0001001082,2017-03-13,2023-06-20,2017-03-13,2023-06-20,2290,25,2017-05-01,2023-05-08,available,supported_by_periodic_filing,True
sec::DLR,0001297996,2016-05-18,,2016-05-18,2026-07-01,3696,41,2016-08-09,2026-05-01,available,supported_by_periodic_filing,True
sec::DLTR,0000935703,2011-12-19,,2013-01-02,2026-07-01,4928,55,2013-03-15,2026-05-28,available,supported_by_periodic_filing,True
sec::DNB,0001115222,2008-12-02,2017-04-05,2013-01-02,2017-04-05,1554,17,2013-02-28,2017-02-23,available,supported_by_periodic_filing,True
sec::DNR,0000945764,2009-04-02,2015-03-23,2013-01-02,2015-03-23,810,9,2013-02-28,2015-02-27,available,supported_by_periodic_filing,True
sec::DO,0000949039,2009-02-26,2016-10-03,2013-01-02,2016-10-03,1370,15,2013-02-21,2016-08-01,available,supported_by_periodic_filing,True
sec::DOC,0000765880,2024-03-04,,2024-03-04,2026-07-01,849,9,2024-04-26,2026-05-06,available,supported_by_periodic_filing,True
sec::DOV,0000029905,1996-01-02,,2013-01-02,2026-07-01,4928,55,2013-02-15,2026-04-23,available,supported_by_periodic_filing,True
sec::DOW,0000029915,1996-01-02,2017-09-01,2013-01-02,2017-09-01,1703,19,2013-02-15,2017-07-27,available,supported_by_periodic_filing,True
sec::DOW,0001751788,2019-04-02,,2019-04-02,2026-07-01,2647,29,2019-05-03,2026-04-24,available,supported_by_periodic_filing,True
sec::DPZ,0001286681,2020-05-12,,2020-05-12,2026-07-01,2241,24,2020-07-16,2026-04-27,available,supported_by_periodic_filing,True
sec::DRE,0000783280,2017-07-26,2022-10-03,2017-07-26,2022-10-03,1895,21,2017-08-02,2022-08-08,available,supported_by_periodic_filing,True
sec::DRI,0000940944,1996-01-02,,2013-01-02,2026-07-01,4928,55,2013-01-02,2026-03-27,available,supported_by_periodic_filing,True
sec::DTE,0000936340,1996-01-02,,2013-01-02,2026-07-01,4928,54,2013-02-20,2026-04-30,available,supported_by_periodic_filing,True
sec::DTV,0001465112,2009-11-20,2015-07-25,2013-01-02,2015-07-25,934,13,2013-02-21,2015-06-04,available,supported_by_periodic_filing,True
sec::DUK,0001326160,1996-01-02,,2013-01-02,2026-07-01,4928,57,2013-03-01,2026-05-05,available,supported_by_periodic_filing,True
sec::DVA,0000927066,2008-07-31,,2013-01-02,2026-07-01,4928,56,2013-03-01,2026-05-05,available,supported_by_periodic_filing,True
sec::DVN,0001090012,2000-08-30,,2013-01-02,2026-07-01,4928,55,2013-02-21,2026-05-06,available,supported_by_periodic_filing,True
sec::DWDP,0001666700,2017-09-01,2019-06-03,2017-09-01,2019-06-03,640,7,2017-11-06,2019-05-03,available,supported_by_periodic_filing,True
sec::DXC,0000023082,1996-01-02,2015-12-01,2013-01-02,2015-12-01,1063,13,2013-02-06,2015-11-10,available,supported_by_periodic_filing,True
sec::DXC,0001688568,2017-04-04,2023-10-02,2017-04-04,2023-10-02,2372,25,2017-08-09,2023-08-03,available,supported_by_periodic_filing,True
sec::DXCM,0001093557,2020-05-12,,2020-05-12,2026-07-01,2241,24,2020-07-28,2026-04-30,available,supported_by_periodic_filing,True
sec::EA,0000712515,2002-07-22,,2013-01-02,2026-07-01,4928,55,2013-02-05,2026-05-11,available,supported_by_periodic_filing,True
sec::EBAY,0001065088,2002-07-22,,2013-01-02,2026-07-01,4928,61,2013-02-01,2026-04-29,available,supported_by_periodic_filing,True
sec::ECHO,0001415404,2026-03-23,,2026-03-23,2026-07-01,100,2,2026-04-30,2026-05-11,available,supported_by_periodic_filing,True
sec::ECL,0000031462,1996-01-02,,2013-01-02,2026-07-01,4928,55,2013-02-26,2026-05-07,available,supported_by_periodic_filing,True
sec::ED,0001047862,1996-01-02,,2013-01-02,2026-07-01,4928,54,2013-02-21,2026-05-07,available,supported_by_periodic_filing,True
sec::EFX,0000033185,1997-06-19,,2013-01-02,2026-07-01,4928,54,2013-02-22,2026-04-21,available,supported_by_periodic_filing,True
sec::EG,0001095073,2017-06-19,,2017-06-19,2026-07-01,3299,36,2017-08-09,2026-05-05,available,supported_by_periodic_filing,True
sec::EIX,0000827052,1996-01-02,,2013-01-02,2026-07-01,4928,55,2013-02-26,2026-04-28,available,supported_by_periodic_filing,True
sec::EL,0001001250,2006-01-05,,2013-01-02,2026-07-01,4928,54,2013-02-06,2026-05-01,available,supported_by_periodic_filing,True
sec::ELV,0001156039,2002-07-25,,2013-01-02,2026-07-01,4928,55,2013-02-22,2026-04-22,available,supported_by_periodic_filing,True
sec::EMC,0000790070,1996-03-28,2016-09-07,2013-01-02,2016-09-07,1344,16,2013-02-27,2016-08-08,available,supported_by_periodic_filing,True
sec::EME,0000105634,2025-09-22,,2025-09-22,2026-07-01,282,3,2025-10-30,2026-04-29,available,supported_by_periodic_filing,True
sec::EMN,0000915389,1996-01-02,2025-11-04,2013-01-02,2025-11-04,4689,52,2013-02-28,2025-08-01,available,supported_by_periodic_filing,True
sec::EMR,0000032604,1996-01-02,,2013-01-02,2026-07-01,4928,54,2013-02-06,2026-05-05,available,supported_by_periodic_filing,True
sec::ENDP,0001593034,2015-01-27,2017-03-02,2015-01-27,2017-03-02,765,10,2015-03-02,2017-03-01,available,supported_by_periodic_filing,True
sec::ENPH,0001463101,2021-01-07,2025-09-22,2021-01-07,2025-09-22,1719,19,2021-02-16,2025-07-22,available,supported_by_periodic_filing,True
sec::EOG,0000821189,2000-11-02,,2013-01-02,2026-07-01,4928,54,2013-02-22,2026-05-05,available,supported_by_periodic_filing,True
sec::EPAM,0001352010,2021-12-14,2026-06-02,2021-12-14,2026-06-02,1631,18,2022-02-25,2026-05-07,available,supported_by_periodic_filing,True
sec::EQIX,0001101239,2015-03-23,,2015-03-23,2026-07-01,4118,46,2015-05-01,2026-04-29,available,supported_by_periodic_filing,True
sec::EQR,0000931182,2001-12-03,,2013-01-02,2026-07-01,4928,54,2013-02-21,2026-04-30,available,supported_by_periodic_filing,True
sec::EQT,0000033213,2008-12-19,,2013-01-02,2026-07-01,4928,57,2013-02-21,2026-04-22,available,supported_by_periodic_filing,True
sec::ERIE,0000922621,2024-09-23,,2024-09-23,2026-07-01,646,7,2024-10-31,2026-04-23,available,supported_by_periodic_filing,True
sec::ES,0000072741,2009-03-17,,2013-01-02,2026-07-01,4928,54,2013-02-28,2026-05-07,available,supported_by_periodic_filing,True
sec::ESRX,0001532063,2003-09-26,2018-12-21,2013-01-02,2018-12-21,2179,24,2013-02-19,2018-10-31,available,supported_by_periodic_filing,True
sec::ESS,0000920522,2014-04-02,,2014-04-02,2026-07-01,4473,49,2014-05-12,2026-04-29,available,supported_by_periodic_filing,True
sec::ESV,0000314808,2012-07-31,2016-03-30,2013-01-02,2016-03-30,1183,13,2013-02-22,2016-02-25,available,supported_by_periodic_filing,True
sec::ETFC,0001015780,2004-04-01,2020-10-07,2013-01-02,2020-10-07,2835,32,2013-02-26,2020-08-05,available,supported_by_periodic_filing,True
sec::ETN,0001551182,1996-01-02,,2013-01-02,2026-07-01,4928,54,2013-02-28,2026-05-05,available,supported_by_periodic_filing,True
sec::ETR,0000065984,1996-01-02,,2013-01-02,2026-07-01,4928,54,2013-02-27,2026-05-01,available,supported_by_periodic_filing,True
sec::ETSY,0001370637,2020-09-21,2024-09-23,2020-09-21,2024-09-23,1463,16,2020-10-29,2024-08-01,available,supported_by_periodic_filing,True
sec::EVHC,0001678531,2016-12-02,2018-10-11,2016-12-02,2018-10-11,678,8,2017-03-01,2018-08-07,available,supported_by_periodic_filing,True
sec::EVRG,0001711269,2018-06-05,,2018-06-05,2026-07-01,2948,32,2018-08-08,2026-05-07,available,supported_by_periodic_filing,True
sec::EW,0001099800,2011-04-01,,2013-01-02,2026-07-01,4928,54,2013-02-28,2026-05-06,available,supported_by_periodic_filing,True
sec::EXC,0001109357,1996-01-02,,2013-01-02,2026-07-01,4928,54,2013-02-22,2026-05-06,available,supported_by_periodic_filing,True
sec::EXE,0000895126,2025-03-24,,2025-03-24,2026-07-01,464,5,2025-04-29,2026-04-28,available,supported_by_periodic_filing,True
sec::EXPD,0000746515,2007-10-10,,2013-01-02,2026-07-01,4928,54,2013-02-27,2026-05-06,available,supported_by_periodic_filing,True
sec::EXPE,0001324424,2007-10-02,,2013-01-02,2026-07-01,4928,59,2013-02-06,2026-05-08,available,supported_by_periodic_filing,True
sec::EXR,0001289490,2016-01-19,,2016-01-19,2026-07-01,3816,43,2016-02-29,2026-05-01,available,supported_by_periodic_filing,True
sec::F,0000037996,1996-01-02,,2013-01-02,2026-07-01,4928,58,2013-02-19,2026-04-30,available,supported_by_periodic_filing,True
sec::FANG,0001539838,2018-12-03,,2018-12-03,2026-07-01,2767,31,2019-02-25,2026-05-06,available,supported_by_periodic_filing,True
sec::FAST,0000815556,2008-09-15,,2013-01-02,2026-07-01,4928,56,2013-02-07,2026-04-16,available,supported_by_periodic_filing,True
sec::FBIN,0001519751,2016-06-24,2022-12-19,2016-06-24,2022-12-19,2369,26,2016-08-04,2022-10-27,available,supported_by_periodic_filing,True
sec::FCPT,0001650132,2015-11-10,2015-11-17,2015-11-10,2015-11-17,7,0,,,available,short_interval_no_periodic_required,True
sec::FCX,0000831259,1996-01-02,,2013-01-02,2026-07-01,4928,57,2013-02-22,2026-05-08,available,supported_by_periodic_filing,True
sec::FDO,0000034408,2001-08-06,2015-07-07,2013-01-02,2015-07-07,916,12,2013-01-03,2015-07-01,available,supported_by_periodic_filing,True
sec::FDS,0001013237,2021-12-20,,2021-12-20,2026-07-01,1654,18,2022-01-03,2026-04-02,available,supported_by_periodic_filing,True
sec::FDX,0001048911,1996-01-02,,2013-01-02,2026-07-01,4928,55,2013-03-21,2026-03-19,available,supported_by_periodic_filing,True
sec::FDXF,0002082247,2026-06-01,,2026-06-01,2026-07-01,30,0,,,available,short_interval_no_periodic_required,True
sec::FE,0001031296,1996-01-02,,2013-01-02,2026-07-01,4928,56,2013-02-25,2026-04-28,available,supported_by_periodic_filing,True
sec::FFIV,0001048695,2010-12-20,,2013-01-02,2026-07-01,4928,54,2013-02-07,2026-05-05,available,supported_by_periodic_filing,True
sec::FICO,0000814547,2023-03-20,,2023-03-20,2026-07-01,1199,14,2023-04-27,2026-04-28,available,supported_by_periodic_filing,True
sec::FIS,0001136893,2006-11-10,,2013-01-02,2026-07-01,4928,55,2013-02-26,2026-05-08,available,supported_by_periodic_filing,True
sec::FISV,0000798354,2001-04-02,,2013-01-02,2026-07-01,4928,54,2013-02-22,2026-05-06,available,supported_by_periodic_filing,True
sec::FITB,0000035527,1996-03-08,,2013-01-02,2026-07-01,4928,57,2013-02-22,2026-05-05,available,supported_by_periodic_filing,True
sec::FIX,0001035983,2025-12-22,,2025-12-22,2026-07-01,191,2,2026-02-19,2026-04-23,available,supported_by_periodic_filing,True
sec::FL,0000850209,2016-04-04,2019-08-09,2016-04-04,2019-08-09,1222,13,2016-06-08,2019-06-12,available,supported_by_periodic_filing,True
sec::FLEX,0000866374,2026-06-22,,2026-06-22,2026-07-01,9,0,,,available,short_interval_no_periodic_required,True
sec::FLIR,0000354908,2009-01-02,2021-05-14,2013-01-02,2021-05-14,3054,35,2013-03-01,2021-05-06,available,supported_by_periodic_filing,True
sec::FLR,0001124198,2000-12-22,2019-06-03,2013-01-02,2019-06-03,2343,26,2013-02-20,2019-05-02,available,supported_by_periodic_filing,True
sec::FLS,0000030625,2008-10-02,2021-03-22,2013-01-02,2021-03-22,3001,36,2013-02-21,2021-02-23,available,supported_by_periodic_filing,True
sec::FMC,0000037785,2009-08-19,2025-03-24,2013-01-02,2025-03-24,4464,49,2013-02-19,2025-02-28,available,supported_by_periodic_filing,True
sec::FOSL,0000883569,2012-04-04,2016-01-05,2013-01-02,2016-01-05,1098,12,2013-02-27,2015-11-12,available,supported_by_periodic_filing,True
sec::FOX,0001308161,2015-09-21,2019-03-19,2015-09-21,2019-03-19,1275,14,2015-11-04,2019-02-06,available,supported_by_periodic_filing,True
sec::FOX,0001754301,2019-03-19,,2019-03-19,2026-07-01,2661,29,2019-05-10,2026-05-11,available,supported_by_periodic_filing,True
sec::FOXA,0001308161,2004-12-20,2019-03-19,2013-01-02,2019-03-19,2267,25,2013-02-07,2019-02-06,available,supported_by_periodic_filing,True
sec::FOXA,0001754301,2019-03-19,,2019-03-19,2026-07-01,2661,29,2019-05-10,2026-05-11,available,supported_by_periodic_filing,True
sec::FRC,0001132979,2019-01-02,2023-05-04,2019-01-02,2023-05-04,1583,0,,,resolved_not_applicable,reviewed_source_not_applicable,True
sec::FRT,0000034903,2016-02-01,,2016-02-01,2026-07-01,3803,42,2016-02-09,2026-05-01,available,supported_by_periodic_filing,True
sec::FRX,0000038074,2000-11-22,2014-07-01,2013-01-02,2014-07-01,545,8,2013-02-07,2014-06-30,available,supported_by_periodic_filing,True
sec::FSLR,0001274494,2009-10-16,,2013-01-02,2026-07-01,4928,56,2013-02-27,2026-04-30,available,supported_by_periodic_filing,True
sec::FTI,0001135152,2009-06-05,2017-01-17,2013-01-02,2017-01-17,1476,16,2013-02-22,2016-10-27,available,supported_by_periodic_filing,True
sec::FTI,0001681459,2017-01-17,2021-02-12,2017-01-17,2021-02-12,1487,16,2017-05-04,2020-11-02,available,supported_by_periodic_filing,True
sec::FTNT,0001262039,2018-10-11,,2018-10-11,2026-07-01,2820,31,2018-11-07,2026-05-08,available,supported_by_periodic_filing,True
sec::FTR,0000020520,2001-02-27,2017-03-20,2013-01-02,2017-03-20,1538,17,2013-02-27,2017-03-01,available,supported_by_periodic_filing,True
sec::FTV,0001659166,2016-07-05,,2016-07-05,2026-07-01,3648,40,2016-08-02,2026-04-30,available,supported_by_periodic_filing,True
sec::GAP,0000039911,1996-01-02,2022-02-02,2013-01-02,2022-02-02,3318,39,2013-03-26,2021-11-24,available,supported_by_periodic_filing,True
sec::GAS,0001004155,2011-12-13,2016-07-01,2013-01-02,2016-07-01,1276,18,2013-02-06,2016-05-04,available,supported_by_periodic_filing,True
sec::GD,0000040533,1996-01-02,,2013-01-02,2026-07-01,4928,54,2013-02-08,2026-04-29,available,supported_by_periodic_filing,True
sec::GDDY,0001609711,2024-06-24,,2024-06-24,2026-07-01,737,8,2024-08-02,2026-05-01,available,supported_by_periodic_filing,True
sec::GE,0000040545,1996-01-02,,2013-01-02,2026-07-01,4928,56,2013-02-26,2026-04-21,available,supported_by_periodic_filing,True
sec::GEHC,0001932393,2023-01-04,,2023-01-04,2026-07-01,1274,14,2023-02-15,2026-04-29,available,supported_by_periodic_filing,True
sec::GEN,0000849399,2003-03-31,,2013-01-02,2026-07-01,4928,60,2013-01-29,2026-05-21,available,supported_by_periodic_filing,True
sec::GEV,0001996810,2024-04-02,,2024-04-02,2026-07-01,820,9,2024-04-30,2026-04-22,available,supported_by_periodic_filing,True
sec::GGP,0001496048,2013-12-10,2018-08-28,2013-12-10,2018-08-28,1722,19,2014-02-21,2018-07-31,available,supported_by_periodic_filing,True
sec::GHC,0000104889,2007-12-31,2014-09-22,2013-01-02,2014-09-22,628,7,2013-02-28,2014-08-06,available,supported_by_periodic_filing,True
sec::GILD,0000882095,2004-07-01,,2013-01-02,2026-07-01,4928,55,2013-02-27,2026-05-07,available,supported_by_periodic_filing,True
sec::GIS,0000040704,1996-01-02,,2013-01-02,2026-07-01,4928,53,2013-03-20,2026-03-18,available,supported_by_periodic_filing,True
sec::GL,0000320335,1996-01-02,,2013-01-02,2026-07-01,4928,55,2013-02-28,2026-05-07,available,supported_by_periodic_filing,True
sec::GLW,0000024741,1996-01-02,,2013-01-02,2026-07-01,4928,55,2013-02-13,2026-05-01,available,supported_by_periodic_filing,True
sec::GM,0001467858,2013-06-07,,2013-06-07,2026-07-01,4772,52,2013-07-25,2026-04-28,available,supported_by_periodic_filing,True
sec::GMCR,0000909954,2014-03-24,2016-03-03,2014-03-24,2016-03-03,710,10,2014-05-07,2016-02-01,available,supported_by_periodic_filing,True
sec::GME,0001326380,2007-12-14,2016-04-25,2013-01-02,2016-04-25,1209,14,2013-04-03,2016-03-29,available,supported_by_periodic_filing,True
sec::GNRC,0001474735,2021-03-22,,2021-03-22,2026-07-01,1927,21,2021-05-04,2026-05-05,available,supported_by_periodic_filing,True
sec::GNW,0001276520,2005-12-02,2015-11-18,2013-01-02,2015-11-18,1050,12,2013-02-28,2015-10-30,available,supported_by_periodic_filing,True
sec::GOOG,0001288776,2014-04-03,2015-10-02,2014-04-03,2015-10-02,547,6,2014-04-24,2015-07-23,available,supported_by_periodic_filing,True
sec::GOOG,0001652044,2015-10-02,,2015-10-02,2026-07-01,3925,45,2015-10-29,2026-04-30,available,supported_by_periodic_filing,True
sec::GOOGL,0001288776,2006-04-03,2015-10-02,2013-01-02,2015-10-02,1003,11,2013-01-29,2015-07-23,available,supported_by_periodic_filing,True
sec::GOOGL,0001652044,2015-10-02,,2015-10-02,2026-07-01,3925,45,2015-10-29,2026-04-30,available,supported_by_periodic_filing,True
sec::GPC,0000040987,1996-01-02,,2013-01-02,2026-07-01,4928,57,2013-02-26,2026-04-21,available,supported_by_periodic_filing,True
sec::GPN,0001123360,2016-04-25,,2016-04-25,2026-07-01,3719,40,2016-07-28,2026-05-08,available,supported_by_periodic_filing,True
sec::GRMN,0001121788,2012-12-12,,2013-01-02,2026-07-01,4928,56,2013-02-27,2026-04-29,available,supported_by_periodic_filing,True
sec::GS,0000886982,2002-07-22,,2013-01-02,2026-07-01,4928,56,2013-03-01,2026-05-01,available,supported_by_periodic_filing,True
sec::GT,0000042582,1996-01-02,2019-02-27,2013-01-02,2019-02-27,2247,26,2013-02-12,2019-02-08,available,supported_by_periodic_filing,True
sec::GWW,0000277135,1996-01-02,,2013-01-02,2026-07-01,4928,54,2013-02-28,2026-05-07,available,supported_by_periodic_filing,True
sec::HAL,0000045012,1996-01-02,,2013-01-02,2026-07-01,4928,54,2013-02-11,2026-04-24,available,supported_by_periodic_filing,True
sec::HAR,0000800459,2006-02-01,2017-03-13,2013-01-02,2017-03-13,1531,17,2013-01-31,2017-01-26,available,supported_by_periodic_filing,True
sec::HAS,0000046080,1996-01-02,,2013-01-02,2026-07-01,4928,56,2013-02-27,2026-05-13,available,supported_by_periodic_filing,True
sec::HBAN,0000049196,1997-08-06,,2013-01-02,2026-07-01,4928,55,2013-02-15,2026-04-30,available,supported_by_periodic_filing,True
sec::HBI,0001359841,2015-03-23,2021-12-20,2015-03-23,2021-12-20,2464,28,2015-05-01,2021-11-05,available,supported_by_periodic_filing,True
sec::HCA,0000860730,2015-01-27,,2015-01-27,2026-07-01,4173,46,2015-02-26,2026-04-29,available,supported_by_periodic_filing,True
sec::HCBK,0000921847,2007-02-15,2015-11-02,2013-01-02,2015-11-02,1034,15,2013-02-28,2015-08-07,available,supported_by_periodic_filing,True
sec::HD,0000354950,1996-01-02,,2013-01-02,2026-07-01,4928,54,2013-03-28,2026-05-27,available,supported_by_periodic_filing,True
sec::HES,0000004447,1996-01-02,2025-07-23,2013-01-02,2025-07-23,4585,50,2013-02-28,2025-05-08,available,supported_by_periodic_filing,True
sec::HIG,0000874766,1996-01-02,,2013-01-02,2026-07-01,4928,55,2013-03-01,2026-04-23,available,supported_by_periodic_filing,True
sec::HII,0001501585,2018-01-03,,2018-01-03,2026-07-01,3101,34,2018-02-15,2026-05-05,available,supported_by_periodic_filing,True
sec::HLT,0001585689,2017-06-19,,2017-06-19,2026-07-01,3299,36,2017-07-26,2026-04-28,available,supported_by_periodic_filing,True
sec::HOG,0000793952,2000-01-31,2020-06-22,2013-01-02,2020-06-22,2728,30,2013-02-22,2020-05-07,available,supported_by_periodic_filing,True
sec::HOLX,0000859737,2016-03-30,2026-04-09,2016-03-30,2026-04-09,3662,41,2016-04-27,2026-01-29,available,supported_by_periodic_filing,True
sec::HON,0000773840,1996-01-02,,2013-01-02,2026-07-01,4928,54,2013-02-15,2026-04-23,available,supported_by_periodic_filing,True
sec::HONA,0002089271,2026-06-29,,2026-06-29,2026-07-01,2,0,,,available,short_interval_no_periodic_required,True
sec::HOOD,0001783879,2025-09-22,,2025-09-22,2026-07-01,282,4,2025-11-06,2026-04-29,available,supported_by_periodic_filing,True
sec::HOT,0000316206,2000-11-17,2016-09-23,2013-01-02,2016-09-23,1360,16,2013-02-21,2016-07-29,available,supported_by_periodic_filing,True
sec::HP,0000046765,2010-03-01,2020-05-22,2013-01-02,2020-05-22,2697,32,2013-02-07,2020-05-04,available,supported_by_periodic_filing,True
sec::HPE,0001645590,2015-11-02,,2015-11-02,2026-07-01,3894,43,2015-12-17,2026-06-02,available,supported_by_periodic_filing,True
sec::HPQ,0000047217,1996-01-02,,2013-01-02,2026-07-01,4928,57,2013-03-11,2026-05-28,available,supported_by_periodic_filing,True
sec::HRB,0000012659,1996-01-02,2020-09-21,2013-01-02,2020-09-21,2819,31,2013-03-07,2020-09-03,available,supported_by_periodic_filing,True
sec::HRL,0000048465,2009-03-04,,2013-01-02,2026-07-01,4928,54,2013-03-08,2026-05-28,available,supported_by_periodic_filing,True
sec::HSIC,0001000228,2015-03-18,,2015-03-18,2026-07-01,4123,45,2015-05-04,2026-05-05,available,supported_by_periodic_filing,True
sec::HSP,0001274057,2004-05-03,2015-09-03,2013-01-02,2015-09-03,974,12,2013-01-18,2015-07-29,available,supported_by_periodic_filing,True
sec::HST,0001070750,2007-03-20,,2013-01-02,2026-07-01,4928,54,2013-02-25,2026-05-08,available,supported_by_periodic_filing,True
sec::HSY,0000047111,1996-01-02,,2013-01-02,2026-07-01,4928,57,2013-02-22,2026-04-30,available,supported_by_periodic_filing,True
sec::HUBB,0000048898,2023-10-18,,2023-10-18,2026-07-01,987,11,2023-11-01,2026-05-01,available,supported_by_periodic_filing,True
sec::HUM,0000049071,1996-01-02,,2013-01-02,2026-07-01,4928,56,2013-02-22,2026-04-29,available,supported_by_periodic_filing,True
sec::HWM,0000004281,1996-01-02,,2013-01-02,2026-07-01,4928,55,2013-02-15,2026-05-07,available,supported_by_periodic_filing,True
sec::IBKR,0001381197,2025-08-28,,2025-08-28,2026-07-01,307,4,2025-11-05,2026-05-07,available,supported_by_periodic_filing,True
sec::IBM,0000051143,1996-01-02,,2013-01-02,2026-07-01,4928,54,2013-02-26,2026-04-23,available,supported_by_periodic_filing,True
sec::ICE,0001571949,2007-09-26,,2013-01-02,2026-07-01,4928,57,2013-08-07,2026-04-30,available,supported_by_periodic_filing,True
sec::IDXX,0000874716,2017-01-05,,2017-01-05,2026-07-01,3464,38,2017-02-17,2026-05-05,available,supported_by_periodic_filing,True
sec::IEX,0000832101,2019-08-09,,2019-08-09,2026-07-01,2518,27,2019-10-30,2026-04-29,available,supported_by_periodic_filing,True
sec::IFF,0000051253,1996-01-02,,2013-01-02,2026-07-01,4928,54,2013-02-26,2026-05-05,available,supported_by_periodic_filing,True
sec::ILMN,0001110803,2015-11-19,2024-06-24,2015-11-19,2024-06-24,3140,34,2016-03-02,2024-05-03,available,supported_by_periodic_filing,True
sec::INCY,0000879169,2017-02-28,,2017-02-28,2026-07-01,3410,40,2017-03-17,2026-04-28,available,supported_by_periodic_filing,True
sec::INFO,0001598014,2017-06-02,2022-03-02,2017-06-02,2022-03-02,1734,19,2017-06-27,2022-01-24,available,supported_by_periodic_filing,True
sec::INTC,0000050863,1996-01-02,,2013-01-02,2026-07-01,4928,54,2013-02-19,2026-04-24,available,supported_by_periodic_filing,True
sec::INTU,0000896878,2000-12-11,,2013-01-02,2026-07-01,4928,54,2013-03-01,2026-05-20,available,supported_by_periodic_filing,True
sec::INVH,0001687229,2022-09-19,,2022-09-19,2026-07-01,1381,15,2022-10-27,2026-04-30,available,supported_by_periodic_filing,True
sec::IP,0000051434,1996-01-02,,2013-01-02,2026-07-01,4928,54,2013-02-26,2026-05-05,available,supported_by_periodic_filing,True
sec::IPG,0000051644,1996-01-02,2025-11-28,2013-01-02,2025-11-28,4713,52,2013-02-22,2025-11-10,available,supported_by_periodic_filing,True
sec::IPGP,0001111928,2018-03-07,2022-06-21,2018-03-07,2022-06-21,1567,17,2018-05-04,2022-05-05,available,supported_by_periodic_filing,True
sec::IQV,0001478242,2017-08-29,,2017-08-29,2026-07-01,3228,35,2017-10-27,2026-05-05,available,supported_by_periodic_filing,True
sec::IR,0001699150,2020-03-03,,2020-03-03,2026-07-01,2311,25,2020-05-15,2026-04-29,available,supported_by_periodic_filing,True
sec::IRM,0001020569,2009-01-06,,2013-01-02,2026-07-01,4928,54,2013-03-01,2026-04-30,available,supported_by_periodic_filing,True
sec::ISRG,0001035267,2008-06-02,,2013-01-02,2026-07-01,4928,54,2013-02-04,2026-04-22,available,supported_by_periodic_filing,True
sec::IT,0000749251,2017-04-05,,2017-04-05,2026-07-01,3374,37,2017-05-04,2026-05-05,available,supported_by_periodic_filing,True
sec::ITW,0000049826,1996-01-02,,2013-01-02,2026-07-01,4928,55,2013-02-19,2026-05-07,available,supported_by_periodic_filing,True
sec::IVZ,0000914208,2008-08-21,,2013-01-02,2026-07-01,4928,55,2013-02-22,2026-05-05,available,supported_by_periodic_filing,True
sec::J,0000052988,2007-10-26,,2013-01-02,2026-07-01,4928,54,2013-01-24,2026-05-05,available,supported_by_periodic_filing,True
sec::JBHT,0000728535,2015-07-01,,2015-07-01,2026-07-01,4018,45,2015-07-30,2026-04-24,available,supported_by_periodic_filing,True
sec::JBL,0000898293,2001-01-30,,2013-01-02,2026-07-01,4928,55,2013-01-08,2026-06-30,available,supported_by_periodic_filing,True
sec::JCI,0000833444,1996-01-02,,2013-01-02,2026-07-01,4928,54,2013-01-29,2026-05-06,available,supported_by_periodic_filing,True
sec::JEF,0000096223,2007-08-27,2019-09-26,2013-01-02,2019-09-26,2458,27,2013-02-25,2019-07-09,available,supported_by_periodic_filing,True
sec::JKHY,0000779152,2018-11-13,,2018-11-13,2026-07-01,2787,30,2019-02-07,2026-05-07,available,supported_by_periodic_filing,True
sec::JNJ,0000200406,1996-01-02,,2013-01-02,2026-07-01,4928,54,2013-02-22,2026-04-22,available,supported_by_periodic_filing,True
sec::JNPR,0001043604,2006-06-02,2025-07-09,2013-01-02,2025-07-09,4571,50,2013-02-26,2025-05-09,available,supported_by_periodic_filing,True
sec::JOY,0000801898,2011-02-28,2015-10-08,2013-01-02,2015-10-08,1009,11,2013-02-28,2015-09-04,available,supported_by_periodic_filing,True
sec::JPM,0000019617,1996-01-02,,2013-01-02,2026-07-01,4928,54,2013-02-28,2026-05-01,available,supported_by_periodic_filing,True
sec::JWN,0000072333,1996-01-02,2020-06-22,2013-01-02,2020-06-22,2728,30,2013-03-18,2020-06-10,available,supported_by_periodic_filing,True
sec::K,0000055067,1996-01-02,2025-12-11,2013-01-02,2025-12-11,4726,53,2013-02-26,2025-10-30,available,supported_by_periodic_filing,True
sec::KDP,0001418135,2008-10-07,,2013-01-02,2026-07-01,4928,56,2013-02-21,2026-04-23,available,supported_by_periodic_filing,True
sec::KEY,0000091576,1996-01-02,,2013-01-02,2026-07-01,4928,55,2013-02-26,2026-05-05,available,supported_by_periodic_filing,True
sec::KEYS,0001601046,2018-11-06,,2018-11-06,2026-07-01,2794,31,2018-12-18,2026-06-04,available,supported_by_periodic_filing,True
sec::KHC,0001637459,2015-07-06,,2015-07-06,2026-07-01,4013,46,2015-08-10,2026-05-06,available,supported_by_periodic_filing,True
sec::KIM,0000879101,2006-04-03,,2013-01-02,2026-07-01,4928,55,2013-02-27,2026-04-30,available,supported_by_periodic_filing,True
sec::KKR,0001404912,2024-06-24,,2024-06-24,2026-07-01,737,8,2024-08-09,2026-05-08,available,supported_by_periodic_filing,True
sec::KLAC,0000319201,1997-09-15,,2013-01-02,2026-07-01,4928,54,2013-01-25,2026-04-30,available,supported_by_periodic_filing,True
sec::KMB,0000055785,1996-01-02,,2013-01-02,2026-07-01,4928,54,2013-02-22,2026-04-28,available,supported_by_periodic_filing,True
sec::KMI,0001506307,2012-05-25,,2013-01-02,2026-07-01,4928,54,2013-03-01,2026-04-24,available,supported_by_periodic_filing,True
sec::KMX,0001170010,2010-06-28,2025-10-31,2013-01-02,2025-10-31,4685,53,2013-01-09,2025-09-26,available,supported_by_periodic_filing,True
sec::KO,0000021344,1996-01-02,,2013-01-02,2026-07-01,4928,56,2013-02-27,2026-04-30,available,supported_by_periodic_filing,True
sec::KR,0000056873,1996-01-02,,2013-01-02,2026-07-01,4928,56,2013-04-02,2026-06-26,available,supported_by_periodic_filing,True
sec::KRFT,0001545158,2012-10-02,2015-07-06,2013-01-02,2015-07-06,915,10,2013-03-21,2015-04-28,available,supported_by_periodic_filing,True
sec::KSS,0000885639,1998-08-14,2020-09-21,2013-01-02,2020-09-21,2819,31,2013-03-22,2020-09-03,available,supported_by_periodic_filing,True
sec::KSU,0000054480,2013-05-24,2021-12-14,2013-05-24,2021-12-14,3126,34,2013-07-19,2021-10-19,available,supported_by_periodic_filing,True
sec::KVUE,0001944048,2023-08-25,,2023-08-25,2026-07-01,1041,11,2023-11-03,2026-05-07,available,supported_by_periodic_filing,True
sec::L,0000060086,1996-01-02,,2013-01-02,2026-07-01,4928,54,2013-02-22,2026-05-04,available,supported_by_periodic_filing,True
sec::LDOS,0001336920,2019-08-09,,2019-08-09,2026-07-01,2518,27,2019-10-29,2026-05-05,available,supported_by_periodic_filing,True
sec::LEG,0000058492,1999-10-18,2021-12-20,2013-01-02,2021-12-20,3274,36,2013-02-28,2021-11-05,available,supported_by_periodic_filing,True
sec::LEN,0000920760,2005-10-04,,2013-01-02,2026-07-01,4928,59,2013-01-29,2026-06-29,available,supported_by_periodic_filing,True
sec::LH,0000920148,2004-11-01,,2013-01-02,2026-07-01,4928,57,2013-02-26,2026-05-04,available,supported_by_periodic_filing,True
sec::LHX,0000202058,2008-09-22,,2013-01-02,2026-07-01,4928,53,2013-01-30,2026-04-30,available,supported_by_periodic_filing,True
sec::LII,0001069202,2024-12-23,,2024-12-23,2026-07-01,555,6,2025-02-11,2026-04-29,available,supported_by_periodic_filing,True
sec::LIN,0001707925,2018-11-06,,2018-11-06,2026-07-01,2794,31,2018-11-09,2026-05-01,available,supported_by_periodic_filing,True
sec::LITE,0001633978,2026-03-23,,2026-03-23,2026-07-01,100,1,2026-05-06,2026-05-06,available,supported_by_periodic_filing,True
sec::LKQ,0001065696,2016-05-23,2025-12-22,2016-05-23,2025-12-22,3500,38,2016-08-02,2025-10-30,available,supported_by_periodic_filing,True
sec::LLL,0001546383,2004-12-01,2019-07-01,2013-01-02,2019-07-01,2371,11,2013-05-31,2019-05-01,available,supported_by_periodic_filing,True
sec::LLTC,0000791907,2000-04-03,2017-03-13,2013-01-02,2017-03-13,1531,17,2013-02-07,2017-01-31,available,supported_by_periodic_filing,True
sec::LLY,0000059478,1996-01-02,,2013-01-02,2026-07-01,4928,54,2013-02-21,2026-04-30,available,supported_by_periodic_filing,True
sec::LM,0000704051,2006-04-24,2016-12-02,2013-01-02,2016-12-02,1430,16,2013-02-06,2016-11-01,available,supported_by_periodic_filing,True
sec::LMT,0000936468,1996-01-02,,2013-01-02,2026-07-01,4928,55,2013-02-28,2026-04-23,available,supported_by_periodic_filing,True
sec::LNC,0000059558,1996-01-02,2023-09-18,2013-01-02,2023-09-18,3911,44,2013-03-01,2023-08-03,available,supported_by_periodic_filing,True
sec::LNT,0000352541,2016-07-01,,2016-07-01,2026-07-01,3652,40,2016-08-02,2026-05-01,available,supported_by_periodic_filing,True
sec::LO,0001424847,2008-06-11,2015-06-12,2013-01-02,2015-06-12,891,12,2013-02-19,2015-04-21,available,supported_by_periodic_filing,True
sec::LOW,0000060667,1996-01-02,,2013-01-02,2026-07-01,4928,54,2013-04-02,2026-05-28,available,supported_by_periodic_filing,True
sec::LRCX,0000707549,2012-06-05,,2013-01-02,2026-07-01,4928,54,2013-01-31,2026-04-23,available,supported_by_periodic_filing,True
sec::LULU,0001397187,2023-10-18,,2023-10-18,2026-07-01,987,11,2023-12-07,2026-06-04,available,supported_by_periodic_filing,True
sec::LUMN,0000018926,1999-03-25,2023-03-20,2013-01-02,2023-03-20,3729,41,2013-03-01,2023-02-23,available,supported_by_periodic_filing,True
sec::LUV,0000092380,1996-01-02,,2013-01-02,2026-07-01,4928,56,2013-02-07,2026-04-23,available,supported_by_periodic_filing,True
sec::LVLT,0000794323,2014-11-05,2017-10-13,2014-11-05,2017-10-13,1073,13,2014-11-07,2017-08-04,available,supported_by_periodic_filing,True
sec::LVS,0001300514,2019-10-03,,2019-10-03,2026-07-01,2463,27,2019-10-25,2026-04-24,available,supported_by_periodic_filing,True
sec::LW,0001679273,2018-12-03,2026-03-23,2018-12-03,2026-03-23,2667,29,2019-01-04,2025-12-19,available,supported_by_periodic_filing,True
sec::LYB,0001489393,2012-09-05,,2013-01-02,2026-07-01,4928,54,2013-02-12,2026-05-01,available,supported_by_periodic_filing,True
sec::LYV,0001335258,2019-12-23,,2019-12-23,2026-07-01,2382,27,2020-02-27,2026-05-05,available,supported_by_periodic_filing,True
sec::M,0000794367,1996-01-02,2020-04-06,2013-01-02,2020-04-06,2651,29,2013-04-03,2020-03-30,available,supported_by_periodic_filing,True
sec::MA,0001141391,2008-07-18,,2013-01-02,2026-07-01,4928,54,2013-02-14,2026-04-30,available,supported_by_periodic_filing,True
sec::MAA,0000912595,2016-12-02,,2016-12-02,2026-07-01,3498,38,2017-02-24,2026-04-30,available,supported_by_periodic_filing,True
sec::MAC,0000912242,2013-05-09,2019-12-23,2013-05-09,2019-12-23,2419,28,2013-08-08,2019-11-05,available,supported_by_periodic_filing,True
sec::MAR,0001048286,1998-05-21,,2013-01-02,2026-07-01,4928,56,2013-02-20,2026-05-06,available,supported_by_periodic_filing,True
sec::MAS,0000062996,1996-01-02,,2013-01-02,2026-07-01,4928,54,2013-02-15,2026-04-22,available,supported_by_periodic_filing,True
sec::MAT,0000063276,1996-01-02,2019-06-07,2013-01-02,2019-06-07,2347,26,2013-02-26,2019-04-26,available,supported_by_periodic_filing,True
sec::MCD,0000063908,1996-01-02,,2013-01-02,2026-07-01,4928,54,2013-02-25,2026-05-07,available,supported_by_periodic_filing,True
sec::MCHP,0000827054,2007-09-07,,2013-01-02,2026-07-01,4928,55,2013-02-11,2026-05-21,available,supported_by_periodic_filing,True
sec::MCK,0000927653,1999-01-13,,2013-01-02,2026-07-01,4928,54,2013-01-31,2026-05-08,available,supported_by_periodic_filing,True
sec::MCO,0001059556,1996-01-02,,2013-01-02,2026-07-01,4928,55,2013-02-26,2026-04-23,available,supported_by_periodic_filing,True
sec::MDLZ,0001103982,2007-04-02,,2013-01-02,2026-07-01,4928,55,2013-02-25,2026-04-28,available,supported_by_periodic_filing,True
sec::MDT,0000064670,1996-01-02,2015-01-27,2013-01-02,2015-01-27,755,8,2013-03-06,2014-11-26,available,supported_by_periodic_filing,True
sec::MDT,0001613103,2015-01-27,,2015-01-27,2026-07-01,4173,46,2015-02-27,2026-06-18,available,supported_by_periodic_filing,True
sec::MET,0001099219,2000-12-11,,2013-01-02,2026-07-01,4928,54,2013-02-27,2026-05-07,available,supported_by_periodic_filing,True
sec::META,0001326801,2013-12-23,,2013-12-23,2026-07-01,4573,52,2014-01-31,2026-04-30,available,supported_by_periodic_filing,True
sec::MGM,0000789570,2017-07-26,,2017-07-26,2026-07-01,3262,36,2017-08-08,2026-04-29,available,supported_by_periodic_filing,True
sec::MHK,0000851968,2013-12-23,2025-12-22,2013-12-23,2025-12-22,4382,49,2014-02-28,2025-10-24,available,supported_by_periodic_filing,True
sec::MJN,0001452575,2009-12-21,2017-06-15,2013-01-02,2017-06-15,1625,19,2013-02-21,2017-04-27,available,supported_by_periodic_filing,True
sec::MKC,0000063754,2003-03-21,,2013-01-02,2026-07-01,4928,57,2013-01-25,2026-06-25,available,supported_by_periodic_filing,True
sec::MKTX,0001278021,2019-07-01,2025-09-22,2019-07-01,2025-09-22,2275,25,2019-07-25,2025-08-06,available,supported_by_periodic_filing,True
sec::MLM,0000916076,2014-07-02,,2014-07-02,2026-07-01,4382,50,2014-07-23,2026-04-30,available,supported_by_periodic_filing,True
sec::MMM,0000066740,1996-01-02,,2013-01-02,2026-07-01,4928,54,2013-02-14,2026-04-21,available,supported_by_periodic_filing,True
sec::MNK,0001567892,2014-08-19,2017-07-26,2014-08-19,2017-07-26,1072,10,2014-11-25,2017-05-08,available,supported_by_periodic_filing,True
sec::MNST,0000865752,2012-06-29,,2013-01-02,2026-07-01,4928,56,2013-03-01,2026-05-08,available,supported_by_periodic_filing,True
sec::MO,0000764180,1996-01-02,,2013-01-02,2026-07-01,4928,67,2013-02-27,2026-05-27,available,supported_by_periodic_filing,True
sec::MOH,0001179929,2022-03-02,2026-03-23,2022-03-02,2026-03-23,1482,16,2022-04-28,2026-02-10,available,supported_by_periodic_filing,True
sec::MON,0001110783,2002-08-14,2018-06-07,2013-01-02,2018-06-07,1982,22,2013-01-08,2018-04-05,available,supported_by_periodic_filing,True
sec::MOS,0001285785,2011-09-26,,2013-01-02,2026-07-01,4928,54,2013-01-04,2026-05-11,available,supported_by_periodic_filing,True
sec::MPC,0001510295,2011-07-01,,2013-01-02,2026-07-01,4928,54,2013-02-28,2026-05-05,available,supported_by_periodic_filing,True
sec::MPWR,0001280452,2021-02-12,,2021-02-12,2026-07-01,1965,22,2021-03-01,2026-05-04,available,supported_by_periodic_filing,True
sec::MRK,0000310158,1996-01-02,,2013-01-02,2026-07-01,4928,55,2013-02-28,2026-05-04,available,supported_by_periodic_filing,True
sec::MRNA,0001682852,2021-07-21,,2021-07-21,2026-07-01,1806,20,2021-08-05,2026-05-01,available,supported_by_periodic_filing,True
sec::MRO,0000101778,1996-01-02,2024-11-26,2013-01-02,2024-11-26,4346,53,2013-02-22,2024-11-06,available,supported_by_periodic_filing,True
sec::MRSH,0000062709,1996-01-02,,2013-01-02,2026-07-01,4928,55,2013-02-27,2026-04-16,available,supported_by_periodic_filing,True
sec::MRVL,0001835632,2026-06-22,,2026-06-22,2026-07-01,9,0,,,available,short_interval_no_periodic_required,True
sec::MS,0000895421,1996-01-02,,2013-01-02,2026-07-01,4928,54,2013-02-26,2026-05-05,available,supported_by_periodic_filing,True
sec::MSCI,0001408198,2018-04-04,,2018-04-04,2026-07-01,3010,33,2018-05-04,2026-04-21,available,supported_by_periodic_filing,True
sec::MSFT,0000789019,1996-01-02,,2013-01-02,2026-07-01,4928,54,2013-01-24,2026-04-29,available,supported_by_periodic_filing,True
sec::MSI,0000068505,1996-01-02,,2013-01-02,2026-07-01,4928,55,2013-02-12,2026-05-07,available,supported_by_periodic_filing,True
sec::MTB,0000036270,2004-02-27,,2013-01-02,2026-07-01,4928,55,2013-02-25,2026-05-05,available,supported_by_periodic_filing,True
sec::MTCH,0000891103,2021-09-20,2026-03-23,2021-09-20,2026-03-23,1645,18,2021-11-08,2026-02-26,available,supported_by_periodic_filing,True
sec::MTD,0001037646,2016-09-06,,2016-09-06,2026-07-01,3585,39,2016-11-04,2026-05-08,available,supported_by_periodic_filing,True
sec::MU,0000723125,1996-01-02,,2013-01-02,2026-07-01,4928,58,2013-01-07,2026-06-25,available,supported_by_periodic_filing,True
sec::MUR,0000717423,2005-08-15,2017-07-26,2013-01-02,2017-07-26,1666,18,2013-02-28,2017-05-04,available,supported_by_periodic_filing,True
sec::MWV,0001159297,2002-01-29,2015-07-02,2013-01-02,2015-07-02,911,11,2013-02-25,2015-05-11,available,supported_by_periodic_filing,True
sec::MXIM,0000743316,2018-12-03,2021-08-30,2018-12-03,2021-08-30,1001,11,2019-02-01,2021-08-20,available,supported_by_periodic_filing,True
sec::MYL,0000069499,2004-04-23,2015-02-27,2013-01-02,2015-02-27,786,8,2013-02-28,2014-11-05,available,supported_by_periodic_filing,True
sec::MYL,0001623613,2015-02-27,2020-11-17,2015-02-27,2020-11-17,2090,28,2015-05-08,2020-11-06,available,supported_by_periodic_filing,True
sec::NAVI,0001593538,2014-05-01,2018-06-05,2014-05-01,2018-06-05,1496,17,2014-05-09,2018-05-03,available,supported_by_periodic_filing,True
sec::NBL,0000072207,2007-10-08,2020-10-12,2013-01-02,2020-10-12,2840,31,2013-02-07,2020-08-03,available,supported_by_periodic_filing,True
sec::NBR,0001163739,2000-10-18,2015-03-23,2013-01-02,2015-03-23,810,11,2013-03-01,2015-03-02,available,supported_by_periodic_filing,True
sec::NCLH,0001513761,2017-10-13,,2017-10-13,2026-07-01,3183,35,2017-11-09,2026-05-04,available,supported_by_periodic_filing,True
sec::NDAQ,0001120193,2008-10-22,,2013-01-02,2026-07-01,4928,54,2013-02-21,2026-04-24,available,supported_by_periodic_filing,True
sec::NDSN,0000072331,2022-02-15,,2022-02-15,2026-07-01,1597,18,2022-02-25,2026-05-21,available,supported_by_periodic_filing,True
sec::NE,0001458891,2011-01-18,2015-07-20,2013-01-02,2015-07-20,929,11,2013-02-25,2015-05-07,available,supported_by_periodic_filing,True
sec::NEE,0000753308,1996-01-02,,2013-01-02,2026-07-01,4928,54,2013-02-28,2026-04-23,available,supported_by_periodic_filing,True
sec::NEM,0001164727,1996-01-02,,2013-01-02,2026-07-01,4928,55,2013-02-22,2026-04-23,available,supported_by_periodic_filing,True
sec::NFLX,0001065280,2010-12-20,,2013-01-02,2026-07-01,4928,56,2013-02-01,2026-04-17,available,supported_by_periodic_filing,True
sec::NFX,0000912750,2010-12-20,2019-02-15,2013-01-02,2019-02-15,2235,24,2013-02-26,2018-10-31,available,supported_by_periodic_filing,True
sec::NI,0001111711,2000-11-02,,2013-01-02,2026-07-01,4928,55,2013-02-19,2026-05-06,available,supported_by_periodic_filing,True
sec::NKE,0000320187,1996-01-02,,2013-01-02,2026-07-01,4928,54,2013-01-09,2026-04-01,available,supported_by_periodic_filing,True
sec::NKTR,0000906709,2018-03-19,2019-10-03,2018-03-19,2019-10-03,563,6,2018-05-10,2019-08-09,available,supported_by_periodic_filing,True
sec::NLSN,0001492633,2013-07-09,2022-10-12,2013-07-09,2022-10-12,3382,39,2013-07-30,2022-07-27,available,supported_by_periodic_filing,True
sec::NOC,0001133421,1996-01-02,,2013-01-02,2026-07-01,4928,54,2013-02-05,2026-04-21,available,supported_by_periodic_filing,True
sec::NOV,0001021860,2005-03-14,2021-09-20,2013-01-02,2021-09-20,3183,35,2013-02-22,2021-07-28,available,supported_by_periodic_filing,True
sec::NOW,0001373715,2019-11-21,,2019-11-21,2026-07-01,2414,26,2020-02-20,2026-04-23,available,supported_by_periodic_filing,True
sec::NRG,0001013871,2010-01-29,,2013-01-02,2026-07-01,4928,56,2013-02-27,2026-05-06,available,supported_by_periodic_filing,True
sec::NSC,0000702165,1996-01-02,,2013-01-02,2026-07-01,4928,54,2013-02-15,2026-04-24,available,supported_by_periodic_filing,True
sec::NTAP,0001002047,1999-06-25,,2013-01-02,2026-07-01,4928,54,2013-02-28,2026-06-05,available,supported_by_periodic_filing,True
sec::NTRS,0000073124,1998-01-30,,2013-01-02,2026-07-01,4928,54,2013-02-26,2026-04-30,available,supported_by_periodic_filing,True
sec::NUE,0000073309,1996-01-02,,2013-01-02,2026-07-01,4928,54,2013-02-28,2026-05-13,available,supported_by_periodic_filing,True
sec::NVDA,0001045810,2001-11-30,,2013-01-02,2026-07-01,4928,54,2013-03-12,2026-05-20,available,supported_by_periodic_filing,True
sec::NVR,0000906163,2019-09-26,,2019-09-26,2026-07-01,2470,27,2019-11-01,2026-05-06,available,supported_by_periodic_filing,True
sec::NWL,0000814453,1996-01-02,2023-09-18,2013-01-02,2023-09-18,3911,44,2013-03-01,2023-07-28,available,supported_by_periodic_filing,True
sec::NWS,0001564708,2015-09-21,,2015-09-21,2026-07-01,3936,43,2015-11-06,2026-05-08,available,supported_by_periodic_filing,True
sec::NWSA,0001564708,2013-07-01,,2013-07-01,2026-07-01,4748,52,2013-09-20,2026-05-08,available,supported_by_periodic_filing,True
sec::NXPI,0001413447,2021-03-22,,2021-03-22,2026-07-01,1927,21,2021-04-27,2026-04-28,available,supported_by_periodic_filing,True
sec::O,0000726728,2015-04-07,,2015-04-07,2026-07-01,4103,46,2015-04-30,2026-05-07,available,supported_by_periodic_filing,True
sec::ODFL,0000878927,2019-12-09,,2019-12-09,2026-07-01,2396,26,2020-02-26,2026-05-06,available,supported_by_periodic_filing,True
sec::OGN,0001821825,2021-06-04,2023-10-18,2021-06-04,2023-10-18,866,10,2021-06-21,2023-08-09,available,supported_by_periodic_filing,True
sec::OI,0000812074,2009-01-02,2016-12-02,2013-01-02,2016-12-02,1430,17,2013-02-13,2016-10-26,available,supported_by_periodic_filing,True
sec::OKE,0001039684,2010-03-15,,2013-01-02,2026-07-01,4928,54,2013-02-26,2026-04-29,available,supported_by_periodic_filing,True
sec::OMC,0000029989,1997-12-24,,2013-01-02,2026-07-01,4928,54,2013-02-19,2026-04-29,available,supported_by_periodic_filing,True
sec::ON,0001097864,2022-06-21,,2022-06-21,2026-07-01,1471,16,2022-08-01,2026-05-04,available,supported_by_periodic_filing,True
sec::ORCL,0001341439,1996-01-02,,2013-01-02,2026-07-01,4928,54,2013-03-22,2026-06-22,available,supported_by_periodic_filing,True
sec::ORLY,0000898173,2009-03-27,,2013-01-02,2026-07-01,4928,55,2013-02-28,2026-05-08,available,supported_by_periodic_filing,True
sec::OTIS,0001781335,2020-04-03,,2020-04-03,2026-07-01,2280,25,2020-05-08,2026-04-23,available,supported_by_periodic_filing,True
sec::OXY,0000797468,1996-01-02,,2013-01-02,2026-07-01,4928,55,2013-02-26,2026-05-05,available,supported_by_periodic_filing,True
sec::PANW,0001327567,2023-06-20,,2023-06-20,2026-07-01,1107,12,2023-09-01,2026-06-03,available,supported_by_periodic_filing,True
sec::PARA_B,0000813828,1996-01-02,2025-08-08,2013-01-02,2025-08-08,4601,52,2013-02-15,2025-07-31,available,supported_by_periodic_filing,True
sec::PAYC,0001590955,2020-01-28,2026-03-23,2020-01-28,2026-03-23,2246,25,2020-02-13,2026-02-19,available,supported_by_periodic_filing,True
sec::PAYX,0000723531,1998-10-01,,2013-01-02,2026-07-01,4928,53,2013-03-27,2026-03-26,available,supported_by_periodic_filing,True
sec::PBCT,0001378946,2008-11-13,2022-04-04,2013-01-02,2022-04-04,3379,39,2013-03-01,2022-03-31,available,supported_by_periodic_filing,True
sec::PBI,0000078814,1996-01-02,2017-03-01,2013-01-02,2017-03-01,1519,17,2013-02-25,2017-02-22,available,supported_by_periodic_filing,True
sec::PCAR,0000075362,1996-01-02,,2013-01-02,2026-07-01,4928,54,2013-02-27,2026-04-29,available,supported_by_periodic_filing,True
sec::PCG,0001004980,1996-01-02,,2013-01-02,2026-07-01,4928,57,2013-02-21,2026-04-23,available,supported_by_periodic_filing,True
sec::PCL,0000849213,2002-01-17,2016-02-22,2013-01-02,2016-02-22,1146,13,2013-02-22,2016-02-18,available,supported_by_periodic_filing,True
sec::PCP,0000079958,2007-06-01,2016-02-01,2013-01-02,2016-02-01,1125,12,2013-02-08,2015-11-05,available,supported_by_periodic_filing,True
sec::PDCO,0000891024,2005-10-11,2018-03-19,2013-01-02,2018-03-19,1902,21,2013-03-07,2018-03-07,available,supported_by_periodic_filing,True
sec::PEAK,0000765880,2008-03-31,2024-03-04,2013-01-02,2024-03-04,4079,46,2013-02-12,2024-02-09,available,supported_by_periodic_filing,True
sec::PEG,0000788784,1996-01-02,,2013-01-02,2026-07-01,4928,54,2013-02-26,2026-05-05,available,supported_by_periodic_filing,True
sec::PENN,0000921738,2021-03-22,2022-09-19,2021-03-22,2022-09-19,546,6,2021-05-06,2022-08-04,available,supported_by_periodic_filing,True
sec::PEP,0000077476,1996-01-02,,2013-01-02,2026-07-01,4928,54,2013-02-21,2026-04-16,available,supported_by_periodic_filing,True
sec::PETM,0000863157,2012-10-05,2015-03-12,2013-01-02,2015-03-12,799,8,2013-03-28,2014-11-26,available,supported_by_periodic_filing,True
sec::PFE,0000078003,1996-01-02,,2013-01-02,2026-07-01,4928,55,2013-02-28,2026-05-05,available,supported_by_periodic_filing,True
sec::PFG,0001126328,2002-07-22,,2013-01-02,2026-07-01,4928,54,2013-02-13,2026-04-29,available,supported_by_periodic_filing,True
sec::PG,0000080424,1996-01-02,,2013-01-02,2026-07-01,4928,55,2013-01-25,2026-04-24,available,supported_by_periodic_filing,True
sec::PGR,0000080661,1997-08-04,,2013-01-02,2026-07-01,4928,54,2013-02-26,2026-05-04,available,supported_by_periodic_filing,True
sec::PH,0000076334,1996-01-02,,2013-01-02,2026-07-01,4928,54,2013-02-06,2026-05-01,available,supported_by_periodic_filing,True
sec::PHM,0000822416,1996-01-02,,2013-01-02,2026-07-01,4928,54,2013-02-06,2026-04-23,available,supported_by_periodic_filing,True
sec::PKG,0000075677,2017-07-26,,2017-07-26,2026-07-01,3262,36,2017-08-04,2026-05-08,available,supported_by_periodic_filing,True
sec::PLD,0001045609,2003-07-17,,2013-01-02,2026-07-01,4928,54,2013-02-28,2026-04-30,available,supported_by_periodic_filing,True
sec::PLL,0000075829,1996-01-02,2015-08-31,2013-01-02,2015-08-31,971,10,2013-03-06,2015-05-21,available,supported_by_periodic_filing,True
sec::PLTR,0001321655,2024-09-23,,2024-09-23,2026-07-01,646,7,2024-11-05,2026-05-05,available,supported_by_periodic_filing,True
sec::PM,0001413329,2008-03-31,,2013-01-02,2026-07-01,4928,54,2013-02-22,2026-04-24,available,supported_by_periodic_filing,True
sec::PNC,0000713676,1996-01-02,,2013-01-02,2026-07-01,4928,54,2013-03-01,2026-05-05,available,supported_by_periodic_filing,True
sec::PNR,0000077360,2012-10-01,,2013-01-02,2026-07-01,4928,55,2013-02-26,2026-04-28,available,supported_by_periodic_filing,True
sec::PNW,0000764622,1999-10-04,,2013-01-02,2026-07-01,4928,54,2013-02-22,2026-05-04,available,supported_by_periodic_filing,True
sec::PODD,0001145197,2023-03-15,,2023-03-15,2026-07-01,1204,13,2023-05-05,2026-05-06,available,supported_by_periodic_filing,True
sec::POM,0001135971,2007-11-09,2016-03-24,2013-01-02,2016-03-24,1177,14,2013-03-01,2016-02-19,available,supported_by_periodic_filing,True
sec::POOL,0000945841,2020-10-07,2026-06-22,2020-10-07,2026-06-22,2084,23,2020-10-30,2026-04-28,available,supported_by_periodic_filing,True
sec::PPG,0000079879,1996-01-02,,2013-01-02,2026-07-01,4928,55,2013-02-21,2026-04-29,available,supported_by_periodic_filing,True
sec::PPL,0000922224,1996-01-02,,2013-01-02,2026-07-01,4928,54,2013-02-28,2026-05-08,available,supported_by_periodic_filing,True
sec::PRGO,0000820096,2011-12-19,2013-12-18,2013-01-02,2013-12-18,350,5,2013-02-01,2013-11-04,available,supported_by_periodic_filing,True
sec::PRGO,0001585364,2013-12-18,2021-09-20,2013-12-18,2021-09-20,2833,33,2014-02-06,2021-08-11,available,supported_by_periodic_filing,True
sec::PRU,0001137774,2002-07-22,,2013-01-02,2026-07-01,4928,55,2013-02-22,2026-05-06,available,supported_by_periodic_filing,True
sec::PSA,0001393311,2005-08-19,,2013-01-02,2026-07-01,4928,54,2013-02-26,2026-04-27,available,supported_by_periodic_filing,True
sec::PSKY,0002041610,2025-08-08,,2025-08-08,2026-07-01,327,4,2025-11-10,2026-05-04,available,supported_by_periodic_filing,True
sec::PSX,0001534701,2012-05-01,,2013-01-02,2026-07-01,4928,54,2013-02-22,2026-04-29,available,supported_by_periodic_filing,True
sec::PTC,0000857005,2021-04-20,,2021-04-20,2026-07-01,1898,21,2021-05-04,2026-05-07,available,supported_by_periodic_filing,True
sec::PVH,0000078239,2013-02-14,2022-09-19,2013-02-14,2022-09-19,3504,39,2013-04-03,2022-09-08,available,supported_by_periodic_filing,True
sec::PWR,0001050915,2009-07-01,,2013-01-02,2026-07-01,4928,55,2013-03-01,2026-04-30,available,supported_by_periodic_filing,True
sec::PX,0000884905,1996-01-02,2018-10-31,2013-01-02,2018-10-31,2128,25,2013-02-27,2018-07-26,available,supported_by_periodic_filing,True
sec::PXD,0001038357,2008-09-24,2024-05-08,2013-01-02,2024-05-08,4144,47,2013-02-13,2024-05-02,available,supported_by_periodic_filing,True
sec::PYPL,0001633917,2015-07-20,,2015-07-20,2026-07-01,3999,44,2015-07-29,2026-05-05,available,supported_by_periodic_filing,True
sec::Q,0002058873,2025-11-03,,2025-11-03,2026-07-01,240,3,2025-11-18,2026-05-12,available,supported_by_periodic_filing,True
sec::QCOM,0000804328,1999-07-22,,2013-01-02,2026-07-01,4928,54,2013-01-30,2026-04-29,available,supported_by_periodic_filing,True
sec::QEP,0001108827,2010-07-01,2015-07-01,2013-01-02,2015-07-01,910,11,2013-02-22,2015-04-29,available,supported_by_periodic_filing,True
sec::QRVO,0001604778,2015-06-12,2024-12-23,2015-06-12,2024-12-23,3482,39,2015-08-05,2024-10-30,available,supported_by_periodic_filing,True
sec::R,0000085961,1996-01-02,2017-06-19,2013-01-02,2017-06-19,1629,18,2013-02-14,2017-04-25,available,supported_by_periodic_filing,True
sec::RAI,0001275283,2004-07-30,2017-07-25,2013-01-02,2017-07-25,1665,19,2013-02-12,2017-05-03,available,supported_by_periodic_filing,True
sec::RCL,0000884887,2014-12-05,,2014-12-05,2026-07-01,4226,46,2015-02-23,2026-04-30,available,supported_by_periodic_filing,True
sec::RDC,0000085408,1996-01-02,2014-08-19,2013-01-02,2014-08-19,594,7,2013-03-01,2014-08-08,available,supported_by_periodic_filing,True
sec::REG,0000910606,2017-03-02,,2017-03-02,2026-07-01,3408,37,2017-05-10,2026-05-04,available,supported_by_periodic_filing,True
sec::REGN,0000872589,2013-05-01,,2013-05-01,2026-07-01,4809,53,2013-05-03,2026-04-29,available,supported_by_periodic_filing,True
sec::RF,0001281761,1998-08-28,,2013-01-02,2026-07-01,4928,56,2013-02-21,2026-05-07,available,supported_by_periodic_filing,True
sec::RHI,0000315213,2000-12-05,2024-06-24,2013-01-02,2024-06-24,4191,47,2013-02-15,2024-05-02,available,supported_by_periodic_filing,True
sec::RHT,0001087423,2009-07-27,2019-07-15,2013-01-02,2019-07-15,2385,28,2013-01-08,2019-06-28,available,supported_by_periodic_filing,True
sec::RIG,0001451505,2013-10-29,2017-07-26,2013-10-29,2017-07-26,1366,16,2013-11-06,2017-05-03,available,supported_by_periodic_filing,True
sec::RJF,0000720005,2017-03-20,,2017-03-20,2026-07-01,3390,37,2017-05-10,2026-05-06,available,supported_by_periodic_filing,True
sec::RL,0001037038,2007-02-02,,2013-01-02,2026-07-01,4928,54,2013-02-06,2026-05-21,available,supported_by_periodic_filing,True
sec::RMD,0000943819,2017-07-26,,2017-07-26,2026-07-01,3262,38,2017-08-04,2026-05-01,available,supported_by_periodic_filing,True
sec::ROK,0001024478,1996-01-02,,2013-01-02,2026-07-01,4928,54,2013-02-06,2026-05-05,available,supported_by_periodic_filing,True
sec::ROL,0000084839,2018-10-01,,2018-10-01,2026-07-01,2830,32,2018-10-26,2026-04-23,available,supported_by_periodic_filing,True
sec::ROP,0000882835,2009-12-23,,2013-01-02,2026-07-01,4928,57,2013-02-25,2026-05-01,available,supported_by_periodic_filing,True
sec::ROST,0000745732,2009-12-21,,2013-01-02,2026-07-01,4928,55,2013-04-02,2026-06-02,available,supported_by_periodic_filing,True
sec::RRC,0000315852,2007-12-21,2018-06-18,2013-01-02,2018-06-18,1993,24,2013-02-27,2018-04-25,available,supported_by_periodic_filing,True
sec::RSG,0001060391,2008-12-05,,2013-01-02,2026-07-01,4928,54,2013-02-15,2026-05-08,available,supported_by_periodic_filing,True
sec::RTN,0001047122,1997-12-17,2020-04-06,2013-01-02,2020-04-06,2651,31,2013-02-13,2020-04-01,available,supported_by_periodic_filing,True
sec::RTX,0000101829,1996-01-02,,2013-01-02,2026-07-01,4928,55,2013-02-07,2026-04-21,available,supported_by_periodic_filing,True
sec::RVTY,0000031791,1996-01-02,,2013-01-02,2026-07-01,4928,54,2013-02-26,2026-05-12,available,supported_by_periodic_filing,True
sec::SBAC,0001034054,2017-09-01,,2017-09-01,2026-07-01,3225,35,2017-11-07,2026-05-05,available,supported_by_periodic_filing,True
sec::SBNY,0001288784,2021-12-20,2023-03-15,2021-12-20,2023-03-15,450,0,,,resolved_not_applicable,reviewed_source_not_applicable,True
sec::SBUX,0000829224,2000-06-08,,2013-01-02,2026-07-01,4928,55,2013-01-29,2026-04-28,available,supported_by_periodic_filing,True
sec::SCG,0000754737,2009-01-02,2019-01-02,2013-01-02,2019-01-02,2191,26,2013-02-28,2018-11-05,available,supported_by_periodic_filing,True
sec::SCHW,0000316709,1997-06-02,,2013-01-02,2026-07-01,4928,54,2013-02-22,2026-05-08,available,supported_by_periodic_filing,True
sec::SE,0001373835,2007-01-03,2017-02-27,2013-01-02,2017-02-27,1517,17,2013-02-22,2017-02-24,available,supported_by_periodic_filing,True
sec::SEDG,0001419612,2021-12-20,2023-12-18,2021-12-20,2023-12-18,728,8,2022-02-22,2023-11-06,available,supported_by_periodic_filing,True
sec::SEE,0001012100,1998-04-01,2023-12-18,2013-01-02,2023-12-18,4002,45,2013-03-01,2023-11-02,available,supported_by_periodic_filing,True
sec::SHW,0000089800,1996-01-02,,2013-01-02,2026-07-01,4928,54,2013-02-28,2026-04-28,available,supported_by_periodic_filing,True
sec::SIAL,0000090185,1996-01-02,2015-11-18,2013-01-02,2015-11-18,1050,12,2013-02-07,2015-11-03,available,supported_by_periodic_filing,True
sec::SIG,0000832988,2015-07-29,2018-03-19,2015-07-29,2018-03-19,964,10,2015-09-03,2017-12-01,available,supported_by_periodic_filing,True
sec::SIVB,0000719739,2018-03-19,2023-03-15,2018-03-19,2023-03-15,1822,20,2018-05-08,2023-02-24,available,supported_by_periodic_filing,True
sec::SJM,0000091419,2008-11-06,,2013-01-02,2026-07-01,4928,54,2013-03-01,2026-06-09,available,supported_by_periodic_filing,True
sec::SLB,0000087347,1996-01-02,,2013-01-02,2026-07-01,4928,54,2013-01-31,2026-04-29,available,supported_by_periodic_filing,True
sec::SLG,0001040971,2015-03-23,2021-03-22,2015-03-23,2021-03-22,2191,24,2015-05-08,2021-02-26,available,supported_by_periodic_filing,True
sec::SMCI,0001375365,2024-03-18,,2024-03-18,2026-07-01,835,9,2024-05-06,2026-05-11,available,supported_by_periodic_filing,True
sec::SNA,0000091440,1996-01-02,,2013-01-02,2026-07-01,4928,54,2013-02-14,2026-04-23,available,supported_by_periodic_filing,True
sec::SNDK,0001000180,2006-04-20,2016-05-12,2013-01-02,2016-05-12,1226,15,2013-02-19,2016-05-02,available,supported_by_periodic_filing,True
sec::SNDK,0002023554,2025-11-28,,2025-11-28,2026-07-01,215,2,2026-01-30,2026-05-01,available,supported_by_periodic_filing,True
sec::SNI,0001430602,2008-07-01,2018-03-07,2013-01-02,2018-03-07,1890,22,2013-03-01,2018-03-06,available,supported_by_periodic_filing,True
sec::SNPS,0000883241,2017-03-16,,2017-03-16,2026-07-01,3394,37,2017-05-19,2026-05-27,available,supported_by_periodic_filing,True
sec::SO,0000092122,1996-01-02,,2013-01-02,2026-07-01,4928,54,2013-02-28,2026-04-30,available,supported_by_periodic_filing,True
sec::SOLS,0002064953,2025-10-30,2025-12-22,2025-10-30,2025-12-22,53,1,2025-11-13,2025-11-13,available,supported_by_periodic_filing,True
sec::SOLV,0001964738,2024-04-01,,2024-04-01,2026-07-01,821,9,2024-05-10,2026-05-05,available,supported_by_periodic_filing,True
sec::SPG,0001063761,2002-06-26,,2013-01-02,2026-07-01,4928,57,2013-02-28,2026-05-11,available,supported_by_periodic_filing,True
sec::SPGI,0000064040,1996-01-02,,2013-01-02,2026-07-01,4928,55,2013-02-28,2026-04-28,available,supported_by_periodic_filing,True
sec::SPLS,0000791519,1998-10-07,2017-09-13,2013-01-02,2017-09-13,1715,19,2013-03-06,2017-08-24,available,supported_by_periodic_filing,True
sec::SRCL,0000861878,2008-11-19,2018-12-03,2013-01-02,2018-12-03,2161,28,2013-02-28,2018-11-01,available,supported_by_periodic_filing,True
sec::SRE,0001032208,1998-06-29,,2013-01-02,2026-07-01,4928,54,2013-02-26,2026-05-07,available,supported_by_periodic_filing,True
sec::STE,0001757898,2019-12-23,,2019-12-23,2026-07-01,2382,26,2020-02-10,2026-05-29,available,supported_by_periodic_filing,True
sec::STI,0000750556,1996-01-02,2019-12-09,2013-01-02,2019-12-09,2532,28,2013-02-27,2019-10-31,available,supported_by_periodic_filing,True
sec::STJ,0000203077,1996-01-02,2017-01-05,2013-01-02,2017-01-05,1464,17,2013-02-26,2016-11-07,available,supported_by_periodic_filing,True
sec::STLD,0001022671,2022-12-22,,2022-12-22,2026-07-01,1287,14,2023-02-28,2026-04-27,available,supported_by_periodic_filing,True
sec::STT,0000093751,1997-08-18,,2013-01-02,2026-07-01,4928,55,2013-02-22,2026-04-29,available,supported_by_periodic_filing,True
sec::STX,0001137789,2012-07-02,,2013-01-02,2026-07-01,4928,55,2013-01-29,2026-04-29,available,supported_by_periodic_filing,True
sec::STZ,0000016918,2005-07-05,,2013-01-02,2026-07-01,4928,55,2013-01-09,2026-04-22,available,supported_by_periodic_filing,True
sec::SW,0002005951,2024-07-08,,2024-07-08,2026-07-01,723,8,2024-08-09,2026-05-01,available,supported_by_periodic_filing,True
sec::SWK,0000093556,1996-01-02,,2013-01-02,2026-07-01,4928,56,2013-02-20,2026-04-29,available,supported_by_periodic_filing,True
sec::SWKS,0000004127,2015-03-12,,2015-03-12,2026-07-01,4129,56,2015-05-06,2026-05-05,available,supported_by_periodic_filing,True
sec::SWN,0000007332,2008-06-06,2017-04-04,2013-01-02,2017-04-04,1553,20,2013-02-19,2017-02-23,available,supported_by_periodic_filing,True
sec::SWY,0000086144,1998-11-13,2015-01-27,2013-01-02,2015-01-27,755,9,2013-02-26,2014-10-15,available,supported_by_periodic_filing,True
sec::SYF,0001601712,2015-11-18,,2015-11-18,2026-07-01,3878,42,2016-02-25,2026-04-23,available,supported_by_periodic_filing,True
sec::SYK,0000310764,2000-12-12,,2013-01-02,2026-07-01,4928,54,2013-02-27,2026-05-11,available,supported_by_periodic_filing,True
sec::SYY,0000096021,1996-01-02,,2013-01-02,2026-07-01,4928,55,2013-02-05,2026-04-29,available,supported_by_periodic_filing,True
sec::T,0000732717,1996-01-02,,2013-01-02,2026-07-01,4928,57,2013-02-22,2026-04-27,available,supported_by_periodic_filing,True
sec::TAP,0000024545,1996-01-02,,2013-01-02,2026-07-01,4928,55,2013-02-22,2026-04-30,available,supported_by_periodic_filing,True
sec::TDC,0000816761,2007-10-01,2017-06-19,2013-01-02,2017-06-19,1629,18,2013-02-28,2017-05-05,available,supported_by_periodic_filing,True
sec::TDG,0001260221,2016-06-03,,2016-06-03,2026-07-01,3680,42,2016-08-10,2026-05-05,available,supported_by_periodic_filing,True
sec::TDY,0001094285,2020-06-22,,2020-06-22,2026-07-01,2200,24,2020-07-23,2026-04-24,available,supported_by_periodic_filing,True
sec::TE,0000350563,2001-10-10,2016-07-01,2013-01-02,2016-07-01,1276,15,2013-02-26,2016-05-05,available,supported_by_periodic_filing,True
sec::TECH,0000842023,2021-08-30,,2021-08-30,2026-07-01,1766,19,2021-11-08,2026-05-06,available,supported_by_periodic_filing,True
sec::TEG,0000916863,2007-02-22,2015-06-30,2013-01-02,2015-06-30,909,10,2013-03-01,2015-05-05,available,supported_by_periodic_filing,True
sec::TEL,0001385157,2011-10-17,,2013-01-02,2026-07-01,4928,54,2013-01-25,2026-04-24,available,supported_by_periodic_filing,True
sec::TER,0000097210,2020-09-21,,2020-09-21,2026-07-01,2109,23,2020-11-02,2026-05-01,available,supported_by_periodic_filing,True
sec::TFC,0000092230,2019-12-09,,2019-12-09,2026-07-01,2396,26,2020-03-03,2026-05-01,available,supported_by_periodic_filing,True
sec::TFX,0000096943,2019-01-18,2025-03-24,2019-01-18,2025-03-24,2257,25,2019-02-21,2025-02-28,available,supported_by_periodic_filing,True
sec::TGNA,0000039899,1996-01-02,2017-06-02,2013-01-02,2017-06-02,1612,19,2013-02-26,2017-05-09,available,supported_by_periodic_filing,True
sec::TGT,0000027419,1996-01-02,,2013-01-02,2026-07-01,4928,55,2013-03-20,2026-05-29,available,supported_by_periodic_filing,True
sec::THC,0000070318,1996-01-02,2016-04-18,2013-01-02,2016-04-18,1202,13,2013-02-26,2016-02-22,available,supported_by_periodic_filing,True
sec::TIF,0000098246,2000-06-21,2021-01-07,2013-01-02,2021-01-07,2927,33,2013-03-28,2020-11-24,available,supported_by_periodic_filing,True
sec::TJX,0000109198,1996-01-02,,2013-01-02,2026-07-01,4928,54,2013-04-02,2026-05-29,available,supported_by_periodic_filing,True
sec::TKO,0001973266,2025-03-24,,2025-03-24,2026-07-01,464,5,2025-05-08,2026-05-06,available,supported_by_periodic_filing,True
sec::TMO,0000097745,1997-01-02,,2013-01-02,2026-07-01,4928,56,2013-02-27,2026-05-01,available,supported_by_periodic_filing,True
sec::TMUS,0001283699,2019-07-15,,2019-07-15,2026-07-01,2543,29,2019-07-26,2026-04-28,available,supported_by_periodic_filing,True
sec::TNL,0001361658,2006-08-01,2018-05-31,2013-01-02,2018-05-31,1975,23,2013-02-15,2018-05-02,available,supported_by_periodic_filing,True
sec::TPL,0001811074,2024-11-26,,2024-11-26,2026-07-01,582,6,2025-02-19,2026-05-06,available,supported_by_periodic_filing,True
sec::TPR,0001116132,2004-09-01,,2013-01-02,2026-07-01,4928,54,2013-02-05,2026-05-07,available,supported_by_periodic_filing,True
sec::TRGP,0001389170,2022-10-12,,2022-10-12,2026-07-01,1358,15,2022-11-03,2026-05-07,available,supported_by_periodic_filing,True
sec::TRIP,0001526520,2011-12-21,2019-12-23,2013-01-02,2019-12-23,2546,30,2013-02-15,2019-11-06,available,supported_by_periodic_filing,True
sec::TRMB,0000864749,2021-01-21,,2021-01-21,2026-07-01,1987,23,2021-02-26,2026-05-06,available,supported_by_periodic_filing,True
sec::TROW,0001113169,1999-10-13,,2013-01-02,2026-07-01,4928,54,2013-02-05,2026-04-30,available,supported_by_periodic_filing,True
sec::TRV,0000086312,1996-01-02,,2013-01-02,2026-07-01,4928,55,2013-02-19,2026-04-16,available,supported_by_periodic_filing,True
sec::TSCO,0000916365,2014-01-24,,2014-01-24,2026-07-01,4541,50,2014-02-19,2026-05-07,available,supported_by_periodic_filing,True
sec::TSLA,0001318605,2020-12-21,,2020-12-21,2026-07-01,2018,26,2021-02-08,2026-04-30,available,supported_by_periodic_filing,True
sec::TSN,0000100493,2005-08-11,,2013-01-02,2026-07-01,4928,55,2013-02-01,2026-05-04,available,supported_by_periodic_filing,True
sec::TSS,0000721683,2008-01-02,2019-09-19,2013-01-02,2019-09-19,2451,35,2013-02-26,2019-07-31,available,supported_by_periodic_filing,True
sec::TT,0001466258,2010-11-17,,2013-01-02,2026-07-01,4928,54,2013-02-14,2026-04-30,available,supported_by_periodic_filing,True
sec::TTD,0001671933,2025-07-18,,2025-07-18,2026-07-01,348,4,2025-08-07,2026-05-07,available,supported_by_periodic_filing,True
sec::TTWO,0000946581,2018-03-19,,2018-03-19,2026-07-01,3026,33,2018-05-17,2026-05-22,available,supported_by_periodic_filing,True
sec::TWC,0001377013,2009-03-30,2016-05-18,2013-01-02,2016-05-18,1232,16,2013-02-15,2016-04-28,available,supported_by_periodic_filing,True
sec::TWTR,0001418091,2018-06-07,2022-11-01,2018-06-07,2022-11-01,1608,17,2018-07-30,2022-07-26,available,supported_by_periodic_filing,True
sec::TWX,0001105705,2001-01-11,2018-06-15,2013-01-02,2018-06-15,1990,23,2013-02-22,2018-04-27,available,supported_by_periodic_filing,True
sec::TXN,0000097476,1996-01-02,,2013-01-02,2026-07-01,4928,54,2013-02-22,2026-04-24,available,supported_by_periodic_filing,True
sec::TXT,0000217346,1996-01-02,,2013-01-02,2026-07-01,4928,54,2013-02-15,2026-04-30,available,supported_by_periodic_filing,True
sec::TYL,0000860731,2020-06-22,,2020-06-22,2026-07-01,2200,25,2020-07-29,2026-04-29,available,supported_by_periodic_filing,True
sec::UA,0001336917,2016-04-08,2022-06-21,2016-04-08,2022-06-21,2265,24,2016-04-29,2022-02-23,available,supported_by_periodic_filing,True
sec::UAA,0001336917,2014-05-01,2022-06-21,2014-05-01,2022-06-21,2973,32,2014-05-07,2022-02-23,available,supported_by_periodic_filing,True
sec::UAL,0000100517,2015-09-03,,2015-09-03,2026-07-01,3954,43,2015-10-22,2026-04-22,available,supported_by_periodic_filing,True
sec::UBER,0001543151,2023-12-18,,2023-12-18,2026-07-01,926,10,2024-02-15,2026-05-06,available,supported_by_periodic_filing,True
sec::UDR,0000074208,2016-03-07,,2016-03-07,2026-07-01,3768,42,2016-04-26,2026-04-30,available,supported_by_periodic_filing,True
sec::UHS,0000352915,2014-09-22,,2014-09-22,2026-07-01,4300,47,2014-11-07,2026-05-07,available,supported_by_periodic_filing,True
sec::ULTA,0001403568,2016-04-18,,2016-04-18,2026-07-01,3726,41,2016-06-02,2026-06-02,available,supported_by_periodic_filing,True
sec::UNH,0000731766,1996-01-02,,2013-01-02,2026-07-01,4928,54,2013-02-07,2026-05-05,available,supported_by_periodic_filing,True
sec::UNM,0000005513,1996-01-02,2021-09-20,2013-01-02,2021-09-20,3183,35,2013-02-22,2021-08-04,available,supported_by_periodic_filing,True
sec::UNP,0000100885,1996-01-02,,2013-01-02,2026-07-01,4928,54,2013-02-08,2026-04-23,available,supported_by_periodic_filing,True
sec::UPS,0001090727,2002-07-22,,2013-01-02,2026-07-01,4928,54,2013-02-28,2026-05-06,available,supported_by_periodic_filing,True
sec::URBN,0000912615,2010-02-08,2017-03-20,2013-01-02,2017-03-20,1538,16,2013-04-01,2016-12-12,available,supported_by_periodic_filing,True
sec::URI,0001067701,2014-09-22,,2014-09-22,2026-07-01,4300,47,2014-10-15,2026-04-22,available,supported_by_periodic_filing,True
sec::USB,0000036104,1996-01-02,,2013-01-02,2026-07-01,4928,55,2013-02-22,2026-05-04,available,supported_by_periodic_filing,True
sec::V,0001403161,2009-12-21,,2013-01-02,2026-07-01,4928,54,2013-02-06,2026-04-29,available,supported_by_periodic_filing,True
sec::VAR,0000203527,2007-02-12,2021-04-20,2013-01-02,2021-04-20,3030,35,2013-02-05,2021-02-09,available,supported_by_periodic_filing,True
sec::VEEV,0001393052,2026-05-07,,2026-05-07,2026-07-01,55,1,2026-06-05,2026-06-05,available,supported_by_periodic_filing,True
sec::VFC,0000103379,1996-01-02,2024-04-01,2013-01-02,2024-04-01,4107,44,2013-02-27,2024-02-07,available,supported_by_periodic_filing,True
sec::VIAB,0001339947,2006-01-03,2019-12-05,2013-01-02,2019-12-05,2528,28,2013-01-31,2019-11-14,available,supported_by_periodic_filing,True
sec::VICI,0001705696,2022-06-08,,2022-06-08,2026-07-01,1484,16,2022-07-27,2026-04-29,available,supported_by_periodic_filing,True
sec::VLO,0001035002,2004-04-29,,2013-01-02,2026-07-01,4928,54,2013-02-28,2026-04-30,available,supported_by_periodic_filing,True
sec::VLTO,0001967680,2023-10-02,,2023-10-02,2026-07-01,1003,11,2023-10-26,2026-04-29,available,supported_by_periodic_filing,True
sec::VMC,0001396009,1999-07-01,,2013-01-02,2026-07-01,4928,54,2013-02-28,2026-04-29,available,supported_by_periodic_filing,True
sec::VNO,0000899689,2005-08-12,2023-01-04,2013-01-02,2023-01-04,3654,44,2013-02-26,2022-10-31,available,supported_by_periodic_filing,True
sec::VNT,0001786842,2020-10-12,2021-03-22,2020-10-12,2021-03-22,161,2,2020-10-30,2021-02-25,available,supported_by_periodic_filing,True
sec::VRSK,0001442145,2015-10-08,,2015-10-08,2026-07-01,3919,43,2015-10-27,2026-04-29,available,supported_by_periodic_filing,True
sec::VRSN,0001014473,2006-02-01,,2013-01-02,2026-07-01,4928,54,2013-02-28,2026-04-23,available,supported_by_periodic_filing,True
sec::VRT,0001674101,2026-03-23,,2026-03-23,2026-07-01,100,1,2026-04-22,2026-04-22,available,supported_by_periodic_filing,True
sec::VRTX,0000875320,2013-09-23,,2013-09-23,2026-07-01,4664,51,2013-11-07,2026-05-05,available,supported_by_periodic_filing,True
sec::VST,0001692819,2024-05-08,,2024-05-08,2026-07-01,784,9,2024-05-10,2026-05-08,available,supported_by_periodic_filing,True
sec::VTR,0000740260,2009-03-04,,2013-01-02,2026-07-01,4928,57,2013-02-19,2026-04-28,available,supported_by_periodic_filing,True
sec::VTRS,0001792044,2020-11-17,,2020-11-17,2026-07-01,2052,27,2021-03-01,2026-05-07,available,supported_by_periodic_filing,True
sec::VZ,0000732712,1996-01-02,,2013-01-02,2026-07-01,4928,54,2013-02-26,2026-05-01,available,supported_by_periodic_filing,True
sec::WAB,0000943452,2019-02-27,,2019-02-27,2026-07-01,2681,30,2019-02-27,2026-04-22,available,supported_by_periodic_filing,True
sec::WAT,0001000697,2002-01-02,,2013-01-02,2026-07-01,4928,56,2013-02-26,2026-05-12,available,supported_by_periodic_filing,True
sec::WBA,0000104207,1996-01-02,2014-12-31,2013-01-02,2014-12-31,728,10,2013-03-25,2014-12-30,available,supported_by_periodic_filing,True
sec::WBA,0001618921,2014-12-31,2025-08-28,2014-12-31,2025-08-28,3893,45,2015-04-09,2025-06-26,available,supported_by_periodic_filing,True
sec::WBD,0001437107,2010-03-01,,2013-01-02,2026-07-01,4928,55,2013-02-14,2026-05-06,available,supported_by_periodic_filing,True
sec::WCG,0001279363,2018-09-17,2020-01-28,2018-09-17,2020-01-28,498,5,2018-10-30,2019-10-30,available,supported_by_periodic_filing,True
sec::WDAY,0001327811,2024-12-23,,2024-12-23,2026-07-01,555,6,2025-03-11,2026-05-22,available,supported_by_periodic_filing,True
sec::WDC,0000106040,2009-07-01,,2013-01-02,2026-07-01,4928,54,2013-02-01,2026-05-01,available,supported_by_periodic_filing,True
sec::WEC,0000783325,2008-10-31,,2013-01-02,2026-07-01,4928,54,2013-02-27,2026-05-07,available,supported_by_periodic_filing,True
sec::WELL,0000766704,2009-01-30,,2013-01-02,2026-07-01,4928,54,2013-02-26,2026-04-29,available,supported_by_periodic_filing,True
sec::WFC,0000072971,1996-01-02,,2013-01-02,2026-07-01,4928,55,2013-02-27,2026-04-29,available,supported_by_periodic_filing,True
sec::WFM,0000865436,2006-01-03,2017-08-28,2013-01-02,2017-08-28,1699,20,2013-02-22,2017-08-04,available,supported_by_periodic_filing,True
sec::WHR,0000106640,1996-01-02,2024-03-18,2013-01-02,2024-03-18,4093,46,2013-02-19,2024-02-14,available,supported_by_periodic_filing,True
sec::WIN,0001282266,2006-07-18,2015-04-07,2013-01-02,2015-04-07,825,9,2013-02-20,2015-02-24,available,supported_by_periodic_filing,True
sec::WM,0000823768,1998-07-17,,2013-01-02,2026-07-01,4928,55,2013-02-14,2026-04-29,available,supported_by_periodic_filing,True
sec::WMB,0000107263,1996-01-02,,2013-01-02,2026-07-01,4928,54,2013-02-27,2026-05-04,available,supported_by_periodic_filing,True
sec::WMT,0000104169,1996-01-02,,2013-01-02,2026-07-01,4928,55,2013-03-26,2026-05-29,available,supported_by_periodic_filing,True
sec::WRB,0000011544,2019-12-05,,2019-12-05,2026-07-01,2400,26,2020-02-20,2026-05-01,available,supported_by_periodic_filing,True
sec::WRK,0001636023,2015-07-02,2024-07-08,2015-07-02,2024-07-08,3294,13,2015-08-10,2018-08-03,available,supported_by_periodic_filing,True
sec::WSM,0000719955,2025-03-24,,2025-03-24,2026-07-01,464,6,2025-03-27,2026-05-22,available,supported_by_periodic_filing,True
sec::WST,0000105770,2020-05-22,,2020-05-22,2026-07-01,2231,24,2020-07-24,2026-04-23,available,supported_by_periodic_filing,True
sec::WTW,0001140536,2016-01-05,,2016-01-05,2026-07-01,3830,43,2016-02-29,2026-04-30,available,supported_by_periodic_filing,True
sec::WU,0001365135,2006-10-02,2021-12-20,2013-01-02,2021-12-20,3274,36,2013-02-22,2021-11-02,available,supported_by_periodic_filing,True
sec::WY,0000106535,1996-01-02,,2013-01-02,2026-07-01,4928,56,2013-02-19,2026-05-01,available,supported_by_periodic_filing,True
sec::WYNN,0001174922,2008-11-14,,2013-01-02,2026-07-01,4928,54,2013-03-01,2026-05-07,available,supported_by_periodic_filing,True
sec::X,0001163302,1996-01-02,2014-07-02,2013-01-02,2014-07-02,546,6,2013-02-15,2014-04-30,available,supported_by_periodic_filing,True
sec::XEC,0001168054,2014-06-20,2020-03-03,2014-06-20,2020-03-03,2083,25,2014-08-06,2020-02-26,available,supported_by_periodic_filing,True
sec::XEL,0000072903,1996-01-02,,2013-01-02,2026-07-01,4928,54,2013-02-22,2026-04-30,available,supported_by_periodic_filing,True
sec::XL,0000875159,2001-09-04,2018-09-12,2013-01-02,2018-09-12,2079,24,2013-02-28,2018-08-03,available,supported_by_periodic_filing,True
sec::XLNX,0000743988,1999-11-08,2022-02-15,2013-01-02,2022-02-15,3331,37,2013-02-01,2022-01-27,available,supported_by_periodic_filing,True
sec::XOM,0000034088,1996-01-02,,2013-01-02,2026-07-01,4928,54,2013-02-27,2026-05-04,available,supported_by_periodic_filing,True
sec::XRAY,0000818479,2008-11-14,2024-04-02,2013-01-02,2024-04-02,4108,49,2013-02-20,2024-02-29,available,supported_by_periodic_filing,True
sec::XRX,0000108772,1996-01-02,2019-07-31,2013-01-02,2019-07-31,2401,27,2013-02-21,2019-05-02,available,supported_by_periodic_filing,True
sec::XRX,0001770450,2019-07-31,2021-03-22,2019-07-31,2021-03-22,600,7,2019-08-06,2021-02-25,available,supported_by_periodic_filing,True
sec::XYL,0001524472,2011-11-01,,2013-01-02,2026-07-01,4928,54,2013-02-25,2026-04-28,available,supported_by_periodic_filing,True
sec::XYZ,0001512673,2025-07-23,,2025-07-23,2026-07-01,343,4,2025-08-07,2026-05-07,available,supported_by_periodic_filing,True
sec::YUM,0001041061,1997-10-07,,2013-01-02,2026-07-01,4928,54,2013-02-20,2026-05-06,available,supported_by_periodic_filing,True
sec::ZBH,0001136869,2001-08-07,,2013-01-02,2026-07-01,4928,54,2013-02-27,2026-05-01,available,supported_by_periodic_filing,True
sec::ZBRA,0000877212,2019-12-23,,2019-12-23,2026-07-01,2382,26,2020-02-13,2026-05-12,available,supported_by_periodic_filing,True
sec::ZION,0000109380,2001-06-25,2024-03-18,2013-01-02,2024-03-18,4093,45,2013-02-28,2024-02-23,available,supported_by_periodic_filing,True
sec::ZTS,0001555280,2013-06-24,,2013-06-24,2026-07-01,4755,53,2013-08-14,2026-05-07,available,supported_by_periodic_filing,True
