process_id,frequency,top_k,cost_bps,periods,total_return,cagr,annualized_mean,annualized_volatility,sharpe_zero,max_drawdown,terminal_relative_wealth,annualized_relative_log,active_ir,mean_turnover,total_cost_return,period_endpoint_max_drawdown,invalid,invalid_reason
AB_RIDGE__ALL14_S5_NO_RSP,monthly,5,0,101,3.0887661830170208,0.1821277948732838,0.2360661720914135,0.40659732144973176,0.5805895898421424,-0.5706612256208905,0.701642869277165,0.06315970432834002,0.3673332350224923,1.8736277532774857,0.0,-0.43994642424794916,False,
AB_RIDGE__ALL14_S5_NO_RSP,monthly,5,5,101,2.7194659071216227,0.1689067624727698,0.22460830463446357,0.4062115323721945,0.5529343377397381,-0.5710905643952696,0.5534777060642682,0.05233617017449119,0.33198020047233284,1.8736277532774857,0.09461820154051302,-0.4524083877206052,False,
AB_RIDGE__ALL14_S5_NO_RSP,monthly,5,10,101,2.3832163941469715,0.15582122800609977,0.21315043717751375,0.40582614562867525,0.5252259852487255,-0.5715199031696487,0.4180863351515547,0.04150197759359458,0.2965467586314381,1.8736277532774857,0.18923640308102604,-0.4646748689900345,False,
AB_RIDGE__ALL14_S5_NO_RSP,monthly,5,20,101,1.7984047435104689,0.13005161576560598,0.19023470226361433,0.4050565837360492,0.46964969809644846,-0.572378580718407,0.18135598493486627,0.019801534870949475,0.2254386962105988,1.8736277532774857,0.3784728061620521,-0.4884229006576176,False,
AB_RIDGE__ALL14_S5_NO_RSP,monthly,10,0,101,0.9419086971233277,0.0820442131789183,0.13714403092259217,0.3446730096571264,0.3978960553337792,-0.6220066905741294,-0.1918258615588182,-0.025304284254526625,0.06431861531968125,1.8132879747637245,0.0,-0.5000627004102874,False,
AB_RIDGE__ALL14_S5_NO_RSP,monthly,10,5,101,0.771910072024727,0.07033030723308031,0.12617267288653644,0.3444799958379881,0.366269955907328,-0.6223846838835553,-0.25994138331239236,-0.03576545158586085,0.01742394644234773,1.8132879747637245,0.09157104272556808,-0.5015111192046023,False,
AB_RIDGE__ALL14_S5_NO_RSP,monthly,10,10,101,0.6166568182532617,0.058732580331753326,0.11520131485048088,0.34428745675460753,0.33460793470786,-0.6227626771929812,-0.32237295061565985,-0.046236619846654295,-0.02951982894168884,1.8132879747637245,0.18314208545113617,-0.5075472240989731,False,
AB_RIDGE__ALL14_S5_NO_RSP,monthly,10,20,101,0.3454258279629705,0.03588148464963181,0.09325859877836958,0.34390380598259873,0.27117640792579184,-0.6235186638118329,-0.4320239565645736,-0.0672090342416754,-0.12355217398441413,1.8132879747637245,0.36628417090227233,-0.523917022085747,False,
AB_RIDGE__ALL14_S5_NO_RSP,monthly,20,0,101,0.8294597310498408,0.07440265242078659,0.12326387403662169,0.31265339727562785,0.39425087048696017,-0.6058977871502635,-0.23862432659976762,-0.03239149133145783,0.0031042156655381966,1.744111947067739,0.0,-0.5090285589071151,False,
AB_RIDGE__ALL14_S5_NO_RSP,monthly,20,5,101,0.6751516540014926,0.0632130357589431,0.11271644490221905,0.31248139721046175,0.3607140966100536,-0.6062378867248238,-0.30035364922007046,-0.0424372615572399,-0.05168456420891309,1.744111947067739,0.08807765332692083,-0.5099428017575525,False,
AB_RIDGE__ALL14_S5_NO_RSP,monthly,20,10,101,0.5337380593449759,0.0521301085212158,0.10216901576781656,0.31231011353124616,0.3271396325037508,-0.6065779862993841,-0.3571286225079433,-0.05249234967430873,-0.10652767232895938,1.744111947067739,0.17615530665384166,-0.5110423569754468,False,
AB_RIDGE__ALL14_S5_NO_RSP,monthly,20,20,101,0.28541226047802293,0.030280635511539478,0.08107415749901135,0.3119697000456218,0.2598783070508297,-0.6072581854485044,-0.4573588861490261,-0.0726305476864892,-0.21637123252993318,1.744111947067739,0.3523106133076833,-0.5197196147774357,False,
AB_RIDGE__ALL14_S5_NO_RSP,monthly,50,0,101,0.9106285742633995,0.07995853583143275,0.11604830647418213,0.27151799053937437,0.42740558827667546,-0.5430081216064327,-0.20484387130361392,-0.027233678650945115,-0.05030774890008436,1.5473316690255916,0.0,-0.4727862659799005,False,
AB_RIDGE__ALL14_S5_NO_RSP,monthly,50,5,101,0.766959931965731,0.0699746032922357,0.10667747968109059,0.2713348923207778,0.39315798557516235,-0.5432852135364469,-0.2620088662294501,-0.03609783781958911,-0.11810945971867368,1.5473316690255916,0.07814024928579236,-0.47363283021295244,False,
AB_RIDGE__ALL14_S5_NO_RSP,monthly,50,10,101,0.6339912553257534,0.06007502143843246,0.09730665288799892,0.27115293070303215,0.3588626264732118,-0.5435623054664611,-0.31510716401608685,-0.04496945308249038,-0.18601358644976485,1.5473316690255916,0.15628049857158471,-0.47447875510566606,False,
AB_RIDGE__ALL14_S5_NO_RSP,monthly,50,20,101,0.39705459760935,0.040526331026328855,0.07856499930181565,0.27079242642078205,0.29012997276273217,-0.5441164893264892,-0.41022869761998704,-0.06273510181928828,-0.32211205446854546,1.5473316690255916,0.31256099714316943,-0.47616868687007785,False,
AB_RIDGE__ALL14_S5_NO_RSP,weekly,5,0,443,-0.22123250892874358,-0.028923850878042057,0.03920485457217106,0.36072229108004183,0.10868431350551543,-0.7494376147471524,-0.6955903976367033,-0.13961132647954194,-0.35597981068682294,1.2974273261619609,0.0,-0.7384862866539423,False,
AB_RIDGE__ALL14_S5_NO_RSP,weekly,5,5,443,-0.41581075306379667,-0.061146760960215873,0.005439835667331787,0.36044552931060775,0.015091977081075408,-0.761564882286045,-0.770121749031863,-0.1725749065440894,-0.48692252365309346,1.2974273261619609,0.2873801527448744,-0.751392456973957,False,
AB_RIDGE__ALL14_S5_NO_RSP,weekly,5,10,443,-0.561867044924937,-0.09232333814180294,-0.028325183237507257,0.3601780774776384,-0.0786421634427926,-0.7901874417254258,-0.8264421785058798,-0.20556368496847663,-0.6179951579333998,1.2974273261619609,0.5747603054897488,-0.7858064648335347,False,
AB_RIDGE__ALL14_S5_NO_RSP,weekly,5,20,443,-0.7537195787860368,-0.15166939825762704,-0.09585522104718489,0.359671185972683,-0.2665079238637289,-0.8477674274434789,-0.9011318283466143,-0.2716170013884514,-0.8804456811382878,1.2974273261619609,1.1495206109794975,-0.8506160998676147,False,
AB_RIDGE__ALL14_S5_NO_RSP,weekly,10,0,443,0.17198239854240827,0.018802636408471907,0.07746394642048243,0.3387770428405011,0.22865760256651474,-0.6521447280412866,-0.5418880474500516,-0.09163288423592346,-0.23343451075158567,1.1794688217236737,0.0,-0.6055643108680019,False,
AB_RIDGE__ALL14_S5_NO_RSP,weekly,10,5,443,-0.09755220696369038,-0.011976263769130968,0.04674197955312228,0.33854714976902284,0.13806638036980212,-0.6693676246949568,-0.6448871297422274,-0.1215273566002624,-0.3690927149399658,1.1794688217236737,0.2612523440117937,-0.6250934819286776,False,
AB_RIDGE__ALL14_S5_NO_RSP,weekly,10,10,443,-0.3052222417236863,-0.04184529409563087,0.016020012685761822,0.33832538655708294,0.047350903367870366,-0.6857491502151709,-0.724777347259014,-0.15144264752532163,-0.5049042518714826,1.1794688217236737,0.5225046880235874,-0.675133741313577,False,
AB_RIDGE__ALL14_S5_NO_RSP,weekly,10,20,443,-0.5884130928331278,-0.09895823363112999,-0.04542392104895892,0.3379063131511871,-0.1344275595958907,-0.7707122261268703,-0.8347702802054752,-0.2113358096454439,-0.7768939580631875,1.1794688217236737,1.0450093760471748,-0.7671200691876547,False,
AB_RIDGE__ALL14_S5_NO_RSP,weekly,20,0,443,0.18923159100143128,0.020551408789265313,0.06948283812757965,0.3083799896309972,0.22531565102755774,-0.6078653891937174,-0.5351455731201107,-0.08991785803578653,-0.32527558030567094,1.0707297057684382,0.0,-0.5735887698252189,False,
AB_RIDGE__ALL14_S5_NO_RSP,weekly,20,5,443,-0.06193132703381243,-0.007476359496684126,0.041597035532138546,0.3081686662315197,0.13498139197866307,-0.610285989660594,-0.630870326764133,-0.11698324716012534,-0.47355847544548796,1.0707297057684382,0.23716662982770903,-0.574635417159993,False,
AB_RIDGE__ALL14_S5_NO_RSP,weekly,20,10,443,-0.2601571535565611,-0.03475091840400801,0.013711232936697553,0.30796448968509127,0.0445221231536076,-0.6340346164955866,-0.7069256918719269,-0.14406571719986436,-0.6220192127449857,1.0707297057684382,0.47433325965541806,-0.5970267605642904,False,
AB_RIDGE__ALL14_S5_NO_RSP,weekly,20,20,443,-0.5399989982141564,-0.08711909508743632,-0.0420603722541844,0.307577633583984,-0.1367471742469851,-0.7133390321508501,-0.8153346588368031,-0.1982819933515983,-0.9193551659986982,1.0707297057684382,0.9486665193108361,-0.7207946743396483,False,
AB_RIDGE__ALL14_S5_NO_RSP,weekly,50,0,443,0.7546153447090043,0.06822426269906945,0.10662391790334977,0.2844853119985237,0.37479586258535225,-0.5463477503797554,-0.314144766560964,-0.044263233819232355,-0.1526219068576519,0.8803150914793759,0.0,-0.5243513187564208,False,
AB_RIDGE__ALL14_S5_NO_RSP,weekly,50,5,443,0.44369913513602177,0.04404594803046091,0.08368302791319938,0.28431839033680584,0.29432857935804924,-0.5473155551120445,-0.4319049283262085,-0.06637529958718145,-0.30343582845431116,0.8803150914793759,0.19498979276268175,-0.5254357943189083,False,
AB_RIDGE__ALL14_S5_NO_RSP,weekly,50,10,443,0.18775525956134942,0.020402613225555477,0.060742137923048625,0.2841583457419348,0.2137615834032657,-0.5482819572425516,-0.5294939288866449,-0.08849935363034388,-0.45438974178488917,0.8803150914793759,0.3899795855253635,-0.5265185014865794,False,
AB_RIDGE__ALL14_S5_NO_RSP,weekly,50,20,443,-0.19630039097918695,-0.025325141233406567,0.014860357942747133,0.28385893378182103,0.05235120749861289,-0.5791535190435126,-0.6773583928809538,-0.1327834845562072,-0.7565513832207873,0.8803150914793759,0.779959171050727,-0.5562930044396124,False,
AB_RIDGE__ROLE5_S1_NO_RSP,monthly,5,0,101,3.8200836435887435,0.20546609243181968,0.24337560565476424,0.3391934973823966,0.7175125924669181,-0.4902723579713991,1.0059990212940333,0.082709964552512,0.5354563029135891,1.702564838774589,0.0,-0.42646275421477775,False,
AB_RIDGE__ROLE5_S1_NO_RSP,monthly,5,5,101,3.422802410526331,0.19320905130692423,0.23297661761912206,0.33899495245822653,0.6872568925575112,-0.4912005596044279,0.8472342843429896,0.0729136086005071,0.4915349963864512,1.702564838774589,0.08597952435811676,-0.428079644431997,False,
AB_RIDGE__ROLE5_S1_NO_RSP,monthly,5,10,101,3.057955234502214,0.18106589532811102,0.22257762958347985,0.3387975984387868,0.6569634218457857,-0.4921279234516891,0.7009053505001215,0.06310819822819128,0.4475550293495795,1.702564838774589,0.17195904871623352,-0.4296935050768954,False,
AB_RIDGE__ROLE5_S1_NO_RSP,monthly,5,20,101,2.415282944241867,0.15711741105539656,0.201779653512196,0.3384064714357578,0.5962641691103159,-0.49398013778890804,0.4417731944539245,0.04347014745654822,0.35942373588297805,1.702564838774589,0.34391809743246704,-0.43291214896168506,False,
AB_RIDGE__ROLE5_S1_NO_RSP,monthly,10,0,101,1.9274629490118702,0.1361213512170496,0.17131102671098936,0.29557360042455927,0.579588388357146,-0.46624408486943303,0.21833732458220534,0.023463811546827605,0.28576318561662034,1.6109277300346732,0.0,-0.4100089044254448,False,
AB_RIDGE__ROLE5_S1_NO_RSP,monthly,10,5,101,1.6986458827740396,0.12518842394271523,0.16152647255706765,0.29541407811222814,0.5467798745045033,-0.4671633767508523,0.12712048453641267,0.014217758810105757,0.2308946835664355,1.6109277300346732,0.08135185036675098,-0.4116140255362334,False,
AB_RIDGE__ROLE5_S1_NO_RSP,monthly,10,10,101,1.48754338289603,0.11435164128917474,0.151741918403146,0.29525577928318486,0.5139337789476688,-0.46808187924575595,0.042662031753057494,0.0049636145055979766,0.17597356319539348,1.6109277300346732,0.16270370073350196,-0.4132162435455148,False,
AB_RIDGE__ROLE5_S1_NO_RSP,monthly,10,20,101,1.1131522887246592,0.09296345081177293,0.13217281009530255,0.2949428599396065,0.4481302246895099,-0.4843082189566539,-0.10792564615506961,-0.013569005173981309,0.06598314884483662,1.6109277300346732,0.3254074014670039,-0.41683801197219383,False,
AB_RIDGE__ROLE5_S1_NO_RSP,monthly,20,0,101,1.6823142303199048,0.12437721969860083,0.15234307233255787,0.26446612853005597,0.576040013816909,-0.4198355459146297,0.11631252042311568,0.013072973581511887,0.2231352060349387,1.5198182538691718,0.0,-0.35934772199900167,False,
AB_RIDGE__ROLE5_S1_NO_RSP,monthly,20,5,101,1.4840707728362958,0.11416669962651005,0.1431274564979174,0.26434796653447784,0.5414358142197014,-0.43154862102612535,0.03750072248231473,0.00437402013754099,0.1570800628740992,1.5198182538691718,0.07675082182039315,-0.36156436920726553,False,
AB_RIDGE__ROLE5_S1_NO_RSP,monthly,20,10,101,1.3003387060067566,0.104040900935773,0.1339118406632771,0.26423102783454605,0.5067983187316247,-0.4446176538753718,-0.03580542738801851,-0.004332138526240867,0.09098305487318281,1.5198182538691718,0.1535016436407863,-0.3715658125355369,False,
AB_RIDGE__ROLE5_S1_NO_RSP,monthly,20,20,101,0.9722764494165894,0.08404092444997091,0.11548060899399609,0.264000826806897,0.4374251792721247,-0.46989472609895566,-0.16739685605966004,-0.021766118991333634,-0.04131912944541504,1.5198182538691718,0.3070032872815726,-0.3992532932965115,False,
AB_RIDGE__ROLE5_S1_NO_RSP,monthly,50,0,101,1.3129696999808278,0.10475942685577011,0.1277708511312304,0.23700444864773917,0.5391073959170143,-0.399829915584637,-0.037399493966091324,-0.004528728287330894,0.057749698984054125,1.3822791454882175,0.0,-0.3193555098628318,False,
AB_RIDGE__ROLE5_S1_NO_RSP,monthly,50,5,101,1.1569646299852292,0.09563151939887482,0.11941064715541949,0.23693623281257714,0.5039779933104468,-0.40034903221312845,-0.09911891945682882,-0.01240182370257498,-0.03236493497876549,1.3822791454882175,0.06980509684715498,-0.32103883452950155,False,
AB_RIDGE__ROLE5_S1_NO_RSP,monthly,50,10,101,1.011380237130811,0.08657251248697495,0.11105044317960844,0.23686912429998375,0.46882616511457276,-0.4008681488416199,-0.15692332479718107,-0.02028087563797609,-0.12238907079945807,1.3822791454882175,0.13961019369430996,-0.3227193831394827,False,
AB_RIDGE__ROLE5_S1_NO_RSP,monthly,50,20,101,0.7487614963477716,0.06865931865330088,0.09433003522798637,0.2367382329936951,0.3984571230220283,-0.4253015338557786,-0.2617544460911304,-0.03605688485344558,-0.3021232551879806,1.3822791454882175,0.27922038738861993,-0.3414178014630669,False,
AB_RIDGE__ROLE5_S1_NO_RSP,weekly,5,0,443,6.495385826876807,0.2667316513083908,0.2770649169735254,0.28379132096473436,0.976298063068515,-0.3131079884840964,1.929844202896113,0.12617914429841182,0.6721208492070979,0.8152526529245393,0.0,-0.30283238006185975,False,
AB_RIDGE__ROLE5_S1_NO_RSP,weekly,5,5,443,5.256687779848689,0.24015538068263909,0.2557269118734438,0.28357366418787383,0.9018006400764319,-0.31724739947669567,1.462004309782155,0.10575787916622659,0.5792650108476327,0.8152526529245393,0.18057846262278543,-0.30648320429329357,False,
AB_RIDGE__ROLE5_S1_NO_RSP,weekly,5,10,443,4.222090108365887,0.21412007655530152,0.2343889067733622,0.28337397381082374,0.8271363231467288,-0.32136460633885167,1.0686291052876853,0.08532297569979302,0.4862007947727775,0.8152526529245393,0.36115692524557086,-0.3101170351492195,False,
AB_RIDGE__ROLE5_S1_NO_RSP,weekly,5,20,443,2.636570107971737,0.1636298625737569,0.19171289657319904,0.28302864094867647,0.6773621776601882,-0.33939914760290557,0.45988477643604053,0.04441216849332445,0.29956346062363565,0.8152526529245393,0.7223138504911417,-0.3271604872396424,False,
AB_RIDGE__ROLE5_S1_NO_RSP,weekly,10,0,443,3.254114293585979,0.18525161374431653,0.20039031294717263,0.24596321442686642,0.814716596602114,-0.29683643180094244,0.662875319483559,0.059694148207122426,0.43629080769814715,0.7356620700478195,0.0,-0.2790443551104199,False,
AB_RIDGE__ROLE5_S1_NO_RSP,weekly,10,5,443,2.6142645724267517,0.16278979604894017,0.18118897274416354,0.24587421056752964,0.7369173543086975,-0.2990336626376232,0.42221176237482605,0.04134331473379129,0.3236511917195024,0.7356620700478195,0.16294914851559203,-0.2847210410943376,False,
AB_RIDGE__ROLE5_S1_NO_RSP,weekly,10,10,443,2.070351455914636,0.14074050857715648,0.1619876325411545,0.24580365285292588,0.6590123078361171,-0.31335822334492025,0.2162598219039502,0.02298099856103787,0.21095795639358303,0.7356620700478195,0.32589829703118406,-0.3024244452960748,False,
AB_RIDGE__ROLE5_S1_NO_RSP,weekly,10,20,443,1.2151147236673507,0.09785029607578855,0.1235849521351366,0.2457179352651999,0.5029545442083952,-0.35390617626340704,-0.11075211885714553,-0.013778151347496352,-0.01435900622623639,0.7356620700478195,0.6517965940623681,-0.3420233221186718,False,
AB_RIDGE__ROLE5_S1_NO_RSP,weekly,20,0,443,3.571900414596117,0.19531712442021254,0.2044256669992068,0.227239349613112,0.8996050523258985,-0.3273561907776118,0.7870935846813014,0.06815059014697904,0.5545506915970352,0.6577281637447329,0.0,-0.31174918856832645,False,
AB_RIDGE__ROLE5_S1_NO_RSP,weekly,20,5,443,2.9519222799353133,0.1750443498631904,0.18725268031934272,0.2271403594239207,0.824391934547686,-0.32958650546876533,0.555079944449484,0.051827091845651,0.4337888432054249,0.6577281637447329,0.14568678826945836,-0.3138373735233161,False,
AB_RIDGE__ROLE5_S1_NO_RSP,weekly,20,10,443,2.415743083391228,0.15510453069722585,0.1700796936394783,0.22705825326690968,0.7490575268345238,-0.3318105580023002,0.3530799759982073,0.03549422075267265,0.3130477941737883,0.6577281637447329,0.2913735765389167,-0.31592032812086357,False,
AB_RIDGE__ROLE5_S1_NO_RSP,weekly,20,20,443,1.5511389536625702,0.11620266807746105,0.13573372027974964,0.22694476258258994,0.5980914418782997,-0.3453719323791491,0.024143302740341266,0.0028003069237875666,0.07192918984844923,0.6577281637447329,0.5827471530778334,-0.3292160273705431,False,
AB_RIDGE__ROLE5_S1_NO_RSP,weekly,50,0,443,3.3740711603839504,0.1891267125251319,0.19498063323079318,0.20740008444186056,0.9401183888401506,-0.33121159830128677,0.7097648244274415,0.06295824658478445,0.6451830584318373,0.5810132382882544,0.0,-0.31665266989178,False,
AB_RIDGE__ROLE5_S1_NO_RSP,weekly,50,5,443,2.8457450141687213,0.17129389841945541,0.17980633819866526,0.20728453391297502,0.8674373085362651,-0.3321867428587493,0.5132992299378594,0.04863023423947918,0.5041630042678754,0.5810132382882544,0.12869443228084831,-0.3176140116571684,False,
AB_RIDGE__ROLE5_S1_NO_RSP,weekly,50,10,443,2.381013842516994,0.15371972840423487,0.1646320431665375,0.20718481025774865,0.7946144457295238,-0.333160921194943,0.3393226648476637,0.03429464702713691,0.3631167349656507,0.5810132382882544,0.25738886456169663,-0.3185744572505744,False,
AB_RIDGE__ROLE5_S1_NO_RSP,weekly,50,20,443,1.612733960242366,0.11933286362423101,0.13428345310228193,0.20703293142047285,0.6486091472547397,-0.33510638183763497,0.04887034215948849,0.005600707586650528,0.08147961096025338,0.5810132382882544,0.5147777291233933,-0.3204926621787315,False,
FO_RIDGE__ALL14,monthly,5,0,101,1.9102334041258247,0.13532483270894446,0.1956772590704121,0.3563089176417896,0.5491786744084064,-0.6828869305155848,0.21116681619803712,0.022762479904995102,0.3061303082885806,1.7905115743793574,0.0,-0.6092895295502582,False,
FO_RIDGE__ALL14,monthly,5,5,101,1.658524232873174,0.12318773212887901,0.18476312707407752,0.3560149268957043,0.5189757875747846,-0.6899543186997226,0.11036321609844468,0.012438081209014518,0.26243182206684323,1.7905115743793574,0.09042083450615755,-0.6158436009821799,False,
FO_RIDGE__ALL14,monthly,5,10,101,1.428384901424756,0.11116946863506261,0.17384899507774274,0.35572149979719425,0.4887222031191772,-0.6968704790354574,0.01786555869036288,0.0021039024062070584,0.2186419928913216,1.7905115743793574,0.1808416690123151,-0.6222935454643544,False,
FO_RIDGE__ALL14,monthly,5,20,101,1.0256450823238379,0.08748523406796949,0.1520207310850738,0.3551363421287014,0.4280630086288986,-0.7102614613496477,-0.14486710798123115,-0.018593868458796254,0.13078989085213844,1.7905115743793574,0.3616833380246302,-0.6348872792124352,False,
FO_RIDGE__ALL14,monthly,10,0,101,2.4714250074081514,0.15936116044228954,0.19998566525117822,0.31390505478152947,0.6370896620010261,-0.5695186121180944,0.444720814465297,0.043712803356218057,0.42384305118099,1.7322197778089068,0.0,-0.4845441421428287,False,
FO_RIDGE__ALL14,monthly,10,5,101,2.1805355130811566,0.14736870439544614,0.18942486053634522,0.31366423496737666,0.6039096569490836,-0.5701896469165199,0.3283872298592587,0.03373848680791447,0.3686284111346845,1.7322197778089068,0.08747709877934977,-0.4858972221082627,False,
FO_RIDGE__ALL14,monthly,10,10,101,1.9137966276785012,0.1354899000263834,0.17886405582151194,0.31342389694410006,0.5706777867464674,-0.5708601616958981,0.22132748832443228,0.023755054143179324,0.31331228097606717,1.7322197778089068,0.17495419755869954,-0.4872479536483336,False,
FO_RIDGE__ALL14,monthly,10,20,101,1.4449869661567933,0.11206933950700959,0.15774244639184587,0.3129446707080707,0.5040585801794827,-0.5721996311975124,0.032159480237911264,0.0037607750773432052,0.20237942798612438,1.7322197778089068,0.3499083951173991,-0.4899423795265371,False,
FO_RIDGE__ALL14,monthly,20,0,101,1.4911672050394111,0.11454439367061764,0.15351391102533932,0.2932359449999094,0.5235166890109149,-0.5322957196784394,0.03676187898436134,0.004289379562576279,0.20337735836077633,1.643426350001668,0.0,-0.4537488187829618,False,
FO_RIDGE__ALL14,monthly,20,5,101,1.292685105963813,0.10360382537931145,0.14353564860718082,0.2930286711261839,0.4898348276144335,-0.5326317306783973,-0.04243370202131769,-0.005151721142442368,0.14051639718043057,1.643426350001668,0.0829930306750842,-0.45512998743438327,False,
FO_RIDGE__ALL14,monthly,20,10,101,1.1098705061473693,0.09276164118657504,0.1335573861890224,0.2928218558338308,0.4561045684541147,-0.5329677416783551,-0.11564080296990298,-0.014601025828843298,0.07753651141575019,1.643426350001668,0.1659860613501684,-0.4618623720414421,False,
FO_RIDGE__ALL14,monthly,20,20,101,0.7864380447982626,0.07136921591428891,0.11360086135270514,0.2924096048832261,0.38849907614379386,-0.5513852647269634,-0.2458491643026789,-0.03352430300638284,-0.048774127951898824,1.643426350001668,0.3319721227003368,-0.48604760813219805,False,
FO_RIDGE__ALL14,monthly,50,0,101,1.6450643803339866,0.12251058556719752,0.1507598654869958,0.2599107114404449,0.5800448340565618,-0.492303283352875,0.10081005861117509,0.011411444637823837,0.26757617464536704,1.4690526133553043,0.0,-0.4103197900008321,False,
FO_RIDGE__ALL14,monthly,50,5,101,1.4558681351797,0.11265620788869835,0.14184886614563047,0.2597728592396873,0.5460496010276013,-0.4926691257408601,0.025721566564299803,0.003017386016004033,0.18685297619144348,1.4690526133553043,0.07418715697444285,-0.4117590422041685,False,
FO_RIDGE__ALL14,monthly,50,10,101,1.2800772230784156,0.10288101323371124,0.1329378668042651,0.25963563214992685,0.5120170359648477,-0.49303496812884506,-0.044298094933698295,-0.005383274772983402,0.106030824037788,1.4690526133553043,0.1483743139488857,-0.4131959585677989,False,
FO_RIDGE__ALL14,monthly,50,20,101,0.9650136667408633,0.08356586660620025,0.11511586812153428,0.25936305726777786,0.4438406507627012,-0.49376665290481514,-0.1704628642206114,-0.022204443740394784,-0.05589080602900289,1.4690526133553043,0.2967486278977714,-0.41606279133527735,False,
FO_RIDGE__ALL14,weekly,5,0,443,3.244392607061286,0.18493335450127635,0.22021061748297463,0.3173308049205968,0.6939465506290075,-0.47862784751074905,0.6590752446689208,0.05942559596397134,0.39639578482352256,1.0948109828234622,0.0,-0.46837473023463094,False,
FO_RIDGE__ALL14,weekly,5,5,443,2.3301539027562774,0.15166889817254803,0.19164554940683298,0.31722055739609034,0.6041397536778774,-0.502839059606786,0.3104143197348619,0.031733306578800996,0.2756556834143482,1.0948109828234622,0.2425006326953969,-0.4923371209904668,False,
FO_RIDGE__ALL14,weekly,5,10,443,1.6124252778811345,0.11931733982060688,0.163080481330692,0.317120141863435,0.514254567282961,-0.5259399816461612,0.0348613013315584,0.004022359563948766,0.15482932858489154,1.0948109828234622,0.4850012653907938,-0.5152332667104196,False,
FO_RIDGE__ALL14,weekly,5,20,443,0.606923011146236,0.057255634174029346,0.1059503451784101,0.3169488432382779,0.3342821639476944,-0.5749127756052841,-0.3549079568864476,-0.05145561632735858,-0.08699615015291709,1.0948109828234622,0.9700025307815876,-0.5650700163037722,False,
FO_RIDGE__ALL14,weekly,10,0,443,2.521851340214417,0.15925985600612247,0.18554738194181714,0.27371597394286556,0.6778829136970558,-0.3640033762430541,0.3766437073311535,0.03752081019296059,0.3142865680944661,1.0084091418998808,0.0,-0.34423076342416126,False,
FO_RIDGE__ALL14,weekly,10,5,443,1.8166803922486556,0.12925199391925424,0.1592334005422905,0.27356438387259036,0.5820691944184214,-0.36705148606303417,0.10836268469877464,0.012076661650677258,0.1723171337385419,1.0084091418998808,0.2233626249308236,-0.3471865024103701,False,
FO_RIDGE__ALL14,weekly,10,10,443,1.252410191961784,0.100004057322578,0.13291941914276378,0.2734204116418596,0.48613568513263955,-0.4072159301499745,-0.10775165049826607,-0.01338275362152275,0.03017538274037025,1.0084091418998808,0.4467252498616472,-0.39749451484007847,False,
FO_RIDGE__ALL14,weekly,10,20,443,0.43978321243008023,0.04371313748651828,0.08029145634370997,0.27315536824338343,0.2939406128462747,-0.5039266212131698,-0.4220054802223576,-0.06434746358652355,-0.2545142206438217,1.0084091418998808,0.8934504997232944,-0.49581116410255843,False,
FO_RIDGE__ALL14,weekly,20,0,443,2.7502225877612516,0.16784087372993217,0.18808731536282913,0.2554679333786396,0.7362462790351739,-0.37125660103221547,0.4659109166766715,0.044895700765491334,0.38898012588756353,0.9288837841275014,0.0,-0.3569363134491018,False,
FO_RIDGE__ALL14,weekly,20,5,443,2.0526593642411277,0.13996696541884535,0.16383736967647297,0.2553012524295678,0.6417413472018599,-0.3745021482975748,0.20122032223898145,0.021520484681195017,0.23439567726766314,0.9288837841275014,0.20574775818424157,-0.36026606076276946,False,
FO_RIDGE__ALL14,weekly,20,10,443,1.484576893908617,0.11274415193590182,0.1395874239901164,0.25514061921561865,0.5470999655768313,-0.3777329032318575,-0.015783341457321964,-0.0018674484999173333,0.0796990932722668,0.9288837841275014,0.41149551636848314,-0.36358058366889123,False,
FO_RIDGE__ALL14,weekly,20,20,443,0.6453519257325593,0.06019262929811586,0.09108753261740378,0.254837541307767,0.3574337287589723,-0.41448577588274793,-0.3394808413039494,-0.04868152540080104,-0.2299032601473193,0.9288837841275014,0.8229910327369663,-0.4099189661620516,False,
FO_RIDGE__ALL14,weekly,50,0,443,2.671178905603563,0.16492433277769702,0.18017048314566725,0.23293935015892625,0.7734652089599431,-0.3434326072818278,0.435013818209131,0.04239519838853504,0.41415443757154674,0.7865198087831524,0.0,-0.3299875238624036,False,
FO_RIDGE__ALL14,weekly,50,5,443,2.084100730000071,0.14133894974153138,0.1596600695629045,0.23288627057442904,0.6855709835066386,-0.34506541613782105,0.21359248794833152,0.022723290915096065,0.2541658786765686,0.7865198087831524,0.17421413764546828,-0.33162491640100844,False,
FO_RIDGE__ALL14,weekly,50,10,443,1.590705364048401,0.1182209475926832,0.13914965598014165,0.2328375977456413,0.5976253720507495,-0.34669498898767437,0.026257381256196144,0.0030423608556911083,0.09430811060429611,0.7865198087831524,0.34842827529093656,-0.3332591277505673,False,
FO_RIDGE__ALL14,weekly,50,20,443,0.8276634640777147,0.07335101096619479,0.0981288288146164,0.23275348316325048,0.42159982948908226,-0.36432733883947854,-0.26629269106994824,-0.03634660217073077,-0.22488592260056595,0.7865198087831524,0.6968565505818731,-0.3482388172011779,False,
FO_RIDGE__ROLE5,monthly,5,0,101,2.367416494733959,0.15517858409741558,0.19770560470403825,0.3289752024534777,0.6009741865938875,-0.4885167977284629,0.4014350563626956,0.04009862398636573,0.35367951997310204,1.5817830285527175,0.0,-0.4324896413483126,False,
FO_RIDGE__ROLE5,monthly,5,5,101,2.1087848906280695,0.14426239215306125,0.1880860822414961,0.3288063375597124,0.5720269373072501,-0.4893505598182575,0.29841975733486015,0.03102747965709904,0.3105270217496226,1.5817830285527175,0.07988004294191224,-0.4339813178416243,False,
FO_RIDGE__ROLE5,monthly,5,10,101,1.869822752821046,0.13344022845871928,0.17846655977895412,0.32863919787361656,0.5430470891289915,-0.4901836418434925,0.202895693318087,0.021948324090553167,0.2673238772712169,1.5817830285527175,0.15976008588382448,-0.43547039110371766,False,
FO_RIDGE__ROLE5,monthly,5,20,101,1.4450928948884578,0.11207506378443322,0.15922751485387038,0.3283101046366864,0.48499120985043787,-0.4918477657002842,0.03220419840865407,0.0037659224746211537,0.18077268907595578,1.5817830285527175,0.31952017176764896,-0.43844073698894304,False,
FO_RIDGE__ROLE5,monthly,10,0,101,1.5826173180399752,0.11932867780422818,0.15507561064460026,0.2920003335901534,0.5310802516488274,-0.46404256295280333,0.07482114325052569,0.008572784479081823,0.19973938577086947,1.5154969818120017,0.0,-0.40490771155902516,False,
FO_RIDGE__ROLE5,monthly,10,5,101,1.3922633722467581,0.10919271571061451,0.1458809940263301,0.29183192510019984,0.4998801758109301,-0.4724266743704767,-0.0008436940626747047,-0.00010028318885027697,0.1457815483644812,1.5154969818120017,0.07653259758150609,-0.41421688371563437,False,
FO_RIDGE__ROLE5,monthly,10,10,101,1.2158028998499377,0.0991404811148715,0.13668637740805964,0.29166507540408493,0.46864156505090165,-0.4806868690640551,-0.07123888997982741,-0.008780640081392874,0.09175400025722186,1.5154969818120017,0.15306519516301217,-0.42338846679926756,False,
FO_RIDGE__ROLE5,monthly,10,20,101,0.9006179550597515,0.0792846965515579,0.11829714417151921,0.2913360630811044,0.40605046598225886,-0.49684238344705633,-0.1976477307325203,-0.026163270779938193,-0.01649783419406599,1.5154969818120017,0.30613039032602435,-0.44132649948725255,False,
FO_RIDGE__ROLE5,monthly,20,0,101,1.5891637677348691,0.11966540543008075,0.14937923850917761,0.2689588356744901,0.5553981453502618,-0.442672405705688,0.07754561291784778,0.008873569220687674,0.20257629616318346,1.394512034657958,0.0,-0.376244233589788,False,
FO_RIDGE__ROLE5,monthly,20,5,101,1.413036389871864,0.11033270761751002,0.1409251815235077,0.2688421168321336,0.5241930958738213,-0.4436291121469893,0.007832395616354626,0.0009269562337386263,0.14171981727411948,1.394512034657958,0.07042285775022689,-0.3777888388323254,False,
FO_RIDGE__ROLE5,monthly,20,10,101,1.2487719514282043,0.10107093047487004,0.132471124537838,0.268726948645081,0.4929580944738005,-0.4445849967595037,-0.05741980302844829,-0.007025854295631625,0.0808271686889521,1.394512034657958,0.14084571550045377,-0.3793308960127033,False,
FO_RIDGE__ROLE5,monthly,20,20,101,0.9527198598509783,0.08275819243545879,0.11556301056649806,0.26850127219148784,0.4304002346926746,-0.46118795210558494,-0.17565273619344968,-0.022950107072520785,-0.04104680845147274,1.394512034657958,0.28169143100090754,-0.38240737458652985,False,
FO_RIDGE__ROLE5,monthly,50,0,101,1.614910971499183,0.1209825199322907,0.14314852448045107,0.2394678890526674,0.5977775352125297,-0.4129069168481889,0.08826095924196431,0.01004922438632702,0.22193904282558935,1.2081486266435781,0.0,-0.3311814239449329,False,
FO_RIDGE__ROLE5,monthly,50,5,101,1.4600917323212435,0.11288338755721461,0.13584010230997362,0.23943736196150842,0.5673304333005934,-0.41342697637016157,0.027485600477398675,0.0032215429492437864,0.14724729695307673,1.2081486266435781,0.061011505645500695,-0.33282632216470975,False,
FO_RIDGE__ROLE5,monthly,50,10,101,1.314346538124326,0.10483754045662375,0.1285316801394961,0.23940833430226305,0.5368722041949444,-0.4139470358921342,-0.029933998251711613,-0.0036108316942643857,0.07263768409766193,1.2081486266435781,0.12202301129100139,-0.33446852547941397,False,
FO_RIDGE__ROLE5,monthly,50,20,101,1.0480027927052804,0.08890443754893718,0.11391483579854157,0.23935477943344974,0.4759246340021987,-0.4149871549360794,-0.13542872526343241,-0.017289686858750188,-0.07629484954979705,1.2081486266435781,0.24404602258200278,-0.33774485621816186,False,
FO_RIDGE__ROLE5,weekly,5,0,443,3.9847397936056863,0.207508829823025,0.22568834584820147,0.2707333625806918,0.8336185230253448,-0.34578800064134363,0.9484668734293304,0.07829848288634132,0.5022809225003524,0.6991669445096597,0.0,-0.3372056575283302,False,
FO_RIDGE__ROLE5,weekly,5,5,443,3.2693713185152866,0.18574979170411954,0.20742740466141416,0.2706236799598813,0.7664791369778293,-0.3492187254710474,0.6799960228316237,0.06089651050702552,0.41139766084558727,0.6991669445096597,0.15486547820888963,-0.34028910601155427,False,
FO_RIDGE__ROLE5,weekly,5,10,443,2.6563068321932684,0.16436939920187577,0.18916646347462723,0.27053336105732884,0.6992352541487142,-0.3526338660157441,0.44837461131133405,0.04348303033544922,0.3204815709470615,0.6991669445096597,0.30973095641777926,-0.3433601009599331,False,
FO_RIDGE__ROLE5,weekly,5,20,443,1.6808442451881276,0.12271921730276136,0.15264458110105272,0.27041088785840117,0.5644912536990152,-0.3594176366756562,0.07621291088738458,0.008621472610249307,0.1387059790139891,0.6991669445096597,0.6194619128355585,-0.3494649035596862,False,
FO_RIDGE__ROLE5,weekly,10,0,443,3.936180699500399,0.20612209792014102,0.21712059468577455,0.24244227049256176,0.8955558543675489,-0.3242788765825507,0.9294857851106793,0.07714939912251406,0.5371199051327603,0.5923909382770739,0.0,-0.3059094030354944,False,
FO_RIDGE__ROLE5,weekly,10,5,443,3.3290027215549065,0.18768194653074066,0.20163899029681534,0.2422999436157082,0.8321875246352436,-0.32696133055919885,0.7034609577057394,0.06252466371852952,0.4473938187445721,0.5923909382770739,0.1312145928283719,-0.3079841281577187,False,
FO_RIDGE__ROLE5,weekly,10,10,443,2.79620622609053,0.169512700145797,0.18615738590785658,0.24217778287403094,0.7686806927482961,-0.32963505134997517,0.5037930265478647,0.047890544555281654,0.3576307525489956,0.5923909382770739,0.2624291856567438,-0.3100539319964717,False,
FO_RIDGE__ROLE5,weekly,10,20,443,1.9185614387630356,0.13397168764953782,0.1551941771299383,0.2419940769152213,0.6413139491191266,-0.334956384803374,0.17164341317204102,0.018594095426942868,0.1781903730833179,0.5923909382770739,0.5248583713134876,-0.3141788125935976,False,
FO_RIDGE__ROLE5,weekly,20,0,443,3.3070663896026433,0.18697392067127327,0.19657824413189026,0.22270103861074986,0.8827001677144463,-0.30190813564310304,0.6835735723992891,0.061146208480980103,0.5205270741941489,0.5575431697859047,0.0,-0.2910749775283067,False,
FO_RIDGE__ROLE5,weekly,20,5,443,2.8065594278217185,0.169886644790751,0.18202194265946947,0.2226037665439682,0.8176948013299536,-0.30337095379781165,0.4978797163130335,0.04742805971921965,0.41402892277655196,0.5575431697859047,0.12349581210757787,-0.292364304366972,False,
FO_RIDGE__ROLE5,weekly,20,10,443,2.363975526593959,0.15303574197554282,0.16746564118704785,0.22252590927084434,0.7525669336024118,-0.30483139418669236,0.3325732684389391,0.03370161802382926,0.30760981816121113,0.5575431697859047,0.24699162421515575,-0.29365193052862537,False,
FO_RIDGE__ROLE5,weekly,20,20,443,1.626640047916533,0.12003053476799175,0.13835303824220546,0.2224285155714624,0.6220112465649892,-0.3077451534597877,0.05445287875098681,0.006223805353484016,0.09533412561528608,0.5575431697859047,0.4939832484303115,-0.29622208714558484,False,
FO_RIDGE__ROLE5,weekly,50,0,443,2.7267547271266293,0.16698066835277836,0.17644418924853505,0.2079517030813385,0.8484863871469254,-0.3296000945874906,0.4567376496797748,0.04415885180245961,0.46801285232379236,0.47241715939754675,0.0,-0.31650793558280466,False,
FO_RIDGE__ROLE5,weekly,50,5,443,2.3564046149288775,0.15273083351368388,0.16412771483422467,0.20793319262426396,0.7893290761461256,-0.33059078897201866,0.3207439651923105,0.03265496561365169,0.35349277257543776,0.47241715939754675,0.1046404008065566,-0.31747042321777297,False,
FO_RIDGE__ROLE5,weekly,50,10,443,2.022694672999041,0.13864776066960305,0.1518112404199139,0.2079313571072618,0.7301026768252263,-0.33158041494476875,0.19738151721027108,0.021144761598858173,0.23927453386598754,0.47241715939754675,0.2092808016131132,-0.3184319452662614,False,
FO_RIDGE__ROLE5,weekly,50,20,443,1.4511139910121091,0.11097444371479148,0.12717829159129274,0.20797770864864187,0.6114996285786958,-0.3336513162603233,-0.016011270360530516,-0.0018946353316544229,0.012189525863536114,0.47241715939754675,0.4185616032262264,-0.32035209528658104,False,
FS_RIDGE__ALL14_S6,monthly,5,0,101,5.2338327183559095,0.2428718557837677,0.2895698203500627,0.4108125426388778,0.7048709333215446,-0.4879142020531009,1.5943662510018557,0.11326838822071639,0.547718390981016,1.845183033775745,0.0,-0.4659243076480385,False,
FS_RIDGE__ALL14_S6,monthly,5,5,101,4.678945841823692,0.22918136513669451,0.27824574723654916,0.4104889948931598,0.6778397245679381,-0.4981980702229569,1.371877032755659,0.10261564023282467,0.5124419346845382,1.845183033775745,0.09318174320567514,-0.47821826491981123,False,
FS_RIDGE__ALL14_S6,monthly,5,10,101,4.172995025181959,0.21562895766847845,0.2669216741230354,0.4101660374725615,0.6507649335566732,-0.5082845529657607,1.16827796463404,0.09195246984100505,0.47709821012274417,1.845183033775745,0.18636348641135028,-0.4902402321779441,False,
FS_RIDGE__ALL14_S6,monthly,5,20,101,3.291169670934522,0.18893334449849775,0.2442735278960082,0.40952189919068177,0.5964846529056299,-0.5278797522287754,0.8115317253108139,0.07059478152260187,0.4062097150293877,1.845183033775745,0.37272697282270056,-0.5134911751384799,False,
FS_RIDGE__ALL14_S6,monthly,10,0,101,3.4940625000199157,0.19547715165302337,0.24053262963086808,0.3696034929751402,0.6507855964636309,-0.44827609659653267,0.8703171237837848,0.07438906947323341,0.47471881848550146,1.7951178959834668,0.0,-0.38937961042262415,False,
FS_RIDGE__ALL14_S6,monthly,10,5,101,3.104409767489477,0.1826642548659254,0.22956307651435442,0.36931218539460564,0.621596268937265,-0.4488278204999361,0.7142539357973563,0.0640369857159593,0.43270239775936514,1.7951178959834668,0.09065345374716506,-0.39120964034080796,False,
FS_RIDGE__ALL14_S6,monthly,10,10,101,2.7482286011651,0.16997708252510257,0.21859352339784074,0.369021549308519,0.5923597790086954,-0.4493795444033396,0.5710824083059076,0.05367502738848738,0.3905989265373212,1.7951178959834668,0.18130690749433012,-0.3930360102003767,False,
FS_RIDGE__ALL14_S6,monthly,10,20,101,2.1251277434750357,0.14497544041644117,0.1966544171648134,0.3684422979723081,0.5337454962339688,-0.4504829922101464,0.31928319947346995,0.03292141287942091,0.306132472351022,1.7951178959834668,0.36261381498866024,-0.4041712190093387,False,
FS_RIDGE__ALL14_S6,monthly,20,0,101,2.7260545000120078,0.16915258016031687,0.20612947564492654,0.32105537360509034,0.6420371455874562,-0.4744794821049959,0.5506912811055042,0.05212286962195896,0.4476594172040364,1.720909211996047,0.0,-0.4072129583443712,False,
FS_RIDGE__ALL14_S6,monthly,20,5,101,2.415778745375901,0.15713736782992327,0.19564174284243283,0.32083436990337993,0.6097904750708311,-0.4749298382631395,0.426639270877478,0.04221641799032662,0.3939923115873622,1.720909211996047,0.08690591520580038,-0.4089049258038462,False,
FS_RIDGE__ALL14_S6,monthly,20,10,101,2.131098982463671,0.14523514965268247,0.1851540100399391,0.32061422769176995,0.577497796566724,-0.4753801944212832,0.3124104886463188,0.032300853152240946,0.34024326189358384,1.720909211996047,0.17381183041160075,-0.4105936787306138,False,
FS_RIDGE__ALL14_S6,monthly,20,20,101,1.6303303382347067,0.12176584625290565,0.16417854443495172,0.32017653483986275,0.5127750680325968,-0.4762809067375705,0.1104028088271769,0.012442317663039621,0.23250536909177907,1.720909211996047,0.3476236608232015,-0.4139615531780665,False,
FS_RIDGE__ALL14_S6,monthly,50,0,101,2.0530380576892338,0.14180501638819054,0.1713603111712364,0.27743129071019124,0.6176675699866957,-0.48442645023989694,0.2705985639573225,0.02845403164055621,0.36541025297435575,1.542969291265106,0.0,-0.40713974581383294,False,
FS_RIDGE__ALL14_S6,monthly,50,5,101,1.8240887336427436,0.1312789431837138,0.16196604638534684,0.27719927555638507,0.5842946236430597,-0.484796209530334,0.1795131336628797,0.019616050068662294,0.29846261767567034,1.542969291265106,0.07791994920888785,-0.4081573686871085,False,
FS_RIDGE__ALL14_S6,monthly,50,10,101,1.612143769177564,0.12084151143070176,0.1525717815994574,0.27696853770086033,0.5508632239097222,-0.4851659688207711,0.09488869554143542,0.010770619033021848,0.2313535108242972,1.542969291265106,0.1558398984177757,-0.40917414118477013,False,
FS_RIDGE__ALL14_S6,monthly,50,20,101,1.2343552378228053,0.10022987246539161,0.13378325202767827,0.27651090665723826,0.48382631139217736,-0.4859054874016452,-0.05675941309285926,-0.006942641538148959,0.09666841917192134,1.542969291265106,0.3116797968355514,-0.4112051350532524,False,
FS_RIDGE__ALL14_S6,weekly,5,0,443,0.7245989382658151,0.06606283554490022,0.1191347797819751,0.3294451498133675,0.36162250331949225,-0.603063529250454,-0.32587777089731407,-0.046288666943823636,-0.041840989011318774,1.336519495701648,0.0,-0.5898761154788497,False,
FS_RIDGE__ALL14_S6,weekly,5,5,443,0.282540276554629,0.02964030945545848,0.08431093082764282,0.32923723901637114,0.25607957070570164,-0.6161329122761234,-0.4953208791212764,-0.08026927247140088,-0.18529323198639763,1.336519495701648,0.296039068297915,-0.6032300923977678,False,
FS_RIDGE__ALL14_S6,weekly,5,10,443,-0.04642278153523438,-0.00556417651764296,0.049487081873311696,0.3290391232220501,0.15039877747277983,-0.6288237971042707,-0.6222589906873948,-0.11427633610503506,-0.32894602357534486,1.336519495701648,0.59207813659583,-0.6166549737595447,False,
FS_RIDGE__ALL14_S6,weekly,5,20,443,-0.4732181541025756,-0.07247716908191293,-0.020160616035351218,0.3286723466160245,-0.0613395566828873,-0.6658728206755795,-0.7885257881753165,-0.18237001202598932,-0.616754330053438,1.336519495701648,1.18415627319166,-0.6724787969741552,False,
FS_RIDGE__ALL14_S6,weekly,10,0,443,0.5920194977729558,0.05609990118848862,0.09854783572440427,0.2971545753698504,0.3316382916256555,-0.4840354038285847,-0.37770126792909786,-0.05567815190670985,-0.16407631160741903,1.2129023588520806,0.0,-0.46029837278648944,False,
FS_RIDGE__ALL14_S6,weekly,10,5,443,0.2168362913992523,0.023304012839456156,0.06694128628653119,0.29691821948947755,0.2254536161560928,-0.50701187755656,-0.5211753727949722,-0.08644217903047323,-0.33008264004293064,1.2129023588520806,0.26865787248573586,-0.486008608510077,False,
FS_RIDGE__ALL14_S6,weekly,10,10,443,-0.07009913024778225,-0.008494683143110637,0.035334736848658066,0.29668950344033557,0.11909668673453391,-0.5297280195892288,-0.6316379142672959,-0.11722759049317123,-0.4963931365658326,1.2129023588520806,0.5373157449714717,-0.5105086127400811,False,
FS_RIDGE__ALL14_S6,weekly,10,20,443,-0.4572405741078498,-0.06921833828875812,-0.027878362027088193,0.2962550610223108,-0.09410256800638651,-0.6313481235623726,-0.782111660272913,-0.17886269215808578,-0.8297955271107764,1.2129023588520806,1.0746314899429434,-0.6429502239547746,False,
FS_RIDGE__ALL14_S6,weekly,20,0,443,0.8760990738840264,0.07665154830049992,0.11104252803033458,0.2733823046461977,0.40618037869730483,-0.3980919142647279,-0.2666584319158056,-0.03640512947264263,-0.11618863716973594,1.0772058066048895,0.0,-0.38252507658481205,False,
FS_RIDGE__ALL14_S6,weekly,20,5,443,0.47775061411172937,0.046906835658462764,0.08295896331585569,0.27316224492036045,0.3036984973528904,-0.4226682956291269,-0.4185056840387368,-0.06363885385244823,-0.29242974141994815,1.0772058066048895,0.238601086162983,-0.3980164414445807,False,
FS_RIDGE__ALL14_S6,weekly,20,10,443,0.16381379605395163,0.017966540701766398,0.05487539860137661,0.2729492979302306,0.20104612474732753,-0.44625312784280746,-0.538977872519723,-0.09088957198593348,-0.4690256686795673,1.0772058066048895,0.477202172325966,-0.42488895972979657,False,
FS_RIDGE__ALL14_S6,weekly,20,20,443,-0.2784626956312518,-0.037585393702513126,-0.0012917308275813887,0.2725448082888139,-0.004739517276779494,-0.5138809786055671,-0.7103420819608125,-0.14544208025359026,-0.8231109197383997,1.0772058066048895,0.954404344651932,-0.5214165194036533,False,
FS_RIDGE__ALL14_S6,weekly,50,0,443,1.4989330472347913,0.11349694525650622,0.1381765480489923,0.24804657922552376,0.5570588737019521,-0.38358568711183905,-0.02320111719757878,-0.0027554717737245642,0.07425843755972104,0.8648371299481158,0.0,-0.3677421392379413,False,
FS_RIDGE__ALL14_S6,weekly,50,5,443,1.063191591851849,0.08873233640556988,0.11562527989335594,0.24790069193226477,0.46641773765177236,-0.38535860045057757,-0.18813487746572066,-0.024464774287319163,-0.10339687040713864,0.8648371299481158,0.19156142428350764,-0.3693204486535483,False,
FS_RIDGE__ALL14_S6,weekly,50,10,443,0.7032660211678887,0.06450641361047982,0.09307401173771979,0.24776143202572926,0.375659807003595,-0.3871276034632255,-0.3252843990970443,-0.0461853915627667,-0.2813903148350293,0.8648371299481158,0.3831228485670153,-0.3708958771765397,False,
FS_RIDGE__ALL14_S6,weekly,50,20,443,0.16049183872670758,0.017625040181768137,0.04797147542644735,0.24750283858801975,0.19382192018532016,-0.4059667570153441,-0.5341257508492504,-0.0896606223697578,-0.6381588534079552,0.8648371299481158,0.7662456971340306,-0.38734445140480334,False,
FS_RIDGE__ROLE5_S2,monthly,5,0,101,5.1602792072022625,0.24112038406587644,0.28029914612362306,0.3604980390487129,0.7775330674843065,-0.5558471705648502,1.563755107648931,0.11185818091003807,0.6438131575753213,1.7465107102785997,0.0,-0.4918526701408763,False,
FS_RIDGE__ROLE5_S2,monthly,5,5,101,4.63999613322191,0.22817668369190258,0.2695863940450185,0.3602347151018162,0.7483631719636543,-0.5632615179112741,1.355609239077351,0.10179794783244386,0.6023470741900684,1.7465107102785997,0.08819879086906927,-0.5003352926911475,False,
FS_RIDGE__ROLE5_S2,monthly,5,10,101,4.163242095332952,0.21535642724952342,0.25887364196641416,0.3599724001851738,0.7191485842615896,-0.5705589631811727,1.1641899918485876,0.09172825588909286,0.5608032423809688,1.7465107102785997,0.17639758173813855,-0.508684169660834,False,
FS_RIDGE__ROLE5_S2,monthly,5,20,101,3.326188252832835,0.19008198438412593,0.23744813780920554,0.35945080627042436,0.6605859095794238,-0.5848100627955573,0.8263149375696677,0.07156042471198237,0.4774852638574419,1.7465107102785997,0.3527951634762771,-0.5249885985345967,False,
FS_RIDGE__ROLE5_S2,monthly,10,0,101,2.3616044334015824,0.15494151614579232,0.18918971819435434,0.3061223448093282,0.6180199564072766,-0.4141534012564021,0.3990162208804646,0.03989338101875537,0.34945073204416754,1.7352935105431313,0.0,-0.3738412072883305,False,
FS_RIDGE__ROLE5_S2,monthly,10,5,101,2.0794371267757588,0.14297359909593776,0.17862650662238871,0.3059189582065662,0.5839013955512178,-0.4247719647911722,0.2861623262934565,0.029900535871279187,0.2963642408039245,1.7352935105431313,0.08763232228242815,-0.3827319210271872,False,
FS_RIDGE__ROLE5_S2,monthly,10,10,101,1.8207329312866105,0.13111914380139456,0.168063295050423,0.3057165757250077,0.5497356322661289,-0.43867789857055195,0.18231953235083775,0.01989840170957406,0.24321879091562582,1.7352935105431313,0.1752646445648563,-0.3915035176811784,False,
FS_RIDGE__ROLE5_S2,monthly,10,20,101,1.366141181970709,0.10774672258300155,0.1469368719064915,0.3053148311027549,0.4812634596746441,-0.4655266211204303,-0.0011255330365685934,-0.0001338020108391362,0.13675780147997707,1.7352935105431313,0.3505292891297126,-0.4086953446577066,False,
FS_RIDGE__ROLE5_S2,monthly,20,0,101,1.689454256732469,0.1247324036049966,0.1542659651616598,0.2726405759330086,0.5658217403397982,-0.46221894051800105,0.11928402196846188,0.013388817598778587,0.2153633926060828,1.6518792722502849,0.0,-0.41045075591450075,False,
FS_RIDGE__ROLE5_S2,monthly,20,5,101,1.4741147770640275,0.11363520491590773,0.14424638891388686,0.27249913599382547,0.5293462248524534,-0.4665467297859006,0.03334248636452153,0.0038968729373321277,0.14999347408928007,1.6518792722502849,0.08341990324863936,-0.4151951492814021,False,
FS_RIDGE__ROLE5_S2,monthly,20,10,101,1.2758543125961004,0.10263812553958163,0.13422681266611394,0.27235884782039715,0.4928307405479543,-0.4708435594929059,-0.0460681418215948,-0.005603529216340193,0.08459725683207237,1.6518792722502849,0.16683980649727873,-0.4199056028406424,False,
FS_RIDGE__ROLE5_S2,monthly,20,20,101,0.9253082262773353,0.08094105462646639,0.11418766017056811,0.2720817338825274,0.4196814631439727,-0.4927258671335212,-0.18722464960381746,-0.0246297658686102,-0.04625978097664513,1.6518792722502849,0.33367961299455745,-0.43011437257273377,False,
FS_RIDGE__ROLE5_S2,monthly,50,0,101,1.401368272529706,0.10969344839994899,0.13239149201326297,0.23869500318053674,0.554647102994145,-0.4083752961453948,-0.0006102049974848756,-7.252173247433671e-05,0.09264988253481835,1.525285542241858,0.0,-0.34426578651874673,False,
FS_RIDGE__ROLE5_S2,monthly,50,5,101,1.2232739816022367,0.09958014536022963,0.12315118748608601,0.2385711249154532,0.5162032393053825,-0.4122130959083349,-0.07142405626602422,-0.00880432986330304,0.008519894086557508,1.525285542241858,0.07702691988321383,-0.3491585471940155,False,
FS_RIDGE__ROLE5_S2,monthly,50,10,101,1.0582605019019833,0.08955100380290659,0.11391088295890886,0.23844884133762145,0.4777162359854858,-0.41602911994067515,-0.1372733068511528,-0.017543445383135525,-0.0756339047424305,1.525285542241858,0.15405383976642767,-0.3540188742937286,False,
FS_RIDGE__ROLE5_S2,monthly,50,20,101,0.7637388477670128,0.06974267282967461,0.09543027390455439,0.23820906803519495,0.40061562178000176,-0.43104864414623245,-0.25543170675950777,-0.03504364761051934,-0.2439715997233634,1.525285542241858,0.30810767953285534,-0.3636429789151667,False,
FS_RIDGE__ROLE5_S2,weekly,5,0,443,6.439474255655634,0.2656188286255665,0.29436075377027443,0.34606664851709573,0.8505897781008878,-0.43501310582213115,1.9079891314427169,0.12530025903882833,0.6421209636109886,1.0318356809055267,0.0,-0.41214840709757883,False,
FS_RIDGE__ROLE5_S2,weekly,5,5,443,4.9189887188505095,0.2321045560849193,0.2674145264188398,0.3459763223746864,0.7729272471115363,-0.4622944885374456,1.329119855124742,0.0992449288597965,0.5404114031065546,1.0318356809055267,0.22855160332057414,-0.44261416470247805,False,
FS_RIDGE__ROLE5_S2,weekly,5,10,443,3.708478953696707,0.19945437052489412,0.24046829906740522,0.345902522236582,0.6951909385122539,-0.4903864662895049,0.8651720677220311,0.0731701402671811,0.4386923562134959,1.0318356809055267,0.4571032066411483,-0.4717184610837455,False,
FS_RIDGE__ROLE5_S2,weekly,5,20,443,1.9780360952332985,0.1366600716755062,0.18657584436453664,0.3458045399268735,0.5395413385954718,-0.5422941747546902,0.1955192475398122,0.02096205779788281,0.23533162351389214,1.0318356809055267,0.9142064132822966,-0.5254991212908435,False,
FS_RIDGE__ROLE5_S2,weekly,10,0,443,4.145426825387437,0.2120141902713677,0.23814738383999082,0.3086688737533903,0.7715302840358877,-0.3849862829134868,1.0112772449592602,0.0820226596089256,0.49479543713053836,0.9668308097715851,0.0,-0.375140437293633,False,
FS_RIDGE__ROLE5_S2,weekly,10,5,443,3.153211012527099,0.18191660680432875,0.21288924847600513,0.3084917316517678,0.6900970970473825,-0.3978247632207086,0.6342869857130249,0.05765856427336164,0.3838036250027138,0.9668308097715851,0.2141530243644061,-0.3893157858113634,False,
FS_RIDGE__ROLE5_S2,weekly,10,10,443,2.351835167804702,0.15254651118682805,0.18763111311201947,0.30833137108552133,0.6085372125821622,-0.4268778625054541,0.32776410218194374,0.033277229958395826,0.27276693521466727,0.9668308097715851,0.4283060487288122,-0.4066571586129858,False,
FS_RIDGE__ROLE5_S2,weekly,10,20,443,1.1821658247855793,0.09592074773177472,0.13711484238404792,0.30806109664378867,0.44508976913301684,-0.48089540118076846,-0.12397930668789547,-0.015537267320004976,0.05070219122057248,0.9668308097715851,0.8566120974576245,-0.4622130385375378,False,
FS_RIDGE__ROLE5_S2,weekly,20,0,443,4.952271482954162,0.2329157857242743,0.2468432616274698,0.278063621908423,0.8877222411666807,-0.33786789455589605,1.3266618291834638,0.09912098543056001,0.6679125498449938,0.8947696925808744,0.0,-0.32588754181125,False,
FS_RIDGE__ROLE5_S2,weekly,20,5,443,3.881821974256371,0.2045553857281759,0.22345733333406073,0.2778931439852592,0.8041124373543881,-0.3438376399211458,0.9209951276327031,0.07663172475275913,0.5398229100657507,0.8947696925808744,0.19819148690666366,-0.33338277379620096,False,
FS_RIDGE__ROLE5_S2,weekly,20,10,443,3.003376547662884,0.17682995160506554,0.2000714050406519,0.27773854088741873,0.7203588108491965,-0.35076403471834905,0.5858595072219206,0.05412771982490351,0.4116322431890344,0.8947696925808744,0.3963829738133273,-0.34144085399725144,False,
FS_RIDGE__ROLE5_S2,weekly,20,20,443,1.6912311351189553,0.12322895096169262,0.15329954845383412,0.27747706258361093,0.5524764714836241,-0.39758223983229213,0.08038268131235005,0.00907538661849405,0.15516820082822597,0.8947696925808744,0.7927659476266546,-0.38516655219409646,False,
FS_RIDGE__ROLE5_S2,weekly,50,0,443,3.79512466410569,0.20202446448680056,0.2129669106554476,0.24284868975638715,0.8769530972931524,-0.34441016824286375,0.8743489026165492,0.0737462529419597,0.6442182000788966,0.7759021025161872,0.0,-0.3318160592999073,False,
FS_RIDGE__ROLE5_S2,weekly,50,5,443,3.0377497758221113,0.17801154306159295,0.19270457593045756,0.24273471638626742,0.7938896372112006,-0.34517282048420317,0.5888530320968617,0.054349084442636884,0.49449948460193305,0.7759021025161872,0.17186231570733546,-0.33256254499077087,False,
FS_RIDGE__ROLE5_S2,weekly,50,10,443,2.399660645493068,0.15446480806837615,0.17244224120546744,0.24263687061983685,0.7107008953954476,-0.3459347895506165,0.34670923201836024,0.03494024505298521,0.34479257342435327,0.7759021025161872,0.3437246314146709,-0.3333083953551932,False,
FS_RIDGE__ROLE5_S2,weekly,50,20,443,1.4093375408350033,0.10873489150525817,0.13191757175548763,0.2424896367710032,0.5440132350070899,-0.3474566799421297,-0.03278223910754119,-0.0039125148205796075,0.045829397574605135,0.7759021025161872,0.6874492628293418,-0.3347981916645252,False,
RAW__XS001_MOM_255_0,monthly,5,0,101,4.296722721682909,0.21904759501443194,0.2660354032371723,0.37013313809778126,0.7187559714442304,-0.6142405016572934,1.2043643599202953,0.09391356774599013,0.4722117189427009,0.7991554282243334,0.0,-0.5221546668078129,False,
RAW__XS001_MOM_255_0,monthly,5,5,101,4.087167909565372,0.21321494400691976,0.26119137068590487,0.3701506452369503,0.7056353245546941,-0.6188159740626027,1.1247141745227331,0.08954106382843643,0.4576469575514696,0.7991554282243334,0.04035734912532884,-0.527519109778161,False,
RAW__XS001_MOM_255_0,monthly,5,10,101,3.8858093441216317,0.2074074283932963,0.25634733813463795,0.3701691297664795,0.6925140902385732,-0.6233397969584148,1.0479031370979106,0.08516630610532792,0.4430821751180898,0.7991554282243334,0.08071469825065768,-0.5328264761790378,False,
RAW__XS001_MOM_255_0,monthly,5,20,101,3.5064254938366863,0.1958674169139687,0.2466592730321035,0.3702090304032637,0.6662702764527945,-0.6322347034990342,0.9024026957332525,0.07641001948163585,0.4139532558320178,0.7991554282243334,0.16142939650131535,-0.5432722702097492,False,
RAW__XS001_MOM_255_0,monthly,10,0,101,4.7433671066696865,0.23082981858126983,0.2561642116499922,0.30965232133599274,0.8272639796297134,-0.5097955856980005,1.3902466527186164,0.10353226486250833,0.5561490164509924,0.7086828880217789,0.0,-0.4218319418533668,False,
RAW__XS001_MOM_255_0,monthly,10,5,101,4.541415713966839,0.22560628122077198,0.25184242344110636,0.3096250983931785,0.813378581865813,-0.5148868986177474,1.314435993404096,0.0997028942371883,0.5399322040177915,0.7086828880217789,0.03578848584509984,-0.4239272140986471,False,
RAW__XS001_MOM_255_0,monthly,10,10,101,4.346489006735976,0.22040283907324332,0.24752063523222068,0.3095985290851988,0.7994890543039536,-0.5199276749097401,1.2409985405033273,0.09587186656019511,0.5237138797578144,0.7086828880217789,0.07157697169019968,-0.42642360192293516,False,
RAW__XS001_MOM_255_0,monthly,10,20,101,3.976751106079335,0.21005596268163051,0.23887705881444893,0.30954735204284156,0.7716979558635934,-0.5298595272814948,1.1009522365670077,0.0882048342104678,0.4912733869736203,0.7086828880217789,0.14315394338039936,-0.43138762265218533,False,
RAW__XS001_MOM_255_0,monthly,20,0,101,4.5262814488175795,0.22520810563163862,0.23407385133775688,0.2439497862839375,0.95951652552511,-0.3683197869931534,1.29990099704363,0.09895438541524901,0.6609843757806839,0.6668539735675548,0.0,-0.30928195435003114,False,
RAW__XS001_MOM_255_0,monthly,20,5,101,4.343244027527723,0.22031481073848447,0.22999584452747468,0.24387668942357218,0.9430825269569373,-0.37292876479999126,1.2316673097963537,0.09537611627626497,0.639360484389171,0.6668539735675548,0.033676125665161524,-0.310431473624623,False,
RAW__XS001_MOM_255_0,monthly,20,10,101,4.166206317786902,0.21543930577409287,0.22591783771719232,0.24380404378818732,0.9266369589565369,-0.3775060907434099,1.165432455488681,0.091796446336752,0.617732910329197,0.6668539735675548,0.06735225133032305,-0.3115796079706352,False,
RAW__XS001_MOM_255_0,monthly,20,20,101,3.829357847142906,0.2057414322624962,0.2177618240966281,0.24366010780420846,0.8937114329425201,-0.3872995021427825,1.038729676021609,0.08463289972996424,0.5744677643891148,0.6668539735675548,0.1347045026606461,-0.3138717261350602,False,
RAW__XS001_MOM_255_0,monthly,50,0,101,2.7193664758245837,0.16890304979394477,0.1774410794293519,0.20283284983070318,0.8748143093066786,-0.3526620413283691,0.5479078916528719,0.05190941844130899,0.4590783659746551,0.6022904658058472,0.0,-0.2691872217999699,False,
RAW__XS001_MOM_255_0,monthly,50,5,101,2.6079250259457005,0.16468588540516782,0.17376945183975814,0.20275133828639774,0.8570569906389418,-0.35676152120513505,0.5068913744380541,0.04871867362949242,0.4318989176156215,0.6022904658058472,0.03041566852319529,-0.2739412871974264,False,
RAW__XS001_MOM_255_0,monthly,50,10,101,2.49978859769728,0.16048259460902026,0.17009782425016437,0.20267017830181536,0.8392839325224039,-0.3608365359418815,0.46694795961021573,0.045526814793262635,0.40471841596517494,0.6022904658058472,0.06083133704639058,-0.2786661367786559,False,
RAW__XS001_MOM_255_0,monthly,50,20,101,2.2930455905091565,0.15211746876782328,0.16275456907097674,0.20250891470073445,0.8036908859617055,-0.3689137177378139,0.39017028399230624,0.03913975201290068,0.3503559923080631,0.6022904658058472,0.12166267409278116,-0.28802886392464466,False,
RAW__XS001_MOM_255_0,weekly,5,0,443,5.758079748375077,0.251428083166894,0.3022312080670781,0.3945867469567235,0.7659436369773094,-0.5068868659067053,1.6416413018376388,0.11402442961511944,0.5179972866604728,0.39754602454442867,0.0,-0.48925523362674206,False,
RAW__XS001_MOM_255_0,weekly,5,5,443,5.188351878886517,0.23855772633646666,0.2918225888439284,0.39448095312050785,0.7397634449407271,-0.5190498393431209,1.4351141582192808,0.10446877913855993,0.489297513062501,0.39754602454442867,0.08805644443659096,-0.5015582324914343,False,
RAW__XS001_MOM_255_0,weekly,5,10,443,4.666500278214336,0.22581583426236684,0.2814139696207786,0.39437810893234043,0.7135638699181905,-0.5309168408035424,1.2446735229360089,0.09490998758449669,0.4605825253902334,0.39754602454442867,0.1761128888731819,-0.5135687671221496,False,
RAW__XS001_MOM_255_0,weekly,5,20,443,3.7507194659883556,0.2007124808862064,0.26059673117447907,0.3941812786688976,0.6611088483311095,-0.5537911770668325,0.9071550443401197,0.07578297190786411,0.4031103803560183,0.39754602454442867,0.3522257777463638,-0.5367397254037083,False,
RAW__XS001_MOM_255_0,weekly,10,0,443,3.6156610158150313,0.19665446461388836,0.23513155666108,0.3319857134463218,0.7082580579151879,-0.4442161475858779,0.804199007505138,0.06926878096425503,0.39900947331590514,0.3630011162861157,0.0,-0.43243963915347605,False,
RAW__XS001_MOM_255_0,weekly,10,5,443,3.2590271170949414,0.18541220095357636,0.22564739864755715,0.3319159758048652,0.6798328947571243,-0.45558493874365447,0.6759255834275317,0.06061176340508109,0.3663054366491795,0.3630011162861157,0.08040474725737462,-0.4438861235400705,False,
RAW__XS001_MOM_255_0,weekly,10,10,443,2.9298735498681725,0.17427291226011254,0.21616324063403408,0.33184791051511936,0.6513925017592823,-0.4667239763535609,0.5567427288039346,0.05195253609095786,0.3335944882453672,0.3630011162861157,0.16080949451474924,-0.4551044723997333,False,
RAW__XS001_MOM_255_0,weekly,10,20,443,2.345722487195749,0.15229959082088618,0.19719492460698823,0.33171680108328383,0.5944677024588775,-0.4883310475698578,0.3431253021988452,0.034627447172447305,0.26815484663832284,0.3630011162861157,0.3216189890294985,-0.4768746477884154,False,
RAW__XS001_MOM_255_0,weekly,20,0,443,4.09223246709185,0.21053664337912803,0.22967690378467187,0.27605911898043045,0.8319844844573071,-0.362260760404576,0.9904842950192772,0.0808028320990719,0.48247081807722825,0.3187058945491386,0.0,-0.3501247886723171,False,
RAW__XS001_MOM_255_0,weekly,20,5,443,3.7451177237349986,0.20054620530354228,0.22134873288622786,0.2759979222698865,0.8019942000497395,-0.3715805810288567,0.867202055996128,0.07329782471872458,0.44630352646637056,0.3187058945491386,0.0705933556426342,-0.359463598423188,False,
RAW__XS001_MOM_255_0,weekly,20,10,443,3.421604659999506,0.19063633404895697,0.21302056198778407,0.2759376837195712,0.7719879326242068,-0.38076612966283796,0.7515324136398029,0.06579127680470034,0.4101324717634309,0.3187058945491386,0.1411867112852684,-0.3686700984629445,False,
RAW__XS001_MOM_255_0,weekly,20,20,443,2.8390889800933334,0.1710557583389607,0.1963642201908958,0.2758200836007645,0.7119286515594093,-0.398742011542209,0.5411850702769903,0.05077355671691033,0.33778152488444907,0.3187058945491386,0.2823734225705368,-0.38669353530947714,False,
RAW__XS001_MOM_255_0,weekly,50,0,443,2.0837430429629284,0.1413234111685442,0.15748778063085161,0.22342045975761968,0.7048941748741548,-0.3532758621415052,0.20539314270507636,0.021927539973742707,0.1930377908783551,0.30072261271659945,0.0,-0.3374515949144692,False,
RAW__XS001_MOM_255_0,weekly,50,5,443,1.8850100815291837,0.132433686242863,0.14963979505036995,0.2233605765708865,0.6699472097882937,-0.3621361253094342,0.1352503919672332,0.014890221864109371,0.14506278775173723,0.30072261271659945,0.06661005871672679,-0.3463330305071325,False,
RAW__XS001_MOM_255_0,weekly,50,10,443,1.69905387162934,0.12361170445696246,0.1417918094698879,0.22330141426475553,0.6349794511456769,-0.3708766304630582,0.06917752848563152,0.007851611224608788,0.0970810501591813,0.30072261271659945,0.13322011743345358,-0.35509698944217316,False,
RAW__XS001_MOM_255_0,weekly,50,20,443,1.3622462981587908,0.10616895448262209,0.12609583830892382,0.22318525458042204,0.5649828369978033,-0.38800473257049795,-0.05168680749074439,-0.006229489595979371,0.001101161284345991,0.30072261271659945,0.26644023486690716,-0.37227858976664885,False,
RAW__XS002_MOM_12_1,monthly,5,0,101,5.307682199507172,0.24461214956058752,0.277542604506104,0.34099400405929237,0.8139222426264265,-0.4365455134712738,1.6251005697121834,0.11466762862348498,0.5810158197476598,0.7899805621902344,0.0,-0.3576412139082693,False,
RAW__XS002_MOM_12_1,monthly,5,5,101,5.060940043057053,0.23872541479901055,0.2727034809452825,0.34090049394362015,0.7999503837339221,-0.438744955567275,1.5314213034332442,0.11035020891246547,0.5646639243258321,0.7899805621902344,0.03989401839060683,-0.35988324329334453,False,
RAW__XS002_MOM_12_1,monthly,5,10,101,4.82374080189129,0.2328637795130708,0.26786435738446074,0.34080807685464626,0.7859683369496673,-0.44093709873631626,1.4410402080440559,0.10603060553238897,0.548298210850885,0.7899805621902344,0.07978803678121366,-0.36211880552197895,False,
RAW__XS002_MOM_12_1,monthly,5,20,101,4.376525391937439,0.2212154254430514,0.25818611026281746,0.3406265253049263,0.7579741772361713,-0.44529956843530416,1.269718297415332,0.09738483870149592,0.5155263344725758,0.7899805621902344,0.1595760735624273,-0.3665705877946548,False,
RAW__XS002_MOM_12_1,monthly,10,0,101,4.246789248464331,0.21767647362356857,0.2441725624974102,0.30601180362831465,0.79791877176733,-0.4476863828731521,1.1835832893387677,0.0927881867041078,0.5404581941356721,0.7599324090072801,0.0,-0.35964500369137087,False,
RAW__XS002_MOM_12_1,monthly,10,5,101,4.049208462389146,0.21213581446758312,0.2395348727246438,0.30595250391101725,0.7829152226657694,-0.45260712372535505,1.1088599749157728,0.08865118873983117,0.5217889020701431,0.7599324090072801,0.03837658665486766,-0.36472080627545356,False,
RAW__XS002_MOM_12_1,monthly,10,10,101,3.8589879380100616,0.2066180022090789,0.23489718295187711,0.30589400320659776,0.7679038506460353,-0.4574863149762527,1.036660856065526,0.08451227305136724,0.5031138390632335,0.7599324090072801,0.07675317330973531,-0.3699016259252327,False,
RAW__XS002_MOM_12_1,monthly,10,20,101,3.4995527447924317,0.19565058000802815,0.2256218034063438,0.3057794006645034,0.7378580863067774,-0.4671213729524011,0.8995013415830981,0.07622868117950793,0.4657475333877548,0.7599324090072801,0.15350634661947063,-0.38186370210198095,False,
RAW__XS002_MOM_12_1,monthly,20,0,101,3.28304431797599,0.18866564563624832,0.2048044783884894,0.2485595797256023,0.8239653390731653,-0.39424222259969655,0.7824966007481753,0.06867504549990289,0.5195796005909185,0.6865484895350459,0.0,-0.3050070044378085,False,
RAW__XS002_MOM_12_1,monthly,20,5,101,3.1370658717609574,0.18377833769671792,0.20062394319478005,0.2485176582168483,0.8072824467858224,-0.39446253420401145,0.7278931332572733,0.06497855338094435,0.49569618062130993,0.6865484895350459,0.034670698721519816,-0.31048511736099416,False,
RAW__XS002_MOM_12_1,monthly,20,10,101,2.996010514746498,0.1789092920248594,0.1964434080010707,0.2484763346704095,0.7905920226231697,-0.39468284580832613,0.6749410164503273,0.06128054858584089,0.4718252881386403,0.6865484895350459,0.06934139744303963,-0.31592241560885337,False,
RAW__XS002_MOM_12_1,monthly,20,20,101,2.728017414795448,0.16922574164764392,0.18808233761365223,0.24839548265389602,0.757189042264985,-0.39779814760309473,0.5737951042011373,0.05387999599604448,0.4241227552041653,0.6865484895350459,0.13868279488607926,-0.3266757124333737,False,
RAW__XS002_MOM_12_1,monthly,50,0,101,2.6608812779859496,0.1667039566393207,0.17590213630006482,0.20532994626270318,0.8566803795633987,-0.3576678961986205,0.5235678058162838,0.05002631584878153,0.4656717874982648,0.6423523912894021,0.0,-0.23161540876669695,False,
RAW__XS002_MOM_12_1,monthly,50,5,101,2.5440126004042165,0.16221523793789205,0.17199316964518022,0.20527434225327224,0.8378697880954408,-0.3578709073218016,0.48019761498482794,0.0465951210892198,0.43516971719311615,0.6423523912894021,0.03243879576011481,-0.23212063289145368,False,
RAW__XS002_MOM_12_1,monthly,50,10,101,2.4308368963408196,0.1577422693504722,0.16808420299029564,0.20521913034482756,0.8190474382571716,-0.3580739184449827,0.4380466260602227,0.04316265540776534,0.4046744451001104,0.6423523912894021,0.06487759152022962,-0.237022861558441,False,
RAW__XS002_MOM_12_1,monthly,50,20,101,2.215105988872734,0.1488433826821265,0.16026626968052643,0.20510988409520753,0.7813678525903428,-0.35847994069134503,0.35726781873235836,0.03629390759679728,0.3437066342771649,0.6423523912894021,0.12975518304045924,-0.2474191054702738,False,
RAW__XS002_MOM_12_1,weekly,5,0,443,7.368077491693262,0.2832142637940136,0.3312808150288968,0.40614208708120436,0.8156771375497959,-0.49002173742247823,2.2709674851572896,0.1391071377535568,0.6067543696942055,0.4057627334921054,0.0,-0.4939153086486462,False,
RAW__XS002_MOM_12_1,weekly,5,5,443,6.6486892794142,0.2697457288640921,0.3206965040264078,0.40614568868633044,0.7896095242662646,-0.5017757369409306,2.009756381124345,0.12933786732968142,0.5773010112482948,0.4057627334921054,0.08987644546850135,-0.5055795689807927,False,
RAW__XS002_MOM_12_1,weekly,5,10,443,5.990957746581888,0.2564145970639389,0.310112193023919,0.4061517834046689,0.7635376863898663,-0.5132624646871979,1.7693315067941526,0.11956548488688812,0.5478476739891763,0.4057627334921054,0.1797528909370027,-0.5169785981016134,False,
RAW__XS002_MOM_12_1,weekly,5,20,443,4.83984018792908,0.2301591089707633,0.28894357101894125,0.4061714516861557,0.7113832590139909,-0.5354579523303064,1.3443776784306425,0.10001137513765265,0.48894423888877186,0.4057627334921054,0.3595057818740054,-0.5390046281062701,False,
RAW__XS002_MOM_12_1,weekly,10,0,443,4.4694938021975235,0.2207348244901226,0.2583112678064338,0.34273119656645945,0.753684725505705,-0.48334945044183064,1.1379506111190802,0.08919205646768351,0.48981692490142775,0.38182337485586176,0.0,-0.48220091763873096,False,
RAW__XS002_MOM_12_1,weekly,10,5,443,4.025885851449657,0.2086745624065005,0.2483532294599914,0.34271945682673877,0.7246545958012122,-0.49306116502704933,0.9776842096220835,0.08004555664391391,0.4550148865872454,0.38182337485586176,0.08457387753057338,-0.4933149521578625,False,
RAW__XS002_MOM_12_1,weekly,10,10,443,3.6181603889268468,0.19673050806365655,0.23839519111354918,0.3427093791104988,0.6956191036624184,-0.5025928402488529,0.8293941305448356,0.07089663987175115,0.42021487869579344,0.38182337485586176,0.16914775506114677,-0.5041932539169584,False,
RAW__XS002_MOM_12_1,weekly,10,20,443,2.8990112535766555,0.17318666600445365,0.21847911442066453,0.34269421031078834,0.637533719120981,-0.5221727038902115,0.565240598489132,0.052591549796696044,0.3506242706618351,0.38182337485586176,0.33829551012229353,-0.5252623183428997,False,
RAW__XS002_MOM_12_1,weekly,20,0,443,3.51397599392784,0.19352944948204298,0.2188363148201965,0.2885156169503683,0.7584903622663922,-0.4320679506969781,0.7644517178020198,0.06665390526867163,0.4339074980182279,0.3422615228196507,0.0,-0.4255294574685474,False,
RAW__XS002_MOM_12_1,weekly,20,5,443,3.1843842555428736,0.1829544942607939,0.2099022171893382,0.2884752820902481,0.7276263521381056,-0.4408627413116136,0.6465536452228617,0.05853631826395773,0.3944711194123745,0.3422615228196507,0.07581092730455263,-0.4343477603869852,False,
RAW__XS002_MOM_12_1,weekly,20,10,443,2.8787968526289918,0.17247106840364568,0.20096811955847996,0.2884360768300144,0.6967509812474589,-0.4495231915798271,0.5365096917788503,0.05041692400426189,0.3550408333588213,0.3422615228196507,0.15162185460910527,-0.4430325635168666,False,
RAW__XS002_MOM_12_1,weekly,20,20,443,2.3327862014196747,0.15177571672000512,0.183099924296764,0.28836105693888126,0.6349675862631217,-0.46644913623202,0.33793208823419674,0.0341727102042635,0.27620195558000354,0.3422615228196507,0.30324370921821053,-0.46000961261413464,False,
RAW__XS002_MOM_12_1,weekly,50,0,443,2.7965720758607624,0.16952592951324985,0.18454127905194112,0.23553767491817285,0.7834894316421006,-0.36855406363458454,0.4840283001112389,0.04633754213407945,0.3774632806736256,0.31266585068004854,0.0,-0.3480158813362467,False,
RAW__XS002_MOM_12_1,weekly,50,5,443,2.542515218495473,0.16005619756695522,0.1763832198377778,0.23550052086303674,0.7489716761193891,-0.3691053841136358,0.39397841834065317,0.03898965052062481,0.327287411285533,0.31266585068004854,0.06925548592563074,-0.34854195408702004,False,
RAW__XS002_MOM_12_1,weekly,50,10,443,2.3054188577729393,0.15066149448396704,0.16822516062361456,0.2354640585992107,0.7144409283709614,-0.36965632186553476,0.30937718661763625,0.03164036770444471,0.27710982403522105,0.31266585068004854,0.1385109718512615,-0.3490676886433294,False,
RAW__XS002_MOM_12_1,weekly,50,20,443,1.8776644030387186,0.13209485341881955,0.15190904219528778,0.23539321072528574,0.6453416465463496,-0.3796208897125841,0.15522548141695403,0.01693762627578997,0.1767535760523238,0.31266585068004854,0.277021943702523,-0.36476831597797654,False,
RAW__XS003_MOM_12_7,monthly,5,0,101,4.515582422461594,0.22492603898363006,0.2445987121724223,0.28888888503672727,0.8466878611176948,-0.38759658021908716,1.2954483281719074,0.0987241395326924,0.5036231724220794,0.964676702192064,0.0,-0.3176173353799616,False,
RAW__XS003_MOM_12_7,monthly,5,5,101,4.253253161879883,0.21785461224233327,0.23869014617935963,0.288749124797313,0.8266350464158384,-0.3887944158691852,1.1940815899580106,0.09335804541710735,0.4812033662668718,0.964676702192064,0.04871617346069924,-0.3189520475260551,False,
RAW__XS003_MOM_12_7,monthly,5,10,101,4.003265007347041,0.2108201077760894,0.23278158018629685,0.2886109655059417,0.80655833633426,-0.38999056119950526,1.09713506659975,0.08798877140049799,0.4587603363039988,0.964676702192064,0.09743234692139847,-0.32028487619978896,False,
RAW__XS003_MOM_12_7,monthly,5,20,101,3.5380416177239526,0.19686117504768297,0.22096444820017133,0.28833945894588814,0.7663344067023414,-0.39237778695546843,0.9157495488863832,0.07724066796737865,0.4138067115384598,0.964676702192064,0.19486469384279695,-0.322944889876699,False,
RAW__XS003_MOM_12_7,monthly,10,0,101,7.780529814261511,0.2944982626601742,0.296894516477982,0.27465368827683506,1.0809777153938287,-0.35589941195581665,2.6542382905076636,0.15396685181383726,0.828257682449788,0.9667074093145112,0.0,-0.30601206660630464,False,
RAW__XS003_MOM_12_7,monthly,10,5,101,7.362062799217314,0.2870096197329757,0.29094192699832555,0.27450301575037667,1.0598860861437596,-0.3570618712048965,2.4925116830405964,0.1485886523552348,0.8023470262228845,0.9667074093145112,0.04881872417038282,-0.3072645614912618,False,
RAW__XS003_MOM_12_7,monthly,10,10,101,6.963333975524279,0.27956037863992567,0.2849893375186693,0.27435334604872447,1.0387674931730406,-0.3582227759700456,2.337857759401868,0.14320743110611428,0.7764089777252888,0.9667074093145112,0.09763744834076564,-0.30851538149327296,False,
RAW__XS003_MOM_12_7,monthly,10,20,101,6.221448139137879,0.2647793548097839,0.2730841585593565,0.2740570216808557,0.9964501434207655,-0.3605399275154505,2.0485586471545973,0.13243590941195552,0.7244526900076534,0.9667074093145112,0.19527489668153128,-0.3110120027387814,False,
RAW__XS003_MOM_12_7,monthly,20,0,101,5.919101548725101,0.25836863729334425,0.25993735470362955,0.24009083869143877,1.0826625294007874,-0.3445726621499494,1.8795581075523837,0.12565982346509408,0.8613397366182626,0.9273393955038355,0.0,-0.2337823850452727,False,
RAW__XS003_MOM_12_7,monthly,20,5,101,5.6024696077017335,0.2513847573165968,0.254245741820573,0.23995461328944284,1.0595576319005444,-0.3448718195725601,1.7575973531288378,0.12051799323256854,0.8287322366459191,0.9273393955038355,0.046830639472943685,-0.2350854333289346,False,
RAW__XS003_MOM_12_7,monthly,20,10,101,5.300182047610312,0.24443622689561306,0.24855412893751633,0.23981909311077845,1.036423437823205,-0.34517097699517085,1.6407421311092185,0.1153734639116174,0.7960865624299779,0.9273393955038355,0.09366127894588737,-0.23638682852227266,False,
RAW__XS003_MOM_12_7,monthly,20,20,101,4.736095575710592,0.23064456801361444,0.23717090317140288,0.2395501732047885,0.9900677590771281,-0.3457692918403924,1.4215120611979364,0.10507629668049626,0.7306834883063499,0.9273393955038355,0.18732255789177474,-0.23898466520173856,False,
RAW__XS003_MOM_12_7,monthly,50,0,101,3.328723425819102,0.1901648218555534,0.19612393155704605,0.20544541835320637,0.954627915916165,-0.3508383783114202,0.801507110192081,0.06993547699199039,0.6378521201079657,0.8214052734690664,0.0,-0.23970705684390436,False,
RAW__XS003_MOM_12_7,monthly,50,5,101,3.152799747061512,0.18431234467048396,0.19111338968687114,0.20535465638517575,0.9306503833465901,-0.3510935808133463,0.7344645671996026,0.06542955552101733,0.5982990791884151,0.8214052734690664,0.041480966310187856,-0.24091775456896913,False,
RAW__XS003_MOM_12_7,monthly,50,10,101,2.9839542933821033,0.17848613371690103,0.18610284781669617,0.20526444577818753,0.9066492110270389,-0.3513487833152723,0.6698876114124481,0.06092154363666464,0.5587109338479438,0.8214052734690664,0.08296193262037571,-0.24212700614928662,False,
RAW__XS003_MOM_12_7,monthly,50,20,101,2.6663815194989837,0.1669120840808349,0.17608176407634618,0.20508568155320314,0.8585765848829734,-0.35185918831912444,0.5477753034685398,0.0518992410099502,0.47943384153984125,0.8214052734690664,0.16592386524075142,-0.24454117548218646,False,
RAW__XS003_MOM_12_7,weekly,5,0,443,3.708364594984797,0.19945095091452636,0.2528808223731883,0.37981849373600457,0.6657938634998506,-0.45877563944723077,0.8404355736128255,0.07160297507126465,0.40735314938655326,0.5283404265583781,0.0,-0.4204410663409852,False,
RAW__XS003_MOM_12_7,weekly,5,5,443,3.188285880383571,0.18308391472856145,0.2390601009581765,0.3796639007363979,0.6296624474818238,-0.4727089171566424,0.6480889331437143,0.058645716714468894,0.3646240510576856,0.5283404265583781,0.11702740448268072,-0.4351197756826627,False,
RAW__XS003_MOM_12_7,weekly,5,10,443,2.7254926928281136,0.16693427363486069,0.2252393795431652,0.37951324698152017,0.5934954348355932,-0.48628920877218107,0.4757812400775352,0.04568340903147693,0.3218518348233599,0.5283404265583781,0.23405480896536143,-0.4494326368507887,False,
RAW__XS003_MOM_12_7,weekly,5,20,443,1.9472837103232385,0.13527597453423845,0.19759793671314183,0.37922377586245876,0.5210589348301011,-0.5124258120677141,0.18317384040167228,0.019743627979130287,0.2361860427563663,0.5283404265583781,0.46810961793072287,-0.4769964835993489,False,
RAW__XS003_MOM_12_7,weekly,10,0,443,6.553670921165376,0.2678839420830659,0.2882971710051791,0.31902221360041644,0.9036899586129721,-0.3548032951720046,1.9526270521797602,0.12708838738605335,0.6817247562045091,0.4965950152369731,0.0,-0.335967730557136,False,
RAW__XS003_MOM_12_7,weekly,10,5,443,5.766750341445218,0.25161644167310504,0.27533029550214505,0.31899566344029123,0.8631161080146803,-0.36030227370407,1.6627137376928327,0.11495706964745962,0.6294562677953156,0.4965950152369731,0.10999579587498953,-0.3398785235445255,False,
RAW__XS003_MOM_12_7,weekly,10,10,443,5.061603981373612,0.23555275570393652,0.2623634199991115,0.3189715350443217,0.8225292578620084,-0.37403978589319287,1.4011861458516717,0.1028218235225755,0.5771980856010704,0.4965950152369731,0.21999159174997907,-0.35396913388112294,False,
RAW__XS003_MOM_12_7,weekly,10,20,443,3.863604695999217,0.20402688664795776,0.23642966899304393,0.31893054568827706,0.7413202410036022,-0.4006484267532312,0.9524723141532576,0.07853953497265727,0.4727213307369202,0.4965950152369731,0.43998318349995813,-0.3812670432985603,False,
RAW__XS003_MOM_12_7,weekly,20,0,443,6.663929637734143,0.2700424462260844,0.27725507853579456,0.2755247300034467,1.0062801931874727,-0.3222264575577093,1.995725682326254,0.1287893860229033,0.8365869666210094,0.46127638034901225,0.0,-0.31005219154620445,False,
RAW__XS003_MOM_12_7,weekly,20,5,443,5.919465529858033,0.2548995614156204,0.26520135265149763,0.2754743381046051,0.962708012935831,-0.3232429154665607,1.7228071074231526,0.11757673903401061,0.7729853522131122,0.46127638034901225,0.10217271824730621,-0.3111061960065199,False,
RAW__XS003_MOM_12_7,weekly,20,10,443,5.247147569805085,0.23993326378720115,0.2531476267672009,0.2754255209608027,0.9191146335463504,-0.3248838157291033,1.4746856181633303,0.10636093674805558,0.7093709453105393,0.46127638034901225,0.20434543649461243,-0.31215895142710115,False,
RAW__XS003_MOM_12_7,weekly,20,20,443,4.0917220320319,0.2105223994748926,0.22904017499860774,0.27533261426178973,0.8318672149055086,-0.3294273177254118,1.0440489966391069,0.08391985877349113,0.5821141277150146,0.46127638034901225,0.40869087298922485,-0.3143389469730533,False,
RAW__XS003_MOM_12_7,weekly,50,0,443,3.737704078150312,0.200325880720033,0.20959279303420178,0.23138881232339992,0.9058034869087145,-0.3468558419382821,0.8519039778623079,0.07233215107858319,0.6804640580698093,0.4149759647510168,0.0,-0.3327022742651782,False,
RAW__XS003_MOM_12_7,weekly,50,5,443,3.3215968105668416,0.18744326516607623,0.198760474764698,0.2313441476499849,0.8591549722944156,-0.3475236862967964,0.7005467344917888,0.06232367948048406,0.5955555226833843,0.4149759647510168,0.09191717619235024,-0.33334400938108955,False,
RAW__XS003_MOM_12_7,weekly,50,10,443,2.9419529359290637,0.1746960157179489,0.18792815649519354,0.23130048218157542,0.8124849318198404,-0.34819099467465653,0.5615277419042592,0.05231278220351659,0.5106383019177945,0.4149759647510168,0.18383435238470047,-0.33398526121627503,False,
RAW__XS003_MOM_12_7,weekly,50,20,443,2.2795813818306647,0.1496020609772466,0.16626351995618532,0.2312161511112326,0.7190826382893982,-0.3495240047531534,0.31657325179083107,0.032283705791181644,0.3407939482894872,0.4149759647510168,0.36766870476940094,-0.335266316114638,False,
RAW__XS004_HIGH_52W,monthly,5,0,101,0.76741109630676,0.07000705910988203,0.08020754672265565,0.15776439772207138,0.5084008044955414,-0.24826418776038373,-0.2644474263156418,-0.036491080550371494,-0.2652340388074133,1.847512038781331,0.0,-0.2004483565706835,False,
RAW__XS004_HIGH_52W,monthly,5,5,101,0.6099006239386509,0.05820591895535032,0.06905945464206574,0.1576923677373102,0.4379378382922598,-0.2557430508833226,-0.3276064922441908,-0.0471578058801664,-0.3323715155837304,1.847512038781331,0.09329935795845722,-0.2102409868948717,False,
RAW__XS004_HIGH_52W,monthly,5,10,101,0.466298150435954,0.04652397612973558,0.05791136256147579,0.15762172234208252,0.36740724375408224,-0.26480223648004686,-0.38539628325621733,-0.05783496022395234,-0.3995968658458346,1.847512038781331,0.18659871591691443,-0.22387814239616788,False,
RAW__XS004_HIGH_52W,monthly,5,20,101,0.21605609580614327,0.023513318038425712,0.03561517840029621,0.15748459273699808,0.22615023972392115,-0.2885820510480144,-0.4866378245932459,-0.079220636193698,-0.5343025948368488,1.847512038781331,0.37319743183382886,-0.2504866848603883,False,
RAW__XS004_HIGH_52W,monthly,10,0,101,1.520915855714469,0.11611746223958463,0.12101860464753,0.14663214804975824,0.8253210926601406,-0.23487196604011973,0.04914252806673858,0.00569978502189494,-0.012773120045126428,1.8098672043130908,0.0,-0.18731406286498598,False,
RAW__XS004_HIGH_52W,monthly,10,5,101,1.3006276030445694,0.10405737392092607,0.11005048042584603,0.1465027565211848,0.7511836844512365,-0.24664854072166686,-0.039116426785157254,-0.004740835134988653,-0.09333571398175193,1.8098672043130908,0.09139829381781107,-0.19819427783300791,False,
RAW__XS004_HIGH_52W,monthly,10,10,101,1.099412405531159,0.09211668129378081,0.09908235620416218,0.14637444670909178,0.676910201417061,-0.25825388577814046,-0.1200243504134374,-0.01519141102777338,-0.1739968563355252,1.8098672043130908,0.18279658763562215,-0.21133630279686166,False,
RAW__XS004_HIGH_52W,monthly,10,20,101,0.7477959233911526,0.06858919583923706,0.07714610776079425,0.1461210836086655,0.5279601400123972,-0.28096023183879215,-0.2621620659659314,-0.03612250456366039,-0.3356016705420271,1.8098672043130908,0.3655931752712443,-0.23701099722531616,False,
RAW__XS004_HIGH_52W,monthly,20,0,101,1.134502917815523,0.0942696817729396,0.10032820377251625,0.1405479180270185,0.7138362857372917,-0.26262208521116615,-0.1116729333561488,-0.014069142832856266,-0.1975106780216779,1.7023180673029359,0.0,-0.19028493746617414,False,
RAW__XS004_HIGH_52W,monthly,20,5,101,0.9585992429389008,0.0831450113912151,0.09003348067884678,0.14046380201987452,0.64097282989754,-0.26398560758229783,-0.18196850435052503,-0.023863893847325193,-0.2848184657379956,1.7023180673029359,0.08596706239879826,-0.19259043985198454,False,
RAW__XS004_HIGH_52W,monthly,20,10,101,0.7970579190987694,0.07212395299249064,0.07973875758517758,0.14038070891267168,0.5680179150169531,-0.2653478764109747,-0.24675723286319906,-0.03366744988822082,-0.3722365911978086,1.7023180673029359,0.1719341247975965,-0.2029471382350232,False,
RAW__XS004_HIGH_52W,monthly,20,20,101,0.5125084875106036,0.05038917183748737,0.059149311397838925,0.14021759864976335,0.4218394264872739,-0.2831069206258229,-0.361489449255306,-0.0533010391341067,-0.547387130256767,1.7023180673029359,0.343868249595193,-0.2278460061918689,False,
RAW__XS004_HIGH_52W,monthly,50,0,101,1.2414982204789409,0.10064718339110579,0.10590124876182028,0.13890192140272148,0.7624174503301389,-0.28991233136382866,-0.06714414748925612,-0.008257970968830129,-0.1692207329172424,1.36388550634634,0.0,-0.19247883883837313,False,
RAW__XS004_HIGH_52W,monthly,50,5,101,1.0922580671581157,0.09167383439574706,0.09765028222601499,0.13884389528338775,0.7033098720451884,-0.2904098943584663,-0.12614435947914615,-0.016020604514567466,-0.24830613491260548,1.36388550634634,0.06887621807049016,-0.19431995342735686,False,
RAW__XS004_HIGH_52W,monthly,50,10,101,0.9528591065330108,0.08276736567255472,0.08939931569021017,0.13878745121532293,0.6441455254590046,-0.29090745735310397,-0.18145265013443512,-0.02378899417227417,-0.3275543915316389,1.36388550634634,0.13775243614098032,-0.19615827192741198,False,
RAW__XS004_HIGH_52W,monthly,50,20,101,0.7010556844285667,0.06515326426040291,0.07289738261859988,0.13867931690581184,0.5256543242718039,-0.2919025833423794,-0.2818936152222662,-0.03934307556779699,-0.4865159715872994,1.36388550634634,0.27550487228196063,-0.1998265291453709,False,
RAW__XS004_HIGH_52W,weekly,5,0,443,-0.029301097981024093,-0.0034847164189556468,0.014124187129031494,0.18692464139389972,0.07556086251500727,-0.45012915708283185,-0.6205670239629353,-0.11375173829979313,-0.6486225792180647,1.568805852241546,0.0,-0.43131914043446984,False,
RAW__XS004_HIGH_52W,weekly,5,5,443,-0.3143411110698707,-0.04333006472528156,-0.026675332206344323,0.18678976986896384,-0.14280938525197348,-0.5679809114087037,-0.730193482720462,-0.15377564184152864,-0.8743733754900844,1.568805852241546,0.3474904962715024,-0.5509787638455841,False,
RAW__XS004_HIGH_52W,weekly,5,10,443,-0.5158219579962882,-0.08161363312556025,-0.06747485154172003,0.1866665292488879,-0.36147268507764374,-0.690527631177124,-0.8082023157307211,-0.19383371985227246,-1.100024346383485,1.568805852241546,0.6949809925430048,-0.6780260238038633,False,
RAW__XS004_HIGH_52W,weekly,5,20,443,-0.7587771847566619,-0.1537331099831084,-0.14907389021246942,0.18645503079849007,-0.7995165889279755,-0.8413302872791284,-0.9031621816032558,-0.2740526390613912,-1.550833790377167,1.568805852241546,1.3899619850860097,-0.834589097955748,False,
RAW__XS004_HIGH_52W,weekly,10,0,443,0.5867407728326308,0.05568825735140459,0.06843642462718397,0.16822150535809377,0.4068232803023792,-0.36339479810734243,-0.3797646495911363,-0.05606800525505149,-0.3788370005923818,1.4902415105970368,0.0,-0.3256324846767551,False,
RAW__XS004_HIGH_52W,weekly,10,5,443,0.1404961566985783,0.01555104729931811,0.0296345485153903,0.16807764401244005,0.17631463535505612,-0.41539748607549176,-0.5512151873511277,-0.09404743068457894,-0.6166864870376412,1.4902415105970368,0.3300884945972436,-0.3804100866985598,False,
RAW__XS004_HIGH_52W,weekly,10,10,443,-0.18046320037269026,-0.023090040980824234,-0.009167327596402325,0.1679437934778861,-0.05458568850065558,-0.47611523274125933,-0.675356487271744,-0.1320574137569077,-0.8547327221493084,1.4902415105970368,0.6601769891944872,-0.467269226649484,False,
RAW__XS004_HIGH_52W,weekly,10,20,443,-0.5771587513803051,-0.09610051280501342,-0.08677107981998787,0.1677062189279403,-0.517399297263219,-0.699938301871625,-0.8302522752535652,-0.20816925427046531,-1.3312199989931413,1.4902415105970368,1.3203539783889744,-0.693061718852279,False,
RAW__XS004_HIGH_52W,weekly,20,0,443,0.5282787090387491,0.051046599020631245,0.06325465029747965,0.1630525314038671,0.38794031440581145,-0.3312951945506991,-0.40261667384339794,-0.06047450740924775,-0.44745247769136576,1.3608655950846096,0.0,-0.3060909552857851,False,
RAW__XS004_HIGH_52W,weekly,20,5,443,0.13043323975963528,0.014495133187241827,0.027821324560573783,0.16290431156337606,0.17078323031217138,-0.38270014741518743,-0.5551749414165998,-0.09508771658295012,-0.683543740489564,1.3608655950846096,0.30143172931124107,-0.35911089038936805,False,
RAW__XS004_HIGH_52W,weekly,20,10,443,-0.16402716437098497,-0.020810381285712998,-0.007612001176331096,0.16276583279046444,-0.04676657899161402,-0.4735368543591826,-0.6688456723024238,-0.1297265909776109,-0.9199382084022865,1.3608655950846096,0.6028634586224821,-0.4678337821005105,False,
RAW__XS004_HIGH_52W,weekly,20,20,443,-0.5431214699486797,-0.08784865011652354,-0.07847865265014176,0.1625181962980387,-0.48289148192502335,-0.6658745420974663,-0.8165881611246024,-0.19908149162460834,-1.3934218800366913,1.3608655950846096,1.2057269172449643,-0.6599176715481416,False,
RAW__XS004_HIGH_52W,weekly,50,0,443,0.6839837739224568,0.06308473038213491,0.07318978993060726,0.1538256946484774,0.47579690829845195,-0.3120587278019823,-0.34175368529979533,-0.04908613119909377,-0.45726801314216714,0.9680187051110424,0.0,-0.2873175029734364,False,
RAW__XS004_HIGH_52W,weekly,50,5,443,0.35891605069406674,0.036655244484841365,0.04798949269598764,0.1537851088805922,0.312055523745472,-0.31390842633419913,-0.46526704045924727,-0.07347938032207273,-0.6575777189032258,0.9680187051110424,0.2144161431820959,-0.28949895992067265,False,
RAW__XS004_HIGH_52W,weekly,50,10,443,0.09646875537434152,0.010868865670770056,0.022789195461368365,0.15375503254676956,0.14821755804601902,-0.3447212531429684,-0.5656552963779291,-0.09788639781475478,-0.8581151136872688,0.9680187051110424,0.4288322863641918,-0.31996994163019954,False,
RAW__XS004_HIGH_52W,weekly,50,20,443,-0.28640795258389384,-0.03883545398018162,-0.027611399007869828,0.15372643069974687,-0.17961386914524444,-0.44097088263766127,-0.7135316697662595,-0.14674180369064083,-1.2596093179282273,0.9680187051110424,0.8576645727283836,-0.433756200944833,False,
RAW__XS007_ST_REV_21,monthly,5,0,101,0.801898433305869,0.07246665721076773,0.172345392778062,0.45818528425984567,0.3761478133381551,-0.6678356324464378,-0.25009465375343465,-0.03419504381238204,0.1486479574740794,1.9196711992776327,0.0,-0.6528856473844238,False,
RAW__XS007_ST_REV_21,monthly,5,5,101,0.6353393733426274,0.06017889782666952,0.16066350850155114,0.4577621295020628,0.3509759723381118,-0.6752514890535941,-0.31698170603669695,-0.04529508535256081,0.11509953674595153,1.9196711992776327,0.09694339556352045,-0.6606834836280873,False,
RAW__XS007_ST_REV_21,monthly,5,10,101,0.48403642259162116,0.04802019318148276,0.14898162422503997,0.4573392285422917,0.3257573698628459,-0.6825085987381163,-0.37796122784661745,-0.05640627962779496,0.08147392772782523,1.9196711992776327,0.1938867911270409,-0.6683133545144468,False,
RAW__XS007_ST_REV_21,monthly,5,20,101,0.22178507711728357,0.024085030197619428,0.12561785567201786,0.4564941908378148,0.27517952734835105,-0.6965595220069357,-0.4842193158427899,-0.07866221400651172,0.013990859881956417,1.9196711992776327,0.3877735822540818,-0.6830829818813029,False,
RAW__XS007_ST_REV_21,monthly,10,0,101,0.5110584798247626,0.050269479567273345,0.12786205374959575,0.38638344574682426,0.3309201135738529,-0.6538397152144919,-0.37113501428998286,-0.05510954785328133,0.020517568205104773,1.8708710883707464,0.0,-0.5840476512869047,False,
RAW__XS007_ST_REV_21,monthly,10,5,101,0.37477021739628325,0.038540362782471416,0.11652924261569,0.3860635711786739,0.30183951896813166,-0.6541858754992774,-0.42581141028955327,-0.06591652076696233,-0.022755538220822102,1.8708710883707464,0.0944789899627227,-0.5848791400319822,False,
RAW__XS007_ST_REV_21,monthly,10,10,101,0.25066213596942255,0.02693128900827424,0.10519643148178426,0.3857440699157405,0.27271043079097157,-0.6545320357840629,-0.47578083152530093,-0.07673410950412447,-0.06611481160592932,1.8708710883707464,0.1889579799254454,-0.5857097968723621,False,
RAW__XS007_ST_REV_21,monthly,10,20,101,0.03476708862126565,0.004068813602656096,0.08253080921397288,0.38510619102096677,0.2143066279853173,-0.655224356353634,-0.5631695893915329,-0.09840121611309094,-0.1530908154401995,1.8708710883707464,0.3779159598508908,-0.58736861483903,False,
RAW__XS007_ST_REV_21,monthly,20,0,101,1.2017706746168622,0.09831115871822749,0.15302158851200964,0.3409240110282336,0.44884368235165795,-0.5906624008989214,-0.08367776474789845,-0.01038263654972652,0.15401133372784714,1.8447591090410642,0.0,-0.5087939443454883,False,
RAW__XS007_ST_REV_21,monthly,20,5,101,1.0058304876545736,0.08621587553313859,0.14181757855792249,0.3406498938138995,0.4163147593270611,-0.5909802798645339,-0.16224183188527097,-0.02103276859602825,0.09940897163258969,1.8447591090410642,0.09316033500657372,-0.5096457086597181,False,
RAW__XS007_ST_REV_21,monthly,20,10,101,0.8271687332201478,0.07424270821547907,0.13061356860383505,0.3403760524305596,0.38373313184387914,-0.5912981588301465,-0.23413618559005178,-0.03169317778506183,0.044698130583293354,1.8447591090410642,0.18632067001314745,-0.510496741951572,False,
RAW__XS007_ST_REV_21,monthly,20,20,101,0.5157726632313124,0.05065824676317532,0.10820554869566057,0.3398291998234345,0.31841156896429457,-0.5919339167613715,-0.3601114664840568,-0.05304490505090895,-0.06504688856372343,1.8447591090410642,0.3726413400262949,-0.5121966154681524,False,
RAW__XS007_ST_REV_21,monthly,50,0,101,1.0533520833540142,0.08924197038610537,0.12465873646825401,0.27542766224027787,0.4526006409606893,-0.5215480744605461,-0.14544589385726137,-0.01867431200365236,0.015869363195040773,1.7451643171660776,0.0,-0.43744686284298306,False,
RAW__XS007_ST_REV_21,monthly,50,5,101,0.8800606260923429,0.07789106954553127,0.1140768102647983,0.275191969669373,0.41453538924793076,-0.5219060114896302,-0.2147710607881692,-0.028726332048833476,-0.06606298918894947,1.7451643171660776,0.08813079801688693,-0.43839208817572317,False,
RAW__XS007_ST_REV_21,monthly,50,10,101,0.7212602743642704,0.06664861002399003,0.10349488406134219,0.27495656543991226,0.3764044837254831,-0.5222639485187147,-0.27852806621001724,-0.03878754075217572,-0.14822339457694728,1.7451643171660776,0.17626159603377387,-0.4393365283416223,False,
RAW__XS007_ST_REV_21,monthly,50,20,101,0.442429083141596,0.044485254713857225,0.08233103165443074,0.27448662497185017,0.2999455134211882,-0.5229798225768834,-0.39107370577287504,-0.058937589640197706,-0.3132210403831791,1.7451643171660776,0.35252319206754773,-0.44122305317289645,False,
RAW__XS007_ST_REV_21,weekly,5,0,443,3.5304839821623224,0.19404097557630529,0.2666615483241778,0.4306973957963718,0.619138984648637,-0.7043616640777596,0.7709044654987156,0.06708239617031768,0.43550752393831266,1.1017130572486242,0.0,-0.6794907156667294,False,
RAW__XS007_ST_REV_21,weekly,5,5,443,2.5491958404153197,0.16031277748122474,0.2378959947269395,0.4305406828090171,0.5525517197929177,-0.7053253050319075,0.39660724057653596,0.03921080493018093,0.3470827374915889,1.1017130572486242,0.24402944218057027,-0.6813051464734727,False,
RAW__XS007_ST_REV_21,weekly,5,10,443,1.780015859038481,0.12751656356171437,0.20913044112970114,0.43039010780864,0.4859090330735126,-0.7067762258844019,0.10124904010281943,0.011320860913042727,0.25857842199536785,1.1017130572486242,0.48805888436114053,-0.6831105085881184,False,
RAW__XS007_ST_REV_21,weekly,5,20,443,0.7048153193110838,0.06462002611897377,0.15159933393522473,0.4301073972919891,0.3524685575968082,-0.710092267890914,-0.3156095283736121,-0.04451419025527571,0.08135925533815057,1.1017130572486242,0.9761177687222811,-0.6866941841209547,False,
RAW__XS007_ST_REV_21,weekly,10,0,443,1.7162664647867398,0.12445045251300368,0.18967078849799077,0.3816514621840994,0.4969738289814232,-0.7056712686322855,0.061751554781884765,0.007033493538451588,0.23427067256253373,1.0517005853267085,0.0,-0.6768872525558612,False,
RAW__XS007_ST_REV_21,weekly,10,5,443,1.1516572819823234,0.09411104435786477,0.1622084532367667,0.3814290060988054,0.42526512311113585,-0.707170435672154,-0.15332366136659314,-0.019536597684532166,0.13121570341191047,1.0517005853267085,0.2329516796498659,-0.6785330313382405,False,
RAW__XS007_ST_REV_21,weekly,10,10,443,0.7041761482853193,0.0645731657334978,0.13474611797554256,0.38121092193875017,0.35346867107126706,-0.7086629310961977,-0.32492386999747813,-0.04612268641666766,0.02803407407882135,1.0517005853267085,0.4659033592997318,-0.6801714860510022,False,
RAW__XS007_ST_REV_21,weekly,10,20,443,0.06860924143929292,0.007819619038517356,0.07982144745309472,0.3807878992903448,0.2096218067902208,-0.7116280089860628,-0.5710116078564484,-0.09934293849831348,-0.17867823756359177,1.0517005853267085,0.9318067185994636,-0.6834265351212312,False,
RAW__XS007_ST_REV_21,weekly,20,0,443,2.7502877241984915,0.16784325466150918,0.21646857416664542,0.3550813064541512,0.6096310062850245,-0.6604391977853818,0.4659363776225727,0.04489773950998431,0.3946941542118233,0.9994355568921213,0.0,-0.6032833676805558,False,
RAW__XS007_ST_REV_21,weekly,20,5,443,2.005360725397067,0.1378793491464796,0.19037975063296203,0.3549208453932564,0.5364005893258228,-0.6619512455516319,0.182608325479936,0.019687510398853515,0.280603876372018,0.9994355568921213,0.22137497585160487,-0.6050499275832906,False,
RAW__XS007_ST_REV_21,weekly,20,10,443,1.408110893974043,0.10866861694816254,0.16429092709927826,0.35476353451086506,0.4630998147140363,-0.6634573554696896,-0.04607385536021158,-0.005536770669620087,0.1663573348138977,0.9994355568921213,0.44274995170320974,-0.6068095501625101,False,
RAW__XS007_ST_REV_21,weekly,20,20,443,0.5455375615409501,0.05243296032057465,0.11211328003191122,0.3544583799744346,0.3162946240401973,-0.6664518426994442,-0.37955087059708603,-0.05602755387925821,-0.06257410224034345,0.9994355568921213,0.8854999034064195,-0.6103080779123681,False,
RAW__XS007_ST_REV_21,weekly,50,0,443,3.2630293995065145,0.18554290417742103,0.21514346233664572,0.30102571824269303,0.7147012673621219,-0.585837505369473,0.6663601129288574,0.05993988054062342,0.5499332952340228,0.9051822402649092,0.0,-0.5528553684550118,False,
RAW__XS007_ST_REV_21,weekly,50,5,443,2.488365998071563,0.15796060372648268,0.19152593537043877,0.3009416488912011,0.6364221638184776,-0.587419824822053,0.37267072028284143,0.0371815580079108,0.40425562019602795,0.9051822402649092,0.20049786621867738,-0.5545636970887806,False,
RAW__XS007_ST_REV_21,weekly,50,10,443,1.8541934183220294,0.1310070710214324,0.16790840840423157,0.3008602467706377,0.5580943650964872,-0.5889967884126738,0.13063303289285533,0.01441182722866289,0.25841913475598344,0.9051822402649092,0.40099573243735476,-0.5562662433425567,False,
RAW__XS007_ST_REV_21,weekly,50,20,443,0.9102000554307774,0.07893046109728608,0.12067335447181744,0.30070545281567845,0.4013008521856963,-0.5921347112115999,-0.23315874627093558,-0.031161906114963958,-0.03367332934636086,0.9051822402649092,0.8019914648747095,-0.5596540569469595,False,
RAW__XS008_SAME_MONTH_5Y,monthly,5,0,101,1.48963815127175,0.11446309291168344,0.19274245398572426,0.4009098537756881,0.480762575852189,-0.6956891228529932,0.03612552480708109,0.004216431616497381,0.2478019400410027,1.8687010958991221,0.0,-0.6365256429917154,False,
RAW__XS008_SAME_MONTH_5Y,monthly,5,5,101,1.265336347448407,0.10203143651889346,0.18135801593480788,0.40055153121771203,0.45277074683365576,-0.7010007349575997,-0.05385622549730207,-0.006577513660321006,0.20928840292831236,1.8687010958991221,0.09436940534290567,-0.6432270576079973,False,
RAW__XS008_SAME_MONTH_5Y,monthly,5,10,101,1.0610582028206403,0.0897268562581981,0.16997357788389134,0.4001935972956239,0.42472837904583327,-0.7062247453320769,-0.13610064126303056,-0.017382059394780446,0.1706885833239491,1.8687010958991221,0.18873881068581133,-0.6498113598473265,False,
RAW__XS008_SAME_MONTH_5Y,monthly,5,20,101,0.705643968022192,0.06549421225317409,0.14720470178205897,0.39947889953660054,0.36849180758437516,-0.7164153826009587,-0.2799566558540837,-0.039023033890851565,0.09323041213637676,1.8687010958991221,0.37747762137162266,-0.6626363326766795,False,
RAW__XS008_SAME_MONTH_5Y,monthly,10,0,101,0.3092769196279537,0.032534886307890254,0.09265076375099043,0.33403527146136236,0.27736820529656936,-0.6502945128881865,-0.45511148486604414,-0.07213949282747587,-0.14715144845405473,1.829062724938594,0.0,-0.6012419153811538,False,
RAW__XS008_SAME_MONTH_5Y,monthly,10,5,101,0.19370821192350807,0.021260224597677402,0.0815991815442921,0.33375223837147316,0.2444902899901169,-0.6563353168981358,-0.5014340388983238,-0.08269537178290898,-0.19939251655826204,1.829062724938594,0.09236766760939899,-0.6081300527577201,False,
RAW__XS008_SAME_MONTH_5Y,monthly,10,10,101,0.08824750562488304,0.010098403753716845,0.07054759933759334,0.33346955884213736,0.21155633990264816,-0.6622775072944302,-0.5438574607112845,-0.09326137807760343,-0.2517458973324844,1.829062724938594,0.18473533521879798,-0.6149057441557486,False,
RAW__XS008_SAME_MONTH_5Y,monthly,10,20,101,-0.09577837823862956,-0.011890813092068409,0.04844443492419608,0.3329052640666221,0.14552018292657942,-0.673988348363499,-0.6182797977839007,-0.11442384875446453,-0.35678775950925756,1.829062724938594,0.36947067043759596,-0.6285130077546308,False,
RAW__XS008_SAME_MONTH_5Y,monthly,20,0,101,1.209103530713695,0.0987451189558366,0.13562126906444427,0.28456740835325056,0.4765874976662451,-0.5017140076902247,-0.08062601228026278,-0.009987598655010577,0.09066892430799352,1.806026017860361,0.0,-0.39631557316382804,False,
RAW__XS008_SAME_MONTH_5Y,monthly,20,5,101,1.0164549668192535,0.08689786565886415,0.12465962259490819,0.28429583178499224,0.43848557965909957,-0.5021881003996718,-0.15780439599178098,-0.020405106881698342,0.016858759505779395,1.806026017860361,0.09120431390194822,-0.4023505064774364,False,
RAW__XS008_SAME_MONTH_5Y,monthly,20,10,101,0.8404537867317174,0.07516774665329162,0.11369797612537208,0.28402448646217043,0.4003104716132129,-0.5026621931091187,-0.22856771149566568,-0.03083244083942362,-0.05719403617585068,1.806026017860361,0.18240862780389644,-0.4123123683726593,False,
RAW__XS008_SAME_MONTH_5Y,monthly,20,20,101,0.5328131829761247,0.05205470750058416,0.0917746831862998,0.28348249220840754,0.32374021574083633,-0.5098590442153286,-0.3529177536969351,-0.05171665818784135,-0.206025588718529,1.806026017860361,0.3648172556077929,-0.4322056100813323,False,
RAW__XS008_SAME_MONTH_5Y,monthly,50,0,101,1.0371170061427883,0.08821515356185361,0.11360546374408002,0.2399793892375806,0.4733967533837255,-0.453862856904823,-0.15220252951018443,-0.019617445982339148,-0.09460539339184675,1.723080225866896,0.0,-0.36577755096189357,False,
RAW__XS008_SAME_MONTH_5Y,monthly,50,5,101,0.8672789588641263,0.07701778676973792,0.10316537514898985,0.23975319720893937,0.43029822479941154,-0.46280132294464327,-0.22010947108179435,-0.029536837626403883,-0.1991519428981333,1.723080225866896,0.0870155514062782,-0.37564234847402334,False,
RAW__XS008_SAME_MONTH_5Y,monthly,50,10,101,0.7114712191198673,0.06592606281974134,0.09272528655390004,0.23952725787596751,0.387117889530198,-0.4716010944100222,-0.28263118107436547,-0.03946516976193373,-0.3040305927081757,1.723080225866896,0.1740311028125564,-0.38570478059011515,False,
RAW__XS008_SAME_MONTH_5Y,monthly,50,20,101,0.43744642483069707,0.04405592521056012,0.0718451093637199,0.23907614016195622,0.300511415798541,-0.4887926614817333,-0.3931771517558469,-0.05934871824371412,-0.5147696844378793,1.723080225866896,0.3480622056251128,-0.40569100189866447,False,
RAW__XS008_SAME_MONTH_5Y,weekly,5,0,443,0.7852296944349344,0.07039538674655699,0.1367188526271177,0.366433500383155,0.3731068597280542,-0.7062945835740202,-0.30217803434174884,-0.04223283557247104,0.02928188915980031,0.4602358684238217,0.0,-0.6790878832842753,False,
RAW__XS008_SAME_MONTH_5Y,weekly,5,5,443,0.6121360680435828,0.05765766196637001,0.12470689251229153,0.3662838333878221,0.3404651834039631,-0.7117370036777342,-0.36562505799601586,-0.05342208944709382,-0.013715310120656988,0.4602358684238217,0.1019422448558765,-0.6853494145363661,False,
RAW__XS008_SAME_MONTH_5Y,weekly,5,10,443,0.45569480248263106,0.045060512901041294,0.11269493239746528,0.36615555138662087,0.3077788441843711,-0.7170835052665988,-0.42335490687772026,-0.06462183107155632,-0.056709017053568275,0.4602358684238217,0.203884489711753,-0.6914944585668981,False,
RAW__XS008_SAME_MONTH_5Y,weekly,5,20,443,0.18656201583696008,0.02028222999356588,0.08867101216781358,0.36596322857136093,0.24229486802257563,-0.7274951435580056,-0.5236599950540255,-0.08705285767258746,-0.14262658852394416,0.4602358684238217,0.407768979423506,-0.7034432973186867,False,
RAW__XS008_SAME_MONTH_5Y,weekly,10,0,443,-0.009242807491563476,-0.0010893857330692702,0.051024270563140676,0.3178568138577015,0.1605259611832115,-0.6710736831820009,-0.6127265114839329,-0.11135091565935613,-0.38748146162306374,0.45193247689517285,0.0,-0.6509513934941176,False,
RAW__XS008_SAME_MONTH_5Y,weekly,10,5,443,-0.1036564040989526,-0.012763080209388655,0.03925289377228027,0.31772966253399815,0.12354179795246556,-0.677111658672868,-0.6472891290401928,-0.12232402764160033,-0.4419203897494879,0.45193247689517285,0.10010304363228079,-0.6573417345303907,False,
RAW__XS008_SAME_MONTH_5Y,weekly,10,10,443,-0.18914213886931663,-0.02431012791637166,0.027481516981420356,0.3176258166872867,0.08652167279109063,-0.683044185320443,-0.6787944794175256,-0.13330711897034003,-0.4962427525013961,0.45193247689517285,0.20020608726456157,-0.6638234937348965,False,
RAW__XS008_SAME_MONTH_5Y,weekly,10,20,443,-0.3366027668041086,-0.047029347929528065,0.003938763399699817,0.317488127767255,0.01240601791128157,-0.6947851295527279,-0.7336821530404554,-0.15530331387876622,-0.6044202839797164,0.45193247689517285,0.40041217452912314,-0.6765990213380677,False,
RAW__XS008_SAME_MONTH_5Y,weekly,20,0,443,0.6800280830411289,0.06279130168946478,0.09896046244672618,0.27396119572946465,0.36122072756774337,-0.5110615286097131,-0.3432999109731364,-0.04936218557865968,-0.20857655445310957,0.4454578828352951,0.0,-0.48985433100312936,False,
RAW__XS008_SAME_MONTH_5Y,weekly,20,5,443,0.5221137646023162,0.05054803309079969,0.08731088305456662,0.273716826403913,0.31898252000673655,-0.5197080772402931,-0.40104880085285455,-0.060166835317558114,-0.2840354114698696,0.4454578828352951,0.09866892104801787,-0.49884725231272253,False,
RAW__XS008_SAME_MONTH_5Y,weekly,20,10,443,0.37892778104427727,0.038435655782161904,0.07566130366240639,0.27349899174467085,0.2766419838689612,-0.5284321573689403,-0.45376466457593023,-0.07098121828350108,-0.35947572581272236,0.4454578828352951,0.19733784209603575,-0.5076894016712912,False,
RAW__XS008_SAME_MONTH_5Y,weekly,20,20,443,0.13141408815888878,0.014598418915375388,0.05236214487808684,0.2731431726322747,0.19170219183395287,-0.545847655734973,-0.5457988835337837,-0.09263925495131689,-0.5099821849817142,0.4454578828352951,0.3946756841920715,-0.52563455132698,False,
RAW__XS008_SAME_MONTH_5Y,weekly,50,0,443,0.6222595697937372,0.05843511352798636,0.0843972999656204,0.23438868748620395,0.3600741182126718,-0.4796904021797216,-0.3658808357656754,-0.05346942679920347,-0.47738810746283666,0.42170107221370257,0.0,-0.45675347043005454,False,
RAW__XS008_SAME_MONTH_5Y,weekly,50,5,443,0.4775355582502394,0.046888950792819184,0.07336994553940585,0.2341365002052103,0.31336397987968695,-0.4886947568906098,-0.41859030844009015,-0.06365593752962388,-0.5877390356909579,0.42170107221370257,0.09340678749533513,-0.46613859016839376,False,
RAW__XS008_SAME_MONTH_5Y,weekly,50,10,443,0.3456211301638519,0.03545957905018504,0.062342591113191875,0.23391241419502434,0.2665210879368453,-0.4975504790637012,-0.4669584444573849,-0.07385125600271568,-0.6978999998592296,0.42170107221370257,0.18681357499067025,-0.4753690839970304,False,
RAW__XS008_SAME_MONTH_5Y,weekly,50,20,443,0.11581980409532422,0.012946859436573144,0.04028788226076262,0.23354885939569078,0.1725030144227969,-0.5148253317056658,-0.5520591390019534,-0.09426837747865188,-0.9166443405260836,0.42170107221370257,0.3736271499813405,-0.4933758551285826,False,
RAW__XS013_LOW_BETA_FP,monthly,5,0,101,0.06749705753213675,0.007790591111161538,0.019738090775908834,0.1562244778230475,0.1263444183072629,-0.32093151293611244,-0.5557342546343516,-0.09639592514811235,-0.5717020146049919,0.1788840496992187,0.0,-0.2943260934903381,False,
RAW__XS013_LOW_BETA_FP,monthly,5,5,101,0.05789581052192627,0.006709360158253519,0.018664951059393614,0.15621322150771616,0.11948381116045068,-0.3217583471272716,-0.5581576500437961,-0.09704579819822731,-0.575169685521562,0.1788840496992187,0.009033644509810545,-0.2951853224559373,False,
RAW__XS013_LOW_BETA_FP,monthly,5,10,101,0.04837837108328191,0.005628998880490288,0.01759181134287808,0.156203281295138,0.11262126632051514,-0.3225843137629971,-0.5605687402456283,-0.09769591837474462,-0.5786330658589462,0.1788840496992187,0.01806728901962109,-0.29604364987590004,False,
RAW__XS013_LOW_BETA_FP,monthly,5,20,101,0.029592080740289628,0.00347088315950983,0.015445531909847682,0.15618735015009774,0.0988910554856354,-0.32423364746558003,-0.5653542363931703,-0.09899690093246627,-0.5855467465085841,0.1788840496992187,0.03613457803924218,-0.2977576032976994,False,
RAW__XS013_LOW_BETA_FP,monthly,10,0,101,0.23832371300881072,0.025722316925617772,0.035410014569412576,0.1421988496126169,0.24901758815825714,-0.3238687096092705,-0.48464044609579204,-0.07875926245544133,-0.5147795848911174,0.1884323069714624,0.0,-0.2558628344715489,False,
RAW__XS013_LOW_BETA_FP,monthly,10,5,101,0.2265946471656608,0.02456317043146128,0.03426864169613599,0.14212503066210694,0.24111616044331746,-0.32401182033862475,-0.48769864105994254,-0.07946640420771942,-0.5189928437404546,0.1884323069714624,0.009515831502058852,-0.25705336683324564,False,
RAW__XS013_LOW_BETA_FP,monthly,10,10,101,0.21497414959542627,0.023405081040427822,0.03312726882285942,0.14205230679564138,0.23320472275411064,-0.324154931067979,-0.4907395689840085,-0.08017375140478421,-0.5232041493219403,0.1884323069714624,0.019031663004117703,-0.2582421395346105,False,
RAW__XS013_LOW_BETA_FP,monthly,10,20,101,0.1920549364682116,0.02109207009896341,0.030844523076306543,0.1419101510237885,0.2173524786900977,-0.3244411525266875,-0.4967699948216564,-0.08158906296722747,-0.5316206712009017,0.1884323069714624,0.03806332600823541,-0.26061441552004494,False,
RAW__XS013_LOW_BETA_FP,monthly,20,0,101,0.4305177408852494,0.04345673204198852,0.05151272459038088,0.13408987665286876,0.3841656497584584,-0.3182164300357021,-0.4046540681972447,-0.06161734388851642,-0.43990520676700423,0.1602845338614835,0.0,-0.18790693156598504,False,
RAW__XS013_LOW_BETA_FP,monthly,20,5,101,0.41898434892729197,0.04245362813182618,0.05054252223855141,0.1340430588841048,0.37706183863090637,-0.31829378029923183,-0.4073448698395108,-0.06215555847764524,-0.4431615136421062,0.1602845338614835,0.008094368960004915,-0.1880098946922748,False,
RAW__XS013_LOW_BETA_FP,monthly,20,10,101,0.40754197805344416,0.04145131573604344,0.04957231988672191,0.1339969521276934,0.3699511003763846,-0.31837113056276156,-0.4100241271344852,-0.06269389739011627,-0.4464156084238713,0.1602845338614835,0.01618873792000983,-0.18811285536115085,False,
RAW__XS013_LOW_BETA_FP,monthly,20,20,101,0.38492749020015893,0.039449063232262827,0.04763191518306306,0.13390687457838815,0.35570925938667664,-0.318525831089821,-0.41534819684575797,-0.06377094858301759,-0.45291707147758775,0.1602845338614835,0.03237747584001966,-0.18831876932666292,False,
RAW__XS013_LOW_BETA_FP,monthly,50,0,101,0.8567687623583211,0.07629574241547021,0.08261365811377847,0.1331197704550138,0.6205964585981368,-0.33207904190340654,-0.2272589864670983,-0.03063104878112701,-0.2935797154589459,0.15639993115594258,0.0,-0.21842938584742144,False,
RAW__XS013_LOW_BETA_FP,monthly,50,5,101,0.8421603311913104,0.07528614657953137,0.08166207390750263,0.1330551080157066,0.613746252401394,-0.33212899354712877,-0.23060055476720587,-0.031145941746884124,-0.2973344240177605,0.15639993115594258,0.007898196523375103,-0.2185151220126189,False,
RAW__XS013_LOW_BETA_FP,monthly,50,10,101,0.8276647132726651,0.07427734965310262,0.0807104897012273,0.1329909615555177,0.6068870301951633,-0.332178945190851,-0.23392829391153136,-0.03166093099499856,-0.3010870043733863,0.15639993115594258,0.015796393046750207,-0.21860085409639307,False,
RAW__XS013_LOW_BETA_FP,monthly,50,20,101,0.7990085012844967,0.07226215025719163,0.07880732128867615,0.1328642195558411,0.5931417920650521,-0.3322788484782957,-0.2405425037712411,-0.03269119857561161,-0.30858568543767717,0.15639993115594258,0.03159278609350041,-0.21877230601967124,False,
RAW__XS013_LOW_BETA_FP,weekly,5,0,443,-0.006374945635204576,-0.0007504142881339382,0.014289431687079869,0.1721705979001911,0.08299577199217013,-0.3242231796699323,-0.6116055033559155,-0.11101163210422337,-0.5157869968756548,0.07221861300234869,0.0,-0.3164885925742281,False,
RAW__XS013_LOW_BETA_FP,weekly,5,5,443,-0.022144670665168564,-0.00262513595225522,0.012412035714290535,0.1721687880514063,0.07209225234590451,-0.3257731418338867,-0.6152142923097821,-0.11210738726635036,-0.5205985835442917,0.07221861300234869,0.015996422780020236,-0.31805204690471134,False,
RAW__XS013_LOW_BETA_FP,weekly,5,10,443,-0.03766752373419879,-0.004496754194115549,0.010534639741501811,0.1721690020742259,0.061187784180569825,-0.3320362287078691,-0.6187907661382843,-0.11320351689928265,-0.5254050532911902,0.07221861300234869,0.03199284556004047,-0.3208904645242545,False,
RAW__XS013_LOW_BETA_FP,weekly,5,20,443,-0.06798780491095624,-0.008230698650898316,0.006779847795924056,0.1721755016331192,0.03937754054215517,-0.3485113428692189,-0.6258478800998226,-0.11539690063481153,-0.5350022997799884,0.07221861300234869,0.06398569112008094,-0.3378907811596973,False,
RAW__XS013_LOW_BETA_FP,weekly,10,0,443,0.23128669903072585,0.024723028355502885,0.03758021441805024,0.1609237454033568,0.2335280870070175,-0.2995333683450745,-0.5187068043485334,-0.0858385762774984,-0.44102777242030444,0.07872809359689405,0.0,-0.28269678021689737,False,
RAW__XS013_LOW_BETA_FP,weekly,10,5,443,0.20999985242249153,0.022627491768879127,0.03553498046044202,0.16093571285221608,0.22080233051238946,-0.30041210421551856,-0.5238655089846913,-0.08710351211392207,-0.44702421307630563,0.07872809359689405,0.017438272731712032,-0.28497321789506835,False,
RAW__XS013_LOW_BETA_FP,weekly,10,10,443,0.18907814282070623,0.020535950745177,0.03348974650283413,0.1609489331025159,0.2080768468437311,-0.3012901906858988,-0.528969894494971,-0.08836869068716167,-0.45301674907400924,0.07872809359689405,0.034876545463424065,-0.2872426600368223,False,
RAW__XS013_LOW_BETA_FP,weekly,10,20,443,0.14830538087188305,0.016364826819505796,0.029399278587618295,0.16097913074356707,0.18262788755177276,-0.30304441616880695,-0.5390179497544586,-0.09089977655037824,-0.46498983835467833,0.07872809359689405,0.06975309092684813,-0.2917606408784238,False,
RAW__XS013_LOW_BETA_FP,weekly,20,0,443,0.4764925611870807,0.04680217857281033,0.05742528040710293,0.1515891567103751,0.37882182112022145,-0.311352572874639,-0.4228591735062526,-0.0645209632687886,-0.3876105624594767,0.0639328567918429,0.0,-0.2824772849363838,False,
RAW__XS013_LOW_BETA_FP,weekly,20,5,443,0.45573016626608465,0.04506349295955148,0.055759436338031806,0.15156687650115594,0.36788668886771275,-0.31194742584138113,-0.42717072205996187,-0.06540115721858042,-0.39238626482596545,0.0639328567918429,0.014161127779393205,-0.28283115129611913,False,
RAW__XS013_LOW_BETA_FP,weekly,20,10,443,0.43525786794127663,0.04332753619953045,0.05409359226896101,0.15154525459366666,0.3569467906731912,-0.3125419245589627,-0.4314505997397341,-0.06628146238387803,-0.39716142145514616,0.0639328567918429,0.02832225555878641,-0.2831849109038016,False,
RAW__XS013_LOW_BETA_FP,weekly,20,20,443,0.3951675059467674,0.0398637929639849,0.05076190413081944,0.15150398680269156,0.3350532563669646,-0.3137298597664845,-0.43991625569239057,-0.0680424064952683,-0.4067099865047604,0.0639328567918429,0.05664451111757282,-0.28389210992973446,False,
RAW__XS013_LOW_BETA_FP,weekly,50,0,443,0.8879211995625169,0.07744571185404392,0.0851845567451421,0.14405253881137564,0.5913436684145075,-0.3345960301141844,-0.26203732405224145,-0.03566777781799336,-0.2808375317242043,0.0626140145137117,0.0,-0.305759218947413,False,
RAW__XS013_LOW_BETA_FP,weekly,50,5,443,0.8619174560197549,0.07569303523892201,0.08355075970825117,0.14402146877825087,0.5801271186651612,-0.33501592090563526,-0.26733617490976347,-0.036513661799193096,-0.28627028068068805,0.0626140145137117,0.013869004214787138,-0.3059702855632028,False,
RAW__XS013_LOW_BETA_FP,weekly,50,10,443,0.8362701251784914,0.07394308913110414,0.08191696267136031,0.143990833590836,0.5689040102659267,-0.33543565050214874,-0.27259741841123486,-0.03735961684728708,-0.2917026318181937,0.0626140145137117,0.027738008429574277,-0.3061813104440104,False,
RAW__XS013_LOW_BETA_FP,weekly,50,20,443,0.786025321585337,0.07045137203726348,0.07864936859757862,0.14393086885985978,0.5464385035718545,-0.3362746262501991,-0.2830081368165981,-0.03905174021905202,-0.3025660530052477,0.0626140145137117,0.055476016859148554,-0.3066032350215767,False,
RAW__XS015_MAX_21,monthly,5,0,101,0.8084939991504518,0.07293231413663293,0.08025306121179943,0.13962226735285224,0.5747869787058002,-0.3176246686363753,-0.2473497431652717,-0.03376094559624887,-0.3851622108604252,1.6214648377035779,0.0,-0.19290335714469853,False,
RAW__XS015_MAX_21,monthly,5,5,101,0.666250124921069,0.0625401990943113,0.07044954221539315,0.13943555363902485,0.5052480545799326,-0.3181705689014661,-0.3040714751987529,-0.04307029522838196,-0.47068496047873715,1.6214648377035779,0.0818839743040307,-0.19420094351479655,False,
RAW__XS015_MAX_21,monthly,5,10,101,0.5350871797916141,0.05224002444041087,0.06064602321898655,0.13925159864966205,0.4355140178430815,-0.31871646916655705,-0.3565631342130874,-0.05238788523853903,-0.5563532040516842,1.6214648377035779,0.1637679486080614,-0.19549748599529382,False,
RAW__XS015_MAX_21,monthly,5,20,101,0.3026499023172373,0.03191255489720635,0.04103898522617379,0.13889200852533737,0.2954740568726619,-0.3198082696967389,-0.45008195760602565,-0.07104784463624812,-0.7280871404565525,1.6214648377035779,0.3275358972161228,-0.19808743928748485,False,
RAW__XS015_MAX_21,monthly,10,0,101,0.9095564223572472,0.07988651561756854,0.08848404419556116,0.15126141348788158,0.5849743312272441,-0.34508822721359056,-0.20529007428129142,-0.027300368818225958,-0.3443930275360844,1.7078432461875932,0.0,-0.22193711001825722,False,
RAW__XS015_MAX_21,monthly,10,5,101,0.7517012989063185,0.06887260609257861,0.07815611359240959,0.15109334827612828,0.5172703794317709,-0.3456776478090984,-0.2683818097849805,-0.03712829693077209,-0.44443715431976233,1.7078432461875932,0.08624608393247345,-0.22333924417287054,False,
RAW__XS015_MAX_21,monthly,10,10,101,0.6067750563843484,0.057961614341810686,0.06782818298925818,0.15092617952276233,0.4494129726448717,-0.3462670684046062,-0.3265149237681221,-0.04696508220647532,-0.5446506897310406,1.7078432461875932,0.1724921678649469,-0.22474011380982173,False,
RAW__XS015_MAX_21,monthly,10,20,101,0.35159733504022084,0.03644489566032072,0.04717232178295502,0.15059454331663785,0.31324057793894433,-0.3474459095956217,-0.4294186340719349,-0.06666528685716751,-0.745560346209686,1.7078432461875932,0.3449843357298938,-0.22753805953073636,False,
RAW__XS015_MAX_21,monthly,20,0,101,0.6801903325423202,0.06359249736126693,0.07254524050791569,0.1470771638473383,0.4932461206772758,-0.32511964673720994,-0.3007465405396681,-0.04250399994360546,-0.5529846948785337,1.6705685485082489,0.0,-0.2162028797019241,False,
RAW__XS015_MAX_21,monthly,20,5,101,0.5442024825890017,0.05298044635307142,0.0624593330754833,0.1469409997728075,0.42506402686829853,-0.3256957010085384,-0.3550460764385581,-0.05210808725666271,-0.660218181589305,1.6705685485082489,0.08436371169966658,-0.21757970457487685,False,
RAW__XS015_MAX_21,monthly,20,10,101,0.4191192591275468,0.04246540325902903,0.05237342564305099,0.1468057167596904,0.3567533117854139,-0.32627175527986685,-0.4051714715024668,-0.061720645826088646,-0.7676816679395093,1.6705685485082489,0.16872742339933317,-0.21895532010369434,False,
RAW__XS015_MAX_21,monthly,20,20,101,0.19826982655604453,0.02172312400355536,0.03220161077818677,0.14653780366250652,0.2197495115482336,-0.32742386382252386,-0.4941463580450247,-0.0809712352493926,-0.983269559801084,1.6705685485082489,0.33745484679866633,-0.2217029231289238,False,
RAW__XS015_MAX_21,monthly,50,0,101,0.8058038998748427,0.0727425700581934,0.08214098957464536,0.15281630318910353,0.5375145705036422,-0.34851113746273976,-0.24846929562806774,-0.033937807506067674,-0.5021559292784324,1.5160383058806741,0.0,-0.2495831840183631,False,
RAW__XS015_MAX_21,monthly,50,5,101,0.6726623443765469,0.06302519515701066,0.07298224028816942,0.15269805178172147,0.4779513519432189,-0.3490102654245322,-0.3013933380093773,-0.042613949756793265,-0.6105538626535227,1.5160383058806741,0.07655993444697405,-0.25078078260008974,False,
RAW__XS015_MAX_21,monthly,50,10,101,0.5492462300247256,0.053388488575159654,0.06382349100169331,0.15258032076336084,0.4182943821482597,-0.3495093933863247,-0.35062832150378587,-0.05129703351276202,-0.7190484290154863,1.5160383058806741,0.1531198688939481,-0.25197742633953546,False,
RAW__XS015_MAX_21,monthly,50,20,101,0.32882579271294254,0.034354650029293055,0.04550599242874109,0.15234642471415674,0.298700757265047,-0.35050764930990963,-0.43903171733907576,-0.0686840687767162,-0.9362983516607446,1.5160383058806741,0.3062397377878962,-0.2543678492915846,False,
RAW__XS015_MAX_21,weekly,5,0,443,1.063914123724964,0.08877708414297536,0.09848392430085327,0.16195603670565895,0.6080904812448532,-0.377693769224694,-0.19324408771754376,-0.025205810873651757,-0.21148372803092313,1.0824072012386667,0.0,-0.33537583937341653,False,
RAW__XS015_MAX_21,weekly,5,5,443,0.6238063077649807,0.05855352058693297,0.07028232368782554,0.16183211122115965,0.4342915825387569,-0.38058027836621366,-0.36103282301462125,-0.052575426617349263,-0.40158341214104093,1.0824072012386667,0.23975319507436466,-0.3389906427748359,False,
RAW__XS015_MAX_21,weekly,5,10,443,0.27734714456885734,0.0291500558160267,0.04208072307479794,0.16172743158180647,0.2601953339839709,-0.41431958825582027,-0.4940038517186537,-0.07996334883617139,-0.5921133068617395,1.0824072012386667,0.4795063901487293,-0.37429173308608965,False,
RAW__XS015_MAX_21,weekly,5,20,443,-0.20995044479090608,-0.027282984120773235,-0.014322478151257447,0.16157595258614227,-0.08864238719942927,-0.48217441867914956,-0.6828381458255153,-0.13479421857691998,-0.9741234796219569,1.0824072012386667,0.9590127802974586,-0.4472279068074101,False,
RAW__XS015_MAX_21,weekly,10,0,443,1.291153650193412,0.10220835860843192,0.11154775513957083,0.16623522338031543,0.6710235825554864,-0.36077015068666995,-0.10441925272304309,-0.012945170108304229,-0.13256588756583818,1.059188395616782,0.0,-0.3358954174186042,False,
RAW__XS015_MAX_21,weekly,10,5,443,0.8118963891262878,0.0722599336193337,0.08395111697472347,0.16614698819800416,0.5052822075515175,-0.3630172730453195,-0.28701944609172636,-0.039710290955207214,-0.33584226124518846,1.059188395616782,0.2346102296291172,-0.3377728250497044,False,
RAW__XS015_MAX_21,weekly,10,10,443,0.4326846067371213,0.04310779165777312,0.056354478809875805,0.1660716119917104,0.33933842234691375,-0.36527340295799093,-0.4324699469574115,-0.06649210350908887,-0.5396130997005718,1.059188395616782,0.4692204592582344,-0.33964622491591945,False,
RAW__XS015_MAX_21,weekly,10,20,443,-0.10463727787099841,-0.012889953275007748,0.0011612024801814424,0.16595950360229253,0.00699690258753824,-0.42884624470864896,-0.640560646814121,-0.12010589235621358,-0.9483427006585713,1.059188395616782,0.9384409185164688,-0.4016695741733908,False,
RAW__XS015_MAX_21,weekly,20,0,443,1.0065933783247747,0.08518337568238121,0.09459411755001243,0.15834223600219607,0.5974029414912423,-0.3327265810976415,-0.21564998615898623,-0.02851195355696929,-0.28444485160139904,0.9644933334838606,0.0,-0.3108597741334186,False,
RAW__XS015_MAX_21,weekly,20,5,443,0.6205151963382389,0.05830145731356584,0.06947541266369273,0.15827756061917547,0.43894669839431244,-0.3343090842095948,-0.3623278741345948,-0.05281357545341971,-0.485753055889447,0.9644933334838606,0.2136352733666751,-0.3128092875621412,False,
RAW__XS015_MAX_21,weekly,20,10,443,0.30856562324605874,0.032071132040327965,0.044356707777373425,0.15822409291094125,0.28034104643178615,-0.3358890787327885,-0.4816372605120023,-0.077129030814394,-0.6874401909817581,0.9644933334838606,0.4272705467333502,-0.31475471419415646,False,
RAW__XS015_MAX_21,weekly,20,20,443,-0.1470451295364038,-0.018496173147100392,-0.005880701995266261,0.15815082360522975,-0.03718413765549177,-0.366699941764729,-0.6575850888596528,-0.1258015090567085,-1.09166025534045,0.9644933334838606,0.8545410934667004,-0.34349345494808337,False,
RAW__XS015_MAX_21,weekly,50,0,443,1.1713378381053197,0.09528102516676751,0.1035463168340498,0.15639149187251145,0.6620968672545151,-0.3502756393647848,-0.15125362130256004,-0.019249961785405466,-0.2481224492509963,0.7600340561443418,0.0,-0.33065467321576936,False,
RAW__XS015_MAX_21,weekly,50,5,443,0.8348426826089412,0.07384506071282604,0.0837580311568248,0.15639565184164025,0.5355521727780175,-0.35211362352967,-0.27799008815736026,-0.03823307769124417,-0.43343106174066953,0.7600340561443418,0.1683475434359717,-0.3323136696321284,False,
RAW__XS015_MAX_21,weekly,50,10,443,0.5503791978551402,0.05281942252135163,0.06396974547960083,0.1564075798957898,0.40899389609008824,-0.3539477821547192,-0.38584753109146985,-0.05722489203183815,-0.6191760395420419,0.7600340561443418,0.3366950868719434,-0.33396977175474496,False,
RAW__XS015_MAX_21,weekly,50,20,443,0.10667218905206455,0.011968549203547951,0.02439317412515151,0.1564547319952456,0.15591202524889292,-0.359323125672924,-0.5557314080757922,-0.0952346502473513,-0.9917261774982449,0.7600340561443418,0.6733901737438868,-0.33749460171071977,False,
RAW__XS018_AMIHUD_252,monthly,5,0,101,-0.3216245527517454,-0.04505876245309781,-0.0049200538199863884,0.28348071364507266,-0.017355867906225394,-0.6026783072093005,-0.7176769981865467,-0.15026179806041876,-0.844834967519245,0.2698881121494633,0.0,-0.5768803125297873,False,
RAW__XS018_AMIHUD_252,monthly,5,5,101,-0.3308087681833374,-0.04660406460869726,-0.006537418352921788,0.2834537261320793,-0.023063441225943115,-0.6038938676914944,-0.720504587034819,-0.1514577502687422,-0.8525683288134475,0.2698881121494633,0.013629349663547896,-0.5781747990394828,False,
RAW__XS018_AMIHUD_252,monthly,5,10,101,-0.3398708556487239,-0.048147245242780023,-0.008154782885857265,0.28342739899940894,-0.0287720344421404,-0.6051059807036383,-0.7233046870252406,-0.15265405916993646,-0.8602932770017213,0.2698881121494633,0.027258699327095792,-0.5794656142357906,False,
RAW__XS018_AMIHUD_252,monthly,5,20,101,-0.35763500537984594,-0.051227251663712337,-0.011389511951727892,0.28337672660665275,-0.04019212194351215,-0.607519900413598,-0.7288234546246463,-0.15504774787248218,-0.875717288036612,0.2698881121494633,0.054517398654191584,-0.5820362691277556,False,
RAW__XS018_AMIHUD_252,monthly,10,0,101,0.25261479571719025,0.027121654957693142,0.06553987689230745,0.27528116166925465,0.23808340714230353,-0.49846274007397184,-0.47869285264181183,-0.07739594574167306,-0.45759884749443613,0.2365647277551489,0.0,-0.46737132854597807,False,
RAW__XS018_AMIHUD_252,monthly,10,5,101,0.23773818098712374,0.025664680553979746,0.06411410768533839,0.2752576041561588,0.23292401996264286,-0.49854373697996257,-0.483044416020463,-0.07839187951235645,-0.4655018440031339,0.2365647277551489,0.011946518751635018,-0.46787310801497317,False,
RAW__XS018_AMIHUD_252,monthly,10,10,101,0.22303575710219592,0.02420952507507379,0.06268833847836913,0.27523432560060157,0.22776351874561426,-0.4986247299357609,-0.48736051954913295,-0.07938801362617,-0.47340110647959893,0.2365647277551489,0.023893037503270036,-0.46837449158221767,False,
RAW__XS018_AMIHUD_252,monthly,10,20,101,0.19414546208251915,0.021304662955853315,0.05983680006443082,0.27518860564442366,0.21743923562644543,-0.4987867039967808,-0.4958874723946024,-0.0813808831809822,-0.4891881014907842,0.2365647277551489,0.04778607500654007,-0.4693760720352522,False,
RAW__XS018_AMIHUD_252,monthly,20,0,101,0.4853944063237954,0.04813408814002895,0.0834038617470797,0.2663677164294801,0.31311550387961734,-0.4986925140026348,-0.381815763864491,-0.05714480188850883,-0.36491868728244614,0.21109068253795643,0.0,-0.4530278588383634,False,
RAW__XS018_AMIHUD_252,monthly,20,5,101,0.4696429616651774,0.04680732552960687,0.08211885115209022,0.266306219050475,0.3083624987988944,-0.4992022635416251,-0.38618671770864543,-0.057987861099280225,-0.372886303468884,0.21109068253795643,0.010660079468166798,-0.45349104194202783,False,
RAW__XS018_AMIHUD_252,monthly,20,10,101,0.45405632942671414,0.04548205278940465,0.08083384055710048,0.2662449072851892,0.3036070863526979,-0.49971155556634483,-0.39052748299874884,-0.058831060055481374,-0.3808545730985377,0.21109068253795643,0.021320158936333596,-0.4539538912480826,False,
RAW__XS018_AMIHUD_252,monthly,20,20,101,0.42337071342911115,0.04283597098714109,0.07826381936712132,0.26612284110854745,0.2940890719530485,-0.50072876850619,-0.39911926071811876,-0.06051787737898881,-0.3967928409405353,0.21109068253795643,0.04264031787266719,-0.45487858927013347,False,
RAW__XS018_AMIHUD_252,monthly,50,0,101,0.7751416751310987,0.07056204953417522,0.10269494646711211,0.25706722290611755,0.3994867385509388,-0.5166089538002295,-0.2612301515332258,-0.035972535800297606,-0.21491768278911108,0.17558428536135234,0.0,-0.4579853724393571,False,
RAW__XS018_AMIHUD_252,monthly,50,5,101,0.759470142398079,0.06943473385480115,0.1016259036631591,0.2570183407774932,0.3954033138480923,-0.5166764023726229,-0.26513706296709916,-0.03660252800628661,-0.22183667732655263,0.17558428536135234,0.008867006410748295,-0.4581477246793667,False,
RAW__XS018_AMIHUD_252,monthly,50,10,101,0.7439351417989939,0.06830847269527518,0.10055686085920654,0.2569695892547885,0.3913181367134581,-0.5167438468596771,-0.2690238205708132,-0.03723260269823585,-0.22875934255524366,0.17558428536135234,0.01773401282149659,-0.4583100481351652,False,
RAW__XS018_AMIHUD_252,monthly,50,20,101,0.7132700512913708,0.06605911039697698,0.0984187752513005,0.25687247832438975,0.38314254564481975,-0.5168787235777681,-0.27673727912434287,-0.038492999618637905,-0.24261559651723125,0.17558428536135234,0.03546802564299318,-0.4586346087029256,False,
RAW__XS018_AMIHUD_252,weekly,5,0,443,-0.3213855366186664,-0.044489046440866375,-0.006190100623396609,0.2803052021991958,-0.022083431113053983,-0.5986669936605795,-0.734738851679938,-0.15576998778837242,-0.811784497590813,0.10268012023216538,0.0,-0.5802625333796465,False,
RAW__XS018_AMIHUD_252,weekly,5,5,443,-0.33664699157070965,-0.0470368052672987,-0.0088695586701047,0.28025791545201295,-0.03164784357936676,-0.6008027425901181,-0.7389708383851354,-0.15765779610368924,-0.8233840966530914,0.10268012023216538,0.022743646631424634,-0.5824799256193858,False,
RAW__XS018_AMIHUD_252,weekly,5,10,443,-0.3515681219700594,-0.049578268428911,-0.011549016716812466,0.2802120211702684,-0.04121527930379121,-0.602927474480377,-0.7431363634380408,-0.15954608681896798,-0.8349793243335303,0.10268012023216538,0.04548729326284927,-0.5846859678296163,False,
RAW__XS018_AMIHUD_252,weekly,5,20,443,-0.38041934432402746,-0.05464236536290523,-0.01690793281022776,0.2801244127199504,-0.06035865509205432,-0.6071441071148502,-0.7512721217685797,-0.1633241164984563,-0.8581548141503517,0.10268012023216538,0.09097458652569854,-0.5890642269391793,False,
RAW__XS018_AMIHUD_252,weekly,10,0,443,0.5438247892937615,0.052295989958526023,0.08948241585993534,0.2768064021075288,0.3232671469252174,-0.5048740306683033,-0.3965399228708726,-0.059286502096764206,-0.2903170677251831,0.09418892803742517,0.0,-0.501047557036044,False,
RAW__XS018_AMIHUD_252,weekly,10,5,443,0.5119480680281858,0.049722015920955265,0.08703552683118695,0.2768137636471566,0.314419072536175,-0.5050739415962227,-0.40504899866647703,-0.060953417226701216,-0.30250452640272335,0.09418892803742517,0.020862847560289673,-0.5018226169262627,False,
RAW__XS018_AMIHUD_252,weekly,10,10,443,0.4807260130984423,0.04715404571500326,0.08458863780243912,0.27682171997425703,0.3055708121830376,-0.5052737912246972,-0.41343928119031237,-0.0626205702505133,-0.31468964557227047,0.09418892803742517,0.041725695120579345,-0.5025965428363424,False,
RAW__XS018_AMIHUD_252,weekly,10,20,443,0.42019268088014194,0.042036063395076706,0.07969485974494195,0.2768394167819134,0.28787396199336523,-0.5056733066390231,-0.42987001133901404,-0.06595559025117918,-0.339051813892466,0.09418892803742517,0.08345139024115869,-0.504140998952558,False,
RAW__XS018_AMIHUD_252,weekly,20,0,443,0.7238287122998246,0.0660069373125729,0.0984053827901117,0.261294503492601,0.3766071672950373,-0.5087699338941851,-0.32617884173389045,-0.0463411025939617,-0.27667089792329047,0.08560663475037153,0.0,-0.4983388731972427,False,
RAW__XS018_AMIHUD_252,weekly,20,5,443,0.6914484232777212,0.06363679633743069,0.0961754667793054,0.2612815837113917,0.36809125776556684,-0.5098734774262739,-0.33441567576755304,-0.047784823784353926,-0.2897375285137346,0.08560663475037153,0.01896186959720729,-0.49940925676311854,False,
RAW__XS018_AMIHUD_252,weekly,20,10,443,0.6596739537794931,0.06127174421687842,0.09394555076849856,0.261268956810676,0.35957410292939834,-0.5109746181052377,-0.34255254604357754,-0.04922867421030011,-0.30280560306600224,0.08560663475037153,0.03792373919441458,-0.5004774279720436,False,
RAW__XS018_AMIHUD_252,weekly,20,20,443,0.597897523469914,0.056556864298320075,0.08948571874688584,0.2612445818196132,0.3425361709843032,-0.5131697111658161,-0.35853119847601145,-0.05211676285919865,-0.32894547808155467,0.08560663475037153,0.07584747838882916,-0.5026071510179653,False,
RAW__XS018_AMIHUD_252,weekly,50,0,443,0.9563930519423798,0.08196086547557924,0.11171510030002432,0.2556005251298877,0.43706913451470575,-0.5175123417632016,-0.23527260981467046,-0.03148592503586423,-0.17861148964835932,0.06719808467619072,0.0,-0.4947257069958916,False,
RAW__XS018_AMIHUD_252,weekly,50,5,443,0.9274881794362617,0.08007211339019893,0.1099660513847069,0.25559665764500844,0.43023274403468875,-0.5177615568444768,-0.24153411968065353,-0.03245098903798849,-0.18853566090310064,0.06719808467619072,0.014884375755776245,-0.4949374116284697,False,
RAW__XS018_AMIHUD_252,weekly,50,10,443,0.8990087357749523,0.07818654993363716,0.10821700246938906,0.2555929573901596,0.4233958696451761,-0.5180106604302162,-0.24774474195181406,-0.033416112492570246,-0.19845971399157153,0.06719808467619072,0.02976875151155249,-0.49514904079824995,False,
RAW__XS018_AMIHUD_252,weekly,50,20,443,0.8433012741247143,0.07442496800716936,0.10471890463875384,0.25558605859927763,0.4097207226898791,-0.5185085332857544,-0.26001496229073773,-0.03534653778692416,-0.2183072902279805,0.06719808467619072,0.05953750302310498,-0.4955720728398205,False,
RAW__XS019_PRICE_DELAY_52W,monthly,5,0,101,0.4160998681638557,0.04220163079657491,0.053134173596376406,0.15326412425979413,0.34668369948279615,-0.27414767848702104,-0.41065442850359046,-0.06282089804607371,-0.4336040507986277,1.032501470814669,0.0,-0.22644326640949508,False,
RAW__XS019_PRICE_DELAY_52W,monthly,5,5,101,0.3441293571228441,0.03576283747712883,0.046898205998776823,0.15309600791572586,0.30633199805309547,-0.2823489955387194,-0.4386089179204946,-0.0685945544941412,-0.47033950722938334,1.032501470814669,0.05214132427614077,-0.23008654683261975,False,
RAW__XS019_PRICE_DELAY_52W,monthly,5,10,101,0.275768810800906,0.0293592416334143,0.04066223840117724,0.15293610529432713,0.26587729773111674,-0.2904633043778132,-0.46525728577717373,-0.07437262048564568,-0.5071359070816583,1.032501470814669,0.10428264855228155,-0.23371501978271658,False,
RAW__XS019_PRICE_DELAY_52W,monthly,5,20,101,0.14917161800706746,0.01665697023595092,0.028190303205978245,0.15264104314729418,0.1846836383237726,-0.3064343454848888,-0.5148733321017345,-0.08594201004589117,-0.5808900876588922,1.032501470814669,0.2085652971045631,-0.255088872633742,False,
RAW__XS019_PRICE_DELAY_52W,monthly,10,0,101,0.5217483330965158,0.051149517306161796,0.06033245694322649,0.1440397490553884,0.4188597754361993,-0.26280017740591377,-0.3666861630279439,-0.05427198257796547,-0.4227976467545885,0.8188389151355373,0.0,-0.15078030982765522,False,
RAW__XS019_PRICE_DELAY_52W,monthly,10,5,101,0.46008810017965285,0.0459963896279314,0.055392941294833624,0.14396410608528834,0.38476911225369814,-0.26324672955371253,-0.3901774154789548,-0.05876283673257868,-0.45366225967169593,0.8188389151355373,0.04135136521434464,-0.15156521008361123,False,
RAW__XS019_PRICE_DELAY_52W,monthly,10,10,101,0.4008933443276501,0.04086561538526512,0.05045342564644089,0.1438940091253032,0.35062909118409463,-0.2636932817015114,-0.4128109239383462,-0.06325644419312262,-0.4845494566882064,0.8188389151355373,0.08270273042868928,-0.15234978244345265,False,
RAW__XS019_PRICE_DELAY_52W,monthly,10,20,101,0.2895149722393908,0.030670787689936363,0.04057439434965513,0.14377048504211706,0.28221643919312783,-0.26458638599710904,-0.4556269125647936,-0.07225193402421148,-0.5463778782117921,0.8188389151355373,0.16540546085737856,-0.1539179434747937,False,
RAW__XS019_PRICE_DELAY_52W,monthly,20,0,101,0.6661792306234045,0.06253482773144015,0.0702322797788813,0.1376159583402682,0.510349821531784,-0.2824093094597734,-0.306577612947297,-0.04349892598081023,-0.40635334799097705,0.6797075728323424,0.0,-0.18031942766249853,False,
RAW__XS019_PRICE_DELAY_52W,monthly,20,5,101,0.6099451540241048,0.05820939655213664,0.06613759138693269,0.1376200019637446,0.48058124141254077,-0.28280829046221745,-0.32758789374195185,-0.047154519571698625,-0.4348151602493016,0.6797075728323424,0.03432523242803329,-0.18095296581217646,False,
RAW__XS019_PRICE_DELAY_52W,monthly,20,10,101,0.5555847898258917,0.05389962520828995,0.06204290299498404,0.1376273986176404,0.4508034273564456,-0.2832072714646613,-0.34797149321041265,-0.050811920309862986,-0.46327496831700593,0.6797075728323424,0.06865046485606657,-0.18158630614343985,False,
RAW__XS019_PRICE_DELAY_52W,monthly,20,20,101,0.4522406813477129,0.04532686199708036,0.05385352621108677,0.13765224860958872,0.3912288157662205,-0.2840052334695492,-0.386931706553695,-0.05813215136946401,-0.5201789967372735,0.6797075728323424,0.13730092971213315,-0.18285239335072212,False,
RAW__XS019_PRICE_DELAY_52W,monthly,50,0,101,1.0224418694773796,0.08728077401780987,0.09587562733833965,0.15581086212373216,0.6153333986574254,-0.3036905680295444,-0.15830995667637593,-0.02047644975214975,-0.2923900138166727,0.5165913233004755,0.0,-0.20717271052248276,False,
RAW__XS019_PRICE_DELAY_52W,monthly,50,5,101,0.9703543195639459,0.08391534833542313,0.09274996699178356,0.1557488016887745,0.5955099877886795,-0.30400241308643805,-0.17705886142702865,-0.02315294274418883,-0.3217610576561069,0.5165913233004755,0.026087861826674014,-0.20771573504748198,False,
RAW__XS019_PRICE_DELAY_52W,monthly,50,10,101,0.9195914420817759,0.08055921388178411,0.08962430664522725,0.15568836466455582,0.5756647700573555,-0.30431425814333135,-0.1953969016586118,-0.025830435883858267,-0.35112004585486045,0.5165913233004755,0.05217572365334803,-0.20825859114550493,False,
RAW__XS019_PRICE_DELAY_52W,monthly,50,20,101,0.8219074773149084,0.07387472782005289,0.08337298595211474,0.15557236836549984,0.535911272856882,-0.3049379482571182,-0.23087562393724126,-0.031188425958626087,-0.4097915264962737,0.5165913233004755,0.10435144730669606,-0.20934379806062287,False,
RAW__XS019_PRICE_DELAY_52W,weekly,5,0,443,0.43495317230647035,0.04330153476707754,0.05798497747069264,0.17519133149515204,0.33098085947418704,-0.29445255194227216,-0.4390963546887462,-0.06787069855388785,-0.37125441694929984,0.5878478870108731,0.0,-0.25022562921872193,False,
RAW__XS019_PRICE_DELAY_52W,weekly,5,5,443,0.2597177788701439,0.027472541557264973,0.042657539065009964,0.17499713852989782,0.24376135189045978,-0.2967262662383373,-0.5043015234551935,-0.08237685611664902,-0.4474603818297413,0.5878478870108731,0.1302083069729084,-0.2518937640312632,False,
RAW__XS019_PRICE_DELAY_52W,weekly,5,10,443,0.10580186675518655,0.011875099372430364,0.027330100659327356,0.1748259405727321,0.15632749104505647,-0.29899440789558396,-0.5619581664079984,-0.096891478238127,-0.5236966409552065,0.5878478870108731,0.2604166139458168,-0.2535593079745284,False,
RAW__XS019_PRICE_DELAY_52W,weekly,5,20,443,-0.1480956093991309,-0.018638140816568005,-0.003324776152038352,0.17455279123164275,-0.01904739608332107,-0.3135362684453613,-0.6580067992939401,-0.12594616253017357,-0.6761594337009769,0.5878478870108731,0.5208332278916336,-0.31515627436431404,False,
RAW__XS019_PRICE_DELAY_52W,weekly,10,0,443,0.7531464473449769,0.06811925235357541,0.07833713845643477,0.15673279592836475,0.4998133159842246,-0.26173122266715276,-0.31471893852836463,-0.04436154230271234,-0.2945022546033591,0.43775062217199806,0.0,-0.2320750065383962,False,
RAW__XS019_PRICE_DELAY_52W,weekly,10,5,443,0.5911085519400712,0.05602895019484122,0.06692221691920242,0.15659976848453513,0.42734556740938756,-0.2632301204957842,-0.37389937774672644,-0.054963199737057315,-0.3561945984180875,0.43775062217199806,0.09696176281109757,-0.23309408396729214,False,
RAW__XS019_PRICE_DELAY_52W,weekly,10,10,443,0.4439912348711197,0.044070741363944954,0.05550729538196999,0.15648002133865418,0.3547244875551305,-0.26472681011522436,-0.42799104683211786,-0.06556937480211868,-0.4178537578138961,0.43775062217199806,0.19392352562219514,-0.2342505255452595,False,
RAW__XS019_PRICE_DELAY_52W,weekly,10,20,443,0.18916844624771878,0.020545047933952842,0.03267745230750546,0.15628048666471853,0.20909489728945557,-0.26771357317890787,-0.5226136552435641,-0.08679529747169996,-0.5410211654327991,0.43775062217199806,0.3878470512443903,-0.23660491574590314,False,
RAW__XS019_PRICE_DELAY_52W,weekly,20,0,443,1.0072825935050518,0.08522712108202413,0.09254268408962268,0.14567503184371347,0.6352679859984963,-0.27943340751443335,-0.2153805813348565,-0.02847164284181757,-0.25523324838591444,0.32274021319050356,0.0,-0.2500052940188885,False,
RAW__XS019_PRICE_DELAY_52W,weekly,20,5,443,0.8687778404519093,0.07615751936858506,0.0841389192941291,0.14566734721995928,0.577610019677769,-0.2809687971483972,-0.26463661619226997,-0.03608195511223731,-0.3083265562230293,0.32274021319050356,0.07148695722169654,-0.25103844034582645,False,
RAW__XS019_PRICE_DELAY_52W,weekly,20,10,443,0.7397943810091843,0.0671611456703376,0.07573515449863569,0.14566692817289278,0.5199200357183702,-0.2825017418562562,-0.3108144020713194,-0.04369463410786475,-0.3613536882522438,0.32274021319050356,0.14297391444339308,-0.2521004198965777,False,
RAW__XS019_PRICE_DELAY_52W,weekly,20,20,443,0.5078275050865755,0.04938580136337056,0.05892762490764812,0.1456878859725807,0.4044785502532354,-0.2855603071562731,-0.3946894038033124,-0.05892710083129561,-0.4671783470613388,0.32274021319050356,0.28594782888678616,-0.2543967907419272,False,
RAW__XS019_PRICE_DELAY_52W,weekly,50,0,443,1.1483786336127468,0.09391521626735466,0.10110073471565016,0.14908221435956195,0.6781542328839556,-0.31272755828794296,-0.1602280615434416,-0.020497733959291737,-0.2520888376354063,0.23733033191201805,0.0,-0.2857120825818231,False,
RAW__XS019_PRICE_DELAY_52W,weekly,50,5,443,1.0383486842328917,0.08718529210628256,0.09491920798373812,0.1490674960825237,0.6367532190330135,-0.313851429800298,-0.1979105523559379,-0.02588674407118657,-0.30058598853647917,0.23733033191201805,0.052568668518512,-0.28655385856293725,False,
RAW__XS019_PRICE_DELAY_52W,weekly,50,10,443,0.9339355633600308,0.08049556516721701,0.08873768125182589,0.14905534869645928,0.5953337604310592,-0.31497391521633333,-0.2339091606809942,-0.031276829364189684,-0.3490282530775712,0.23733033191201805,0.105137337037024,-0.28739491813606777,False,
RAW__XS019_PRICE_DELAY_52W,weekly,50,20,443,0.7408311314266385,0.06723577194029984,0.07637462778800187,0.14903876897869145,0.5124480583902392,-0.3172147324910457,-0.3011511419662607,-0.04206022771581974,-0.44573193072279566,0.23733033191201805,0.210274674074048,-0.28907488964783457,False,
RAW__XS020_VOLUME_SHOCK_50D,monthly,5,0,101,2.993077676234137,0.17880645671259177,0.19951059141611083,0.27642822644885495,0.7217446422861035,-0.3213540169759923,0.6618196908535163,0.06034612292555158,0.4534149747931986,1.9475523131210546,0.0,-0.2134094546041193,False,
RAW__XS020_VOLUME_SHOCK_50D,monthly,5,5,101,2.6188729768941372,0.16510522329976451,0.18763649583228525,0.27617595809376416,0.6794092328941282,-0.32203266295901634,0.5114639120416173,0.04907865259718473,0.38638453585350374,1.9475523131210546,0.09835139181261328,-0.2149818491043659,False,
RAW__XS020_VOLUME_SHOCK_50D,monthly,5,10,101,2.279419397567608,0.15155002016398966,0.17576240024845957,0.2759239896930218,0.6369957191616552,-0.32271130894204025,0.3745794809244305,0.0377997448262275,0.3191751262850606,1.9475523131210546,0.19670278362522656,-0.21655267042352144,False,
RAW__XS020_VOLUME_SHOCK_50D,monthly,5,20,101,1.6922661714711706,0.12487205558270897,0.15201420908080876,0.2754209560465553,0.5519340694435513,-0.3240686009080883,0.1365492293710615,0.015207526339111875,0.18422146234938594,1.9475523131210546,0.3934055672504531,-0.23009405648271242,False,
RAW__XS020_VOLUME_SHOCK_50D,monthly,10,0,101,1.419717059794725,0.11069749514813321,0.12785311042397238,0.21653117046648332,0.5904605334582194,-0.33469105285125833,0.007026104248833098,0.0008318656859101115,0.047231054872385006,1.9433823746636973,0.0,-0.24326006118767718,False,
RAW__XS020_VOLUME_SHOCK_50D,monthly,10,5,101,1.193419724697733,0.09781539363498859,0.11607237200749743,0.21633666285783157,0.5365358348149054,-0.3353563617984071,-0.08389302995481518,-0.01041055147733392,-0.05665145911847517,1.9433823746636973,0.09814080992051674,-0.2447727843253631,False,
RAW__XS020_VOLUME_SHOCK_50D,monthly,10,10,101,0.9880952564248278,0.08507031873601911,0.10429163359102236,0.21614244472980707,0.48251343562526133,-0.3360216707455559,-0.16668330143082133,-0.021664338856654815,-0.16071720239620763,1.9433823746636973,0.19628161984103348,-0.24693930694552335,False,
RAW__XS020_VOLUME_SHOCK_50D,monthly,10,20,101,0.6328361567481469,0.05998595766305881,0.08073015675807223,0.21575488004148852,0.37417534538522723,-0.33735228863985334,-0.31069271853338853,-0.04420611393023781,-0.3693827566066056,1.9433823746636973,0.39256323968206697,-0.2514576590186597,False,
RAW__XS020_VOLUME_SHOCK_50D,monthly,20,0,101,1.7250582002643262,0.12649123184308975,0.13825552049754264,0.1936829593377637,0.7138238746984388,-0.3675279717581439,0.13410149841912578,0.014951371019289159,0.22113370285845527,1.8993507861186876,0.0,-0.26462810686124083,False,
RAW__XS020_VOLUME_SHOCK_50D,monthly,20,5,101,1.4757088898909152,0.11372043222586736,0.12672908558160945,0.19350319157345194,0.6549198726446034,-0.3681288201849737,0.03400828591729699,0.003973400734312642,0.0635945225268927,1.8993507861186876,0.09591721469899371,-0.266061383449563,False,
RAW__XS020_VOLUME_SHOCK_50D,monthly,20,10,101,1.2489693746897697,0.10108241495333692,0.11520265066567631,0.19332370613544672,0.5959054529244482,-0.36872966861180334,-0.057337052415763035,-0.0070154240696978275,-0.09439527445782041,1.8993507861186876,0.19183442939798742,-0.26749326283128816,False,
RAW__XS020_VOLUME_SHOCK_50D,monthly,20,20,101,0.8553749121741188,0.07619971539448356,0.09214978083380984,0.19296558538835948,0.4775451573312964,-0.3699313654654629,-0.21674723362378445,-0.02902572085975033,-0.41167530991803825,1.8993507861186876,0.38366885879597484,-0.2703528299749475,False,
RAW__XS020_VOLUME_SHOCK_50D,monthly,50,0,101,1.3730691843024,0.10813158732099337,0.1201065840032573,0.18392016978685297,0.653036500251441,-0.3833348554146828,-0.012387582214370974,-0.0014809839078009563,-0.054959266375835425,1.7818807113751536,0.0,-0.28521578774338474,False,
RAW__XS020_VOLUME_SHOCK_50D,monthly,50,5,101,1.1687671358049254,0.09634209598717614,0.10931113858804184,0.1837695463733965,0.5948272754939244,-0.38391509655173506,-0.09418946718480026,-0.011753479572696247,-0.2758038640212359,1.7818807113751536,0.08998497592444525,-0.287175906688951,False,
RAW__XS020_VOLUME_SHOCK_50D,monthly,50,10,101,0.9818939411347405,0.08466763694253299,0.09851569317282632,0.18361916473078732,0.5365218457303451,-0.3844953376887871,-0.16928260323370192,-0.02203551897732845,-0.4972512158497019,1.7818807113751536,0.1799699518488905,-0.28913244182345943,False,
RAW__XS020_VOLUME_SHOCK_50D,monthly,50,20,101,0.6546647616406547,0.06165974054900181,0.07692480234239504,0.18331912913712825,0.41962234222077804,-0.38565581996289156,-0.30147769947928504,-0.042628297959744696,-0.941800632326896,1.7818807113751536,0.359939903697781,-0.2930347737650808,False,
RAW__XS020_VOLUME_SHOCK_50D,weekly,5,0,443,1.348866548027324,0.10543167530302044,0.13545965172617566,0.266495740988253,0.5082994993610297,-0.42551755493833776,-0.08186006723793438,-0.010025021048147984,0.03889402562562542,1.9603440882936098,0.0,-0.426564278914087,False,
RAW__XS020_VOLUME_SHOCK_50D,weekly,5,5,443,0.5212051133366677,0.050474398802214715,0.08435504840342893,0.2662261981634244,0.31685479860868954,-0.46334313371481795,-0.4014063547872735,-0.06023692908476155,-0.26784175537596083,1.9603440882936098,0.4342162155570346,-0.45674654021754535,False,
RAW__XS020_VOLUME_SHOCK_50D,weekly,5,10,443,-0.015238081694509131,-0.0018008133023967865,0.033250445080682804,0.26595743425661217,0.12502167940378278,-0.502098943984381,-0.6099057803077359,-0.11049905861005722,-0.5752616742257753,1.9603440882936098,0.8684324311140692,-0.49137669122805216,False,
RAW__XS020_VOLUME_SHOCK_50D,weekly,5,20,443,-0.5878466668475246,-0.0988127672799397,-0.06895876156481001,0.26542225265487424,-0.2598077624428738,-0.7143950860079362,-0.8345428910313888,-0.2111743802692886,-1.192116952724019,1.9603440882936098,1.7368648622281384,-0.7023577427488934,False,
RAW__XS020_VOLUME_SHOCK_50D,weekly,10,0,443,1.9930860107505608,0.1373328434167964,0.15741661246482222,0.2400115948277667,0.655870865646241,-0.4006555123902962,0.16995654392096604,0.018424974087908906,0.2266243789598559,1.9382818593300997,0.0,-0.38279134330697406,False,
RAW__XS020_VOLUME_SHOCK_50D,weekly,10,5,443,0.9479285571574998,0.08141032812524607,0.10686777461534266,0.23977909729663624,0.44569262216853733,-0.4064647946261195,-0.23349083866456077,-0.031212750984023815,-0.17147765402416215,1.9382818593300997,0.4293294318416171,-0.38821101239516964,False,
RAW__XS020_VOLUME_SHOCK_50D,weekly,10,10,443,0.26719974367570254,0.028186999471494723,0.05631893676586362,0.23954741725201198,0.23510558958193314,-0.44507471296394985,-0.49802354659082115,-0.08089956530337575,-0.5705472845663322,1.9382818593300997,0.8586588636832342,-0.42584795532150377,False,
RAW__XS020_VOLUME_SHOCK_50D,weekly,10,20,443,-0.46439770464145935,-0.07066751043525565,-0.044778738933095086,0.2390865191198432,-0.18729094010795957,-0.6001688999489487,-0.7849848582585857,-0.18042084646673456,-1.371506345021476,1.9382818593300997,1.7173177273664684,-0.5912586899673679,False,
RAW__XS020_VOLUME_SHOCK_50D,weekly,20,0,443,2.414981092829728,0.1550742805105958,0.1694559930242874,0.2248583033824001,0.7536123437527942,-0.4035503021542459,0.3348695836243647,0.0339037179218567,0.41251555067519874,1.8768087180324466,0.0,-0.38313366096703183,False,
RAW__XS020_VOLUME_SHOCK_50D,weekly,20,5,443,1.252999448278087,0.10003783272502131,0.12049698400193345,0.22463613138541924,0.5364096294695836,-0.40927405172764086,-0.11344555669491663,-0.014134227003311437,-0.07970802648339735,1.8768087180324466,0.41571313104418695,-0.38849083484209046,False,
RAW__XS020_VOLUME_SHOCK_50D,weekly,20,10,443,0.4858092328185599,0.047575370820196694,0.07153797497957924,0.22441524871616214,0.3187750181363997,-0.41494832547005345,-0.41142566287975524,-0.062218298618150356,-0.5734160072479526,1.8768087180324466,0.8314262620883739,-0.39380661884151746,False,
RAW__XS020_VOLUME_SHOCK_50D,weekly,20,20,443,-0.35456391097537365,-0.050094744232932475,-0.026380043065129095,0.22397736659671041,-0.11777995011714072,-0.51140089858507,-0.7408925738943025,-0.1585251729000941,-1.56506530627355,1.8768087180324466,1.6628525241767478,-0.5074327089290958,False,
RAW__XS020_VOLUME_SHOCK_50D,weekly,50,0,443,2.1211203889949486,0.14293861357131576,0.15738914724232472,0.21777446913171974,0.7227162480057694,-0.3974975624432514,0.22000343804155809,0.02334174084428523,0.38108687526208296,1.7185230376255316,0.0,-0.3777659248566082,False,
RAW__XS020_VOLUME_SHOCK_50D,weekly,50,5,443,1.1326684039051678,0.09297319501927026,0.11257100895106448,0.21758805446936166,0.5173584056606172,-0.40057738323454795,-0.16079577781364718,-0.020577114936468265,-0.21174569615359728,1.7185230376255316,0.3806528528340553,-0.38265003041928436,False,
RAW__XS020_VOLUME_SHOCK_50D,weekly,50,10,443,0.4567749902482745,0.04515151005363238,0.06775287065980427,0.21740336709611816,0.31164591222660065,-0.4048752459269481,-0.42292701157051193,-0.06453476128949669,-0.8057561473816515,1.7185230376255316,0.7613057056681106,-0.3875000459115975,False,
RAW__XS020_VOLUME_SHOCK_50D,weekly,50,20,443,-0.32095471071693327,-0.04441786081026555,-0.02188340592271558,0.21703919181357298,-0.10082697848189763,-0.4933780087906613,-0.7274003110343278,-0.15256669714904078,-1.996715214565699,1.7185230376255316,1.5226114113362212,-0.4918874374943478,False,
RAW__XS032_GROSS_PROFIT_AT,monthly,5,0,101,1.0804973735753958,0.09094295032044575,0.10626252757307947,0.19666109420201328,0.5403332469203337,-0.3659623878675542,-0.13414869869566604,-0.017113911999670293,-0.12290096838376861,0.12132759379029427,0.0,-0.22471417980844877,False,
RAW__XS032_GROSS_PROFIT_AT,monthly,5,5,101,1.0677870577580855,0.09014894576990451,0.10553571814005165,0.19668945069216404,0.5365601346115108,-0.36609947515362573,-0.13636495794599846,-0.01741841636985833,-0.12513249348332303,0.12132759379029427,0.00612704348640986,-0.22502001713568742,False,
RAW__XS032_GROSS_PROFIT_AT,monthly,5,10,101,1.0551504335700326,0.08935526977379826,0.10480890870702339,0.1967187434139795,0.5327855744099639,-0.3662365624396974,-0.1385769022731177,-0.017723108025818626,-0.12736357903206874,0.12132759379029427,0.01225408697281972,-0.22532574164839614,False,
RAW__XS032_GROSS_PROFIT_AT,monthly,5,20,101,1.0300966337167918,0.08776890259219061,0.10335528984096734,0.19678013586683102,0.5252323329571842,-0.36651073701184056,-0.14298787057195161,-0.01833305431202759,-0.13182418631134143,0.12132759379029427,0.02450817394563944,-0.2259368523852382,False,
RAW__XS032_GROSS_PROFIT_AT,monthly,10,0,101,1.346775841818567,0.106665646854887,0.12013055515808775,0.19326435270815095,0.6215867203379054,-0.35092854489749303,-0.023330217900636052,-0.0028047535581851206,-0.02527745883856763,0.14282215300777046,0.0,-0.21993748467336371,False,
RAW__XS032_GROSS_PROFIT_AT,monthly,10,5,101,1.3299089893439295,0.10571762567919585,0.11926386654435478,0.19324230406164317,0.6171726585619176,-0.35100754988837546,-0.026886719092013345,-0.0032381915889573227,-0.02958042671777415,0.14282215300777046,0.007212518726892409,-0.2200919570746075,False,
RAW__XS032_GROSS_PROFIT_AT,monthly,10,10,101,1.3131602214892255,0.10477023835433741,0.11839717793062182,0.19322079423390026,0.6127558806496678,-0.3510865548792578,-0.03043124679079834,-0.0036717493855876566,-0.033883929061579235,0.14282215300777046,0.014425037453784819,-0.22024641498376274,False,
RAW__XS032_GROSS_PROFIT_AT,monthly,10,20,101,1.2800137220981282,0.10287736380625545,0.1166638007031559,0.1931793917501472,0.603914318428156,-0.35124456486102273,-0.03748453022011311,-0.004539224608012893,-0.04249214789227872,0.14282215300777046,0.028850074907569637,-0.22055528732580865,False,
RAW__XS032_GROSS_PROFIT_AT,monthly,20,0,101,1.3139998352458688,0.10481787445728208,0.12061326366744611,0.2020582043818371,0.596923366890456,-0.40971298506496445,-0.03697077727022491,-0.004475824411561441,-0.02690184546635601,0.13338198446875732,0.0,-0.28894363912811405,False,
RAW__XS032_GROSS_PROFIT_AT,monthly,20,5,101,1.2984645078083297,0.10393398936360576,0.11980193957042445,0.2020255940817422,0.59300377318505,-0.4097850876714437,-0.04001986838389737,-0.004852596946651676,-0.03183072420398682,0.13338198446875732,0.006735790215672245,-0.2890787547507654,False,
RAW__XS032_GROSS_PROFIT_AT,monthly,20,10,101,1.2830313197418461,0.10305068746744883,0.11899061547340295,0.20199329755629655,0.5890819988234494,-0.4098571902779228,-0.04305987555217228,-0.0052294402421877535,-0.03676117114335003,0.13338198446875732,0.01347158043134449,-0.28921385736619254,False,
RAW__XS032_GROSS_PROFIT_AT,monthly,20,20,101,1.2524687344764631,0.1012858319363783,0.11736796727935994,0.2019296464301097,0.5812319753651548,-0.4100013954908811,-0.04911273949086625,-0.005983339226695999,-0.046626416676263244,0.13338198446875732,0.02694316086268898,-0.28948402357715686,False,
RAW__XS032_GROSS_PROFIT_AT,monthly,50,0,101,1.0786578882867874,0.09082830395224795,0.10664823557796344,0.1969214247177719,0.5415776151874375,-0.3556240807257388,-0.13491424675696229,-0.017219006764374878,-0.27425405941029113,0.11872574254848271,0.0,-0.275740583707173,False,
RAW__XS032_GROSS_PROFIT_AT,monthly,50,5,101,1.0662315533212228,0.09005147932190827,0.10592603001282655,0.19688872843956542,0.5379994621954212,-0.3557060303434193,-0.13701463226072208,-0.017507826909310856,-0.2792688147514147,0.11872574254848271,0.005995649998698376,-0.27587838412978605,False,
RAW__XS032_GROSS_PROFIT_AT,monthly,50,10,101,1.0538780780757215,0.08927511807018274,0.10520382444768965,0.1968562505832051,0.5344195276300013,-0.3557879799610997,-0.1391102142844517,-0.017796687926382712,-0.28428369667132297,0.11872574254848271,0.011991299997396752,-0.2760161716153813,False,
RAW__XS032_GROSS_PROFIT_AT,monthly,50,20,101,1.0293880321747264,0.08772378471141717,0.10375941331741562,0.19679195056786697,0.5272543567864706,-0.3559518791964609,-0.14328700909885528,-0.018374532622704873,-0.29431356290398003,0.11872574254848271,0.023982599994793505,-0.2762917077775259,False,
RAW__XS032_GROSS_PROFIT_AT,weekly,5,0,443,0.930420964926554,0.0802648878556016,0.09950475047029209,0.21175254619597736,0.46991052649822806,-0.3501953025103772,-0.24542474478650833,-0.03305465851817658,-0.19716571474021918,0.04541470777408806,0.0,-0.3200703849216544,False,
RAW__XS032_GROSS_PROFIT_AT,weekly,5,5,443,0.9110977815596102,0.07898996809357328,0.09832230391655433,0.2117490848468774,0.46433402055859824,-0.35042542262454845,-0.24798373513714256,-0.033453410780764484,-0.19979348610647688,0.04541470777408806,0.010059357771960507,-0.32027085771234,False,
RAW__XS032_GROSS_PROFIT_AT,weekly,5,10,443,0.8919645887664271,0.0777163235595939,0.09713985736281637,0.21174650889460764,0.4587554140558023,-0.3506554929956356,-0.2505351433469246,-0.03385233472436158,-0.20241919491697924,0.04541470777408806,0.020118715543921015,-0.3204713017163865,False,
RAW__XS032_GROSS_PROFIT_AT,weekly,5,20,443,0.8542608473296702,0.07517285546156338,0.0947749642553408,0.21174401329870685,0.44759217877693636,-0.3511154845352491,-0.2556152907312432,-0.03465069833602261,-0.20766420786579998,0.04541470777408806,0.04023743108784203,-0.32087210337378813,False,
RAW__XS032_GROSS_PROFIT_AT,weekly,10,0,443,1.2282079021620222,0.09861002989735757,0.11423156304647401,0.20080883603161628,0.5688572540129103,-0.36869167806101755,-0.12902388805822085,-0.016215164521507414,-0.13593881663095467,0.049539736759814816,0.0,-0.3557732578523929,False,
RAW__XS032_GROSS_PROFIT_AT,weekly,10,5,443,1.2038900815167417,0.09719582234682855,0.11294263138577489,0.2008102885668031,0.562434485761931,-0.36895459716420564,-0.1327700742146365,-0.016721127087004645,-0.1405323608752026,0.049539736759814816,0.010973051692298981,-0.35595362584452883,False,
RAW__XS032_GROSS_PROFIT_AT,weekly,10,10,443,1.1798352071844573,0.09578329074353831,0.11165369972507519,0.20081224186648186,0.5560104239029046,-0.36921743689249786,-0.13650081466639796,-0.017227180342715403,-0.14512345620695835,0.049539736759814816,0.021946103384597963,-0.35613396136187503,False,
RAW__XS032_GROSS_PROFIT_AT,weekly,10,20,443,1.1325030576212778,0.09296324795114863,0.1090758364036765,0.20081765069712035,0.5431586119299253,-0.36974287828619523,-0.14391620205529654,-0.018239559068851684,-0.15429798297620598,0.049539736759814816,0.043892206769195925,-0.35649453498444206,False,
RAW__XS032_GROSS_PROFIT_AT,weekly,20,0,443,1.4645050579115053,0.11168518345479694,0.12662107853661567,0.2034144321802391,0.6224783422663969,-0.4056516445905065,-0.03665854917853584,-0.0043838887726686355,-0.02752579425666254,0.04726506263485051,0.0,-0.39136426745499675,False,
RAW__XS032_GROSS_PROFIT_AT,weekly,20,5,443,1.4388373050201482,0.1103198328199333,0.12538651691358127,0.2033921469491921,0.616476687002587,-0.40587407319802205,-0.04031842932038643,-0.004830688106409149,-0.032573058967374884,0.04726506263485051,0.010469211373619388,-0.39154154460905954,False,
RAW__XS032_GROSS_PROFIT_AT,weekly,20,10,443,1.413435062266048,0.10895606098367261,0.12415195529054632,0.20337016128479043,0.610472817183291,-0.4060964388725692,-0.04396478997417874,-0.005277534704237327,-0.03761936798157159,0.04726506263485051,0.020938422747238776,-0.39171878100682533,False,
RAW__XS032_GROSS_PROFIT_AT,weekly,20,20,443,1.363416222184708,0.10623324673847723,0.1216828320444783,0.20332708904330307,0.5984585360318773,-0.4065409814736709,-0.05121714673230504,-0.006171369733471675,-0.047708878105612605,0.04726506263485051,0.04187684549447755,-0.39207313156114587,False,
RAW__XS032_GROSS_PROFIT_AT,weekly,50,0,443,1.2186666987195411,0.09805679096004094,0.11310577974590663,0.1972170465116254,0.5735091451095196,-0.36733632804001914,-0.13275341449491662,-0.016718872178727237,-0.22290720260065816,0.04463164286952708,0.0,-0.3440593372949602,False,
RAW__XS032_GROSS_PROFIT_AT,weekly,50,5,443,1.1968406133107523,0.09678328427453398,0.11194177298163518,0.19720535664215078,0.5676406304964877,-0.36753076718481326,-0.13554403732667275,-0.017097190902664258,-0.22819024983085268,0.04463164286952708,0.009885908895600249,-0.3442594965830029,False,
RAW__XS032_GROSS_PROFIT_AT,weekly,50,10,443,1.1752280358222715,0.09551118330094188,0.11077776621736418,0.1971938724779939,0.5617708340796774,-0.3677251609831649,-0.13832585570841505,-0.01747553349398606,-0.23347227027853779,0.04463164286952708,0.019771817791200498,-0.34445960386735386,False,
RAW__XS032_GROSS_PROFIT_AT,weekly,50,20,443,1.1326351156783994,0.09297119248735397,0.10844975268882154,0.19717152140876432,0.5500274680337326,-0.3681138125708143,-0.14386318793994524,-0.018232290290741887,-0.24403309580893098,0.04463164286952708,0.039543635582400996,-0.34485966247004973,False,
RAW__XS041_ASSET_GROWTH,monthly,5,0,101,2.970049530290118,0.17799669041959354,0.20680870477640398,0.2887707302395962,0.7161692066395113,-0.5165753797738588,0.6522359488187961,0.05965894943306138,0.428629384796816,0.2813203562065409,0.0,-0.46635753135396796,False,
RAW__XS041_ASSET_GROWTH,monthly,5,5,101,2.914032744501895,0.17600948980031728,0.2050865458503554,0.2886839188726275,0.710419016934723,-0.5168913888003992,0.6347407830106022,0.05839416823115229,0.42228039110283566,0.2813203562065409,0.014206677988430316,-0.4667209072530559,False,
RAW__XS041_ASSET_GROWTH,monthly,5,10,101,2.8587780897265485,0.17402462000942465,0.20336438692430672,0.28859941332330796,0.704659737809254,-0.5172073830850377,0.6174195918683283,0.05712855858926964,0.41591759977201975,0.2813203562065409,0.028413355976860632,-0.46708424785799163,False,
RAW__XS041_ASSET_GROWTH,monthly,5,20,101,2.7505153146751056,0.17006186502273302,0.19992006907220927,0.28843732772893954,0.6931144129170589,-0.5178393274286077,0.5832926683876369,0.05459484902079509,0.40315176396734065,0.2813203562065409,0.056826711953721264,-0.46781082319072886,False,
RAW__XS041_ASSET_GROWTH,monthly,10,0,101,2.630709439122742,0.1655573379475903,0.18851740333738518,0.2602833932947131,0.7242774921254046,-0.46933054761236437,0.511011036327288,0.04904304799043979,0.4426673199272728,0.2664030792500108,0.0,-0.41618274839889036,False,
RAW__XS041_ASSET_GROWTH,monthly,10,5,101,2.5821802311108257,0.16369535005382385,0.18691091020899064,0.26029618447452807,0.7180701115013127,-0.46967454405117726,0.4961387648371449,0.047867837524120306,0.43473926157818776,0.2664030792500108,0.013453355502125544,-0.4165717431880267,False,
RAW__XS041_ASSET_GROWTH,monthly,10,10,101,2.5342777940575214,0.16183548190267816,0.1853044170805963,0.26031097918934476,0.7118578619221808,-0.4700185212436352,0.4814042202719435,0.046691932922761414,0.4268024515539863,0.2664030792500108,0.02690671100425109,-0.41696070312226463,False,
RAW__XS041_ASSET_GROWTH,monthly,10,20,101,2.440322037100971,0.15812209741528704,0.1820914308238074,0.26034657781146925,0.6994193369258321,-0.470706417889486,0.4523435318131075,0.044338037296263094,0.4109047474073019,0.2664030792500108,0.05381342200850218,-0.4177385184306389,False,
RAW__XS041_ASSET_GROWTH,monthly,20,0,101,2.58991596794458,0.1639936413433798,0.18422245846647656,0.24962034565620564,0.7380105895702925,-0.4516622890364832,0.4940338074430064,0.047700560229526075,0.5126266312314142,0.257533978388552,0.0,-0.3890617092662728,False,
RAW__XS041_ASSET_GROWTH,monthly,20,5,101,2.543521260585441,0.16219609274830704,0.18266854460268236,0.24963447474894485,0.7317440621388149,-0.4519190535875822,0.4799924012596217,0.0465786479380757,0.5031452693221262,0.257533978388552,0.013005465908621876,-0.3894041542952561,False,
RAW__XS041_ASSET_GROWTH,monthly,20,10,101,2.49770940896988,0.1604006605805346,0.18111463073888817,0.2496501047065372,0.7254738825436815,-0.45217581813868135,0.4660764607821688,0.04545620889067224,0.493656696614854,0.257533978388552,0.026010931817243753,-0.3897465450010408,False,
RAW__XS041_ASSET_GROWTH,monthly,20,20,101,2.4078058795669506,0.15681613748203116,0.17800680301129984,0.24968586606179374,0.7129230253155204,-0.4526893472408795,0.4386167264255072,0.043209747951766866,0.4746607563732016,0.257533978388552,0.052021863634487506,-0.39043116345150297,False,
RAW__XS041_ASSET_GROWTH,monthly,50,0,101,1.6864555818073872,0.12458333446349967,0.14214987454117542,0.2196428101109032,0.647186559256824,-0.4204176842004409,0.11803604798923617,0.013256271385552684,0.2623920220569328,0.22338998652906583,0.0,-0.34324061356669266,False,
RAW__XS041_ASSET_GROWTH,monthly,50,5,101,1.6563150093663248,0.12307679668671678,0.14080651916145853,0.21966781089750897,0.6409975070364542,-0.4206886176583079,0.10944050849705778,0.012339307942705779,0.2499957611489217,0.22338998652906583,0.011281194319717825,-0.3435986292045613,False,
RAW__XS041_ASSET_GROWTH,monthly,50,10,101,1.6265037913112272,0.12157183033281127,0.13946316378174184,0.21969393646282348,0.6348066133602267,-0.42095952705620265,0.10090774628718546,0.011421987729710993,0.23759939075069247,0.22338998652906583,0.02256238863943565,-0.3439565698748914,False,
RAW__XS041_ASSET_GROWTH,monthly,50,20,101,1.567855430919301,0.11856660652867435,0.13677645302230787,0.2197495603076357,0.6224196891717524,-0.421501273672076,0.08402881634576076,0.00958627556541641,0.21281242694857028,0.22338998652906583,0.0451247772788713,-0.3446722263383549,False,
RAW__XS041_ASSET_GROWTH,weekly,5,0,443,3.010535904851392,0.17707679324404935,0.20154948676487977,0.2737834127695132,0.7361639798630016,-0.5584268266278204,0.5676638458292269,0.05277313493267249,0.3948839471774668,0.09016314199325967,0.0,-0.5241050769671276,False,
RAW__XS041_ASSET_GROWTH,weekly,5,5,443,2.9312250578951824,0.17432030838225554,0.19920643892420078,0.2737929461482866,0.7275806105549202,-0.5589517421132932,0.54693559528962,0.05121071966918463,0.3863612630717057,0.09016314199325967,0.019971135951507013,-0.5246903528680579,False,
RAW__XS041_ASSET_GROWTH,weekly,5,10,443,2.8534622616585406,0.17156955169308885,0.19686339108352216,0.2738043353285608,0.7189929657150581,-0.5594762555680506,0.5264738878833766,0.049647725085712587,0.37783466174233155,0.09016314199325967,0.039942271903014026,-0.5252751483672777,False,
RAW__XS041_ASSET_GROWTH,weekly,5,20,443,2.7024620902442593,0.16608518036227204,0.1921772954021647,0.2738326801296483,0.7018055526140151,-0.5605240771075963,0.486336817494724,0.04651999597637074,0.360771167026534,0.09016314199325967,0.07988454380602805,-0.5264432991613108,False,
RAW__XS041_ASSET_GROWTH,weekly,10,0,443,3.091158900700388,0.17983000248145897,0.1983954047640553,0.254669408533513,0.7790311600694184,-0.4783226513913793,0.5991782765022009,0.055109426291086214,0.4638332824875927,0.0860260085553541,0.0,-0.44789342720641345,False,
RAW__XS041_ASSET_GROWTH,weekly,10,5,443,3.0139328141682773,0.1771937764937097,0.19615963520383778,0.2546860908755833,0.7702016020170637,-0.47883550906639516,0.5794810665615953,0.05365465105803427,0.4540796262691285,0.0860260085553541,0.01905476089501093,-0.44843619965769765,False,
RAW__XS041_ASSET_GROWTH,weekly,10,10,443,2.938148661844059,0.17456288737877523,0.19392386564362027,0.25470423664525227,0.7613688260463217,-0.47934799699632846,0.5600207529528116,0.05219944574737607,0.4443210938577225,0.0860260085553541,0.03810952179002186,-0.44897858079682174,False,
RAW__XS041_ASSET_GROWTH,weekly,10,20,443,2.7908001157551294,0.16931708036718773,0.18945232652318558,0.25474491719126563,0.7436942358341242,-0.48037186437497226,0.5217997220434527,0.049287743633728176,0.4247912115367275,0.0860260085553541,0.07621904358004372,-0.4500621699365953,False,
RAW__XS041_ASSET_GROWTH,weekly,20,0,443,2.776426305720157,0.16879576470555135,0.18656809358952975,0.245282276496096,0.76062606827811,-0.4645192520255713,0.4761535930284322,0.04571302170711256,0.49671265178101953,0.08234372924277711,0.0,-0.45049941684159844,False,
RAW__XS041_ASSET_GROWTH,weekly,20,5,443,2.7081669838789595,0.16629594206345444,0.18442927603433357,0.24530520830485542,0.7518359569648121,-0.4650106719143251,0.4591623262880298,0.044354065781406986,0.4849416489961292,0.08234372924277711,0.018239136027275126,-0.4509419499260493,False,
RAW__XS041_ASSET_GROWTH,weekly,20,10,443,2.6411318076385855,0.16380110402790438,0.18229045847913733,0.2453290376395839,0.7430447705376916,-0.46550170634680865,0.44236332142245405,0.042994839986443906,0.47316739911104044,0.08234372924277711,0.03647827205455025,-0.45138418693988325,False,
RAW__XS041_ASSET_GROWTH,weekly,20,20,443,2.5106471454677615,0.158826344565679,0.17801282336874505,0.24537938783117014,0.7254595626068815,-0.4664826198591372,0.4093335673282399,0.04027557823782083,0.4496112055021286,0.08234372924277711,0.0729565441091005,-0.45226777339917634,False,
RAW__XS041_ASSET_GROWTH,weekly,50,0,443,1.894626296925885,0.132876102707554,0.14738548106448968,0.21096446997382304,0.6986270298632636,-0.424498959483238,0.13146998319801062,0.014498686648881013,0.26825979178237386,0.0749460250886797,0.0,-0.40057629505571046,False,
RAW__XS041_ASSET_GROWTH,weekly,50,5,443,1.8469676777294088,0.13067059849425822,0.14543908804038214,0.21098846810965632,0.6893224513331863,-0.42498188738674225,0.12028072024872682,0.0133321070947759,0.2512459541609108,0.0749460250886797,0.016600544557142556,-0.40101464854649094,False,
RAW__XS041_ASSET_GROWTH,weekly,50,10,443,1.8000880355398245,0.1284691183970348,0.1434926950162738,0.21101324016376372,0.6800174951340094,-0.4254644847842377,0.10920024118428562,0.01216532982926508,0.23422493939307223,0.0749460250886797,0.03320108911428511,-0.4014527523624297,False,
RAW__XS041_ASSET_GROWTH,weekly,50,20,443,1.7086153233131292,0.12407820287735616,0.13959990896805838,0.2110651049282993,0.6614068631358163,-0.4264286887878209,0.08736148577420977,0.009831181797305367,0.20016731745172583,0.0749460250886797,0.06640217822857022,-0.4023282114034209,False,
RAW__XS056_CFO_ACCRUALS_PT,monthly,5,0,101,1.7943746630958874,0.12985813532647916,0.18807451026391148,0.3669239337061516,0.5125708436739086,-0.5539508945377287,0.1629492875616716,0.01793575458269924,0.26476761186010694,0.2854747842312253,0.0,-0.4994574781984361,False,
RAW__XS056_CFO_ACCRUALS_PT,monthly,5,5,101,1.7543712451949283,0.12792415694796944,0.18633204942910114,0.3668090889485534,0.5079810044053598,-0.5541447216083025,0.15039482293468986,0.016646163296304348,0.2596001649006905,0.2854747842312253,0.014416476603676875,-0.4999301203263441,False,
RAW__XS056_CFO_ACCRUALS_PT,monthly,5,10,101,1.7149259558937269,0.12599277208351678,0.18458958859429064,0.3666954225084809,0.5033866726002598,-0.5543385486788763,0.13797018885984902,0.01535597694416313,0.25442537083925937,0.2854747842312253,0.02883295320735375,-0.5004024663381436,False,
RAW__XS056_CFO_ACCRUALS_PT,monthly,5,20,101,1.6376795112717226,0.12213777199961484,0.18110466692467014,0.36647162895521224,0.494184686113324,-0.5547262028200242,0.11350528697003148,0.012773816526974555,0.24405409170678927,0.2854747842312253,0.0576659064147075,-0.5013462704290244,False,
RAW__XS056_CFO_ACCRUALS_PT,monthly,10,0,101,1.8196193102811868,0.1310660774502883,0.17317019599938813,0.3109960673111319,0.556824391692845,-0.5743460403644165,0.17345548232739505,0.019004293043135834,0.26776416563900507,0.29798989523016334,0.0,-0.5029910003411489,False,
RAW__XS056_CFO_ACCRUALS_PT,monthly,10,5,101,1.7774989709511249,0.1290452689173267,0.17136440049985097,0.3109339021709199,0.5511280671017089,-0.574620919385824,0.1600543835413435,0.017639630065254274,0.2605550279629689,0.29798989523016334,0.01504848970912325,-0.5033293156677717,False,
RAW__XS056_CFO_ACCRUALS_PT,monthly,10,10,101,1.7359940522997714,0.12702739613934222,0.16955860500031372,0.31087286172018247,0.5454274910395166,-0.5748957392900118,0.1468009511110464,0.016274410026250036,0.2533390418883465,0.29798989523016334,0.0300969794182465,-0.5036675395401997,False,
RAW__XS056_CFO_ACCRUALS_PT,monthly,10,20,101,1.6547954226525823,0.12300044392906329,0.16594701400123923,0.31075415752594976,0.5340138176184551,-0.575445201746728,0.12073082659016032,0.013542296583821958,0.23888727598988427,0.29798989523016334,0.060193958836493,-0.5043437129514163,False,
RAW__XS056_CFO_ACCRUALS_PT,monthly,20,0,101,2.412161596680909,0.15699171325277894,0.18821322804028823,0.2881469072882725,0.6531849666947593,-0.5011004186803483,0.42005685576501106,0.04166695961379252,0.43917797227514227,0.2667150733703191,0.0,-0.4292937055604614,False,
RAW__XS056_CFO_ACCRUALS_PT,monthly,20,5,101,2.3665044023225836,0.155141404657557,0.18658805201858844,0.28809331127152965,0.6476653386885752,-0.5013263433040731,0.40605927489802185,0.04049001398415099,0.4312640877333828,0.2667150733703191,0.01346911120520111,-0.4295999770920107,False,
RAW__XS056_CFO_ACCRUALS_PT,monthly,20,10,101,2.321445226802368,0.15329352265848728,0.18496287599688885,0.2880406231925399,0.6421416324781762,-0.5015522246601472,0.39219474616857175,0.039312648235643004,0.42334245785776264,0.2667150733703191,0.02693822241040222,-0.42990615579824754,False,
RAW__XS056_CFO_ACCRUALS_PT,monthly,20,20,101,2.233090357513508,0.1496050278404406,0.1817125239534893,0.28793797283288924,0.6310821812271001,-0.5020038575693444,0.3648599805089279,0.03695665485073227,0.40747694038369664,0.2667150733703191,0.05387644482080444,-0.43051823478458473,False,
RAW__XS056_CFO_ACCRUALS_PT,monthly,50,0,101,2.948371773210612,0.17723061855799016,0.19389507522548188,0.24310970781226032,0.7975620429572311,-0.4488549320186086,0.6432142050689384,0.05900842038586562,0.7623654353155987,0.2164202460859533,0.0,-0.380532711200518,False,
RAW__XS056_CFO_ACCRUALS_PT,monthly,50,5,101,2.905449361437931,0.17570278206134282,0.19257909229695724,0.24308903085367384,0.7922162987801749,-0.4490461331886164,0.6311558343740369,0.05813333042001071,0.7529416828119391,0.2164202460859533,0.010929222427340644,-0.38080167533222653,False,
RAW__XS056_CFO_ACCRUALS_PT,monthly,50,10,101,2.8629841859151783,0.17417659005553077,0.19126310936843238,0.24306899736816232,0.7868675620475669,-0.44923731222967667,0.6191825909894473,0.057257993874173685,0.7435055558209426,0.2164202460859533,0.02185844485468129,-0.3810705770739278,False,
RAW__XS056_CFO_ACCRUALS_PT,monthly,50,20,101,2.7794064989155083,0.17112913353368508,0.18863114351138274,0.2430308614477652,0.7761612759288407,-0.44961960392495515,0.5954891790937453,0.05550658034518588,0.7245978622698179,0.2164202460859533,0.04371688970936258,-0.38160819341336494,False,
RAW__XS056_CFO_ACCRUALS_PT,weekly,5,0,443,1.017160060836677,0.08585260494243174,0.14346323470628622,0.3473233150814147,0.4130538563835185,-0.6495813739864302,-0.21151961392513718,-0.027895446702896464,0.06059479363133094,0.09368838859628241,0.0,-0.5839938613964177,False,
RAW__XS056_CFO_ACCRUALS_PT,weekly,5,5,443,0.9757268254831928,0.08321050635249616,0.14104270956558823,0.3473590077810051,0.4060430459730861,-0.6498563248415989,-0.22255223043757744,-0.029549477108442822,0.053696223907027274,0.09368838859628241,0.020751978074076555,-0.5844039117493139,False,
RAW__XS056_CFO_ACCRUALS_PT,weekly,5,10,443,0.9351357767717261,0.08057425527994333,0.13862218442489077,0.3473959060573562,0.3990322914225817,-0.6501311226681912,-0.23343371955598835,-0.031204004218035576,0.046800091595105654,0.09368838859628241,0.04150395614815311,-0.5848136491520306,False,
RAW__XS056_CFO_ACCRUALS_PT,weekly,5,20,443,0.8564128123678243,0.07531924834587422,0.13378113414349554,0.34747331779154583,0.385011243435252,-0.6506802594455645,-0.2547513940084146,-0.03451455007090939,0.033015700190431145,0.09368838859628241,0.08300791229630622,-0.5856321857945712,False,
RAW__XS056_CFO_ACCRUALS_PT,weekly,10,0,443,1.408730399071887,0.10870209193949765,0.14951047557105177,0.30035300652290314,0.49778251698522935,-0.6109503371409694,-0.05846010344726793,-0.007070891479970259,0.11030019544874602,0.09683232934089105,0.0,-0.5707649506791546,False,
RAW__XS056_CFO_ACCRUALS_PT,weekly,10,5,443,1.357613374794453,0.10591407949983234,0.14700149865022777,0.3003780203866586,0.4893883329446061,-0.6114694465722403,-0.07228001559566755,-0.008806585324988936,0.10098664391724334,0.09683232934089105,0.021448360949007372,-0.5713376795197274,False,
RAW__XS056_CFO_ACCRUALS_PT,weekly,10,10,443,1.3075736689400963,0.10313265909655533,0.14449252172940333,0.3004038773581047,0.4809941968796795,-0.6119879857586586,-0.08589971541898267,-0.010542617688333483,0.09167399957739339,0.09683232934089105,0.042896721898014745,-0.5719097792142018,False,
RAW__XS056_CFO_ACCRUALS_PT,weekly,10,20,443,1.2106364846137714,0.09758953571135787,0.1394745678877545,0.30045811974629255,0.46420635263752263,-0.6130233554084301,-0.11254988786075937,-0.01401569861422805,0.07305215110343194,0.09683232934089105,0.08579344379602949,-0.5730520933841179,False,
RAW__XS056_CFO_ACCRUALS_PT,weekly,20,0,443,2.2221333859278656,0.14721982350669416,0.17724899345523643,0.2781999391611337,0.6371280812990171,-0.5582703175441983,0.25948804234569933,0.027080534504292687,0.32871174735464886,0.09110781887757444,0.0,-0.5135562255205743,False,
RAW__XS056_CFO_ACCRUALS_PT,weekly,20,5,443,2.1577570817075804,0.1445053256484361,0.17488428840598375,0.278223781506172,0.6285741911034451,-0.5586956434236392,0.24257623489679658,0.02549371405040733,0.3179127441261971,0.09110781887757444,0.02018038188138274,-0.514024605016896,False,
RAW__XS056_CFO_ACCRUALS_PT,weekly,20,10,443,2.094658871889769,0.1417968996571981,0.1725195833567306,0.27824833775942415,0.6200201760266847,-0.5591206303324813,0.22588873046680957,0.023906627338603867,0.307112620295682,0.09110781887757444,0.04036076376276548,-0.5144926112303161,False,
RAW__XS056_CFO_ACCRUALS_PT,weekly,20,20,443,1.972196367147403,0.13639821176255906,0.16779017325822485,0.27829959122916054,0.6029120363315992,-0.5599695881235685,0.19317491486424143,0.0207316546304731,0.2855100273173462,0.09110781887757444,0.08072152752553095,-0.5154275047832562,False,
RAW__XS056_CFO_ACCRUALS_PT,weekly,50,0,443,2.862047225707268,0.1718756271198436,0.18728804675433433,0.2366924768328324,0.791271650288274,-0.478135961521726,0.5096216441554726,0.04834462920441165,0.6280170182394909,0.0736478477432551,0.0,-0.4494791521098549,False,
RAW__XS056_CFO_ACCRUALS_PT,weekly,50,5,443,2.799554012516042,0.1696337163560393,0.18537152846460273,0.23670139523864067,0.7831450603732708,-0.4784841517280958,0.4951230880008539,0.04721183724909486,0.6158511252087706,0.0736478477432551,0.016312998275131003,-0.449846462277838,False,
RAW__XS056_CFO_ACCRUALS_PT,weekly,50,10,443,2.7380666464550196,0.1673958974120171,0.18345501017487068,0.23671073372977355,0.7750177074111939,-0.47883214762441506,0.48076216646934933,0.04607891759226263,0.6036786566544389,0.0736478477432551,0.03262599655026201,-0.4502135674657384,False,
RAW__XS056_CFO_ACCRUALS_PT,weekly,50,20,443,2.618045295853778,0.16293250637458634,0.17962197359540785,0.23673067076691964,0.7587608864263309,-0.4795275568415558,0.45244807361047723,0.043812695013171046,0.5793151620782615,0.0736478477432551,0.06525199310052401,-0.4509471632754195,False,
STATIC_DIM6_ALL14,monthly,5,0,101,0.49644871500954335,0.04905782187496621,0.06022645153310109,0.15750820939828525,0.38237023811761234,-0.34033673988268076,-0.3772152353167797,-0.056263877457833074,-0.4787660987025399,1.561919341110941,0.0,-0.25304311422882597,False,
STATIC_DIM6_ALL14,monthly,5,5,101,0.38290382046311944,0.03926848913561276,0.05079896544575386,0.15733485080180734,0.32287166630198577,-0.34288488356974667,-0.4224143174407893,-0.06521566093351419,-0.5475866272602439,1.561919341110941,0.07887692672610254,-0.2570482444455878,False,
STATIC_DIM6_ALL14,monthly,5,10,101,0.27789152185856403,0.02956258386249022,0.0413714793584064,0.15716379203120465,0.2632379813678213,-0.3454250000375886,-0.46436754442053274,-0.07417509746440329,-0.616357567299483,1.561919341110941,0.15775385345220508,-0.26103479130058704,False,
STATIC_DIM6_ALL14,monthly,5,20,101,0.09097159326583193,0.010398484727629276,0.022516507183711863,0.15682860396851409,0.14357398213040534,-0.35210936111831836,-0.5394426685105801,-0.0921169821015079,-0.7537293075732167,1.561919341110941,0.31550770690441016,-0.26895242695018107,False,
STATIC_DIM6_ALL14,monthly,10,0,101,0.5951354371900277,0.05704812451665586,0.06600406907504638,0.14510216649017857,0.454879969552446,-0.34499786163039015,-0.33614427415782067,-0.04867609110566302,-0.4888644565541547,1.4597691974242368,0.0,-0.2561128820458073,False,
STATIC_DIM6_ALL14,monthly,10,5,101,0.481733296306458,0.0478268183887145,0.05719136870006323,0.14495525289992636,0.39454498927021825,-0.3473164250266715,-0.38113705041955215,-0.057014428156280314,-0.5612061168638768,1.4597691974242368,0.07371834446992395,-0.2587460787052057,False,
STATIC_DIM6_ALL14,monthly,10,10,101,0.37631672036187047,0.038679098646264176,0.048378668325079886,0.14480972122803282,0.33408439650883437,-0.34962845530348097,-0.42311229711397913,-0.0653593252035656,-0.63355023485368,1.4597691974242368,0.1474366889398479,-0.2613828312929132,False,
STATIC_DIM6_ALL14,monthly,10,20,101,0.18725097699427096,0.02060229101516753,0.030753267575113652,0.1445228202984604,0.2127917758012453,-0.3550136968418439,-0.4987980024889127,-0.08206884006072333,-0.7782282126463377,1.4597691974242368,0.2948733778796958,-0.2727636207892571,False,
STATIC_DIM6_ALL14,monthly,20,0,101,1.2231205852393812,0.09957113126709638,0.1052750210511483,0.14269378853879694,0.7377687713612364,-0.31285008844741546,-0.0747924625456331,-0.009236103186558547,-0.16382392684822514,1.2823329704404163,0.0,-0.21388823382688205,False,
STATIC_DIM6_ALL14,monthly,20,5,101,1.0836740856735885,0.09114072951788166,0.09750263221429682,0.14252171595924573,0.6841247423808581,-0.3150791587693639,-0.12972955805293895,-0.01650906092976466,-0.23299241970326523,1.2823329704404163,0.06475781500724101,-0.2168009781198088,False,
STATIC_DIM6_ALL14,monthly,20,10,101,0.952891020435708,0.08276946800265472,0.08973024337744528,0.14235058337467338,0.6303468608995516,-0.31730247620226093,-0.18143927331662602,-0.02378705254739184,-0.3022215059494886,1.2823329704404163,0.12951563001448202,-0.21970478662563853,False,
STATIC_DIM6_ALL14,monthly,20,20,101,0.7152154768585226,0.0662028620271442,0.07418546570374232,0.14201115176485338,0.5223918317807956,-0.3217318966811932,-0.27591601117076003,-0.038358164751024146,-0.4408467711268428,1.2823329704404163,0.25903126002896404,-0.22548568339175956,False,
STATIC_DIM6_ALL14,monthly,50,0,101,0.9747494222264688,0.08420232956751095,0.09151008061630249,0.14512862326695347,0.6305446751739413,-0.32473392054988204,-0.17815836794527617,-0.023311789808498115,-0.3639920169677019,1.0615489859543992,0.0,-0.21075475130632992,False,
STATIC_DIM6_ALL14,monthly,50,5,101,0.8716468924023624,0.07731680825317944,0.08508814654895448,0.14501679222034847,0.5867468535620737,-0.3251861260449178,-0.21828515341289767,-0.029259237771625018,-0.4340779456312801,1.0615489859543992,0.05360822379069715,-0.2131648368695176,False,
STATIC_DIM6_ALL14,monthly,50,10,101,0.7738757060208827,0.07047130963191228,0.07866621248160632,0.14490550882674907,0.5428793778686541,-0.3256383315399538,-0.2564741341058151,-0.0352101058598382,-0.5042047706062025,1.0615489859543992,0.1072164475813943,-0.21556881660245208,False,
STATIC_DIM6_ALL14,monthly,50,20,101,0.5932491862869849,0.056899536800522066,0.06582234434691013,0.14468459004704148,0.4549367995963442,-0.32654274253002524,-0.32740449140619654,-0.04712211770806629,-0.6445677737199487,1.0615489859543992,0.2144328951627886,-0.2203585078582727,False,
STATIC_DIM6_ALL14,weekly,5,0,443,0.6385619628672154,0.05967812945019246,0.07711434407986653,0.1930850686557625,0.39938015205799343,-0.41875168235865823,-0.3595084524163944,-0.05229572556389749,-0.33876040858907364,1.0139938881202264,0.0,-0.406574298257793,False,
STATIC_DIM6_ALL14,weekly,5,5,443,0.3088553823739073,0.03209795510713631,0.05073311994410687,0.1930947762014286,0.2627368846642653,-0.42346299149562394,-0.48496589478785235,-0.07788521930813924,-0.5054532507465277,1.0139938881202264,0.22459964621863013,-0.410403415314897,False,
STATIC_DIM6_ALL14,weekly,5,10,443,0.045352518133102704,0.005219934773404322,0.02435189580834758,0.19311589128256754,0.12609990636511542,-0.4293357078242954,-0.585903996403348,-0.10349026375463018,-0.6719561749844802,1.0139938881202264,0.44919929243726026,-0.41858427743017645,False,
STATIC_DIM6_ALL14,weekly,5,20,443,-0.33345171165044385,-0.04649913184987531,-0.028410552463171652,0.19319232706897496,-0.14705838939984558,-0.45353599856393334,-0.7324171760671084,-0.1547470862218624,-1.0042051665544944,1.0139938881202264,0.8983985848745205,-0.43919871723366344,False,
STATIC_DIM6_ALL14,weekly,10,0,443,1.1842440591357817,0.09604321021906959,0.10690206717856973,0.17246493982759697,0.6198481110736677,-0.3855949729078445,-0.14620875533557365,-0.01855432298332307,-0.16861960861880804,0.8870846269483125,0.0,-0.36017497648037744,False,
STATIC_DIM6_ALL14,weekly,10,5,443,0.7945098693739208,0.0710470327103987,0.08380569151377955,0.17246818370667186,0.48591971987316496,-0.3992287484602658,-0.29386103513509865,-0.040842094338916064,-0.33825380770755886,0.8870846269483125,0.19648924486905125,-0.377841623869251,False,
STATIC_DIM6_ALL14,weekly,10,10,443,0.474172394724262,0.046608957948027996,0.06070931584898916,0.17247825202230013,0.35198243916073485,-0.41923015188509705,-0.4160353692379053,-0.06314124788053786,-0.5077961721591026,0.8870846269483125,0.3929784897381025,-0.39823399096948586,False,
STATIC_DIM6_ALL14,weekly,10,20,443,-0.0054510970271237635,-0.0006414024312010325,0.014516564519408769,0.17251885637399722,0.08414479915133942,-0.45728291366980767,-0.6007427989113987,-0.1077737509853321,-0.8464653329696129,0.8870846269483125,0.785956979476205,-0.43706140926220727,False,
STATIC_DIM6_ALL14,weekly,20,0,443,1.158581752295043,0.09452376718574795,0.10358471032861166,0.16169032622187746,0.640636411274654,-0.3577709820939372,-0.15623980145740268,-0.019941583261300647,-0.2156605059940227,0.7667642968562591,0.0,-0.333086310444871,False,
STATIC_DIM6_ALL14,weekly,20,5,443,0.8213495159456896,0.07291508853956463,0.0836175863890048,0.16167274504895268,0.5172027379363562,-0.3635474502282767,-0.2832996442110465,-0.03909947371760775,-0.378152436380434,0.7667642968562591,0.16983829175366139,-0.3388742429926387,False,
STATIC_DIM6_ALL14,weekly,20,10,443,0.5366937391526168,0.051724274459913566,0.06365046244939865,0.16165927586649217,0.3937322006932963,-0.3756486610712684,-0.391268758531783,-0.058265638452889165,-0.5407781587544774,0.7667642968562591,0.33967658350732277,-0.3517818700041361,False,
STATIC_DIM6_ALL14,weekly,20,20,443,0.09366160953305536,0.0105647391153465,0.023716214570185544,0.16164467727077755,0.14671819060554372,-0.41097491333561587,-0.5609544469306701,-0.09662282054026111,-0.8663371810516819,0.7667642968562591,0.6793531670146455,-0.38775636971806327,False,
STATIC_DIM6_ALL14,weekly,50,0,443,1.3986820826462565,0.10815819016004835,0.11492626356481628,0.1554954419340992,0.7390973145921754,-0.33013142336046264,-0.06238785344020081,-0.007561587077483146,-0.14596306234589415,0.6110957483595968,0.0,-0.3112598747775138,False,
STATIC_DIM6_ALL14,weekly,50,5,443,1.0949705204602842,0.0906875161693792,0.09901182944154278,0.1555035147442004,0.6367176304948148,-0.33166836354734464,-0.17562988090089127,-0.022670553420685163,-0.30210753310013755,0.6110957483595968,0.1353577082616507,-0.31260548605386596,False,
STATIC_DIM6_ALL14,weekly,50,10,443,0.8296321951675774,0.07348666265214288,0.08309739531826944,0.15551396823829497,0.5343403956546129,-0.33320239345644675,-0.2752269048686692,-0.037784707805867415,-0.4582731070458114,0.6110957483595968,0.2707154165233014,-0.31394902223950694,False,
STATIC_DIM6_ALL14,weekly,50,20,443,0.3953316725529217,0.039878154867026394,0.05126852707172236,0.15554201524917002,0.3296120793445611,-0.36408397900074585,-0.43985035174388776,-0.06802859525964187,-0.7705935702863981,0.6110957483595968,0.5414308330466028,-0.34452927363120645,False,
STATIC_EQ_ALL14,monthly,5,0,101,0.13452588752478722,0.015108824477783278,0.02819131223144151,0.16399723884842576,0.17190113949111846,-0.41615338186330086,-0.5278385214259471,-0.08916050332060918,-0.5895361008674652,1.5533615224517427,0.0,-0.35203105239029586,False,
STATIC_EQ_ALL14,monthly,5,5,101,0.04889636071288228,0.005688019824285684,0.01884730546555615,0.16385393027332773,0.11502504355017068,-0.4256479769722975,-0.5619163737407732,-0.09806084664921402,-0.6452468607190797,1.5533615224517427,0.07844475688381303,-0.37551473830102433,False,
STATIC_EQ_ALL14,monthly,5,10,101,-0.030331463558585625,-0.003652834590402998,0.009503298699670766,0.1637121870262985,0.05804881647658991,-0.4349956283954113,-0.5935602276186414,-0.10696865612610672,-0.7009670846848775,1.5533615224517427,0.15688951376762605,-0.40450963136378393,False,
STATIC_EQ_ALL14,monthly,5,20,101,-0.17144328211879034,-0.022097149574656916,-0.009184714832099778,0.16343341276248477,-0.05619851336915897,-0.4774231835171534,-0.6502219917269466,-0.1248067233035586,-0.8124271723853742,1.5533615224517427,0.3137790275352521,-0.4585865067632996,False,
STATIC_EQ_ALL14,monthly,10,0,101,0.566107449838871,0.054744126194398834,0.06415704830454472,0.14694987568288903,0.4365913751638186,-0.3361756847714795,-0.34822500107508136,-0.050858123202468845,-0.4701427756889928,1.483248844311506,0.0,-0.2451146825555135,False,
STATIC_EQ_ALL14,monthly,10,5,101,0.4530438783964654,0.045395535576278734,0.055212633248088575,0.14685512106794057,0.3759666863952614,-0.3383755929277167,-0.39311951570786197,-0.05933743402440464,-0.5384255583903469,1.483248844311506,0.07490406663773104,-0.24822347293646996,False,
STATIC_EQ_ALL14,monthly,10,10,101,0.34806573475687963,0.03612276592821351,0.046268218191632494,0.14676163747917817,0.31526098363543265,-0.3461508145976123,-0.4349537911166418,-0.06782349689651838,-0.6066743359693066,1.483248844311506,0.14980813327546208,-0.2572565934047737,False,
STATIC_EQ_ALL14,monthly,10,20,101,0.1601151471931237,0.017802461141426473,0.02837938807872032,0.1465784930746384,0.19361222429998243,-0.3632778738092636,-0.5102534844080665,-0.0848159212098533,-0.7430568663809638,1.483248844311506,0.29961626655092416,-0.2767121660166616,False,
STATIC_EQ_ALL14,monthly,20,0,101,0.5471888813106383,0.0532221893818452,0.06270776325330349,0.14655847983682138,0.42786854314484213,-0.3259815535092011,-0.3560984391226555,-0.05230210934755721,-0.5235603924496793,1.3077354532891485,0.0,-0.21213685689523298,False,
STATIC_EQ_ALL14,monthly,20,5,101,0.4482804753682732,0.0449877731254662,0.054819630886592655,0.14645287416338668,0.37431584186893063,-0.3265565958532872,-0.39510900575672236,-0.059727565780898065,-0.5889329478964044,1.3077354532891485,0.066040640391102,-0.2214274346603018,False,
STATIC_EQ_ALL14,monthly,20,10,101,0.35563524147076975,0.03681229980790368,0.046931498519881605,0.14634800707314796,0.3206842338237254,-0.32713163819737356,-0.4317810073557877,-0.06715822385780236,-0.654360758326313,1.3077354532891485,0.132081280782204,-0.2306145792178902,False,
STATIC_EQ_ALL14,monthly,20,20,101,0.18758744547853556,0.020636651876775547,0.031155233786460138,0.14614049499094614,0.2131868636984588,-0.3427425299245991,-0.4986559611853627,-0.08203517338810659,-0.7853728360461127,1.3077354532891485,0.264162561564408,-0.24868289177573244,False,
STATIC_EQ_ALL14,monthly,50,0,101,0.795685533142704,0.07202664125286473,0.08034825599759883,0.1454815146474683,0.5522918577820639,-0.33494582267861206,-0.2526803083951926,-0.03460541204658732,-0.4490584300312845,1.034604812770623,0.0,-0.21451690592999406,False,
STATIC_EQ_ALL14,monthly,50,5,101,0.7042507045264088,0.06539076661142729,0.07410131647892784,0.14542100366592714,0.509564056160411,-0.33528432244109563,-0.2882000961597926,-0.04039110190097704,-0.5108813451130639,1.034604812770623,0.05224754304491646,-0.21538056758692825,False,
STATIC_EQ_ALL14,monthly,50,10,101,0.6174270728256293,0.05879250028242744,0.06785437696025656,0.14536092212849458,0.46679930181149637,-0.3356228222035791,-0.32205009586550104,-0.04618002552223381,-0.5727331663840117,1.034604812770623,0.10449508608983292,-0.2162437568057931,False,
STATIC_EQ_ALL14,monthly,50,20,101,0.45670359175759634,0.04570801930677826,0.05536049792291439,0.14524204951389738,0.3811602639056485,-0.3362998217285462,-0.38504767389717076,-0.05776758804502821,-0.696515778763452,1.034604812770623,0.20899017217966584,-0.2210601535942477,False,
STATIC_EQ_ALL14,weekly,5,0,443,1.0556251312542573,0.08826289879116533,0.10362481494823705,0.19411908728050853,0.5338208436890894,-0.4328543331028394,-0.19648414194545305,-0.025678181951264062,-0.14214137377414576,1.133576939199249,0.0,-0.41978072233218233,False,
STATIC_EQ_ALL14,weekly,5,5,443,0.5990544516170204,0.05664663016559923,0.0740840915993085,0.19396379664633087,0.3819480381402913,-0.45675403541549753,-0.3707726691849329,-0.05437846254967373,-0.3028080813620272,1.133576939199249,0.2510872920326337,-0.4437849022973761,False,
STATIC_EQ_ALL14,weekly,5,10,443,0.24369200212661046,0.025929539128888512,0.044543368250379835,0.1938196283281485,0.22981866508878646,-0.47966061647989444,-0.5073356797327093,-0.08309755281677017,-0.4634944335325781,1.133576939199249,0.5021745840652674,-0.466810030432937,False,
STATIC_EQ_ALL14,weekly,5,20,443,-0.24802674669076696,-0.03290652630267887,-0.014538078447477197,0.19356475613021448,-0.07510705325765592,-0.5226555165773629,-0.69812370662489,-0.1405922673720707,-0.7847928707883215,1.133576939199249,1.0043491681305348,-0.5135552598041182,False,
STATIC_EQ_ALL14,weekly,10,0,443,1.0068190692278254,0.08519770204281385,0.09765133270357743,0.17755100520254266,0.5499903117539713,-0.3578685300284725,-0.21556176665979065,-0.02849875185651263,-0.2091718842118181,1.0059787114336807,0.0,-0.3350897517821648,False,
STATIC_EQ_ALL14,weekly,10,5,443,0.6058710975756878,0.05717437168711981,0.0714505496865188,0.1774852837774834,0.40257168462540066,-0.38343433751910594,-0.36809032154045696,-0.053879137836727084,-0.3784495816894561,1.0059787114336807,0.22282428458256026,-0.3612327145641675,False,
STATIC_EQ_ALL14,weekly,10,10,443,0.2848746002828555,0.02986010893068003,0.04524976666945982,0.17742518107792252,0.2550357643405013,-0.4079953419846071,-0.4910219970099826,-0.07927364544863358,-0.5477776088376269,1.0059787114336807,0.4456485691651205,-0.38636117497133715,False,
STATIC_EQ_ALL14,weekly,10,20,443,-0.1777508634603866,-0.022711078800498052,-0.007151799364657508,0.17732185417457952,-0.040332306460185735,-0.4542573607825253,-0.669911768168448,-0.13010509059985728,-0.8864920609307618,1.0059787114336807,0.891297138330241,-0.4337285185307145,False,
STATIC_EQ_ALL14,weekly,20,0,443,1.0644539692214052,0.08881050875101515,0.09829302005673261,0.16157057011336382,0.6083596782988797,-0.3429137036845693,-0.1930330694678165,-0.0251751121241257,-0.23435185954464932,0.8714736863613645,0.0,-0.3217625326993324,False,
STATIC_EQ_ALL14,weekly,20,5,443,0.7019753874123671,0.06441169971290295,0.07560875605623862,0.16160047048889808,0.4678746035051483,-0.35385845754942924,-0.33027331930350357,-0.047056547703090174,-0.4011764324954019,0.8714736863613645,0.19303142152904224,-0.3365451371591678,False,
STATIC_EQ_ALL14,weekly,20,10,443,0.40301536339148436,0.04054868986863558,0.05292449205574433,0.1616342424631913,0.32743366287497366,-0.37586322873224476,-0.44422283881546987,-0.06894846145346534,-0.568051189201228,0.8714736863613645,0.38606284305808447,-0.35898980517969115,False,
STATIC_EQ_ALL14,weekly,20,20,443,-0.04684437319037349,-0.0056157940534502515,0.0075559640547550235,0.16171339122751902,0.04672441779496374,-0.41789911984118644,-0.6173599441673276,-0.112763764677604,-0.901876481709542,0.8714736863613645,0.7721256861161689,-0.40165606563390177,False,
STATIC_EQ_ALL14,weekly,50,0,443,1.1320774518050403,0.09293764079663136,0.1015484075934774,0.15850046566566217,0.6406820772860166,-0.3297035521324483,-0.16659997142544003,-0.021391781798570854,-0.24263014747463027,0.6607966786456816,0.0,-0.31220161848017625,False,
STATIC_EQ_ALL14,weekly,50,5,443,0.8417288351989101,0.07431734212495211,0.08433769246202542,0.1584704261829384,0.5321983066081105,-0.3309410181774015,-0.27528038967936785,-0.03779337032171584,-0.38746438558028207,0.6607966786456816,0.14636646432001849,-0.3134427412164491,False,
STATIC_EQ_ALL14,weekly,50,10,443,0.5908385403284919,0.05600791286582241,0.06712697733057388,0.15844257274657125,0.4236675545400504,-0.3428878521679667,-0.36982035199567265,-0.05420094339397118,-0.5323125524493219,0.6607966786456816,0.29273292864003697,-0.3241535991530863,False,
STATIC_EQ_ALL14,weekly,50,20,443,0.18675204022330094,0.020301408206918836,0.03270554706767033,0.15839342853538224,0.20648297956606512,-0.376139084518454,-0.5235837106155206,-0.08703406088034188,-0.8220031086578014,0.6607966786456816,0.5854658572800739,-0.3583281463432597,False,
STATIC_EQ_ROLE5,monthly,5,0,101,2.301889749351835,0.1524846682679606,0.17452767832601013,0.2513410384269144,0.6943859204940769,-0.5019501610269019,0.3741644534386257,0.03776386647750864,0.2858484016885325,1.5159513978217174,0.0,-0.43165161125878315,False,
STATIC_EQ_ROLE5,monthly,5,5,101,2.0584514516171577,0.1420453697468127,0.1653076588927164,0.2511818812720875,0.6581193597863467,-0.5082976496627826,0.27739741775022164,0.02908808799855684,0.23747000665353402,1.5159513978217174,0.07655554558999672,-0.43923169579344057,False,
STATIC_EQ_ROLE5,monthly,5,10,101,1.8327870779796602,0.13169237053946925,0.1560876394594226,0.25102435047037713,0.6218027819490053,-0.5145690692566929,0.18737206778336213,0.02040505173031484,0.1890537085466486,1.5159513978217174,0.15311109117999344,-0.446716386383186,False,
STATIC_EQ_ROLE5,monthly,5,20,101,1.4297321050383207,0.11124269201245252,0.13764760059283543,0.25071418015725966,0.5490219998984357,-0.5268871078710344,0.025719589252360286,0.003017156978821501,0.09211571185253437,1.5159513978217174,0.3062221823599869,-0.4614040887806773,False,
STATIC_EQ_ROLE5,monthly,10,0,101,2.5926572499982914,0.16409920972198222,0.17492403389143615,0.21034251633762144,0.8316152004698137,-0.3827969297701238,0.49517466090602635,0.047791251095765735,0.3987513861618624,1.3620174517242836,0.0,-0.2705579566735544,False,
STATIC_EQ_ROLE5,monthly,10,5,101,2.353772215914838,0.1546214761613196,0.16664108666363645,0.2102393859274953,0.7926254442215004,-0.3831700404834796,0.40074153083804376,0.04003981322169469,0.338727930296234,1.3620174517242836,0.06878188131207628,-0.2778648717717431,False,
STATIC_EQ_ROLE5,monthly,10,10,101,2.1306178241297724,0.14521423863530547,0.1583581394358366,0.21013748816388259,0.7535929967542766,-0.38354315119683524,0.31220880954015096,0.032282593838165306,0.2787289425378454,1.3620174517242836,0.13756376262415257,-0.2865783011910982,False,
STATIC_EQ_ROLE5,monthly,10,20,101,1.7274641705066953,0.1266093545188296,0.14179224498023701,0.2099373977339928,0.6754025081319667,-0.3859738445576548,0.15140818317850435,0.01675077628390368,0.15881719342578707,1.3620174517242836,0.27512752524830514,-0.3037083493747905,False,
STATIC_EQ_ROLE5,monthly,20,0,101,1.9397345185937547,0.13668614844884708,0.14634601579431844,0.1879206779844853,0.7787648350566335,-0.374883141533503,0.22344444686290332,0.023960815576870933,0.24507244333192327,1.229554981337478,0.0,-0.29061856990194535,False,
STATIC_EQ_ROLE5,monthly,20,5,101,1.7626958520804683,0.12832864288185308,0.13888914908697308,0.18786343826590318,0.7393090979756712,-0.3812538339414483,0.15387169072467866,0.01700470994342414,0.172300910639253,1.229554981337478,0.062092526557542646,-0.298305396580273,False,
STATIC_EQ_ROLE5,monthly,20,10,101,1.5962160771552698,0.12002731440899117,0.13143228237962767,0.18780708773814966,0.6998259967849421,-0.3875634889709998,0.08821255077978374,0.010043939230838975,0.0995148336790281,1.229554981337478,0.12418505311508529,-0.3059136299669353,False,
STATIC_EQ_ROLE5,monthly,20,20,101,1.2924752198227178,0.10359182127003264,0.11651854896493698,0.18769705744593213,0.6207798382694477,-0.4000018727695406,-0.032223866996775485,-0.003891622100278585,-0.046081611621112205,1.229554981337478,0.24837010623017058,-0.32089733235418727,False,
STATIC_EQ_ROLE5,monthly,50,0,101,1.9768772930130312,0.13838306847763482,0.14614640012272834,0.1782975268163601,0.8196771022699251,-0.34319955755818266,0.2389023464851061,0.025452568294411282,0.296117145117114,1.040233466207275,0.0,-0.23305805250807,False,
STATIC_EQ_ROLE5,monthly,50,5,101,1.824493291749369,0.13129819646413088,0.13982336802618997,0.17817656487145397,0.7847461203838224,-0.3435203634941013,0.17968210200810586,0.01963306896280753,0.22167278244642724,1.040233466207275,0.05253179004346739,-0.23998783403099733,False,
STATIC_EQ_ROLE5,monthly,50,10,101,1.6798341324915151,0.12425365111818287,0.13350033592965171,0.17805618401912246,0.7497652309302233,-0.3438411694300201,0.12326133508143777,0.013810260622904243,0.14726775482223634,1.040233466207275,0.10506358008693478,-0.24685852028839417,False,
STATIC_EQ_ROLE5,monthly,50,20,101,1.4121585529675325,0.11028470857331896,0.12085427173657493,0.17781717030722852,0.6796546786104267,-0.3444827813018576,0.018300855074063094,0.0021547021666392945,-0.0014043090381826728,1.040233466207275,0.21012716017386956,-0.26042449935674017,False,
STATIC_EQ_ROLE5,weekly,5,0,443,0.7842909555787858,0.070329302895912,0.10588744420627558,0.27499593554255936,0.3850509426525253,-0.5786541047675517,-0.3025449745712754,-0.04229457527303647,-0.11874741443914436,0.6275140605052077,0.0,-0.5698848642617496,False,
STATIC_EQ_ROLE5,weekly,5,5,443,0.5526912879674069,0.05300359921903541,0.08950050182344504,0.2747699387128311,0.32572887064252043,-0.5918650299401227,-0.38901655680357383,-0.05783214839482177,-0.19869292835871513,0.6275140605052077,0.1389943644019035,-0.5831974555123264,False,
STATIC_EQ_ROLE5,weekly,5,10,443,0.3510529955920625,0.0359493427273363,0.0731135594406152,0.2745570231508209,0.2662964458223024,-0.6046680443710231,-0.4648067169521831,-0.07337837623365685,-0.27864132570122224,0.6275140605052077,0.277988728803807,-0.5961043785049029,False,
STATIC_EQ_ROLE5,weekly,5,20,443,0.02270464273423367,0.002638775414937733,0.04033967467495573,0.2741705558614954,0.14713350435534878,-0.6290995763791691,-0.5894398033341112,-0.10449684280787855,-0.4384550969991862,0.6275140605052077,0.555977457607614,-0.6207495362677555,False,
STATIC_EQ_ROLE5,weekly,10,0,443,2.263877609015949,0.1489545423572396,0.1692409789766468,0.2460119572784531,0.6879380207730648,-0.3906348766292975,0.2758052904292414,0.028591499182207995,0.2482522351035397,0.5486906496244657,0.0,-0.3829269374687848,False,
STATIC_EQ_ROLE5,weekly,10,5,443,1.8902818575706903,0.13267638751760935,0.15490883192349267,0.24586077240850132,0.6300672954289321,-0.40364445756701706,0.13732483387501304,0.015104517212037065,0.16449206642516126,0.5486906496244657,0.12153497889181916,-0.3958633210257374,False,
STATIC_EQ_ROLE5,weekly,10,10,443,1.55931131176302,0.11662179232435266,0.1405766848703383,0.24571948894678555,0.5721023003624365,-0.41645524567216186,0.013821239990381207,0.0016112484890795364,0.08075785162390492,0.5486906496244657,0.24306995778363832,-0.40858236841751816,False,
STATIC_EQ_ROLE5,weekly,10,20,443,1.0064050464291951,0.08517141970068809,0.1119123907640304,0.24546669343742758,0.4559168056441767,-0.4419442753039108,-0.19453768367465352,-0.02539417774680877,-0.08653898072640306,0.5486906496244657,0.48613991556727665,-0.4332383756629483,False,
STATIC_EQ_ROLE5,weekly,20,0,443,1.8042934665524228,0.12866792941501748,0.14654486598841185,0.2254668204649591,0.6499620018866017,-0.39005124665226054,0.09616011049581497,0.010777177724388694,0.13722463781382643,0.48197432213802444,0.0,-0.3779441477590637,False,
STATIC_EQ_ROLE5,weekly,20,5,443,1.520291360281134,0.11460987704032144,0.13396861519812933,0.2253684831492646,0.5944425472722381,-0.40089512623166923,-0.008266288929482668,-0.0009743419773999438,0.044614833582560576,0.48197432213802444,0.10675731235357241,-0.38883562200828603,False,
STATIC_EQ_ROLE5,weekly,20,10,443,1.2649615525902864,0.10072180474847792,0.12139236440784634,0.22527740034736635,0.5388572676205667,-0.4119611497779132,-0.10277967388195564,-0.012730471150799784,-0.04799046570341575,0.48197432213802444,0.21351462470714483,-0.3995400766029754,False,
STATIC_EQ_ROLE5,weekly,20,20,443,0.8290657385230917,0.07344764523676206,0.09623986282728103,0.22511703280590983,0.42751035595896725,-0.43349470093677656,-0.2657297542766479,-0.03625657577691562,-0.233075440917685,0.48197432213802444,0.42702924941428966,-0.42040047031080474,False,
STATIC_EQ_ROLE5,weekly,50,0,443,1.9766905934760115,0.13659977808561852,0.14871624433995537,0.20283400670764398,0.7331918683355125,-0.33896205823836556,0.1635477986788334,0.01778021852246979,0.2016374279652099,0.39760719030754854,0.0,-0.3214296379960834,False,
STATIC_EQ_ROLE5,weekly,50,5,443,1.7257105782155304,0.12490866121559563,0.13834409361726568,0.2027716005326055,0.6822656291802562,-0.3395591269184486,0.07256609677712422,0.00822304272713223,0.10319353675453288,0.39760719030754854,0.088069992653122,-0.3220781931821981,False,
STATIC_EQ_ROLE5,weekly,50,10,443,1.4958270722970832,0.1133344014932629,0.12797194289457614,0.20271415006785415,0.6312926002044766,-0.3401558031622861,-0.011326802797298585,-0.001337144148991098,0.004807123996112845,0.39760719030754854,0.176139985306244,-0.3267652265064609,False,
STATIC_EQ_ROLE5,weekly,50,20,443,1.0924258695341158,0.09053192563573997,0.1072276414491971,0.20261413276765325,0.529220938265742,-0.3561557447170206,-0.16000500964972464,-0.020466560391933716,-0.1916702325020539,0.39760719030754854,0.352279970612488,-0.3467034394061915,False,
UNI_LGBM__XS001_MOM_255_0,monthly,5,0,101,1.8707325544331033,0.1334829148527168,0.18376707201667947,0.34596974286634036,0.5311651547738809,-0.5455092979388358,0.19472754425111138,0.02113879163711871,0.24305356273791623,1.601715245343369,0.0,-0.5337292952658566,False,
UNI_LGBM__XS001_MOM_255_0,monthly,5,5,101,1.6475793638333713,0.12263734122206804,0.17400741676239612,0.3456473164136125,0.5034247584152318,-0.5505196983205966,0.10579196568946103,0.011947935360737153,0.20617328379637578,1.601715245343369,0.08088661988984015,-0.538869560856349,False,
UNI_LGBM__XS001_MOM_255_0,monthly,5,10,101,1.4416023579271524,0.11188632368791462,0.16424776150811274,0.34532661938219217,0.47563017818308,-0.555478872197286,0.023405699274906544,0.002748830059551902,0.16920435769464984,1.601715245343369,0.1617732397796803,-0.5439572721954291,False,
UNI_LGBM__XS001_MOM_255_0,monthly,5,20,101,1.076039913980047,0.09066498380992294,0.1447284509995461,0.3446904328657094,0.4198795127450838,-0.568434690569884,-0.12359276011396558,-0.015674187369146116,0.09500403868075884,1.601715245343369,0.3235464795593606,-0.5539770104006396,False,
UNI_LGBM__XS001_MOM_255_0,monthly,10,0,101,2.7511883935523107,0.1700868115086993,0.1923726569121268,0.26735558741634075,0.7195385694803286,-0.39226753232798683,0.5611513829566859,0.0529216176264424,0.4042475345205285,1.530159803870185,0.0,-0.3780747410968265,False,
UNI_LGBM__XS001_MOM_255_0,monthly,10,5,101,2.4721298139133205,0.15938912460942833,0.18303001583598744,0.26707650988005704,0.685309299264789,-0.398668450423434,0.4501749426302897,0.044160498920162536,0.3530085799139924,1.530159803870185,0.07727307009544432,-0.3852405190584154,False,
UNI_LGBM__XS001_MOM_255_0,monthly,10,10,101,2.2136286657863016,0.14878065072612623,0.17368737475984836,0.2667991183522871,0.6510043055333785,-0.4050070919966626,0.34700307822074916,0.03539194249514243,0.3016306207095774,1.530159803870185,0.15454614019088864,-0.3938633917429045,False,
UNI_LGBM__XS001_MOM_255_0,monthly,10,20,101,1.7524089780529128,0.1278286550977641,0.15500209260756959,0.2662494143690425,0.5821687644830819,-0.42174905737219204,0.1619387176753866,0.01783246554980555,0.19846657270018153,1.530159803870185,0.3090922803817773,-0.41326053899500925,False,
UNI_LGBM__XS001_MOM_255_0,monthly,20,0,101,3.0555862965532743,0.18098395604400874,0.195482764906184,0.239666724346253,0.815644163533377,-0.3581011282104515,0.6878342251343499,0.062191625761456676,0.5487219823496516,1.4251938654057748,0.0,-0.31335405630448687,False,
UNI_LGBM__XS001_MOM_255_0,monthly,20,5,101,2.7738485155996644,0.17092437601692145,0.1868066776656818,0.23956129695834305,0.7797865516572375,-0.35855400772183066,0.5761912278380523,0.054060751073534995,0.48638178993894815,1.4251938654057748,0.07197229020299165,-0.3240195231302525,False,
UNI_LGBM__XS001_MOM_255_0,monthly,20,10,101,2.5114882830493985,0.16094284278148652,0.1781305904251792,0.2394579864381416,0.7438907888386302,-0.35900688723320984,0.4718519213999832,0.045923336836214024,0.4240763040775814,1.4251938654057748,0.1439445804059833,-0.33452704693187796,False,
UNI_LGBM__XS001_MOM_255_0,monthly,20,20,101,2.0397118726315226,0.14121173306702328,0.16077841594417444,0.23925772691333616,0.6719883951852954,-0.35991264625596786,0.28322460199452726,0.02962884716716117,0.29959331620834107,1.4251938654057748,0.2878891608119666,-0.3550771351362033,False,
UNI_LGBM__XS001_MOM_255_0,monthly,50,0,101,2.6027891225651407,0.16448877907698134,0.17334841308404442,0.2012474646123158,0.8613694260346769,-0.37891465176786066,0.49939129446590313,0.04812584816532677,0.7150852621830647,1.3871895636300757,0.0,-0.2603681622366536,False,
UNI_LGBM__XS001_MOM_255_0,monthly,50,5,101,2.358955554841159,0.15483335130081577,0.164917347974063,0.20116273400221832,0.8198205735871752,-0.37935213211934193,0.40290641194358034,0.040223298204878855,0.6019773786364532,1.3871895636300757,0.07005307296331882,-0.26146835651218936,False,
UNI_LGBM__XS001_MOM_255_0,monthly,50,10,101,2.1314667550420068,0.14525113104505705,0.15648628286408162,0.2010790269719093,0.7782327437159455,-0.37978961247082343,0.3125646417382377,0.03231480773691561,0.4889129990205957,1.3871895636300757,0.14010614592663764,-0.26256773424125557,False,
UNI_LGBM__XS001_MOM_255_0,monthly,50,20,101,1.7212545786061497,0.12630430294273665,0.13962415264411898,0.20091468875245763,0.6949424828572224,-0.3806645731737862,0.14878678304947512,0.016479970008708104,0.2629836774062769,1.3871895636300757,0.2802122918532753,-0.26476404005997767,False,
UNI_LGBM__XS001_MOM_255_0,weekly,5,0,443,3.9222992797140908,0.20572346484965665,0.22006424528617813,0.25600642498813125,0.8596043841336425,-0.37867744171783724,0.9240597272361155,0.07681883643619015,0.5297347202696674,1.472379824125252,0.0,-0.3455354203292351,False,
UNI_LGBM__XS001_MOM_255_0,weekly,5,5,443,2.551995208618371,0.16042016495722144,0.181630962069922,0.2558800783427462,0.7098284604502543,-0.3887849785473504,0.39770879092124245,0.03930335110308194,0.31053621028912975,1.472379824125252,0.32613213104374333,-0.3564686431987413,False,
UNI_LGBM__XS001_MOM_255_0,weekly,5,10,443,1.5624775701025184,0.11678385834035887,0.14319767885366672,0.25576679070027475,0.5598759653729858,-0.39873490924935306,0.015075491452920975,0.0017563775356027435,0.09134966784704054,1.472379824125252,0.6522642620874867,-0.37507221647917566,False,
UNI_LGBM__XS001_MOM_255_0,weekly,5,20,443,0.33255363318343045,0.034274162486683135,0.06633111242115561,0.25557945988439784,0.25953225056175516,-0.43536644124942125,-0.4650523143759636,-0.07343225435411911,-0.3466834575095996,1.472379824125252,1.3045285241749733,-0.42345003063716136,False,
UNI_LGBM__XS001_MOM_255_0,weekly,10,0,443,3.769350046731195,0.20126424726377667,0.2113357136197336,0.23566389362616694,0.8967674698398003,-0.37162999206305747,0.8642739558371899,0.07311360548294808,0.5778140846272372,1.448583868389435,0.0,-0.3529881935815067,False,
UNI_LGBM__XS001_MOM_255_0,weekly,10,5,443,2.459836724615982,0.1568449362619404,0.17355062273163055,0.23564378464402003,0.7364956516625645,-0.3756457901089504,0.3614444618096604,0.03621761738166226,0.31755729182291154,1.448583868389435,0.32086132684825985,-0.3559637949241442,False,
UNI_LGBM__XS001_MOM_255_0,weekly,10,10,443,1.5092348194429563,0.11403479031992214,0.1357655318435278,0.23563483665512833,0.5761691852136118,-0.37963958757605076,-0.006015585371563104,-0.0007082507869761867,0.057892541097498994,1.448583868389435,0.6417226536965197,-0.35892845599653067,False,
UNI_LGBM__XS001_MOM_255_0,weekly,10,20,443,0.3188027862234777,0.03301562501119304,0.06019535006732221,0.23565042715686277,0.2554434158833612,-0.44420355626181474,-0.4705725302782858,-0.07464982688660206,-0.45926555608221503,1.448583868389435,1.2834453073930394,-0.42867373865026315,False,
UNI_LGBM__XS001_MOM_255_0,weekly,20,0,443,3.2276072466823598,0.1843823338975319,0.194930322335516,0.22554408938319756,0.864267039178894,-0.3871123415868474,0.6525140759798596,0.05896046536413035,0.6054828422083262,1.347881657172945,0.0,-0.3693002010931363,False,
UNI_LGBM__XS001_MOM_255_0,weekly,20,5,443,2.136075306423843,0.14358008818292078,0.15976733262776205,0.22545913864073033,0.7086309900365212,-0.39061132666562315,0.2340444644024795,0.024684970189402456,0.2890953038658375,1.347881657172945,0.2985557870638073,-0.3718901691274864,False,
UNI_LGBM__XS001_MOM_255_0,weekly,20,10,443,1.3258633587390598,0.10415539600687862,0.12460434292000874,0.22538228974872965,0.5528577381076636,-0.4009945416586579,-0.07865461166555643,-0.00961592669197739,-0.02658960601721716,1.347881657172945,0.5971115741276146,-0.38266692862637597,False,
UNI_LGBM__XS001_MOM_255_0,weekly,20,20,443,0.2784879765004675,0.029257905762427816,0.05427836350450123,0.2252529298109327,0.24096629309132658,-0.48709003802344486,-0.48675673001378084,-0.07829408003868482,-0.6552698781193355,1.347881657172945,1.1942231482552292,-0.47048549278924345,False,
UNI_LGBM__XS001_MOM_255_0,weekly,50,0,443,2.7907148798551407,0.1693139941400461,0.17691365945253792,0.20111138626415773,0.8796799760514984,-0.3689193534075438,0.4817388019908462,0.04615631094194884,0.7273226445828956,1.1460157325189533,0.0,-0.34980181053533543,False,
UNI_LGBM__XS001_MOM_255_0,weekly,50,5,443,1.940664089520487,0.1349763736488605,0.14701741004217048,0.2010068457232016,0.7314049902788993,-0.3710001458771345,0.15715022337205187,0.017133034945721833,0.28476638952088246,1.1460157325189533,0.2538424847529481,-0.3515256934814659,False,
UNI_LGBM__XS001_MOM_255_0,weekly,50,10,443,1.280883150550002,0.1016272445432671,0.1171211606318025,0.20090695954405918,0.5829621875598473,-0.37307523154891786,-0.09647264350547768,-0.011908221974544669,-0.15783107699389526,1.1460157325189533,0.5076849695058963,-0.353245924751434,False,
UNI_LGBM__XS001_MOM_255_0,weekly,50,20,443,0.3715697526269808,0.03778369109450952,0.05732866181106782,0.2007211777416017,0.28561341885343977,-0.4168296828640745,-0.4493894680344638,-0.07004476982248586,-1.0419407300628467,1.1460157325189533,1.0153699390117925,-0.3970820863753882,False,
UNI_LGBM__XS002_MOM_12_1,monthly,5,0,101,1.262765233447726,0.10188275404733815,0.13612240226560218,0.28397472322745865,0.47934689650730133,-0.4913195012948042,-0.058293345230258975,-0.0071360150173218305,0.06347308968170234,1.6759682361887496,0.0,-0.34776923973498486,False,
UNI_LGBM__XS002_MOM_12_1,monthly,5,5,101,1.079054957070345,0.0908530589248131,0.12597408708391744,0.28383009183253455,0.44383626228837164,-0.5034129087863504,-0.131658790229214,-0.016772737752548207,0.01756531929238212,1.6759682361887496,0.08463639592753185,-0.3632754216752858,False,
UNI_LGBM__XS002_MOM_12_1,monthly,5,10,101,0.9101153066636749,0.0799240622865276,0.11582577190223264,0.283687467385681,0.4082865308419291,-0.5152298348021764,-0.1993688551433791,-0.0264184076775407,-0.028398141019782455,1.6759682361887496,0.1692727918550637,-0.37842709872780955,False,
UNI_LGBM__XS002_MOM_12_1,monthly,5,20,101,0.6119367662453608,0.05836484578970147,0.09552914153886341,0.2834082514134454,0.3370725483906335,-0.538058389450555,-0.31951546660412977,-0.04573665569619803,-0.12048448224607303,1.6759682361887496,0.3385455837101274,-0.40769789953885527,False,
UNI_LGBM__XS002_MOM_12_1,monthly,10,0,101,1.5347587256277544,0.11684388454882644,0.14550015112902953,0.2677061443023663,0.5435069542695716,-0.4181203793281584,0.05490358649461302,0.006350420856602,0.12631843256690714,1.5920746189991273,0.0,-0.33876092050772566,False,
UNI_LGBM__XS002_MOM_12_1,monthly,10,5,101,1.3388610105701417,0.10622153477561347,0.1358686433331529,0.2676739326569878,0.5075901190096925,-0.42723232865110516,-0.02314780448803655,-0.002782565038151797,0.075343818837686,1.5920746189991273,0.08039976825945594,-0.3405520706551215,False,
UNI_LGBM__XS002_MOM_12_1,monthly,10,10,101,1.1579535476744263,0.09569118909136476,0.12623713553727595,0.26764416225601817,0.4716603361463282,-0.4366511530369871,-0.09548663717075201,-0.011923746598391469,0.02440112198098903,1.5920746189991273,0.16079953651891188,-0.3444785772241127,False,
UNI_LGBM__XS002_MOM_12_1,monthly,10,20,101,0.8366521070929889,0.07490363821089985,0.10697411994552256,0.267591948379639,0.39976583971710483,-0.45505063790312605,-0.2246511288300287,-0.030230755790544073,-0.07737522247974425,1.5920746189991273,0.32159907303782376,-0.3658885021095837,False,
UNI_LGBM__XS002_MOM_12_1,monthly,20,0,101,1.6413450324350025,0.12232293490981028,0.13960566769900004,0.21761738338903733,0.6415189151016729,-0.39137524340453145,0.09926215845074005,0.01124426016190357,0.1708742796127852,1.592905449568635,0.0,-0.32179301993981235,False,
UNI_LGBM__XS002_MOM_12_1,monthly,20,5,101,1.4371113793204637,0.11164313770920531,0.12994838480463375,0.2175008376534052,0.5974615371905408,-0.39241268905690396,0.01788759179667787,0.0021064742256923278,0.07771647250436034,1.592905449568635,0.08044172520321609,-0.3235595916395039,False,
UNI_LGBM__XS002_MOM_12_1,monthly,20,10,101,1.2485205714206202,0.101056305946164,0.12029110191026729,0.2173854740931983,0.5533539092805052,-0.3934492497566251,-0.0575251697895891,-0.0070391364788446945,-0.015542273355482757,1.592905449568635,0.16088345040643218,-0.32532309409141313,False,
UNI_LGBM__XS002_MOM_12_1,monthly,20,20,101,0.9136097918634565,0.08015860768006111,0.10097653612153489,0.21715830101600492,0.46499045005004325,-0.39606670110308684,-0.19216318308123825,-0.025353885162358484,-0.2023252777857117,1.592905449568635,0.32176690081286435,-0.3288409019225397,False,
UNI_LGBM__XS002_MOM_12_1,monthly,50,0,101,1.1856343533729365,0.09735170448819463,0.11367545607205307,0.2002080981017859,0.5677865038918676,-0.3961569580230495,-0.09039330062156803,-0.011256590659148418,-0.1716322458258874,1.402924772511253,0.0,-0.32859674875957257,False,
UNI_LGBM__XS002_MOM_12_1,monthly,50,5,101,1.0360930487880555,0.08815015006239868,0.10518666785464034,0.20011695070688956,0.525625977624988,-0.3968920263916028,-0.14960232524017636,-0.019253606286901828,-0.32544430958517134,1.402924772511253,0.07084770101181827,-0.3298751749582117,False,
UNI_LGBM__XS002_MOM_12_1,monthly,50,10,101,0.896686135183687,0.07901918045615641,0.09669787963722765,0.20002672650775313,0.48342479690322576,-0.3976266486507669,-0.20499773676062472,-0.02725667138493576,-0.47960003795820755,1.402924772511253,0.14169540202363654,-0.3311519818011851,False,
UNI_LGBM__XS002_MOM_12_1,monthly,50,20,101,0.6455998514556771,0.06096703394218306,0.07972030320240212,0.19984905268541686,0.39890258237996323,-0.3990945548409277,-0.3053044818361813,-0.043280986072167064,-0.7887833324449337,1.402924772511253,0.28339080404727307,-0.3337007415130926,False,
UNI_LGBM__XS002_MOM_12_1,weekly,5,0,443,1.4216061656659469,0.10939612012275801,0.14622833100358834,0.2915285783408568,0.5015917541799876,-0.5165438849887447,-0.0534271417045713,-0.006445104756790426,0.06964434823816852,1.1917728896704283,0.0,-0.4983842009154703,False,
UNI_LGBM__XS002_MOM_12_1,weekly,5,5,443,0.8595881725854619,0.07553498695756233,0.11518198516232528,0.29148904402989534,0.3951503067487919,-0.5337669806227017,-0.26825274707313795,-0.03666059952965536,-0.05319151830065714,1.1917728896704283,0.26397769506199986,-0.5174189314932933,False,
UNI_LGBM__XS002_MOM_12_1,weekly,5,10,443,0.4277250511291397,0.04268328414568323,0.08413563932106317,0.2914654130242196,0.2886642310251468,-0.5553459013211905,-0.43443457814283093,-0.06689915052628617,-0.1759497643662838,1.1917728896704283,0.5279553901239997,-0.5427332733447061,False,
UNI_LGBM__XS002_MOM_12_1,weekly,5,20,443,-0.15890847200627245,-0.020108501613589902,0.022042947638538726,0.2914658737981144,0.07562788518359066,-0.6813069824828542,-0.6623475745412691,-0.12744557214680713,-0.42112092688361435,1.1917728896704283,1.0559107802479994,-0.6692449291132685,False,
UNI_LGBM__XS002_MOM_12_1,weekly,10,0,443,2.213732733338606,0.14686833106821084,0.1674352159747041,0.2463634455166844,0.6796268643814081,-0.33782899685833545,0.25620434169870543,0.026774101257137143,0.2039543996021854,1.2540885483855542,0.0,-0.34004250381685963,False,
UNI_LGBM__XS002_MOM_12_1,weekly,10,5,443,1.4340412829944467,0.11006331162412852,0.1347474770996311,0.24632929789779323,0.5470217235610374,-0.3607034243762832,-0.042205662200243244,-0.005061748405699395,0.034316856074923976,1.2540885483855542,0.2777806134674003,-0.36199676210929876,False,
UNI_LGBM__XS002_MOM_12_1,weekly,10,10,443,0.8431453177835997,0.07441429716638215,0.1020597382245591,0.24630709172843399,0.41435972268750226,-0.42295387149145447,-0.2698739450064779,-0.03692094863887875,-0.13506559611583263,1.2540885483855542,0.5555612269348006,-0.4289376458961045,False,
UNI_LGBM__XS002_MOM_12_1,weekly,10,20,443,0.056240172521549114,0.006443267229648164,0.03668426047441405,0.24629851492104882,0.14894227229170756,-0.6238853292319724,-0.5759771151546902,-0.10070954464735167,-0.4728989296352911,1.2540885483855542,1.1111224538696012,-0.6262666210480654,False,
UNI_LGBM__XS002_MOM_12_1,weekly,20,0,443,1.8294450102508129,0.12985150025496361,0.14646935925777457,0.22023581297691924,0.6650569554422313,-0.34296180644085483,0.10599150626390763,0.011825272270526562,0.12606312493168775,1.2177429248722305,0.0,-0.32536305307294744,False,
UNI_LGBM__XS002_MOM_12_1,weekly,20,5,443,1.1603264138104161,0.09462757083896278,0.1147270259199876,0.22015381495022876,0.5211221342947179,-0.3446679500285459,-0.14991236122284368,-0.01906461214263181,-0.09822415146907831,1.2177429248722305,0.26973005785919907,-0.32701099238463194,False,
UNI_LGBM__XS002_MOM_12_1,weekly,20,10,443,0.6491425771471451,0.06047904597648679,0.08298469258220065,0.22008154116724366,0.3770633926956154,-0.3728237460267019,-0.34672434541286434,-0.04997588569332427,-0.32226750213585803,1.2177429248722305,0.5394601157183981,-0.38853847056643986,False,
UNI_LGBM__XS002_MOM_12_1,weekly,20,20,443,-0.039499630211886294,-0.004719409490855253,0.019500025906626722,0.2199662033835926,0.08865009990930833,-0.5578718712126256,-0.6144114300062458,-0.11186272383410403,-0.7693179411068575,1.2177429248722305,1.0789202314367963,-0.5710184320562781,False,
UNI_LGBM__XS002_MOM_12_1,weekly,50,0,443,2.03929992796741,0.13938023051137205,0.15014841479235702,0.1972483436828009,0.7612150854549824,-0.3564097536522187,0.1880209345445092,0.020223521010596154,0.24255977672488632,1.055450360512891,0.0,-0.3384794771387899,False,
UNI_LGBM__XS002_MOM_12_1,weekly,50,5,443,1.4055466511838595,0.10852997705813028,0.12263192757017688,0.19716911968379203,0.6219631541026636,-0.35820296593400613,-0.05341828919903113,-0.0064440069908645965,-0.06510109864827704,1.055450360512891,0.23378225485360538,-0.34036863178167676,False,
UNI_LGBM__XS002_MOM_12_1,weekly,50,10,443,0.9036850233256037,0.07849786224031186,0.09511544034799704,0.19709717851524902,0.48258144060970476,-0.36009143508207586,-0.24589232188030452,-0.03312741720912539,-0.3727298558005516,1.055450360512891,0.46756450970721075,-0.34225348336410444,False,
UNI_LGBM__XS002_MOM_12_1,weekly,50,20,443,0.19173769736915847,0.02080361978977341,0.040082465903636476,0.19697517578061616,0.20348993595151743,-0.3934567684458289,-0.521582240892218,-0.08654196313318917,-0.9871760934957434,1.055450360512891,0.9351290194144215,-0.4024762024821993,False,
UNI_LGBM__XS003_MOM_12_7,monthly,5,0,101,4.920824172243995,0.23528787306146604,0.2476351831689444,0.2681005925093776,0.9236651842173105,-0.33650230243459167,1.4640998731574872,0.10714771221233202,0.7712701651668074,1.7179843140036062,0.0,-0.254074652943578,False,
UNI_LGBM__XS003_MOM_12_7,monthly,5,5,101,4.428585853245492,0.222614409990737,0.2371183258568489,0.2678801911662439,0.885165584004289,-0.33716580013215713,1.2673113046488238,0.09725877412158007,0.7098222955838314,1.7179843140036062,0.08675820785718212,-0.25631019195463145,False,
UNI_LGBM__XS003_MOM_12_7,monthly,5,10,101,3.976884135083269,0.2100598055953269,0.22660146854475366,0.2676611919948877,0.84659814467643,-0.3378292978297225,1.0860774367858985,0.0873606508551044,0.6482226109724094,1.7179843140036062,0.17351641571436424,-0.2623978750825692,False,
UNI_LGBM__XS003_MOM_12_7,monthly,5,20,101,3.1821320436498697,0.18530313905470797,0.2055677539205633,0.2672274139347906,0.7692614724428175,-0.354205368447168,0.7655011238138214,0.06753678094188,0.5245785333399252,1.7179843140036062,0.3470328314287285,-0.2860414047728783,False,
UNI_LGBM__XS003_MOM_12_7,monthly,10,0,101,6.652019936540656,0.27351217174941933,0.2738760701917062,0.25180534622320655,1.0876499419076495,-0.28527505841094836,2.1845805257010706,0.13762224680482313,0.9498753392320972,1.6973087789668875,0.0,-0.24979882749006121,False,
UNI_LGBM__XS003_MOM_12_7,monthly,10,5,101,6.023191909427434,0.2606030706759286,0.2634685061704809,0.2516246954085308,1.0470693496229406,-0.28598978335253755,1.9333168603095583,0.12785748320753143,0.8878401697874168,1.6973087789668875,0.08571409333782781,-0.25579350496322084,False,
UNI_LGBM__XS003_MOM_12_7,monthly,10,10,101,5.445552354323419,0.24781361413640557,0.25306094214925534,0.25144543267276726,1.0064248909169509,-0.28670450829412664,1.701674575703449,0.11808377750269894,0.8257006629502708,1.6973087789668875,0.17142818667565562,-0.26174563096210723,False,
UNI_LGBM__XS003_MOM_12_7,monthly,10,20,101,4.427659533781336,0.22258962115584446,0.2322458141068046,0.2510910833069362,0.9249464817629744,-0.2881339581773046,1.2913047475676507,0.09850947494000992,0.7011204101029619,1.6973087789668875,0.34285637335131125,-0.2735232835346335,False,
UNI_LGBM__XS003_MOM_12_7,monthly,20,0,101,2.7125370417536754,0.1686478350735141,0.18140652290360681,0.2238071148556168,0.8105485074531092,-0.3820051002260868,0.5450656509211256,0.05169105765772404,0.5679935951304226,1.649829470181328,0.0,-0.30904919846770396,False,
UNI_LGBM__XS003_MOM_12_7,monthly,20,5,101,2.415635795374176,0.15713161412968257,0.17137897138081223,0.2237158706493691,0.7660563860907984,-0.3831498931091851,0.4265795661654841,0.0422114456208352,0.47480814040803715,1.649829470181328,0.08331638824415706,-0.3109702374306381,False,
UNI_LGBM__XS003_MOM_12_7,monthly,20,10,101,2.1422555216684023,0.14571921771327356,0.16135141985801765,0.22362580123647777,0.7215241665580138,-0.3842936313416663,0.3170867889329878,0.032723443907159824,0.381750003523819,1.649829470181328,0.16663277648831412,-0.31288771983478236,False,
UNI_LGBM__XS003_MOM_12_7,monthly,20,20,101,1.6588186094986628,0.12320250802182664,0.14129631681242869,0.22344919245475853,0.6323420338206716,-0.3865779438547766,0.12242922846363924,0.013722212733547477,0.19604851182128985,1.649829470181328,0.33326555297662824,-0.31671202812004573,False,
UNI_LGBM__XS003_MOM_12_7,monthly,50,0,101,2.11604215951628,0.14457943778413695,0.1570236170543368,0.20685025542968585,0.7591173466436132,-0.38854582807468907,0.29681930532779055,0.030880939987168662,0.45577853495298914,1.4786893877925125,0.0,-0.30641436247634957,False,
UNI_LGBM__XS003_MOM_12_7,monthly,50,5,101,1.8917491021239874,0.13446567332780934,0.14804437448645255,0.20674437532064494,0.7160744966185748,-0.388968778115675,0.2077722645823099,0.02242901691602644,0.34198131512304775,1.4786893877925125,0.07467381408352185,-0.30789360264933097,False,
UNI_LGBM__XS003_MOM_12_7,monthly,50,10,101,1.6834486441495238,0.12443370726405267,0.13906513191856834,0.20663931834348245,0.672984856093117,-0.3893917281566611,0.12477636959100691,0.01397040395771109,0.2283877130299027,1.4786893877925125,0.1493476281670437,-0.3093707387286817,False,
UNI_LGBM__XS003_MOM_12_7,monthly,50,20,101,1.3103867023012876,0.104612772338599,0.12110664678280028,0.20643167880183536,0.5866669664545863,-0.39023762823863317,-0.024662474358993935,-0.002966933197567045,0.0018642822720723552,1.4786893877925125,0.2986952563340874,-0.31231870459476785,False,
UNI_LGBM__XS003_MOM_12_7,weekly,5,0,443,4.8228767855751675,0.22973912734795987,0.24856956585202958,0.28439474516138535,0.8740300940194021,-0.47887135126911373,1.2760832048460844,0.09654111918835019,0.5962906580758177,1.3170773364248447,0.0,-0.4673054972475106,False,
UNI_LGBM__XS003_MOM_12_7,weekly,5,5,443,3.349012377972417,0.18832502995856748,0.21416236392522073,0.28422881698814273,0.7534857520592466,-0.5052051253622123,0.711334750049327,0.06306597815901187,0.42861007077879054,1.3170773364248447,0.2917326300181031,-0.49341971230176784,False,
UNI_LGBM__XS003_MOM_12_7,weekly,5,10,443,2.2474719385131743,0.14827513864223563,0.17975516199841124,0.28407706756933493,0.6327690001043053,-0.5302275090647728,0.28642264518786154,0.02956431509434348,0.26082780226104363,1.3170773364248447,0.5834652600362062,-0.5182727681967317,False,
UNI_LGBM__XS003_MOM_12_7,weekly,5,20,443,0.8095035248743983,0.07209361623526256,0.11094075814479373,0.2838161938423352,0.39088945786660517,-0.5765923758576676,-0.2735829172987242,-0.03751875535422985,-0.0748367004335751,1.3170773364248447,1.1669305200724125,-0.5644325469191516,False,
UNI_LGBM__XS003_MOM_12_7,weekly,10,0,443,4.719252304775436,0.22714988260282132,0.2352372767280012,0.24460962219814958,0.9616844775527423,-0.3910830473184269,1.2355778070771617,0.09443337586479816,0.7103091684991985,1.2849661350828714,0.0,-0.3855009528674821,False,
UNI_LGBM__XS003_MOM_12_7,weekly,10,5,443,3.302158236388319,0.1868150675155793,0.20170136049960136,0.2445619857344505,0.8247453499114619,-0.3959422474154215,0.692897662796431,0.06179450566943841,0.49090077423695316,1.2849661350828714,0.284619998920856,-0.390343685545244,False,
UNI_LGBM__XS003_MOM_12_7,weekly,10,10,443,2.235530161319969,0.1477786892666184,0.16816544427120106,0.24452386090655687,0.6877261124854572,-0.42754570988682106,0.28169214315551394,0.029131878034445783,0.27171538135898016,1.2849661350828714,0.569239997841712,-0.42372963843092815,False,
UNI_LGBM__XS003_MOM_12_7,weekly,10,20,443,0.8289376650198474,0.07343882208234676,0.10109361181440091,0.24447616284750287,0.4135111195992558,-0.5082518205112068,-0.2657811688107006,-0.03626479526550968,-0.16571139185165132,1.2849661350828714,1.138479995683424,-0.5039797202236431,False,
UNI_LGBM__XS003_MOM_12_7,weekly,20,0,443,3.211001506080361,0.18383530637208856,0.19597045186619014,0.23161707356196115,0.8460967443048407,-0.395180961810095,0.6460231182144653,0.058498491324353814,0.5544848972438472,1.2150801765819532,0.0,-0.3786838896875523,False,
UNI_LGBM__XS003_MOM_12_7,weekly,20,5,443,2.217061156242365,0.14700769279186487,0.16429167343265644,0.23162965547634087,0.709286006987294,-0.40115833265394696,0.2659123661262597,0.02767774540260295,0.2977316507399807,1.2150801765819532,0.2691402591129026,-0.3850479601387624,False,
UNI_LGBM__XS003_MOM_12_7,weekly,20,10,443,1.457272145686896,0.11130171638625574,0.1326128949991229,0.23165265293658327,0.5724643914845504,-0.44804375722474377,-0.02659958470703505,-0.00316457620077782,0.04214990336523192,1.2150801765819532,0.5382805182258052,-0.43265523250518934,False,
UNI_LGBM__XS003_MOM_12_7,weekly,20,20,443,0.43285000629959436,0.04312192648300761,0.06925533813205535,0.23172988068623412,0.29886235614917595,-0.5315831461056769,-0.4247887847596742,-0.06491407378925136,-0.4650425053430622,1.2150801765819532,1.0765610364516105,-0.5271969023687562,False,
UNI_LGBM__XS003_MOM_12_7,weekly,50,0,443,2.575587339236171,0.1613222347133456,0.1705981067965751,0.2036366720278484,0.8377572914432861,-0.38286310018868774,0.397648377251709,0.03929827737109627,0.5955718145878538,1.2054836931311435,0.0,-0.3601689886527708,False,
UNI_LGBM__XS003_MOM_12_7,weekly,50,5,443,1.7374609156141654,0.12547681080455453,0.139160440241659,0.20355334194778757,0.6836558855287884,-0.3849356879381355,0.0771898501646644,0.008727978088735476,0.15567149447452164,1.2054836931311435,0.2670146380285483,-0.3623302501830733,False,
UNI_LGBM__XS003_MOM_12_7,weekly,50,10,443,1.0954410180845082,0.09071626607602856,0.1077227736867431,0.20347410143962916,0.5294176159254571,-0.40283625761173814,-0.16993192601578833,-0.02186201662466064,-0.2826899273565096,1.2054836931311435,0.5340292760570966,-0.3843998383676216,False,
UNI_LGBM__XS003_MOM_12_7,weekly,50,20,443,0.22718777549304936,0.02432201795753386,0.044847440576910785,0.20332790801760603,0.22056706830932166,-0.4849435985996585,-0.5073509658610886,-0.083101194924157,-1.1539039238615834,1.2054836931311435,1.0680585521141932,-0.4682932458411866,False,
UNI_LGBM__XS004_HIGH_52W,monthly,5,0,101,0.8734208795863303,0.0774380769121501,0.09904876976124935,0.22107251202171266,0.4480374735666877,-0.39569951389528246,-0.22032878912367926,-0.02957025418009549,-0.18207448018272093,1.885731862308304,0.0,-0.3606774459448697,False,
UNI_LGBM__XS004_HIGH_52W,monthly,5,5,101,0.7031697239159538,0.06531045568736826,0.0876430198980711,0.22087333669199224,0.3968021727325523,-0.40577934940260063,-0.2886515801418925,-0.040466486401869756,-0.2668652517566912,1.885731862308304,0.09522945904656936,-0.365776613433893,False,
UNI_LGBM__XS004_HIGH_52W,monthly,5,10,101,0.5482491518604409,0.053307917273615724,0.07623727003489289,0.2206748925047205,0.34547323970379673,-0.41570038237696205,-0.3510462501122845,-0.05137352417497592,-0.35182325764665556,1.885731862308304,0.19045891809313872,-0.37083970253540777,False,
UNI_LGBM__XS004_HIGH_52W,monthly,5,20,101,0.27904975475730187,0.029673409736459266,0.05342577030853654,0.2202802054542284,0.24253550244503366,-0.43507542708398195,-0.46004483936211527,-0.073220100442842,-0.522227244907866,1.885731862308304,0.38091783618627745,-0.38085853590462304,False,
UNI_LGBM__XS004_HIGH_52W,monthly,10,0,101,0.9266082516474854,0.08102774767544485,0.09892217022972974,0.20295365662121853,0.48741260382587037,-0.3759151052917663,-0.19819352671141843,-0.02624411944881337,-0.22036262340507237,1.8429500164774573,0.0,-0.2949763596854236,False,
UNI_LGBM__XS004_HIGH_52W,monthly,10,5,101,0.7553152275373922,0.06913437068488815,0.0877629452305795,0.2027167436800338,0.4329338743182639,-0.3765391901864744,-0.26687241093582703,-0.03688342907350088,-0.32026906780963066,1.8429500164774573,0.0930689758321116,-0.3004660202632742,False,
UNI_LGBM__XS004_HIGH_52W,monthly,10,10,101,0.5991119573333639,0.05736086472955004,0.07660372023142936,0.20248069969537022,0.3783260347612327,-0.37716327508118275,-0.32972693706644784,-0.047533080357448264,-0.4204429488706406,1.8429500164774573,0.1861379516642232,-0.30591774801617533,False,
UNI_LGBM__XS004_HIGH_52W,monthly,10,20,101,0.32682064427666213,0.034169084743065126,0.054285270233129145,0.202011230768585,0.2687240210684915,-0.3784114448705992,-0.43987819750295265,-0.0688634868647043,-0.6215679863302451,1.8429500164774573,0.3722759033284464,-0.31670831970574354,False,
UNI_LGBM__XS004_HIGH_52W,monthly,20,0,101,0.8322600947005037,0.07459791805073057,0.08969893818160372,0.1866706561572919,0.480519756174328,-0.3828926685823585,-0.23745888484442168,-0.03220976440856678,-0.4025938330114591,1.7720637830468065,0.0,-0.30543179211919547,False,
UNI_LGBM__XS004_HIGH_52W,monthly,20,5,101,0.675347442085277,0.06322779927929822,0.0789726551579178,0.18643412876038878,0.4235954848128479,-0.383420382845039,-0.30027187607552064,-0.04242337589429361,-0.5291082618115465,1.7720637830468065,0.08948922104386371,-0.31026939114731866,False,
UNI_LGBM__XS004_HIGH_52W,monthly,20,10,101,0.531748575855884,0.05196786520944885,0.06824637213423193,0.18619856859569534,0.36652468732141313,-0.3839480971077194,-0.35796252108882265,-0.05264656617383841,-0.6560189152375864,1.7720637830468065,0.17897844208772742,-0.3150771557415889,False,
UNI_LGBM__XS004_HIGH_52W,monthly,20,20,101,0.280108928599067,0.02977467972881942,0.04679380608686009,0.18573036466861095,0.2519448350319661,-0.3850035256330806,-0.45959770555848856,-0.07312175371299769,-0.910970848221802,1.7720637830468065,0.35795688417545485,-0.3246038222530877,False,
UNI_LGBM__XS004_HIGH_52W,monthly,50,0,101,1.0748768205356507,0.09059236696468598,0.1028753155093039,0.17738528114817803,0.5799540685868263,-0.3744747797570104,-0.13648783318596802,-0.017435321748116656,-0.3293707257418735,1.5765748983459726,0.0,-0.24292868731121964,False,
UNI_LGBM__XS004_HIGH_52W,monthly,50,5,101,0.9160250115096935,0.08032049367178073,0.09332391130057353,0.17718839937665962,0.5266931222861239,-0.3749549942920908,-0.199750121665919,-0.026475000257472944,-0.4813415405408286,1.5765748983459726,0.07961703236647164,-0.24519535486805077,False,
UNI_LGBM__XS004_HIGH_52W,monthly,50,10,101,0.7692214018862449,0.07013721532704698,0.08377250709184315,0.17699235460262655,0.4733114448922076,-0.3754352088271714,-0.2584250010690943,-0.03552225476860178,-0.6335059866423188,1.5765748983459726,0.15923406473294327,-0.25017283261280665,False,
UNI_LGBM__XS004_HIGH_52W,monthly,50,20,101,0.5082053893789522,0.05003367269742731,0.06466969867438246,0.17660278718481437,0.36618730488497775,-0.3763956378973322,-0.3633060166204729,-0.0536395415879147,-0.9382948995628608,1.5765748983459726,0.31846812946588654,-0.2600408142425801,False,
UNI_LGBM__XS004_HIGH_52W,weekly,5,0,443,0.5315601075922605,0.05131124594673797,0.08098878959086002,0.24755354216950387,0.3271566582368096,-0.5310566024251393,-0.4013340198544688,-0.06022274539058071,-0.31459743991017497,1.6002518609559266,0.0,-0.5109472946727778,False,
UNI_LGBM__XS004_HIGH_52W,weekly,5,5,443,0.07430482511124104,0.00844866506789077,0.03930840853437432,0.24733678702273068,0.15892665627115873,-0.578301623672369,-0.5772614516641883,-0.10106562474888965,-0.5825730118965938,1.6002518609559266,0.35445578720173776,-0.5597780627391911,False,
UNI_LGBM__XS004_HIGH_52W,weekly,5,10,443,-0.24667187182612504,-0.03270215505644225,-0.0023719725221110085,0.24713470138097857,-0.009597893411392748,-0.6208252260266608,-0.7015837606333422,-0.14194544359930297,-0.8507900374907583,1.6002518609559266,0.7089115744034755,-0.6037729370011967,False,
UNI_LGBM__XS004_HIGH_52W,weekly,5,20,443,-0.6299281842466188,-0.1101336819562494,-0.08573273463508163,0.24677468015211018,-0.347413010857664,-0.7557713757418476,-0.851436327647831,-0.22381617475058524,-1.3874342217740137,1.6002518609559266,1.417823148806951,-0.7468458037201191,False,
UNI_LGBM__XS004_HIGH_52W,weekly,10,0,443,0.8460184437061302,0.07461075434774078,0.09799261650727188,0.22770277363538305,0.4303531965938454,-0.3876901699524864,-0.2784165404350737,-0.038302429083612824,-0.2579187888882462,1.47812150561579,0.0,-0.3662913088075439,False,
UNI_LGBM__XS004_HIGH_52W,weekly,10,5,443,0.33041639308125803,0.034079307508827705,0.059480736676606076,0.2275170833832592,0.2614341560295454,-0.42782382787838713,-0.47648164510933644,-0.07596732673921358,-0.5714358740431645,1.47812150561579,0.32740391349389747,-0.4148332186947765,False,
UNI_LGBM__XS004_HIGH_52W,weekly,10,10,443,-0.04143507955596226,-0.004955031546905575,0.02096885684593901,0.22734609630854807,0.0922331950555273,-0.4842633145609536,-0.6202832098661705,-0.11366397031367738,-0.8852263573032015,1.47812150561579,0.6548078269877949,-0.4720785424136804,False,
UNI_LGBM__XS004_HIGH_52W,weekly,10,20,443,-0.5027946750038599,-0.07874699662360296,-0.05605490281539289,0.22704836170814757,-0.2468852996501554,-0.6508307554483697,-0.8003991499755119,-0.18915271814143186,-1.5127368792032625,1.47812150561579,1.3096156539755899,-0.6537389011642247,False,
UNI_LGBM__XS004_HIGH_52W,weekly,20,0,443,0.7904979742216318,0.07076568670462757,0.0935526299929439,0.22358348962053795,0.4184236955587365,-0.4303200021629827,-0.3001187355479582,-0.04188694850553933,-0.332114199272976,1.3043128663586188,0.0,-0.4148822387210932,False,
UNI_LGBM__XS004_HIGH_52W,weekly,20,5,443,0.34108738602263666,0.03504945653750946,0.05958863520890977,0.22348606073490315,0.2666324468423701,-0.46812465044297824,-0.47228261336350863,-0.07502958993265928,-0.6422443443022812,1.3043128663586188,0.28890529989843405,-0.4542618071506297,False,
UNI_LGBM__XS004_HIGH_52W,weekly,20,10,443,0.00426115301449892,0.0004992424142065133,0.025624640424875944,0.22340284351689454,0.11470149628125981,-0.5181269463792955,-0.6021815389383136,-0.1081975040599416,-0.9520138570547052,1.3043128663586188,0.5778105997968681,-0.5051215752869337,False,
UNI_LGBM__XS004_HIGH_52W,weekly,20,20,443,-0.43721273724249443,-0.06525093963893958,-0.04230334914319256,0.22327910493115483,-0.18946398569734607,-0.6045746812424967,-0.7740715748967002,-0.17460931312322256,-1.5694316096583336,1.3043128663586188,1.1556211995937362,-0.5931688492903,False,
UNI_LGBM__XS004_HIGH_52W,weekly,50,0,443,1.039740732033903,0.08727241815216313,0.10463581954031612,0.20402499264279825,0.512857852290233,-0.36419174228386997,-0.20269313719228288,-0.02658874469848679,-0.26200261285148274,1.0648175420590917,0.0,-0.33886859622343,False,
UNI_LGBM__XS004_HIGH_52W,weekly,50,5,443,0.6110609113499736,0.057574840548693995,0.0769182339791627,0.2040429878677638,0.3769707294671252,-0.371821793110388,-0.36604813175428763,-0.05350039896400943,-0.550493934444369,1.0648175420590917,0.23585708556608884,-0.3477630750247491,False,
UNI_LGBM__XS004_HIGH_52W,weekly,50,10,443,0.27228891015965173,0.028670842902640326,0.04920064841801001,0.20407235408991636,0.24109413858347364,-0.4135575054440235,-0.4960075725857964,-0.08042909677599111,-0.8384762741430397,1.0648175420590917,0.4717141711321777,-0.3899165214149749,False,
UNI_LGBM__XS004_HIGH_52W,weekly,50,20,443,-0.20687191530135818,-0.02683883431513423,-0.006234522704296866,0.20416517799920644,-0.030536660391328328,-0.5021254644136975,-0.6816022839550819,-0.1343377153717757,-1.4119937965278901,1.0648175420590917,0.9434283422643553,-0.48134800749237716,False,
UNI_LGBM__XS007_ST_REV_21,monthly,5,0,101,2.8628374111397696,0.17417128940644,0.24682007303108727,0.41843840945167615,0.589859982869454,-0.6606082781201396,0.6076169293184774,0.056406286852300494,0.40429078356738846,1.9165591990300048,0.0,-0.6084719082707035,False,
UNI_LGBM__XS007_ST_REV_21,monthly,5,5,101,2.506326433599754,0.16073995015321385,0.2350872608753331,0.418033790172791,0.5623642547607492,-0.6612867221721774,0.4644575540675706,0.04532493904645871,0.36792063765172583,1.9165591990300048,0.09678623955101524,-0.6092545729260704,False,
UNI_LGBM__XS007_ST_REV_21,monthly,5,10,101,2.1824200588101,0.147449456890963,0.22335444871957885,0.4176294513916358,0.5348148890728641,-0.6619644874407715,0.33392188744364426,0.034232482056156345,0.33146268714529986,1.9165591990300048,0.1935724791020305,-0.6100364545252537,False,
UNI_LGBM__XS007_ST_REV_21,monthly,5,20,101,1.6208684344973587,0.12128564902656369,0.1998888244080705,0.4168216185871193,0.47955483951534045,-0.6633179816276283,0.106408434305439,0.012014153410289862,0.25828309658113247,1.9165591990300048,0.387144958204061,-0.6115978685550703,False,
UNI_LGBM__XS007_ST_REV_21,monthly,10,0,101,1.6764580753094669,0.12408528013732756,0.1778915594700305,0.34607777941268647,0.5140219050524494,-0.6035914914327513,0.11387533424791219,0.012813294300283006,0.2374649919036922,1.8863351882412256,0.0,-0.5439689091567756,False,
UNI_LGBM__XS007_ST_REV_21,monthly,10,5,101,1.433155852942129,0.1114286191156344,0.1664045429027332,0.34575170117882026,0.48128336703879276,-0.603950239286279,0.01623552072036394,0.0019134812702665718,0.19011758654746494,1.8863351882412256,0.09525992700618188,-0.5449241536007274,False,
UNI_LGBM__XS007_ST_REV_21,monthly,10,10,101,1.2117704360947927,0.0989026323467388,0.1549175263354356,0.34542584935585996,0.44848272537889466,-0.6043089871398067,-0.07292911049249029,-0.008997058738155686,0.14266352405687308,1.8863351882412256,0.19051985401236377,-0.5466570610125999,False,
UNI_LGBM__XS007_ST_REV_21,monthly,10,20,101,0.8270982470613528,0.0742377844783626,0.13194349320084106,0.3447748275100228,0.38269468265343526,-0.6050264828468621,-0.22868432301102637,-0.030850402079813453,0.047435934117071345,1.8863351882412256,0.38103970802472753,-0.5501080361063228,False,
UNI_LGBM__XS007_ST_REV_21,monthly,20,0,101,1.415966598695988,0.11049281651341847,0.149070106135812,0.2946262907381395,0.5059633536516394,-0.5681244501784675,0.00546525554790378,0.0006475693343372792,0.16461317237901912,1.8534431966249738,0.0,-0.48605882444926096,False,
UNI_LGBM__XS007_ST_REV_21,monthly,20,5,101,1.1999989530679414,0.09820611679211066,0.1378167830286541,0.294394297999324,0.46813672671394796,-0.5684612149962303,-0.0811451395717755,-0.01005470508931831,0.09717241223399846,1.8534431966249738,0.09359888142956117,-0.4874383219160704,False,
UNI_LGBM__XS007_ST_REV_21,monthly,20,10,101,1.0031617885803459,0.08604407040794682,0.12656345992149592,0.29416255431314126,0.4302500711452446,-0.5687979798139932,-0.16036811467397638,-0.020767332469438793,0.029604946401119967,1.8534431966249738,0.18719776285912235,-0.4888153611979308,False,
UNI_LGBM__XS007_ST_REV_21,monthly,20,20,101,0.6603087676357762,0.062089347097656455,0.10405681370717984,0.29369981645621995,0.35429648871670627,-0.5694715094495189,-0.2990950633446072,-0.04222372422077207,-0.10590603482959593,1.8534431966249738,0.3743955257182447,-0.49156207392832263,False,
UNI_LGBM__XS007_ST_REV_21,monthly,50,0,101,1.535375740961781,0.11687618176569514,0.13823987493199813,0.23099538044124232,0.5984529849382068,-0.4750273636290582,0.055160372942256286,0.006379338729846818,0.20444968357680945,1.7420487539636174,0.0,-0.38232888329733317,False,
UNI_LGBM__XS007_ST_REV_21,monthly,50,5,101,1.3217699583197824,0.10525799687791992,0.1276694981841838,0.23080696513748178,0.5531440444534963,-0.4754860410826459,-0.030286078989565035,-0.0036539617161426836,0.07123172658654699,1.7420487539636174,0.08797346207516267,-0.3835840459520855,False,
UNI_LGBM__XS007_ST_REV_21,monthly,50,10,101,1.1259962644525503,0.09375063076284285,0.1170991214363692,0.23061880804896176,0.5077605006592019,-0.4759447185362339,-0.10888163807105145,-0.01369639825697856,-0.06234349642030107,1.7420487539636174,0.17594692415032534,-0.385189555095226,False,
UNI_LGBM__XS007_ST_REV_21,monthly,50,20,101,0.782166341235123,0.071064517512194,0.0959583679407405,0.230243271048967,0.41676947822867116,-0.4768620734434095,-0.24765247834504023,-0.03380874438666481,-0.3305296146978131,1.7420487539636174,0.3518938483006507,-0.3883922072991439,False,
UNI_LGBM__XS007_ST_REV_21,weekly,5,0,443,1.8514208916786625,0.13087805503911332,0.1549407338688901,0.25138285320162645,0.61635362911812,-0.3987446201737984,0.11458157891554954,0.012733434728350373,0.1630085622640241,1.5856682869625642,0.0,-0.35481457665355987,False,
UNI_LGBM__XS007_ST_REV_21,weekly,5,5,443,1.0066029597978203,0.08518398392205095,0.1135554432492793,0.2510481381238587,0.45232537511692233,-0.4169853845251287,-0.21040248309092813,-0.02772925655052889,-0.09297599537903868,1.5856682869625642,0.35122552556220804,-0.39993580191759737,False,
UNI_LGBM__XS007_ST_REV_21,weekly,5,10,443,0.4116670407081593,0.041299830071894084,0.07217015262966911,0.25072215016910304,0.28784912932899204,-0.4578978030348072,-0.44079564565421936,-0.06822685252884088,-0.3496860128080674,1.5856682869625642,0.7024510511244161,-0.4557437831773361,False,
UNI_LGBM__XS007_ST_REV_21,weekly,5,20,443,-0.3019522591804831,-0.04131705023061705,-0.010600428609552287,0.2500964912193545,-0.04238535517979285,-0.5861926834787746,-0.7197718620042317,-0.14932700656532355,-0.8650091198982196,1.5856682869625642,1.4049021022488322,-0.5917501000506462,False,
UNI_LGBM__XS007_ST_REV_21,weekly,10,0,443,2.7865340831014764,0.1691625403396646,0.1855550152027103,0.24081669738272746,0.7705238765392154,-0.3482262230438261,0.4801045854988444,0.04602677891683769,0.42071994565767906,1.5155987623657101,0.0,-0.3143204652343362,False,
UNI_LGBM__XS007_ST_REV_21,weekly,10,5,443,1.706378558133772,0.12396920261834077,0.1459868489213625,0.24055553358662932,0.606873792278777,-0.35188086597640167,0.06495895407913643,0.0073875516877907705,0.13198646076118586,1.5155987623657101,0.3357051258640048,-0.31925792599613334,False,
UNI_LGBM__XS007_ST_REV_21,weekly,10,10,443,0.9338295944281758,0.08048861540948904,0.10641868264001487,0.24030149525979533,0.44285485000816677,-0.35551801945067674,-0.233951138205729,-0.03128326139436408,-0.1574032190168699,1.5155987623657101,0.6714102517280096,-0.33393615373829033,False,
UNI_LGBM__XS007_ST_REV_21,weekly,10,20,443,-0.013435035680740892,-0.0015864542942574111,0.027282350077319197,0.23981488495577097,0.11376420643093474,-0.4796449322697661,-0.6039479153123886,-0.10871985681299787,-0.7378089489268391,1.5155987623657101,1.3428205034560192,-0.48982599854395337,False,
UNI_LGBM__XS007_ST_REV_21,weekly,20,0,443,2.8624826263843497,0.17189113423646352,0.18538264754434186,0.2303132712482413,0.8049151772262775,-0.3673083483041407,0.5097918363482714,0.04835786184929475,0.5269302739735093,1.4546037652491495,0.0,-0.3444157161901128,False,
UNI_LGBM__XS007_ST_REV_21,weekly,20,5,443,1.7982455322853341,0.12838193133932618,0.147416078163004,0.23009755600189868,0.6406677268740202,-0.37221199065535837,0.1011085741730573,0.01130588777696075,0.17915993168705688,1.4546037652491495,0.3221947340026866,-0.34897324430413057,False,
UNI_LGBM__XS007_ST_REV_21,weekly,20,10,443,1.026741390412584,0.08645675846052137,0.10944950878166602,0.22988754109391182,0.4761002195284458,-0.37708146653192487,-0.1971459430808873,-0.025774900903639073,-0.16923469571425098,1.4546037652491495,0.6443894680053732,-0.3535026546180745,False,
UNI_LGBM__XS007_ST_REV_21,weekly,20,20,443,0.06243509545756831,0.007134366966990324,0.03351637001899079,0.22948467446880413,0.14605058092254858,-0.4586070285231101,-0.5734901910979648,-0.10002310499611408,-0.8673905000869104,1.4546037652491495,1.2887789360107464,-0.43662993044174525,False,
UNI_LGBM__XS007_ST_REV_21,weekly,50,0,443,2.4554273698512246,0.15667177984555591,0.1710246992219668,0.22423319441707446,0.7627091058777867,-0.40643895367707683,0.3506794822736363,0.03528578978229129,0.504486106912377,1.2539256193528363,0.0,-0.3816044796347824,False,
UNI_LGBM__XS007_ST_REV_21,weekly,50,5,443,1.6172113689926362,0.11955785310440503,0.13831075348729863,0.22406904687055104,0.6172684510377883,-0.41085002687262395,0.029871698380726786,0.0034550337467231314,0.1206069021669568,1.2539256193528363,0.2777445246866532,-0.3857638415595175,False,
UNI_LGBM__XS007_ST_REV_21,weekly,50,10,443,0.9819634488294535,0.0836113092789239,0.10559680775262976,0.22391033916748185,0.47160308963510966,-0.4152316052232713,-0.21488385095140472,-0.028397353954434497,-0.26373789674586834,1.2539256193528363,0.5554890493733065,-0.38989834776081345,False,
UNI_LGBM__XS007_ST_REV_21,weekly,50,20,443,0.13597382096119293,0.015077534688745065,0.04016891628329283,0.22360928922613965,0.17963885320823755,-0.4794857571739196,-0.543968399229876,-0.09216714433541469,-1.0329822360458973,1.2539256193528363,1.110978098746613,-0.4559829478083067,False,
UNI_LGBM__XS015_MAX_21,monthly,5,0,101,1.8169005480309934,0.13093644516415415,0.14540305028514883,0.20721153841021095,0.7017130966775529,-0.3582137935737135,0.1723240010469258,0.0188896757648791,0.19438053471925884,1.890511298195971,0.0,-0.27929595972940446,False,
UNI_LGBM__XS015_MAX_21,monthly,5,5,101,1.5602898585458318,0.11817454215583734,0.13391492944058705,0.20697371077340496,0.6470141977944109,-0.3588555797801398,0.06933450006840713,0.007964731772908379,0.09986111162042609,1.890511298195971,0.09547082055889652,-0.28704147825978976,False,
UNI_LGBM__XS015_MAX_21,monthly,5,10,101,1.32684176474169,0.10554457920196825,0.12242680859602492,0.2067367325358707,0.5921870153132209,-0.359497365986566,-0.02469658271087949,-0.0029710882189889465,0.005135444403888643,1.890511298195971,0.19094164111779305,-0.29471127366245453,False,
UNI_LGBM__XS015_MAX_21,monthly,5,20,101,0.9213312514067484,0.08067552679398493,0.0994505669069011,0.2062653359586224,0.48214871609280613,-0.3607809383994187,-0.18890354293624034,-0.024875441106391893,-0.18491258917530734,1.890511298195971,0.3818832822355861,-0.3098263566037599,False,
UNI_LGBM__XS015_MAX_21,monthly,10,0,101,1.7756726442087718,0.12895703782575163,0.1420154684445017,0.20003773881290668,0.7099433801205249,-0.38531628497361736,0.15516597209292948,0.017137904843386113,0.21480274827663884,1.8741587805960707,0.0,-0.27549522852665687,False,
UNI_LGBM__XS015_MAX_21,monthly,10,5,101,1.52490460104047,0.11632713652262816,0.13063206431038832,0.19981935754031416,0.6537507973121817,-0.38593096868864374,0.05455544037796378,0.00631120331798565,0.09317598994184514,1.8741587805960707,0.09464501842010158,-0.2768711355381619,False,
UNI_LGBM__XS015_MAX_21,monthly,10,10,101,1.296586080179965,0.10382675942081021,0.11924866017627522,0.199601509959185,0.5974336576945709,-0.3865456524036701,-0.03737835290798164,-0.004526118916895026,-0.028737525777547717,1.8741587805960707,0.18929003684020315,-0.27824573844107825,False,
UNI_LGBM__XS015_MAX_21,monthly,10,20,101,0.8995075176438803,0.07920975771056282,0.09648185190804864,0.19916742287199085,0.48442586903411194,-0.38777501983372276,-0.19811650562656524,-0.026232706993570637,-0.2733886475456891,1.8741587805960707,0.3785800736804063,-0.28099103192114505,False,
UNI_LGBM__XS015_MAX_21,monthly,20,0,101,1.6272314390062244,0.12160874314100867,0.1311734700142223,0.1771496940278527,0.7404668166889313,-0.3834913091067582,0.09338843162387622,0.01060770620626978,0.12419447200414314,1.8034929036782705,0.0,-0.2739093269209232,False,
UNI_LGBM__XS015_MAX_21,monthly,20,5,101,1.3984262837286452,0.10953183413782286,0.12022911879495156,0.17696308130753297,0.6794022680132528,-0.38398781691873274,0.0017303167847497747,0.00020540453599342197,-0.029742440551434036,1.8034929036782705,0.09107639163575265,-0.2751476494575238,False,
UNI_LGBM__XS015_MAX_21,monthly,20,10,101,1.1893661878064217,0.0975741502249905,0.10928476757568094,0.1767769094556683,0.6182072529279459,-0.3844843247307075,-0.08231992522194398,-0.01020670711166092,-0.18388734068625226,1.8034929036782705,0.1821527832715053,-0.27638491844726853,False,
UNI_LGBM__XS015_MAX_21,monthly,20,20,101,0.8238712360318368,0.07401218554339173,0.08739606513713952,0.17640589393730222,0.4954259927857151,-0.38547734035465664,-0.23004661658275238,-0.03106043251290895,-0.49272934319681777,1.8034929036782705,0.3643055665430106,-0.27885629578619187,False,
UNI_LGBM__XS015_MAX_21,monthly,50,0,101,1.9261393123740191,0.13606030644178913,0.14129934351501125,0.1619310791736647,0.8725894018372671,-0.3500807409099752,0.21778645990922096,0.023410079245037758,0.2785025755654866,1.6221545010950826,0.0,-0.23897690319649934,False,
UNI_LGBM__XS015_MAX_21,monthly,50,5,101,1.6958987426640668,0.12505227480210346,0.13145176168836886,0.161799974115008,0.8124337621644642,-0.3506024810938376,0.12597310988025479,0.014096750296790906,0.1376116183617475,1.6221545010950826,0.08191880230530166,-0.24019857394664645,False,
UNI_LGBM__XS015_MAX_21,monthly,50,10,101,1.4836079637194017,0.1141420344833981,0.1216041798617262,0.1616692355567894,0.7521788511148766,-0.35112422127769993,0.041012487796269426,0.004775499270025558,-0.003352007427343885,1.6221545010950826,0.16383760461060332,-0.24141926333467645,False,
UNI_LGBM__XS015_MAX_21,monthly,50,20,101,1.1074363069277822,0.09261177401989995,0.1019090162084414,0.16140886150148284,0.6313718792168368,-0.35216770164542466,-0.11033866711680818,-0.013890821408821832,-0.28544505795736214,1.6221545010950826,0.32767520922120663,-0.24385769802438417,False,
UNI_LGBM__XS015_MAX_21,weekly,5,0,443,1.3479658117764854,0.10538190797447022,0.13383237221737124,0.25766589222970104,0.5194027469420123,-0.5450493236402361,-0.08221215276679261,-0.010070042780360078,0.03209107637058578,1.6705953251689059,0.0,-0.5226457894616336,False,
UNI_LGBM__XS015_MAX_21,weekly,5,5,443,0.6214865201583302,0.05837589709553814,0.09029570664616679,0.2575016278169158,0.35066072168820317,-0.5756146587326418,-0.3619456585733548,-0.05274323900667845,-0.2564004843943476,1.6705953251689059,0.3700368645249127,-0.5542705506413256,False,
UNI_LGBM__XS015_MAX_21,weekly,5,10,443,0.11940647562603668,0.013328512332080766,0.04675904107496272,0.2573507067979395,0.18169385138575067,-0.6041525087345937,-0.5565689660509993,-0.09545615272243863,-0.5453402077604026,1.6705953251689059,0.7400737290498254,-0.5838270986043945,False,
UNI_LGBM__XS015_MAX_21,weekly,5,20,443,-0.4670403384151568,-0.07120691277352831,-0.04031429006744568,0.2570889868607487,-0.1568106458379011,-0.6556682190977464,-0.7860457317468925,-0.18100143408703523,-1.1240089330138894,1.6705953251689059,1.4801474580996508,-0.6372610320936662,False,
UNI_LGBM__XS015_MAX_21,weekly,10,0,443,1.1943479483161696,0.09663713274210606,0.11993813460913719,0.23326727522382817,0.514166140510075,-0.5262036275430972,-0.14225928270993382,-0.018012590998113254,-0.0887250349619172,1.6311077047181926,0.0,-0.5091464587493373,False,
UNI_LGBM__XS015_MAX_21,weekly,10,5,443,0.5287267530054698,0.05108276360496955,0.07742781070476797,0.2330693358797771,0.33220934196468954,-0.5575040830504621,-0.3984465923805799,-0.0596579633248659,-0.49473809541436514,1.6311077047181926,0.3612903565950797,-0.5411608083734433,False,
UNI_LGBM__XS015_MAX_21,weekly,10,10,443,0.064671508232927,0.00738298549822991,0.03491748680039917,0.2328835799990064,0.1499353745787837,-0.5867627832288318,-0.578251155419,-0.10134075722665953,-0.9017093236765913,1.6311077047181926,0.7225807131901594,-0.5711138127325299,False,
UNI_LGBM__XS015_MAX_21,weekly,10,20,443,-0.48409430070260295,-0.07474577563711093,-0.05010316100833872,0.23254873349568353,-0.21545230651307204,-0.6561310248393672,-0.7928919684980502,-0.18481888484904574,-1.7171734825748726,1.6311077047181926,1.4451614263803187,-0.641416406621488,False,
UNI_LGBM__XS015_MAX_21,weekly,20,0,443,1.3761285792530566,0.10693003937373824,0.12455511687294209,0.21305041383785273,0.5846274345551744,-0.44457722641233566,-0.07120371064859043,-0.008670482782660156,-0.0580493522305784,1.4885455067398328,0.0,-0.4246684821021238,False,
UNI_LGBM__XS015_MAX_21,weekly,20,5,443,0.7085174852146554,0.06489114324351397,0.08576477348454552,0.212917542192395,0.40280745588847433,-0.47632807495026064,-0.32769900625624715,-0.04660621858217609,-0.546791546698327,1.4885455067398328,0.32971282974287297,-0.45709172317504865,False,
UNI_LGBM__XS015_MAX_21,weekly,20,10,443,0.22815361471278894,0.024416615346301018,0.04697443009614877,0.2127968380439107,0.22074778238225315,-0.5076153115972977,-0.5134909087284658,-0.08457332709407425,-1.0357919402402027,1.4885455067398328,0.6594256594857459,-0.48802886465206785,False,
UNI_LGBM__XS015_MAX_21,weekly,20,20,443,-0.36588249399770356,-0.05206536900775638,-0.030606256680643904,0.21259201304930583,-0.14396710507438248,-0.5807099482349884,-0.7454363683364627,-0.16060187652172014,-2.0119871445234434,1.4885455067398328,1.3188513189714919,-0.5632806106441822,False,
UNI_LGBM__XS015_MAX_21,weekly,50,0,443,1.3648509171510854,0.10631205093955187,0.11918716010853814,0.1891192309303356,0.6302223180700337,-0.41400790392919684,-0.07561199511784322,-0.009228929102610056,-0.17956239321766676,1.2261759815855455,0.0,-0.3885035922011182,False,
UNI_LGBM__XS015_MAX_21,weekly,50,5,443,0.8022271339035343,0.07158667119116124,0.0872376075394191,0.18903166792873002,0.4614973168004315,-0.41615367144570425,-0.29082429441858126,-0.04033837922308531,-0.7456675970669355,1.2261759815855455,0.2715979799211983,-0.39063962950570685,False,
UNI_LGBM__XS015_MAX_21,weekly,50,10,443,0.37319976591617676,0.03792838560099954,0.0552880549703006,0.18895731621388862,0.2925954711788865,-0.4234184453500648,-0.45603370600639537,-0.07146983220778798,-1.3107233518104286,1.2261759815855455,0.5431959598423965,-0.40392742706391993,False,
UNI_LGBM__XS015_MAX_21,weekly,50,20,443,-0.20322270729728253,-0.02631431739976897,-0.00861105016793679,0.18884830628903254,-0.04559770927867136,-0.48977757368307717,-0.6801373257518766,-0.13379887799119924,-2.432079016009202,1.2261759815855455,1.086391919684793,-0.4707109860158425,False,
UNI_LGBM__XS018_AMIHUD_252,monthly,5,0,101,2.123384176972997,0.14489952437288345,0.16593506047757792,0.24684160252216167,0.6722329574192425,-0.48956459319475465,0.29987487052572726,0.03116055521501977,0.23087431245573667,0.37392053924763846,0.0,-0.45482971945301953,False,
UNI_LGBM__XS018_AMIHUD_252,monthly,5,5,101,2.064942528545284,0.1423330782118568,0.1636564983234181,0.24678076768954993,0.663165528884722,-0.49008627033997576,0.2801084906698288,0.02933998011986671,0.22113891539284825,0.37392053924763846,0.018882987232005745,-0.4558377314091916,False,
UNI_LGBM__XS018_AMIHUD_252,monthly,5,10,101,2.007562584595866,0.1397709533864806,0.16137793616925822,0.24672349292152942,0.654084190598682,-0.49060755475010864,0.2606297991186708,0.027518190493672122,0.21138706181618716,0.37392053924763846,0.03776597446401149,-0.45684440212842536,False,
UNI_LGBM__XS018_AMIHUD_252,monthly,5,20,101,1.895913230973564,0.1346596454877329,0.15682081186093888,0.2466196333465309,0.6358812951464669,-0.4916489461994942,0.2225195212366129,0.023870959667062118,0.19183674759397673,0.37392053924763846,0.07553194892802298,-0.4588537249110839,False,
UNI_LGBM__XS018_AMIHUD_252,monthly,10,0,101,2.301512107317378,0.1524690067203447,0.16592983516271365,0.2167025017474318,0.7657033667110403,-0.3947089654182726,0.374007288209236,0.0377502770090642,0.3077622908985575,0.5655646287513659,0.0,-0.3712934945836047,False,
UNI_LGBM__XS018_AMIHUD_252,monthly,10,5,101,2.2085314454286102,0.14856401085037718,0.16246406570941258,0.21652735725831393,0.7503165778520786,-0.39614414180093316,0.3400800529280177,0.03477972512904429,0.286395454522665,0.5655646287513659,0.02856101375194398,-0.3730473764711083,False,
UNI_LGBM__XS018_AMIHUD_252,monthly,10,10,101,2.118130552028546,0.14467055205557156,0.1589982962561114,0.21635471227705652,0.7348963865067266,-0.3975763129314326,0.3069747281610504,0.03180773449837603,0.264986359306836,0.5655646287513659,0.05712202750388796,-0.3747968884464561,False,
UNI_LGBM__XS018_AMIHUD_252,monthly,10,20,101,1.9447879467443294,0.1369181280113667,0.1520667573495092,0.21601694472322794,0.7039575415916791,-0.4004316613608796,0.24315214706448218,0.025859430670921293,0.22204828558644732,0.5655646287513659,0.11424405500777592,-0.3782828411133624,False,
UNI_LGBM__XS018_AMIHUD_252,monthly,20,0,101,1.328677787717083,0.10564818795721664,0.11959458510031656,0.19436996506307996,0.6152935463125894,-0.3285898359631153,-0.030862178235637527,-0.0037245678751193943,-0.034897339970873784,0.6820151385463812,0.0,-0.30189259275370517,False,
UNI_LGBM__XS018_AMIHUD_252,monthly,20,5,101,1.2498208529475279,0.10113193685184374,0.1154303625378934,0.1941495736888309,0.5945434766851302,-0.33054069457651203,-0.060336450187499335,-0.0073940665568522565,-0.07700061759392957,0.6820151385463812,0.03444176449659225,-0.30358495549913567,False,
UNI_LGBM__XS018_AMIHUD_252,monthly,20,10,101,1.1735982729698593,0.09663197484891972,0.11126613997547008,0.19393212913791907,0.5737375259585827,-0.33248685960203006,-0.08892909884803768,-0.011065491911511544,-0.11912020167060654,0.6820151385463812,0.0688835289931845,-0.3052739809058931,False,
UNI_LGBM__XS018_AMIHUD_252,monthly,20,20,101,1.0287117677022168,0.08768071283943657,0.10293769485062375,0.19350612010794363,0.531960926058576,-0.33636514530598793,-0.14357249642296366,-0.01841413157732184,-0.20336824468606038,0.6820151385463812,0.137767057986369,-0.308642040685139,False,
UNI_LGBM__XS018_AMIHUD_252,monthly,50,0,101,0.9946952969167302,0.0854976776737324,0.09974710761840686,0.1869489251479068,0.5335527205598576,-0.3267802017965592,-0.16985739060420102,-0.022117755374430226,-0.40680135606859746,0.7090576753388383,0.0,-0.2513666025418826,False,
UNI_LGBM__XS018_AMIHUD_252,monthly,50,5,101,0.9245174302888117,0.08088829463920688,0.09544595437441669,0.1868212465879238,0.5108945375198366,-0.32703958023282953,-0.1962031653089168,-0.025949552662070954,-0.47611581241472484,0.7090576753388383,0.03580741260461133,-0.25776115723005166,False,
UNI_LGBM__XS018_AMIHUD_252,monthly,50,10,101,0.8567764607274131,0.07629627260556426,0.09114480113042663,0.18669657035997023,0.488197511902281,-0.3272989586691001,-0.2217260087342119,-0.0297833635174959,-0.5455342514530503,0.7090576753388383,0.07161482520922266,-0.26410420359678166,False,
UNI_LGBM__XS018_AMIHUD_252,monthly,50,20,101,0.728273993268582,0.06716408151255204,0.08254249464244641,0.18645624884566972,0.4426909537945656,-0.32781771554164096,-0.27040331449914123,-0.037457035619569506,-0.6845302226509542,0.7090576753388383,0.14322965041844532,-0.27663732963290344,False,
UNI_LGBM__XS018_AMIHUD_252,weekly,5,0,443,3.8080037326778546,0.20240297964010656,0.220994105705685,0.269886997132412,0.8188393959463739,-0.4383445362794325,0.8793831550575029,0.07406110141647476,0.4421564514072538,0.13979832807615863,0.0,-0.4172954785746513,False,
UNI_LGBM__XS018_AMIHUD_252,weekly,5,5,443,3.661384006620045,0.1980398740431737,0.21732930316243532,0.2698180815327089,0.8054660455959448,-0.43954199638220204,0.8342528695152012,0.07120798337916417,0.42841714687760696,0.13979832807615863,0.030965329668869137,-0.41845663049722137,False,
UNI_LGBM__XS018_AMIHUD_252,weekly,5,10,443,3.5191970679781823,0.19369141098119957,0.21366450061918615,0.26975195576935274,0.7920776700572902,-0.4407370915402332,0.7901917418801163,0.06835390990790838,0.414663413909491,0.13979832807615863,0.061930659337738274,-0.4196156323247482,False,
UNI_LGBM__XS018_AMIHUD_252,weekly,5,20,443,3.2475940232015574,0.1850382303781739,0.20633489553268652,0.2696280818755053,0.7652574394233794,-0.4431202042893745,0.7051775895532555,0.06264289322160717,0.38711542955305517,0.13979832807615863,0.12386131867547655,-0.4219272004817489,False,
UNI_LGBM__XS018_AMIHUD_252,weekly,10,0,443,1.8426040023255288,0.1304670351560655,0.14981331520192726,0.23203750159253667,0.6456426835046818,-0.34568794568673145,0.11113517698834796,0.012369916670574686,0.14098145185519764,0.29255155810127087,0.0,-0.32650566948493553,False,
UNI_LGBM__XS018_AMIHUD_252,weekly,10,5,443,1.6642199982649215,0.1218997480218329,0.14215961008564443,0.2318924012422045,0.613041261050909,-0.34918592818820304,0.04836957648136053,0.005544652366687342,0.09431797013727447,0.29255155810127087,0.0648001701194315,-0.3296207631921225,False,
UNI_LGBM__XS018_AMIHUD_252,weekly,10,10,443,1.4969851221027084,0.11339502612052432,0.1345059049693619,0.23175170143705345,0.5803879934227594,-0.3526661919307119,-0.01086806396215656,-0.0012826924257368934,0.04762501688765241,0.29255155810127087,0.129600340238863,-0.3327222573113684,False,
UNI_LGBM__XS018_AMIHUD_252,weekly,10,20,443,1.193229721466,0.09657152053063878,0.11919849473679671,0.23148353530808616,0.5149329285046256,-0.3595739025154754,-0.11953775493658914,-0.014943629816789265,-0.04582301316400014,0.29255155810127087,0.259200680477726,-0.339568668466224,False,
UNI_LGBM__XS018_AMIHUD_252,weekly,20,0,443,1.159608684359903,0.09458487642320246,0.11168177188527717,0.20567204211606815,0.5430090095680147,-0.36346364587279145,-0.1558383877041276,-0.019885753014913393,-0.19886159997504363,0.3293294226494773,0.0,-0.3485678490489188,False,
UNI_LGBM__XS018_AMIHUD_252,weekly,20,5,443,1.007658610473447,0.0852509817875704,0.10307097358145789,0.2054846211273744,0.501599453117063,-0.3643628132819624,-0.20998708494345963,-0.02766751974053482,-0.28848097739111167,0.3293294226494773,0.07294646711685922,-0.34935376884115055,False,
UNI_LGBM__XS018_AMIHUD_252,weekly,20,10,443,0.8663571615465624,0.07599379875527412,0.09446017527763788,0.20530339627231295,0.46010040258830676,-0.3652610298031309,-0.2606790259991383,-0.035451923409724195,-0.37811852746177044,0.3293294226494773,0.14589293423371844,-0.3501389841963246,False,
UNI_LGBM__XS018_AMIHUD_252,weekly,20,20,443,0.6127786975942378,0.057707141699512965,0.0772385786699983,0.20495960014445394,0.3768478208171812,-0.36705461294698927,-0.3525572177979115,-0.051028651335356986,-0.5572678301377968,0.3293294226494773,0.29178586846743687,-0.351707303347892,False,
UNI_LGBM__XS018_AMIHUD_252,weekly,50,0,443,1.0790105103112504,0.08970888317648806,0.10395472468180293,0.1892009589652518,0.5494407916869756,-0.3458105779225127,-0.18734311587352104,-0.024350355200018582,-0.4408074168086703,0.24779262867365584,0.0,-0.33439954266032257,False,
UNI_LGBM__XS018_AMIHUD_252,weekly,50,5,443,0.967963863728269,0.08271004874548815,0.09748090487773185,0.18907494370460004,0.5155675467503007,-0.3463141120007174,-0.22560695299522626,-0.030011597119941405,-0.540323336416256,0.24779262867365584,0.054886067251214775,-0.33480662312970455,False,
UNI_LGBM__XS018_AMIHUD_252,weekly,50,10,443,0.8628241207732896,0.07575450775278769,0.09100708507366077,0.18895288826614207,0.481639026049056,-0.34681735530491387,-0.2620785711663234,-0.03567433883140653,-0.6395744900426501,0.24779262867365584,0.10977213450242955,-0.33521351784154263,False,
UNI_LGBM__XS018_AMIHUD_252,weekly,50,20,443,0.6690302066710148,0.06197227529661453,0.07805944546551885,0.1887206873388147,0.4136242113477305,-0.3478705255290643,-0.3299753015101603,-0.04700432641233058,-0.8370167862591258,0.24779262867365584,0.2195442690048591,-0.3360267502326415,False,
UNI_LGBM__XS019_PRICE_DELAY_52W,monthly,5,0,101,0.31294428904431815,0.03287809034354372,0.05943873222805532,0.22904862337624504,0.25950268267021503,-0.46892990177758276,-0.45358521685828035,-0.07180715828451296,-0.48707525610193125,1.7330359235219188,0.0,-0.38297418022671936,False,
UNI_LGBM__XS019_PRICE_DELAY_52W,monthly,5,5,101,0.20287401286615925,0.02218877150869858,0.04898157135601717,0.22881942579254683,0.21406211988498314,-0.46946097187580527,-0.49760583673753267,-0.08178656811156729,-0.5647184403503519,1.7330359235219188,0.08751831413785693,-0.38838283005658303,False,
UNI_LGBM__XS019_PRICE_DELAY_52W,monthly,5,10,101,0.1019428519199912,0.01160041458891703,0.03852441048397917,0.22859255522339544,0.16852871890919904,-0.46999204197402766,-0.5381170110404153,-0.09177548799553371,-0.6424576352410515,1.7330359235219188,0.17503662827571387,-0.3937493177693777,False,
UNI_LGBM__XS019_PRICE_DELAY_52W,monthly,5,20,101,-0.07544676144750073,-0.009276857630997504,0.017610088739903097,0.22814582282561827,0.07718786398014943,-0.47105418217047246,-0.6096967372972781,-0.11178193014136129,-0.7981890787896343,1.7330359235219188,0.35007325655142774,-0.4043569559972221,False,
UNI_LGBM__XS019_PRICE_DELAY_52W,monthly,10,0,101,0.3407053490511742,0.03544900213391555,0.057828678488471064,0.21278496074955963,0.2717705155700988,-0.45231545901961123,-0.44203175361539504,-0.0693211751692064,-0.6870484657635461,1.664060722958772,0.0,-0.3792427341275627,False,
UNI_LGBM__XS019_PRICE_DELAY_52W,monthly,10,5,101,0.23259740213813895,0.025157618059594933,0.04778222770990448,0.21254150344404776,0.2248136337404017,-0.45708259024369524,-0.48519152142030453,-0.07888637628573394,-0.7905141004867953,1.664060722958772,0.08403506650941801,-0.38464590168715884,False,
UNI_LGBM__XS019_PRICE_DELAY_52W,monthly,10,10,101,0.13312248589933984,0.014959552992016345,0.037735776931337825,0.21230043159067474,0.17774705707661573,-0.46181281922780126,-0.5250479643907139,-0.08846037121315774,-0.8943445424838605,1.664060722958772,0.16807013301883603,-0.39000724346589166,False,
UNI_LGBM__XS019_PRICE_DELAY_52W,monthly,10,20,101,-0.04260544837362301,-0.005159675720784351,0.017642875374204427,0.21182547673744576,0.08328967622753179,-0.4714551917113966,-0.5958326664037032,-0.10763480729165975,-1.1030228374534934,1.664060722958772,0.33614026603767205,-0.4006055817972265,False,
UNI_LGBM__XS019_PRICE_DELAY_52W,monthly,20,0,101,0.49132760638058803,0.04863063570194748,0.06978867147089265,0.20772651912967868,0.33596418870007283,-0.4614644569630021,-0.37934651345575654,-0.05667116975844219,-0.7867199460331443,1.5677118964539591,0.0,-0.38604304783672083,False,
UNI_LGBM__XS019_PRICE_DELAY_52W,monthly,20,5,101,0.3777677059429789,0.038809140853773405,0.06032042780698901,0.2075312156978456,0.2906571312857934,-0.46591252729302124,-0.42455947473005196,-0.0656577505674061,-0.9217362457291777,1.5677118964539591,0.07916945077092495,-0.39279077128283346,False,
UNI_LGBM__XS019_PRICE_DELAY_52W,monthly,20,10,101,0.2727717013809401,0.029071629361155926,0.05085218414308515,0.20733781853762778,0.24526246346059855,-0.4707833931348955,-0.46651353409778396,-0.07465206856251111,-1.056821713750858,1.5677118964539591,0.1583389015418499,-0.3994704873232431,False,
UNI_LGBM__XS019_PRICE_DELAY_52W,monthly,20,20,101,0.08596051245229042,0.009845960823204658,0.03191569681527784,0.20695676435585864,0.15421432063172064,-0.48139155847662085,-0.5415581131487422,-0.09266396929349571,-1.327025143160532,1.5677118964539591,0.3166778030836998,-0.4126283854164575,False,
UNI_LGBM__XS019_PRICE_DELAY_52W,monthly,50,0,101,0.954741832240364,0.08289133857473385,0.09723773589851178,0.18455191642214075,0.5268855386800314,-0.4175200483943311,-0.18648502965870117,-0.024521697042298528,-0.5907732666677786,1.3843176707783709,0.0,-0.3301653246171433,False,
UNI_LGBM__XS019_PRICE_DELAY_52W,monthly,50,5,101,0.8227104293657277,0.0739309480311503,0.08885859764336415,0.1843863413666331,0.4819152925578042,-0.41801401231230007,-0.23872402991812247,-0.03240705094928909,-0.7754666483334626,1.3843176707783709,0.06990804237430773,-0.33199256953596,False,
UNI_LGBM__XS019_PRICE_DELAY_52W,monthly,50,10,101,0.6995103927977746,0.06503825368211302,0.08047945938821618,0.18422237903935051,0.43686038475827904,-0.41850797623026914,-0.2876446009649243,-0.040298416177296355,-0.9600740210392943,1.3843176707783709,0.13981608474861545,-0.3338164942845768,False,
UNI_LGBM__XS019_PRICE_DELAY_52W,monthly,50,20,101,0.4773030932556088,0.047454104328119806,0.06372118287792032,0.18389930978169208,0.34650039172830005,-0.4201645983507335,-0.3763515249795468,-0.0560992171084065,-1.3285942324020659,1.3843176707783709,0.2796321694972309,-0.33745439532693666,False,
UNI_LGBM__XS019_PRICE_DELAY_52W,weekly,5,0,443,3.2491024714261396,0.18508762177768667,0.19135161957280813,0.20632908019553603,0.9274098415573125,-0.32096203637287934,0.6609162664821397,0.0595557781675654,0.3819898928883578,1.2822961374691415,0.0,-0.2821506459211013,False,
UNI_LGBM__XS019_PRICE_DELAY_52W,weekly,5,5,443,2.1981380490476257,0.14621367699511367,0.15789280589204407,0.20622234044735738,0.7656435551527917,-0.32448740598691717,0.258466130496924,0.026985255929983264,0.18164170350285597,1.2822961374691415,0.28402859444941486,-0.2841624957294755,False,
UNI_LGBM__XS019_PRICE_DELAY_52W,weekly,5,10,443,1.4065850007858973,0.10858613279909424,0.12443399221128035,0.20613784386525155,0.6036445801413373,-0.3488437530907963,-0.0466783081741301,-0.005611172719375619,-0.018834904031237176,1.2822961374691415,0.5680571888988297,-0.3069234221557673,False,
UNI_LGBM__XS019_PRICE_DELAY_52W,weekly,5,20,443,0.361822626808761,0.036915268499049025,0.0575163648497532,0.20603568246012766,0.2791573001481617,-0.41577806522333005,-0.45330240802284183,-0.07088192515257628,-0.41975435158279684,1.2822961374691415,1.1361143777976594,-0.37390348412343555,False,
UNI_LGBM__XS019_PRICE_DELAY_52W,weekly,10,0,443,1.5617471080316832,0.11674648508022933,0.12984641018951518,0.19520559810855817,0.6651776969905581,-0.39994095674225894,0.0013520433917244556,0.00015859767632518733,0.006307308985621181,1.1761294055334255,0.0,-0.37928280074661624,False,
UNI_LGBM__XS019_PRICE_DELAY_52W,weekly,10,5,443,0.9740459566290933,0.08310229258284418,0.09918464533821604,0.19506684286530745,0.508464913264129,-0.42852180141188223,-0.22321365170528007,-0.029649383059046953,-0.2372104886061654,1.1761294055334255,0.2605126633256538,-0.40825585035344736,False,
UNI_LGBM__XS019_PRICE_DELAY_52W,weekly,10,10,443,0.5208928379891125,0.05044908401034798,0.0685228804869168,0.19494627655663996,0.3514962260231119,-0.45593549387771504,-0.39752797722741895,-0.059478850104380886,-0.4804420196808435,1.1761294055334255,0.5210253266513076,-0.43589526441302706,False,
UNI_LGBM__XS019_PRICE_DELAY_52W,weekly,10,20,443,-0.09771884143104526,-0.011997680103451924,0.00719935078431791,0.19475984076559258,0.03696527351849114,-0.5074063791284062,-0.6377832715028919,-0.1192023759311885,-0.9653567132878614,1.1761294055334255,1.0420506533026153,-0.48741258364343243,False,
UNI_LGBM__XS019_PRICE_DELAY_52W,weekly,20,0,443,0.7456113792230814,0.06757935208504895,0.0834203819280299,0.18812123994513677,0.4434394646365207,-0.41538949645649714,-0.31766429399975327,-0.04486713825047898,-0.4701279216727154,1.0600830139963664,0.0,-0.38914051519101944,False,
UNI_LGBM__XS019_PRICE_DELAY_52W,weekly,20,5,443,0.3801927609980189,0.03854743101316882,0.05579840391873476,0.1879358449310688,0.29690133853496936,-0.4176015317671057,-0.4568946628835242,-0.07165576369411372,-0.7464876637342192,1.0600830139963664,0.23480838760019515,-0.39132675891020696,False,
UNI_LGBM__XS019_PRICE_DELAY_52W,weekly,20,10,443,0.0911091653793017,0.010287608333871434,0.028176425909439896,0.18776430612934017,0.15006273817575716,-0.4198069040712977,-0.5677783933804826,-0.0984615708509829,-1.0225531207874212,1.0600830139963664,0.4696167752003903,-0.3935067979090491,False,
UNI_LGBM__XS019_PRICE_DELAY_52W,weekly,20,20,443,-0.31839368651561517,-0.04399552213872815,-0.027067530109149526,0.18746294624070295,-0.14438869468313348,-0.45169491318208776,-0.7263721993432048,-0.15212482475399186,-1.572875048234611,1.0600830139963664,0.9392335504007806,-0.4383934034723993,False,
UNI_LGBM__XS019_PRICE_DELAY_52W,weekly,50,0,443,0.9896981706392414,0.08410684553125947,0.09871606879620282,0.18793963131213862,0.5252541366980268,-0.4184821831254074,-0.22225409266364538,-0.029504471965956895,-0.42668037701714484,0.7655033168284099,0.0,-0.39477992049976995,False,
UNI_LGBM__XS019_PRICE_DELAY_52W,weekly,50,5,443,0.6793104660905716,0.06273800433700494,0.07877350616162701,0.1878516338044154,0.41933894620071943,-0.42044644593408886,-0.33919195739742236,-0.048630198789426544,-0.6961691799459284,0.7655033168284099,0.16955898467749278,-0.3964173911323252,False,
UNI_LGBM__XS019_PRICE_DELAY_52W,weekly,50,10,443,0.4172269862333966,0.04178040379944803,0.05883094352705153,0.18777399295516078,0.31330719766448156,-0.42240527443920506,-0.43859318171762496,-0.06776544568692863,-0.9654530237059022,0.7655033168284099,0.33911796935498556,-0.3980514088325289,False,
UNI_LGBM__XS019_PRICE_DELAY_52W,weekly,50,20,443,0.009136622761386937,0.0010681707410986618,0.018945818257899927,0.18764983093856122,0.10096368412984615,-0.4263066757608418,-0.594886624161602,-0.10606454211492719,-1.502164115694276,0.7655033168284099,0.6782359387099711,-0.4013091067100564,False,
UNI_LGBM__XS020_VOLUME_SHOCK_50D,monthly,5,0,101,1.004396034882956,0.08612355359259549,0.10863010927234179,0.22484778634117938,0.4831273237776453,-0.4255254262558045,-0.1658201845503262,-0.021541341838606412,-0.13047392407292827,1.928235307370626,0.0,-0.3623542158692834,False,
UNI_LGBM__XS020_VOLUME_SHOCK_50D,monthly,5,5,101,0.8183318747806214,0.07362410982943635,0.09695320285002938,0.22461397023722396,0.43164368960502836,-0.4266738009287191,-0.24055278358937393,-0.032692806793060004,-0.23515743773259723,1.928235307370626,0.09737588302221663,-0.364265240921969,False,
UNI_LGBM__XS020_VOLUME_SHOCK_50D,monthly,5,10,101,0.6493831977450344,0.06125655096650218,0.08527629642771689,0.22438059353307863,0.3800520137903338,-0.42782102665248634,-0.30865558047151,-0.04385550214184705,-0.3401277764903914,1.928235307370626,0.19475176604443326,-0.3661724439258246,False,
UNI_LGBM__XS020_VOLUME_SHOCK_50D,monthly,5,20,101,0.3567332330340274,0.03691203794114717,0.061922483583092214,0.22391516381723126,0.2765443953301701,-0.43011203125257813,-0.42725049744085175,-0.0662146724152828,-0.5509109608729297,1.928235307370626,0.3895035320888665,-0.369975399090544,False,
UNI_LGBM__XS020_VOLUME_SHOCK_50D,monthly,10,0,101,1.8791943624529384,0.13387935893612002,0.15529233663380632,0.24265731232309587,0.6399656171376201,-0.42571472162688484,0.19824913845181436,0.02148848792696723,0.3136528081904974,1.9229505249736394,0.0,-0.35131145406813,False,
UNI_LGBM__XS020_VOLUME_SHOCK_50D,monthly,10,5,101,1.6126224451755333,0.12086591276599878,0.14360688378119452,0.24242686719265433,0.5923719818854545,-0.42686271789835273,0.09119180664413307,0.010368772218409449,0.20573681194071805,1.9229505249736394,0.09710900151116879,-0.35319106353263086,False,
UNI_LGBM__XS020_VOLUME_SHOCK_50D,monthly,10,10,101,1.3705079620947043,0.10798942167082459,0.13192143092858283,0.242196751902981,0.5446870360236202,-0.42800956559926395,-0.006393751747577947,-0.0007620925929363268,0.09744263834674904,1.9229505249736394,0.19421800302233758,-0.3550670429300341,False,
UNI_LGBM__XS020_VOLUME_SHOCK_50D,monthly,10,20,101,0.9509579641759163,0.0826420731622266,0.10855052522335942,0.24173751461238227,0.44904294394445327,-0.43029981528941574,-0.17639652638512682,-0.02305735678075102,-0.12026685226028698,1.9229505249736394,0.38843600604467515,-0.3588081255407135,False,
UNI_LGBM__XS020_VOLUME_SHOCK_50D,monthly,20,0,101,1.3578912328247572,0.10728712358116166,0.12487836253828977,0.21000361761694522,0.5946486253683151,-0.4560945770106366,-0.018704268409204028,-0.002243335310336953,0.03127051335070548,1.8671328792009256,0.0,-0.38756635710014264,False,
UNI_LGBM__XS020_VOLUME_SHOCK_50D,monthly,20,5,101,1.1456299010267474,0.09494587302630775,0.11355720867957866,0.2097999758337398,0.5412641647278803,-0.46516925671736575,-0.10385299934382752,-0.01302781975030948,-0.12458867053452136,1.8671328792009256,0.09429021039964676,-0.3977843819920369,False,
UNI_LGBM__XS020_VOLUME_SHOCK_50D,monthly,20,10,101,0.952303513511114,0.0827307610994441,0.10223605482086782,0.20959663125694789,0.4877752767673779,-0.47410083656050384,-0.1816855287861282,-0.02382280124202993,-0.28098205432323137,1.8671328792009256,0.18858042079929352,-0.4078412774539726,False,
UNI_LGBM__XS020_VOLUME_SHOCK_50D,monthly,20,20,101,0.615907602888879,0.05867427293113536,0.07959374710344565,0.20919083718814205,0.3804839072939921,-0.4915431686544848,-0.3178391645449299,-0.04544433502918611,-0.5953190004831993,1.8671328792009256,0.37716084159858704,-0.42748121949807827,False,
UNI_LGBM__XS020_VOLUME_SHOCK_50D,monthly,50,0,101,1.8459791996734483,0.13231725477081646,0.14311625047484502,0.1913856469587646,0.7477898826220778,-0.3837948505711216,0.18442581318309093,0.020109874612250053,0.41916663394482684,1.755284294541738,0.0,-0.2780934962719136,False,
UNI_LGBM__XS020_VOLUME_SHOCK_50D,monthly,50,5,101,1.6044623515283725,0.12044939797683196,0.13245493472125938,0.1911971107171397,0.6927664033439055,-0.3843172650487533,0.08778364969988295,0.009997102251256641,0.20965526859510342,1.755284294541738,0.08864185687435774,-0.2800198985268083,False,
UNI_LGBM__XS020_VOLUME_SHOCK_50D,monthly,50,10,101,1.3832547613248547,0.10869562300598345,0.12179361896767371,0.19100876527374194,0.6376336645762127,-0.384839679526385,-0.0010508887144980994,-0.00012492371705394837,-0.0007093018648407773,1.755284294541738,0.1772837137487155,-0.28194287634577875,False,
UNI_LGBM__XS020_VOLUME_SHOCK_50D,monthly,50,20,101,0.9951385891780828,0.08552633659481956,0.10047098746050205,0.19063264904316365,0.5270397697602842,-0.38588450848164846,-0.15774552678061649,-0.0203968022583439,-0.4238782791941882,1.755284294541738,0.354567427497431,-0.2857785708428304,False,
UNI_LGBM__XS020_VOLUME_SHOCK_50D,weekly,5,0,443,0.4685325406736893,0.04613815622751094,0.07385158437147718,0.23931909860111325,0.3085904334554168,-0.49205542221738774,-0.425970637077943,-0.06515549867004986,-0.4044693291784053,1.9692025137194367,0.0,-0.4785848807744144,False,
UNI_LGBM__XS020_VOLUME_SHOCK_50D,weekly,5,5,443,-0.05079487112962755,-0.006100454477444006,0.022575360458735372,0.2390652082179394,0.09443181058012823,-0.5316637022184824,-0.6264881355158979,-0.11559793787763363,-0.7753104910007254,1.9692025137194367,0.4361783567888553,-0.5192435607612093,False,
UNI_LGBM__XS020_VOLUME_SHOCK_50D,weekly,5,10,443,-0.3867337835961693,-0.05577840666810663,-0.028700863454006863,0.23881205451909757,-0.12018180368575858,-0.5712866948396662,-0.7570665541541949,-0.16609102357853123,-1.1471071387853082,1.9692025137194367,0.8723567135777106,-0.5615860688333109,False,
UNI_LGBM__XS020_VOLUME_SHOCK_50D,weekly,5,20,443,-0.7443399508064367,-0.14793920116322667,-0.13125331127949108,0.23830796655850398,-0.5507718150382049,-0.7675554791958719,-0.897366418719,-0.26722953732936927,-1.8935097438803312,1.9692025137194367,1.7447134271554212,-0.7628904061201364,False,
UNI_LGBM__XS020_VOLUME_SHOCK_50D,weekly,10,0,443,0.5297178027922578,0.05116272455068849,0.07548725733397911,0.22437796969729693,0.3364290060910044,-0.4663602489888048,-0.40205415170130443,-0.06036402789717102,-0.5418941606576911,1.9441681896971277,0.0,-0.4498505439205457,False,
UNI_LGBM__XS020_VOLUME_SHOCK_50D,weekly,10,5,443,-0.005743555694965652,-0.000675902160810482,0.02486551135830306,0.2241613952195015,0.11092682276515299,-0.5213626396297335,-0.6087604596809734,-0.11015493028823614,-1.047175800873904,1.9441681896971277,0.43063325401791386,-0.5072805825480577,False,
UNI_LGBM__XS020_VOLUME_SHOCK_50D,weekly,10,10,443,-0.3540442794038491,-0.0500050079776988,-0.02575623461737297,0.22394555370271027,-0.1150111453052763,-0.5718032200076315,-0.7441172448917344,-0.15999518785103373,-1.553666193031186,1.9441681896971277,0.8612665080358277,-0.5587635041597978,False,
UNI_LGBM__XS020_VOLUME_SHOCK_50D,weekly,10,20,443,-0.7276911824240879,-0.14160594495022027,-0.12699972656872527,0.2235160780384613,-0.5681905645591719,-0.7536309312784887,-0.8906828452455992,-0.25982415607490683,-2.570113442187202,1.9441681896971277,1.7225330160716554,-0.7514353865092661,False,
UNI_LGBM__XS020_VOLUME_SHOCK_50D,weekly,20,0,443,1.0374281021489233,0.0871276454924601,0.10830314514048558,0.2220328983124497,0.48777972076948223,-0.41864433235610354,-0.20359711270714287,-0.026721905713643947,-0.2469264191623746,1.886682721866899,0.0,-0.405924569249427,False,
UNI_LGBM__XS020_VOLUME_SHOCK_50D,weekly,20,5,443,0.34123294765048007,0.035062643043715536,0.05915293578617739,0.221848121118239,0.26663708255906515,-0.4636129385677207,-0.4722253349171973,-0.07501685003687417,-0.8230085482684584,1.886682721866899,0.417900222893518,-0.4490083590362901,False,
UNI_LGBM__XS020_VOLUME_SHOCK_50D,weekly,20,10,443,-0.1174216307594339,-0.014554889252298642,0.010002726431869148,0.2216649624823267,0.045125428574065526,-0.5151385142421703,-0.650383799509026,-0.12335847269132717,-1.400510278456136,1.886682721866899,0.835800445787036,-0.5014259629187345,False,
UNI_LGBM__XS020_VOLUME_SHOCK_50D,weekly,20,20,443,-0.6182917713642498,-0.10689396727622269,-0.0882976922767474,0.2213035169247989,-0.3989891055674086,-0.6517622877556242,-0.846764941832374,-0.22018211026938142,-2.559343060837685,1.886682721866899,1.671600891574072,-0.6478294394391443,False,
UNI_LGBM__XS020_VOLUME_SHOCK_50D,weekly,50,0,443,1.2469706503117894,0.09969190107275083,0.11775139875929236,0.21254203075873251,0.5540146498974504,-0.4149981431465525,-0.12168978542939135,-0.015230885476399746,-0.20245939661970253,1.7665727952095518,0.0,-0.40029403487777504,False,
UNI_LGBM__XS020_VOLUME_SHOCK_50D,weekly,50,5,443,0.5190921454066422,0.05030302020465438,0.07171293207440037,0.21233574445237519,0.3377336786105029,-0.4202151825857334,-0.40223780688033317,-0.06040008639632697,-1.0139917719596512,1.7665727952095518,0.3912958741389157,-0.4050992072954226,False,
UNI_LGBM__XS020_VOLUME_SHOCK_50D,weekly,50,10,443,0.026642812922732073,0.0030912055186929077,0.02567446538950884,0.21213085797424808,0.12103126171594339,-0.4617930706604628,-0.5933154810668415,-0.10561018432791594,-1.8289400816762655,1.7665727952095518,0.7825917482778314,-0.44733446782399333,False,
UNI_LGBM__XS020_VOLUME_SHOCK_50D,weekly,50,20,443,-0.5315811138978956,-0.08517384043201526,-0.06640246798027433,0.21172530073027768,-0.31362556931665975,-0.5882432956063637,-0.8119553368938092,-0.19615336406769385,-3.4679201965853945,1.7665727952095518,1.5651834965556628,-0.5815229251456053,False,
UNI_LGBM__XS032_GROSS_PROFIT_AT,monthly,5,0,101,2.017613073752014,0.14022282120970342,0.1642990704302803,0.25612463165778643,0.6414809437375933,-0.39605327185349937,0.2558555660423496,0.02706737420724845,0.29450412676647786,0.8413430369176516,0.0,-0.3527313694018398,False,
UNI_LGBM__XS032_GROSS_PROFIT_AT,monthly,5,5,101,1.8920424491706664,0.13447934598523825,0.1592250932305262,0.25620862269150985,0.6214665671976328,-0.39667720882588897,0.2078947843495378,0.022441068911392276,0.2613035205354592,0.8413430369176516,0.042487823364341405,-0.3534000622035006,False,
UNI_LGBM__XS032_GROSS_PROFIT_AT,monthly,5,10,101,1.7716120053620141,0.1287606821298406,0.15415111603077147,0.25629853998140256,0.6014514013304832,-0.397300732718171,0.16173033387563196,0.017811155741244106,0.2281717235956844,0.8413430369176516,0.08497564672868281,-0.35406831229426816,False,
UNI_LGBM__XS032_GROSS_PROFIT_AT,monthly,5,20,101,1.545352067613749,0.11739742629490224,0.144003161631263,0.25649612798882243,0.5614243098341755,-0.39854654177659654,0.07452894575562485,0.008540480263552606,0.16214341740440438,0.8413430369176516,0.16995129345736562,-0.3554034848941905,False,
UNI_LGBM__XS032_GROSS_PROFIT_AT,monthly,10,0,101,1.6120592802823084,0.12083720405430709,0.13598026233888594,0.20681921140161527,0.657483709648377,-0.39311898573808324,0.08707415622918013,0.009919583383857178,0.14410001416504456,0.788971760894677,0.0,-0.31502157236981576,False,
UNI_LGBM__XS032_GROSS_PROFIT_AT,monthly,10,5,101,1.5100024045963663,0.11554228277807788,0.13122332784051788,0.20689894002966852,0.6342387632420976,-0.3936884748072549,0.048331366673462384,0.005607888177668446,0.09703656539733872,0.788971760894677,0.03984307392518119,-0.3156643470125984,False,
UNI_LGBM__XS032_GROSS_PROFIT_AT,monthly,10,10,101,1.4118745077644372,0.11026917403421677,0.12646639334214968,0.20698350576202315,0.610997445794318,-0.39425765674315616,0.010945172610955956,0.0012933514120504516,0.05012192594890193,0.788971760894677,0.07968614785036238,-0.31630677499819515,False,
UNI_LGBM__XS032_GROSS_PROFIT_AT,monthly,10,20,101,1.2268151555565199,0.09978808460442612,0.1169525243454136,0.2071671245067134,0.5645322568621338,-0.39539509948080176,-0.05994248420965864,-0.007344263593536809,-0.04319870217982011,0.788971760894677,0.15937229570072475,-0.31759059129767075,False,
UNI_LGBM__XS032_GROSS_PROFIT_AT,monthly,20,0,101,1.4382482915764765,0.1117047386844352,0.12678112402721553,0.20094961228400457,0.6309100206077243,-0.41615973401951345,0.014738342368810109,0.001738311503804346,0.05844706418162035,0.6841310292223504,0.0,-0.3211638982573892,False,
UNI_LGBM__XS032_GROSS_PROFIT_AT,monthly,20,5,101,1.3554300117514075,0.1071497362152487,0.12265981379304565,0.20101764174556913,0.610194273138961,-0.41656183004160985,-0.01622757061855229,-0.001943843124469065,0.005717997417246297,0.6841310292223504,0.03454861697572869,-0.32174141642246556,False,
UNI_LGBM__XS032_GROSS_PROFIT_AT,monthly,20,10,101,1.2753885792567998,0.10261131380520183,0.11853850355887599,0.2010880069248342,0.5894856952020274,-0.4169638022938247,-0.046263355490288816,-0.00562784549902709,-0.04690852185360265,0.6841310292223504,0.06909723395145738,-0.3223186391087375,False,
UNI_LGBM__XS032_GROSS_PROFIT_AT,monthly,20,20,101,1.1232716666873168,0.09358399683189589,0.1102958830905359,0.20123573455449795,0.548092928597957,-0.4177673754886113,-0.1036537166753454,-0.013001401633109602,-0.15179411868692524,0.6841310292223504,0.13819446790291476,-0.32347219832488594,False,
UNI_LGBM__XS032_GROSS_PROFIT_AT,monthly,50,0,101,1.7911524523434594,0.1297032629920598,0.14087956445772318,0.19138345954974126,0.7361114946357631,-0.36665712948899387,0.16160828352652823,0.01779867281561166,0.3641657518584578,0.5627120460745865,0.0,-0.2792594819260702,False,
UNI_LGBM__XS032_GROSS_PROFIT_AT,monthly,50,5,101,1.7129380678928494,0.12589478483892158,0.1374665406937,0.19134571686220922,0.7184197427982755,-0.3669488742422712,0.13308977999641636,0.014845333052260951,0.3045960473648715,0.5627120460745865,0.02841695832676662,-0.2798024488015898,False,
UNI_LGBM__XS032_GROSS_PROFIT_AT,monthly,50,10,101,1.636886867119253,0.12209770195774028,0.13405351692967699,0.1913097732035036,0.7007144208313867,-0.36724060254098867,0.10525984683436684,0.011890748059153456,0.24494168105954478,0.5627120460745865,0.05683391665353324,-0.2803452025161576,False,
UNI_LGBM__XS032_GROSS_PROFIT_AT,monthly,50,20,101,1.4910394411341588,0.11453760206658137,0.1272274694016307,0.1912432869792719,0.6652650213830531,-0.3678240097747427,0.05160068761212688,0.005977837751963248,0.12547776741961655,0.5627120460745865,0.11366783330706648,-0.2814300705282392,False,
UNI_LGBM__XS032_GROSS_PROFIT_AT,weekly,5,0,443,1.1955919408981908,0.0967100896190578,0.12107137060209536,0.23851457139181473,0.5076057613402911,-0.49179625638507796,-0.1417730229577272,-0.017946065391739045,-0.061054446706857474,0.32872578026216537,0.0,-0.48194188535255544,False,
UNI_LGBM__XS032_GROSS_PROFIT_AT,weekly,5,5,443,1.0413650662618177,0.08737401631140651,0.11251061259963795,0.2384955126732785,0.471751486384439,-0.4927006332352566,-0.19672360715162807,-0.025713169402639242,-0.12051513903556746,0.32872578026216537,0.07281276032806963,-0.4838876690737187,False,
UNI_LGBM__XS032_GROSS_PROFIT_AT,weekly,5,10,443,0.8978949580642963,0.07811230317094142,0.10394985459718016,0.23849045660710214,0.43586588778447827,-0.4936040347967843,-0.24818594326035004,-0.033484977494857605,-0.18006632566643826,0.32872578026216537,0.14562552065613926,-0.48582732653927074,False,
UNI_LGBM__XS032_GROSS_PROFIT_AT,weekly,5,20,443,0.640296588992916,0.059809746998082725,0.086828338592266,0.23852235352756382,0.3640260013711128,-0.5060031628492966,-0.3415102835879834,-0.04904273471686359,-0.2993022626489698,0.32872578026216537,0.2912510413122785,-0.4977493990320928,False,
UNI_LGBM__XS032_GROSS_PROFIT_AT,weekly,10,0,443,2.443900831118606,0.15621820694295963,0.1690716359773646,0.2172780723170967,0.7781348305162641,-0.4435898217414148,0.34617391532015573,0.034893576654126277,0.40064977337459884,0.2726374909473979,0.0,-0.43013523047536173,False,
UNI_LGBM__XS032_GROSS_PROFIT_AT,weekly,10,5,443,2.242041126246558,0.14804956638014288,0.1619554856379902,0.2172244239484157,0.7455675687575987,-0.44422684281566716,0.2757419750139818,0.02858567365204807,0.33763823225196515,0.2726374909473979,0.060389204244848636,-0.4309951684352483,False,
UNI_LGBM__XS032_GROSS_PROFIT_AT,weekly,10,10,443,2.051936935325781,0.13993529498447876,0.1548393352986165,0.21717991172692389,0.7129542233782066,-0.44486340990846707,0.20896526886875222,0.022274880115901834,0.2744203059127761,0.2726374909473979,0.12077840848969727,-0.4318541836001425,False,
UNI_LGBM__XS032_GROSS_PROFIT_AT,weekly,10,20,443,1.704313496356463,0.12386849905907082,0.1406070346198684,0.2171183170486054,0.6476055845089811,-0.44613518286269094,0.0856345366165081,0.009644608139920666,0.1475123695158878,0.2726374909473979,0.24155681697939455,-0.433569448076187,False,
UNI_LGBM__XS032_GROSS_PROFIT_AT,weekly,20,0,443,2.3066344228600553,0.15071115696858328,0.16151761455032906,0.20434468986419782,0.7904174787104548,-0.4133403028751047,0.292518346443815,0.030119212495935646,0.4191158098060139,0.22191616034877104,0.0,-0.3995293786485239,False,
UNI_LGBM__XS032_GROSS_PROFIT_AT,weekly,20,5,443,2.1480048011230557,0.1440898576674805,0.15572675657242369,0.20430047053886605,0.7622437489335017,-0.4138837085013538,0.23873871612102548,0.02513063718251172,0.3548706820734829,0.22191616034877104,0.04915442951725279,-0.40018408030102215,False,
UNI_LGBM__XS032_GROSS_PROFIT_AT,weekly,20,10,443,1.9969395822072902,0.13750462823850906,0.14993589859451847,0.20426190401925812,0.7340375059873243,-0.4144267704273782,0.18717914051519702,0.020140318721681302,0.29041711861812275,0.22191616034877104,0.09830885903450558,-0.40083825660735384,False,
UNI_LGBM__XS032_GROSS_PROFIT_AT,weekly,20,20,443,1.7160850352409889,0.12444163617190807,0.13835418263870738,0.20420174173915553,0.6775367411676589,-0.41551186370440196,0.09036016816010428,0.01015444627681336,0.1610287677543952,0.22191616034877104,0.19661771806901115,-0.4021450343173999,False,
UNI_LGBM__XS032_GROSS_PROFIT_AT,weekly,50,0,443,2.1964018732412125,0.1461406193337389,0.15540102170007053,0.1936814125093305,0.802353822634292,-0.38043485765299645,0.24942994460155865,0.02613937913032108,0.5027178945972156,0.16331291068671108,0.0,-0.3617646940680713,False,
UNI_LGBM__XS032_GROSS_PROFIT_AT,weekly,50,5,443,2.0828283849894107,0.14128366953274885,0.15113862809666134,0.19364521926720155,0.7804924318225102,-0.3808705855536588,0.21309182066077548,0.0226748552180803,0.436443743383972,0.16331291068671108,0.036173809717106514,-0.362351853598754,False,
UNI_LGBM__XS032_GROSS_PROFIT_AT,weekly,50,10,443,1.9732637539738915,0.1364461084721833,0.14687623449325246,0.19361269763311698,0.7586084812039188,-0.3813060908599394,0.17780042311295685,0.019209322437818796,0.3700374615053407,0.16331291068671108,0.07234761943421303,-0.36293857492068204,False,
UNI_LGBM__XS032_GROSS_PROFIT_AT,weekly,50,20,443,1.7656036742979135,0.1268288607604724,0.13835144728643406,0.19355867638296337,0.7147778124536269,-0.3821764340145001,0.11023920394455589,0.012275226952943549,0.23702877771540995,0.16331291068671108,0.14469523886842606,-0.364110703990568,False,
UNI_LGBM__XS041_ASSET_GROWTH,monthly,5,0,101,2.517246068166283,0.1611688495243615,0.17846760019000799,0.23886817652176084,0.7471384543087078,-0.34162415587870865,0.46379040118454773,0.04527080039996781,0.3911344266814041,0.9271490946046487,0.0,-0.2910794628468074,False,
UNI_LGBM__XS041_ASSET_GROWTH,monthly,5,5,101,2.3563036229882903,0.15472498645638155,0.1728229146506347,0.23877319441672856,0.7237952948311631,-0.3427994900343012,0.4017988021107983,0.040129457886804096,0.35531953868148775,0.9271490946046487,0.04682102927753475,-0.2954751334532463,False,
UNI_LGBM__XS041_ASSET_GROWTH,monthly,5,10,101,2.2026163856359693,0.14831223101963875,0.16717822911126137,0.23868458645666227,0.7004148512187893,-0.3457045385432598,0.3423872445935947,0.03498410551414572,0.31933081135260805,0.9271490946046487,0.0936420585550695,-0.3011115635783629,False,
UNI_LGBM__XS041_ASSET_GROWTH,monthly,5,20,101,1.9157330083740503,0.13557952881549018,0.1558888580325148,0.23852652087486947,0.6535493724586446,-0.3521402629183693,0.23088650700107194,0.024681344219061797,0.2468586329763039,0.9271490946046487,0.187284117110139,-0.3203969128730435,False,
UNI_LGBM__XS041_ASSET_GROWTH,monthly,10,0,101,1.8113703452499923,0.1306724210633723,0.1438109651504947,0.20311291489410577,0.7080345689759386,-0.34818370891428785,0.17002246808888088,0.018656192331095056,0.223826405445033,0.8317651269099752,0.0,-0.2695093226691253,False,
UNI_LGBM__XS041_ASSET_GROWTH,monthly,10,5,101,1.6956883319387157,0.12504184173966304,0.13874989560814488,0.20298629453095202,0.6835431718617231,-0.3488355252053734,0.12588522942130997,0.014087476851414725,0.1752340029197678,0.8317651269099752,0.04200413890895375,-0.27158776838673837,False,
UNI_LGBM__XS041_ASSET_GROWTH,monthly,10,10,101,1.5846923340619172,0.11943549107393303,0.13368882606579469,0.20286638265016643,0.6589994079814336,-0.3494873414964592,0.08338233576937348,0.00951539877248762,0.12635885902223365,0.8317651269099752,0.0840082778179075,-0.2760191025920543,False,
UNI_LGBM__XS041_ASSET_GROWTH,monthly,10,20,101,1.3760183757239814,0.10829512057828428,0.12356668698109476,0.20264673130468255,0.6097640272090561,-0.3507909740786307,0.0030441575637094598,0.0003611326928260721,0.02784020273775694,0.8317651269099752,0.168016555635815,-0.2906673628237857,False,
UNI_LGBM__XS041_ASSET_GROWTH,monthly,20,0,101,1.193952551037841,0.09784707520184699,0.11402139053687463,0.20123212749875977,0.5666162354596055,-0.39861743967232366,-0.0869314734815082,-0.010805268686264495,-0.1234753974017159,0.7838944233614825,0.0,-0.3129007048731621,False,
UNI_LGBM__XS041_ASSET_GROWTH,monthly,20,5,101,1.1087747871930267,0.09269419955308367,0.10928321176618458,0.2011970849422121,0.5431649857033113,-0.39913027361538667,-0.11924596143161581,-0.015086361552123263,-0.1849519662667609,0.7838944233614825,0.03958666837975486,-0.3178406524576167,False,
UNI_LGBM__XS041_ASSET_GROWTH,monthly,20,10,101,1.0268594970844918,0.0875626752967733,0.10454503299549489,0.20116591371849799,0.5196955640396923,-0.39964310755844956,-0.1504351418194234,-0.019370018867136636,-0.24647658592314875,0.7838944233614825,0.07917333675950972,-0.32274766854947945,False,
UNI_LGBM__XS041_ASSET_GROWTH,monthly,20,20,101,0.8723278736032707,0.0773633716766966,0.09506867545411507,0.20111519224631136,0.472707578140998,-0.40066877544457546,-0.20959048387443424,-0.027945040751097862,-0.36955225523617113,0.7838944233614825,0.15834667351901943,-0.33246371785348494,False,
UNI_LGBM__XS041_ASSET_GROWTH,monthly,50,0,101,1.2844878708415877,0.10313427608676617,0.11727431692055756,0.19350004785649122,0.6060686714017441,-0.3763593562033133,-0.04925292340895393,-0.0060008562800280205,-0.11254282824315878,0.6495798352030928,0.0,-0.2897463628062611,False,
UNI_LGBM__XS041_ASSET_GROWTH,monthly,50,5,101,1.2107464713980822,0.09884217450711419,0.11334735111947783,0.1934685308032309,0.5858697052636372,-0.3768128376505768,-0.07665631495601022,-0.009475693935769889,-0.18531640562028162,0.6495798352030928,0.032803781677756175,-0.29097310237626217,False,
UNI_LGBM__XS041_ASSET_GROWTH,monthly,50,10,101,1.1393517145099215,0.09456472604766186,0.10942038531839779,0.1934401456454094,0.5656549986215049,-0.37726631909784025,-0.10328365703178966,-0.012952359862474058,-0.25812816706259956,0.6495798352030928,0.06560756335551235,-0.29219855225930436,False,
UNI_LGBM__XS041_ASSET_GROWTH,monthly,50,20,101,1.0033099554915985,0.08605361436262804,0.10156645371623824,0.19339277638011962,0.5251822514642746,-0.37884637033990853,-0.15429595697769416,-0.019911185527596083,-0.4036379732144083,0.6495798352030928,0.1312151267110247,-0.2970662803091608,False,
UNI_LGBM__XS041_ASSET_GROWTH,weekly,5,0,443,2.147590798886556,0.14407219516397562,0.16416807290625235,0.2429535206843599,0.6757180239406203,-0.3796409719077428,0.2303503606364119,0.024333062512869878,0.22722931461285137,0.3356357707448963,0.0,-0.3699144308205028,False,
UNI_LGBM__XS041_ASSET_GROWTH,weekly,5,5,443,1.922012736410462,0.13412900943655104,0.15544466489743095,0.24303543294913074,0.639596716458899,-0.39002827296959974,0.1498109228737765,0.016386164167470373,0.17578093405984885,0.3356357707448963,0.07434332321999453,-0.38045877010594087,False,
UNI_LGBM__XS041_ASSET_GROWTH,weekly,5,10,443,1.7124852680120561,0.124266602443587,0.14672125688860904,0.24313177488929266,0.6034639320813452,-0.4002484019687519,0.07449811409509732,0.00843429223820481,0.12434274520534579,0.3356357707448963,0.14868664643998905,-0.39083351128269594,False,
UNI_LGBM__XS041_ASSET_GROWTH,weekly,5,20,443,1.3371262795287797,0.10478167864769716,0.1292744408709659,0.2433676766818313,0.5311898549287376,-0.4201974408841883,-0.0617711264211922,-0.0074844032029989125,0.021586882944452865,0.3356357707448963,0.2973732928799781,-0.41108463912624593,False,
UNI_LGBM__XS041_ASSET_GROWTH,weekly,10,0,443,1.7482812034300217,0.12599809037881848,0.1417783011108787,0.21476479714589447,0.6601561475392337,-0.3281725834813438,0.07426567995004785,0.00840889766815658,0.11311753680713545,0.30724569481889874,0.0,-0.32360128986763237,False,
UNI_LGBM__XS041_ASSET_GROWTH,weekly,10,5,443,1.567429100964036,0.11703695016032345,0.13379794614038912,0.21486749532827074,0.6226997989434139,-0.3380419525275381,0.01028239446310919,0.001200799758596919,0.04901490262590695,0.30724569481889874,0.06805492140238606,-0.33353781274319283,False,
UNI_LGBM__XS041_ASSET_GROWTH,weekly,10,10,443,1.3984025467744634,0.10814303053113683,0.12581759116989913,0.21498149506673442,0.5852484704827404,-0.3477722883927933,-0.04991962767829361,-0.0060109529732644915,-0.014980859859404144,0.30724569481889874,0.13610984280477212,-0.34333435641882615,False,
UNI_LGBM__XS041_ASSET_GROWTH,weekly,10,20,443,1.092802344883487,0.09055495542610381,0.10985688122892016,0.21524332560375978,0.5103846120234877,-0.36682334507093206,-0.1598538753074975,-0.02044544267253988,-0.14250777758958105,0.30724569481889874,0.27221968560954424,-0.36251504158723746,False,
UNI_LGBM__XS041_ASSET_GROWTH,weekly,20,0,443,1.7004351017555677,0.12367918402616818,0.13872045947522796,0.2092250724484716,0.6630202482515202,-0.3777952427766912,0.05556329065884125,0.006347351151856999,0.11622160415764321,0.28729882572204013,0.0,-0.3553524379751678,False,
UNI_LGBM__XS041_ASSET_GROWTH,weekly,20,5,443,1.5339120804500475,0.11531528164986349,0.13124051064543799,0.2092321960428276,0.6272481631774033,-0.3791631687831798,-0.0029065406188514276,-0.00034167084911350783,0.03554376594488874,0.28729882572204013,0.06363668989743189,-0.35660229212505234,False,
UNI_LGBM__XS041_ASSET_GROWTH,weekly,20,10,443,1.3776014324026575,0.1070105569198101,0.12376056181564797,0.20924742124211093,0.5914556130775446,-0.38052891495231866,-0.05815958327442172,-0.0070334317001616515,-0.04501786494584506,0.28729882572204013,0.12727337979486378,-0.35813348893886787,False,
UNI_LGBM__XS041_ASSET_GROWTH,weekly,20,20,443,1.0931636119242274,0.09057705145447748,0.10880066415606783,0.2093021684426881,0.5198257856839167,-0.38400386704248557,-0.1597088462726204,-0.020425181607821658,-0.20556118330553194,0.28729882572204013,0.25454675958972756,-0.3612532468670233,False,
UNI_LGBM__XS041_ASSET_GROWTH,weekly,50,0,443,1.6064955002127168,0.11901881337030851,0.13416978047947595,0.20750315387330595,0.6465915239119461,-0.3913879247888584,0.018843580245028413,0.0021913057374746987,0.08616564450488601,0.2075892940920463,0.0,-0.37070745758239676,False,
UNI_LGBM__XS041_ASSET_GROWTH,weekly,50,5,443,1.4893445649236199,0.11299457901529597,0.1287687219222806,0.20751769877973936,0.6205192264538194,-0.3932732292309775,-0.02044384137017885,-0.002424597927237534,0.008121240485390048,0.2075892940920463,0.04598102864138826,-0.3724100556345785,False,
UNI_LGBM__XS041_ASSET_GROWTH,weekly,50,10,443,1.3774299466206013,0.10700118444529005,0.12336766336508523,0.20753643703117214,0.5944385724736871,-0.39515357109376725,-0.05822751402103066,-0.00704189820857752,-0.06982409929965626,0.2075892940920463,0.09196205728277652,-0.37410885841964236,False,
UNI_LGBM__XS041_ASSET_GROWTH,weekly,50,20,443,1.168388936108435,0.09510631484803667,0.11256554625069397,0.2075864887726551,0.5422585396392232,-0.39889941050882427,-0.1295099769209106,-0.01628069302675079,-0.22519452578601196,0.2075892940920463,0.18392411456555305,-0.37749510522645924,False,
UNI_LGBM__XS056_CFO_ACCRUALS_PT,monthly,5,0,101,1.6561817760649715,0.12307010382059924,0.13615988878504331,0.19924255512385078,0.6833875860526143,-0.36746408223520965,0.10543684241924267,0.011909772992377665,0.10575234187615287,0.8417680997022431,0.0,-0.3463245679982092,False,
UNI_LGBM__XS056_CFO_ACCRUALS_PT,monthly,5,5,101,1.545598354948544,0.11741027156505623,0.13108353432740144,0.19932310503635564,0.6576434493306352,-0.3711609739147185,0.06319842465412484,0.007280999609525982,0.0692995210166807,0.8417680997022431,0.04250928903496329,-0.35014501075536697,False,
UNI_LGBM__XS056_CFO_ACCRUALS_PT,monthly,5,10,101,1.4395472493964956,0.11177508875420927,0.1260071798697594,0.19941049618874057,0.6318984320188167,-0.37483940237992097,0.022544293740923482,0.0026487834129034706,0.03282538334544272,0.8417680997022431,0.08501857806992658,-0.3539463732528133,False,
UNI_LGBM__XS056_CFO_ACCRUALS_PT,monthly,5,20,101,1.2403178838200155,0.10057830606512752,0.11585447095447582,0.19960576556704987,0.5804164555334899,-0.38214117713508045,-0.054242262008412645,-0.006626000037044093,-0.0401494266020675,0.8417680997022431,0.17003715613985315,-0.36149217521189425,False,
UNI_LGBM__XS056_CFO_ACCRUALS_PT,monthly,10,0,101,1.8065594620412542,0.13044236637284579,0.14138284056340905,0.1918921423818417,0.7367828552462279,-0.3347122690233548,0.16802029805991947,0.018452704482889867,0.19758049523837803,0.7382731878990525,0.0,-0.21398321891340477,False,
UNI_LGBM__XS056_CFO_ACCRUALS_PT,monthly,10,5,101,1.7038195832760437,0.12544450293757237,0.1369126980974532,0.19187746247988477,0.7135423635895032,-0.33518462436852237,0.1292813400432007,0.014445320570980861,0.15483290348667855,0.7382731878990525,0.037282795988902155,-0.21806968610863775,False,
UNI_LGBM__XS056_CFO_ACCRUALS_PT,monthly,10,10,101,1.6047827581919192,0.12046577413546866,0.1324425556314972,0.19186818802046487,0.6902788679974958,-0.3356569797136898,0.09180330345427823,0.010435334976995617,0.11210299842898924,0.7382731878990525,0.07456559197780431,-0.22213821692753954,False,
UNI_LGBM__XS056_CFO_ACCRUALS_PT,monthly,10,20,101,1.4172972766911767,0.11056546930523425,0.1235022706995852,0.19186585810784812,0.6436907114040287,-0.33660169040402466,0.0204701845965094,0.002407542935645264,0.02675535433682974,0.7382731878990525,0.14913118395560862,-0.23022172826258724,False,
UNI_LGBM__XS056_CFO_ACCRUALS_PT,monthly,20,0,101,2.192666955000308,0.1478877987714058,0.15974973670479456,0.20843035499584428,0.766441801185723,-0.3729697147973994,0.3287086408898954,0.033767230557653564,0.4640159928492741,0.7783578900233467,0.0,-0.24567750621767526,False,
UNI_LGBM__XS056_CFO_ACCRUALS_PT,monthly,20,5,101,2.0695749105992194,0.14253807432812748,0.15500607540746408,0.20827330733920177,0.7442435969723922,-0.37350529962923085,0.28204325830218724,0.029519417911440124,0.4104019962573814,0.7783578900233467,0.039307073446179,-0.24697453385048695,False,
UNI_LGBM__XS056_CFO_ACCRUALS_PT,monthly,20,10,101,1.9511669370290243,0.13721045764730655,0.1502624141101339,0.2081195885456739,0.7220003420156549,-0.3740408844610622,0.23699137701983064,0.025269163069871658,0.35664814801875155,0.7783578900233467,0.078614146892358,-0.24827020585969017,False,
UNI_LGBM__XS056_CFO_ACCRUALS_PT,monthly,20,20,101,1.7277060909589257,0.1266212266800404,0.14077509151547357,0.2078221669349248,0.677382464015758,-0.37511205412472515,0.15151031071197885,0.016761314185625643,0.24879153518502126,0.7783578900233467,0.157228293784716,-0.2508574854675977,False,
UNI_LGBM__XS056_CFO_ACCRUALS_PT,monthly,50,0,101,1.6850761935793925,0.12451471352767918,0.14002882619402976,0.2099911733695243,0.6668319622540474,-0.4050312709601174,0.1174619808899997,0.013195250536858882,0.3447270120957669,0.7073564429997012,0.0,-0.3210619018283194,False,
UNI_LGBM__XS056_CFO_ACCRUALS_PT,monthly,50,5,101,1.5908329281578149,0.11975114145934151,0.135730901725576,0.20988459650052224,0.6466930112483897,-0.4055707778608826,0.08209116430510077,0.009373714721603617,0.26793250733131735,0.7073564429997012,0.03572150037148491,-0.3218963515257277,False,
UNI_LGBM__XS056_CFO_ACCRUALS_PT,monthly,50,10,101,1.4998565379233488,0.115005577758869,0.13143297725712255,0.2097802620299923,0.6265269000299539,-0.4061700078866409,0.04782313138506655,0.005550273729936007,0.19105279734175865,0.7073564429997012,0.07144300074296982,-0.3227301675749329,False,
UNI_LGBM__XS056_CFO_ACCRUALS_PT,monthly,50,20,101,1.3272608466327478,0.10556823478822475,0.12283712832021514,0.20957833360838124,0.5861155884069056,-0.4073675991234379,-0.01753899751281751,-0.0021023320576014784,0.03721381432125535,0.7073564429997012,0.14288600148593963,-0.32439589960795623,False,
UNI_LGBM__XS056_CFO_ACCRUALS_PT,weekly,5,0,443,1.6490669498516808,0.12114885822489829,0.14069769763209097,0.22916245068487137,0.6139648847863338,-0.3325184185678641,0.03548417991720809,0.004092989726153493,0.08255543053943493,0.36034786051309137,0.0,-0.3224700835377311,False,
UNI_LGBM__XS056_CFO_ACCRUALS_PT,weekly,5,5,443,1.4457867383702778,0.11069074302645698,0.1313090921565818,0.229155521734001,0.5730129964269536,-0.3331201918610791,-0.03758382988685793,-0.004496686806275853,0.021460568102803182,0.36034786051309137,0.07981705110364974,-0.32306863151400467,False,
UNI_LGBM__XS056_CFO_ACCRUALS_PT,weekly,5,10,443,1.2579989120333384,0.10032408217909783,0.12192048668107264,0.22916545750727343,0.5320194762651043,-0.3337216502007181,-0.10553778808658543,-0.013091865318972594,-0.03966314612562438,0.36034786051309137,0.15963410220729948,-0.3236668812118749,False,
UNI_LGBM__XS056_CFO_ACCRUALS_PT,weekly,5,20,443,0.9242981247089119,0.07986213422969812,0.10314327573005484,0.22923591073245578,0.44994379545722524,-0.33492362225840056,-0.2274991395246857,-0.030298763270884103,-0.1618542014005639,0.36034786051309137,0.31926820441459897,-0.32486248595329936,False,
UNI_LGBM__XS056_CFO_ACCRUALS_PT,weekly,10,0,443,1.8141566944124925,0.12913318144136143,0.1467696742551069,0.2237293679587586,0.6560143426595735,-0.3496938075617947,0.10001551189009872,0.01118930617156826,0.15528676753228507,0.31418931566233677,0.0,-0.34118760116144276,False,
UNI_LGBM__XS056_CFO_ACCRUALS_PT,weekly,10,5,443,1.6249271041204527,0.11994477234277334,0.13858236156038284,0.2237122070526537,0.6194671421205262,-0.3505065224845637,0.03290783727821944,0.0038005740803869173,0.09035268256996158,0.31418931566233677,0.06959293341920761,-0.3421108290538457,False,
UNI_LGBM__XS056_CFO_ACCRUALS_PT,weekly,10,10,443,1.4483404227151695,0.11082680644229703,0.13039504886566,0.22370685496192555,0.582883563795365,-0.35131856357824776,-0.030137712490402868,-0.0035920131796112107,0.025381760391814157,0.31418931566233677,0.13918586683841522,-0.3430331370365165,False,
UNI_LGBM__XS056_CFO_ACCRUALS_PT,weekly,10,20,443,1.1297939390418161,0.09280017304566268,0.11402042347621291,0.22373157874662541,0.5096304424926099,-0.35294062561807815,-0.14500376557099792,-0.0183887745824998,-0.1045127065826714,0.31418931566233677,0.27837173367683044,-0.3448749956945085,False,
UNI_LGBM__XS056_CFO_ACCRUALS_PT,weekly,20,0,443,1.1021390169402183,0.09112493273048106,0.11211770145119129,0.22228328940682257,0.5043910486945945,-0.4109096385860772,-0.17830249773408247,-0.023051723692498576,-0.20476095030785407,0.2863151935678236,0.0,-0.4051961282109654,False,
UNI_LGBM__XS056_CFO_ACCRUALS_PT,weekly,20,5,443,0.9729395173397639,0.08303101600005758,0.10466550580471404,0.22228320871928403,0.47086555213845915,-0.41186229464641644,-0.2236490351533108,-0.029715193027925628,-0.2851061019691544,0.2863151935678236,0.06341881537527291,-0.40615802395784695,False,
UNI_LGBM__XS056_CFO_ACCRUALS_PT,weekly,20,10,443,0.8516362021813622,0.07499410419907271,0.09721331015823685,0.22229109866709598,0.43732434965299205,-0.412813685680525,-0.2665104468227325,-0.036381444795509074,-0.3652596634894207,0.2863151935678236,0.12683763075054583,-0.40711864240917417,False,
UNI_LGBM__XS056_CFO_ACCRUALS_PT,weekly,20,20,443,0.6308276306351077,0.059089773771894505,0.08230891886528205,0.22233078621723337,0.3702092736039723,-0.4147126780610111,-0.3453115544956904,-0.049722307529862876,-0.5247513191265549,0.2863151935678236,0.25367526150109165,-0.4090360528684116,False,
UNI_LGBM__XS056_CFO_ACCRUALS_PT,weekly,50,0,443,1.4003372376889387,0.108247919641141,0.1242435843528649,0.20582593101920238,0.6036342638541189,-0.4180077131794938,-0.06174087588377519,-0.007480618629737369,-0.0882499662892581,0.23391810807236538,0.0,-0.4082705755606024,False,
UNI_LGBM__XS056_CFO_ACCRUALS_PT,weekly,50,5,443,1.2791184150523573,0.10152716179926724,0.11814557948027173,0.20578599986791976,0.5741186453699544,-0.41936686714899307,-0.10316775300261194,-0.01278125372735562,-0.1853833573224774,0.23391810807236538,0.051812860938028935,-0.40958919429968077,False,
UNI_LGBM__XS056_CFO_ACCRUALS_PT,weekly,50,10,443,1.1639880003542813,0.09484518708075984,0.11204757460767882,0.2057514007536087,0.5445774570539035,-0.42072339477613796,-0.14277837644839353,-0.018083650282387648,-0.2824563504874772,0.23391810807236538,0.10362572187605787,-0.41090542487895354,False,
UNI_LGBM__XS056_CFO_ACCRUALS_PT,weekly,50,20,443,0.9507909497348914,0.08159673625030339,0.09985156486249296,0.20569820898364968,0.485427487948764,-0.4234285876412013,-0.21686371361733936,-0.028693733985642105,-0.4760048521343645,0.23391810807236538,0.20725144375211574,-0.41353073540892615,False,
UNI_RIDGE__XS001_MOM_255_0,monthly,5,0,101,0.9420585552988112,0.08205413386590266,0.22139983673919747,0.5636392834760489,0.39280412708956536,-0.7977433123610075,-0.19176349431053352,-0.025295115829258197,0.22490908644227156,1.0255252303521012,0.0,-0.7673692703471329,False,
UNI_RIDGE__XS001_MOM_255_0,monthly,5,5,101,0.8440094908126425,0.07541433207965431,0.2151901442439615,0.5634759305477359,0.3818976686986122,-0.8010890847020695,-0.22982823198796054,-0.03102673825802383,0.21178523004644353,1.0255252303521012,0.051789024132781115,-0.7710705616326261,False,
UNI_RIDGE__XS001_MOM_255_0,monthly,5,10,101,0.7508502650287772,0.06881089466445767,0.20898045174872534,0.5633142946431906,0.3709837540712433,-0.8043821520397421,-0.26612532381045007,-0.03676241653445675,0.1986550916110292,1.0255252303521012,0.10357804826556223,-0.7747159555182686,False,
UNI_RIDGE__XS001_MOM_255_0,monthly,5,20,101,0.5782496009184632,0.05571240893234641,0.19656106675825324,0.5629961798051716,0.3491339263194902,-0.810813316352976,-0.3337366168743726,-0.048245966312181476,0.17237676230936017,1.0255252303521012,0.20715609653112446,-0.781842237458763,False,
UNI_RIDGE__XS001_MOM_255_0,monthly,10,0,101,1.2389626987363758,0.10049918619542342,0.2056636573255225,0.4791773142816614,0.4292015736050329,-0.7525954281928716,-0.06819936862443587,-0.008392443803485883,0.24028256833542314,0.9825542916359342,0.0,-0.7053002947800106,False,
UNI_RIDGE__XS001_MOM_255_0,monthly,10,5,101,1.1305451032957063,0.09402841473640078,0.19973221732998053,0.4790954129407589,0.416894447191624,-0.7564873192256545,-0.11015333857554155,-0.013866073857503394,0.22435916457287713,0.9825542916359342,0.04961899172761467,-0.7100203817324184,False,
UNI_RIDGE__XS001_MOM_255_0,monthly,10,10,101,1.0273132084642058,0.08759159723308074,0.19380077733443887,0.4790153767484642,0.40458153692257276,-0.7603209432850797,-0.15024496719483182,-0.019343425869413056,0.2084334923885878,0.9825542916359342,0.09923798345522934,-0.7148712357025819,False,
UNI_RIDGE__XS001_MOM_255_0,monthly,10,20,101,0.8354380398480588,0.07481919363384781,0.1819378973433548,0.4788609035287667,0.37993892590236317,-0.7678166935279579,-0.2251636514053399,-0.030309319013527333,0.1765768000341387,0.9825542916359342,0.19847596691045868,-0.7243419155905588,False,
UNI_RIDGE__XS001_MOM_255_0,monthly,20,0,101,0.8509096027941134,0.07589165661875441,0.15171600380872013,0.39926658235501383,0.379986731956995,-0.6697291995788479,-0.2296974230629124,-0.03100656050621709,0.11411564001191389,0.9144202673531711,0.0,-0.638767800136863,False,
UNI_RIDGE__XS001_MOM_255_0,monthly,20,5,101,0.7673560912146364,0.07000310254957864,0.14619962352638224,0.3992106130413291,0.36622178556973034,-0.6736766737988168,-0.26184340576372744,-0.036071202722160696,0.09410965438517838,0.9144202673531711,0.04617822350133515,-0.6430853322788628,False,
UNI_RIDGE__XS001_MOM_255_0,monthly,20,10,101,0.6875261083689903,0.06414316398722741,0.14068324324404474,0.39915687143778555,0.35245101189739203,-0.6775801050907044,-0.2926678533984466,-0.04113919915632033,0.07410829095065914,0.9144202673531711,0.0923564470026703,-0.6473546926667177,False,
UNI_RIDGE__XS001_MOM_255_0,monthly,20,20,101,0.5383886394533077,0.05250864328385774,0.12965048267936927,0.39905607492393,0.32489289307043845,-0.6852566621369048,-0.35056405597206486,-0.05128527579192155,0.03412276001943489,0.9144202673531711,0.1847128940053406,-0.6557956868121533,False,
UNI_RIDGE__XS001_MOM_255_0,monthly,50,0,101,1.1783849245275921,0.0969186250866727,0.14690994380725336,0.32732233511361636,0.44882346252436356,-0.608578116539727,-0.0934103327405097,-0.01165132726138738,0.13894771146389695,0.8698515354105908,0.0,-0.564971263034718,False,
UNI_RIDGE__XS001_MOM_255_0,monthly,50,5,101,1.0847374001556536,0.09120687115679194,0.14165461427391196,0.32728276223625913,0.4328202723113605,-0.6105515069598859,-0.1292854525325019,-0.016448445802357534,0.11121534149459165,0.8698515354105908,0.043927502538234846,-0.5672920451326235,False,
UNI_RIDGE__XS001_MOM_255_0,monthly,50,10,101,0.9950624472877267,0.08552141440763217,0.13639928474057056,0.32724592519575185,0.41680972699348134,-0.6151745261401758,-0.16376298034992276,-0.021248695812208045,0.08350851963632983,0.8698515354105908,0.08785500507646969,-0.5721276030295787,False,
UNI_RIDGE__XS001_MOM_255_0,monthly,50,20,101,0.8269720255002246,0.0742289669845877,0.12588862567388795,0.32718046225297054,0.38476816374369244,-0.6242674220277878,-0.22873760786805586,-0.030858610253171766,0.02818117948605902,0.8698515354105908,0.17571001015293938,-0.5822376384173404,False,
UNI_RIDGE__XS001_MOM_255_0,weekly,5,0,443,5.079044590622031,0.23596951395227594,0.2867083875739437,0.38642486414394883,0.7419511894222744,-0.539373976734528,1.3762157098192005,0.10159475752980505,0.49275825584375427,0.47079818276000696,0.0,-0.526593884176048,False,
UNI_RIDGE__XS001_MOM_255_0,weekly,5,5,443,4.476928282310047,0.22092947881216674,0.2744511130467893,0.38646632901124933,0.7101553031772673,-0.5409244329097258,1.1551692380822631,0.0901336369474001,0.45680760863913017,0.47079818276000696,0.10428179748134155,-0.5281873578370717,False,
UNI_RIDGE__XS001_MOM_255_0,weekly,5,10,443,3.934239591283583,0.2060664146195168,0.2621938385196346,0.3865132531128748,0.6783566576514395,-0.5424704366166625,0.9546027393591041,0.07866754506000818,0.4208622675967246,0.47079818276000696,0.2085635949626831,-0.5297762554958749,False,
UNI_RIDGE__XS001_MOM_255_0,weekly,5,20,443,3.0043393164849475,0.1768631687896971,0.2376792894653256,0.3866234708368609,0.6147564940919388,-0.5537911770668325,0.6075240774283295,0.05572042453814207,0.348996311130994,0.47079818276000696,0.4171271899253662,-0.5367397254037083,False,
UNI_RIDGE__XS001_MOM_255_0,weekly,10,0,443,3.0399483357175994,0.17808681684210348,0.21923133570059844,0.33093756103897753,0.6624552831426033,-0.5213050427556707,0.5791607643410632,0.053630844907171085,0.35629606712280576,0.41490406581462946,0.0,-0.5127847006896635,False,
UNI_RIDGE__XS001_MOM_255_0,weekly,10,5,443,2.685162804312094,0.16544431816321326,0.2084273663127154,0.33095863382700724,0.6297686327218187,-0.5246019737026102,0.4501101902011022,0.04362360368609184,0.3166462083220236,0.41490406581462946,0.09190125057794042,-0.5162463943786484,False,
UNI_RIDGE__XS001_MOM_255_0,weekly,10,10,443,2.3614269984150758,0.15293317105729898,0.1976233969248328,0.3309842068295686,0.5970780262231472,-0.5278776095677957,0.3315637187266358,0.03361265679132301,0.27700378371848067,0.41490406581462946,0.18380250115588084,-0.5196849521016336,False,
UNI_RIDGE__XS001_MOM_255_0,weekly,10,20,443,1.7965078464436681,0.1282996577902089,0.17601545814906705,0.331048849123147,0.5316902886546239,-0.5357448492769328,0.12264554538839367,0.01357962909781495,0.19775214826607423,0.41490406581462946,0.3676050023117617,-0.5293815017829189,False,
UNI_RIDGE__XS001_MOM_255_0,weekly,20,0,443,2.9804142735994827,0.17603561667773993,0.20148430976437456,0.27910524844505724,0.7218936615734669,-0.43780608003718735,0.5558897105487204,0.05188819919405978,0.36914426814134144,0.3799144055404905,0.0,-0.4177342741129766,False,
UNI_RIDGE__XS001_MOM_255_0,weekly,20,5,443,2.6591152919194094,0.16447434590448484,0.19159039620818769,0.2791293175093167,0.6863857867663536,-0.44431471693972746,0.43986050378132635,0.04279098035917096,0.32261951764296787,0.3799144055404905,0.08415104082721865,-0.42432861419619083,False,
UNI_RIDGE__XS001_MOM_255_0,weekly,20,10,443,2.363660889064908,0.15302308243309937,0.18169648265200136,0.2791578933138768,0.650873527146543,-0.45075017175091436,0.3324486309208674,0.03369063864870619,0.2761110978949109,0.3799144055404905,0.1683020816544373,-0.4308504631376058,False,
UNI_RIDGE__XS001_MOM_255_0,weekly,20,20,443,1.8421647886507322,0.13044653077684476,0.1619086555396279,0.2792285593911323,0.5798427492254927,-0.4634047253172844,0.14097432027454415,0.015480571881023383,0.1831611638891139,0.3799144055404905,0.3366041633088746,-0.44367977585831564,False,
UNI_RIDGE__XS001_MOM_255_0,weekly,50,0,443,1.6455253539140644,0.12097281255623837,0.1412946409144316,0.2315750909244152,0.61014611006047,-0.3532758621415052,0.034099818315755925,0.003935954832538895,0.08731538289591649,0.3383075084833831,0.0,-0.3374515949144692,False,
UNI_RIDGE__XS001_MOM_255_0,weekly,50,5,443,1.454500382993861,0.11115450185639553,0.1324905321098018,0.2316011336006615,0.5720634007700874,-0.3621361253094342,-0.03415501397466514,-0.004079233036494789,0.030011150561466953,0.3383075084833831,0.07493511312906935,-0.3463330305071325,False,
UNI_RIDGE__XS001_MOM_255_0,weekly,50,10,443,1.2772171024023948,0.1014192568370269,0.12368642330517188,0.2316321250343049,0.5339778464962657,-0.3708766304630582,-0.09792487694882035,-0.012097040237552495,-0.027245043165211903,0.3383075084833831,0.1498702262581387,-0.35509698944217316,False,
UNI_RIDGE__XS001_MOM_255_0,weekly,50,20,443,0.9600065474499611,0.08219524995328564,0.10607820569591239,0.23170894591385313,0.4578079852616096,-0.38800473257049795,-0.2131641532044949,-0.028140525801063857,-0.141574238289262,0.3383075084833831,0.2997404525162774,-0.37227858976664885,False,
UNI_RIDGE__XS002_MOM_12_1,monthly,5,0,101,2.0221887561519685,0.1404281037222559,0.24622607744688782,0.4912401360751291,0.501233631710481,-0.7104116062840314,0.25775985134002966,0.02724739519236543,0.32162213934929323,0.9691125799607789,0.0,-0.6267250561222228,False,
UNI_RIDGE__XS002_MOM_12_1,monthly,5,5,101,1.8777995843098054,0.1338140829284069,0.2402649727395233,0.49093613478875847,0.48940168733537043,-0.7134992717668844,0.2019460880624,0.021854493058880424,0.30743656698811117,0.9691125799607789,0.048940185288019335,-0.633726244433396,False,
UNI_RIDGE__XS002_MOM_12_1,monthly,5,10,101,1.7402255892353713,0.1272343538334817,0.23430386803215897,0.4906338956168311,0.47755336540209714,-0.7165555767676806,0.14857461380535186,0.01645802463508885,0.29322968077573835,0.9691125799607789,0.09788037057603867,-0.6405994951831531,False,
UNI_RIDGE__XS002_MOM_12_1,monthly,5,20,101,1.4842667150323932,0.11417714103194765,0.22238165861742987,0.49003471663914916,0.4538079672040601,-0.7225753141524949,0.048741558483932135,0.005654367878671485,0.2647528141646317,0.9691125799607789,0.19576074115207734,-0.6539712507294545,False,
UNI_RIDGE__XS002_MOM_12_1,monthly,10,0,101,3.1349559316124767,0.18370659039544113,0.2556694815135271,0.42415617490291546,0.6027720369084498,-0.6205928260513769,0.7208658947114961,0.06449436728391325,0.4414438969733807,0.9129172902435325,0.0,-0.5710350441957843,False,
UNI_RIDGE__XS002_MOM_12_1,monthly,10,5,101,2.948599396485924,0.17723868178747315,0.2500862377975332,0.4240217852003451,0.5897957287250476,-0.6245649802662241,0.6491779426919548,0.059438845213194716,0.4244753971156799,0.9129172902435325,0.0461023231572984,-0.575105123038526,False,
UNI_RIDGE__XS002_MOM_12_1,monthly,10,10,101,2.7705404218947383,0.1708023788203663,0.2445029940815397,0.4238891738449058,0.5768087725944125,-0.6284979784178311,0.5804344817185907,0.05438017398011584,0.4074926410064042,0.9129172902435325,0.0922046463145968,-0.5792345550676006,False,
UNI_RIDGE__XS002_MOM_12_1,monthly,10,20,101,2.437871160984929,0.15802404171678397,0.2333365066495524,0.42362929283327116,0.5508035223177714,-0.6362479537785373,0.45130888620841736,0.04425336586996156,0.3734860458399502,0.9129172902435325,0.1844092926291936,-0.5885257956806548,False,
UNI_RIDGE__XS002_MOM_12_1,monthly,20,0,101,2.0804026047227704,0.14301616943444917,0.2011460432668203,0.3691740141131499,0.5448542843678323,-0.5962593446207851,0.28198700835505597,0.02951420489806554,0.3439150655267259,0.8563892796831403,0.0,-0.5593461507541773,False,
UNI_RIDGE__XS002_MOM_12_1,monthly,20,5,101,1.9499862672455932,0.13715639317685002,0.1959111651810512,0.369007937643451,0.5309131462921205,-0.6000972068651669,0.23209568626163635,0.024798003506795577,0.3230043706720809,0.8563892796831403,0.04324765862399858,-0.563534901003452,False,
UNI_RIDGE__XS002_MOM_12_1,monthly,20,10,101,1.8250228186580442,0.13132339344946709,0.19067628709528234,0.368843824372954,0.5169567022558611,-0.6039009145718665,0.18411765282320558,0.02007895847091877,0.30207031816522534,0.8563892796831403,0.08649531724799717,-0.5676863740345466,False,
UNI_RIDGE__XS002_MOM_12_1,monthly,20,20,101,1.590563200044155,0.11973729023654434,0.1802065309237442,0.36852149788942234,0.48899869330775514,-0.6114069993687722,0.09361497754076908,0.010632321025382573,0.26013563325049843,0.8563892796831403,0.17299063449599433,-0.5758787250263369,False,
UNI_RIDGE__XS002_MOM_12_1,monthly,50,0,101,1.6320028693693804,0.12185056984543352,0.16115198583603424,0.3023426171228206,0.5330111493034059,-0.5195169335504637,0.09537418235901174,0.010823289973679207,0.25083556234698795,0.7794919228131516,0.0,-0.47576069185033676,False,
UNI_RIDGE__XS002_MOM_12_1,monthly,50,5,101,1.530382001049838,0.11661458903240951,0.15641358169602226,0.30225433863277407,0.5174899470543514,-0.5200362953378506,0.05684313947622699,0.006568668623129411,0.22275853365078546,0.7794919228131516,0.03936434210206415,-0.4801954600566014,False,
UNI_RIDGE__XS002_MOM_12_1,monthly,50,10,101,1.4326336391493917,0.1114002751293317,0.15167517755601004,0.30216834544461546,0.5019558793719199,-0.5240988688938524,0.019646431152252175,0.00231159577173243,0.19467226444429614,0.7794919228131516,0.0787286842041283,-0.4845952597867712,False,
UNI_RIDGE__XS002_MOM_12_1,monthly,50,20,101,1.2481772691075532,0.10103633132819767,0.14219836927598556,0.3020032227307562,0.4708505028198296,-0.5321280967974062,-0.05092439604607224,-0.006209918801119401,0.138482155659252,0.7794919228131516,0.1574573684082566,-0.4932909779753901,False,
UNI_RIDGE__XS002_MOM_12_1,weekly,5,0,443,2.677610175500219,0.16516369356674376,0.22896185946422612,0.3900720006650342,0.5869733256267272,-0.49002173742247823,0.4375277139923701,0.04260065053212956,0.31387387975138464,0.4749097220155962,0.0,-0.4939153086486462,False,
UNI_RIDGE__XS002_MOM_12_1,weekly,5,5,443,2.310331702159611,0.15086211207715072,0.21655642824253593,0.38996947229529244,0.5553163609651864,-0.5017757369409306,0.30261429118691807,0.03103252459165408,0.2773630040268612,0.4749097220155962,0.10519250342645456,-0.5055795689807927,False,
UNI_RIDGE__XS002_MOM_12_1,weekly,5,10,443,1.9796002873141996,0.13673013483240792,0.20415099702084533,0.38987301438279687,0.5236345925199111,-0.5132624646871979,0.18031051716004876,0.019459216270326794,0.24084550924802106,0.4749097220155962,0.21038500685290912,-0.5169785981016134,False,
UNI_RIDGE__XS002_MOM_12_1,weekly,5,20,443,1.4136423800212286,0.10896724244002898,0.17934013457746492,0.3896983276765343,0.4602024741720848,-0.5354579523303064,-0.031054080703774134,-0.003702972761648795,0.16780084435904277,0.4749097220155962,0.42077001370581824,-0.5390046281062701,False,
UNI_RIDGE__XS002_MOM_12_1,weekly,10,0,443,2.004848909286013,0.13785660101022668,0.18772989855441796,0.34103730661578135,0.5504673386537084,-0.5591766847367027,0.17455450070121992,0.018885381992810774,0.22459627281346128,0.4436425299081756,0.0,-0.5360615303959716,False,
UNI_RIDGE__XS002_MOM_12_1,weekly,10,5,443,1.7235652734319378,0.12480469863890198,0.17612748995677757,0.34087637687843453,0.5166902193976006,-0.5717028071559158,0.0717219201442405,0.008130619773503768,0.18321945017081467,0.4436425299081756,0.09826682037466089,-0.5488445286166583,False,
UNI_RIDGE__XS002_MOM_12_1,weekly,10,10,443,1.4685202614505166,0.11189762881047871,0.16452508135913757,0.34072103478262944,0.4828732733337112,-0.5838783560136812,-0.022143863115594575,-0.0026284907257775486,0.14181895479271886,0.4436425299081756,0.19653364074932178,-0.5612805310607814,False,
UNI_RIDGE__XS002_MOM_12_1,weekly,10,20,443,1.027616010045329,0.08651178221931088,0.14132026416385685,0.3404271438372181,0.41512631034918845,-0.6072161283251288,-0.18602263736526004,-0.024159777915714244,0.058960732819377124,0.4436425299081756,0.39306728149864356,-0.5851484253797239,False,
UNI_RIDGE__XS002_MOM_12_1,weekly,20,0,443,1.8782350136043902,0.13212120120298554,0.16557542843288478,0.2868931281111603,0.5771327794534364,-0.4439939364887957,0.1250628538618166,0.013832106135767961,0.18153980526011512,0.4063383778908436,0.0,-0.4255294574685474,False,
UNI_RIDGE__XS002_MOM_12_1,weekly,20,5,443,1.6304565185280078,0.12022143766937554,0.1549414817735661,0.286703651321959,0.5404238176219519,-0.4584992945385178,0.03508365978702632,0.004047578366740577,0.13258698020328039,0.4063383778908436,0.09000395070282184,-0.4343477603869852,False,
UNI_RIDGE__XS002_MOM_12_1,weekly,20,10,443,1.4039320058127784,0.10844261173108705,0.14430753511424713,0.28651987570807486,0.5036562812880635,-0.4726322927812876,-0.04772924036864945,-0.005740644264173089,0.08360821739465668,0.4063383778908436,0.18000790140564368,-0.44719594800970697,False,
UNI_RIDGE__XS002_MOM_12_1,weekly,20,20,443,1.0075332438832367,0.08524302690594965,0.1230396417956097,0.2861694716004773,0.42995376518493905,-0.49981860302384384,-0.19408477386154188,-0.0253281929249702,-0.014403301401744778,0.4063383778908436,0.36001580281128737,-0.47480652330400597,False,
UNI_RIDGE__XS002_MOM_12_1,weekly,50,0,443,1.7154461382587298,0.12441058563619412,0.14492465323026188,0.2345700051097547,0.6178311381391324,-0.36855406363458454,0.061430900318175885,0.00699803836702211,0.11195175663015554,0.3735265724918399,0.0,-0.3480158813362467,False,
UNI_RIDGE__XS002_MOM_12_1,weekly,50,5,443,1.4997887267422096,0.11354169386552515,0.13515155956578656,0.23437263038218897,0.5766524843169457,-0.3691053841136358,-0.016334067586630918,-0.0019331486138753136,0.04850094046405119,0.3735265724918399,0.08273613580694256,-0.34854195408702004,False,
UNI_RIDGE__XS002_MOM_12_1,weekly,50,10,443,1.301194493104329,0.10277426010002877,0.1253784659013118,0.23418164476559733,0.5353898083122979,-0.36965632186553476,-0.08842670145862275,-0.010867562495895657,-0.015022896940313403,0.3735265724918399,0.1654722716138851,-0.3490676886433294,False,
UNI_RIDGE__XS002_MOM_12_1,weekly,50,20,443,0.949921056861124,0.08154011160353658,0.10583227857236144,0.2338189029658727,0.45262498981020494,-0.3796208897125841,-0.2172129282140136,-0.028746088183052725,-0.1422327092990789,0.3735265724918399,0.3309445432277702,-0.36476831597797654,False,
UNI_RIDGE__XS003_MOM_12_7,monthly,5,0,101,1.2810204479238063,0.1029352102108938,0.17675568977935321,0.40009993034523256,0.4417788566642257,-0.6119113849550283,-0.05069597865317932,-0.006181327364596416,0.20661893540185716,1.1590319916494147,0.0,-0.5368165052208006,False,
UNI_RIDGE__XS003_MOM_12_7,monthly,5,5,101,1.1512987721059988,0.09528918526254926,0.16968509656642206,0.39984086018992004,0.4243815814267293,-0.6124682133348945,-0.10148533015150984,-0.01271432623941545,0.18140795281497635,1.1590319916494147,0.05853111557829544,-0.5376660870768792,False,
UNI_RIDGE__XS003_MOM_12_7,monthly,5,10,101,1.0288729184143053,0.08769097781644852,0.16261450335349084,0.3995836976669181,0.4069598041735971,-0.6130246484250415,-0.1495912096134765,-0.019252053295957975,0.1561498674018653,1.1590319916494147,0.11706223115659088,-0.5385146682580314,False,
UNI_RIDGE__XS003_MOM_12_7,monthly,5,20,101,0.8043079586967088,0.07263694720740088,0.14847331692762852,0.3990751102417444,0.3720435404695849,-0.6141363387361768,-0.23830531998096005,-0.03234172110651564,0.10549547010772466,1.1590319916494147,0.23412446231318176,-0.5423333717538333,False,
UNI_RIDGE__XS003_MOM_12_7,monthly,10,0,101,1.4402976413496154,0.11181571408357782,0.1893508993578416,0.40323846222110277,0.4695754921662636,-0.6172198927431923,0.015591230812910029,0.0018381310481641571,0.2478097191096741,1.0628853642991496,0.0,-0.574689342973536,False,
UNI_RIDGE__XS003_MOM_12_7,monthly,10,5,101,1.3127279236413445,0.10474570567628327,0.18287511899617365,0.40304990818153374,0.45372822393450757,-0.6210900561331107,-0.03406258874692536,-0.00411757289491168,0.2254612156310939,1.0628853642991496,0.053675710897107064,-0.5789895187218584,False,
UNI_RIDGE__XS003_MOM_12_7,monthly,10,10,101,1.1917544264589202,0.09771633216066622,0.17639933863450546,0.40286282036780535,0.43786452786448876,-0.6249233783592899,-0.08131888709619917,-0.010077173515068517,0.2030866896191442,1.0628853642991496,0.10735142179421413,-0.5832487598989776,False,
UNI_RIDGE__XS003_MOM_12_7,monthly,10,20,101,0.9682638709959774,0.08377865306363663,0.16344777791116916,0.40249305158026405,0.406088446171784,-0.6324808135524691,-0.16909077955060758,-0.02200808690262528,0.15826174186165956,1.0628853642991496,0.21470284358842825,-0.5916458987954606,False,
UNI_RIDGE__XS003_MOM_12_7,monthly,20,0,101,1.4724644746464404,0.11354692250489196,0.17289410064563154,0.35471377728875,0.48741862232458316,-0.5830296440085007,0.028978267404564217,0.003394020180201656,0.2382425294699241,1.0123553477877711,0.0,-0.5369471180725933,False,
UNI_RIDGE__XS003_MOM_12_7,monthly,20,5,101,1.3492038030674807,0.10680161856487236,0.16670507961012082,0.3544773934587643,0.47028409339032584,-0.5868117951153042,-0.018828018270260594,-0.0022583194588236713,0.2110957265367215,1.0123553477877711,0.05112394506328243,-0.5411472631062273,False,
UNI_RIDGE__XS003_MOM_12_7,monthly,20,10,101,1.23202103374165,0.1000932475550762,0.1605160585746101,0.35424248410847675,0.45312481075944744,-0.59056171664014,-0.06444100554852583,-0.00791418692783219,0.18390094293368975,1.0123553477877711,0.10224789012656486,-0.5453116166247116,False,
UNI_RIDGE__XS003_MOM_12_7,monthly,20,20,101,1.0147178976621665,0.08678657926146616,0.14813801650358896,0.35377710057728234,0.4187326321060973,-0.5979658985179197,-0.14948005577889845,-0.01923652484266351,0.12937113978631642,1.0123553477877711,0.20449578025312973,-0.5535340902551641,False,
UNI_RIDGE__XS003_MOM_12_7,monthly,50,0,101,1.945353976102158,0.13694408995585272,0.17603837943761635,0.30588991370138474,0.575495861591135,-0.5273206676970373,0.22578312542028778,0.02418771395617235,0.3474617441998236,0.9140785019396774,0.0,-0.481456913595551,False,
UNI_RIDGE__XS003_MOM_12_7,monthly,50,5,101,1.8124481991504666,0.13072391607494382,0.1704614849800302,0.30573675383499244,0.5575433206569238,-0.5276312854364189,0.17465133057824822,0.019125310529906223,0.3141288503859449,0.9140785019396774,0.04616096434795371,-0.4819818048695833,False,
UNI_RIDGE__XS003_MOM_12_7,monthly,50,10,101,1.6854714160351554,0.12453437797974543,0.16488459052244409,0.30558538099004834,0.5395696285870877,-0.5279418012906717,0.12562422111333404,0.014059930097651031,0.28075044242468467,0.9140785019396774,0.09232192869590743,-0.48250634228766986,False,
UNI_RIDGE__XS003_MOM_12_7,monthly,50,20,101,1.4482703702765725,0.11224666970829156,0.15373080160727146,0.3052880069659619,0.5035599109676511,-0.5285625273437902,0.033545580342571935,0.0039202220272576815,0.21386662654141975,0.9140785019396774,0.18464385739181485,-0.4835543560325951,False,
UNI_RIDGE__XS003_MOM_12_7,weekly,5,0,443,2.862134958549446,0.17187875191393154,0.22669054606170286,0.3711542724092388,0.6107717542632821,-0.5393118278576328,0.5096559377282122,0.04834729569038465,0.3384607021653442,0.561689847862416,0.0,-0.52893545049694,False,
UNI_RIDGE__XS003_MOM_12_7,weekly,5,5,443,2.410230255136601,0.15488554300878143,0.21200302992355116,0.37099001364202816,0.5714521203476783,-0.5537722856059981,0.34192433455563753,0.03452244249865438,0.2903732294527169,0.561689847862416,0.12441430130152514,-0.5435759555558368,False,
UNI_RIDGE__XS003_MOM_12_7,weekly,5,10,443,2.011045709079306,0.13813179380404428,0.1973155137853991,0.3708312508256375,0.5320897668308315,-0.5677850029723427,0.19276700744295816,0.020691518882954108,0.24224130125361884,0.561689847862416,0.2488286026030503,-0.5578200374402695,False,
UNI_RIDGE__XS003_MOM_12_7,weekly,5,20,443,1.347019548421391,0.10532960703667582,0.16794048150909519,0.3705302410592662,0.4532436570601889,-0.5945215017886034,-0.05779951795038352,-0.0069885653655527985,0.1458580083895238,0.561689847862416,0.4976572052061006,-0.585006196829454,False,
UNI_RIDGE__XS003_MOM_12_7,weekly,10,0,443,4.184072552068903,0.21307919684255072,0.24401197211314207,0.31878598982832,0.7654413302308329,-0.4319379841432557,1.0263833330112444,0.08290098177607068,0.5029017711414785,0.5313890371471206,0.0,-0.41572405896223397,False,
UNI_RIDGE__XS003_MOM_12_7,weekly,10,5,443,3.6083395557842,0.19643149977472896,0.23014208810320053,0.31873510530024485,0.7220481342537066,-0.4448312887363076,0.8133798978785955,0.06986457662314868,0.44556891410435173,0.5313890371471206,0.11770267172808722,-0.42963262700591387,False,
UNI_RIDGE__XS003_MOM_12_7,weekly,10,10,443,3.0963768636569604,0.18000653689467772,0.21627220409325856,0.3186879849787337,0.6786330652148388,-0.4579898277579061,0.6226997678214317,0.0568233563093654,0.3882479735825707,0.5313890371471206,0.23540534345617445,-0.44321549496195456,False,
UNI_RIDGE__XS003_MOM_12_7,weekly,10,20,443,2.236359823233834,0.14781323260727053,0.188532436073375,0.31860504350250635,0.5917434137287656,-0.4876335088301179,0.2992221507434354,0.03072645252794323,0.2736574207674584,0.5313890371471206,0.4708106869123489,-0.4705110831284812,False,
UNI_RIDGE__XS003_MOM_12_7,weekly,20,0,443,5.506391142073736,0.24586527332079466,0.2584678790931162,0.27726333357317834,0.932210818365922,-0.3517371061104615,1.5432596546297384,0.1095693510538411,0.7501489465466477,0.48633433782531144,0.0,-0.33668427149847746,False,
UNI_RIDGE__XS003_MOM_12_7,weekly,20,5,443,4.841835096032555,0.23020842832417743,0.24576846407693478,0.2772224578415637,0.8865387962810527,-0.3614946722861444,1.298759933297592,0.09770480934814717,0.6809230228673878,0.48633433782531144,0.10772305582830649,-0.346559141299439,False,
UNI_RIDGE__XS003_MOM_12_7,weekly,20,10,443,4.2449785789172125,0.214743517217578,0.23306904906075365,0.27718485647627306,0.8408433708235583,-0.37110853232668317,1.0776959263067565,0.08583633567403512,0.6117097228560241,0.48633433782531144,0.21544611165661298,-0.35629022257090737,False,
UNI_RIDGE__XS003_MOM_12_7,weekly,20,20,443,3.2275467410575587,0.18438034416180704,0.20767021902839133,0.27711948206004255,0.749388738332717,-0.3909500717050396,0.6971296979570591,0.06208757873193278,0.4733459144257842,0.48633433782531144,0.43089222331322596,-0.37689125541448465,False,
UNI_RIDGE__XS003_MOM_12_7,weekly,50,0,443,3.6436592736195736,0.1975042431553642,0.20791096015179297,0.23427670717249047,0.8874589482714333,-0.3468558419382821,0.8151431450338098,0.06997865752707699,0.6761693258218185,0.4336131889666279,0.0,-0.3327022742651782,False,
UNI_RIDGE__XS003_MOM_12_7,weekly,50,5,443,3.2183496795329694,0.1840776048593855,0.196588081681021,0.2342083610043362,0.8393726032580933,-0.3475236862967964,0.6599190269055593,0.05948527935602834,0.5857357239268091,0.4336131889666279,0.0960453213561081,-0.33334400938108955,False,
UNI_RIDGE__XS003_MOM_12_7,weekly,50,10,443,2.8318912225435393,0.17079782597774318,0.18526520321024859,0.2341430835463265,0.7912478148157334,-0.34819099467465653,0.5179289416226647,0.048988797070726744,0.4952922822251281,0.4336131889666279,0.1920906427122162,-0.33398526121627503,False,
UNI_RIDGE__XS003_MOM_12_7,weekly,50,20,443,2.1616909048908397,0.14467259443749736,0.16261944626870434,0.23402174491176408,0.6948903245295373,-0.3495240047531534,0.2692466480237372,0.027986509626200258,0.31443234809720705,0.4336131889666279,0.3841812854244324,-0.335266316114638,False,
UNI_RIDGE__XS004_HIGH_52W,monthly,5,0,101,-0.019709469942425395,-0.0023623093464243405,0.07854625033615752,0.41217169458020825,0.19056682292595536,-0.5627001361727423,-0.5920274440683366,-0.1065214303026217,-0.14502660880201515,1.2346327743836485,0.0,-0.5174679232870737,False,
UNI_RIDGE__XS004_HIGH_52W,monthly,5,5,101,-0.07898614763025624,-0.009728237170793852,0.07111919258616191,0.41207767314081395,0.17258686219056393,-0.5630852756957212,-0.6153279738649373,-0.1135086163864317,-0.16800826749311734,1.2346327743836485,0.06234895510637425,-0.5183750069061734,False,
UNI_RIDGE__XS004_HIGH_52W,monthly,5,10,101,-0.13472169346843754,-0.017045615430172134,0.06369213483616637,0.41198702425164824,0.15459742925607817,-0.5701883164798258,-0.6373157375572287,-0.12050169785896792,-0.19098651020375926,1.2346327743836485,0.1246979102127485,-0.5192810537767683,False,
UNI_RIDGE__XS004_HIGH_52W,monthly,5,20,101,-0.2363930669483315,-0.03153585189532471,0.04883801933617511,0.4118158529495323,0.11859188757884014,-0.585498931545128,-0.6776407620840741,-0.13450558926015202,-0.23692852971755785,1.2346327743836485,0.249395820425497,-0.5243247254288418,False,
UNI_RIDGE__XS004_HIGH_52W,monthly,10,0,101,0.2688759461716441,0.028696886781228503,0.09976169301680603,0.3808105234218682,0.2619719962578039,-0.5761414316908475,-0.47192536595304146,-0.07586348351328898,-0.0881979676271017,1.18687739655034,0.0,-0.5146778985124271,False,
UNI_RIDGE__XS004_HIGH_52W,monthly,10,5,101,0.1950293884690184,0.021394453883180953,0.09259466997321067,0.3807039271150357,0.24321963441483413,-0.5762384553094135,-0.5008822343219475,-0.0825639454707565,-0.11413185689043097,1.18687739655034,0.05993730852579218,-0.5210042513901754,False,
UNI_RIDGE__XS004_HIGH_52W,monthly,10,10,101,0.12542798354231444,0.014138227614625576,0.08542764692961516,0.3806009289898905,0.22445464638338883,-0.5776987954070681,-0.5282731404885731,-0.08926991861900131,-0.1400736596891262,1.18687739655034,0.11987461705158436,-0.52725344374375,False,
UNI_RIDGE__XS004_HIGH_52W,monthly,10,20,101,-0.0019899345304833504,-0.00023663541295582124,0.07109360084242412,0.38040573887342205,0.18688887568565343,-0.5886598602179572,-0.5786866904790033,-0.10269843789431746,-0.19197457041969374,1.18687739655034,0.23974923410316873,-0.5395238459729936,False,
UNI_RIDGE__XS004_HIGH_52W,monthly,20,0,101,0.19777709023037437,0.02167319743150542,0.0810358814403536,0.33662101851158516,0.24073327862491947,-0.6231177817406831,-0.5015149428109075,-0.08271465333599763,-0.2014336839234183,1.1507742172476185,0.0,-0.5767667412337882,False,
UNI_RIDGE__XS004_HIGH_52W,monthly,20,5,101,0.13012874702535737,0.014640581583541978,0.07410972243334862,0.33659146519131095,0.22017706952618757,-0.6233370953208748,-0.527988733510166,-0.0891983078019334,-0.2327930894363202,1.1507742172476185,0.05811409797100474,-0.5821545867057808,False,
UNI_RIDGE__XS004_HIGH_52W,monthly,20,10,101,0.06625461743078986,0.007651159335920754,0.06718356342634363,0.3365655524733925,0.1996150911244991,-0.6272926000084547,-0.5530758524974313,-0.09568709597892355,-0.26413160884435544,1.1507742172476185,0.11622819594200948,-0.5874783415917555,False,
UNI_RIDGE__XS004_HIGH_52W,monthly,20,20,101,-0.050991618636275104,-0.006199040660899491,0.053331245412333396,0.3365246520904262,0.15847648925881058,-0.6367413147082175,-0.5993729164170165,-0.10868010896905742,-0.32673514877160964,1.1507742172476185,0.23245639188401895,-0.5979364099259528,False,
UNI_RIDGE__XS004_HIGH_52W,monthly,50,0,101,0.46784417111928067,0.04665501507936143,0.089757406817255,0.28949969823369887,0.31004317919805996,-0.5803927441424508,-0.3891197355892486,-0.05855694720107152,-0.21127334378729143,1.0399786894341285,0.0,-0.5207103549156009,False,
UNI_RIDGE__XS004_HIGH_52W,monthly,50,5,101,0.39271857861090353,0.04014210623939363,0.08348323244839764,0.28944441279999383,0.28842578663311275,-0.5806198022503819,-0.41831507084094766,-0.06437540633721298,-0.24872491837556976,1.0399786894341285,0.05251892381642347,-0.5214487386822626,False,
UNI_RIDGE__XS004_HIGH_52W,monthly,50,10,101,0.32138982639206626,0.033665249021249455,0.07720905807954019,0.28939290063499634,0.26679665572350003,-0.5808467994909909,-0.44613508628751564,-0.07019815366720339,-0.2861536450529476,1.0399786894341285,0.10503784763284695,-0.5221865343563032,False,
UNI_RIDGE__XS004_HIGH_52W,monthly,50,20,101,0.1893743109664996,0.020818986677379137,0.06466070934182536,0.2893012040257758,0.2235065338202474,-0.5838076233027534,-0.49790162990309306,-0.08185654124186242,-0.36092217299673934,1.0399786894341285,0.2100756952656939,-0.5236603622608178,False,
UNI_RIDGE__XS004_HIGH_52W,weekly,5,0,443,1.133751238903569,0.09303832047659277,0.1449795373280921,0.3352102667585827,0.4325032724385673,-0.5493407631451973,-0.16594571085222953,-0.021299667629141164,0.057573647806665275,0.8059173738941312,0.0,-0.5194751858064821,False,
UNI_RIDGE__XS004_HIGH_52W,weekly,5,5,443,0.7848044208468219,0.0703654528112101,0.12395573332143095,0.3350972517310819,0.3699097282388528,-0.5523023764935264,-0.2976801255137287,-0.04147866475849991,-0.015684103428774045,0.8059173738941312,0.17851069831755007,-0.522749231002984,False,
UNI_RIDGE__XS004_HIGH_52W,weekly,5,10,443,0.49273782174973535,0.048147606054458336,0.10293192931477,0.3350026166092114,0.30725709057622835,-0.555245337763711,-0.40868103756227037,-0.061672200441247015,-0.08896619997870835,0.8059173738941312,0.35702139663510013,-0.5260018608239229,False,
UNI_RIDGE__XS004_HIGH_52W,weekly,5,20,443,0.04377565039268072,0.005041827155931822,0.06088432130144876,0.33486854538669075,0.18181558746027443,-0.6192872431711219,-0.5809809417168673,-0.1021029830619732,-0.23553241767757824,0.8059173738941312,0.7140427932702003,-0.6152489584119073,False,
UNI_RIDGE__XS004_HIGH_52W,weekly,10,0,443,1.0145019855504134,0.08568455045972834,0.12824037715352574,0.3024097183004115,0.42406169310383307,-0.5639094105046565,-0.2125586193410256,-0.02805022598688937,-0.0034889511105812175,0.7659895319131969,0.0,-0.5311570962267138,False,
UNI_RIDGE__XS004_HIGH_52W,weekly,10,5,443,0.7000386371450986,0.06426945117762362,0.1082856116738465,0.30237359260942326,0.3581186132669968,-0.5660624464731564,-0.33103542981193257,-0.047190197155880485,-0.083839057341531,0.7659895319131969,0.16966668131877308,-0.5335808998357201,False,
UNI_RIDGE__XS004_HIGH_52W,weekly,10,10,443,0.43450684839384723,0.04326343857998305,0.08833084619416708,0.3023545190979585,0.29214329740363215,-0.5682052466746803,-0.4317481014798853,-0.06634290003058763,-0.16418600543037204,0.7659895319131969,0.33933336263754615,-0.5359926217905129,False,
UNI_RIDGE__XS004_HIGH_52W,weekly,10,20,443,0.021052861472238726,0.0024485554163773404,0.048421315234808485,0.3023675386365298,0.16014058735655087,-0.572460326858788,-0.5901029035210437,-0.10468658017862144,-0.32478316777854865,0.7659895319131969,0.6786667252750923,-0.5407800525537407,False,
UNI_RIDGE__XS004_HIGH_52W,weekly,20,0,443,1.108461067611489,0.09150960859693247,0.12249281058339108,0.2636915372576644,0.46453068557789196,-0.3607288965981057,-0.17583129425804556,-0.022699236033066776,-0.034451760937978505,0.705191303047442,0.0,-0.32319808943085104,False,
UNI_RIDGE__XS004_HIGH_52W,weekly,20,5,443,0.8034693181791217,0.07167334170283257,0.10412382192011116,0.26367112233468376,0.39490036299062137,-0.38270014741518743,-0.2903354953690399,-0.040257501950894385,-0.1265174494714493,0.705191303047442,0.15619987362500842,-0.35911089038936805,False,
UNI_RIDGE__XS004_HIGH_52W,weekly,20,10,443,0.5424522264097977,0.05218612929138611,0.08575483325683164,0.263667411408363,0.32523865121888806,-0.4301874388232434,-0.3889876461619356,-0.05782659424447747,-0.21855391816866623,0.705191303047442,0.31239974725001685,-0.40811482557193046,False,
UNI_RIDGE__XS004_HIGH_52W,weekly,20,20,443,0.12796802955092645,0.014235190887658788,0.04901685593027216,0.2637101011921955,0.18587401737238726,-0.514570798127614,-0.5471822883221161,-0.09299732081718456,-0.4024061129728714,0.705191303047442,0.6247994945000337,-0.49525837516197446,False,
UNI_RIDGE__XS004_HIGH_52W,weekly,50,0,443,1.13515578670017,0.09312275141497883,0.11565991433259877,0.22986444017744354,0.5031657538822241,-0.3120587278019823,-0.1653966922540422,-0.02122242635034126,-0.09219273215570194,0.5372131661384917,0.0,-0.2890098553973873,False,
UNI_RIDGE__XS004_HIGH_52W,weekly,50,5,443,0.8955735485565854,0.07795742944393003,0.1016729214207764,0.22986962672853806,0.44230689746952034,-0.31390842633419913,-0.25409251503864505,-0.034410818207290805,-0.18295117432977212,0.5372131661384917,0.11899271629967592,-0.2934392243312003,False,
UNI_RIDGE__XS004_HIGH_52W,weekly,50,10,443,0.6827887488843087,0.06299614896014094,0.08768592850895347,0.22988447974885212,0.38143474759474844,-0.3447212531429684,-0.3333960709685967,-0.047605145344122295,-0.27369476925604574,0.5372131661384917,0.23798543259935184,-0.31996994163019954,False,
UNI_RIDGE__XS004_HIGH_52W,weekly,50,20,443,0.325992555302433,0.03367510106997518,0.059711942685309424,0.2299431764852613,0.25968129864961126,-0.4151788566548087,-0.46768622969482154,-0.0740116316570572,-0.45502357310095226,0.5372131661384917,0.4759708651987037,-0.39266649436472356,False,
UNI_RIDGE__XS007_ST_REV_21,monthly,5,0,101,1.6774931450621726,0.12413692109853902,0.22492799977172456,0.47036486720932935,0.4781989800943689,-0.6678356324464378,0.11430610455490764,0.012859233675129667,0.28913809332738233,1.9078958152130063,0.0,-0.6528856473844238,False,
UNI_RIDGE__XS007_ST_REV_21,monthly,5,5,101,1.431444955564226,0.11133573743459868,0.21326438612552812,0.46992342872321147,0.4538279495980237,-0.6752514890535941,0.015520944756957977,0.0018299081458225395,0.25767052637049576,1.9078958152130063,0.09634873866825683,-0.6606834836280873,False,
UNI_RIDGE__XS007_ST_REV_21,monthly,5,10,101,1.2078017060548611,0.09866816941317391,0.2016007724793315,0.46948225566701407,0.4294108457686189,-0.6825085987381163,-0.0745926168077441,-0.009210442474658506,0.22612940574857476,1.9078958152130063,0.19269747733651366,-0.6683133545144468,False,
UNI_RIDGE__XS007_ST_REV_21,monthly,5,20,101,0.8198250429983054,0.07372882042652962,0.17827354518693828,0.46860070884265786,0.38043806128086155,-0.6965595220069357,-0.23175473059572493,-0.03132430522169301,0.16282613440006083,1.9078958152130063,0.3853949546730273,-0.6830829818813029,False,
UNI_RIDGE__XS007_ST_REV_21,monthly,10,0,101,2.506879962463221,0.1607617198572735,0.23495541093834144,0.40373464847816026,0.5819550336439633,-0.6538397152144919,0.4594762856146595,0.04492011836267618,0.4073916879584389,1.877162580759076,0.0,-0.5840476512869047,False,
UNI_RIDGE__XS007_ST_REV_21,monthly,10,5,101,2.189566705604377,0.14775530721301577,0.22348784708746688,0.4034054214312588,0.5540030827908685,-0.6541858754992774,0.33215921126582026,0.03407537738051173,0.3677311881238868,1.877162580759076,0.09479671032833334,-0.5848791400319822,False,
UNI_RIDGE__XS007_ST_REV_21,monthly,10,10,101,1.9007037867873726,0.1348824938862978,0.21202028323659228,0.4030764752491928,0.5260051038838611,-0.6545320357840629,0.21583958078528132,0.02321998231425318,0.32798577115258165,1.877162580759076,0.18959342065666668,-0.5857097968723621,False,
UNI_RIDGE__XS007_ST_REV_21,monthly,10,20,101,1.3984417719298698,0.10953268541896244,0.18908515553484323,0.40241942823399823,0.46987084188414047,-0.655224356353634,0.012510269773468252,0.0014771480712782914,0.24824039876044587,1.877162580759076,0.37918684131333336,-0.58736861483903,False,
UNI_RIDGE__XS007_ST_REV_21,monthly,20,0,101,2.643366391144593,0.1660393579330457,0.21671616139176103,0.35068846927136216,0.6179734447557966,-0.5906624008989214,0.5162785452017804,0.04945651571680443,0.44790108493351366,1.8345218657606677,0.0,-0.5087939443454883,False,
UNI_RIDGE__XS007_ST_REV_21,monthly,20,5,101,2.3208535703401507,0.15326911217787975,0.2055213259324158,0.3504204800604465,0.5864991849134045,-0.5909802798645339,0.38699267998389586,0.038867864997582394,0.3970228946297666,1.8345218657606677,0.09264335422091373,-0.5096457086597181,False,
UNI_RIDGE__XS007_ST_REV_21,monthly,20,10,101,2.0266298455405742,0.14062708613669583,0.19432649047307043,0.350152754182154,0.5549763300504534,-0.5912981588301465,0.26862190457229773,0.028269053084851902,0.34604165639584833,1.8345218657606677,0.18528670844182746,-0.510496741951572,False,
UNI_RIDGE__XS007_ST_REV_21,monthly,20,20,101,1.513427233787072,0.11572302089104092,0.17193681955438,0.34961809484265943,0.4917846704466416,-0.5919339167613715,0.06105176966211645,0.007040869510572766,0.24377141660324045,1.8345218657606677,0.3705734168836549,-0.5121966154681524,False,
UNI_RIDGE__XS007_ST_REV_21,monthly,50,0,101,2.50078531039424,0.1605218565887232,0.19032640188981184,0.2813016071604889,0.6765919463134327,-0.5215480744605461,0.45693984289093903,0.04471345402244822,0.5302157446961724,1.7384816944249815,0.0,-0.43744686284298306,False,
UNI_RIDGE__XS007_ST_REV_21,monthly,50,5,101,2.2064212404759527,0.1484742350481849,0.17973108426397247,0.2810727306314853,0.6394468928386298,-0.5219060114896302,0.339198701564398,0.034701558557461674,0.4511821421760793,1.7384816944249815,0.08779332556846157,-0.43839208817572317,False,
UNI_RIDGE__XS007_ST_REV_21,monthly,50,10,101,1.936582100531612,0.13654125744679146,0.16913576663813276,0.28084418411822754,0.6022405882079129,-0.5222639485187147,0.23087809459037034,0.0246805322045092,0.3719176265254244,1.7384816944249815,0.17558665113692315,-0.4393365283416223,False,
UNI_RIDGE__XS007_ST_REV_21,monthly,50,20,101,1.4625466438771908,0.11301527492887864,0.147945131386454,0.2803880843657645,0.5276441462236336,-0.5229798225768834,0.03957235731247488,0.004611021825460792,0.21270238345031403,1.7384816944249815,0.3511733022738463,-0.44122305317289645,False,
UNI_RIDGE__XS007_ST_REV_21,weekly,5,0,443,3.5304839821623224,0.19404097557630529,0.2666615483241778,0.4306973957963718,0.619138984648637,-0.7043616640777596,0.7709044654987156,0.06708239617031768,0.43550752393831266,1.1017130572486242,0.0,-0.6794907156667294,False,
UNI_RIDGE__XS007_ST_REV_21,weekly,5,5,443,2.5491958404153197,0.16031277748122474,0.2378959947269395,0.4305406828090171,0.5525517197929177,-0.7053253050319075,0.39660724057653596,0.03921080493018093,0.3470827374915889,1.1017130572486242,0.24402944218057027,-0.6813051464734727,False,
UNI_RIDGE__XS007_ST_REV_21,weekly,5,10,443,1.780015859038481,0.12751656356171437,0.20913044112970114,0.43039010780864,0.4859090330735126,-0.7067762258844019,0.10124904010281943,0.011320860913042727,0.25857842199536785,1.1017130572486242,0.48805888436114053,-0.6831105085881184,False,
UNI_RIDGE__XS007_ST_REV_21,weekly,5,20,443,0.7048153193110838,0.06462002611897377,0.15159933393522473,0.4301073972919891,0.3524685575968082,-0.710092267890914,-0.3156095283736121,-0.04451419025527571,0.08135925533815057,1.1017130572486242,0.9761177687222811,-0.6866941841209547,False,
UNI_RIDGE__XS007_ST_REV_21,weekly,10,0,443,1.7162664647867398,0.12445045251300368,0.18967078849799077,0.3816514621840994,0.4969738289814232,-0.7056712686322855,0.061751554781884765,0.007033493538451588,0.23427067256253373,1.0517005853267085,0.0,-0.6768872525558612,False,
UNI_RIDGE__XS007_ST_REV_21,weekly,10,5,443,1.1516572819823234,0.09411104435786477,0.1622084532367667,0.3814290060988054,0.42526512311113585,-0.707170435672154,-0.15332366136659314,-0.019536597684532166,0.13121570341191047,1.0517005853267085,0.2329516796498659,-0.6785330313382405,False,
UNI_RIDGE__XS007_ST_REV_21,weekly,10,10,443,0.7041761482853193,0.0645731657334978,0.13474611797554256,0.38121092193875017,0.35346867107126706,-0.7086629310961977,-0.32492386999747813,-0.04612268641666766,0.02803407407882135,1.0517005853267085,0.4659033592997318,-0.6801714860510022,False,
UNI_RIDGE__XS007_ST_REV_21,weekly,10,20,443,0.06860924143929292,0.007819619038517356,0.07982144745309472,0.3807878992903448,0.2096218067902208,-0.7116280089860628,-0.5710116078564484,-0.09934293849831348,-0.17867823756359177,1.0517005853267085,0.9318067185994636,-0.6834265351212312,False,
UNI_RIDGE__XS007_ST_REV_21,weekly,20,0,443,2.7502877241984915,0.16784325466150918,0.21646857416664542,0.3550813064541512,0.6096310062850245,-0.6604391977853818,0.4659363776225727,0.04489773950998431,0.3946941542118233,0.9994355568921213,0.0,-0.6032833676805558,False,
UNI_RIDGE__XS007_ST_REV_21,weekly,20,5,443,2.005360725397067,0.1378793491464796,0.19037975063296203,0.3549208453932564,0.5364005893258228,-0.6619512455516319,0.182608325479936,0.019687510398853515,0.280603876372018,0.9994355568921213,0.22137497585160487,-0.6050499275832906,False,
UNI_RIDGE__XS007_ST_REV_21,weekly,20,10,443,1.408110893974043,0.10866861694816254,0.16429092709927826,0.35476353451086506,0.4630998147140363,-0.6634573554696896,-0.04607385536021158,-0.005536770669620087,0.1663573348138977,0.9994355568921213,0.44274995170320974,-0.6068095501625101,False,
UNI_RIDGE__XS007_ST_REV_21,weekly,20,20,443,0.5455375615409501,0.05243296032057465,0.11211328003191122,0.3544583799744346,0.3162946240401973,-0.6664518426994442,-0.37955087059708603,-0.05602755387925821,-0.06257410224034345,0.9994355568921213,0.8854999034064195,-0.6103080779123681,False,
UNI_RIDGE__XS007_ST_REV_21,weekly,50,0,443,3.2630293995065145,0.18554290417742103,0.21514346233664572,0.30102571824269303,0.7147012673621219,-0.585837505369473,0.6663601129288574,0.05993988054062342,0.5499332952340228,0.9051822402649092,0.0,-0.5528553684550118,False,
UNI_RIDGE__XS007_ST_REV_21,weekly,50,5,443,2.488365998071563,0.15796060372648268,0.19152593537043877,0.3009416488912011,0.6364221638184776,-0.587419824822053,0.37267072028284143,0.0371815580079108,0.40425562019602795,0.9051822402649092,0.20049786621867738,-0.5545636970887806,False,
UNI_RIDGE__XS007_ST_REV_21,weekly,50,10,443,1.8541934183220294,0.1310070710214324,0.16790840840423157,0.3008602467706377,0.5580943650964872,-0.5889967884126738,0.13063303289285533,0.01441182722866289,0.25841913475598344,0.9051822402649092,0.40099573243735476,-0.5562662433425567,False,
UNI_RIDGE__XS007_ST_REV_21,weekly,50,20,443,0.9102000554307774,0.07893046109728608,0.12067335447181744,0.30070545281567845,0.4013008521856963,-0.5921347112115999,-0.23315874627093558,-0.031161906114963958,-0.03367332934636086,0.9051822402649092,0.8019914648747095,-0.5596540569469595,False,
UNI_RIDGE__XS015_MAX_21,monthly,5,0,101,1.1248524334200112,0.09368069802385404,0.10385936222394794,0.16899695311041343,0.6145635191191398,-0.3176246686363753,-0.11568922512281876,-0.014607531425898618,-0.1454658573782603,1.7428925909908584,0.0,-0.19290335714469853,False,
UNI_RIDGE__XS015_MAX_21,monthly,5,5,101,0.9457485463836053,0.08229820058879533,0.09330028481078964,0.16877754551869945,0.5528003415623352,-0.3181705689014661,-0.18733574553636878,-0.024646007034039984,-0.2238516838100656,1.7428925909908584,0.08801607584503834,-0.19420094351479655,False,
UNI_RIDGE__XS015_MAX_21,monthly,5,10,101,0.7816003321464302,0.07102409610288585,0.082741207397631,0.1685597549163542,0.49087166410920763,-0.31871646916655705,-0.25323633153080183,-0.034693843735930756,-0.30233594221033083,1.7428925909908584,0.1760321516900767,-0.19549748599529382,False,
UNI_RIDGE__XS015_MAX_21,monthly,5,20,101,0.49332406322068123,0.04879732712824536,0.061623052571314105,0.16812904976845874,0.3665223389781786,-0.3198082696967389,-0.369588218564851,-0.0548176695194031,-0.4595789046526112,1.7428925909908584,0.3520643033801534,-0.19808743928748485,False,
UNI_RIDGE__XS015_MAX_21,monthly,10,0,101,1.2800875180972158,0.10288160488423914,0.11353736988273941,0.17555117416917676,0.6467479948230063,-0.34508822721359056,-0.0510842408613601,-0.00622993097147666,-0.07654550806047843,1.76827581589854,0.0,-0.22193711001825722,False,
UNI_RIDGE__XS015_MAX_21,monthly,10,5,101,1.0852228624903186,0.09123705861819298,0.10281381884547437,0.17531452487268137,0.5864535121670085,-0.3456776478090984,-0.129082693606122,-0.016420781896778057,-0.1628102592031114,1.76827581589854,0.08929792870287627,-0.22333924417287054,False,
UNI_RIDGE__XS015_MAX_21,monthly,10,10,101,0.9068587023029686,0.07970514252551797,0.09209026780820967,0.17507875514156604,0.5259933892821368,-0.3462670684046062,-0.20073387162618672,-0.026621145963605562,-0.24927395720911172,1.76827581589854,0.17859585740575254,-0.22474011380982173,False,
UNI_RIDGE__XS015_MAX_21,monthly,10,20,101,0.5942100824851331,0.05697524989126568,0.07064316573367957,0.17460986861394812,0.40457716562325197,-0.3474459095956217,-0.32699884584073113,-0.047050483294095696,-0.42278186809503177,1.76827581589854,0.3571917148115051,-0.22753805953073636,False,
UNI_RIDGE__XS015_MAX_21,monthly,20,0,101,1.5478310413089074,0.11752666878357076,0.1264080000130319,0.1737328824574103,0.727599739467974,-0.32511964673720994,0.06034395940127846,0.0069615856027351675,0.03146972255800832,1.7250981852735052,0.0,-0.2162028797019241,False,
UNI_RIDGE__XS015_MAX_21,monthly,20,5,101,1.3351747995575178,0.10601424421319927,0.11594030218868681,0.17353224162696088,0.6681196595035149,-0.3256957010085384,-0.024687392905017203,-0.002969968718166025,-0.053561762484986286,1.7250981852735052,0.08711745835631199,-0.21757970457487685,False,
UNI_RIDGE__XS015_MAX_21,monthly,20,10,101,1.1401042571960551,0.09461046465859702,0.10547260436434214,0.17333246980404818,0.6084988258897976,-0.32627175527986685,-0.1029682262772944,-0.01291057370380021,-0.1388169568303808,1.7250981852735052,0.17423491671262398,-0.21895532010369434,False,
UNI_RIDGE__XS015_MAX_21,monthly,20,20,101,0.7970744104154952,0.07212512194366938,0.08453720871565255,0.1729355452140623,0.4888365119560069,-0.32742386382252386,-0.24135898674383438,-0.03281900041018218,-0.3099845941618913,1.7250981852735052,0.34846983342524795,-0.2217029231289238,False,
UNI_RIDGE__XS015_MAX_21,monthly,50,0,101,1.9892406723644105,0.13894376931964292,0.1455104362089614,0.17243691118213936,0.8438473828568152,-0.34851113746273976,0.2440476777101641,0.025944988481124677,0.21837440710972295,1.570926894945997,0.0,-0.2495831840183631,False,
UNI_RIDGE__XS015_MAX_21,monthly,50,5,101,1.7611735187244477,0.12825475424828414,0.13596103331601672,0.17223863459147645,0.7893759355355745,-0.3490102654245322,0.15323587069330102,0.01693922277048008,0.13129085604793722,1.570926894945997,0.07933180819477281,-0.25078078260008974,False,
UNI_RIDGE__XS015_MAX_21,monthly,50,10,101,1.5503445251041277,0.11765759738869308,0.12641163042307182,0.17204126747520015,0.734775047162996,-0.3495093933863247,0.06898533810475449,0.0079259306643286,0.0439769137658951,1.570926894945997,0.15866361638954563,-0.25197742633953546,False,
UNI_RIDGE__XS015_MAX_21,monthly,50,20,101,1.1753342040572723,0.09673599589291926,0.10731282463718211,0.171649274200219,0.6251865913048247,-0.35050764930990963,-0.0816753412257174,-0.010123282228356,-0.1313228225522631,1.570926894945997,0.31732723277909125,-0.2543678492915846,False,
UNI_RIDGE__XS015_MAX_21,weekly,5,0,443,1.2047505426107392,0.09724609713550958,0.11159578177249126,0.1921178181903778,0.5808715861113215,-0.377693769224694,-0.13819305032470575,-0.017457443485474497,-0.10276941093882513,1.0592090303078416,0.0,-0.33537583937341653,False,
UNI_RIDGE__XS015_MAX_21,weekly,5,5,443,0.7435493179844068,0.06743124348093366,0.08399577853087684,0.19201882087647434,0.43743513342846374,-0.38058027836621366,-0.31391399311615265,-0.04422374447343933,-0.2606736433947598,1.0592090303078416,0.23461480021318695,-0.3389906427748359,False,
UNI_RIDGE__XS015_MAX_21,weekly,5,10,443,0.37861288266009785,0.03840781689363926,0.05639577528926244,0.19193775998992152,0.2938232440152669,-0.41431958825582027,-0.45388940542666234,-0.07100802712960859,-0.41879939389783155,1.0592090303078416,0.4692296004263739,-0.37429173308608965,False,
UNI_RIDGE__XS015_MAX_21,weekly,5,20,443,-0.1384944277521547,-0.01734628981833397,0.0011957688060335002,0.19182953341978684,0.006233496921544192,-0.48217441867914956,-0.6541524479392151,-0.12463064222097665,-0.7354883042465695,1.0592090303078416,0.9384592008527478,-0.4472279068074101,False,
UNI_RIDGE__XS015_MAX_21,weekly,10,0,443,1.81220603896496,0.12904128261529824,0.1387385693217942,0.1841184307088398,0.7535289584408409,-0.36077015068666995,0.09925302725131546,0.011107914031522477,0.06582417227477906,1.0128657553002933,0.0,-0.3358954174186042,False,
UNI_RIDGE__XS015_MAX_21,weekly,10,5,443,1.2469007085016348,0.09968788301589138,0.11233143466684822,0.18400895095204378,0.6104672304562179,-0.3630172730453195,-0.11584540852422287,-0.014452402773661464,-0.10880273674685094,1.0128657553002933,0.22434976479901494,-0.3377728250497044,False,
UNI_RIDGE__XS015_MAX_21,weekly,10,10,443,0.7949890036012108,0.07108059629500518,0.08592430001190177,0.18391339617491137,0.46719978967808956,-0.36527340295799093,-0.28895012926485775,-0.04002857994989712,-0.28383704672808047,1.0128657553002933,0.4486995295980299,-0.33964622491591945,False,
UNI_RIDGE__XS015_MAX_21,weekly,10,20,443,0.14509310097848904,0.01603067642245337,0.0331100307020103,0.18376414528363183,0.18017677306368135,-0.42884624470864896,-0.5403075051252586,-0.09122860073792519,-0.6348808227459404,1.0128657553002933,0.8973990591960598,-0.4016695741733908,False,
UNI_RIDGE__XS015_MAX_21,weekly,20,0,443,1.8123043987320138,0.129045917864534,0.13649091467525484,0.17192409996454075,0.7939021620785335,-0.3327265810976415,0.09929147474420663,0.011112019496745156,0.05690847266536163,0.9265255800747971,0.0,-0.3108597741334186,False,
UNI_RIDGE__XS015_MAX_21,weekly,20,5,443,1.290390164344259,0.10216523908324548,0.11235355107826378,0.17192730153993324,0.653494529792103,-0.3343090842095948,-0.09873232385673036,-0.01220215539080556,-0.12231501588857385,0.9265255800747971,0.20522541598656757,-0.3128092875621412,False,
UNI_RIDGE__XS015_MAX_21,weekly,20,10,443,0.8651226335642277,0.07591023029978206,0.08821618748127324,0.1719429168015542,0.5130550831767433,-0.3358890787327885,-0.2611680601717703,-0.035529592724345894,-0.3017110624397633,0.9265255800747971,0.41045083197313514,-0.31475471419415646,False,
UNI_RIDGE__XS015_MAX_21,weekly,20,20,443,0.2363895550485049,0.025220613357681776,0.03994146028729082,0.1720113721728434,0.2322024397733201,-0.366699941764729,-0.5036569526865069,-0.08222432079234153,-0.6607485915717526,0.9265255800747971,0.8209016639462703,-0.34349345494808337,False,
UNI_RIDGE__XS015_MAX_21,weekly,50,0,443,1.7502931330991855,0.12609481758272012,0.13298717310684954,0.16672919840207656,0.7976237778468996,-0.3502756393647848,0.07505211584727567,0.008494797502589678,0.035626268515358946,0.7373263615580735,0.0,-0.33065467321576936,False,
UNI_RIDGE__XS015_MAX_21,weekly,50,5,443,1.3357960209110562,0.10470784758875751,0.11379008144836186,0.1667913711878239,0.6822300256781435,-0.35211362352967,-0.08086513621842961,-0.009897890912802913,-0.1320477210667323,0.7373263615580735,0.16331778908511327,-0.3323136696321284,False,
UNI_RIDGE__XS015_MAX_21,weekly,50,10,443,0.9836210575448496,0.08371764992356767,0.09459298978987474,0.16686307933922787,0.5668898726096855,-0.3539477821547192,-0.21422722160134022,-0.028299223355221746,-0.2999222938755833,0.7373263615580735,0.32663557817022654,-0.33396977175474496,False,
UNI_RIDGE__XS015_MAX_21,weekly,50,20,443,0.43024277309480397,0.04289894805844319,0.056198806472899744,0.16703505098361243,0.336449183222109,-0.359323125672924,-0.4258354468482002,-0.06512785729269979,-0.6360075639048356,0.7373263615580735,0.6532711563404531,-0.33749460171071977,False,
UNI_RIDGE__XS018_AMIHUD_252,monthly,5,0,101,3.6405943805551004,0.2000431562371301,0.21888246192196514,0.2678179400403118,0.817280806091702,-0.4984627078883591,0.9313000507777869,0.07820119337684445,0.47575765827698774,0.46956070916020837,0.0,-0.46183427595369,False,
UNI_RIDGE__XS018_AMIHUD_252,monthly,5,5,101,3.531800348235354,0.19666548379015736,0.21606024952950742,0.26792344238358734,0.8064253266056983,-0.5017684136735444,0.8927585263890667,0.07580617458458026,0.46363731990331053,0.46956070916020837,0.023712815812590524,-0.4653594118034584,False,
UNI_RIDGE__XS018_AMIHUD_252,monthly,5,10,101,3.4254651267890894,0.19329437872280342,0.2132380371370498,0.2680356649985564,0.7955584460679822,-0.505055391690107,0.8549483366912085,0.07340873403935497,0.45151259155905715,0.46956070916020837,0.04742563162518105,-0.4688647398703456,False,
UNI_RIDGE__XS018_AMIHUD_252,monthly,5,20,101,3.2199581876143375,0.1865718400736347,0.20759361235213436,0.2682802368051861,0.773793906044895,-0.5115735201781608,0.7814695578521977,0.06860656847375865,0.4272565176609164,0.46956070916020837,0.0948512632503621,-0.4758163447346321,False,
UNI_RIDGE__XS018_AMIHUD_252,monthly,10,0,101,3.033913974099626,0.18023236701273926,0.19535091522079367,0.24032833821369087,0.8128501061206315,-0.35393015746088397,0.678814743140711,0.06155501398699663,0.45287906783128373,0.4921697534344758,0.0,-0.3305101416520082,False,
UNI_RIDGE__XS018_AMIHUD_252,monthly,10,5,101,2.93484776251883,0.17675081307193619,0.19237155339883824,0.24036391984462244,0.8003345657001777,-0.3574384916828075,0.6434344146362385,0.05902434147510456,0.43690102850699636,0.4921697534344758,0.024854572548441024,-0.3341456529026835,False,
UNI_RIDGE__XS018_AMIHUD_252,monthly,10,10,101,2.838134910136912,0.17327664042540936,0.18939219157688292,0.24040685747938395,0.787798624226533,-0.360931017527797,0.6087669349053315,0.05649124831134349,0.4209011067024798,0.4921697534344758,0.04970914509688205,-0.3377647827231519,False,
UNI_RIDGE__XS018_AMIHUD_252,monthly,10,20,101,2.6515543423086476,0.1663503976469547,0.18343346793297222,0.24051478432679038,0.7626702385319436,-0.36786887183176,0.541515960693298,0.051417780866371054,0.38884896349817505,0.4921697534344758,0.0994182901937641,-0.3449541340739979,False,
UNI_RIDGE__XS018_AMIHUD_252,monthly,20,0,101,2.0007286893956815,0.13946294234320056,0.1498103934081874,0.19338776219343093,0.7746632553633023,-0.311179297137135,0.24882870489254483,0.026400721893325402,0.2738563866350693,0.48145631615035916,0.0,-0.2906618424466446,False,
UNI_RIDGE__XS018_AMIHUD_252,monthly,20,5,101,1.9286201400811667,0.1361746997688742,0.14691802648229493,0.1935136748925713,0.7592126322021229,-0.314754654551599,0.2231718775633713,0.023934342712252,0.24854792338214118,0.48145631615035916,0.02431354396559313,-0.29436002280805884,False,
UNI_RIDGE__XS018_AMIHUD_252,monthly,20,10,101,1.8581857625397582,0.13289318569198127,0.14402565955640242,0.19364853038060853,0.7437477541054698,-0.3183148555689673,0.19801801037450395,0.021465568310713896,0.22329314561498628,0.48145631615035916,0.04862708793118626,-0.2980424256737122,False,
UNI_RIDGE__XS018_AMIHUD_252,monthly,20,20,101,1.7221902438639214,0.12635030753265508,0.13824092570461727,0.193944993868219,0.7127841917824839,-0.32538998838448363,0.1491817772885069,0.01652081478776211,0.17299640897961252,0.48145631615035916,0.09725417586237252,-0.30536010916042955,False,
UNI_RIDGE__XS018_AMIHUD_252,monthly,50,0,101,1.5756605151457586,0.11897001764086323,0.12825066767522153,0.17555179261880355,0.7305574369935796,-0.31400115273794527,0.07192589477995326,0.008252308782817986,0.07883214113866714,0.4823818270428277,0.0,-0.24079112367799127,False,
UNI_RIDGE__XS018_AMIHUD_252,monthly,50,5,101,1.513649031764396,0.11573471832619231,0.12535392455438896,0.17567408981825716,0.71355955043839,-0.3140282101304219,0.049854422442574764,0.005780377338356306,0.04374729234759786,0.4823818270428277,0.024360282265662798,-0.24471781013229732,False,
UNI_RIDGE__XS018_AMIHUD_252,monthly,50,10,101,1.453080254104211,0.11250606409542785,0.12245718143355655,0.175806206766415,0.6965464057606301,-0.3140552675228989,0.028216697398803614,0.003306052271741405,0.008864650087253284,0.4823818270428277,0.048720564531325596,-0.24862794484662665,False,
UNI_RIDGE__XS018_AMIHUD_252,monthly,50,20,101,1.3361418896226667,0.10606865548631905,0.1166636951918918,0.17609980986024484,0.6624862075914656,-0.31410938230785246,-0.013789835311411869,-0.0016497978203270564,-0.060162928109656656,0.4823818270428277,0.09744112906265119,-0.2563987755187548,False,
UNI_RIDGE__XS018_AMIHUD_252,weekly,5,0,443,1.989764239072402,0.13718460847740022,0.1644715127065659,0.2674568324310767,0.6149460128260137,-0.4769658311859566,0.16865810862764774,0.01829463001032596,0.17330050981389708,0.08586258803997461,0.0,-0.44527644211136774,False,
UNI_RIDGE__XS018_AMIHUD_252,weekly,5,5,443,1.9334241618724572,0.1346480156629437,0.16223960492387296,0.2674731241714079,0.606564137710909,-0.4787323600312763,0.15430131454054785,0.016843684875503903,0.16623869051884377,0.08586258803997461,0.019018563250854374,-0.4472081196686717,False,
UNI_RIDGE__XS018_AMIHUD_252,weekly,5,10,443,1.8781136464774586,0.13211559749569446,0.16000769714118104,0.2674939574604144,0.5981731275737698,-0.480494081933344,0.14010856455558285,0.015391470602252402,0.15917041984833705,0.08586258803997461,0.03803712650170875,-0.4491343010722033,False,
UNI_RIDGE__XS018_AMIHUD_252,weekly,5,20,443,1.7705086227195732,0.12706326335227391,0.15554388157579577,0.26754924420953224,0.5813654306344478,-0.48400314711547565,0.11220827351213702,0.012483225011181457,0.14501691147900073,0.08586258803997461,0.0760742530034175,-0.4538868445526162,False,
UNI_RIDGE__XS018_AMIHUD_252,weekly,10,0,443,1.1689981862980288,0.09514242759685443,0.12285678748752991,0.2522252285313585,0.48709158954039944,-0.45187098340908083,-0.15216815931870808,-0.01937651043966035,-0.035370106382944584,0.09828747009348646,0.0,-0.4432488600141009,False,
UNI_RIDGE__XS018_AMIHUD_252,weekly,10,5,443,1.1222761025570818,0.09234667736186797,0.1202983624015789,0.25222412220793045,0.476950266883698,-0.4538095938811113,-0.16488514452137537,-0.02115050255123922,-0.045476320907172914,0.09828747009348646,0.02177067462570725,-0.445912641877241,False,
UNI_RIDGE__XS018_AMIHUD_252,weekly,10,10,443,1.0765372707339558,0.08955663653437496,0.1177399373156275,0.25222772757622974,0.4668001351280598,-0.4557425056161106,-0.17742027668704397,-0.022925763873561104,-0.05558662586737468,0.09828747009348646,0.0435413492514145,-0.44856541240615766,False,
UNI_RIDGE__XS018_AMIHUD_252,weekly,10,20,443,0.9879288798772685,0.08399364350449301,0.11262308714372515,0.25224907231586124,0.4464757238143606,-0.4595912894692922,-0.20195485795569312,-0.026480103693074828,-0.075814985560096,0.09828747009348646,0.087082698502829,-0.4538380769651479,False,
UNI_RIDGE__XS018_AMIHUD_252,weekly,20,0,443,0.8683326525542601,0.07612742350581758,0.09439558536203876,0.20445217772197408,0.4617000729158452,-0.384096286385776,-0.2696942202042054,-0.03689205805370215,-0.3310754472485761,0.09492735363941027,0.0,-0.3777356752309471,False,
UNI_RIDGE__XS018_AMIHUD_252,weekly,20,5,443,0.8294486331461692,0.0734740201062869,0.09193267594800929,0.20448908538942756,0.4495725323086724,-0.3868646189361873,-0.2801126446108376,-0.038578662670715295,-0.34711217407381567,0.09492735363941027,0.02102640883112937,-0.38054764380153117,False,
UNI_RIDGE__XS018_AMIHUD_252,weekly,20,10,443,0.7913546225669204,0.0708258083877018,0.08946976653397978,0.20453152119577508,0.437437545131933,-0.3896223844994038,-0.29038981839914013,-0.04026648755216083,-0.3631139447451143,0.09492735363941027,0.04205281766225874,-0.3833487983254049,False,
UNI_RIDGE__XS018_AMIHUD_252,weekly,20,20,443,0.717474229261795,0.06554492523663846,0.08454394770592054,0.2046329630203377,0.41314921339196964,-0.3951063516973531,-0.31052766569129675,-0.04364580757420874,-0.3949934977247889,0.09492735363941027,0.08410563532451748,-0.3889188069176712,False,
UNI_RIDGE__XS018_AMIHUD_252,weekly,50,0,443,1.0072575825375747,0.08522553383465037,0.09887237608714376,0.1840324059948432,0.5372552488930362,-0.31698089969804355,-0.21539035778129634,-0.028473105437530455,-0.40762581679684345,0.08815128733312597,0.0,-0.30622039684440827,False,
UNI_RIDGE__XS018_AMIHUD_252,weekly,50,5,443,0.9684346577867962,0.08274044918014223,0.09658690670865588,0.18408322988950493,0.5246915037650723,-0.3170780150521575,-0.225421695708643,-0.029983519420003685,-0.4278295921154583,0.08815128733312597,0.0195255101442874,-0.30630589024240995,False,
UNI_RIDGE__XS018_AMIHUD_252,weekly,50,10,443,0.9303422977813838,0.0802597203726485,0.09430143733016828,0.18414011582768622,0.5121178343257546,-0.3171751197148235,-0.23533256272974556,-0.03149512784258118,-0.44794002460560944,0.08815128733312597,0.0390510202885748,-0.3063913757483774,False,
UNI_RIDGE__XS018_AMIHUD_252,weekly,50,20,443,0.856295983021903,0.0753113045790581,0.08973049857319323,0.18427205077964473,0.48694578582887904,-0.3173692969692,-0.25479829462588977,-0.03452193745486117,-0.48783416456707407,0.08815128733312597,0.0781020405771496,-0.306562323086226,False,
UNI_RIDGE__XS019_PRICE_DELAY_52W,monthly,5,0,101,0.10445583076873555,0.011874233014201874,0.03792385122579931,0.22472501151852392,0.16875669944141164,-0.5173620214210172,-0.5403529317314877,-0.09235203883663365,-0.5770666857007354,1.3338224764200282,0.0,-0.49272525261673994,False,
UNI_RIDGE__XS019_PRICE_DELAY_52W,monthly,5,5,101,0.0324851647648734,0.003805481236957453,0.029923218135375407,0.2246750992569245,0.13318439931412723,-0.5316227038595652,-0.5687706984399911,-0.09993449205992301,-0.6290329476360085,1.3338224764200282,0.06735803505921141,-0.5081116349719266,False,
UNI_RIDGE__XS019_PRICE_DELAY_52W,monthly,5,10,101,-0.034845934526116396,-0.004205098506288918,0.02192258504495124,0.22462894456493163,0.0975946581034407,-0.5454718306669282,-0.5954524830476968,-0.10752309844145011,-0.6810437111505074,1.3338224764200282,0.13471607011842282,-0.5230419319129749,False,
UNI_RIDGE__XS019_PRICE_DELAY_52W,monthly,5,20,101,-0.15675415825242944,-0.020053242596141163,0.005921318864103435,0.22454791696932294,0.026369956773691142,-0.5719814799472431,-0.6440209286272587,-0.1227188124519234,-0.7851735246361736,1.3338224764200282,0.26943214023684564,-0.5515867208978277,False,
UNI_RIDGE__XS019_PRICE_DELAY_52W,monthly,10,0,101,0.7561136283163745,0.06919213650953093,0.08798093350452221,0.20217643278255024,0.43516908619685457,-0.44015172510394673,-0.2691491517228266,-0.037252975601043695,-0.31054966574706666,1.1998852658883572,0.0,-0.3468482217125808,False,
UNI_RIDGE__XS019_PRICE_DELAY_52W,monthly,10,5,101,0.6528263280188957,0.0615195251049363,0.08075451104753284,0.20216916182543407,0.3994403019648541,-0.44065735722574984,-0.30967807833452465,-0.04403135489756879,-0.37190303993379326,1.1998852658883572,0.060594205927362026,-0.3483573082180619,False,
UNI_RIDGE__XS019_PRICE_DELAY_52W,monthly,10,10,101,0.5555446668990078,0.053896395502395666,0.07352808859054373,0.2021667537901786,0.36370019902904416,-0.44116298934755294,-0.3479883108678472,-0.05081498484349213,-0.43340580900494907,1.1998852658883572,0.12118841185472405,-0.3498640986856397,False,
UNI_RIDGE__XS019_PRICE_DELAY_52W,monthly,10,20,101,0.3776371727638175,0.03879744697253895,0.0590752436765649,0.2021765268293898,0.29219635238079134,-0.44252720745405183,-0.4184258288986149,-0.0643980313452185,-0.5568023278980652,1.1998852658883572,0.2423768237094481,-0.3528707983928572,False,
UNI_RIDGE__XS019_PRICE_DELAY_52W,monthly,20,0,101,1.1378004004851734,0.09447039435157345,0.10968794614294519,0.1919657623980766,0.5713932774923003,-0.45617557218232685,-0.11030060301975542,-0.013885738159651106,-0.1394857347386094,1.1459032369110367,0.0,-0.36473949284647345,False,
UNI_RIDGE__XS019_PRICE_DELAY_52W,monthly,20,5,101,1.0175606477291588,0.08696865779122387,0.10277728364774985,0.19199001625953857,0.5353261885702016,-0.4569875323877479,-0.15734259564558883,-0.020339976726170175,-0.20937574968224457,1.1459032369110367,0.057868113464007366,-0.3661746266088737,False,
UNI_RIDGE__XS019_PRICE_DELAY_52W,monthly,20,10,101,0.9040068991119947,0.07951316410077758,0.09586662115255437,0.19201877219161984,0.499256505280051,-0.45786107580617774,-0.20192921436058986,-0.026798968117722036,-0.27949263615808656,1.1459032369110367,0.11573622692801473,-0.3676076103190471,False,
UNI_RIDGE__XS019_PRICE_DELAY_52W,monthly,20,20,101,0.6955073212310301,0.06473989014543835,0.08204529616216354,0.19208978186354514,0.4271195238299873,-0.4596060616205001,-0.2842358754279085,-0.03973123975274688,-0.4203253522273709,1.1459032369110367,0.23147245385602946,-0.3704671339903478,False,
UNI_RIDGE__XS019_PRICE_DELAY_52W,monthly,50,0,101,1.4705447777573912,0.11344416356619114,0.1266711222333698,0.19248806325855564,0.6580726102647798,-0.41403211676032725,0.028179337268624316,0.003301735177880421,0.05616396795076823,0.9557759995018256,0.0,-0.3231213407003902,False,
UNI_RIDGE__XS019_PRICE_DELAY_52W,monthly,50,5,101,1.354095270816226,0.1070751769767131,0.12089898951924755,0.19251437922024167,0.6279997889453015,-0.41462130509870065,-0.01678504051825125,-0.0020111888020645204,-0.019235845407016366,0.9557759995018256,0.04826668797484219,-0.3242305012375132,False,
UNI_RIDGE__XS019_PRICE_DELAY_52W,monthly,50,10,101,1.2430649476417832,0.10073855878588112,0.11512685680512558,0.19254568392848148,0.5979196960233495,-0.4152156549707092,-0.05981191253057494,-0.007327762061162667,-0.09496304075460682,0.9557759995018256,0.09653337594968438,-0.32533845560880525,False,
UNI_RIDGE__XS019_PRICE_DELAY_52W,monthly,50,20,101,1.036277290536869,0.08816184833697216,0.10358259137688111,0.19262324946789058,0.5377470874519114,-0.41640344908337457,-0.14037868548457044,-0.01797187944569962,-0.24723053469255651,0.9557759995018256,0.19306675189936875,-0.3275507484669705,False,
UNI_RIDGE__XS019_PRICE_DELAY_52W,weekly,5,0,443,0.17308371482643126,0.01891496766475198,0.04207368414870941,0.21530065421652353,0.19541828287431376,-0.3588471735221469,-0.5414575579189131,-0.09152263220083293,-0.46322174131673427,0.5976187021225506,0.0,-0.32962159910760125,False,
UNI_RIDGE__XS019_PRICE_DELAY_52W,weekly,5,5,443,0.027602163085168607,0.003201186805016798,0.026501636998607806,0.2151313717915206,0.1231881560458323,-0.3615448797784453,-0.5956389317674513,-0.10628272568740621,-0.5420798730575994,0.5976187021225506,0.132372542520145,-0.3666558170210956,False,
UNI_RIDGE__XS019_PRICE_DELAY_52W,weekly,5,10,443,-0.09990090764360737,-0.012278448084149685,0.010929589848506298,0.2149791369236397,0.050840235033544075,-0.3775812055698444,-0.6434433069033876,-0.12105107289462165,-0.6209093081149206,0.5976187021225506,0.26474508504029,-0.4016624342859302,False,
UNI_RIDGE__XS019_PRICE_DELAY_52W,weekly,5,20,443,-0.30955559220748063,-0.04254870903297703,-0.020214504451696688,0.21472595083402424,-0.09414094744105617,-0.4445362412394577,-0.722824185981696,-0.15061257304162162,-0.7783832166191428,0.5976187021225506,0.52949017008058,-0.4660269962389987,False,
UNI_RIDGE__XS019_PRICE_DELAY_52W,weekly,10,0,443,0.46230422929206183,0.04561637353968706,0.06284211491590658,0.18995798547875845,0.3308211274062692,-0.33468661126905686,-0.42840519914276165,-0.06565439344113418,-0.4037056497012383,0.4996872036818268,0.0,-0.34227175778531826,False,
UNI_RIDGE__XS019_PRICE_DELAY_52W,weekly,10,5,443,0.3090592115945838,0.03211682048335773,0.049818446014791,0.18982878505143777,0.2624388393008559,-0.36462074332355643,-0.4848856880654747,-0.07786694080684689,-0.4783391935115741,0.4996872036818268,0.11068071561552464,-0.3717242179748157,False,
UNI_RIDGE__XS019_PRICE_DELAY_52W,weekly,10,10,443,0.17181752191222888,0.018785811424653298,0.036794777113675126,0.18971224631889705,0.19395045827365773,-0.3932201820697314,-0.535807352686168,-0.09008508462033098,-0.5529331781933204,0.4996872036818268,0.2213614312310493,-0.39986978054377575,False,
UNI_RIDGE__XS019_PRICE_DELAY_52W,weekly,10,20,443,-0.06114460630965557,-0.007378688469777739,0.010747439311444316,0.18951724483216897,0.056709558652364,-0.4466482942779878,-0.6231007086818253,-0.11453818841560885,-0.7019223679721833,0.4996872036818268,0.4427228624620986,-0.4524699680375023,False,
UNI_RIDGE__XS019_PRICE_DELAY_52W,weekly,20,0,443,1.0948724183617666,0.09068152089151593,0.10276252941207377,0.1776758376331805,0.5783708735018404,-0.3189600785842178,-0.18114291211855804,-0.023458186735390362,-0.1986952575000331,0.44454374869062596,0.0,-0.29250413383829676,False,
UNI_RIDGE__XS019_PRICE_DELAY_52W,weekly,20,5,443,0.8983921746025392,0.07814545342088342,0.09118439733947299,0.17765170845910383,0.5132762196906426,-0.3218207211828559,-0.2529833867399396,-0.03423640725601014,-0.28012450197263955,0.44454374869062596,0.09846644033497366,-0.2949440715394306,False,
UNI_RIDGE__XS019_PRICE_DELAY_52W,weekly,20,10,443,0.7202749060711096,0.0657487382075943,0.07960626526687199,0.1776381483547288,0.4481372160438466,-0.3246709824585948,-0.3185466612125675,-0.04501902917946957,-0.3614675937346104,0.44454374869062596,0.19693288066994732,-0.29737689484528207,False,
UNI_RIDGE__XS019_PRICE_DELAY_52W,weekly,20,20,443,0.412447468973578,0.04136738704726972,0.05645000112167,0.1776427431499223,0.31777262679415386,-0.33573147018149196,-0.4329792919569997,-0.06659749796293365,-0.5237925186015118,0.44454374869062596,0.39386576133989465,-0.35163889042898366,False,
UNI_RIDGE__XS019_PRICE_DELAY_52W,weekly,50,0,443,1.6294487901371415,0.12017105405729733,0.12932599819687987,0.1765062677278863,0.7326991832168664,-0.3510605093562119,0.02781570856180071,0.003220464367969423,0.0025685729585345134,0.34322882463166576,0.0,-0.3240736495469805,False,
UNI_RIDGE__XS019_PRICE_DELAY_52W,weekly,50,5,443,1.4369242376356528,0.11021756345927036,0.12037655752769207,0.17645278535683073,0.6822026486250199,-0.3532225804977066,-0.04107122062327129,-0.00492280036797868,-0.0802427458863604,0.34322882463166576,0.07602518465591396,-0.3259707813971716,False,
UNI_RIDGE__XS019_PRICE_DELAY_52W,weekly,50,10,443,1.2584401516851833,0.10034931893872767,0.11142711685850448,0.17640712518356633,0.6316474844344029,-0.3553785733401168,-0.10536299960778561,-0.013068929830573851,-0.16297411555430297,0.34322882463166576,0.15205036931182792,-0.3278635751469897,False,
UNI_RIDGE__XS019_PRICE_DELAY_52W,weekly,50,20,443,0.9395875963546516,0.08086575614341895,0.09352823552012836,0.17633929469462342,0.5303879415084222,-0.3596723817159666,-0.22136124963596038,-0.02936979670330536,-0.32805868491122187,0.34322882463166576,0.30410073862365583,-0.3316361809912206,False,
UNI_RIDGE__XS020_VOLUME_SHOCK_50D,monthly,5,0,101,3.639442636230333,0.20000776573675028,0.21805701787630072,0.2780543911623901,0.7842243273509406,-0.3213540169759924,0.9308207234135559,0.07817170191892725,0.548317408898319,1.9476844372522688,0.0,-0.21340945460411964,False,
UNI_RIDGE__XS020_VOLUME_SHOCK_50D,monthly,5,5,101,3.20463669703222,0.18605916460372174,0.20616627571190704,0.2778086318432589,0.7421161622804692,-0.32203266295901656,0.7561148654253973,0.06690343439833588,0.48306309010581006,1.9476844372522688,0.0983580640812396,-0.2149818491043659,False,
UNI_RIDGE__XS020_VOLUME_SHOCK_50D,monthly,5,10,101,2.8102120959258046,0.1722592317023035,0.1942755335475133,0.2775631995335479,0.6999326058857887,-0.32271130894204036,0.5970629950272197,0.0556237205118291,0.4176347859401375,1.9476844372522688,0.1967161281624792,-0.21655267042352144,False,
UNI_RIDGE__XS020_VOLUME_SHOCK_50D,monthly,5,20,101,2.1279816225898083,0.14509961970513352,0.17049404921872557,0.2770733194172194,0.615339107992546,-0.32406860090808853,0.32048797415102026,0.033029862852067285,0.2862581018368935,1.9476844372522688,0.3934322563249584,-0.23009405648271275,False,
UNI_RIDGE__XS020_VOLUME_SHOCK_50D,monthly,10,0,101,1.4898836935759485,0.11447615151677559,0.13107881875035232,0.21552782038121204,0.6081758657351443,-0.33469105285125855,0.03622771341174591,0.004228148943584421,0.07753240653994377,1.942163501441769,0.0,-0.24326006118767707,False,
UNI_RIDGE__XS020_VOLUME_SHOCK_50D,monthly,10,5,101,1.2571632531825587,0.10155828629775998,0.11930127955632655,0.21532895410621727,0.5540419775478858,-0.3353563617984072,-0.05726981229943939,-0.007006949524452494,-0.027371331674887405,1.942163501441769,0.09807925682280935,-0.24477278432536287,False,
UNI_RIDGE__XS020_VOLUME_SHOCK_50D,monthly,10,10,101,1.0459980140655998,0.08877773863109484,0.10752374036230086,0.21513039150089286,0.4998073011076846,-0.336021670745556,-0.14241316916259783,-0.01825340728119856,-0.1325143523034935,1.942163501441769,0.1961585136456187,-0.24693930694552302,False,
UNI_RIDGE__XS020_VOLUME_SHOCK_50D,monthly,10,20,101,0.6805998933689643,0.06362329719902182,0.08396866197424932,0.21473418066757252,0.39103538017657385,-0.33735228863985356,-0.29052909629443047,-0.04078049023358253,-0.3435034311078839,1.942163501441769,0.3923170272912374,-0.2514576590186597,False,
UNI_RIDGE__XS020_VOLUME_SHOCK_50D,monthly,20,0,101,1.6931379287144486,0.12491532475826106,0.1372091331280645,0.19543677651754607,0.7020640412360976,-0.3675279717581438,0.12081707469887393,0.0135514396407643,0.21097823496991971,1.9012178450293429,0.0,-0.26462810686124083,False,
UNI_RIDGE__XS020_VOLUME_SHOCK_50D,monthly,20,5,101,1.4464784945356133,0.11214992001709767,0.1256713096244936,0.19524950620445328,0.6436446988649401,-0.3681288201849736,0.021799875178280415,0.0025622561294129445,0.04965976716721643,1.9012178450293429,0.09601150117398183,-0.26606138344956287,False,
UNI_RIDGE__XS020_VOLUME_SHOCK_50D,monthly,20,10,101,1.2222059205865188,0.09951737107433223,0.11413348612092343,0.19506251817082798,0.585112338296432,-0.36872966861180334,-0.06855504267229329,-0.008437803688930106,-0.11215903740189788,1.9012178450293429,0.19202300234796366,-0.26749326283128794,False,
UNI_RIDGE__XS020_VOLUME_SHOCK_50D,monthly,20,20,101,0.832947660563899,0.07464582089019522,0.09105783911378193,0.19468939219411105,0.46770827155798284,-0.3699313654654629,-0.22621497340546393,-0.03047063612532694,-0.437242539306259,1.9012178450293429,0.3840460046959273,-0.27035282997494736,False,
UNI_RIDGE__XS020_VOLUME_SHOCK_50D,monthly,50,0,101,1.24676169775603,0.10095393966917654,0.11413617811921578,0.18692247384116586,0.6106070381681392,-0.3833348554146828,-0.06495361905714259,-0.007979304432151262,-0.19282361088983394,1.7842605717793119,0.0,-0.28521578774338463,False,
UNI_RIDGE__XS020_VOLUME_SHOCK_50D,monthly,50,5,101,1.053086702868974,0.08922524352189631,0.10333154389271515,0.18676820202895633,0.5532609018568093,-0.38391509655173506,-0.1425047302040905,-0.018266093017455284,-0.4270288171272169,1.7842605717793119,0.09010515887485525,-0.28717590668895077,False,
UNI_RIDGE__XS020_VOLUME_SHOCK_50D,monthly,50,10,101,0.8759550620472996,0.0776111366423402,0.09252690966621431,0.1866141824201215,0.4958192805405858,-0.3844953376887872,-0.21368723459428418,-0.028562452911533007,-0.6615991489646071,1.7842605717793119,0.1802103177497105,-0.28913244182345943,False,
UNI_RIDGE__XS020_VOLUME_SHOCK_50D,monthly,50,20,101,0.565838776290317,0.05472262596109356,0.07091764121321296,0.18630690231350555,0.38064956441537096,-0.38565581996289167,-0.33897588827942493,-0.049183955899596156,-1.1316376397738546,1.7842605717793119,0.360420635499421,-0.29303477376508047,False,
UNI_RIDGE__XS020_VOLUME_SHOCK_50D,weekly,5,0,443,0.8243462285020358,0.0731221511257707,0.10698680131635444,0.27091142398986684,0.3949143219606573,-0.4472902224116969,-0.2868879140969802,-0.03968863819420424,-0.1338670528424611,1.9513108219826885,0.0,-0.44300598725736007,False,
UNI_RIDGE__XS020_VOLUME_SHOCK_50D,weekly,5,5,443,0.18387654334629633,0.020010908390400317,0.05614295912438759,0.2706303308119391,0.20745257545947907,-0.5010368617704918,-0.5341450213711835,-0.08966547786319391,-0.43784446786580006,1.9513108219826885,0.43221534706916553,-0.4976720652491369,False,
UNI_RIDGE__XS020_VOLUME_SHOCK_50D,weekly,5,10,443,-0.23207092355920622,-0.030520073511773327,0.005299116932420973,0.2703501965018824,0.019600936122804242,-0.5496022521757998,-0.695799879864726,-0.13969213142262057,-0.7425926992655527,1.9513108219826885,0.8644306941383311,-0.5470188490503642,False,
UNI_RIDGE__XS020_VOLUME_SHOCK_50D,weekly,5,20,443,-0.6773024438995137,-0.12432751305628764,-0.09638856745151224,0.26979281642262815,-0.3572688432909213,-0.7708497483568089,-0.8704545119282828,-0.23989527407333103,-1.3543615224173826,1.9513108219826885,1.7288613882766621,-0.7617607439996061,False,
UNI_RIDGE__XS020_VOLUME_SHOCK_50D,weekly,10,0,443,1.2096172857924694,0.09753012434590547,0.12317219605683022,0.24570795223624903,0.501295114528486,-0.40065551239029606,-0.13629070671927934,-0.017198622372687544,-0.04653810746595538,1.9243460654389422,0.0,-0.3827913433069742,False,
UNI_RIDGE__XS020_VOLUME_SHOCK_50D,weekly,10,5,443,0.4424895659572441,0.043943233029080764,0.07301582059187302,0.24545487425478635,0.29747146319075063,-0.41478498693717347,-0.43238089334731,-0.06647368611369779,-0.43650840465384716,1.9243460654389422,0.42624265349472584,-0.3993521563430904,False,
UNI_RIDGE__XS020_VOLUME_SHOCK_50D,weekly,10,10,443,-0.05869800719623475,-0.007075405237169985,0.02285944512691622,0.24520275207640213,0.09322670701425691,-0.4582581098725904,-0.6271215818241604,-0.1157971765091585,-0.8274967238191809,1.9243460654389422,0.8524853069894517,-0.4430602707181506,False,
UNI_RIDGE__XS020_VOLUME_SHOCK_50D,weekly,10,20,443,-0.599666250268311,-0.1018854629351994,-0.07745330580299792,0.24470138693513324,-0.3165217278622522,-0.6937870870016342,-0.8392878098388102,-0.2145898147381737,-1.6124382483459025,1.9243460654389422,1.7049706139789034,-0.6891096074006667,False,
UNI_RIDGE__XS020_VOLUME_SHOCK_50D,weekly,20,0,443,1.2707093032749248,0.10104931764709657,0.12250045941134938,0.22919428272077103,0.5344830506116617,-0.40355030215424537,-0.1124106694005339,-0.01399728587373923,-0.06714623011140204,1.858897794269469,0.0,-0.38313366096703183,False,
UNI_RIDGE__XS020_VOLUME_SHOCK_50D,weekly,20,5,443,0.5040381651450372,0.0490758961664024,0.07404836850961585,0.22895198712506093,0.32342313093429603,-0.4460338000195413,-0.40816154250332803,-0.061569121836700484,-0.5551266217497998,1.858897794269469,0.41174586143068737,-0.42646934250420343,False,
UNI_RIDGE__XS020_VOLUME_SHOCK_50D,weekly,20,10,443,-0.0041624233717756365,-0.0004894913095809805,0.02559627760788255,0.22871103934748166,0.11191535695395102,-0.5004000020228512,-0.6055183743665942,-0.10918623304367722,-1.044809552284774,1.858897794269469,0.8234917228613747,-0.4822789308780133,False,
UNI_RIDGE__XS020_VOLUME_SHOCK_50D,weekly,20,20,443,-0.5639427024826565,-0.09282915151529969,-0.07130790419558505,0.22823320429767735,-0.312434399784268,-0.670614808448496,-0.8249467516372263,-0.20455662279705217,-2.0290615535382024,1.858897794269469,1.6469834457227495,-0.6685713594388702,False,
UNI_RIDGE__XS020_VOLUME_SHOCK_50D,weekly,50,0,443,1.4978578401147224,0.11344069705547688,0.13185837220816193,0.22073308605419745,0.5973656897805806,-0.3974975624432515,-0.023621401012235532,-0.00280598796238867,0.037137964251781536,1.7091147198158487,0.0,-0.37776592485660865,False,
UNI_RIDGE__XS020_VOLUME_SHOCK_50D,weekly,50,5,443,0.7103552505409492,0.06502553399769484,0.08730628945542471,0.22053893623097828,0.3958769863838724,-0.40057738323454795,-0.32697584628520804,-0.046480025143912106,-0.5469589592243091,1.7091147198158487,0.3785689104392104,-0.38265003041928436,False,
UNI_RIDGE__XS020_VOLUME_SHOCK_50D,weekly,50,10,443,0.1707462095213066,0.018676437466059737,0.042754206702687245,0.2203465590077125,0.1940316513006712,-0.43010119970216476,-0.5362317321868519,-0.09019244755062139,-1.1321820750727583,1.7091147198158487,0.7571378208784209,-0.41277980175943363,False,
UNI_RIDGE__XS020_VOLUME_SHOCK_50D,weekly,50,20,443,-0.45199045308967645,-0.068165982200452,-0.04634995880278758,0.2199671409213955,-0.21071310291454204,-0.5965407026228791,-0.7800040227129821,-0.17773271541424343,-2.305409194068899,1.7091147198158487,1.5142756417568417,-0.5949931486812678,False,
UNI_RIDGE__XS032_GROSS_PROFIT_AT,monthly,5,0,101,1.1097828691633125,0.0927562482553208,0.10797361562929197,0.19684902182982641,0.548509790018839,-0.3659623878675541,-0.12196080324998948,-0.015453153638049848,-0.11013807181806405,0.14087852632201367,0.0,-0.2247141798084491,False,
UNI_RIDGE__XS032_GROSS_PROFIT_AT,monthly,5,5,101,1.0948233047428526,0.0918327734519111,0.10712853301534114,0.196878379643119,0.5441355887301225,-0.36609947515362573,-0.1250729585043393,-0.015875023039454268,-0.11328482078138175,0.14087852632201367,0.007114365579261691,-0.22502001713568776,False,
UNI_RIDGE__XS032_GROSS_PROFIT_AT,monthly,5,10,101,1.0799637214725433,0.09090969952402905,0.10628345040139026,0.19690920803180118,0.5397586606728177,-0.3662365624396974,-0.12817633062608902,-0.016297198757455056,-0.1164325745334508,0.14087852632201367,0.014228731158523382,-0.22532574164839636,False,
UNI_RIDGE__XS032_GROSS_PROFIT_AT,monthly,5,20,101,1.0505419740568804,0.08906475311609707,0.10459328517348851,0.1969752737404988,0.5309970291564761,-0.36651073701184045,-0.13435680130621885,-0.017142471215722103,-0.12273052849552313,0.14087852632201367,0.028457462317046763,-0.2259368523852383,False,
UNI_RIDGE__XS032_GROSS_PROFIT_AT,monthly,10,0,101,1.3684734025924832,0.10787639296609797,0.12125522053019533,0.19337303536599323,0.6270534063898724,-0.3509285448974929,-0.014300232345336172,-0.0017113028942789266,-0.014182173704778726,0.16225745621429022,0.0,-0.2199374846733636,False,
UNI_RIDGE__XS032_GROSS_PROFIT_AT,monthly,10,5,101,1.349142653348801,0.10679819555298908,0.12027381955496257,0.19336721311533356,0.6219969643107254,-0.35100754988837535,-0.018853558153425154,-0.002261412169494699,-0.019624900102201553,0.16225745621429022,0.008194001538821655,-0.22009195707460727,False,
UNI_RIDGE__XS032_GROSS_PROFIT_AT,monthly,10,10,101,1.3299641774794178,0.10572073744093946,0.11929241857972982,0.19336243683825535,0.6169368804527222,-0.35108655487925766,-0.023387813090428033,-0.002811760219749734,-0.02507044017868399,0.16225745621429022,0.01638800307764331,-0.22024641498376274,False,
UNI_RIDGE__XS032_GROSS_PROFIT_AT,monthly,10,20,101,1.2920594149391955,0.10356803710059381,0.11732961662926425,0.19335602249791997,0.6068061139938189,-0.3512445648610225,-0.032399400428404945,-0.003913173932466561,-0.035968842870953414,0.16225745621429022,0.03277600615528662,-0.22055528732580842,False,
UNI_RIDGE__XS032_GROSS_PROFIT_AT,monthly,20,0,101,1.2622817179935097,0.10185477666926412,0.11785597559761712,0.201826414464028,0.5839472296557241,-0.40971298506496445,-0.0584945723457313,-0.007161405861453996,-0.0623744586341307,0.15282111392622916,0.0,-0.2889436391281138,False,
UNI_RIDGE__XS032_GROSS_PROFIT_AT,monthly,20,5,101,1.2448876482377167,0.10084479243572964,0.11693273388501141,0.2018220703178811,0.5793852659465626,-0.4097850876714435,-0.06239685986122878,-0.007654872598916571,-0.06875155797948998,0.15282111392622916,0.007717466253274574,-0.28907875475076517,False,
UNI_RIDGE__XS032_GROSS_PROFIT_AT,monthly,20,10,101,1.2276229788236601,0.0998354795104619,0.116009492172406,0.201818518205095,0.5748208499604238,-0.4098571902779228,-0.06628446480559202,-0.008148529106851649,-0.07513230585066608,0.15282111392622916,0.015434932506549148,-0.2892138573661922,False,
UNI_RIDGE__XS032_GROSS_PROFIT_AT,monthly,20,20,101,1.193478112670146,0.09781886568317999,0.11416300874719475,0.20181379023756651,0.5656848752149541,-0.4100013954908811,-0.07401582911274052,-0.009136412501738234,-0.08790304047379403,0.15282111392622916,0.030869865013098297,-0.28948402357715675,False,
UNI_RIDGE__XS032_GROSS_PROFIT_AT,monthly,50,0,101,1.044564442961395,0.08868707204873649,0.10461070842419859,0.1966265129764388,0.5320274811400119,-0.35562408072573903,-0.14910309139376532,-0.019183877135081417,-0.30968817325288095,0.13795691899203813,0.0,-0.275740583707173,False,
UNI_RIDGE__XS032_GROSS_PROFIT_AT,monthly,50,5,101,1.0303681051863656,0.08778618397170579,0.10377646301303436,0.19661574924012634,0.5278135826560486,-0.3557060303434195,-0.15199341376626552,-0.019588143734890817,-0.3168646977029348,0.13795691899203813,0.006966824409097926,-0.2758783841297858,False,
UNI_RIDGE__XS032_GROSS_PROFIT_AT,monthly,50,10,101,1.0162669208763742,0.08688582245900522,0.10294221760187011,0.1966057144593061,0.5235972814166463,-0.3557879799611,-0.15487505515182942,-0.01999257015802939,-0.32404252738373235,0.13795691899203813,0.013933648818195851,-0.2760161716153814,False,
UNI_RIDGE__XS032_GROSS_PROFIT_AT,monthly,50,20,101,0.9883475447887986,0.08508667761376554,0.10127372677954155,0.1965878322025454,0.5151576557149209,-0.3559518791964611,-0.16061238903556463,-0.020801903475547084,-0.3383990547348358,0.13795691899203813,0.027867297636391702,-0.27629170777752565,False,
UNI_RIDGE__XS032_GROSS_PROFIT_AT,weekly,5,0,443,0.672948975362269,0.0622646559674187,0.08286708379332983,0.21247998083825387,0.38999948826431197,-0.3501953025103772,-0.3460670377193288,-0.04985783909868142,-0.3102930819625679,0.0676258536893351,0.0,-0.3200703849216544,False,
UNI_RIDGE__XS032_GROSS_PROFIT_AT,weekly,5,5,443,0.6480707652668516,0.060398120238802644,0.08110542023972783,0.21247140129136424,0.3817239390656022,-0.35042542262454845,-0.35148476802991346,-0.05083437686209823,-0.31680548615339954,0.0676258536893351,0.014979126592187727,-0.32027085771234,False,
UNI_RIDGE__XS032_GROSS_PROFIT_AT,weekly,5,10,443,0.6235513804559292,0.05853401205149278,0.07934375668612575,0.21246635044331333,0.3734415191891523,-0.3506554929956356,-0.35686179865783707,-0.05181167850628265,-0.32330543210916446,0.0676258536893351,0.029958253184375453,-0.3204713017163865,False,
UNI_RIDGE__XS032_GROSS_PROFIT_AT,weekly,5,20,443,0.5755690611853643,0.054813067390441006,0.07582042957892167,0.21246683567453944,0.35685771540865213,-0.3511154845352491,-0.367494859618962,-0.0537685788467263,-0.3362654751937066,0.0676258536893351,0.059916506368750906,-0.32087210337378813,False,
UNI_RIDGE__XS032_GROSS_PROFIT_AT,weekly,10,0,443,1.0604019595440755,0.08855943941771716,0.10515054212817179,0.20135910732105142,0.5222040538773219,-0.36869167806101755,-0.194616944846275,-0.025405729190024588,-0.21675026577265535,0.0712009867892268,0.0,-0.3557732578523929,False,
UNI_RIDGE__XS032_GROSS_PROFIT_AT,weekly,10,5,443,1.02815612112978,0.0865457510336376,0.10329286414108763,0.20133749894859265,0.5130334124566697,-0.36895459716420564,-0.20192132213870162,-0.02647517113820282,-0.22648600770148378,0.0712009867892268,0.015771018573813737,-0.35595362584452883,False,
UNI_RIDGE__XS032_GROSS_PROFIT_AT,weekly,10,10,443,0.996402924081419,0.08453502157211701,0.10143518615400283,0.20131912180892803,0.5038527152441832,-0.36921743689249786,-0.20916393456707216,-0.027545278302586865,-0.23621097088288845,0.0712009867892268,0.031542037147627475,-0.35613396136187503,False,
UNI_RIDGE__XS032_GROSS_PROFIT_AT,weekly,10,20,443,0.9343451455328453,0.08052242362456319,0.09771983017983397,0.20129206461235383,0.4854629037067199,-0.36974287828619523,-0.22346580802992233,-0.02968749301066653,-0.2556226225393676,0.0712009867892268,0.06308407429525495,-0.35649453498444206,False,
UNI_RIDGE__XS032_GROSS_PROFIT_AT,weekly,20,0,443,1.555591026512963,0.11643114197496418,0.13115403826244448,0.20466949864461287,0.6408089096371888,-0.4056516445905065,-0.0010542850037382756,-0.0001238188260975746,0.02282411719604344,0.07070684589518406,0.0,-0.39136426745499675,False,
UNI_RIDGE__XS032_GROSS_PROFIT_AT,weekly,20,5,443,1.5158710340906714,0.11438022914953794,0.1293048449071845,0.20463002032019278,0.6318957731854594,-0.40587407319802205,-0.010005685638168171,-0.0011803975278107913,0.011153237194090683,0.07070684589518406,0.015661566365783267,-0.39154154460905954,False,
UNI_RIDGE__XS032_GROSS_PROFIT_AT,weekly,20,10,443,1.4767541376172875,0.11233233281067467,0.1274556515519241,0.20459357710462453,0.6229699551454939,-0.4060964388725692,-0.01888217372792944,-0.002237610274357682,-0.0005228644425234284,0.07070684589518406,0.03132313273156653,-0.39171878100682533,False,
UNI_RIDGE__XS032_GROSS_PROFIT_AT,weekly,20,20,443,1.4002939409412227,0.10824557312788641,0.12375726484140485,0.20452980235449092,0.6050818189659659,-0.4065409814736709,-0.03641275176565528,-0.004353942603208561,-0.023880754577980983,0.07070684589518406,0.06264626546313307,-0.39207313156114587,False,
UNI_RIDGE__XS032_GROSS_PROFIT_AT,weekly,50,0,443,1.4333630053912567,0.11002699710332964,0.12393098573492208,0.1970002279930398,0.6290905700845212,-0.36733632804001914,-0.0488315532306457,-0.005876599371163511,-0.07156621310573627,0.06677998323854474,0.0,-0.3440593372949602,False,
UNI_RIDGE__XS032_GROSS_PROFIT_AT,weekly,50,5,443,1.3976275288548758,0.10810099204726376,0.1221851818699632,0.19696661159711523,0.6203344865366649,-0.36753076718481326,-0.05653446088438363,-0.006831067374123129,-0.08498784426636426,0.06677998323854474,0.014791766287337657,-0.3442594965830029,False,
UNI_RIDGE__XS032_GROSS_PROFIT_AT,weekly,50,10,443,1.3624037544261491,0.10617760900455742,0.12043937800500507,0.19693606431059726,0.611565882697109,-0.3677251609831649,-0.06417984687436229,-0.007786144883256537,-0.09841290323078668,0.06677998323854474,0.029583532574675313,-0.34445960386735386,False,
UNI_RIDGE__XS032_GROSS_PROFIT_AT,weekly,50,20,443,1.293462794814408,0.10233869543785312,0.11694777027508733,0.19688418263645416,0.5939927154586658,-0.3681138125708143,-0.07929963672845775,-0.009698133125663842,-0.12525529982477504,0.06677998323854474,0.05916706514935063,-0.34485966247004973,False,
UNI_RIDGE__XS041_ASSET_GROWTH,monthly,5,0,101,0.5221187983242348,0.05117991792366938,0.07543812052200578,0.2268647235941953,0.332524683991619,-0.447921481725857,-0.36653198460715697,-0.05424306168954486,-0.34513120960619953,0.3781505253384672,0.0,-0.35513524713223543,False,
UNI_RIDGE__XS041_ASSET_GROWTH,monthly,5,5,101,0.49331834412204234,0.04879684990048272,0.07317683748031673,0.22692383325866045,0.32247312426150354,-0.4505047227815965,-0.37629842198348096,-0.05608910083535586,-0.35877988407535366,0.3781505253384672,0.019096601529592593,-0.35621664096214856,False,
UNI_RIDGE__XS041_ASSET_GROWTH,monthly,5,10,101,0.4650452651411936,0.046417693660754544,0.0709155544386275,0.22698729238393042,0.3124208130500964,-0.45307707720775237,-0.38592143426904835,-0.05793652298664799,-0.37243063637572743,0.3781505253384672,0.038193203059185186,-0.3572967333814061,False,
UNI_RIDGE__XS041_ASSET_GROWTH,monthly,5,20,101,0.4100440269373111,0.04167109837601313,0.06639298835524912,0.2271272441841905,0.2923162678864154,-0.45818929093321104,-0.4047451662926961,-0.06163552552660686,-0.3997296726056095,0.3781505253384672,0.07638640611837037,-0.3594530186454703,False,
UNI_RIDGE__XS041_ASSET_GROWTH,monthly,10,0,101,1.330826414630701,0.10576934591796094,0.1257166114999097,0.222530417594048,0.5649412465007311,-0.41458738498674375,-0.029967973112959068,-0.0036149929450040425,0.030478432995366376,0.3637374396869593,0.0,-0.3427582587231458,False,
UNI_RIDGE__XS041_ASSET_GROWTH,monthly,10,5,101,1.2883909401645313,0.10335803429072521,0.12354139256948998,0.22262183766925728,0.5549383378688653,-0.4149386325557517,-0.04422720974578709,-0.005374462725878006,0.012911974823182834,0.3637374396869593,0.018368740704191443,-0.3432660430827209,False,
UNI_RIDGE__XS041_ASSET_GROWTH,monthly,10,10,101,1.2467045554585408,0.1009506128087958,0.12136617363907011,0.22271696678820774,0.5449345660067426,-0.41528988012475954,-0.058286358883108846,-0.007135133577263702,-0.004650421302136956,0.3637374396869593,0.036737481408382885,-0.3437736851501393,False,
UNI_RIDGE__XS041_ASSET_GROWTH,monthly,10,20,101,1.1655279937576593,0.09614742152144928,0.11701573577823084,0.22291833297843638,0.524926479642884,-0.41599237526277555,-0.08581506592202648,-0.010660086310989487,-0.03974546592602819,0.3637374396869593,0.07347496281676577,-0.3447885424523579,False,
UNI_RIDGE__XS041_ASSET_GROWTH,monthly,20,0,101,1.4159770474984814,0.1104933871378897,0.12895713396856587,0.21656540002823116,0.5954650833039589,-0.42285409771391425,0.005469604079822776,0.0006480831821680407,0.07854819459932223,0.3489918409924891,0.0,-0.3443025481347163,False,
UNI_RIDGE__XS041_ASSET_GROWTH,monthly,20,5,101,1.3737602315248592,0.10816992208713905,0.12687096945754978,0.21666327785818015,0.5855674792319668,-0.4232277184072525,-0.008571743551879285,-0.001022814919636661,0.05780140164907817,0.3489918409924891,0.0176240879701207,-0.3447787789042964,False,
UNI_RIDGE__XS041_ASSET_GROWTH,monthly,20,10,101,1.3322605750121501,0.1058501613876619,0.12478480494653382,0.21676420142586936,0.5756707248046613,-0.4236012816914724,-0.022425270473620973,-0.002694717671451897,0.03705295670904442,0.3489918409924891,0.0352481759402414,-0.34525487740473293,False,
UNI_RIDGE__XS041_ASSET_GROWTH,monthly,20,20,101,1.251365552641352,0.10122173430381776,0.12061247592450217,0.21697516864591776,0.55588147103289,-0.4243482360325581,-0.04957845141706296,-0.006041543460416658,-0.004423109466379637,0.3489918409924891,0.0704963518804828,-0.3462066776599986,False,
UNI_RIDGE__XS041_ASSET_GROWTH,monthly,50,0,101,1.598999850520558,0.12016993309966062,0.13361406086947042,0.19839448371296814,0.673476693347884,-0.35912889473167964,0.08163914612192413,0.009324073478240779,0.17828276514680022,0.31418215087195744,0.0,-0.2708487295863483,False,
UNI_RIDGE__XS041_ASSET_GROWTH,monthly,50,5,101,1.5580788076815049,0.11805976792929274,0.13173363369956842,0.1984951721633693,0.6636616511314767,-0.35944473850921443,0.06841102925015652,0.007862082219480421,0.1546563563078716,0.31418215087195744,0.01586619861903385,-0.27164306252073145,False,
UNI_RIDGE__XS041_ASSET_GROWTH,monthly,50,10,101,1.5177819577191891,0.11595251909207005,0.12985320652966625,0.19859902954907901,0.6538461281734316,-0.35976058228674934,0.055336630346680016,0.006399183793648343,0.1310000522124829,0.31418215087195744,0.0317323972380677,-0.2724368212416062,False,
UNI_RIDGE__XS041_ASSET_GROWTH,monthly,50,20,101,1.4390240666987348,0.1117467577486253,0.12609235218986237,0.19881623111028018,0.6342155843398969,-0.36039226984181894,0.02964222215411172,0.0034706595762952186,0.08364515002245115,0.31418215087195744,0.0634647944761354,-0.27402261728468225,False,
UNI_RIDGE__XS041_ASSET_GROWTH,weekly,5,0,443,1.2405744350925643,0.09932399028788796,0.12564697352478152,0.2488296216861588,0.5049518327976892,-0.46150623254717305,-0.12418997881680915,-0.015565499509650551,-0.02190744976370768,0.09875696107686859,0.0,-0.44597586170621717,False,
UNI_RIDGE__XS041_ASSET_GROWTH,weekly,5,5,443,1.1920869929067544,0.09650444016537563,0.12309346591334178,0.24889743269989706,0.4945549842683961,-0.4641735022885949,-0.13741458518418048,-0.017351461336545797,-0.033224538800960005,0.09875696107686859,0.021874666878526385,-0.4487018367887744,False,
UNI_RIDGE__XS041_ASSET_GROWTH,weekly,5,10,443,1.1446335874711204,0.0936912080426433,0.12053995830190183,0.2489679886834979,0.48415846125157475,-0.4668283727558822,-0.1504452494772065,-0.01913821729588028,-0.04454482692040761,0.09875696107686859,0.04374933375705277,-0.45141523434653086,False,
UNI_RIDGE__XS041_ASSET_GROWTH,weekly,5,20,443,1.0527424043361817,0.0880836476401825,0.11543294307902237,0.24911732614025495,0.46336778283351004,-0.47210113229680906,-0.17593575895432245,-0.022714115266885267,-0.0671913282418565,0.09875696107686859,0.08749866751410554,-0.4568045145989976,False,
UNI_RIDGE__XS041_ASSET_GROWTH,weekly,10,0,443,2.332741324903647,0.1517738962572639,0.16764489949906294,0.22845764395694418,0.7338117324306198,-0.4123030212797206,0.3027231787732889,0.031042336285738492,0.3578420557693147,0.09239874063464787,0.0,-0.4012169110814965,False,
UNI_RIDGE__XS041_ASSET_GROWTH,weekly,10,5,443,2.265217904404944,0.14900991438552524,0.16525783472060349,0.22854201045680725,0.7230960924439579,-0.4128029133266802,0.284862028582362,0.029421827934840366,0.34286406860290786,0.09239874063464787,0.020466321050574506,-0.4017941939102082,False,
UNI_RIDGE__XS041_ASSET_GROWTH,weekly,10,10,443,2.1990474094299204,0.14625192858906932,0.16287076994214478,0.22862821644922826,0.712382629194475,-0.41330252057781014,0.2672402128297917,0.027800805213459172,0.3278847300715821,0.09239874063464787,0.04093264210114901,-0.4023710703277582,False,
UNI_RIDGE__XS041_ASSET_GROWTH,weekly,10,20,443,2.0706584752517148,0.1407538974789464,0.15809664038522697,0.22880613855071616,0.6909632817835608,-0.41430088109245644,0.23270208700982598,0.02455721464536891,0.29792819799125564,0.09239874063464787,0.08186528420229802,-0.4035236047389794,False,
UNI_RIDGE__XS041_ASSET_GROWTH,weekly,20,0,443,2.045255697188442,0.1396420833744474,0.15804001755472127,0.2324731921211767,0.6798203961183742,-0.4053143979243191,0.19034896359185227,0.020453315043442503,0.2862862719821004,0.09318164112418806,0.0,-0.3869344522916426,False,
UNI_RIDGE__XS041_ASSET_GROWTH,weekly,20,5,443,1.9830409306836345,0.1368841336663611,0.1556253928880245,0.23252254793349034,0.6692916204089542,-0.4060686219365094,0.1738254945777904,0.01881250466648977,0.2701889904314243,0.09318164112418806,0.020639733509007652,-0.3876269109064101,False,
UNI_RIDGE__XS041_ASSET_GROWTH,weekly,20,10,443,1.9220860454011182,0.13413234932839857,0.15321076822132818,0.23257330369016066,0.6587633481159942,-0.40682205822527295,0.15752737241895454,0.017171286767478956,0.25408294493076267,0.09318164112418806,0.041279467018015305,-0.3883187496841072,False,
UNI_RIDGE__XS041_ASSET_GROWTH,weekly,20,20,443,1.8038552493640472,0.12864722506018955,0.14838151888793483,0.232679011346757,0.637709082693345,-0.4083265702816917,0.1255951273712348,0.013887626840579379,0.2218502455215536,0.09318164112418806,0.08255893403603061,-0.3910817324265944,False,
UNI_RIDGE__XS041_ASSET_GROWTH,weekly,50,0,443,1.8302644046466368,0.12988990255342547,0.14412993061343288,0.20876245947655092,0.690401573993825,-0.35416327730787844,0.10631179636984545,0.011859260494505202,0.20078743552434333,0.08156073702150954,0.0,-0.32989116503125104,False,
UNI_RIDGE__XS041_ASSET_GROWTH,weekly,50,5,443,1.7795887230861567,0.12749622731268095,0.14201357349187518,0.20879871354833238,0.6801458259894984,-0.3546878295757929,0.09376712670573695,0.01052064672237676,0.18306160336177302,0.08156073702150954,0.018065703250264367,-0.3304288201737502,False,
UNI_RIDGE__XS041_ASSET_GROWTH,weekly,50,10,443,1.7298124217262796,0.12510723777494137,0.13989721637031752,0.2088361591412011,0.6698898167138206,-0.3552120635786703,0.08136192795913288,0.009181731685983881,0.16532321280782816,0.08156073702150954,0.036131406500528734,-0.33096615448044675,False,
UNI_RIDGE__XS041_ASSET_GROWTH,weekly,50,20,443,1.6328949335081133,0.12034328117574788,0.13566450212720227,0.20891462230701247,0.6493777248766974,-0.3562595773297529,0.056963874547133475,0.00650299662733511,0.1298171541529059,0.08156073702150954,0.07226281300105747,-0.33203986111959016,False,
UNI_RIDGE__XS056_CFO_ACCRUALS_PT,monthly,5,0,101,3.033752921304309,0.18022676844848085,0.23538237813595198,0.37577544408188346,0.626391058391407,-0.5539508945377287,0.6787477169698668,0.06155027036388165,0.44164075223051286,0.45286046358281196,0.0,-0.4994574781984361,False,
UNI_RIDGE__XS056_CFO_ACCRUALS_PT,monthly,5,5,101,2.9425223120389417,0.17702326910437027,0.2326203283410526,0.37567627885741944,0.6192041963590122,-0.5541447216083026,0.6466397784925775,0.059255847154187274,0.43272412579926756,0.45286046358281196,0.022869453410932,-0.4999301203263439,False,
UNI_RIDGE__XS056_CFO_ACCRUALS_PT,monthly,5,10,101,2.8533007648191933,0.17382650036466418,0.22985827854615315,0.375580076995952,0.6120087103252565,-0.5543385486788764,0.6151237530275917,0.056959791802047674,0.42379139915571834,0.45286046358281196,0.045738906821864,-0.5004024663381434,False,
UNI_RIDGE__XS056_CFO_ACCRUALS_PT,monthly,5,20,101,2.6807134842692406,0.16745311151927256,0.2243341789563545,0.3753965724047846,0.5975925073563492,-0.5547262028200242,0.553825590653225,0.05236277383604342,0.4058793121832421,0.45286046358281196,0.091477813643728,-0.5013462704290244,False,
UNI_RIDGE__XS056_CFO_ACCRUALS_PT,monthly,10,0,101,2.193289701712196,0.14791439865998357,0.18892721136041485,0.3135043159079489,0.6026303364062381,-0.5743460403644165,0.32896781259456787,0.033790403188648656,0.36163325308069716,0.44126427670492274,0.0,-0.5029910003411491,False,
UNI_RIDGE__XS056_CFO_ACCRUALS_PT,monthly,10,5,101,2.122897237523794,0.14487831603495338,0.18626173468274457,0.3134820483202072,0.5941703382405074,-0.574620919385824,0.30431394129304157,0.03156560638260134,0.34946909721083685,0.44126427670492274,0.022283845973598605,-0.5033293156677718,False,
UNI_RIDGE__XS056_CFO_ACCRUALS_PT,monthly,10,10,101,2.0540160089457395,0.14184846496199577,0.1835962580050738,0.31346302338962817,0.5857030791694603,-0.5748957392900118,0.28010090549114985,0.029339276107648523,0.33729244980578893,0.44126427670492274,0.04456769194719721,-0.5036675395401999,False,
UNI_RIDGE__XS056_CFO_ACCRUALS_PT,monthly,10,20,101,1.9206615350035738,0.13580741792133,0.17826530464973284,0.31343470376119953,0.5687478205526024,-0.5754452017467281,0.23296710111248564,0.02488200497123514,0.31290604078579587,0.44126427670492274,0.08913538389439442,-0.5043437129514164,False,
UNI_RIDGE__XS056_CFO_ACCRUALS_PT,monthly,20,0,101,1.7825349425822283,0.12928829557437904,0.16118942873748848,0.27876602916647103,0.5782247902280475,-0.5011004186803485,0.1580218901306356,0.017431281073243717,0.29243595384562154,0.39854155190841095,0.0,-0.42929370556046154,False,
UNI_RIDGE__XS056_CFO_ACCRUALS_PT,monthly,20,5,101,1.7270764467450386,0.12659032517595903,0.15877671542189595,0.2787406425080387,0.5696216884386242,-0.5013263433040731,0.1389948365005531,0.015462909040711618,0.2774864961110559,0.39854155190841095,0.020126348371374753,-0.4295999770920107,False,
UNI_RIDGE__XS056_CFO_ACCRUALS_PT,monthly,20,10,101,1.6726918403832292,0.1238972291977356,0.1563640021063033,0.278718669998011,0.5610101472837078,-0.5015522246601472,0.12026761973472322,0.013493180549183276,0.26251175967664764,0.39854155190841095,0.040252696742749505,-0.42990615579824765,False,
UNI_RIDGE__XS056_CFO_ACCRUALS_PT,monthly,20,20,101,1.567063863918889,0.11852563352285106,0.15153857547511812,0.2786849705278924,0.5437629994472603,-0.5020038575693444,0.08369465367126461,0.009549644974067111,0.23249609576403318,0.39854155190841095,0.08050539348549901,-0.4305182347845846,False,
UNI_RIDGE__XS056_CFO_ACCRUALS_PT,monthly,50,0,101,2.6300488065473306,0.16553213816319,0.18327084259957432,0.24095378750925478,0.7606057762944899,-0.4488549320186085,0.5107360974677744,0.04902142738371508,0.7200878523765354,0.35333921510101424,0.0,-0.3805327112005179,False,
UNI_RIDGE__XS056_CFO_ACCRUALS_PT,monthly,50,5,101,2.565831430727617,0.16306306553122374,0.181132717538932,0.24097094018127976,0.7516786771162858,-0.4490461331886163,0.48931050036304957,0.04732434789156659,0.6998578044784582,0.35333921510101424,0.017843630362601223,-0.3808016753322262,False,
UNI_RIDGE__XS056_CFO_ACCRUALS_PT,monthly,50,10,101,2.5027135097136437,0.16059778324506024,0.17899459247828947,0.24099178466299329,0.7427414703310252,-0.44923731222967656,0.46817394615044927,0.045626069120888166,0.6795396141515538,0.35333921510101424,0.035687260725202445,-0.38107057707392755,False,
UNI_RIDGE__XS056_CFO_ACCRUALS_PT,monthly,50,20,101,2.3797034607377574,0.15567857220147796,0.17471834235700454,0.24104454505483627,0.7248383999615385,-0.4496196039249549,0.42675319569357906,0.042225905379026735,0.6386693590356503,0.35333921510101424,0.07137452145040489,-0.3816081934133647,False,
UNI_RIDGE__XS056_CFO_ACCRUALS_PT,weekly,5,0,443,1.6409428714741274,0.12074471754019189,0.17782256375357638,0.3551178143907655,0.5007424481327301,-0.6495813739864301,0.03230858836153816,0.003732454602227589,0.20515103945860447,0.13391016190511,0.0,-0.5839938613964175,False,
UNI_RIDGE__XS056_CFO_ACCRUALS_PT,weekly,5,5,443,1.5637435106134787,0.11684860648152817,0.17434745192604736,0.3551414869189495,0.49092392285285724,-0.6498563248415988,0.008832116033618886,0.0010321754719304639,0.1938250995288224,0.13391016190511,0.029661100861981864,-0.5844039117493136,False,
UNI_RIDGE__XS056_CFO_ACCRUALS_PT,weekly,5,10,443,1.4887689245148454,0.11296436536147514,0.17087234009851834,0.3551687693126511,0.481101816551053,-0.6501311226681912,-0.014122750325731959,-0.0016695668594591785,0.18249560453446692,0.13391016190511,0.05932220172396373,-0.5848136491520304,False,
UNI_RIDGE__XS056_CFO_ACCRUALS_PT,weekly,5,20,443,1.3452429860039783,0.10523136433358271,0.1639221164434605,0.3552341602596563,0.46144806660384957,-0.6506802594455643,-0.058512710973088966,-0.007077450227296554,0.15982897447243927,0.13391016190511,0.11864440344792745,-0.585632185794571,False,
UNI_RIDGE__XS056_CFO_ACCRUALS_PT,weekly,10,0,443,2.2694159645048924,0.1491832203827428,0.18578587069773816,0.3018309355740511,0.6155295856085551,-0.6109503371409696,0.2779701581355354,0.028790510773214525,0.3127858740260736,0.13168777194192757,0.0,-0.5707649506791546,False,
UNI_RIDGE__XS056_CFO_ACCRUALS_PT,weekly,10,5,443,2.175410066600072,0.14525450855314248,0.18237247068353857,0.3018784039931399,0.6041255958398497,-0.6114694465722406,0.2495226778735138,0.02614809091583243,0.2982419248503423,0.13168777194192757,0.02916884148513696,-0.5713376795197274,False,
UNI_RIDGE__XS056_CFO_ACCRUALS_PT,weekly,10,10,443,2.0840716612382626,0.1413376870012304,0.1789590706693388,0.30192956188888637,0.5927179490135446,-0.6119879857586588,0.22169481354024523,0.023504362255464685,0.28369311668403546,0.13168777194192757,0.05833768297027392,-0.5719097792142018,False,
UNI_RIDGE__XS056_CFO_ACCRUALS_PT,weekly,10,20,443,1.909100547593113,0.13353958478923755,0.17213227064093903,0.3020429384763812,0.5698933784356598,-0.6130233554084303,0.16784538080076605,0.018212970207604023,0.2545867262223479,0.13168777194192757,0.11667536594054784,-0.5730520933841181,False,
UNI_RIDGE__XS056_CFO_ACCRUALS_PT,weekly,20,0,443,2.0441462886019806,0.13959334111167165,0.16872079977208537,0.27183982744977614,0.6206625473350015,-0.558270317544198,0.18991531088994762,0.020410544329843624,0.289889360266688,0.12253227949400994,0.0,-0.5135562255205742,False,
UNI_RIDGE__XS056_CFO_ACCRUALS_PT,weekly,20,5,443,1.9626206813005007,0.13596784290617348,0.16554067085946594,0.27187958379885024,0.6088749605484941,-0.5586956434236389,0.16579013405524368,0.018006212994816816,0.2723557501349424,0.12253227949400994,0.027140899907923205,-0.5140246050168957,False,
UNI_RIDGE__XS056_CFO_ACCRUALS_PT,weekly,20,10,443,1.8832475064999938,0.132352453747143,0.16236054194684726,0.27192324088277686,0.597082255344401,-0.5591206303324809,0.142142243033877,0.01560066432629947,0.2548105502085657,0.12253227949400994,0.05428179981584641,-0.514492611230316,False,
UNI_RIDGE__XS056_CFO_ACCRUALS_PT,weekly,20,20,443,1.7307357453061307,0.12515190097536455,0.15600028412160877,0.2720222495749933,0.5734835454281518,-0.559969588123568,0.09624163007423214,0.01078590686320776,0.2196970892773096,0.12253227949400994,0.10856359963169282,-0.5154275047832562,False,
UNI_RIDGE__XS056_CFO_ACCRUALS_PT,weekly,50,0,443,2.764954272938264,0.16837843379569084,0.18378734426923665,0.23480756564714514,0.7827147467020775,-0.478135961521726,0.47166933170849346,0.04535589735192861,0.632092763279281,0.10788455025612748,0.0,-0.4494791521098548,False,
UNI_RIDGE__XS056_CFO_ACCRUALS_PT,weekly,50,5,443,2.676034064600032,0.16510506763010224,0.18098522411356968,0.23484979497367198,0.7706424616374868,-0.47848415172809555,0.4465180345262818,0.043332470155452996,0.6086281803316524,0.10788455025612748,0.023896427881732237,-0.44984646227783764,False,
UNI_RIDGE__XS056_CFO_ACCRUALS_PT,weekly,50,10,443,2.589179345433761,0.16183955689329266,0.17818310395790327,0.2348961771167128,0.7585611062089337,-0.47883214762441517,0.4217833671937621,0.041307952039634804,0.585101556588273,0.10788455025612748,0.047792855763464474,-0.4502135674657385,False,
UNI_RIDGE__XS056_CFO_ACCRUALS_PT,weekly,50,20,443,2.4214786154939807,0.15533203405956253,0.1725788636465691,0.23500138979649882,0.7343738000699274,-0.4795275568415558,0.37353726048389446,0.037255635269280496,0.5378986655067485,0.10788455025612748,0.09558571152692895,-0.4509471632754194,False,
UNI_RIDGE__XS008_SAME_MONTH_5Y,weekly,5,0,0,,,,,,,,,,,,,True,insufficient inner folds: UNI_RIDGE__XS008_SAME_MONTH_5Y/weekly/2018
UNI_RIDGE__XS008_SAME_MONTH_5Y,weekly,5,5,0,,,,,,,,,,,,,True,insufficient inner folds: UNI_RIDGE__XS008_SAME_MONTH_5Y/weekly/2018
UNI_RIDGE__XS008_SAME_MONTH_5Y,weekly,5,10,0,,,,,,,,,,,,,True,insufficient inner folds: UNI_RIDGE__XS008_SAME_MONTH_5Y/weekly/2018
UNI_RIDGE__XS008_SAME_MONTH_5Y,weekly,5,20,0,,,,,,,,,,,,,True,insufficient inner folds: UNI_RIDGE__XS008_SAME_MONTH_5Y/weekly/2018
UNI_RIDGE__XS008_SAME_MONTH_5Y,weekly,10,0,0,,,,,,,,,,,,,True,insufficient inner folds: UNI_RIDGE__XS008_SAME_MONTH_5Y/weekly/2018
UNI_RIDGE__XS008_SAME_MONTH_5Y,weekly,10,5,0,,,,,,,,,,,,,True,insufficient inner folds: UNI_RIDGE__XS008_SAME_MONTH_5Y/weekly/2018
UNI_RIDGE__XS008_SAME_MONTH_5Y,weekly,10,10,0,,,,,,,,,,,,,True,insufficient inner folds: UNI_RIDGE__XS008_SAME_MONTH_5Y/weekly/2018
UNI_RIDGE__XS008_SAME_MONTH_5Y,weekly,10,20,0,,,,,,,,,,,,,True,insufficient inner folds: UNI_RIDGE__XS008_SAME_MONTH_5Y/weekly/2018
UNI_RIDGE__XS008_SAME_MONTH_5Y,weekly,20,0,0,,,,,,,,,,,,,True,insufficient inner folds: UNI_RIDGE__XS008_SAME_MONTH_5Y/weekly/2018
UNI_RIDGE__XS008_SAME_MONTH_5Y,weekly,20,5,0,,,,,,,,,,,,,True,insufficient inner folds: UNI_RIDGE__XS008_SAME_MONTH_5Y/weekly/2018
UNI_RIDGE__XS008_SAME_MONTH_5Y,weekly,20,10,0,,,,,,,,,,,,,True,insufficient inner folds: UNI_RIDGE__XS008_SAME_MONTH_5Y/weekly/2018
UNI_RIDGE__XS008_SAME_MONTH_5Y,weekly,20,20,0,,,,,,,,,,,,,True,insufficient inner folds: UNI_RIDGE__XS008_SAME_MONTH_5Y/weekly/2018
UNI_RIDGE__XS008_SAME_MONTH_5Y,weekly,50,0,0,,,,,,,,,,,,,True,insufficient inner folds: UNI_RIDGE__XS008_SAME_MONTH_5Y/weekly/2018
UNI_RIDGE__XS008_SAME_MONTH_5Y,weekly,50,5,0,,,,,,,,,,,,,True,insufficient inner folds: UNI_RIDGE__XS008_SAME_MONTH_5Y/weekly/2018
UNI_RIDGE__XS008_SAME_MONTH_5Y,weekly,50,10,0,,,,,,,,,,,,,True,insufficient inner folds: UNI_RIDGE__XS008_SAME_MONTH_5Y/weekly/2018
UNI_RIDGE__XS008_SAME_MONTH_5Y,weekly,50,20,0,,,,,,,,,,,,,True,insufficient inner folds: UNI_RIDGE__XS008_SAME_MONTH_5Y/weekly/2018
UNI_RIDGE__XS008_SAME_MONTH_5Y,monthly,5,0,0,,,,,,,,,,,,,True,insufficient inner folds: UNI_RIDGE__XS008_SAME_MONTH_5Y/monthly/2018
UNI_RIDGE__XS008_SAME_MONTH_5Y,monthly,5,5,0,,,,,,,,,,,,,True,insufficient inner folds: UNI_RIDGE__XS008_SAME_MONTH_5Y/monthly/2018
UNI_RIDGE__XS008_SAME_MONTH_5Y,monthly,5,10,0,,,,,,,,,,,,,True,insufficient inner folds: UNI_RIDGE__XS008_SAME_MONTH_5Y/monthly/2018
UNI_RIDGE__XS008_SAME_MONTH_5Y,monthly,5,20,0,,,,,,,,,,,,,True,insufficient inner folds: UNI_RIDGE__XS008_SAME_MONTH_5Y/monthly/2018
UNI_RIDGE__XS008_SAME_MONTH_5Y,monthly,10,0,0,,,,,,,,,,,,,True,insufficient inner folds: UNI_RIDGE__XS008_SAME_MONTH_5Y/monthly/2018
UNI_RIDGE__XS008_SAME_MONTH_5Y,monthly,10,5,0,,,,,,,,,,,,,True,insufficient inner folds: UNI_RIDGE__XS008_SAME_MONTH_5Y/monthly/2018
UNI_RIDGE__XS008_SAME_MONTH_5Y,monthly,10,10,0,,,,,,,,,,,,,True,insufficient inner folds: UNI_RIDGE__XS008_SAME_MONTH_5Y/monthly/2018
UNI_RIDGE__XS008_SAME_MONTH_5Y,monthly,10,20,0,,,,,,,,,,,,,True,insufficient inner folds: UNI_RIDGE__XS008_SAME_MONTH_5Y/monthly/2018
UNI_RIDGE__XS008_SAME_MONTH_5Y,monthly,20,0,0,,,,,,,,,,,,,True,insufficient inner folds: UNI_RIDGE__XS008_SAME_MONTH_5Y/monthly/2018
UNI_RIDGE__XS008_SAME_MONTH_5Y,monthly,20,5,0,,,,,,,,,,,,,True,insufficient inner folds: UNI_RIDGE__XS008_SAME_MONTH_5Y/monthly/2018
UNI_RIDGE__XS008_SAME_MONTH_5Y,monthly,20,10,0,,,,,,,,,,,,,True,insufficient inner folds: UNI_RIDGE__XS008_SAME_MONTH_5Y/monthly/2018
UNI_RIDGE__XS008_SAME_MONTH_5Y,monthly,20,20,0,,,,,,,,,,,,,True,insufficient inner folds: UNI_RIDGE__XS008_SAME_MONTH_5Y/monthly/2018
UNI_RIDGE__XS008_SAME_MONTH_5Y,monthly,50,0,0,,,,,,,,,,,,,True,insufficient inner folds: UNI_RIDGE__XS008_SAME_MONTH_5Y/monthly/2018
UNI_RIDGE__XS008_SAME_MONTH_5Y,monthly,50,5,0,,,,,,,,,,,,,True,insufficient inner folds: UNI_RIDGE__XS008_SAME_MONTH_5Y/monthly/2018
UNI_RIDGE__XS008_SAME_MONTH_5Y,monthly,50,10,0,,,,,,,,,,,,,True,insufficient inner folds: UNI_RIDGE__XS008_SAME_MONTH_5Y/monthly/2018
UNI_RIDGE__XS008_SAME_MONTH_5Y,monthly,50,20,0,,,,,,,,,,,,,True,insufficient inner folds: UNI_RIDGE__XS008_SAME_MONTH_5Y/monthly/2018
UNI_RIDGE__XS013_LOW_BETA_FP,weekly,5,0,0,,,,,,,,,,,,,True,insufficient inner folds: UNI_RIDGE__XS013_LOW_BETA_FP/weekly/2018
UNI_RIDGE__XS013_LOW_BETA_FP,weekly,5,5,0,,,,,,,,,,,,,True,insufficient inner folds: UNI_RIDGE__XS013_LOW_BETA_FP/weekly/2018
UNI_RIDGE__XS013_LOW_BETA_FP,weekly,5,10,0,,,,,,,,,,,,,True,insufficient inner folds: UNI_RIDGE__XS013_LOW_BETA_FP/weekly/2018
UNI_RIDGE__XS013_LOW_BETA_FP,weekly,5,20,0,,,,,,,,,,,,,True,insufficient inner folds: UNI_RIDGE__XS013_LOW_BETA_FP/weekly/2018
UNI_RIDGE__XS013_LOW_BETA_FP,weekly,10,0,0,,,,,,,,,,,,,True,insufficient inner folds: UNI_RIDGE__XS013_LOW_BETA_FP/weekly/2018
UNI_RIDGE__XS013_LOW_BETA_FP,weekly,10,5,0,,,,,,,,,,,,,True,insufficient inner folds: UNI_RIDGE__XS013_LOW_BETA_FP/weekly/2018
UNI_RIDGE__XS013_LOW_BETA_FP,weekly,10,10,0,,,,,,,,,,,,,True,insufficient inner folds: UNI_RIDGE__XS013_LOW_BETA_FP/weekly/2018
UNI_RIDGE__XS013_LOW_BETA_FP,weekly,10,20,0,,,,,,,,,,,,,True,insufficient inner folds: UNI_RIDGE__XS013_LOW_BETA_FP/weekly/2018
UNI_RIDGE__XS013_LOW_BETA_FP,weekly,20,0,0,,,,,,,,,,,,,True,insufficient inner folds: UNI_RIDGE__XS013_LOW_BETA_FP/weekly/2018
UNI_RIDGE__XS013_LOW_BETA_FP,weekly,20,5,0,,,,,,,,,,,,,True,insufficient inner folds: UNI_RIDGE__XS013_LOW_BETA_FP/weekly/2018
UNI_RIDGE__XS013_LOW_BETA_FP,weekly,20,10,0,,,,,,,,,,,,,True,insufficient inner folds: UNI_RIDGE__XS013_LOW_BETA_FP/weekly/2018
UNI_RIDGE__XS013_LOW_BETA_FP,weekly,20,20,0,,,,,,,,,,,,,True,insufficient inner folds: UNI_RIDGE__XS013_LOW_BETA_FP/weekly/2018
UNI_RIDGE__XS013_LOW_BETA_FP,weekly,50,0,0,,,,,,,,,,,,,True,insufficient inner folds: UNI_RIDGE__XS013_LOW_BETA_FP/weekly/2018
UNI_RIDGE__XS013_LOW_BETA_FP,weekly,50,5,0,,,,,,,,,,,,,True,insufficient inner folds: UNI_RIDGE__XS013_LOW_BETA_FP/weekly/2018
UNI_RIDGE__XS013_LOW_BETA_FP,weekly,50,10,0,,,,,,,,,,,,,True,insufficient inner folds: UNI_RIDGE__XS013_LOW_BETA_FP/weekly/2018
UNI_RIDGE__XS013_LOW_BETA_FP,weekly,50,20,0,,,,,,,,,,,,,True,insufficient inner folds: UNI_RIDGE__XS013_LOW_BETA_FP/weekly/2018
UNI_RIDGE__XS013_LOW_BETA_FP,monthly,5,0,0,,,,,,,,,,,,,True,insufficient inner folds: UNI_RIDGE__XS013_LOW_BETA_FP/monthly/2018
UNI_RIDGE__XS013_LOW_BETA_FP,monthly,5,5,0,,,,,,,,,,,,,True,insufficient inner folds: UNI_RIDGE__XS013_LOW_BETA_FP/monthly/2018
UNI_RIDGE__XS013_LOW_BETA_FP,monthly,5,10,0,,,,,,,,,,,,,True,insufficient inner folds: UNI_RIDGE__XS013_LOW_BETA_FP/monthly/2018
UNI_RIDGE__XS013_LOW_BETA_FP,monthly,5,20,0,,,,,,,,,,,,,True,insufficient inner folds: UNI_RIDGE__XS013_LOW_BETA_FP/monthly/2018
UNI_RIDGE__XS013_LOW_BETA_FP,monthly,10,0,0,,,,,,,,,,,,,True,insufficient inner folds: UNI_RIDGE__XS013_LOW_BETA_FP/monthly/2018
UNI_RIDGE__XS013_LOW_BETA_FP,monthly,10,5,0,,,,,,,,,,,,,True,insufficient inner folds: UNI_RIDGE__XS013_LOW_BETA_FP/monthly/2018
UNI_RIDGE__XS013_LOW_BETA_FP,monthly,10,10,0,,,,,,,,,,,,,True,insufficient inner folds: UNI_RIDGE__XS013_LOW_BETA_FP/monthly/2018
UNI_RIDGE__XS013_LOW_BETA_FP,monthly,10,20,0,,,,,,,,,,,,,True,insufficient inner folds: UNI_RIDGE__XS013_LOW_BETA_FP/monthly/2018
UNI_RIDGE__XS013_LOW_BETA_FP,monthly,20,0,0,,,,,,,,,,,,,True,insufficient inner folds: UNI_RIDGE__XS013_LOW_BETA_FP/monthly/2018
UNI_RIDGE__XS013_LOW_BETA_FP,monthly,20,5,0,,,,,,,,,,,,,True,insufficient inner folds: UNI_RIDGE__XS013_LOW_BETA_FP/monthly/2018
UNI_RIDGE__XS013_LOW_BETA_FP,monthly,20,10,0,,,,,,,,,,,,,True,insufficient inner folds: UNI_RIDGE__XS013_LOW_BETA_FP/monthly/2018
UNI_RIDGE__XS013_LOW_BETA_FP,monthly,20,20,0,,,,,,,,,,,,,True,insufficient inner folds: UNI_RIDGE__XS013_LOW_BETA_FP/monthly/2018
UNI_RIDGE__XS013_LOW_BETA_FP,monthly,50,0,0,,,,,,,,,,,,,True,insufficient inner folds: UNI_RIDGE__XS013_LOW_BETA_FP/monthly/2018
UNI_RIDGE__XS013_LOW_BETA_FP,monthly,50,5,0,,,,,,,,,,,,,True,insufficient inner folds: UNI_RIDGE__XS013_LOW_BETA_FP/monthly/2018
UNI_RIDGE__XS013_LOW_BETA_FP,monthly,50,10,0,,,,,,,,,,,,,True,insufficient inner folds: UNI_RIDGE__XS013_LOW_BETA_FP/monthly/2018
UNI_RIDGE__XS013_LOW_BETA_FP,monthly,50,20,0,,,,,,,,,,,,,True,insufficient inner folds: UNI_RIDGE__XS013_LOW_BETA_FP/monthly/2018
UNI_LGBM__XS008_SAME_MONTH_5Y,weekly,5,0,0,,,,,,,,,,,,,True,insufficient inner folds: UNI_LGBM__XS008_SAME_MONTH_5Y/weekly/2018
UNI_LGBM__XS008_SAME_MONTH_5Y,weekly,5,5,0,,,,,,,,,,,,,True,insufficient inner folds: UNI_LGBM__XS008_SAME_MONTH_5Y/weekly/2018
UNI_LGBM__XS008_SAME_MONTH_5Y,weekly,5,10,0,,,,,,,,,,,,,True,insufficient inner folds: UNI_LGBM__XS008_SAME_MONTH_5Y/weekly/2018
UNI_LGBM__XS008_SAME_MONTH_5Y,weekly,5,20,0,,,,,,,,,,,,,True,insufficient inner folds: UNI_LGBM__XS008_SAME_MONTH_5Y/weekly/2018
UNI_LGBM__XS008_SAME_MONTH_5Y,weekly,10,0,0,,,,,,,,,,,,,True,insufficient inner folds: UNI_LGBM__XS008_SAME_MONTH_5Y/weekly/2018
UNI_LGBM__XS008_SAME_MONTH_5Y,weekly,10,5,0,,,,,,,,,,,,,True,insufficient inner folds: UNI_LGBM__XS008_SAME_MONTH_5Y/weekly/2018
UNI_LGBM__XS008_SAME_MONTH_5Y,weekly,10,10,0,,,,,,,,,,,,,True,insufficient inner folds: UNI_LGBM__XS008_SAME_MONTH_5Y/weekly/2018
UNI_LGBM__XS008_SAME_MONTH_5Y,weekly,10,20,0,,,,,,,,,,,,,True,insufficient inner folds: UNI_LGBM__XS008_SAME_MONTH_5Y/weekly/2018
UNI_LGBM__XS008_SAME_MONTH_5Y,weekly,20,0,0,,,,,,,,,,,,,True,insufficient inner folds: UNI_LGBM__XS008_SAME_MONTH_5Y/weekly/2018
UNI_LGBM__XS008_SAME_MONTH_5Y,weekly,20,5,0,,,,,,,,,,,,,True,insufficient inner folds: UNI_LGBM__XS008_SAME_MONTH_5Y/weekly/2018
UNI_LGBM__XS008_SAME_MONTH_5Y,weekly,20,10,0,,,,,,,,,,,,,True,insufficient inner folds: UNI_LGBM__XS008_SAME_MONTH_5Y/weekly/2018
UNI_LGBM__XS008_SAME_MONTH_5Y,weekly,20,20,0,,,,,,,,,,,,,True,insufficient inner folds: UNI_LGBM__XS008_SAME_MONTH_5Y/weekly/2018
UNI_LGBM__XS008_SAME_MONTH_5Y,weekly,50,0,0,,,,,,,,,,,,,True,insufficient inner folds: UNI_LGBM__XS008_SAME_MONTH_5Y/weekly/2018
UNI_LGBM__XS008_SAME_MONTH_5Y,weekly,50,5,0,,,,,,,,,,,,,True,insufficient inner folds: UNI_LGBM__XS008_SAME_MONTH_5Y/weekly/2018
UNI_LGBM__XS008_SAME_MONTH_5Y,weekly,50,10,0,,,,,,,,,,,,,True,insufficient inner folds: UNI_LGBM__XS008_SAME_MONTH_5Y/weekly/2018
UNI_LGBM__XS008_SAME_MONTH_5Y,weekly,50,20,0,,,,,,,,,,,,,True,insufficient inner folds: UNI_LGBM__XS008_SAME_MONTH_5Y/weekly/2018
UNI_LGBM__XS008_SAME_MONTH_5Y,monthly,5,0,0,,,,,,,,,,,,,True,insufficient inner folds: UNI_LGBM__XS008_SAME_MONTH_5Y/monthly/2018
UNI_LGBM__XS008_SAME_MONTH_5Y,monthly,5,5,0,,,,,,,,,,,,,True,insufficient inner folds: UNI_LGBM__XS008_SAME_MONTH_5Y/monthly/2018
UNI_LGBM__XS008_SAME_MONTH_5Y,monthly,5,10,0,,,,,,,,,,,,,True,insufficient inner folds: UNI_LGBM__XS008_SAME_MONTH_5Y/monthly/2018
UNI_LGBM__XS008_SAME_MONTH_5Y,monthly,5,20,0,,,,,,,,,,,,,True,insufficient inner folds: UNI_LGBM__XS008_SAME_MONTH_5Y/monthly/2018
UNI_LGBM__XS008_SAME_MONTH_5Y,monthly,10,0,0,,,,,,,,,,,,,True,insufficient inner folds: UNI_LGBM__XS008_SAME_MONTH_5Y/monthly/2018
UNI_LGBM__XS008_SAME_MONTH_5Y,monthly,10,5,0,,,,,,,,,,,,,True,insufficient inner folds: UNI_LGBM__XS008_SAME_MONTH_5Y/monthly/2018
UNI_LGBM__XS008_SAME_MONTH_5Y,monthly,10,10,0,,,,,,,,,,,,,True,insufficient inner folds: UNI_LGBM__XS008_SAME_MONTH_5Y/monthly/2018
UNI_LGBM__XS008_SAME_MONTH_5Y,monthly,10,20,0,,,,,,,,,,,,,True,insufficient inner folds: UNI_LGBM__XS008_SAME_MONTH_5Y/monthly/2018
UNI_LGBM__XS008_SAME_MONTH_5Y,monthly,20,0,0,,,,,,,,,,,,,True,insufficient inner folds: UNI_LGBM__XS008_SAME_MONTH_5Y/monthly/2018
UNI_LGBM__XS008_SAME_MONTH_5Y,monthly,20,5,0,,,,,,,,,,,,,True,insufficient inner folds: UNI_LGBM__XS008_SAME_MONTH_5Y/monthly/2018
UNI_LGBM__XS008_SAME_MONTH_5Y,monthly,20,10,0,,,,,,,,,,,,,True,insufficient inner folds: UNI_LGBM__XS008_SAME_MONTH_5Y/monthly/2018
UNI_LGBM__XS008_SAME_MONTH_5Y,monthly,20,20,0,,,,,,,,,,,,,True,insufficient inner folds: UNI_LGBM__XS008_SAME_MONTH_5Y/monthly/2018
UNI_LGBM__XS008_SAME_MONTH_5Y,monthly,50,0,0,,,,,,,,,,,,,True,insufficient inner folds: UNI_LGBM__XS008_SAME_MONTH_5Y/monthly/2018
UNI_LGBM__XS008_SAME_MONTH_5Y,monthly,50,5,0,,,,,,,,,,,,,True,insufficient inner folds: UNI_LGBM__XS008_SAME_MONTH_5Y/monthly/2018
UNI_LGBM__XS008_SAME_MONTH_5Y,monthly,50,10,0,,,,,,,,,,,,,True,insufficient inner folds: UNI_LGBM__XS008_SAME_MONTH_5Y/monthly/2018
UNI_LGBM__XS008_SAME_MONTH_5Y,monthly,50,20,0,,,,,,,,,,,,,True,insufficient inner folds: UNI_LGBM__XS008_SAME_MONTH_5Y/monthly/2018
UNI_LGBM__XS013_LOW_BETA_FP,weekly,5,0,0,,,,,,,,,,,,,True,insufficient inner folds: UNI_LGBM__XS013_LOW_BETA_FP/weekly/2018
UNI_LGBM__XS013_LOW_BETA_FP,weekly,5,5,0,,,,,,,,,,,,,True,insufficient inner folds: UNI_LGBM__XS013_LOW_BETA_FP/weekly/2018
UNI_LGBM__XS013_LOW_BETA_FP,weekly,5,10,0,,,,,,,,,,,,,True,insufficient inner folds: UNI_LGBM__XS013_LOW_BETA_FP/weekly/2018
UNI_LGBM__XS013_LOW_BETA_FP,weekly,5,20,0,,,,,,,,,,,,,True,insufficient inner folds: UNI_LGBM__XS013_LOW_BETA_FP/weekly/2018
UNI_LGBM__XS013_LOW_BETA_FP,weekly,10,0,0,,,,,,,,,,,,,True,insufficient inner folds: UNI_LGBM__XS013_LOW_BETA_FP/weekly/2018
UNI_LGBM__XS013_LOW_BETA_FP,weekly,10,5,0,,,,,,,,,,,,,True,insufficient inner folds: UNI_LGBM__XS013_LOW_BETA_FP/weekly/2018
UNI_LGBM__XS013_LOW_BETA_FP,weekly,10,10,0,,,,,,,,,,,,,True,insufficient inner folds: UNI_LGBM__XS013_LOW_BETA_FP/weekly/2018
UNI_LGBM__XS013_LOW_BETA_FP,weekly,10,20,0,,,,,,,,,,,,,True,insufficient inner folds: UNI_LGBM__XS013_LOW_BETA_FP/weekly/2018
UNI_LGBM__XS013_LOW_BETA_FP,weekly,20,0,0,,,,,,,,,,,,,True,insufficient inner folds: UNI_LGBM__XS013_LOW_BETA_FP/weekly/2018
UNI_LGBM__XS013_LOW_BETA_FP,weekly,20,5,0,,,,,,,,,,,,,True,insufficient inner folds: UNI_LGBM__XS013_LOW_BETA_FP/weekly/2018
UNI_LGBM__XS013_LOW_BETA_FP,weekly,20,10,0,,,,,,,,,,,,,True,insufficient inner folds: UNI_LGBM__XS013_LOW_BETA_FP/weekly/2018
UNI_LGBM__XS013_LOW_BETA_FP,weekly,20,20,0,,,,,,,,,,,,,True,insufficient inner folds: UNI_LGBM__XS013_LOW_BETA_FP/weekly/2018
UNI_LGBM__XS013_LOW_BETA_FP,weekly,50,0,0,,,,,,,,,,,,,True,insufficient inner folds: UNI_LGBM__XS013_LOW_BETA_FP/weekly/2018
UNI_LGBM__XS013_LOW_BETA_FP,weekly,50,5,0,,,,,,,,,,,,,True,insufficient inner folds: UNI_LGBM__XS013_LOW_BETA_FP/weekly/2018
UNI_LGBM__XS013_LOW_BETA_FP,weekly,50,10,0,,,,,,,,,,,,,True,insufficient inner folds: UNI_LGBM__XS013_LOW_BETA_FP/weekly/2018
UNI_LGBM__XS013_LOW_BETA_FP,weekly,50,20,0,,,,,,,,,,,,,True,insufficient inner folds: UNI_LGBM__XS013_LOW_BETA_FP/weekly/2018
UNI_LGBM__XS013_LOW_BETA_FP,monthly,5,0,0,,,,,,,,,,,,,True,insufficient inner folds: UNI_LGBM__XS013_LOW_BETA_FP/monthly/2018
UNI_LGBM__XS013_LOW_BETA_FP,monthly,5,5,0,,,,,,,,,,,,,True,insufficient inner folds: UNI_LGBM__XS013_LOW_BETA_FP/monthly/2018
UNI_LGBM__XS013_LOW_BETA_FP,monthly,5,10,0,,,,,,,,,,,,,True,insufficient inner folds: UNI_LGBM__XS013_LOW_BETA_FP/monthly/2018
UNI_LGBM__XS013_LOW_BETA_FP,monthly,5,20,0,,,,,,,,,,,,,True,insufficient inner folds: UNI_LGBM__XS013_LOW_BETA_FP/monthly/2018
UNI_LGBM__XS013_LOW_BETA_FP,monthly,10,0,0,,,,,,,,,,,,,True,insufficient inner folds: UNI_LGBM__XS013_LOW_BETA_FP/monthly/2018
UNI_LGBM__XS013_LOW_BETA_FP,monthly,10,5,0,,,,,,,,,,,,,True,insufficient inner folds: UNI_LGBM__XS013_LOW_BETA_FP/monthly/2018
UNI_LGBM__XS013_LOW_BETA_FP,monthly,10,10,0,,,,,,,,,,,,,True,insufficient inner folds: UNI_LGBM__XS013_LOW_BETA_FP/monthly/2018
UNI_LGBM__XS013_LOW_BETA_FP,monthly,10,20,0,,,,,,,,,,,,,True,insufficient inner folds: UNI_LGBM__XS013_LOW_BETA_FP/monthly/2018
UNI_LGBM__XS013_LOW_BETA_FP,monthly,20,0,0,,,,,,,,,,,,,True,insufficient inner folds: UNI_LGBM__XS013_LOW_BETA_FP/monthly/2018
UNI_LGBM__XS013_LOW_BETA_FP,monthly,20,5,0,,,,,,,,,,,,,True,insufficient inner folds: UNI_LGBM__XS013_LOW_BETA_FP/monthly/2018
UNI_LGBM__XS013_LOW_BETA_FP,monthly,20,10,0,,,,,,,,,,,,,True,insufficient inner folds: UNI_LGBM__XS013_LOW_BETA_FP/monthly/2018
UNI_LGBM__XS013_LOW_BETA_FP,monthly,20,20,0,,,,,,,,,,,,,True,insufficient inner folds: UNI_LGBM__XS013_LOW_BETA_FP/monthly/2018
UNI_LGBM__XS013_LOW_BETA_FP,monthly,50,0,0,,,,,,,,,,,,,True,insufficient inner folds: UNI_LGBM__XS013_LOW_BETA_FP/monthly/2018
UNI_LGBM__XS013_LOW_BETA_FP,monthly,50,5,0,,,,,,,,,,,,,True,insufficient inner folds: UNI_LGBM__XS013_LOW_BETA_FP/monthly/2018
UNI_LGBM__XS013_LOW_BETA_FP,monthly,50,10,0,,,,,,,,,,,,,True,insufficient inner folds: UNI_LGBM__XS013_LOW_BETA_FP/monthly/2018
UNI_LGBM__XS013_LOW_BETA_FP,monthly,50,20,0,,,,,,,,,,,,,True,insufficient inner folds: UNI_LGBM__XS013_LOW_BETA_FP/monthly/2018
FO_LGBM__ROLE5,weekly,5,0,0,,,,,,,,,,,,,True,all recipes invalid: FO_LGBM__ROLE5/weekly/2018
FO_LGBM__ROLE5,weekly,5,5,0,,,,,,,,,,,,,True,all recipes invalid: FO_LGBM__ROLE5/weekly/2018
FO_LGBM__ROLE5,weekly,5,10,0,,,,,,,,,,,,,True,all recipes invalid: FO_LGBM__ROLE5/weekly/2018
FO_LGBM__ROLE5,weekly,5,20,0,,,,,,,,,,,,,True,all recipes invalid: FO_LGBM__ROLE5/weekly/2018
FO_LGBM__ROLE5,weekly,10,0,0,,,,,,,,,,,,,True,all recipes invalid: FO_LGBM__ROLE5/weekly/2018
FO_LGBM__ROLE5,weekly,10,5,0,,,,,,,,,,,,,True,all recipes invalid: FO_LGBM__ROLE5/weekly/2018
FO_LGBM__ROLE5,weekly,10,10,0,,,,,,,,,,,,,True,all recipes invalid: FO_LGBM__ROLE5/weekly/2018
FO_LGBM__ROLE5,weekly,10,20,0,,,,,,,,,,,,,True,all recipes invalid: FO_LGBM__ROLE5/weekly/2018
FO_LGBM__ROLE5,weekly,20,0,0,,,,,,,,,,,,,True,all recipes invalid: FO_LGBM__ROLE5/weekly/2018
FO_LGBM__ROLE5,weekly,20,5,0,,,,,,,,,,,,,True,all recipes invalid: FO_LGBM__ROLE5/weekly/2018
FO_LGBM__ROLE5,weekly,20,10,0,,,,,,,,,,,,,True,all recipes invalid: FO_LGBM__ROLE5/weekly/2018
FO_LGBM__ROLE5,weekly,20,20,0,,,,,,,,,,,,,True,all recipes invalid: FO_LGBM__ROLE5/weekly/2018
FO_LGBM__ROLE5,weekly,50,0,0,,,,,,,,,,,,,True,all recipes invalid: FO_LGBM__ROLE5/weekly/2018
FO_LGBM__ROLE5,weekly,50,5,0,,,,,,,,,,,,,True,all recipes invalid: FO_LGBM__ROLE5/weekly/2018
FO_LGBM__ROLE5,weekly,50,10,0,,,,,,,,,,,,,True,all recipes invalid: FO_LGBM__ROLE5/weekly/2018
FO_LGBM__ROLE5,weekly,50,20,0,,,,,,,,,,,,,True,all recipes invalid: FO_LGBM__ROLE5/weekly/2018
FO_LGBM__ROLE5,monthly,5,0,0,,,,,,,,,,,,,True,all recipes invalid: FO_LGBM__ROLE5/monthly/2018
FO_LGBM__ROLE5,monthly,5,5,0,,,,,,,,,,,,,True,all recipes invalid: FO_LGBM__ROLE5/monthly/2018
FO_LGBM__ROLE5,monthly,5,10,0,,,,,,,,,,,,,True,all recipes invalid: FO_LGBM__ROLE5/monthly/2018
FO_LGBM__ROLE5,monthly,5,20,0,,,,,,,,,,,,,True,all recipes invalid: FO_LGBM__ROLE5/monthly/2018
FO_LGBM__ROLE5,monthly,10,0,0,,,,,,,,,,,,,True,all recipes invalid: FO_LGBM__ROLE5/monthly/2018
FO_LGBM__ROLE5,monthly,10,5,0,,,,,,,,,,,,,True,all recipes invalid: FO_LGBM__ROLE5/monthly/2018
FO_LGBM__ROLE5,monthly,10,10,0,,,,,,,,,,,,,True,all recipes invalid: FO_LGBM__ROLE5/monthly/2018
FO_LGBM__ROLE5,monthly,10,20,0,,,,,,,,,,,,,True,all recipes invalid: FO_LGBM__ROLE5/monthly/2018
FO_LGBM__ROLE5,monthly,20,0,0,,,,,,,,,,,,,True,all recipes invalid: FO_LGBM__ROLE5/monthly/2018
FO_LGBM__ROLE5,monthly,20,5,0,,,,,,,,,,,,,True,all recipes invalid: FO_LGBM__ROLE5/monthly/2018
FO_LGBM__ROLE5,monthly,20,10,0,,,,,,,,,,,,,True,all recipes invalid: FO_LGBM__ROLE5/monthly/2018
FO_LGBM__ROLE5,monthly,20,20,0,,,,,,,,,,,,,True,all recipes invalid: FO_LGBM__ROLE5/monthly/2018
FO_LGBM__ROLE5,monthly,50,0,0,,,,,,,,,,,,,True,all recipes invalid: FO_LGBM__ROLE5/monthly/2018
FO_LGBM__ROLE5,monthly,50,5,0,,,,,,,,,,,,,True,all recipes invalid: FO_LGBM__ROLE5/monthly/2018
FO_LGBM__ROLE5,monthly,50,10,0,,,,,,,,,,,,,True,all recipes invalid: FO_LGBM__ROLE5/monthly/2018
FO_LGBM__ROLE5,monthly,50,20,0,,,,,,,,,,,,,True,all recipes invalid: FO_LGBM__ROLE5/monthly/2018
FO_LGBM__ALL14,weekly,5,0,0,,,,,,,,,,,,,True,all recipes invalid: FO_LGBM__ALL14/weekly/2018
FO_LGBM__ALL14,weekly,5,5,0,,,,,,,,,,,,,True,all recipes invalid: FO_LGBM__ALL14/weekly/2018
FO_LGBM__ALL14,weekly,5,10,0,,,,,,,,,,,,,True,all recipes invalid: FO_LGBM__ALL14/weekly/2018
FO_LGBM__ALL14,weekly,5,20,0,,,,,,,,,,,,,True,all recipes invalid: FO_LGBM__ALL14/weekly/2018
FO_LGBM__ALL14,weekly,10,0,0,,,,,,,,,,,,,True,all recipes invalid: FO_LGBM__ALL14/weekly/2018
FO_LGBM__ALL14,weekly,10,5,0,,,,,,,,,,,,,True,all recipes invalid: FO_LGBM__ALL14/weekly/2018
FO_LGBM__ALL14,weekly,10,10,0,,,,,,,,,,,,,True,all recipes invalid: FO_LGBM__ALL14/weekly/2018
FO_LGBM__ALL14,weekly,10,20,0,,,,,,,,,,,,,True,all recipes invalid: FO_LGBM__ALL14/weekly/2018
FO_LGBM__ALL14,weekly,20,0,0,,,,,,,,,,,,,True,all recipes invalid: FO_LGBM__ALL14/weekly/2018
FO_LGBM__ALL14,weekly,20,5,0,,,,,,,,,,,,,True,all recipes invalid: FO_LGBM__ALL14/weekly/2018
FO_LGBM__ALL14,weekly,20,10,0,,,,,,,,,,,,,True,all recipes invalid: FO_LGBM__ALL14/weekly/2018
FO_LGBM__ALL14,weekly,20,20,0,,,,,,,,,,,,,True,all recipes invalid: FO_LGBM__ALL14/weekly/2018
FO_LGBM__ALL14,weekly,50,0,0,,,,,,,,,,,,,True,all recipes invalid: FO_LGBM__ALL14/weekly/2018
FO_LGBM__ALL14,weekly,50,5,0,,,,,,,,,,,,,True,all recipes invalid: FO_LGBM__ALL14/weekly/2018
FO_LGBM__ALL14,weekly,50,10,0,,,,,,,,,,,,,True,all recipes invalid: FO_LGBM__ALL14/weekly/2018
FO_LGBM__ALL14,weekly,50,20,0,,,,,,,,,,,,,True,all recipes invalid: FO_LGBM__ALL14/weekly/2018
FO_LGBM__ALL14,monthly,5,0,0,,,,,,,,,,,,,True,all recipes invalid: FO_LGBM__ALL14/monthly/2018
FO_LGBM__ALL14,monthly,5,5,0,,,,,,,,,,,,,True,all recipes invalid: FO_LGBM__ALL14/monthly/2018
FO_LGBM__ALL14,monthly,5,10,0,,,,,,,,,,,,,True,all recipes invalid: FO_LGBM__ALL14/monthly/2018
FO_LGBM__ALL14,monthly,5,20,0,,,,,,,,,,,,,True,all recipes invalid: FO_LGBM__ALL14/monthly/2018
FO_LGBM__ALL14,monthly,10,0,0,,,,,,,,,,,,,True,all recipes invalid: FO_LGBM__ALL14/monthly/2018
FO_LGBM__ALL14,monthly,10,5,0,,,,,,,,,,,,,True,all recipes invalid: FO_LGBM__ALL14/monthly/2018
FO_LGBM__ALL14,monthly,10,10,0,,,,,,,,,,,,,True,all recipes invalid: FO_LGBM__ALL14/monthly/2018
FO_LGBM__ALL14,monthly,10,20,0,,,,,,,,,,,,,True,all recipes invalid: FO_LGBM__ALL14/monthly/2018
FO_LGBM__ALL14,monthly,20,0,0,,,,,,,,,,,,,True,all recipes invalid: FO_LGBM__ALL14/monthly/2018
FO_LGBM__ALL14,monthly,20,5,0,,,,,,,,,,,,,True,all recipes invalid: FO_LGBM__ALL14/monthly/2018
FO_LGBM__ALL14,monthly,20,10,0,,,,,,,,,,,,,True,all recipes invalid: FO_LGBM__ALL14/monthly/2018
FO_LGBM__ALL14,monthly,20,20,0,,,,,,,,,,,,,True,all recipes invalid: FO_LGBM__ALL14/monthly/2018
FO_LGBM__ALL14,monthly,50,0,0,,,,,,,,,,,,,True,all recipes invalid: FO_LGBM__ALL14/monthly/2018
FO_LGBM__ALL14,monthly,50,5,0,,,,,,,,,,,,,True,all recipes invalid: FO_LGBM__ALL14/monthly/2018
FO_LGBM__ALL14,monthly,50,10,0,,,,,,,,,,,,,True,all recipes invalid: FO_LGBM__ALL14/monthly/2018
FO_LGBM__ALL14,monthly,50,20,0,,,,,,,,,,,,,True,all recipes invalid: FO_LGBM__ALL14/monthly/2018
FS_LGBM__ROLE5_S2,weekly,5,0,0,,,,,,,,,,,,,True,"missing inherited recipe: ('FO_LGBM__ROLE5', 'weekly', 2018)"
FS_LGBM__ROLE5_S2,weekly,5,5,0,,,,,,,,,,,,,True,"missing inherited recipe: ('FO_LGBM__ROLE5', 'weekly', 2018)"
FS_LGBM__ROLE5_S2,weekly,5,10,0,,,,,,,,,,,,,True,"missing inherited recipe: ('FO_LGBM__ROLE5', 'weekly', 2018)"
FS_LGBM__ROLE5_S2,weekly,5,20,0,,,,,,,,,,,,,True,"missing inherited recipe: ('FO_LGBM__ROLE5', 'weekly', 2018)"
FS_LGBM__ROLE5_S2,weekly,10,0,0,,,,,,,,,,,,,True,"missing inherited recipe: ('FO_LGBM__ROLE5', 'weekly', 2018)"
FS_LGBM__ROLE5_S2,weekly,10,5,0,,,,,,,,,,,,,True,"missing inherited recipe: ('FO_LGBM__ROLE5', 'weekly', 2018)"
FS_LGBM__ROLE5_S2,weekly,10,10,0,,,,,,,,,,,,,True,"missing inherited recipe: ('FO_LGBM__ROLE5', 'weekly', 2018)"
FS_LGBM__ROLE5_S2,weekly,10,20,0,,,,,,,,,,,,,True,"missing inherited recipe: ('FO_LGBM__ROLE5', 'weekly', 2018)"
FS_LGBM__ROLE5_S2,weekly,20,0,0,,,,,,,,,,,,,True,"missing inherited recipe: ('FO_LGBM__ROLE5', 'weekly', 2018)"
FS_LGBM__ROLE5_S2,weekly,20,5,0,,,,,,,,,,,,,True,"missing inherited recipe: ('FO_LGBM__ROLE5', 'weekly', 2018)"
FS_LGBM__ROLE5_S2,weekly,20,10,0,,,,,,,,,,,,,True,"missing inherited recipe: ('FO_LGBM__ROLE5', 'weekly', 2018)"
FS_LGBM__ROLE5_S2,weekly,20,20,0,,,,,,,,,,,,,True,"missing inherited recipe: ('FO_LGBM__ROLE5', 'weekly', 2018)"
FS_LGBM__ROLE5_S2,weekly,50,0,0,,,,,,,,,,,,,True,"missing inherited recipe: ('FO_LGBM__ROLE5', 'weekly', 2018)"
FS_LGBM__ROLE5_S2,weekly,50,5,0,,,,,,,,,,,,,True,"missing inherited recipe: ('FO_LGBM__ROLE5', 'weekly', 2018)"
FS_LGBM__ROLE5_S2,weekly,50,10,0,,,,,,,,,,,,,True,"missing inherited recipe: ('FO_LGBM__ROLE5', 'weekly', 2018)"
FS_LGBM__ROLE5_S2,weekly,50,20,0,,,,,,,,,,,,,True,"missing inherited recipe: ('FO_LGBM__ROLE5', 'weekly', 2018)"
FS_LGBM__ROLE5_S2,monthly,5,0,0,,,,,,,,,,,,,True,"missing inherited recipe: ('FO_LGBM__ROLE5', 'monthly', 2018)"
FS_LGBM__ROLE5_S2,monthly,5,5,0,,,,,,,,,,,,,True,"missing inherited recipe: ('FO_LGBM__ROLE5', 'monthly', 2018)"
FS_LGBM__ROLE5_S2,monthly,5,10,0,,,,,,,,,,,,,True,"missing inherited recipe: ('FO_LGBM__ROLE5', 'monthly', 2018)"
FS_LGBM__ROLE5_S2,monthly,5,20,0,,,,,,,,,,,,,True,"missing inherited recipe: ('FO_LGBM__ROLE5', 'monthly', 2018)"
FS_LGBM__ROLE5_S2,monthly,10,0,0,,,,,,,,,,,,,True,"missing inherited recipe: ('FO_LGBM__ROLE5', 'monthly', 2018)"
FS_LGBM__ROLE5_S2,monthly,10,5,0,,,,,,,,,,,,,True,"missing inherited recipe: ('FO_LGBM__ROLE5', 'monthly', 2018)"
FS_LGBM__ROLE5_S2,monthly,10,10,0,,,,,,,,,,,,,True,"missing inherited recipe: ('FO_LGBM__ROLE5', 'monthly', 2018)"
FS_LGBM__ROLE5_S2,monthly,10,20,0,,,,,,,,,,,,,True,"missing inherited recipe: ('FO_LGBM__ROLE5', 'monthly', 2018)"
FS_LGBM__ROLE5_S2,monthly,20,0,0,,,,,,,,,,,,,True,"missing inherited recipe: ('FO_LGBM__ROLE5', 'monthly', 2018)"
FS_LGBM__ROLE5_S2,monthly,20,5,0,,,,,,,,,,,,,True,"missing inherited recipe: ('FO_LGBM__ROLE5', 'monthly', 2018)"
FS_LGBM__ROLE5_S2,monthly,20,10,0,,,,,,,,,,,,,True,"missing inherited recipe: ('FO_LGBM__ROLE5', 'monthly', 2018)"
FS_LGBM__ROLE5_S2,monthly,20,20,0,,,,,,,,,,,,,True,"missing inherited recipe: ('FO_LGBM__ROLE5', 'monthly', 2018)"
FS_LGBM__ROLE5_S2,monthly,50,0,0,,,,,,,,,,,,,True,"missing inherited recipe: ('FO_LGBM__ROLE5', 'monthly', 2018)"
FS_LGBM__ROLE5_S2,monthly,50,5,0,,,,,,,,,,,,,True,"missing inherited recipe: ('FO_LGBM__ROLE5', 'monthly', 2018)"
FS_LGBM__ROLE5_S2,monthly,50,10,0,,,,,,,,,,,,,True,"missing inherited recipe: ('FO_LGBM__ROLE5', 'monthly', 2018)"
FS_LGBM__ROLE5_S2,monthly,50,20,0,,,,,,,,,,,,,True,"missing inherited recipe: ('FO_LGBM__ROLE5', 'monthly', 2018)"
FS_LGBM__ALL14_S6,weekly,5,0,0,,,,,,,,,,,,,True,"missing inherited recipe: ('FO_LGBM__ALL14', 'weekly', 2018)"
FS_LGBM__ALL14_S6,weekly,5,5,0,,,,,,,,,,,,,True,"missing inherited recipe: ('FO_LGBM__ALL14', 'weekly', 2018)"
FS_LGBM__ALL14_S6,weekly,5,10,0,,,,,,,,,,,,,True,"missing inherited recipe: ('FO_LGBM__ALL14', 'weekly', 2018)"
FS_LGBM__ALL14_S6,weekly,5,20,0,,,,,,,,,,,,,True,"missing inherited recipe: ('FO_LGBM__ALL14', 'weekly', 2018)"
FS_LGBM__ALL14_S6,weekly,10,0,0,,,,,,,,,,,,,True,"missing inherited recipe: ('FO_LGBM__ALL14', 'weekly', 2018)"
FS_LGBM__ALL14_S6,weekly,10,5,0,,,,,,,,,,,,,True,"missing inherited recipe: ('FO_LGBM__ALL14', 'weekly', 2018)"
FS_LGBM__ALL14_S6,weekly,10,10,0,,,,,,,,,,,,,True,"missing inherited recipe: ('FO_LGBM__ALL14', 'weekly', 2018)"
FS_LGBM__ALL14_S6,weekly,10,20,0,,,,,,,,,,,,,True,"missing inherited recipe: ('FO_LGBM__ALL14', 'weekly', 2018)"
FS_LGBM__ALL14_S6,weekly,20,0,0,,,,,,,,,,,,,True,"missing inherited recipe: ('FO_LGBM__ALL14', 'weekly', 2018)"
FS_LGBM__ALL14_S6,weekly,20,5,0,,,,,,,,,,,,,True,"missing inherited recipe: ('FO_LGBM__ALL14', 'weekly', 2018)"
FS_LGBM__ALL14_S6,weekly,20,10,0,,,,,,,,,,,,,True,"missing inherited recipe: ('FO_LGBM__ALL14', 'weekly', 2018)"
FS_LGBM__ALL14_S6,weekly,20,20,0,,,,,,,,,,,,,True,"missing inherited recipe: ('FO_LGBM__ALL14', 'weekly', 2018)"
FS_LGBM__ALL14_S6,weekly,50,0,0,,,,,,,,,,,,,True,"missing inherited recipe: ('FO_LGBM__ALL14', 'weekly', 2018)"
FS_LGBM__ALL14_S6,weekly,50,5,0,,,,,,,,,,,,,True,"missing inherited recipe: ('FO_LGBM__ALL14', 'weekly', 2018)"
FS_LGBM__ALL14_S6,weekly,50,10,0,,,,,,,,,,,,,True,"missing inherited recipe: ('FO_LGBM__ALL14', 'weekly', 2018)"
FS_LGBM__ALL14_S6,weekly,50,20,0,,,,,,,,,,,,,True,"missing inherited recipe: ('FO_LGBM__ALL14', 'weekly', 2018)"
FS_LGBM__ALL14_S6,monthly,5,0,0,,,,,,,,,,,,,True,"missing inherited recipe: ('FO_LGBM__ALL14', 'monthly', 2018)"
FS_LGBM__ALL14_S6,monthly,5,5,0,,,,,,,,,,,,,True,"missing inherited recipe: ('FO_LGBM__ALL14', 'monthly', 2018)"
FS_LGBM__ALL14_S6,monthly,5,10,0,,,,,,,,,,,,,True,"missing inherited recipe: ('FO_LGBM__ALL14', 'monthly', 2018)"
FS_LGBM__ALL14_S6,monthly,5,20,0,,,,,,,,,,,,,True,"missing inherited recipe: ('FO_LGBM__ALL14', 'monthly', 2018)"
FS_LGBM__ALL14_S6,monthly,10,0,0,,,,,,,,,,,,,True,"missing inherited recipe: ('FO_LGBM__ALL14', 'monthly', 2018)"
FS_LGBM__ALL14_S6,monthly,10,5,0,,,,,,,,,,,,,True,"missing inherited recipe: ('FO_LGBM__ALL14', 'monthly', 2018)"
FS_LGBM__ALL14_S6,monthly,10,10,0,,,,,,,,,,,,,True,"missing inherited recipe: ('FO_LGBM__ALL14', 'monthly', 2018)"
FS_LGBM__ALL14_S6,monthly,10,20,0,,,,,,,,,,,,,True,"missing inherited recipe: ('FO_LGBM__ALL14', 'monthly', 2018)"
FS_LGBM__ALL14_S6,monthly,20,0,0,,,,,,,,,,,,,True,"missing inherited recipe: ('FO_LGBM__ALL14', 'monthly', 2018)"
FS_LGBM__ALL14_S6,monthly,20,5,0,,,,,,,,,,,,,True,"missing inherited recipe: ('FO_LGBM__ALL14', 'monthly', 2018)"
FS_LGBM__ALL14_S6,monthly,20,10,0,,,,,,,,,,,,,True,"missing inherited recipe: ('FO_LGBM__ALL14', 'monthly', 2018)"
FS_LGBM__ALL14_S6,monthly,20,20,0,,,,,,,,,,,,,True,"missing inherited recipe: ('FO_LGBM__ALL14', 'monthly', 2018)"
FS_LGBM__ALL14_S6,monthly,50,0,0,,,,,,,,,,,,,True,"missing inherited recipe: ('FO_LGBM__ALL14', 'monthly', 2018)"
FS_LGBM__ALL14_S6,monthly,50,5,0,,,,,,,,,,,,,True,"missing inherited recipe: ('FO_LGBM__ALL14', 'monthly', 2018)"
FS_LGBM__ALL14_S6,monthly,50,10,0,,,,,,,,,,,,,True,"missing inherited recipe: ('FO_LGBM__ALL14', 'monthly', 2018)"
FS_LGBM__ALL14_S6,monthly,50,20,0,,,,,,,,,,,,,True,"missing inherited recipe: ('FO_LGBM__ALL14', 'monthly', 2018)"
AB_LGBM__ROLE5_S1_NO_RSP,weekly,5,0,0,,,,,,,,,,,,,True,"missing inherited recipe: ('FO_LGBM__ROLE5', 'weekly', 2018)"
AB_LGBM__ROLE5_S1_NO_RSP,weekly,5,5,0,,,,,,,,,,,,,True,"missing inherited recipe: ('FO_LGBM__ROLE5', 'weekly', 2018)"
AB_LGBM__ROLE5_S1_NO_RSP,weekly,5,10,0,,,,,,,,,,,,,True,"missing inherited recipe: ('FO_LGBM__ROLE5', 'weekly', 2018)"
AB_LGBM__ROLE5_S1_NO_RSP,weekly,5,20,0,,,,,,,,,,,,,True,"missing inherited recipe: ('FO_LGBM__ROLE5', 'weekly', 2018)"
AB_LGBM__ROLE5_S1_NO_RSP,weekly,10,0,0,,,,,,,,,,,,,True,"missing inherited recipe: ('FO_LGBM__ROLE5', 'weekly', 2018)"
AB_LGBM__ROLE5_S1_NO_RSP,weekly,10,5,0,,,,,,,,,,,,,True,"missing inherited recipe: ('FO_LGBM__ROLE5', 'weekly', 2018)"
AB_LGBM__ROLE5_S1_NO_RSP,weekly,10,10,0,,,,,,,,,,,,,True,"missing inherited recipe: ('FO_LGBM__ROLE5', 'weekly', 2018)"
AB_LGBM__ROLE5_S1_NO_RSP,weekly,10,20,0,,,,,,,,,,,,,True,"missing inherited recipe: ('FO_LGBM__ROLE5', 'weekly', 2018)"
AB_LGBM__ROLE5_S1_NO_RSP,weekly,20,0,0,,,,,,,,,,,,,True,"missing inherited recipe: ('FO_LGBM__ROLE5', 'weekly', 2018)"
AB_LGBM__ROLE5_S1_NO_RSP,weekly,20,5,0,,,,,,,,,,,,,True,"missing inherited recipe: ('FO_LGBM__ROLE5', 'weekly', 2018)"
AB_LGBM__ROLE5_S1_NO_RSP,weekly,20,10,0,,,,,,,,,,,,,True,"missing inherited recipe: ('FO_LGBM__ROLE5', 'weekly', 2018)"
AB_LGBM__ROLE5_S1_NO_RSP,weekly,20,20,0,,,,,,,,,,,,,True,"missing inherited recipe: ('FO_LGBM__ROLE5', 'weekly', 2018)"
AB_LGBM__ROLE5_S1_NO_RSP,weekly,50,0,0,,,,,,,,,,,,,True,"missing inherited recipe: ('FO_LGBM__ROLE5', 'weekly', 2018)"
AB_LGBM__ROLE5_S1_NO_RSP,weekly,50,5,0,,,,,,,,,,,,,True,"missing inherited recipe: ('FO_LGBM__ROLE5', 'weekly', 2018)"
AB_LGBM__ROLE5_S1_NO_RSP,weekly,50,10,0,,,,,,,,,,,,,True,"missing inherited recipe: ('FO_LGBM__ROLE5', 'weekly', 2018)"
AB_LGBM__ROLE5_S1_NO_RSP,weekly,50,20,0,,,,,,,,,,,,,True,"missing inherited recipe: ('FO_LGBM__ROLE5', 'weekly', 2018)"
AB_LGBM__ROLE5_S1_NO_RSP,monthly,5,0,0,,,,,,,,,,,,,True,"missing inherited recipe: ('FO_LGBM__ROLE5', 'monthly', 2018)"
AB_LGBM__ROLE5_S1_NO_RSP,monthly,5,5,0,,,,,,,,,,,,,True,"missing inherited recipe: ('FO_LGBM__ROLE5', 'monthly', 2018)"
AB_LGBM__ROLE5_S1_NO_RSP,monthly,5,10,0,,,,,,,,,,,,,True,"missing inherited recipe: ('FO_LGBM__ROLE5', 'monthly', 2018)"
AB_LGBM__ROLE5_S1_NO_RSP,monthly,5,20,0,,,,,,,,,,,,,True,"missing inherited recipe: ('FO_LGBM__ROLE5', 'monthly', 2018)"
AB_LGBM__ROLE5_S1_NO_RSP,monthly,10,0,0,,,,,,,,,,,,,True,"missing inherited recipe: ('FO_LGBM__ROLE5', 'monthly', 2018)"
AB_LGBM__ROLE5_S1_NO_RSP,monthly,10,5,0,,,,,,,,,,,,,True,"missing inherited recipe: ('FO_LGBM__ROLE5', 'monthly', 2018)"
AB_LGBM__ROLE5_S1_NO_RSP,monthly,10,10,0,,,,,,,,,,,,,True,"missing inherited recipe: ('FO_LGBM__ROLE5', 'monthly', 2018)"
AB_LGBM__ROLE5_S1_NO_RSP,monthly,10,20,0,,,,,,,,,,,,,True,"missing inherited recipe: ('FO_LGBM__ROLE5', 'monthly', 2018)"
AB_LGBM__ROLE5_S1_NO_RSP,monthly,20,0,0,,,,,,,,,,,,,True,"missing inherited recipe: ('FO_LGBM__ROLE5', 'monthly', 2018)"
AB_LGBM__ROLE5_S1_NO_RSP,monthly,20,5,0,,,,,,,,,,,,,True,"missing inherited recipe: ('FO_LGBM__ROLE5', 'monthly', 2018)"
AB_LGBM__ROLE5_S1_NO_RSP,monthly,20,10,0,,,,,,,,,,,,,True,"missing inherited recipe: ('FO_LGBM__ROLE5', 'monthly', 2018)"
AB_LGBM__ROLE5_S1_NO_RSP,monthly,20,20,0,,,,,,,,,,,,,True,"missing inherited recipe: ('FO_LGBM__ROLE5', 'monthly', 2018)"
AB_LGBM__ROLE5_S1_NO_RSP,monthly,50,0,0,,,,,,,,,,,,,True,"missing inherited recipe: ('FO_LGBM__ROLE5', 'monthly', 2018)"
AB_LGBM__ROLE5_S1_NO_RSP,monthly,50,5,0,,,,,,,,,,,,,True,"missing inherited recipe: ('FO_LGBM__ROLE5', 'monthly', 2018)"
AB_LGBM__ROLE5_S1_NO_RSP,monthly,50,10,0,,,,,,,,,,,,,True,"missing inherited recipe: ('FO_LGBM__ROLE5', 'monthly', 2018)"
AB_LGBM__ROLE5_S1_NO_RSP,monthly,50,20,0,,,,,,,,,,,,,True,"missing inherited recipe: ('FO_LGBM__ROLE5', 'monthly', 2018)"
AB_LGBM__ALL14_S5_NO_RSP,weekly,5,0,0,,,,,,,,,,,,,True,"missing inherited recipe: ('FO_LGBM__ALL14', 'weekly', 2018)"
AB_LGBM__ALL14_S5_NO_RSP,weekly,5,5,0,,,,,,,,,,,,,True,"missing inherited recipe: ('FO_LGBM__ALL14', 'weekly', 2018)"
AB_LGBM__ALL14_S5_NO_RSP,weekly,5,10,0,,,,,,,,,,,,,True,"missing inherited recipe: ('FO_LGBM__ALL14', 'weekly', 2018)"
AB_LGBM__ALL14_S5_NO_RSP,weekly,5,20,0,,,,,,,,,,,,,True,"missing inherited recipe: ('FO_LGBM__ALL14', 'weekly', 2018)"
AB_LGBM__ALL14_S5_NO_RSP,weekly,10,0,0,,,,,,,,,,,,,True,"missing inherited recipe: ('FO_LGBM__ALL14', 'weekly', 2018)"
AB_LGBM__ALL14_S5_NO_RSP,weekly,10,5,0,,,,,,,,,,,,,True,"missing inherited recipe: ('FO_LGBM__ALL14', 'weekly', 2018)"
AB_LGBM__ALL14_S5_NO_RSP,weekly,10,10,0,,,,,,,,,,,,,True,"missing inherited recipe: ('FO_LGBM__ALL14', 'weekly', 2018)"
AB_LGBM__ALL14_S5_NO_RSP,weekly,10,20,0,,,,,,,,,,,,,True,"missing inherited recipe: ('FO_LGBM__ALL14', 'weekly', 2018)"
AB_LGBM__ALL14_S5_NO_RSP,weekly,20,0,0,,,,,,,,,,,,,True,"missing inherited recipe: ('FO_LGBM__ALL14', 'weekly', 2018)"
AB_LGBM__ALL14_S5_NO_RSP,weekly,20,5,0,,,,,,,,,,,,,True,"missing inherited recipe: ('FO_LGBM__ALL14', 'weekly', 2018)"
AB_LGBM__ALL14_S5_NO_RSP,weekly,20,10,0,,,,,,,,,,,,,True,"missing inherited recipe: ('FO_LGBM__ALL14', 'weekly', 2018)"
AB_LGBM__ALL14_S5_NO_RSP,weekly,20,20,0,,,,,,,,,,,,,True,"missing inherited recipe: ('FO_LGBM__ALL14', 'weekly', 2018)"
AB_LGBM__ALL14_S5_NO_RSP,weekly,50,0,0,,,,,,,,,,,,,True,"missing inherited recipe: ('FO_LGBM__ALL14', 'weekly', 2018)"
AB_LGBM__ALL14_S5_NO_RSP,weekly,50,5,0,,,,,,,,,,,,,True,"missing inherited recipe: ('FO_LGBM__ALL14', 'weekly', 2018)"
AB_LGBM__ALL14_S5_NO_RSP,weekly,50,10,0,,,,,,,,,,,,,True,"missing inherited recipe: ('FO_LGBM__ALL14', 'weekly', 2018)"
AB_LGBM__ALL14_S5_NO_RSP,weekly,50,20,0,,,,,,,,,,,,,True,"missing inherited recipe: ('FO_LGBM__ALL14', 'weekly', 2018)"
AB_LGBM__ALL14_S5_NO_RSP,monthly,5,0,0,,,,,,,,,,,,,True,"missing inherited recipe: ('FO_LGBM__ALL14', 'monthly', 2018)"
AB_LGBM__ALL14_S5_NO_RSP,monthly,5,5,0,,,,,,,,,,,,,True,"missing inherited recipe: ('FO_LGBM__ALL14', 'monthly', 2018)"
AB_LGBM__ALL14_S5_NO_RSP,monthly,5,10,0,,,,,,,,,,,,,True,"missing inherited recipe: ('FO_LGBM__ALL14', 'monthly', 2018)"
AB_LGBM__ALL14_S5_NO_RSP,monthly,5,20,0,,,,,,,,,,,,,True,"missing inherited recipe: ('FO_LGBM__ALL14', 'monthly', 2018)"
AB_LGBM__ALL14_S5_NO_RSP,monthly,10,0,0,,,,,,,,,,,,,True,"missing inherited recipe: ('FO_LGBM__ALL14', 'monthly', 2018)"
AB_LGBM__ALL14_S5_NO_RSP,monthly,10,5,0,,,,,,,,,,,,,True,"missing inherited recipe: ('FO_LGBM__ALL14', 'monthly', 2018)"
AB_LGBM__ALL14_S5_NO_RSP,monthly,10,10,0,,,,,,,,,,,,,True,"missing inherited recipe: ('FO_LGBM__ALL14', 'monthly', 2018)"
AB_LGBM__ALL14_S5_NO_RSP,monthly,10,20,0,,,,,,,,,,,,,True,"missing inherited recipe: ('FO_LGBM__ALL14', 'monthly', 2018)"
AB_LGBM__ALL14_S5_NO_RSP,monthly,20,0,0,,,,,,,,,,,,,True,"missing inherited recipe: ('FO_LGBM__ALL14', 'monthly', 2018)"
AB_LGBM__ALL14_S5_NO_RSP,monthly,20,5,0,,,,,,,,,,,,,True,"missing inherited recipe: ('FO_LGBM__ALL14', 'monthly', 2018)"
AB_LGBM__ALL14_S5_NO_RSP,monthly,20,10,0,,,,,,,,,,,,,True,"missing inherited recipe: ('FO_LGBM__ALL14', 'monthly', 2018)"
AB_LGBM__ALL14_S5_NO_RSP,monthly,20,20,0,,,,,,,,,,,,,True,"missing inherited recipe: ('FO_LGBM__ALL14', 'monthly', 2018)"
AB_LGBM__ALL14_S5_NO_RSP,monthly,50,0,0,,,,,,,,,,,,,True,"missing inherited recipe: ('FO_LGBM__ALL14', 'monthly', 2018)"
AB_LGBM__ALL14_S5_NO_RSP,monthly,50,5,0,,,,,,,,,,,,,True,"missing inherited recipe: ('FO_LGBM__ALL14', 'monthly', 2018)"
AB_LGBM__ALL14_S5_NO_RSP,monthly,50,10,0,,,,,,,,,,,,,True,"missing inherited recipe: ('FO_LGBM__ALL14', 'monthly', 2018)"
AB_LGBM__ALL14_S5_NO_RSP,monthly,50,20,0,,,,,,,,,,,,,True,"missing inherited recipe: ('FO_LGBM__ALL14', 'monthly', 2018)"
