group_id,strategy_id,portfolio_mode,variant_id,cost_bps,borrow_fee_annual,reference_strategy_id,comparison_type,metric,estimate
G12,G12__mom_12_1__top10__monthly__long_only,long_only,base,0.0,0.0,G00__mom_12_1__top10__monthly__long_only,delta_vs_same_scenario_G00,cagr,-0.13408618655708743
G12,G12__mom_12_1__top10__monthly__long_only,long_only,base,0.0,0.0,G00__mom_12_1__top10__monthly__long_only,delta_vs_same_scenario_G00,sharpe_excess_rf,-0.2572398112930659
G12,G12__mom_12_1__top10__monthly__long_only,long_only,base,0.0,0.0,G00__mom_12_1__top10__monthly__long_only,delta_vs_same_scenario_G00,max_drawdown,0.09471949137701807
G12,G12__mom_12_1__top10__monthly__long_only,long_only,base,0.0,0.0,G00__mom_12_1__top10__monthly__long_only,delta_vs_same_scenario_G00,annualized_volatility,-0.16216136559723207
G12,G12__mom_12_1__top10__monthly__long_only,long_only,base,0.0,0.0,G00__mom_12_1__top10__monthly__long_only,delta_vs_same_scenario_G00,annualized_l1_turnover,-3.9403400202987555
G12,G12__mom_12_1__top10__monthly__long_only,long_only,base,5.0,0.0,G00__mom_12_1__top10__monthly__long_only,delta_vs_same_scenario_G00,cagr,-0.1313419287772652
G12,G12__mom_12_1__top10__monthly__long_only,long_only,base,5.0,0.0,G00__mom_12_1__top10__monthly__long_only,delta_vs_same_scenario_G00,sharpe_excess_rf,-0.25797375523790533
G12,G12__mom_12_1__top10__monthly__long_only,long_only,base,5.0,0.0,G00__mom_12_1__top10__monthly__long_only,delta_vs_same_scenario_G00,max_drawdown,0.09572903780879116
G12,G12__mom_12_1__top10__monthly__long_only,long_only,base,5.0,0.0,G00__mom_12_1__top10__monthly__long_only,delta_vs_same_scenario_G00,annualized_volatility,-0.16216228147855505
G12,G12__mom_12_1__top10__monthly__long_only,long_only,base,5.0,0.0,G00__mom_12_1__top10__monthly__long_only,delta_vs_same_scenario_G00,annualized_l1_turnover,-3.9403400202987555
G12,G12__mom_12_1__top10__monthly__long_only,long_only,base,10.0,0.0,G00__mom_12_1__top10__monthly__long_only,delta_vs_same_scenario_G00,cagr,-0.12861364603350522
G12,G12__mom_12_1__top10__monthly__long_only,long_only,base,10.0,0.0,G00__mom_12_1__top10__monthly__long_only,delta_vs_same_scenario_G00,sharpe_excess_rf,-0.2587056292630292
G12,G12__mom_12_1__top10__monthly__long_only,long_only,base,10.0,0.0,G00__mom_12_1__top10__monthly__long_only,delta_vs_same_scenario_G00,max_drawdown,0.09671971624857939
G12,G12__mom_12_1__top10__monthly__long_only,long_only,base,10.0,0.0,G00__mom_12_1__top10__monthly__long_only,delta_vs_same_scenario_G00,annualized_volatility,-0.16216502259403387
G12,G12__mom_12_1__top10__monthly__long_only,long_only,base,10.0,0.0,G00__mom_12_1__top10__monthly__long_only,delta_vs_same_scenario_G00,annualized_l1_turnover,-3.9403400202987537
G12,G12__mom_12_1__top10__monthly__long_only,long_only,base,20.0,0.0,G00__mom_12_1__top10__monthly__long_only,delta_vs_same_scenario_G00,cagr,-0.12320473378097735
G12,G12__mom_12_1__top10__monthly__long_only,long_only,base,20.0,0.0,G00__mom_12_1__top10__monthly__long_only,delta_vs_same_scenario_G00,sharpe_excess_rf,-0.2601625014382528
G12,G12__mom_12_1__top10__monthly__long_only,long_only,base,20.0,0.0,G00__mom_12_1__top10__monthly__long_only,delta_vs_same_scenario_G00,max_drawdown,0.09864528762756547
G12,G12__mom_12_1__top10__monthly__long_only,long_only,base,20.0,0.0,G00__mom_12_1__top10__monthly__long_only,delta_vs_same_scenario_G00,annualized_volatility,-0.16217597991057567
G12,G12__mom_12_1__top10__monthly__long_only,long_only,base,20.0,0.0,G00__mom_12_1__top10__monthly__long_only,delta_vs_same_scenario_G00,annualized_l1_turnover,-3.9403400202987555
G12,G12__mom_12_1__top10__monthly__long_short,long_short,base,0.0,0.0,G00__mom_12_1__top10__monthly__long_short,delta_vs_same_scenario_G00,cagr,0.0007659479288409099
G12,G12__mom_12_1__top10__monthly__long_short,long_short,base,0.0,0.0,G00__mom_12_1__top10__monthly__long_short,delta_vs_same_scenario_G00,sharpe_excess_rf,0.04067113885364959
G12,G12__mom_12_1__top10__monthly__long_short,long_short,base,0.0,0.0,G00__mom_12_1__top10__monthly__long_short,delta_vs_same_scenario_G00,max_drawdown,0.12507864868155927
G12,G12__mom_12_1__top10__monthly__long_short,long_short,base,0.0,0.0,G00__mom_12_1__top10__monthly__long_short,delta_vs_same_scenario_G00,annualized_volatility,-0.07211913609934814
G12,G12__mom_12_1__top10__monthly__long_short,long_short,base,0.0,0.0,G00__mom_12_1__top10__monthly__long_short,delta_vs_same_scenario_G00,annualized_l1_turnover,-1.710423190973441
G12,G12__mom_12_1__top10__monthly__long_short,long_short,base,0.0,0.01,G00__mom_12_1__top10__monthly__long_short,delta_vs_same_scenario_G00,cagr,0.00186488661764167
G12,G12__mom_12_1__top10__monthly__long_short,long_short,base,0.0,0.01,G00__mom_12_1__top10__monthly__long_short,delta_vs_same_scenario_G00,sharpe_excess_rf,0.037419575316595455
G12,G12__mom_12_1__top10__monthly__long_short,long_short,base,0.0,0.01,G00__mom_12_1__top10__monthly__long_short,delta_vs_same_scenario_G00,max_drawdown,0.12559445091491817
G12,G12__mom_12_1__top10__monthly__long_short,long_short,base,0.0,0.01,G00__mom_12_1__top10__monthly__long_short,delta_vs_same_scenario_G00,annualized_volatility,-0.07213991928822908
G12,G12__mom_12_1__top10__monthly__long_short,long_short,base,0.0,0.01,G00__mom_12_1__top10__monthly__long_short,delta_vs_same_scenario_G00,annualized_l1_turnover,-1.7112303232426385
G12,G12__mom_12_1__top10__monthly__long_short,long_short,base,0.0,0.03,G00__mom_12_1__top10__monthly__long_short,delta_vs_same_scenario_G00,cagr,0.004003968536314517
G12,G12__mom_12_1__top10__monthly__long_short,long_short,base,0.0,0.03,G00__mom_12_1__top10__monthly__long_short,delta_vs_same_scenario_G00,sharpe_excess_rf,0.031011733849071826
G12,G12__mom_12_1__top10__monthly__long_short,long_short,base,0.0,0.03,G00__mom_12_1__top10__monthly__long_short,delta_vs_same_scenario_G00,max_drawdown,0.12811399326602568
G12,G12__mom_12_1__top10__monthly__long_short,long_short,base,0.0,0.03,G00__mom_12_1__top10__monthly__long_short,delta_vs_same_scenario_G00,annualized_volatility,-0.0721808400875937
G12,G12__mom_12_1__top10__monthly__long_short,long_short,base,0.0,0.03,G00__mom_12_1__top10__monthly__long_short,delta_vs_same_scenario_G00,annualized_l1_turnover,-1.7128190281495916
G12,G12__mom_12_1__top10__monthly__long_short,long_short,base,5.0,0.0,G00__mom_12_1__top10__monthly__long_short,delta_vs_same_scenario_G00,cagr,0.001672589969466745
G12,G12__mom_12_1__top10__monthly__long_short,long_short,base,5.0,0.0,G00__mom_12_1__top10__monthly__long_short,delta_vs_same_scenario_G00,sharpe_excess_rf,0.036872337943924804
G12,G12__mom_12_1__top10__monthly__long_short,long_short,base,5.0,0.0,G00__mom_12_1__top10__monthly__long_short,delta_vs_same_scenario_G00,max_drawdown,0.12506407881076798
G12,G12__mom_12_1__top10__monthly__long_short,long_short,base,5.0,0.0,G00__mom_12_1__top10__monthly__long_short,delta_vs_same_scenario_G00,annualized_volatility,-0.07212331234193717
G12,G12__mom_12_1__top10__monthly__long_short,long_short,base,5.0,0.0,G00__mom_12_1__top10__monthly__long_short,delta_vs_same_scenario_G00,annualized_l1_turnover,-1.710423190973441
G12,G12__mom_12_1__top10__monthly__long_short,long_short,base,5.0,0.01,G00__mom_12_1__top10__monthly__long_short,delta_vs_same_scenario_G00,cagr,0.0027631699475028637
G12,G12__mom_12_1__top10__monthly__long_short,long_short,base,5.0,0.01,G00__mom_12_1__top10__monthly__long_short,delta_vs_same_scenario_G00,sharpe_excess_rf,0.03362012899624148
G12,G12__mom_12_1__top10__monthly__long_short,long_short,base,5.0,0.01,G00__mom_12_1__top10__monthly__long_short,delta_vs_same_scenario_G00,max_drawdown,0.12636600468801373
G12,G12__mom_12_1__top10__monthly__long_short,long_short,base,5.0,0.01,G00__mom_12_1__top10__monthly__long_short,delta_vs_same_scenario_G00,annualized_volatility,-0.07214408255225435
G12,G12__mom_12_1__top10__monthly__long_short,long_short,base,5.0,0.01,G00__mom_12_1__top10__monthly__long_short,delta_vs_same_scenario_G00,annualized_l1_turnover,-1.7112303232426385
G12,G12__mom_12_1__top10__monthly__long_short,long_short,base,5.0,0.03,G00__mom_12_1__top10__monthly__long_short,delta_vs_same_scenario_G00,cagr,0.004885924010563425
G12,G12__mom_12_1__top10__monthly__long_short,long_short,base,5.0,0.03,G00__mom_12_1__top10__monthly__long_short,delta_vs_same_scenario_G00,sharpe_excess_rf,0.027211025251467236
G12,G12__mom_12_1__top10__monthly__long_short,long_short,base,5.0,0.03,G00__mom_12_1__top10__monthly__long_short,delta_vs_same_scenario_G00,max_drawdown,0.12881762362645927
G12,G12__mom_12_1__top10__monthly__long_short,long_short,base,5.0,0.03,G00__mom_12_1__top10__monthly__long_short,delta_vs_same_scenario_G00,annualized_volatility,-0.07218497758343714
G12,G12__mom_12_1__top10__monthly__long_short,long_short,base,5.0,0.03,G00__mom_12_1__top10__monthly__long_short,delta_vs_same_scenario_G00,annualized_l1_turnover,-1.7128190281495916
G12,G12__mom_12_1__top10__monthly__long_short,long_short,base,10.0,0.0,G00__mom_12_1__top10__monthly__long_short,delta_vs_same_scenario_G00,cagr,0.0025720417413237495
G12,G12__mom_12_1__top10__monthly__long_short,long_short,base,10.0,0.0,G00__mom_12_1__top10__monthly__long_short,delta_vs_same_scenario_G00,sharpe_excess_rf,0.033065720596928555
G12,G12__mom_12_1__top10__monthly__long_short,long_short,base,10.0,0.0,G00__mom_12_1__top10__monthly__long_short,delta_vs_same_scenario_G00,max_drawdown,0.12584045152406792
G12,G12__mom_12_1__top10__monthly__long_short,long_short,base,10.0,0.0,G00__mom_12_1__top10__monthly__long_short,delta_vs_same_scenario_G00,annualized_volatility,-0.07212713091951439
G12,G12__mom_12_1__top10__monthly__long_short,long_short,base,10.0,0.0,G00__mom_12_1__top10__monthly__long_short,delta_vs_same_scenario_G00,annualized_l1_turnover,-1.710423190973441
G12,G12__mom_12_1__top10__monthly__long_short,long_short,base,10.0,0.01,G00__mom_12_1__top10__monthly__long_short,delta_vs_same_scenario_G00,cagr,0.0036543087737683985
G12,G12__mom_12_1__top10__monthly__long_short,long_short,base,10.0,0.01,G00__mom_12_1__top10__monthly__long_short,delta_vs_same_scenario_G00,sharpe_excess_rf,0.029813432782496097
G12,G12__mom_12_1__top10__monthly__long_short,long_short,base,10.0,0.01,G00__mom_12_1__top10__monthly__long_short,delta_vs_same_scenario_G00,max_drawdown,0.1271075731978082
G12,G12__mom_12_1__top10__monthly__long_short,long_short,base,10.0,0.01,G00__mom_12_1__top10__monthly__long_short,delta_vs_same_scenario_G00,annualized_volatility,-0.07214788839797753
G12,G12__mom_12_1__top10__monthly__long_short,long_short,base,10.0,0.01,G00__mom_12_1__top10__monthly__long_short,delta_vs_same_scenario_G00,annualized_l1_turnover,-1.7112303232426385
G12,G12__mom_12_1__top10__monthly__long_short,long_short,base,10.0,0.03,G00__mom_12_1__top10__monthly__long_short,delta_vs_same_scenario_G00,cagr,0.0057608245122962795
G12,G12__mom_12_1__top10__monthly__long_short,long_short,base,10.0,0.03,G00__mom_12_1__top10__monthly__long_short,delta_vs_same_scenario_G00,sharpe_excess_rf,0.023404183363840453
G12,G12__mom_12_1__top10__monthly__long_short,long_short,base,10.0,0.03,G00__mom_12_1__top10__monthly__long_short,delta_vs_same_scenario_G00,max_drawdown,0.12949238496893312
G12,G12__mom_12_1__top10__monthly__long_short,long_short,base,10.0,0.03,G00__mom_12_1__top10__monthly__long_short,delta_vs_same_scenario_G00,annualized_volatility,-0.07218875814670764
G12,G12__mom_12_1__top10__monthly__long_short,long_short,base,10.0,0.03,G00__mom_12_1__top10__monthly__long_short,delta_vs_same_scenario_G00,annualized_l1_turnover,-1.7128190281495916
G12,G12__mom_12_1__top10__monthly__long_short,long_short,base,20.0,0.0,G00__mom_12_1__top10__monthly__long_short,delta_vs_same_scenario_G00,cagr,0.004349528815008684
G12,G12__mom_12_1__top10__monthly__long_short,long_short,base,20.0,0.0,G00__mom_12_1__top10__monthly__long_short,delta_vs_same_scenario_G00,sharpe_excess_rf,0.02543588766970023
G12,G12__mom_12_1__top10__monthly__long_short,long_short,base,20.0,0.0,G00__mom_12_1__top10__monthly__long_short,delta_vs_same_scenario_G00,max_drawdown,0.12730361466145512
G12,G12__mom_12_1__top10__monthly__long_short,long_short,base,20.0,0.0,G00__mom_12_1__top10__monthly__long_short,delta_vs_same_scenario_G00,annualized_volatility,-0.07213369408412637
G12,G12__mom_12_1__top10__monthly__long_short,long_short,base,20.0,0.0,G00__mom_12_1__top10__monthly__long_short,delta_vs_same_scenario_G00,annualized_l1_turnover,-1.710423190973441
G12,G12__mom_12_1__top10__monthly__long_short,long_short,base,20.0,0.01,G00__mom_12_1__top10__monthly__long_short,delta_vs_same_scenario_G00,cagr,0.0054153064371112725
G12,G12__mom_12_1__top10__monthly__long_short,long_short,base,20.0,0.01,G00__mom_12_1__top10__monthly__long_short,delta_vs_same_scenario_G00,sharpe_excess_rf,0.022185141937091313
G12,G12__mom_12_1__top10__monthly__long_short,long_short,base,20.0,0.01,G00__mom_12_1__top10__monthly__long_short,delta_vs_same_scenario_G00,max_drawdown,0.12850283268317952
G12,G12__mom_12_1__top10__monthly__long_short,long_short,base,20.0,0.01,G00__mom_12_1__top10__monthly__long_short,delta_vs_same_scenario_G00,annualized_volatility,-0.07215442684606696
G12,G12__mom_12_1__top10__monthly__long_short,long_short,base,20.0,0.01,G00__mom_12_1__top10__monthly__long_short,delta_vs_same_scenario_G00,annualized_l1_turnover,-1.7112303232426385
G12,G12__mom_12_1__top10__monthly__long_short,long_short,base,20.0,0.03,G00__mom_12_1__top10__monthly__long_short,delta_vs_same_scenario_G00,cagr,0.007489612524574724
G12,G12__mom_12_1__top10__monthly__long_short,long_short,base,20.0,0.03,G00__mom_12_1__top10__monthly__long_short,delta_vs_same_scenario_G00,sharpe_excess_rf,0.015778951325182616
G12,G12__mom_12_1__top10__monthly__long_short,long_short,base,20.0,0.03,G00__mom_12_1__top10__monthly__long_short,delta_vs_same_scenario_G00,max_drawdown,0.13075731826250514
G12,G12__mom_12_1__top10__monthly__long_short,long_short,base,20.0,0.03,G00__mom_12_1__top10__monthly__long_short,delta_vs_same_scenario_G00,annualized_volatility,-0.07219524750100598
G12,G12__mom_12_1__top10__monthly__long_short,long_short,base,20.0,0.03,G00__mom_12_1__top10__monthly__long_short,delta_vs_same_scenario_G00,annualized_l1_turnover,-1.7128190281495916
G12,G12__mom_12_1__top10__weekly__long_only,long_only,base,0.0,0.0,G00__mom_12_1__top10__weekly__long_only,delta_vs_same_scenario_G00,cagr,-0.14123058464776966
G12,G12__mom_12_1__top10__weekly__long_only,long_only,base,0.0,0.0,G00__mom_12_1__top10__weekly__long_only,delta_vs_same_scenario_G00,sharpe_excess_rf,-0.21652651705352222
G12,G12__mom_12_1__top10__weekly__long_only,long_only,base,0.0,0.0,G00__mom_12_1__top10__weekly__long_only,delta_vs_same_scenario_G00,max_drawdown,0.10487174528848603
G12,G12__mom_12_1__top10__weekly__long_only,long_only,base,0.0,0.0,G00__mom_12_1__top10__weekly__long_only,delta_vs_same_scenario_G00,annualized_volatility,-0.17231655109476776
G12,G12__mom_12_1__top10__weekly__long_only,long_only,base,0.0,0.0,G00__mom_12_1__top10__weekly__long_only,delta_vs_same_scenario_G00,annualized_l1_turnover,-4.731185080064974
G12,G12__mom_12_1__top10__weekly__long_only,long_only,base,5.0,0.0,G00__mom_12_1__top10__weekly__long_only,delta_vs_same_scenario_G00,cagr,-0.13786986497422227
G12,G12__mom_12_1__top10__weekly__long_only,long_only,base,5.0,0.0,G00__mom_12_1__top10__weekly__long_only,delta_vs_same_scenario_G00,sharpe_excess_rf,-0.2184963094473379
G12,G12__mom_12_1__top10__weekly__long_only,long_only,base,5.0,0.0,G00__mom_12_1__top10__weekly__long_only,delta_vs_same_scenario_G00,max_drawdown,0.10486436371833618
G12,G12__mom_12_1__top10__weekly__long_only,long_only,base,5.0,0.0,G00__mom_12_1__top10__weekly__long_only,delta_vs_same_scenario_G00,annualized_volatility,-0.17230839866029754
G12,G12__mom_12_1__top10__weekly__long_only,long_only,base,5.0,0.0,G00__mom_12_1__top10__weekly__long_only,delta_vs_same_scenario_G00,annualized_l1_turnover,-4.731185080064974
G12,G12__mom_12_1__top10__weekly__long_only,long_only,base,10.0,0.0,G00__mom_12_1__top10__weekly__long_only,delta_vs_same_scenario_G00,cagr,-0.13453319898778285
G12,G12__mom_12_1__top10__weekly__long_only,long_only,base,10.0,0.0,G00__mom_12_1__top10__weekly__long_only,delta_vs_same_scenario_G00,sharpe_excess_rf,-0.22046104126724275
G12,G12__mom_12_1__top10__weekly__long_only,long_only,base,10.0,0.0,G00__mom_12_1__top10__weekly__long_only,delta_vs_same_scenario_G00,max_drawdown,0.10485701716255852
G12,G12__mom_12_1__top10__weekly__long_only,long_only,base,10.0,0.0,G00__mom_12_1__top10__weekly__long_only,delta_vs_same_scenario_G00,annualized_volatility,-0.1723019313846785
G12,G12__mom_12_1__top10__weekly__long_only,long_only,base,10.0,0.0,G00__mom_12_1__top10__weekly__long_only,delta_vs_same_scenario_G00,annualized_l1_turnover,-4.731185080064974
G12,G12__mom_12_1__top10__weekly__long_only,long_only,base,20.0,0.0,G00__mom_12_1__top10__weekly__long_only,delta_vs_same_scenario_G00,cagr,-0.12793150320127888
G12,G12__mom_12_1__top10__weekly__long_only,long_only,base,20.0,0.0,G00__mom_12_1__top10__weekly__long_only,delta_vs_same_scenario_G00,sharpe_excess_rf,-0.22437404023858176
G12,G12__mom_12_1__top10__weekly__long_only,long_only,base,20.0,0.0,G00__mom_12_1__top10__weekly__long_only,delta_vs_same_scenario_G00,max_drawdown,0.10484242905581587
G12,G12__mom_12_1__top10__weekly__long_only,long_only,base,20.0,0.0,G00__mom_12_1__top10__weekly__long_only,delta_vs_same_scenario_G00,annualized_volatility,-0.1722940550741692
G12,G12__mom_12_1__top10__weekly__long_only,long_only,base,20.0,0.0,G00__mom_12_1__top10__weekly__long_only,delta_vs_same_scenario_G00,annualized_l1_turnover,-4.731185080064974
G12,G12__mom_12_1__top10__weekly__long_short,long_short,base,0.0,0.0,G00__mom_12_1__top10__weekly__long_short,delta_vs_same_scenario_G00,cagr,0.019318150078705236
G12,G12__mom_12_1__top10__weekly__long_short,long_short,base,0.0,0.0,G00__mom_12_1__top10__weekly__long_short,delta_vs_same_scenario_G00,sharpe_excess_rf,0.11117038791803721
G12,G12__mom_12_1__top10__weekly__long_short,long_short,base,0.0,0.0,G00__mom_12_1__top10__weekly__long_short,delta_vs_same_scenario_G00,max_drawdown,0.22322620959199369
G12,G12__mom_12_1__top10__weekly__long_short,long_short,base,0.0,0.0,G00__mom_12_1__top10__weekly__long_short,delta_vs_same_scenario_G00,annualized_volatility,-0.07315846810204515
G12,G12__mom_12_1__top10__weekly__long_short,long_short,base,0.0,0.0,G00__mom_12_1__top10__weekly__long_short,delta_vs_same_scenario_G00,annualized_l1_turnover,-2.394601177933657
G12,G12__mom_12_1__top10__weekly__long_short,long_short,base,0.0,0.01,G00__mom_12_1__top10__weekly__long_short,delta_vs_same_scenario_G00,cagr,0.020345064563712226
G12,G12__mom_12_1__top10__weekly__long_short,long_short,base,0.0,0.01,G00__mom_12_1__top10__weekly__long_short,delta_vs_same_scenario_G00,sharpe_excess_rf,0.10778889696819371
G12,G12__mom_12_1__top10__weekly__long_short,long_short,base,0.0,0.01,G00__mom_12_1__top10__weekly__long_short,delta_vs_same_scenario_G00,max_drawdown,0.2275032290829263
G12,G12__mom_12_1__top10__weekly__long_short,long_short,base,0.0,0.01,G00__mom_12_1__top10__weekly__long_short,delta_vs_same_scenario_G00,annualized_volatility,-0.07316625894947384
G12,G12__mom_12_1__top10__weekly__long_short,long_short,base,0.0,0.01,G00__mom_12_1__top10__weekly__long_short,delta_vs_same_scenario_G00,annualized_l1_turnover,-2.395049525054686
G12,G12__mom_12_1__top10__weekly__long_short,long_short,base,0.0,0.03,G00__mom_12_1__top10__weekly__long_short,delta_vs_same_scenario_G00,cagr,0.022341631604924788
G12,G12__mom_12_1__top10__weekly__long_short,long_short,base,0.0,0.03,G00__mom_12_1__top10__weekly__long_short,delta_vs_same_scenario_G00,sharpe_excess_rf,0.1011234993060122
G12,G12__mom_12_1__top10__weekly__long_short,long_short,base,0.0,0.03,G00__mom_12_1__top10__weekly__long_short,delta_vs_same_scenario_G00,max_drawdown,0.2356918076824447
G12,G12__mom_12_1__top10__weekly__long_short,long_short,base,0.0,0.03,G00__mom_12_1__top10__weekly__long_short,delta_vs_same_scenario_G00,annualized_volatility,-0.0731815432259312
G12,G12__mom_12_1__top10__weekly__long_short,long_short,base,0.0,0.03,G00__mom_12_1__top10__weekly__long_short,delta_vs_same_scenario_G00,annualized_l1_turnover,-2.3959418463754734
G12,G12__mom_12_1__top10__weekly__long_short,long_short,base,5.0,0.0,G00__mom_12_1__top10__weekly__long_short,delta_vs_same_scenario_G00,cagr,0.02047241978508721
G12,G12__mom_12_1__top10__weekly__long_short,long_short,base,5.0,0.0,G00__mom_12_1__top10__weekly__long_short,delta_vs_same_scenario_G00,sharpe_excess_rf,0.10684805255697494
G12,G12__mom_12_1__top10__weekly__long_short,long_short,base,5.0,0.0,G00__mom_12_1__top10__weekly__long_short,delta_vs_same_scenario_G00,max_drawdown,0.22806405694723753
G12,G12__mom_12_1__top10__weekly__long_short,long_short,base,5.0,0.0,G00__mom_12_1__top10__weekly__long_short,delta_vs_same_scenario_G00,annualized_volatility,-0.07322095678816956
G12,G12__mom_12_1__top10__weekly__long_short,long_short,base,5.0,0.0,G00__mom_12_1__top10__weekly__long_short,delta_vs_same_scenario_G00,annualized_l1_turnover,-2.3946011779336622
G12,G12__mom_12_1__top10__weekly__long_short,long_short,base,5.0,0.01,G00__mom_12_1__top10__weekly__long_short,delta_vs_same_scenario_G00,cagr,0.021488605858303325
G12,G12__mom_12_1__top10__weekly__long_short,long_short,base,5.0,0.01,G00__mom_12_1__top10__weekly__long_short,delta_vs_same_scenario_G00,sharpe_excess_rf,0.1034607512832037
G12,G12__mom_12_1__top10__weekly__long_short,long_short,base,5.0,0.01,G00__mom_12_1__top10__weekly__long_short,delta_vs_same_scenario_G00,max_drawdown,0.23224146673282198
G12,G12__mom_12_1__top10__weekly__long_short,long_short,base,5.0,0.01,G00__mom_12_1__top10__weekly__long_short,delta_vs_same_scenario_G00,annualized_volatility,-0.07322872606400208
G12,G12__mom_12_1__top10__weekly__long_short,long_short,base,5.0,0.01,G00__mom_12_1__top10__weekly__long_short,delta_vs_same_scenario_G00,annualized_l1_turnover,-2.395049525054686
G12,G12__mom_12_1__top10__weekly__long_short,long_short,base,5.0,0.03,G00__mom_12_1__top10__weekly__long_short,delta_vs_same_scenario_G00,cagr,0.023464240464526297
G12,G12__mom_12_1__top10__weekly__long_short,long_short,base,5.0,0.03,G00__mom_12_1__top10__weekly__long_short,delta_vs_same_scenario_G00,sharpe_excess_rf,0.09678394823847071
G12,G12__mom_12_1__top10__weekly__long_short,long_short,base,5.0,0.03,G00__mom_12_1__top10__weekly__long_short,delta_vs_same_scenario_G00,max_drawdown,0.23845157917614723
G12,G12__mom_12_1__top10__weekly__long_short,long_short,base,5.0,0.03,G00__mom_12_1__top10__weekly__long_short,delta_vs_same_scenario_G00,annualized_volatility,-0.07324396756300608
G12,G12__mom_12_1__top10__weekly__long_short,long_short,base,5.0,0.03,G00__mom_12_1__top10__weekly__long_short,delta_vs_same_scenario_G00,annualized_l1_turnover,-2.3959418463754716
G12,G12__mom_12_1__top10__weekly__long_short,long_short,base,10.0,0.0,G00__mom_12_1__top10__weekly__long_short,delta_vs_same_scenario_G00,cagr,0.0216146384695087
G12,G12__mom_12_1__top10__weekly__long_short,long_short,base,10.0,0.0,G00__mom_12_1__top10__weekly__long_short,delta_vs_same_scenario_G00,sharpe_excess_rf,0.10250489206913246
G12,G12__mom_12_1__top10__weekly__long_short,long_short,base,10.0,0.0,G00__mom_12_1__top10__weekly__long_short,delta_vs_same_scenario_G00,max_drawdown,0.23278280183718525
G12,G12__mom_12_1__top10__weekly__long_short,long_short,base,10.0,0.0,G00__mom_12_1__top10__weekly__long_short,delta_vs_same_scenario_G00,annualized_volatility,-0.07328337997979151
G12,G12__mom_12_1__top10__weekly__long_short,long_short,base,10.0,0.0,G00__mom_12_1__top10__weekly__long_short,delta_vs_same_scenario_G00,annualized_l1_turnover,-2.394601177933657
G12,G12__mom_12_1__top10__weekly__long_short,long_short,base,10.0,0.01,G00__mom_12_1__top10__weekly__long_short,delta_vs_same_scenario_G00,cagr,0.022620175705861282
G12,G12__mom_12_1__top10__weekly__long_short,long_short,base,10.0,0.01,G00__mom_12_1__top10__weekly__long_short,delta_vs_same_scenario_G00,sharpe_excess_rf,0.09911228919438975
G12,G12__mom_12_1__top10__weekly__long_short,long_short,base,10.0,0.01,G00__mom_12_1__top10__weekly__long_short,delta_vs_same_scenario_G00,max_drawdown,0.2368623943097905
G12,G12__mom_12_1__top10__weekly__long_short,long_short,base,10.0,0.01,G00__mom_12_1__top10__weekly__long_short,delta_vs_same_scenario_G00,annualized_volatility,-0.07329112771358387
G12,G12__mom_12_1__top10__weekly__long_short,long_short,base,10.0,0.01,G00__mom_12_1__top10__weekly__long_short,delta_vs_same_scenario_G00,annualized_l1_turnover,-2.395049525054686
G12,G12__mom_12_1__top10__weekly__long_short,long_short,base,10.0,0.03,G00__mom_12_1__top10__weekly__long_short,delta_vs_same_scenario_G00,cagr,0.024575033302147355
G12,G12__mom_12_1__top10__weekly__long_short,long_short,base,10.0,0.03,G00__mom_12_1__top10__weekly__long_short,delta_vs_same_scenario_G00,sharpe_excess_rf,0.09242508329700946
G12,G12__mom_12_1__top10__weekly__long_short,long_short,base,10.0,0.03,G00__mom_12_1__top10__weekly__long_short,delta_vs_same_scenario_G00,max_drawdown,0.23832517665192787
G12,G12__mom_12_1__top10__weekly__long_short,long_short,base,10.0,0.03,G00__mom_12_1__top10__weekly__long_short,delta_vs_same_scenario_G00,annualized_volatility,-0.07330632650117805
G12,G12__mom_12_1__top10__weekly__long_short,long_short,base,10.0,0.03,G00__mom_12_1__top10__weekly__long_short,delta_vs_same_scenario_G00,annualized_l1_turnover,-2.3959418463754716
G12,G12__mom_12_1__top10__weekly__long_short,long_short,base,20.0,0.0,G00__mom_12_1__top10__weekly__long_short,delta_vs_same_scenario_G00,cagr,0.023863269825559648
G12,G12__mom_12_1__top10__weekly__long_short,long_short,base,20.0,0.0,G00__mom_12_1__top10__weekly__long_short,delta_vs_same_scenario_G00,sharpe_excess_rf,0.09376331766264935
G12,G12__mom_12_1__top10__weekly__long_short,long_short,base,20.0,0.0,G00__mom_12_1__top10__weekly__long_short,delta_vs_same_scenario_G00,max_drawdown,0.23797074165631282
G12,G12__mom_12_1__top10__weekly__long_short,long_short,base,20.0,0.0,G00__mom_12_1__top10__weekly__long_short,delta_vs_same_scenario_G00,annualized_volatility,-0.07340800760748442
G12,G12__mom_12_1__top10__weekly__long_short,long_short,base,20.0,0.0,G00__mom_12_1__top10__weekly__long_short,delta_vs_same_scenario_G00,annualized_l1_turnover,-2.394601177933657
G12,G12__mom_12_1__top10__weekly__long_short,long_short,base,20.0,0.01,G00__mom_12_1__top10__weekly__long_short,delta_vs_same_scenario_G00,cagr,0.02484774612865826
G12,G12__mom_12_1__top10__weekly__long_short,long_short,base,20.0,0.01,G00__mom_12_1__top10__weekly__long_short,delta_vs_same_scenario_G00,sharpe_excess_rf,0.09036164283882309
G12,G12__mom_12_1__top10__weekly__long_short,long_short,base,20.0,0.01,G00__mom_12_1__top10__weekly__long_short,delta_vs_same_scenario_G00,max_drawdown,0.23799257040841304
G12,G12__mom_12_1__top10__weekly__long_short,long_short,base,20.0,0.01,G00__mom_12_1__top10__weekly__long_short,delta_vs_same_scenario_G00,annualized_volatility,-0.07341571236166222
G12,G12__mom_12_1__top10__weekly__long_short,long_short,base,20.0,0.01,G00__mom_12_1__top10__weekly__long_short,delta_vs_same_scenario_G00,annualized_l1_turnover,-2.395049525054686
G12,G12__mom_12_1__top10__weekly__long_short,long_short,base,20.0,0.03,G00__mom_12_1__top10__weekly__long_short,delta_vs_same_scenario_G00,cagr,0.026761512102917932
G12,G12__mom_12_1__top10__weekly__long_short,long_short,base,20.0,0.03,G00__mom_12_1__top10__weekly__long_short,delta_vs_same_scenario_G00,sharpe_excess_rf,0.08365664877262206
G12,G12__mom_12_1__top10__weekly__long_short,long_short,base,20.0,0.03,G00__mom_12_1__top10__weekly__long_short,delta_vs_same_scenario_G00,max_drawdown,0.23794647619931875
G12,G12__mom_12_1__top10__weekly__long_short,long_short,base,20.0,0.03,G00__mom_12_1__top10__weekly__long_short,delta_vs_same_scenario_G00,annualized_volatility,-0.07343082595574352
G12,G12__mom_12_1__top10__weekly__long_short,long_short,base,20.0,0.03,G00__mom_12_1__top10__weekly__long_short,delta_vs_same_scenario_G00,annualized_l1_turnover,-2.3959418463754716
G12,G12__mom_12_1__top20__monthly__long_only,long_only,base,0.0,0.0,G00__mom_12_1__top20__monthly__long_only,delta_vs_same_scenario_G00,cagr,-0.10890163688263668
G12,G12__mom_12_1__top20__monthly__long_only,long_only,base,0.0,0.0,G00__mom_12_1__top20__monthly__long_only,delta_vs_same_scenario_G00,sharpe_excess_rf,-0.257919904443153
G12,G12__mom_12_1__top20__monthly__long_only,long_only,base,0.0,0.0,G00__mom_12_1__top20__monthly__long_only,delta_vs_same_scenario_G00,max_drawdown,0.03709888698454061
G12,G12__mom_12_1__top20__monthly__long_only,long_only,base,0.0,0.0,G00__mom_12_1__top20__monthly__long_only,delta_vs_same_scenario_G00,annualized_volatility,-0.112706406221318
G12,G12__mom_12_1__top20__monthly__long_only,long_only,base,0.0,0.0,G00__mom_12_1__top20__monthly__long_only,delta_vs_same_scenario_G00,annualized_l1_turnover,-2.737298616343809
G12,G12__mom_12_1__top20__monthly__long_only,long_only,base,5.0,0.0,G00__mom_12_1__top20__monthly__long_only,delta_vs_same_scenario_G00,cagr,-0.1069753546572984
G12,G12__mom_12_1__top20__monthly__long_only,long_only,base,5.0,0.0,G00__mom_12_1__top20__monthly__long_only,delta_vs_same_scenario_G00,sharpe_excess_rf,-0.2588144567100963
G12,G12__mom_12_1__top20__monthly__long_only,long_only,base,5.0,0.0,G00__mom_12_1__top20__monthly__long_only,delta_vs_same_scenario_G00,max_drawdown,0.03520928427591469
G12,G12__mom_12_1__top20__monthly__long_only,long_only,base,5.0,0.0,G00__mom_12_1__top20__monthly__long_only,delta_vs_same_scenario_G00,annualized_volatility,-0.11270412546669509
G12,G12__mom_12_1__top20__monthly__long_only,long_only,base,5.0,0.0,G00__mom_12_1__top20__monthly__long_only,delta_vs_same_scenario_G00,annualized_l1_turnover,-2.737298616343809
G12,G12__mom_12_1__top20__monthly__long_only,long_only,base,10.0,0.0,G00__mom_12_1__top20__monthly__long_only,delta_vs_same_scenario_G00,cagr,-0.10505983114456843
G12,G12__mom_12_1__top20__monthly__long_only,long_only,base,10.0,0.0,G00__mom_12_1__top20__monthly__long_only,delta_vs_same_scenario_G00,sharpe_excess_rf,-0.2597064979248431
G12,G12__mom_12_1__top20__monthly__long_only,long_only,base,10.0,0.0,G00__mom_12_1__top20__monthly__long_only,delta_vs_same_scenario_G00,max_drawdown,0.035861626108967426
G12,G12__mom_12_1__top20__monthly__long_only,long_only,base,10.0,0.0,G00__mom_12_1__top20__monthly__long_only,delta_vs_same_scenario_G00,annualized_volatility,-0.11270286688019687
G12,G12__mom_12_1__top20__monthly__long_only,long_only,base,10.0,0.0,G00__mom_12_1__top20__monthly__long_only,delta_vs_same_scenario_G00,annualized_l1_turnover,-2.737298616343809
G12,G12__mom_12_1__top20__monthly__long_only,long_only,base,20.0,0.0,G00__mom_12_1__top20__monthly__long_only,delta_vs_same_scenario_G00,cagr,-0.10126088546878617
G12,G12__mom_12_1__top20__monthly__long_only,long_only,base,20.0,0.0,G00__mom_12_1__top20__monthly__long_only,delta_vs_same_scenario_G00,sharpe_excess_rf,-0.26148210750502543
G12,G12__mom_12_1__top20__monthly__long_only,long_only,base,20.0,0.0,G00__mom_12_1__top20__monthly__long_only,delta_vs_same_scenario_G00,max_drawdown,0.03713599209479479
G12,G12__mom_12_1__top20__monthly__long_only,long_only,base,20.0,0.0,G00__mom_12_1__top20__monthly__long_only,delta_vs_same_scenario_G00,annualized_volatility,-0.11270341644448437
G12,G12__mom_12_1__top20__monthly__long_only,long_only,base,20.0,0.0,G00__mom_12_1__top20__monthly__long_only,delta_vs_same_scenario_G00,annualized_l1_turnover,-2.7372986163438107
G12,G12__mom_12_1__top20__monthly__long_short,long_short,base,0.0,0.0,G00__mom_12_1__top20__monthly__long_short,delta_vs_same_scenario_G00,cagr,0.014759333188538303
G12,G12__mom_12_1__top20__monthly__long_short,long_short,base,0.0,0.0,G00__mom_12_1__top20__monthly__long_short,delta_vs_same_scenario_G00,sharpe_excess_rf,0.11021516961349631
G12,G12__mom_12_1__top20__monthly__long_short,long_short,base,0.0,0.0,G00__mom_12_1__top20__monthly__long_short,delta_vs_same_scenario_G00,max_drawdown,0.13805917567526615
G12,G12__mom_12_1__top20__monthly__long_short,long_short,base,0.0,0.0,G00__mom_12_1__top20__monthly__long_short,delta_vs_same_scenario_G00,annualized_volatility,-0.046139104569028894
G12,G12__mom_12_1__top20__monthly__long_short,long_short,base,0.0,0.0,G00__mom_12_1__top20__monthly__long_short,delta_vs_same_scenario_G00,annualized_l1_turnover,-0.8222806985844429
G12,G12__mom_12_1__top20__monthly__long_short,long_short,base,0.0,0.01,G00__mom_12_1__top20__monthly__long_short,delta_vs_same_scenario_G00,cagr,0.015334414954438408
G12,G12__mom_12_1__top20__monthly__long_short,long_short,base,0.0,0.01,G00__mom_12_1__top20__monthly__long_short,delta_vs_same_scenario_G00,sharpe_excess_rf,0.10630606882787097
G12,G12__mom_12_1__top20__monthly__long_short,long_short,base,0.0,0.01,G00__mom_12_1__top20__monthly__long_short,delta_vs_same_scenario_G00,max_drawdown,0.13923127438694993
G12,G12__mom_12_1__top20__monthly__long_short,long_short,base,0.0,0.01,G00__mom_12_1__top20__monthly__long_short,delta_vs_same_scenario_G00,annualized_volatility,-0.04615429213001118
G12,G12__mom_12_1__top20__monthly__long_short,long_short,base,0.0,0.01,G00__mom_12_1__top20__monthly__long_short,delta_vs_same_scenario_G00,annualized_l1_turnover,-0.8227647937915954
G12,G12__mom_12_1__top20__monthly__long_short,long_short,base,0.0,0.03,G00__mom_12_1__top20__monthly__long_short,delta_vs_same_scenario_G00,cagr,0.01645220808010843
G12,G12__mom_12_1__top20__monthly__long_short,long_short,base,0.0,0.03,G00__mom_12_1__top20__monthly__long_short,delta_vs_same_scenario_G00,sharpe_excess_rf,0.09859949135842672
G12,G12__mom_12_1__top20__monthly__long_short,long_short,base,0.0,0.03,G00__mom_12_1__top20__monthly__long_short,delta_vs_same_scenario_G00,max_drawdown,0.14146580413571952
G12,G12__mom_12_1__top20__monthly__long_short,long_short,base,0.0,0.03,G00__mom_12_1__top20__monthly__long_short,delta_vs_same_scenario_G00,annualized_volatility,-0.046184180051520723
G12,G12__mom_12_1__top20__monthly__long_short,long_short,base,0.0,0.03,G00__mom_12_1__top20__monthly__long_short,delta_vs_same_scenario_G00,annualized_l1_turnover,-0.8237383044360795
G12,G12__mom_12_1__top20__monthly__long_short,long_short,base,5.0,0.0,G00__mom_12_1__top20__monthly__long_short,delta_vs_same_scenario_G00,cagr,0.01513460164126975
G12,G12__mom_12_1__top20__monthly__long_short,long_short,base,5.0,0.0,G00__mom_12_1__top20__monthly__long_short,delta_vs_same_scenario_G00,sharpe_excess_rf,0.10619608399563099
G12,G12__mom_12_1__top20__monthly__long_short,long_short,base,5.0,0.0,G00__mom_12_1__top20__monthly__long_short,delta_vs_same_scenario_G00,max_drawdown,0.1386174756494835
G12,G12__mom_12_1__top20__monthly__long_short,long_short,base,5.0,0.0,G00__mom_12_1__top20__monthly__long_short,delta_vs_same_scenario_G00,annualized_volatility,-0.046139189113618334
G12,G12__mom_12_1__top20__monthly__long_short,long_short,base,5.0,0.0,G00__mom_12_1__top20__monthly__long_short,delta_vs_same_scenario_G00,annualized_l1_turnover,-0.8222806985844429
G12,G12__mom_12_1__top20__monthly__long_short,long_short,base,5.0,0.01,G00__mom_12_1__top20__monthly__long_short,delta_vs_same_scenario_G00,cagr,0.015705549614142285
G12,G12__mom_12_1__top20__monthly__long_short,long_short,base,5.0,0.01,G00__mom_12_1__top20__monthly__long_short,delta_vs_same_scenario_G00,sharpe_excess_rf,0.10228649814426724
G12,G12__mom_12_1__top20__monthly__long_short,long_short,base,5.0,0.01,G00__mom_12_1__top20__monthly__long_short,delta_vs_same_scenario_G00,max_drawdown,0.1397699524802486
G12,G12__mom_12_1__top20__monthly__long_short,long_short,base,5.0,0.01,G00__mom_12_1__top20__monthly__long_short,delta_vs_same_scenario_G00,annualized_volatility,-0.046154359609520745
G12,G12__mom_12_1__top20__monthly__long_short,long_short,base,5.0,0.01,G00__mom_12_1__top20__monthly__long_short,delta_vs_same_scenario_G00,annualized_l1_turnover,-0.8227647937915954
G12,G12__mom_12_1__top20__monthly__long_short,long_short,base,5.0,0.03,G00__mom_12_1__top20__monthly__long_short,delta_vs_same_scenario_G00,cagr,0.016815284500453914
G12,G12__mom_12_1__top20__monthly__long_short,long_short,base,5.0,0.03,G00__mom_12_1__top20__monthly__long_short,delta_vs_same_scenario_G00,sharpe_excess_rf,0.09457903290194355
G12,G12__mom_12_1__top20__monthly__long_short,long_short,base,5.0,0.03,G00__mom_12_1__top20__monthly__long_short,delta_vs_same_scenario_G00,max_drawdown,0.14196660362225377
G12,G12__mom_12_1__top20__monthly__long_short,long_short,base,5.0,0.03,G00__mom_12_1__top20__monthly__long_short,delta_vs_same_scenario_G00,annualized_volatility,-0.04618421422912217
G12,G12__mom_12_1__top20__monthly__long_short,long_short,base,5.0,0.03,G00__mom_12_1__top20__monthly__long_short,delta_vs_same_scenario_G00,annualized_l1_turnover,-0.8237383044360795
G12,G12__mom_12_1__top20__monthly__long_short,long_short,base,10.0,0.0,G00__mom_12_1__top20__monthly__long_short,delta_vs_same_scenario_G00,cagr,0.015506830158483587
G12,G12__mom_12_1__top20__monthly__long_short,long_short,base,10.0,0.0,G00__mom_12_1__top20__monthly__long_short,delta_vs_same_scenario_G00,sharpe_excess_rf,0.10216683604492502
G12,G12__mom_12_1__top20__monthly__long_short,long_short,base,10.0,0.0,G00__mom_12_1__top20__monthly__long_short,delta_vs_same_scenario_G00,max_drawdown,0.1391612449422202
G12,G12__mom_12_1__top20__monthly__long_short,long_short,base,10.0,0.0,G00__mom_12_1__top20__monthly__long_short,delta_vs_same_scenario_G00,annualized_volatility,-0.04613841037932251
G12,G12__mom_12_1__top20__monthly__long_short,long_short,base,10.0,0.0,G00__mom_12_1__top20__monthly__long_short,delta_vs_same_scenario_G00,annualized_l1_turnover,-0.8222806985844429
G12,G12__mom_12_1__top20__monthly__long_short,long_short,base,10.0,0.01,G00__mom_12_1__top20__monthly__long_short,delta_vs_same_scenario_G00,cagr,0.016073665692284925
G12,G12__mom_12_1__top20__monthly__long_short,long_short,base,10.0,0.01,G00__mom_12_1__top20__monthly__long_short,delta_vs_same_scenario_G00,sharpe_excess_rf,0.0982574802203425
G12,G12__mom_12_1__top20__monthly__long_short,long_short,base,10.0,0.01,G00__mom_12_1__top20__monthly__long_short,delta_vs_same_scenario_G00,max_drawdown,0.14029430770277868
G12,G12__mom_12_1__top20__monthly__long_short,long_short,base,10.0,0.01,G00__mom_12_1__top20__monthly__long_short,delta_vs_same_scenario_G00,annualized_volatility,-0.046153563799683384
G12,G12__mom_12_1__top20__monthly__long_short,long_short,base,10.0,0.01,G00__mom_12_1__top20__monthly__long_short,delta_vs_same_scenario_G00,annualized_l1_turnover,-0.8227647937915954
G12,G12__mom_12_1__top20__monthly__long_short,long_short,base,10.0,0.03,G00__mom_12_1__top20__monthly__long_short,delta_vs_same_scenario_G00,cagr,0.017175384005071303
G12,G12__mom_12_1__top20__monthly__long_short,long_short,base,10.0,0.03,G00__mom_12_1__top20__monthly__long_short,delta_vs_same_scenario_G00,sharpe_excess_rf,0.09055053675963953
G12,G12__mom_12_1__top20__monthly__long_short,long_short,base,10.0,0.03,G00__mom_12_1__top20__monthly__long_short,delta_vs_same_scenario_G00,max_drawdown,0.14245348269052033
G12,G12__mom_12_1__top20__monthly__long_short,long_short,base,10.0,0.03,G00__mom_12_1__top20__monthly__long_short,delta_vs_same_scenario_G00,annualized_volatility,-0.04618338512200845
G12,G12__mom_12_1__top20__monthly__long_short,long_short,base,10.0,0.03,G00__mom_12_1__top20__monthly__long_short,delta_vs_same_scenario_G00,annualized_l1_turnover,-0.8237383044360795
G12,G12__mom_12_1__top20__monthly__long_short,long_short,base,20.0,0.0,G00__mom_12_1__top20__monthly__long_short,delta_vs_same_scenario_G00,cagr,0.016242230709330674
G12,G12__mom_12_1__top20__monthly__long_short,long_short,base,20.0,0.0,G00__mom_12_1__top20__monthly__long_short,delta_vs_same_scenario_G00,sharpe_excess_rf,0.09408561164801166
G12,G12__mom_12_1__top20__monthly__long_short,long_short,base,20.0,0.0,G00__mom_12_1__top20__monthly__long_short,delta_vs_same_scenario_G00,max_drawdown,0.14020585043176498
G12,G12__mom_12_1__top20__monthly__long_short,long_short,base,20.0,0.0,G00__mom_12_1__top20__monthly__long_short,delta_vs_same_scenario_G00,annualized_volatility,-0.04613426481747038
G12,G12__mom_12_1__top20__monthly__long_short,long_short,base,20.0,0.0,G00__mom_12_1__top20__monthly__long_short,delta_vs_same_scenario_G00,annualized_l1_turnover,-0.8222806985844429
G12,G12__mom_12_1__top20__monthly__long_short,long_short,base,20.0,0.01,G00__mom_12_1__top20__monthly__long_short,delta_vs_same_scenario_G00,cagr,0.016800905068361557
G12,G12__mom_12_1__top20__monthly__long_short,long_short,base,20.0,0.01,G00__mom_12_1__top20__monthly__long_short,delta_vs_same_scenario_G00,sharpe_excess_rf,0.09017886044530565
G12,G12__mom_12_1__top20__monthly__long_short,long_short,base,20.0,0.01,G00__mom_12_1__top20__monthly__long_short,delta_vs_same_scenario_G00,max_drawdown,0.14130070125515515
G12,G12__mom_12_1__top20__monthly__long_short,long_short,base,20.0,0.01,G00__mom_12_1__top20__monthly__long_short,delta_vs_same_scenario_G00,annualized_volatility,-0.04614938406897609
G12,G12__mom_12_1__top20__monthly__long_short,long_short,base,20.0,0.01,G00__mom_12_1__top20__monthly__long_short,delta_vs_same_scenario_G00,annualized_l1_turnover,-0.8227647937915954
G12,G12__mom_12_1__top20__monthly__long_short,long_short,base,20.0,0.03,G00__mom_12_1__top20__monthly__long_short,delta_vs_same_scenario_G00,cagr,0.01788671453186003
G12,G12__mom_12_1__top20__monthly__long_short,long_short,base,20.0,0.03,G00__mom_12_1__top20__monthly__long_short,delta_vs_same_scenario_G00,sharpe_excess_rf,0.08247718772988294
G12,G12__mom_12_1__top20__monthly__long_short,long_short,base,20.0,0.03,G00__mom_12_1__top20__monthly__long_short,delta_vs_same_scenario_G00,max_drawdown,0.14338611727309825
G12,G12__mom_12_1__top20__monthly__long_short,long_short,base,20.0,0.03,G00__mom_12_1__top20__monthly__long_short,delta_vs_same_scenario_G00,annualized_volatility,-0.046179138837166456
G12,G12__mom_12_1__top20__monthly__long_short,long_short,base,20.0,0.03,G00__mom_12_1__top20__monthly__long_short,delta_vs_same_scenario_G00,annualized_l1_turnover,-0.8237383044360795
G12,G12__mom_12_1__top20__weekly__long_only,long_only,base,0.0,0.0,G00__mom_12_1__top20__weekly__long_only,delta_vs_same_scenario_G00,cagr,-0.1147232559063773
G12,G12__mom_12_1__top20__weekly__long_only,long_only,base,0.0,0.0,G00__mom_12_1__top20__weekly__long_only,delta_vs_same_scenario_G00,sharpe_excess_rf,-0.2248524633090654
G12,G12__mom_12_1__top20__weekly__long_only,long_only,base,0.0,0.0,G00__mom_12_1__top20__weekly__long_only,delta_vs_same_scenario_G00,max_drawdown,0.07548177898445146
G12,G12__mom_12_1__top20__weekly__long_only,long_only,base,0.0,0.0,G00__mom_12_1__top20__weekly__long_only,delta_vs_same_scenario_G00,annualized_volatility,-0.12447876015676124
G12,G12__mom_12_1__top20__weekly__long_only,long_only,base,0.0,0.0,G00__mom_12_1__top20__weekly__long_only,delta_vs_same_scenario_G00,annualized_l1_turnover,-3.217361177694589
G12,G12__mom_12_1__top20__weekly__long_only,long_only,base,5.0,0.0,G00__mom_12_1__top20__weekly__long_only,delta_vs_same_scenario_G00,cagr,-0.11241154455040592
G12,G12__mom_12_1__top20__weekly__long_only,long_only,base,5.0,0.0,G00__mom_12_1__top20__weekly__long_only,delta_vs_same_scenario_G00,sharpe_excess_rf,-0.2272146469135114
G12,G12__mom_12_1__top20__weekly__long_only,long_only,base,5.0,0.0,G00__mom_12_1__top20__weekly__long_only,delta_vs_same_scenario_G00,max_drawdown,0.0753952539942852
G12,G12__mom_12_1__top20__weekly__long_only,long_only,base,5.0,0.0,G00__mom_12_1__top20__weekly__long_only,delta_vs_same_scenario_G00,annualized_volatility,-0.12445921931836101
G12,G12__mom_12_1__top20__weekly__long_only,long_only,base,5.0,0.0,G00__mom_12_1__top20__weekly__long_only,delta_vs_same_scenario_G00,annualized_l1_turnover,-3.217361177694589
G12,G12__mom_12_1__top20__weekly__long_only,long_only,base,10.0,0.0,G00__mom_12_1__top20__weekly__long_only,delta_vs_same_scenario_G00,cagr,-0.11011538691953096
G12,G12__mom_12_1__top20__weekly__long_only,long_only,base,10.0,0.0,G00__mom_12_1__top20__weekly__long_only,delta_vs_same_scenario_G00,sharpe_excess_rf,-0.2295708135464501
G12,G12__mom_12_1__top20__weekly__long_only,long_only,base,10.0,0.0,G00__mom_12_1__top20__weekly__long_only,delta_vs_same_scenario_G00,max_drawdown,0.07530879154293518
G12,G12__mom_12_1__top20__weekly__long_only,long_only,base,10.0,0.0,G00__mom_12_1__top20__weekly__long_only,delta_vs_same_scenario_G00,annualized_volatility,-0.12444049491232798
G12,G12__mom_12_1__top20__weekly__long_only,long_only,base,10.0,0.0,G00__mom_12_1__top20__weekly__long_only,delta_vs_same_scenario_G00,annualized_l1_turnover,-3.217361177694589
G12,G12__mom_12_1__top20__weekly__long_only,long_only,base,20.0,0.0,G00__mom_12_1__top20__weekly__long_only,delta_vs_same_scenario_G00,cagr,-0.10556941553757054
G12,G12__mom_12_1__top20__weekly__long_only,long_only,base,20.0,0.0,G00__mom_12_1__top20__weekly__long_only,delta_vs_same_scenario_G00,sharpe_excess_rf,-0.2342632751773155
G12,G12__mom_12_1__top20__weekly__long_only,long_only,base,20.0,0.0,G00__mom_12_1__top20__weekly__long_only,delta_vs_same_scenario_G00,max_drawdown,0.07513605419192859
G12,G12__mom_12_1__top20__weekly__long_only,long_only,base,20.0,0.0,G00__mom_12_1__top20__weekly__long_only,delta_vs_same_scenario_G00,annualized_volatility,-0.12440550134064596
G12,G12__mom_12_1__top20__weekly__long_only,long_only,base,20.0,0.0,G00__mom_12_1__top20__weekly__long_only,delta_vs_same_scenario_G00,annualized_l1_turnover,-3.217361177694589
G12,G12__mom_12_1__top20__weekly__long_short,long_short,base,0.0,0.0,G00__mom_12_1__top20__weekly__long_short,delta_vs_same_scenario_G00,cagr,0.02074294574609796
G12,G12__mom_12_1__top20__weekly__long_short,long_short,base,0.0,0.0,G00__mom_12_1__top20__weekly__long_short,delta_vs_same_scenario_G00,sharpe_excess_rf,0.14264821952376117
G12,G12__mom_12_1__top20__weekly__long_short,long_short,base,0.0,0.0,G00__mom_12_1__top20__weekly__long_short,delta_vs_same_scenario_G00,max_drawdown,0.16197688964321133
G12,G12__mom_12_1__top20__weekly__long_short,long_short,base,0.0,0.0,G00__mom_12_1__top20__weekly__long_short,delta_vs_same_scenario_G00,annualized_volatility,-0.04700049799632097
G12,G12__mom_12_1__top20__weekly__long_short,long_short,base,0.0,0.0,G00__mom_12_1__top20__weekly__long_short,delta_vs_same_scenario_G00,annualized_l1_turnover,-1.173054705023306
G12,G12__mom_12_1__top20__weekly__long_short,long_short,base,0.0,0.01,G00__mom_12_1__top20__weekly__long_short,delta_vs_same_scenario_G00,cagr,0.021304766824645355
G12,G12__mom_12_1__top20__weekly__long_short,long_short,base,0.0,0.01,G00__mom_12_1__top20__weekly__long_short,delta_vs_same_scenario_G00,sharpe_excess_rf,0.1387169243170273
G12,G12__mom_12_1__top20__weekly__long_short,long_short,base,0.0,0.01,G00__mom_12_1__top20__weekly__long_short,delta_vs_same_scenario_G00,max_drawdown,0.16489722172739485
G12,G12__mom_12_1__top20__weekly__long_short,long_short,base,0.0,0.01,G00__mom_12_1__top20__weekly__long_short,delta_vs_same_scenario_G00,annualized_volatility,-0.04700672170733494
G12,G12__mom_12_1__top20__weekly__long_short,long_short,base,0.0,0.01,G00__mom_12_1__top20__weekly__long_short,delta_vs_same_scenario_G00,annualized_l1_turnover,-1.173334967713421
G12,G12__mom_12_1__top20__weekly__long_short,long_short,base,0.0,0.03,G00__mom_12_1__top20__weekly__long_short,delta_vs_same_scenario_G00,cagr,0.02239568798404261
G12,G12__mom_12_1__top20__weekly__long_short,long_short,base,0.0,0.03,G00__mom_12_1__top20__weekly__long_short,delta_vs_same_scenario_G00,sharpe_excess_rf,0.1309671685191324
G12,G12__mom_12_1__top20__weekly__long_short,long_short,base,0.0,0.03,G00__mom_12_1__top20__weekly__long_short,delta_vs_same_scenario_G00,max_drawdown,0.1740992679020591
G12,G12__mom_12_1__top20__weekly__long_short,long_short,base,0.0,0.03,G00__mom_12_1__top20__weekly__long_short,delta_vs_same_scenario_G00,annualized_volatility,-0.047018917142918976
G12,G12__mom_12_1__top20__weekly__long_short,long_short,base,0.0,0.03,G00__mom_12_1__top20__weekly__long_short,delta_vs_same_scenario_G00,annualized_l1_turnover,-1.173895299183032
G12,G12__mom_12_1__top20__weekly__long_short,long_short,base,5.0,0.0,G00__mom_12_1__top20__weekly__long_short,delta_vs_same_scenario_G00,cagr,0.02125998577213902
G12,G12__mom_12_1__top20__weekly__long_short,long_short,base,5.0,0.0,G00__mom_12_1__top20__weekly__long_short,delta_vs_same_scenario_G00,sharpe_excess_rf,0.13807033024971846
G12,G12__mom_12_1__top20__weekly__long_short,long_short,base,5.0,0.0,G00__mom_12_1__top20__weekly__long_short,delta_vs_same_scenario_G00,max_drawdown,0.16465749085757664
G12,G12__mom_12_1__top20__weekly__long_short,long_short,base,5.0,0.0,G00__mom_12_1__top20__weekly__long_short,delta_vs_same_scenario_G00,annualized_volatility,-0.04705026102446966
G12,G12__mom_12_1__top20__weekly__long_short,long_short,base,5.0,0.0,G00__mom_12_1__top20__weekly__long_short,delta_vs_same_scenario_G00,annualized_l1_turnover,-1.173054705023306
G12,G12__mom_12_1__top20__weekly__long_short,long_short,base,5.0,0.01,G00__mom_12_1__top20__weekly__long_short,delta_vs_same_scenario_G00,cagr,0.021816302559597503
G12,G12__mom_12_1__top20__weekly__long_short,long_short,base,5.0,0.01,G00__mom_12_1__top20__weekly__long_short,delta_vs_same_scenario_G00,sharpe_excess_rf,0.13413195974881578
G12,G12__mom_12_1__top20__weekly__long_short,long_short,base,5.0,0.01,G00__mom_12_1__top20__weekly__long_short,delta_vs_same_scenario_G00,max_drawdown,0.16936913257369424
G12,G12__mom_12_1__top20__weekly__long_short,long_short,base,5.0,0.01,G00__mom_12_1__top20__weekly__long_short,delta_vs_same_scenario_G00,annualized_volatility,-0.04705646722110346
G12,G12__mom_12_1__top20__weekly__long_short,long_short,base,5.0,0.01,G00__mom_12_1__top20__weekly__long_short,delta_vs_same_scenario_G00,annualized_l1_turnover,-1.173334967713421
G12,G12__mom_12_1__top20__weekly__long_short,long_short,base,5.0,0.03,G00__mom_12_1__top20__weekly__long_short,delta_vs_same_scenario_G00,cagr,0.02289649353159858
G12,G12__mom_12_1__top20__weekly__long_short,long_short,base,5.0,0.03,G00__mom_12_1__top20__weekly__long_short,delta_vs_same_scenario_G00,sharpe_excess_rf,0.1263683126896808
G12,G12__mom_12_1__top20__weekly__long_short,long_short,base,5.0,0.03,G00__mom_12_1__top20__weekly__long_short,delta_vs_same_scenario_G00,max_drawdown,0.17838985153433673
G12,G12__mom_12_1__top20__weekly__long_short,long_short,base,5.0,0.03,G00__mom_12_1__top20__weekly__long_short,delta_vs_same_scenario_G00,annualized_volatility,-0.04706862810961354
G12,G12__mom_12_1__top20__weekly__long_short,long_short,base,5.0,0.03,G00__mom_12_1__top20__weekly__long_short,delta_vs_same_scenario_G00,annualized_l1_turnover,-1.173895299183032
G12,G12__mom_12_1__top20__weekly__long_short,long_short,base,10.0,0.0,G00__mom_12_1__top20__weekly__long_short,delta_vs_same_scenario_G00,cagr,0.021771682228214406
G12,G12__mom_12_1__top20__weekly__long_short,long_short,base,10.0,0.0,G00__mom_12_1__top20__weekly__long_short,delta_vs_same_scenario_G00,sharpe_excess_rf,0.13346827891929955
G12,G12__mom_12_1__top20__weekly__long_short,long_short,base,10.0,0.0,G00__mom_12_1__top20__weekly__long_short,delta_vs_same_scenario_G00,max_drawdown,0.16912848936995295
G12,G12__mom_12_1__top20__weekly__long_short,long_short,base,10.0,0.0,G00__mom_12_1__top20__weekly__long_short,delta_vs_same_scenario_G00,annualized_volatility,-0.04709931769999723
G12,G12__mom_12_1__top20__weekly__long_short,long_short,base,10.0,0.0,G00__mom_12_1__top20__weekly__long_short,delta_vs_same_scenario_G00,annualized_l1_turnover,-1.173054705023306
G12,G12__mom_12_1__top20__weekly__long_short,long_short,base,10.0,0.01,G00__mom_12_1__top20__weekly__long_short,delta_vs_same_scenario_G00,cagr,0.022322532921073023
G12,G12__mom_12_1__top20__weekly__long_short,long_short,base,10.0,0.01,G00__mom_12_1__top20__weekly__long_short,delta_vs_same_scenario_G00,sharpe_excess_rf,0.12952346976266993
G12,G12__mom_12_1__top20__weekly__long_short,long_short,base,10.0,0.01,G00__mom_12_1__top20__weekly__long_short,delta_vs_same_scenario_G00,max_drawdown,0.17374746361616933
G12,G12__mom_12_1__top20__weekly__long_short,long_short,base,10.0,0.01,G00__mom_12_1__top20__weekly__long_short,delta_vs_same_scenario_G00,annualized_volatility,-0.047105506375366396
G12,G12__mom_12_1__top20__weekly__long_short,long_short,base,10.0,0.01,G00__mom_12_1__top20__weekly__long_short,delta_vs_same_scenario_G00,annualized_l1_turnover,-1.173334967713421
G12,G12__mom_12_1__top20__weekly__long_short,long_short,base,10.0,0.03,G00__mom_12_1__top20__weekly__long_short,delta_vs_same_scenario_G00,cagr,0.023392068256867588
G12,G12__mom_12_1__top20__weekly__long_short,long_short,base,10.0,0.03,G00__mom_12_1__top20__weekly__long_short,delta_vs_same_scenario_G00,sharpe_excess_rf,0.12174718608056477
G12,G12__mom_12_1__top20__weekly__long_short,long_short,base,10.0,0.03,G00__mom_12_1__top20__weekly__long_short,delta_vs_same_scenario_G00,max_drawdown,0.18228021430533137
G12,G12__mom_12_1__top20__weekly__long_short,long_short,base,10.0,0.03,G00__mom_12_1__top20__weekly__long_short,delta_vs_same_scenario_G00,annualized_volatility,-0.04711763270864178
G12,G12__mom_12_1__top20__weekly__long_short,long_short,base,10.0,0.03,G00__mom_12_1__top20__weekly__long_short,delta_vs_same_scenario_G00,annualized_l1_turnover,-1.173895299183032
G12,G12__mom_12_1__top20__weekly__long_short,long_short,base,20.0,0.0,G00__mom_12_1__top20__weekly__long_short,delta_vs_same_scenario_G00,cagr,0.022779190938501167
G12,G12__mom_12_1__top20__weekly__long_short,long_short,base,20.0,0.0,G00__mom_12_1__top20__weekly__long_short,delta_vs_same_scenario_G00,sharpe_excess_rf,0.12419986075595305
G12,G12__mom_12_1__top20__weekly__long_short,long_short,base,20.0,0.0,G00__mom_12_1__top20__weekly__long_short,delta_vs_same_scenario_G00,max_drawdown,0.17779123290383947
G12,G12__mom_12_1__top20__weekly__long_short,long_short,base,20.0,0.0,G00__mom_12_1__top20__weekly__long_short,delta_vs_same_scenario_G00,annualized_volatility,-0.0471952913854726
G12,G12__mom_12_1__top20__weekly__long_short,long_short,base,20.0,0.0,G00__mom_12_1__top20__weekly__long_short,delta_vs_same_scenario_G00,annualized_l1_turnover,-1.173054705023306
G12,G12__mom_12_1__top20__weekly__long_short,long_short,base,20.0,0.01,G00__mom_12_1__top20__weekly__long_short,delta_vs_same_scenario_G00,cagr,0.02331922314300533
G12,G12__mom_12_1__top20__weekly__long_short,long_short,base,20.0,0.01,G00__mom_12_1__top20__weekly__long_short,delta_vs_same_scenario_G00,sharpe_excess_rf,0.12024409188610885
G12,G12__mom_12_1__top20__weekly__long_short,long_short,base,20.0,0.01,G00__mom_12_1__top20__weekly__long_short,delta_vs_same_scenario_G00,max_drawdown,0.18180636852351784
G12,G12__mom_12_1__top20__weekly__long_short,long_short,base,20.0,0.01,G00__mom_12_1__top20__weekly__long_short,delta_vs_same_scenario_G00,annualized_volatility,-0.04720144501221604
G12,G12__mom_12_1__top20__weekly__long_short,long_short,base,20.0,0.01,G00__mom_12_1__top20__weekly__long_short,delta_vs_same_scenario_G00,annualized_l1_turnover,-1.173334967713421
G12,G12__mom_12_1__top20__weekly__long_short,long_short,base,20.0,0.03,G00__mom_12_1__top20__weekly__long_short,delta_vs_same_scenario_G00,cagr,0.024367669124592428
G12,G12__mom_12_1__top20__weekly__long_short,long_short,base,20.0,0.03,G00__mom_12_1__top20__weekly__long_short,delta_vs_same_scenario_G00,sharpe_excess_rf,0.11244631393746046
G12,G12__mom_12_1__top20__weekly__long_short,long_short,base,20.0,0.03,G00__mom_12_1__top20__weekly__long_short,delta_vs_same_scenario_G00,max_drawdown,0.18199208961423796
G12,G12__mom_12_1__top20__weekly__long_short,long_short,base,20.0,0.03,G00__mom_12_1__top20__weekly__long_short,delta_vs_same_scenario_G00,annualized_volatility,-0.0472135022391883
G12,G12__mom_12_1__top20__weekly__long_short,long_short,base,20.0,0.03,G00__mom_12_1__top20__weekly__long_short,delta_vs_same_scenario_G00,annualized_l1_turnover,-1.173895299183032
G12,G12__mom_12_1__top50__monthly__long_only,long_only,base,0.0,0.0,G00__mom_12_1__top50__monthly__long_only,delta_vs_same_scenario_G00,cagr,-0.07333659545981841
G12,G12__mom_12_1__top50__monthly__long_only,long_only,base,0.0,0.0,G00__mom_12_1__top50__monthly__long_only,delta_vs_same_scenario_G00,sharpe_excess_rf,-0.22414430507343863
G12,G12__mom_12_1__top50__monthly__long_only,long_only,base,0.0,0.0,G00__mom_12_1__top50__monthly__long_only,delta_vs_same_scenario_G00,max_drawdown,-6.106226635438361e-16
G12,G12__mom_12_1__top50__monthly__long_only,long_only,base,0.0,0.0,G00__mom_12_1__top50__monthly__long_only,delta_vs_same_scenario_G00,annualized_volatility,-0.05507831003034358
G12,G12__mom_12_1__top50__monthly__long_only,long_only,base,0.0,0.0,G00__mom_12_1__top50__monthly__long_only,delta_vs_same_scenario_G00,annualized_l1_turnover,-1.7110364886143028
G12,G12__mom_12_1__top50__monthly__long_only,long_only,base,5.0,0.0,G00__mom_12_1__top50__monthly__long_only,delta_vs_same_scenario_G00,cagr,-0.07212630513065021
G12,G12__mom_12_1__top50__monthly__long_only,long_only,base,5.0,0.0,G00__mom_12_1__top50__monthly__long_only,delta_vs_same_scenario_G00,sharpe_excess_rf,-0.2242551499202483
G12,G12__mom_12_1__top50__monthly__long_only,long_only,base,5.0,0.0,G00__mom_12_1__top50__monthly__long_only,delta_vs_same_scenario_G00,max_drawdown,-2.7755575615628914e-16
G12,G12__mom_12_1__top50__monthly__long_only,long_only,base,5.0,0.0,G00__mom_12_1__top50__monthly__long_only,delta_vs_same_scenario_G00,annualized_volatility,-0.05507090571007034
G12,G12__mom_12_1__top50__monthly__long_only,long_only,base,5.0,0.0,G00__mom_12_1__top50__monthly__long_only,delta_vs_same_scenario_G00,annualized_l1_turnover,-1.7110364886143028
G12,G12__mom_12_1__top50__monthly__long_only,long_only,base,10.0,0.0,G00__mom_12_1__top50__monthly__long_only,delta_vs_same_scenario_G00,cagr,-0.07092279053189382
G12,G12__mom_12_1__top50__monthly__long_only,long_only,base,10.0,0.0,G00__mom_12_1__top50__monthly__long_only,delta_vs_same_scenario_G00,sharpe_excess_rf,-0.22436096465430244
G12,G12__mom_12_1__top50__monthly__long_only,long_only,base,10.0,0.0,G00__mom_12_1__top50__monthly__long_only,delta_vs_same_scenario_G00,max_drawdown,-5.551115123125783e-17
G12,G12__mom_12_1__top50__monthly__long_only,long_only,base,10.0,0.0,G00__mom_12_1__top50__monthly__long_only,delta_vs_same_scenario_G00,annualized_volatility,-0.055064341978313
G12,G12__mom_12_1__top50__monthly__long_only,long_only,base,10.0,0.0,G00__mom_12_1__top50__monthly__long_only,delta_vs_same_scenario_G00,annualized_l1_turnover,-1.7110364886143028
G12,G12__mom_12_1__top50__monthly__long_only,long_only,base,20.0,0.0,G00__mom_12_1__top50__monthly__long_only,delta_vs_same_scenario_G00,cagr,-0.06853597785582052
G12,G12__mom_12_1__top50__monthly__long_only,long_only,base,20.0,0.0,G00__mom_12_1__top50__monthly__long_only,delta_vs_same_scenario_G00,sharpe_excess_rf,-0.22455713029995233
G12,G12__mom_12_1__top50__monthly__long_only,long_only,base,20.0,0.0,G00__mom_12_1__top50__monthly__long_only,delta_vs_same_scenario_G00,max_drawdown,5.551115123125783e-17
G12,G12__mom_12_1__top50__monthly__long_only,long_only,base,20.0,0.0,G00__mom_12_1__top50__monthly__long_only,delta_vs_same_scenario_G00,annualized_volatility,-0.055053737986337586
G12,G12__mom_12_1__top50__monthly__long_only,long_only,base,20.0,0.0,G00__mom_12_1__top50__monthly__long_only,delta_vs_same_scenario_G00,annualized_l1_turnover,-1.7110364886143028
G12,G12__mom_12_1__top50__monthly__long_short,long_short,base,0.0,0.0,G00__mom_12_1__top50__monthly__long_short,delta_vs_same_scenario_G00,cagr,0.014439903501469377
G12,G12__mom_12_1__top50__monthly__long_short,long_short,base,0.0,0.0,G00__mom_12_1__top50__monthly__long_short,delta_vs_same_scenario_G00,sharpe_excess_rf,0.11766091052168154
G12,G12__mom_12_1__top50__monthly__long_short,long_short,base,0.0,0.0,G00__mom_12_1__top50__monthly__long_short,delta_vs_same_scenario_G00,max_drawdown,0.08685959417626377
G12,G12__mom_12_1__top50__monthly__long_short,long_short,base,0.0,0.0,G00__mom_12_1__top50__monthly__long_short,delta_vs_same_scenario_G00,annualized_volatility,-0.0211333105759835
G12,G12__mom_12_1__top50__monthly__long_short,long_short,base,0.0,0.0,G00__mom_12_1__top50__monthly__long_short,delta_vs_same_scenario_G00,annualized_l1_turnover,-0.34402224670629344
G12,G12__mom_12_1__top50__monthly__long_short,long_short,base,0.0,0.01,G00__mom_12_1__top50__monthly__long_short,delta_vs_same_scenario_G00,cagr,0.01469556710982576
G12,G12__mom_12_1__top50__monthly__long_short,long_short,base,0.0,0.01,G00__mom_12_1__top50__monthly__long_short,delta_vs_same_scenario_G00,sharpe_excess_rf,0.11442084683669121
G12,G12__mom_12_1__top50__monthly__long_short,long_short,base,0.0,0.01,G00__mom_12_1__top50__monthly__long_short,delta_vs_same_scenario_G00,max_drawdown,0.08801331916634292
G12,G12__mom_12_1__top50__monthly__long_short,long_short,base,0.0,0.01,G00__mom_12_1__top50__monthly__long_short,delta_vs_same_scenario_G00,annualized_volatility,-0.021140720999871382
G12,G12__mom_12_1__top50__monthly__long_short,long_short,base,0.0,0.01,G00__mom_12_1__top50__monthly__long_short,delta_vs_same_scenario_G00,annualized_l1_turnover,-0.34434018269121314
G12,G12__mom_12_1__top50__monthly__long_short,long_short,base,0.0,0.03,G00__mom_12_1__top50__monthly__long_short,delta_vs_same_scenario_G00,cagr,0.01519176805161538
G12,G12__mom_12_1__top50__monthly__long_short,long_short,base,0.0,0.03,G00__mom_12_1__top50__monthly__long_short,delta_vs_same_scenario_G00,sharpe_excess_rf,0.1080327188779071
G12,G12__mom_12_1__top50__monthly__long_short,long_short,base,0.0,0.03,G00__mom_12_1__top50__monthly__long_short,delta_vs_same_scenario_G00,max_drawdown,0.09022000676011155
G12,G12__mom_12_1__top50__monthly__long_short,long_short,base,0.0,0.03,G00__mom_12_1__top50__monthly__long_short,delta_vs_same_scenario_G00,annualized_volatility,-0.021155287970593822
G12,G12__mom_12_1__top50__monthly__long_short,long_short,base,0.0,0.03,G00__mom_12_1__top50__monthly__long_short,delta_vs_same_scenario_G00,annualized_l1_turnover,-0.3449770282740463
G12,G12__mom_12_1__top50__monthly__long_short,long_short,base,5.0,0.0,G00__mom_12_1__top50__monthly__long_short,delta_vs_same_scenario_G00,cagr,0.014567315294996393
G12,G12__mom_12_1__top50__monthly__long_short,long_short,base,5.0,0.0,G00__mom_12_1__top50__monthly__long_short,delta_vs_same_scenario_G00,sharpe_excess_rf,0.11474189610289925
G12,G12__mom_12_1__top50__monthly__long_short,long_short,base,5.0,0.0,G00__mom_12_1__top50__monthly__long_short,delta_vs_same_scenario_G00,max_drawdown,0.0873794509616061
G12,G12__mom_12_1__top50__monthly__long_short,long_short,base,5.0,0.0,G00__mom_12_1__top50__monthly__long_short,delta_vs_same_scenario_G00,annualized_volatility,-0.021128547168132727
G12,G12__mom_12_1__top50__monthly__long_short,long_short,base,5.0,0.0,G00__mom_12_1__top50__monthly__long_short,delta_vs_same_scenario_G00,annualized_l1_turnover,-0.34402224670629344
G12,G12__mom_12_1__top50__monthly__long_short,long_short,base,5.0,0.01,G00__mom_12_1__top50__monthly__long_short,delta_vs_same_scenario_G00,cagr,0.014821314251565257
G12,G12__mom_12_1__top50__monthly__long_short,long_short,base,5.0,0.01,G00__mom_12_1__top50__monthly__long_short,delta_vs_same_scenario_G00,sharpe_excess_rf,0.111502778392711
G12,G12__mom_12_1__top50__monthly__long_short,long_short,base,5.0,0.01,G00__mom_12_1__top50__monthly__long_short,delta_vs_same_scenario_G00,max_drawdown,0.08851872105017239
G12,G12__mom_12_1__top50__monthly__long_short,long_short,base,5.0,0.01,G00__mom_12_1__top50__monthly__long_short,delta_vs_same_scenario_G00,annualized_volatility,-0.02113594012178935
G12,G12__mom_12_1__top50__monthly__long_short,long_short,base,5.0,0.01,G00__mom_12_1__top50__monthly__long_short,delta_vs_same_scenario_G00,annualized_l1_turnover,-0.34434018269121314
G12,G12__mom_12_1__top50__monthly__long_short,long_short,base,5.0,0.03,G00__mom_12_1__top50__monthly__long_short,delta_vs_same_scenario_G00,cagr,0.015314273072207344
G12,G12__mom_12_1__top50__monthly__long_short,long_short,base,5.0,0.03,G00__mom_12_1__top50__monthly__long_short,delta_vs_same_scenario_G00,sharpe_excess_rf,0.10511656899735645
G12,G12__mom_12_1__top50__monthly__long_short,long_short,base,5.0,0.03,G00__mom_12_1__top50__monthly__long_short,delta_vs_same_scenario_G00,max_drawdown,0.09069747288375568
G12,G12__mom_12_1__top50__monthly__long_short,long_short,base,5.0,0.03,G00__mom_12_1__top50__monthly__long_short,delta_vs_same_scenario_G00,annualized_volatility,-0.021150472886575455
G12,G12__mom_12_1__top50__monthly__long_short,long_short,base,5.0,0.03,G00__mom_12_1__top50__monthly__long_short,delta_vs_same_scenario_G00,annualized_l1_turnover,-0.3449770282740463
G12,G12__mom_12_1__top50__monthly__long_short,long_short,base,10.0,0.0,G00__mom_12_1__top50__monthly__long_short,delta_vs_same_scenario_G00,cagr,0.014693679646951258
G12,G12__mom_12_1__top50__monthly__long_short,long_short,base,10.0,0.0,G00__mom_12_1__top50__monthly__long_short,delta_vs_same_scenario_G00,sharpe_excess_rf,0.11181417768861165
G12,G12__mom_12_1__top50__monthly__long_short,long_short,base,10.0,0.0,G00__mom_12_1__top50__monthly__long_short,delta_vs_same_scenario_G00,max_drawdown,0.08789033753143977
G12,G12__mom_12_1__top50__monthly__long_short,long_short,base,10.0,0.0,G00__mom_12_1__top50__monthly__long_short,delta_vs_same_scenario_G00,annualized_volatility,-0.02112318628262444
G12,G12__mom_12_1__top50__monthly__long_short,long_short,base,10.0,0.0,G00__mom_12_1__top50__monthly__long_short,delta_vs_same_scenario_G00,annualized_l1_turnover,-0.34402224670629344
G12,G12__mom_12_1__top50__monthly__long_short,long_short,base,10.0,0.01,G00__mom_12_1__top50__monthly__long_short,delta_vs_same_scenario_G00,cagr,0.014946021724984826
G12,G12__mom_12_1__top50__monthly__long_short,long_short,base,10.0,0.01,G00__mom_12_1__top50__monthly__long_short,delta_vs_same_scenario_G00,sharpe_excess_rf,0.10857671646590654
G12,G12__mom_12_1__top50__monthly__long_short,long_short,base,10.0,0.01,G00__mom_12_1__top50__monthly__long_short,delta_vs_same_scenario_G00,max_drawdown,0.08901527516888152
G12,G12__mom_12_1__top50__monthly__long_short,long_short,base,10.0,0.01,G00__mom_12_1__top50__monthly__long_short,delta_vs_same_scenario_G00,annualized_volatility,-0.021130561887075155
G12,G12__mom_12_1__top50__monthly__long_short,long_short,base,10.0,0.01,G00__mom_12_1__top50__monthly__long_short,delta_vs_same_scenario_G00,annualized_l1_turnover,-0.34434018269121314
G12,G12__mom_12_1__top50__monthly__long_short,long_short,base,10.0,0.03,G00__mom_12_1__top50__monthly__long_short,delta_vs_same_scenario_G00,cagr,0.015435753577473645
G12,G12__mom_12_1__top50__monthly__long_short,long_short,base,10.0,0.03,G00__mom_12_1__top50__monthly__long_short,delta_vs_same_scenario_G00,sharpe_excess_rf,0.1021938259437371
G12,G12__mom_12_1__top50__monthly__long_short,long_short,base,10.0,0.03,G00__mom_12_1__top50__monthly__long_short,delta_vs_same_scenario_G00,max_drawdown,0.09128809549229783
G12,G12__mom_12_1__top50__monthly__long_short,long_short,base,10.0,0.03,G00__mom_12_1__top50__monthly__long_short,delta_vs_same_scenario_G00,annualized_volatility,-0.0211450606913966
G12,G12__mom_12_1__top50__monthly__long_short,long_short,base,10.0,0.03,G00__mom_12_1__top50__monthly__long_short,delta_vs_same_scenario_G00,annualized_l1_turnover,-0.34497702827404453
G12,G12__mom_12_1__top50__monthly__long_short,long_short,base,20.0,0.0,G00__mom_12_1__top50__monthly__long_short,delta_vs_same_scenario_G00,cagr,0.014943286484796509
G12,G12__mom_12_1__top50__monthly__long_short,long_short,base,20.0,0.0,G00__mom_12_1__top50__monthly__long_short,delta_vs_same_scenario_G00,sharpe_excess_rf,0.10593942476928554
G12,G12__mom_12_1__top50__monthly__long_short,long_short,base,20.0,0.0,G00__mom_12_1__top50__monthly__long_short,delta_vs_same_scenario_G00,max_drawdown,0.08888552450939657
G12,G12__mom_12_1__top50__monthly__long_short,long_short,base,20.0,0.0,G00__mom_12_1__top50__monthly__long_short,delta_vs_same_scenario_G00,annualized_volatility,-0.02111067670495556
G12,G12__mom_12_1__top50__monthly__long_short,long_short,base,20.0,0.0,G00__mom_12_1__top50__monthly__long_short,delta_vs_same_scenario_G00,annualized_l1_turnover,-0.34402224670629344
G12,G12__mom_12_1__top50__monthly__long_short,long_short,base,20.0,0.01,G00__mom_12_1__top50__monthly__long_short,delta_vs_same_scenario_G00,cagr,0.015192338007472363
G12,G12__mom_12_1__top50__monthly__long_short,long_short,base,20.0,0.01,G00__mom_12_1__top50__monthly__long_short,delta_vs_same_scenario_G00,sharpe_excess_rf,0.10270740406951631
G12,G12__mom_12_1__top50__monthly__long_short,long_short,base,20.0,0.01,G00__mom_12_1__top50__monthly__long_short,delta_vs_same_scenario_G00,max_drawdown,0.09027306460411816
G12,G12__mom_12_1__top50__monthly__long_short,long_short,base,20.0,0.01,G00__mom_12_1__top50__monthly__long_short,delta_vs_same_scenario_G00,annualized_volatility,-0.02111801798983598
G12,G12__mom_12_1__top50__monthly__long_short,long_short,base,20.0,0.01,G00__mom_12_1__top50__monthly__long_short,delta_vs_same_scenario_G00,annualized_l1_turnover,-0.3443401826912149
G12,G12__mom_12_1__top50__monthly__long_short,long_short,base,20.0,0.03,G00__mom_12_1__top50__monthly__long_short,delta_vs_same_scenario_G00,cagr,0.015675661152432515
G12,G12__mom_12_1__top50__monthly__long_short,long_short,base,20.0,0.03,G00__mom_12_1__top50__monthly__long_short,delta_vs_same_scenario_G00,sharpe_excess_rf,0.09633534431288952
G12,G12__mom_12_1__top50__monthly__long_short,long_short,base,20.0,0.03,G00__mom_12_1__top50__monthly__long_short,delta_vs_same_scenario_G00,max_drawdown,0.0914283153276958
G12,G12__mom_12_1__top50__monthly__long_short,long_short,base,20.0,0.03,G00__mom_12_1__top50__monthly__long_short,delta_vs_same_scenario_G00,annualized_volatility,-0.021132449640529877
G12,G12__mom_12_1__top50__monthly__long_short,long_short,base,20.0,0.03,G00__mom_12_1__top50__monthly__long_short,delta_vs_same_scenario_G00,annualized_l1_turnover,-0.3449770282740463
G12,G12__mom_12_1__top50__weekly__long_only,long_only,base,0.0,0.0,G00__mom_12_1__top50__weekly__long_only,delta_vs_same_scenario_G00,cagr,-0.06827654597993699
G12,G12__mom_12_1__top50__weekly__long_only,long_only,base,0.0,0.0,G00__mom_12_1__top50__weekly__long_only,delta_vs_same_scenario_G00,sharpe_excess_rf,-0.20406310345433365
G12,G12__mom_12_1__top50__weekly__long_only,long_only,base,0.0,0.0,G00__mom_12_1__top50__weekly__long_only,delta_vs_same_scenario_G00,max_drawdown,0.04840098651185765
G12,G12__mom_12_1__top50__weekly__long_only,long_only,base,0.0,0.0,G00__mom_12_1__top50__weekly__long_only,delta_vs_same_scenario_G00,annualized_volatility,-0.06711077629398754
G12,G12__mom_12_1__top50__weekly__long_only,long_only,base,0.0,0.0,G00__mom_12_1__top50__weekly__long_only,delta_vs_same_scenario_G00,annualized_l1_turnover,-1.9439541539827658
G12,G12__mom_12_1__top50__weekly__long_only,long_only,base,5.0,0.0,G00__mom_12_1__top50__weekly__long_only,delta_vs_same_scenario_G00,cagr,-0.06692853174460531
G12,G12__mom_12_1__top50__weekly__long_only,long_only,base,5.0,0.0,G00__mom_12_1__top50__weekly__long_only,delta_vs_same_scenario_G00,sharpe_excess_rf,-0.20570350101654228
G12,G12__mom_12_1__top50__weekly__long_only,long_only,base,5.0,0.0,G00__mom_12_1__top50__weekly__long_only,delta_vs_same_scenario_G00,max_drawdown,0.048287369060436514
G12,G12__mom_12_1__top50__weekly__long_only,long_only,base,5.0,0.0,G00__mom_12_1__top50__weekly__long_only,delta_vs_same_scenario_G00,annualized_volatility,-0.06709569691874484
G12,G12__mom_12_1__top50__weekly__long_only,long_only,base,5.0,0.0,G00__mom_12_1__top50__weekly__long_only,delta_vs_same_scenario_G00,annualized_l1_turnover,-1.9439541539827658
G12,G12__mom_12_1__top50__weekly__long_only,long_only,base,10.0,0.0,G00__mom_12_1__top50__weekly__long_only,delta_vs_same_scenario_G00,cagr,-0.06558941339042401
G12,G12__mom_12_1__top50__weekly__long_only,long_only,base,10.0,0.0,G00__mom_12_1__top50__weekly__long_only,delta_vs_same_scenario_G00,sharpe_excess_rf,-0.207336747266899
G12,G12__mom_12_1__top50__weekly__long_only,long_only,base,10.0,0.0,G00__mom_12_1__top50__weekly__long_only,delta_vs_same_scenario_G00,max_drawdown,0.04817382097388395
G12,G12__mom_12_1__top50__weekly__long_only,long_only,base,10.0,0.0,G00__mom_12_1__top50__weekly__long_only,delta_vs_same_scenario_G00,annualized_volatility,-0.06708130524246225
G12,G12__mom_12_1__top50__weekly__long_only,long_only,base,10.0,0.0,G00__mom_12_1__top50__weekly__long_only,delta_vs_same_scenario_G00,annualized_l1_turnover,-1.9439541539827658
G12,G12__mom_12_1__top50__weekly__long_only,long_only,base,20.0,0.0,G00__mom_12_1__top50__weekly__long_only,delta_vs_same_scenario_G00,cagr,-0.06293768740587266
G12,G12__mom_12_1__top50__weekly__long_only,long_only,base,20.0,0.0,G00__mom_12_1__top50__weekly__long_only,delta_vs_same_scenario_G00,sharpe_excess_rf,-0.21058046779574502
G12,G12__mom_12_1__top50__weekly__long_only,long_only,base,20.0,0.0,G00__mom_12_1__top50__weekly__long_only,delta_vs_same_scenario_G00,max_drawdown,0.047946932841606504
G12,G12__mom_12_1__top50__weekly__long_only,long_only,base,20.0,0.0,G00__mom_12_1__top50__weekly__long_only,delta_vs_same_scenario_G00,annualized_volatility,-0.06705458969951603
G12,G12__mom_12_1__top50__weekly__long_only,long_only,base,20.0,0.0,G00__mom_12_1__top50__weekly__long_only,delta_vs_same_scenario_G00,annualized_l1_turnover,-1.9439541539827658
G12,G12__mom_12_1__top50__weekly__long_short,long_short,base,0.0,0.0,G00__mom_12_1__top50__weekly__long_short,delta_vs_same_scenario_G00,cagr,0.017527665219486677
G12,G12__mom_12_1__top50__weekly__long_short,long_short,base,0.0,0.0,G00__mom_12_1__top50__weekly__long_short,delta_vs_same_scenario_G00,sharpe_excess_rf,0.12478925635865376
G12,G12__mom_12_1__top50__weekly__long_short,long_short,base,0.0,0.0,G00__mom_12_1__top50__weekly__long_short,delta_vs_same_scenario_G00,max_drawdown,0.09793795740815459
G12,G12__mom_12_1__top50__weekly__long_short,long_short,base,0.0,0.0,G00__mom_12_1__top50__weekly__long_short,delta_vs_same_scenario_G00,annualized_volatility,-0.022351565489258624
G12,G12__mom_12_1__top50__weekly__long_short,long_short,base,0.0,0.0,G00__mom_12_1__top50__weekly__long_short,delta_vs_same_scenario_G00,annualized_l1_turnover,-0.4785086654501356
G12,G12__mom_12_1__top50__weekly__long_short,long_short,base,0.0,0.01,G00__mom_12_1__top50__weekly__long_short,delta_vs_same_scenario_G00,cagr,0.017766637496971455
G12,G12__mom_12_1__top50__weekly__long_short,long_short,base,0.0,0.01,G00__mom_12_1__top50__weekly__long_short,delta_vs_same_scenario_G00,sharpe_excess_rf,0.12135693427412217
G12,G12__mom_12_1__top50__weekly__long_short,long_short,base,0.0,0.01,G00__mom_12_1__top50__weekly__long_short,delta_vs_same_scenario_G00,max_drawdown,0.09889917349491784
G12,G12__mom_12_1__top50__weekly__long_short,long_short,base,0.0,0.01,G00__mom_12_1__top50__weekly__long_short,delta_vs_same_scenario_G00,annualized_volatility,-0.022355532552795376
G12,G12__mom_12_1__top50__weekly__long_short,long_short,base,0.0,0.01,G00__mom_12_1__top50__weekly__long_short,delta_vs_same_scenario_G00,annualized_l1_turnover,-0.4786758177670052
G12,G12__mom_12_1__top50__weekly__long_short,long_short,base,0.0,0.03,G00__mom_12_1__top50__weekly__long_short,delta_vs_same_scenario_G00,cagr,0.01822983479489486
G12,G12__mom_12_1__top50__weekly__long_short,long_short,base,0.0,0.03,G00__mom_12_1__top50__weekly__long_short,delta_vs_same_scenario_G00,sharpe_excess_rf,0.11458999347383485
G12,G12__mom_12_1__top50__weekly__long_short,long_short,base,0.0,0.03,G00__mom_12_1__top50__weekly__long_short,delta_vs_same_scenario_G00,max_drawdown,0.10005587227535795
G12,G12__mom_12_1__top50__weekly__long_short,long_short,base,0.0,0.03,G00__mom_12_1__top50__weekly__long_short,delta_vs_same_scenario_G00,annualized_volatility,-0.02236330233513506
G12,G12__mom_12_1__top50__weekly__long_short,long_short,base,0.0,0.03,G00__mom_12_1__top50__weekly__long_short,delta_vs_same_scenario_G00,annualized_l1_turnover,-0.4790093104075197
G12,G12__mom_12_1__top50__weekly__long_short,long_short,base,5.0,0.0,G00__mom_12_1__top50__weekly__long_short,delta_vs_same_scenario_G00,cagr,0.017697673383401558
G12,G12__mom_12_1__top50__weekly__long_short,long_short,base,5.0,0.0,G00__mom_12_1__top50__weekly__long_short,delta_vs_same_scenario_G00,sharpe_excess_rf,0.12124663192465428
G12,G12__mom_12_1__top50__weekly__long_short,long_short,base,5.0,0.0,G00__mom_12_1__top50__weekly__long_short,delta_vs_same_scenario_G00,max_drawdown,0.09864014558439888
G12,G12__mom_12_1__top50__weekly__long_short,long_short,base,5.0,0.0,G00__mom_12_1__top50__weekly__long_short,delta_vs_same_scenario_G00,annualized_volatility,-0.022390659830169524
G12,G12__mom_12_1__top50__weekly__long_short,long_short,base,5.0,0.0,G00__mom_12_1__top50__weekly__long_short,delta_vs_same_scenario_G00,annualized_l1_turnover,-0.47850866545013737
G12,G12__mom_12_1__top50__weekly__long_short,long_short,base,5.0,0.01,G00__mom_12_1__top50__weekly__long_short,delta_vs_same_scenario_G00,cagr,0.01793447295580491
G12,G12__mom_12_1__top50__weekly__long_short,long_short,base,5.0,0.01,G00__mom_12_1__top50__weekly__long_short,delta_vs_same_scenario_G00,sharpe_excess_rf,0.11780583832813724
G12,G12__mom_12_1__top50__weekly__long_short,long_short,base,5.0,0.01,G00__mom_12_1__top50__weekly__long_short,delta_vs_same_scenario_G00,max_drawdown,0.09958969348813906
G12,G12__mom_12_1__top50__weekly__long_short,long_short,base,5.0,0.01,G00__mom_12_1__top50__weekly__long_short,delta_vs_same_scenario_G00,annualized_volatility,-0.02239461811654972
G12,G12__mom_12_1__top50__weekly__long_short,long_short,base,5.0,0.01,G00__mom_12_1__top50__weekly__long_short,delta_vs_same_scenario_G00,annualized_l1_turnover,-0.4786758177670052
G12,G12__mom_12_1__top50__weekly__long_short,long_short,base,5.0,0.03,G00__mom_12_1__top50__weekly__long_short,delta_vs_same_scenario_G00,cagr,0.01839343823812597
G12,G12__mom_12_1__top50__weekly__long_short,long_short,base,5.0,0.03,G00__mom_12_1__top50__weekly__long_short,delta_vs_same_scenario_G00,sharpe_excess_rf,0.11102224332689205
G12,G12__mom_12_1__top50__weekly__long_short,long_short,base,5.0,0.03,G00__mom_12_1__top50__weekly__long_short,delta_vs_same_scenario_G00,max_drawdown,0.09719655685662887
G12,G12__mom_12_1__top50__weekly__long_short,long_short,base,5.0,0.03,G00__mom_12_1__top50__weekly__long_short,delta_vs_same_scenario_G00,annualized_volatility,-0.022402370605695027
G12,G12__mom_12_1__top50__weekly__long_short,long_short,base,5.0,0.03,G00__mom_12_1__top50__weekly__long_short,delta_vs_same_scenario_G00,annualized_l1_turnover,-0.4790093104075197
G12,G12__mom_12_1__top50__weekly__long_short,long_short,base,10.0,0.0,G00__mom_12_1__top50__weekly__long_short,delta_vs_same_scenario_G00,cagr,0.017865919880799153
G12,G12__mom_12_1__top50__weekly__long_short,long_short,base,10.0,0.0,G00__mom_12_1__top50__weekly__long_short,delta_vs_same_scenario_G00,sharpe_excess_rf,0.11768127257855353
G12,G12__mom_12_1__top50__weekly__long_short,long_short,base,10.0,0.0,G00__mom_12_1__top50__weekly__long_short,delta_vs_same_scenario_G00,max_drawdown,0.09933217949596185
G12,G12__mom_12_1__top50__weekly__long_short,long_short,base,10.0,0.0,G00__mom_12_1__top50__weekly__long_short,delta_vs_same_scenario_G00,annualized_volatility,-0.02242923044891801
G12,G12__mom_12_1__top50__weekly__long_short,long_short,base,10.0,0.0,G00__mom_12_1__top50__weekly__long_short,delta_vs_same_scenario_G00,annualized_l1_turnover,-0.47850866545013737
G12,G12__mom_12_1__top50__weekly__long_short,long_short,base,10.0,0.01,G00__mom_12_1__top50__weekly__long_short,delta_vs_same_scenario_G00,cagr,0.0181005603909888
G12,G12__mom_12_1__top50__weekly__long_short,long_short,base,10.0,0.01,G00__mom_12_1__top50__weekly__long_short,delta_vs_same_scenario_G00,sharpe_excess_rf,0.1142326467156439
G12,G12__mom_12_1__top50__weekly__long_short,long_short,base,10.0,0.01,G00__mom_12_1__top50__weekly__long_short,delta_vs_same_scenario_G00,max_drawdown,0.10027015337622236
G12,G12__mom_12_1__top50__weekly__long_short,long_short,base,10.0,0.01,G00__mom_12_1__top50__weekly__long_short,delta_vs_same_scenario_G00,annualized_volatility,-0.022433179922332097
G12,G12__mom_12_1__top50__weekly__long_short,long_short,base,10.0,0.01,G00__mom_12_1__top50__weekly__long_short,delta_vs_same_scenario_G00,annualized_l1_turnover,-0.4786758177670034
G12,G12__mom_12_1__top50__weekly__long_short,long_short,base,10.0,0.03,G00__mom_12_1__top50__weekly__long_short,delta_vs_same_scenario_G00,cagr,0.01855532026920091
G12,G12__mom_12_1__top50__weekly__long_short,long_short,base,10.0,0.03,G00__mom_12_1__top50__weekly__long_short,delta_vs_same_scenario_G00,sharpe_excess_rf,0.10743365735113508
G12,G12__mom_12_1__top50__weekly__long_short,long_short,base,10.0,0.03,G00__mom_12_1__top50__weekly__long_short,delta_vs_same_scenario_G00,max_drawdown,0.09722786365395641
G12,G12__mom_12_1__top50__weekly__long_short,long_short,base,10.0,0.03,G00__mom_12_1__top50__weekly__long_short,delta_vs_same_scenario_G00,annualized_volatility,-0.022440915049679988
G12,G12__mom_12_1__top50__weekly__long_short,long_short,base,10.0,0.03,G00__mom_12_1__top50__weekly__long_short,delta_vs_same_scenario_G00,annualized_l1_turnover,-0.4790093104075197
G12,G12__mom_12_1__top50__weekly__long_short,long_short,base,20.0,0.0,G00__mom_12_1__top50__weekly__long_short,delta_vs_same_scenario_G00,cagr,0.01819717252646117
G12,G12__mom_12_1__top50__weekly__long_short,long_short,base,20.0,0.0,G00__mom_12_1__top50__weekly__long_short,delta_vs_same_scenario_G00,sharpe_excess_rf,0.11048962471971181
G12,G12__mom_12_1__top50__weekly__long_short,long_short,base,20.0,0.0,G00__mom_12_1__top50__weekly__long_short,delta_vs_same_scenario_G00,max_drawdown,0.09745803568072897
G12,G12__mom_12_1__top50__weekly__long_short,long_short,base,20.0,0.0,G00__mom_12_1__top50__weekly__long_short,delta_vs_same_scenario_G00,annualized_volatility,-0.0225047808677184
G12,G12__mom_12_1__top50__weekly__long_short,long_short,base,20.0,0.0,G00__mom_12_1__top50__weekly__long_short,delta_vs_same_scenario_G00,annualized_l1_turnover,-0.47850866545013737
G12,G12__mom_12_1__top50__weekly__long_short,long_short,base,20.0,0.01,G00__mom_12_1__top50__weekly__long_short,delta_vs_same_scenario_G00,cagr,0.018427535555454212
G12,G12__mom_12_1__top50__weekly__long_short,long_short,base,20.0,0.01,G00__mom_12_1__top50__weekly__long_short,delta_vs_same_scenario_G00,sharpe_excess_rf,0.10702726307800024
G12,G12__mom_12_1__top50__weekly__long_short,long_short,base,20.0,0.01,G00__mom_12_1__top50__weekly__long_short,delta_vs_same_scenario_G00,max_drawdown,0.09679837831727955
G12,G12__mom_12_1__top50__weekly__long_short,long_short,base,20.0,0.01,G00__mom_12_1__top50__weekly__long_short,delta_vs_same_scenario_G00,annualized_volatility,-0.022508712617294452
G12,G12__mom_12_1__top50__weekly__long_short,long_short,base,20.0,0.01,G00__mom_12_1__top50__weekly__long_short,delta_vs_same_scenario_G00,annualized_l1_turnover,-0.4786758177670034
G12,G12__mom_12_1__top50__weekly__long_short,long_short,base,20.0,0.03,G00__mom_12_1__top50__weekly__long_short,delta_vs_same_scenario_G00,cagr,0.018873963902932035
G12,G12__mom_12_1__top50__weekly__long_short,long_short,base,20.0,0.03,G00__mom_12_1__top50__weekly__long_short,delta_vs_same_scenario_G00,sharpe_excess_rf,0.1002012861403011
G12,G12__mom_12_1__top50__weekly__long_short,long_short,base,20.0,0.03,G00__mom_12_1__top50__weekly__long_short,delta_vs_same_scenario_G00,max_drawdown,0.09724747623859348
G12,G12__mom_12_1__top50__weekly__long_short,long_short,base,20.0,0.03,G00__mom_12_1__top50__weekly__long_short,delta_vs_same_scenario_G00,annualized_volatility,-0.022516412833935046
G12,G12__mom_12_1__top50__weekly__long_short,long_short,base,20.0,0.03,G00__mom_12_1__top50__weekly__long_short,delta_vs_same_scenario_G00,annualized_l1_turnover,-0.4790093104075197
G12,G12__mom_255_0__top10__monthly__long_only,long_only,base,0.0,0.0,G00__mom_255_0__top10__monthly__long_only,delta_vs_same_scenario_G00,cagr,-0.13132794399403863
G12,G12__mom_255_0__top10__monthly__long_only,long_only,base,0.0,0.0,G00__mom_255_0__top10__monthly__long_only,delta_vs_same_scenario_G00,sharpe_excess_rf,-0.1971282241642177
G12,G12__mom_255_0__top10__monthly__long_only,long_only,base,0.0,0.0,G00__mom_255_0__top10__monthly__long_only,delta_vs_same_scenario_G00,max_drawdown,0.14041901779142707
G12,G12__mom_255_0__top10__monthly__long_only,long_only,base,0.0,0.0,G00__mom_255_0__top10__monthly__long_only,delta_vs_same_scenario_G00,annualized_volatility,-0.16153603007380024
G12,G12__mom_255_0__top10__monthly__long_only,long_only,base,0.0,0.0,G00__mom_255_0__top10__monthly__long_only,delta_vs_same_scenario_G00,annualized_l1_turnover,-3.665365542855893
G12,G12__mom_255_0__top10__monthly__long_only,long_only,base,5.0,0.0,G00__mom_255_0__top10__monthly__long_only,delta_vs_same_scenario_G00,cagr,-0.1287355082582568
G12,G12__mom_255_0__top10__monthly__long_only,long_only,base,5.0,0.0,G00__mom_255_0__top10__monthly__long_only,delta_vs_same_scenario_G00,sharpe_excess_rf,-0.1982224745871437
G12,G12__mom_255_0__top10__monthly__long_only,long_only,base,5.0,0.0,G00__mom_255_0__top10__monthly__long_only,delta_vs_same_scenario_G00,max_drawdown,0.14102893520439563
G12,G12__mom_255_0__top10__monthly__long_only,long_only,base,5.0,0.0,G00__mom_255_0__top10__monthly__long_only,delta_vs_same_scenario_G00,annualized_volatility,-0.16152870222326532
G12,G12__mom_255_0__top10__monthly__long_only,long_only,base,5.0,0.0,G00__mom_255_0__top10__monthly__long_only,delta_vs_same_scenario_G00,annualized_l1_turnover,-3.665365542855893
G12,G12__mom_255_0__top10__monthly__long_only,long_only,base,10.0,0.0,G00__mom_255_0__top10__monthly__long_only,delta_vs_same_scenario_G00,cagr,-0.12615758829119916
G12,G12__mom_255_0__top10__monthly__long_only,long_only,base,10.0,0.0,G00__mom_255_0__top10__monthly__long_only,delta_vs_same_scenario_G00,sharpe_excess_rf,-0.19931618273582175
G12,G12__mom_255_0__top10__monthly__long_only,long_only,base,10.0,0.0,G00__mom_255_0__top10__monthly__long_only,delta_vs_same_scenario_G00,max_drawdown,0.14161870158646028
G12,G12__mom_255_0__top10__monthly__long_only,long_only,base,10.0,0.0,G00__mom_255_0__top10__monthly__long_only,delta_vs_same_scenario_G00,annualized_volatility,-0.16152293988461294
G12,G12__mom_255_0__top10__monthly__long_only,long_only,base,10.0,0.0,G00__mom_255_0__top10__monthly__long_only,delta_vs_same_scenario_G00,annualized_l1_turnover,-3.665365542855893
G12,G12__mom_255_0__top10__monthly__long_only,long_only,base,20.0,0.0,G00__mom_255_0__top10__monthly__long_only,delta_vs_same_scenario_G00,cagr,-0.12104505887532219
G12,G12__mom_255_0__top10__monthly__long_only,long_only,base,20.0,0.0,G00__mom_255_0__top10__monthly__long_only,delta_vs_same_scenario_G00,sharpe_excess_rf,-0.20150110853866543
G12,G12__mom_255_0__top10__monthly__long_only,long_only,base,20.0,0.0,G00__mom_255_0__top10__monthly__long_only,delta_vs_same_scenario_G00,max_drawdown,0.14273890731235628
G12,G12__mom_255_0__top10__monthly__long_only,long_only,base,20.0,0.0,G00__mom_255_0__top10__monthly__long_only,delta_vs_same_scenario_G00,annualized_volatility,-0.16151611240177355
G12,G12__mom_255_0__top10__monthly__long_only,long_only,base,20.0,0.0,G00__mom_255_0__top10__monthly__long_only,delta_vs_same_scenario_G00,annualized_l1_turnover,-3.665365542855893
G12,G12__mom_255_0__top10__monthly__long_short,long_short,base,0.0,0.0,G00__mom_255_0__top10__monthly__long_short,delta_vs_same_scenario_G00,cagr,0.002720703373078337
G12,G12__mom_255_0__top10__monthly__long_short,long_short,base,0.0,0.0,G00__mom_255_0__top10__monthly__long_short,delta_vs_same_scenario_G00,sharpe_excess_rf,-0.005715590063569476
G12,G12__mom_255_0__top10__monthly__long_short,long_short,base,0.0,0.0,G00__mom_255_0__top10__monthly__long_short,delta_vs_same_scenario_G00,max_drawdown,0.12242432845769047
G12,G12__mom_255_0__top10__monthly__long_short,long_short,base,0.0,0.0,G00__mom_255_0__top10__monthly__long_short,delta_vs_same_scenario_G00,annualized_volatility,-0.08066177860299686
G12,G12__mom_255_0__top10__monthly__long_short,long_short,base,0.0,0.0,G00__mom_255_0__top10__monthly__long_short,delta_vs_same_scenario_G00,annualized_l1_turnover,-1.7850902816638463
G12,G12__mom_255_0__top10__monthly__long_short,long_short,base,0.0,0.01,G00__mom_255_0__top10__monthly__long_short,delta_vs_same_scenario_G00,cagr,0.003860703810622708
G12,G12__mom_255_0__top10__monthly__long_short,long_short,base,0.0,0.01,G00__mom_255_0__top10__monthly__long_short,delta_vs_same_scenario_G00,sharpe_excess_rf,-0.009024582636060124
G12,G12__mom_255_0__top10__monthly__long_short,long_short,base,0.0,0.01,G00__mom_255_0__top10__monthly__long_short,delta_vs_same_scenario_G00,max_drawdown,0.1225531810012851
G12,G12__mom_255_0__top10__monthly__long_short,long_short,base,0.0,0.01,G00__mom_255_0__top10__monthly__long_short,delta_vs_same_scenario_G00,annualized_volatility,-0.08068619390984097
G12,G12__mom_255_0__top10__monthly__long_short,long_short,base,0.0,0.01,G00__mom_255_0__top10__monthly__long_short,delta_vs_same_scenario_G00,annualized_l1_turnover,-1.7858994521160083
G12,G12__mom_255_0__top10__monthly__long_short,long_short,base,0.0,0.03,G00__mom_255_0__top10__monthly__long_short,delta_vs_same_scenario_G00,cagr,0.006079694462525941
G12,G12__mom_255_0__top10__monthly__long_short,long_short,base,0.0,0.03,G00__mom_255_0__top10__monthly__long_short,delta_vs_same_scenario_G00,sharpe_excess_rf,-0.015544047215537898
G12,G12__mom_255_0__top10__monthly__long_short,long_short,base,0.0,0.03,G00__mom_255_0__top10__monthly__long_short,delta_vs_same_scenario_G00,max_drawdown,0.12268852985064371
G12,G12__mom_255_0__top10__monthly__long_short,long_short,base,0.0,0.03,G00__mom_255_0__top10__monthly__long_short,delta_vs_same_scenario_G00,annualized_volatility,-0.08073428921737544
G12,G12__mom_255_0__top10__monthly__long_short,long_short,base,0.0,0.03,G00__mom_255_0__top10__monthly__long_short,delta_vs_same_scenario_G00,annualized_l1_turnover,-1.7875092960809544
G12,G12__mom_255_0__top10__monthly__long_short,long_short,base,5.0,0.0,G00__mom_255_0__top10__monthly__long_short,delta_vs_same_scenario_G00,cagr,0.003633796475334433
G12,G12__mom_255_0__top10__monthly__long_short,long_short,base,5.0,0.0,G00__mom_255_0__top10__monthly__long_short,delta_vs_same_scenario_G00,sharpe_excess_rf,-0.009537069481768634
G12,G12__mom_255_0__top10__monthly__long_short,long_short,base,5.0,0.0,G00__mom_255_0__top10__monthly__long_short,delta_vs_same_scenario_G00,max_drawdown,0.1221139906592299
G12,G12__mom_255_0__top10__monthly__long_short,long_short,base,5.0,0.0,G00__mom_255_0__top10__monthly__long_short,delta_vs_same_scenario_G00,annualized_volatility,-0.08066365199777159
G12,G12__mom_255_0__top10__monthly__long_short,long_short,base,5.0,0.0,G00__mom_255_0__top10__monthly__long_short,delta_vs_same_scenario_G00,annualized_l1_turnover,-1.7850902816638463
G12,G12__mom_255_0__top10__monthly__long_short,long_short,base,5.0,0.01,G00__mom_255_0__top10__monthly__long_short,delta_vs_same_scenario_G00,cagr,0.004765316484781644
G12,G12__mom_255_0__top10__monthly__long_short,long_short,base,5.0,0.01,G00__mom_255_0__top10__monthly__long_short,delta_vs_same_scenario_G00,sharpe_excess_rf,-0.012847597236533198
G12,G12__mom_255_0__top10__monthly__long_short,long_short,base,5.0,0.01,G00__mom_255_0__top10__monthly__long_short,delta_vs_same_scenario_G00,max_drawdown,0.12220995166164261
G12,G12__mom_255_0__top10__monthly__long_short,long_short,base,5.0,0.01,G00__mom_255_0__top10__monthly__long_short,delta_vs_same_scenario_G00,annualized_volatility,-0.08068803916880446
G12,G12__mom_255_0__top10__monthly__long_short,long_short,base,5.0,0.01,G00__mom_255_0__top10__monthly__long_short,delta_vs_same_scenario_G00,annualized_l1_turnover,-1.7858994521160083
G12,G12__mom_255_0__top10__monthly__long_short,long_short,base,5.0,0.03,G00__mom_255_0__top10__monthly__long_short,delta_vs_same_scenario_G00,cagr,0.006967749855429514
G12,G12__mom_255_0__top10__monthly__long_short,long_short,base,5.0,0.03,G00__mom_255_0__top10__monthly__long_short,delta_vs_same_scenario_G00,sharpe_excess_rf,-0.019370048689542174
G12,G12__mom_255_0__top10__monthly__long_short,long_short,base,5.0,0.03,G00__mom_255_0__top10__monthly__long_short,delta_vs_same_scenario_G00,max_drawdown,0.1222839750922079
G12,G12__mom_255_0__top10__monthly__long_short,long_short,base,5.0,0.03,G00__mom_255_0__top10__monthly__long_short,delta_vs_same_scenario_G00,annualized_volatility,-0.08073607829627946
G12,G12__mom_255_0__top10__monthly__long_short,long_short,base,5.0,0.03,G00__mom_255_0__top10__monthly__long_short,delta_vs_same_scenario_G00,annualized_l1_turnover,-1.787509296080958
G12,G12__mom_255_0__top10__monthly__long_short,long_short,base,10.0,0.0,G00__mom_255_0__top10__monthly__long_short,delta_vs_same_scenario_G00,cagr,0.004539789452587855
G12,G12__mom_255_0__top10__monthly__long_short,long_short,base,10.0,0.0,G00__mom_255_0__top10__monthly__long_short,delta_vs_same_scenario_G00,sharpe_excess_rf,-0.013363726939204512
G12,G12__mom_255_0__top10__monthly__long_short,long_short,base,10.0,0.0,G00__mom_255_0__top10__monthly__long_short,delta_vs_same_scenario_G00,max_drawdown,0.12177838772524385
G12,G12__mom_255_0__top10__monthly__long_short,long_short,base,10.0,0.0,G00__mom_255_0__top10__monthly__long_short,delta_vs_same_scenario_G00,annualized_volatility,-0.08066512824340161
G12,G12__mom_255_0__top10__monthly__long_short,long_short,base,10.0,0.0,G00__mom_255_0__top10__monthly__long_short,delta_vs_same_scenario_G00,annualized_l1_turnover,-1.7850902816638463
G12,G12__mom_255_0__top10__monthly__long_short,long_short,base,10.0,0.01,G00__mom_255_0__top10__monthly__long_short,delta_vs_same_scenario_G00,cagr,0.00566287431455105
G12,G12__mom_255_0__top10__monthly__long_short,long_short,base,10.0,0.01,G00__mom_255_0__top10__monthly__long_short,delta_vs_same_scenario_G00,sharpe_excess_rf,-0.016675268706537558
G12,G12__mom_255_0__top10__monthly__long_short,long_short,base,10.0,0.01,G00__mom_255_0__top10__monthly__long_short,delta_vs_same_scenario_G00,max_drawdown,0.12184252083839409
G12,G12__mom_255_0__top10__monthly__long_short,long_short,base,10.0,0.01,G00__mom_255_0__top10__monthly__long_short,delta_vs_same_scenario_G00,annualized_volatility,-0.08068948760789155
G12,G12__mom_255_0__top10__monthly__long_short,long_short,base,10.0,0.01,G00__mom_255_0__top10__monthly__long_short,delta_vs_same_scenario_G00,annualized_l1_turnover,-1.7858994521160083
G12,G12__mom_255_0__top10__monthly__long_short,long_short,base,10.0,0.03,G00__mom_255_0__top10__monthly__long_short,delta_vs_same_scenario_G00,cagr,0.00784883890265928
G12,G12__mom_255_0__top10__monthly__long_short,long_short,base,10.0,0.03,G00__mom_255_0__top10__monthly__long_short,delta_vs_same_scenario_G00,sharpe_excess_rf,-0.02319968003141501
G12,G12__mom_255_0__top10__monthly__long_short,long_short,base,10.0,0.03,G00__mom_255_0__top10__monthly__long_short,delta_vs_same_scenario_G00,max_drawdown,0.12185723231868162
G12,G12__mom_255_0__top10__monthly__long_short,long_short,base,10.0,0.03,G00__mom_255_0__top10__monthly__long_short,delta_vs_same_scenario_G00,annualized_volatility,-0.08073747121633237
G12,G12__mom_255_0__top10__monthly__long_short,long_short,base,10.0,0.03,G00__mom_255_0__top10__monthly__long_short,delta_vs_same_scenario_G00,annualized_l1_turnover,-1.787509296080958
G12,G12__mom_255_0__top10__monthly__long_short,long_short,base,20.0,0.0,G00__mom_255_0__top10__monthly__long_short,delta_vs_same_scenario_G00,cagr,0.006330623976921437
G12,G12__mom_255_0__top10__monthly__long_short,long_short,base,20.0,0.0,G00__mom_255_0__top10__monthly__long_short,delta_vs_same_scenario_G00,sharpe_excess_rf,-0.02102642645376547
G12,G12__mom_255_0__top10__monthly__long_short,long_short,base,20.0,0.0,G00__mom_255_0__top10__monthly__long_short,delta_vs_same_scenario_G00,max_drawdown,0.1210350585383263
G12,G12__mom_255_0__top10__monthly__long_short,long_short,base,20.0,0.0,G00__mom_255_0__top10__monthly__long_short,delta_vs_same_scenario_G00,annualized_volatility,-0.08066688510624956
G12,G12__mom_255_0__top10__monthly__long_short,long_short,base,20.0,0.0,G00__mom_255_0__top10__monthly__long_short,delta_vs_same_scenario_G00,annualized_l1_turnover,-1.7850902816638463
G12,G12__mom_255_0__top10__monthly__long_short,long_short,base,20.0,0.01,G00__mom_255_0__top10__monthly__long_short,delta_vs_same_scenario_G00,cagr,0.00743697360057578
G12,G12__mom_255_0__top10__monthly__long_short,long_short,base,20.0,0.01,G00__mom_255_0__top10__monthly__long_short,delta_vs_same_scenario_G00,sharpe_excess_rf,-0.02433843002101066
G12,G12__mom_255_0__top10__monthly__long_short,long_short,base,20.0,0.01,G00__mom_255_0__top10__monthly__long_short,delta_vs_same_scenario_G00,max_drawdown,0.12103862406876542
G12,G12__mom_255_0__top10__monthly__long_short,long_short,base,20.0,0.01,G00__mom_255_0__top10__monthly__long_short,delta_vs_same_scenario_G00,annualized_volatility,-0.08069118985717486
G12,G12__mom_255_0__top10__monthly__long_short,long_short,base,20.0,0.01,G00__mom_255_0__top10__monthly__long_short,delta_vs_same_scenario_G00,annualized_l1_turnover,-1.7858994521160083
G12,G12__mom_255_0__top10__monthly__long_short,long_short,base,20.0,0.03,G00__mom_255_0__top10__monthly__long_short,delta_vs_same_scenario_G00,cagr,0.0095902645845123
G12,G12__mom_255_0__top10__monthly__long_short,long_short,base,20.0,0.03,G00__mom_255_0__top10__monthly__long_short,delta_vs_same_scenario_G00,sharpe_excess_rf,-0.03086367474675161
G12,G12__mom_255_0__top10__monthly__long_short,long_short,base,20.0,0.03,G00__mom_255_0__top10__monthly__long_short,delta_vs_same_scenario_G00,max_drawdown,0.1209405564907804
G12,G12__mom_255_0__top10__monthly__long_short,long_short,base,20.0,0.03,G00__mom_255_0__top10__monthly__long_short,delta_vs_same_scenario_G00,annualized_volatility,-0.08073906443396495
G12,G12__mom_255_0__top10__monthly__long_short,long_short,base,20.0,0.03,G00__mom_255_0__top10__monthly__long_short,delta_vs_same_scenario_G00,annualized_l1_turnover,-1.7875092960809562
G12,G12__mom_255_0__top10__weekly__long_only,long_only,base,0.0,0.0,G00__mom_255_0__top10__weekly__long_only,delta_vs_same_scenario_G00,cagr,-0.10992442571579822
G12,G12__mom_255_0__top10__weekly__long_only,long_only,base,0.0,0.0,G00__mom_255_0__top10__weekly__long_only,delta_vs_same_scenario_G00,sharpe_excess_rf,-0.17859372010421964
G12,G12__mom_255_0__top10__weekly__long_only,long_only,base,0.0,0.0,G00__mom_255_0__top10__weekly__long_only,delta_vs_same_scenario_G00,max_drawdown,0.14793873767310495
G12,G12__mom_255_0__top10__weekly__long_only,long_only,base,0.0,0.0,G00__mom_255_0__top10__weekly__long_only,delta_vs_same_scenario_G00,annualized_volatility,-0.16716953783827854
G12,G12__mom_255_0__top10__weekly__long_only,long_only,base,0.0,0.0,G00__mom_255_0__top10__weekly__long_only,delta_vs_same_scenario_G00,annualized_l1_turnover,-8.580497970203059
G12,G12__mom_255_0__top10__weekly__long_only,long_only,base,5.0,0.0,G00__mom_255_0__top10__weekly__long_only,delta_vs_same_scenario_G00,cagr,-0.10421377094190881
G12,G12__mom_255_0__top10__weekly__long_only,long_only,base,5.0,0.0,G00__mom_255_0__top10__weekly__long_only,delta_vs_same_scenario_G00,sharpe_excess_rf,-0.18147254497745402
G12,G12__mom_255_0__top10__weekly__long_only,long_only,base,5.0,0.0,G00__mom_255_0__top10__weekly__long_only,delta_vs_same_scenario_G00,max_drawdown,0.14946832907532553
G12,G12__mom_255_0__top10__weekly__long_only,long_only,base,5.0,0.0,G00__mom_255_0__top10__weekly__long_only,delta_vs_same_scenario_G00,annualized_volatility,-0.16717518189039635
G12,G12__mom_255_0__top10__weekly__long_only,long_only,base,5.0,0.0,G00__mom_255_0__top10__weekly__long_only,delta_vs_same_scenario_G00,annualized_l1_turnover,-8.580497970203059
G12,G12__mom_255_0__top10__weekly__long_only,long_only,base,10.0,0.0,G00__mom_255_0__top10__weekly__long_only,delta_vs_same_scenario_G00,cagr,-0.09857971054225403
G12,G12__mom_255_0__top10__weekly__long_only,long_only,base,10.0,0.0,G00__mom_255_0__top10__weekly__long_only,delta_vs_same_scenario_G00,sharpe_excess_rf,-0.18434997462074887
G12,G12__mom_255_0__top10__weekly__long_only,long_only,base,10.0,0.0,G00__mom_255_0__top10__weekly__long_only,delta_vs_same_scenario_G00,max_drawdown,0.1509040597846753
G12,G12__mom_255_0__top10__weekly__long_only,long_only,base,10.0,0.0,G00__mom_255_0__top10__weekly__long_only,delta_vs_same_scenario_G00,annualized_volatility,-0.16718281649906186
G12,G12__mom_255_0__top10__weekly__long_only,long_only,base,10.0,0.0,G00__mom_255_0__top10__weekly__long_only,delta_vs_same_scenario_G00,annualized_l1_turnover,-8.580497970203059
G12,G12__mom_255_0__top10__weekly__long_only,long_only,base,20.0,0.0,G00__mom_255_0__top10__weekly__long_only,delta_vs_same_scenario_G00,cagr,-0.08753814746558444
G12,G12__mom_255_0__top10__weekly__long_only,long_only,base,20.0,0.0,G00__mom_255_0__top10__weekly__long_only,delta_vs_same_scenario_G00,sharpe_excess_rf,-0.19009805885944964
G12,G12__mom_255_0__top10__weekly__long_only,long_only,base,20.0,0.0,G00__mom_255_0__top10__weekly__long_only,delta_vs_same_scenario_G00,max_drawdown,0.15307571720084295
G12,G12__mom_255_0__top10__weekly__long_only,long_only,base,20.0,0.0,G00__mom_255_0__top10__weekly__long_only,delta_vs_same_scenario_G00,annualized_volatility,-0.1672040564047007
G12,G12__mom_255_0__top10__weekly__long_only,long_only,base,20.0,0.0,G00__mom_255_0__top10__weekly__long_only,delta_vs_same_scenario_G00,annualized_l1_turnover,-8.580497970203059
G12,G12__mom_255_0__top10__weekly__long_short,long_short,base,0.0,0.0,G00__mom_255_0__top10__weekly__long_short,delta_vs_same_scenario_G00,cagr,0.04262178694661793
G12,G12__mom_255_0__top10__weekly__long_short,long_short,base,0.0,0.0,G00__mom_255_0__top10__weekly__long_short,delta_vs_same_scenario_G00,sharpe_excess_rf,0.17336984328618316
G12,G12__mom_255_0__top10__weekly__long_short,long_short,base,0.0,0.0,G00__mom_255_0__top10__weekly__long_short,delta_vs_same_scenario_G00,max_drawdown,0.27571100444841423
G12,G12__mom_255_0__top10__weekly__long_short,long_short,base,0.0,0.0,G00__mom_255_0__top10__weekly__long_short,delta_vs_same_scenario_G00,annualized_volatility,-0.08262142629523425
G12,G12__mom_255_0__top10__weekly__long_short,long_short,base,0.0,0.0,G00__mom_255_0__top10__weekly__long_short,delta_vs_same_scenario_G00,annualized_l1_turnover,-4.500022174775477
G12,G12__mom_255_0__top10__weekly__long_short,long_short,base,0.0,0.01,G00__mom_255_0__top10__weekly__long_short,delta_vs_same_scenario_G00,cagr,0.04358024446078625
G12,G12__mom_255_0__top10__weekly__long_short,long_short,base,0.0,0.01,G00__mom_255_0__top10__weekly__long_short,delta_vs_same_scenario_G00,sharpe_excess_rf,0.16965824562298898
G12,G12__mom_255_0__top10__weekly__long_short,long_short,base,0.0,0.01,G00__mom_255_0__top10__weekly__long_short,delta_vs_same_scenario_G00,max_drawdown,0.2755857619182511
G12,G12__mom_255_0__top10__weekly__long_short,long_short,base,0.0,0.01,G00__mom_255_0__top10__weekly__long_short,delta_vs_same_scenario_G00,annualized_volatility,-0.08263098817796302
G12,G12__mom_255_0__top10__weekly__long_short,long_short,base,0.0,0.01,G00__mom_255_0__top10__weekly__long_short,delta_vs_same_scenario_G00,annualized_l1_turnover,-4.50066892299861
G12,G12__mom_255_0__top10__weekly__long_short,long_short,base,0.0,0.03,G00__mom_255_0__top10__weekly__long_short,delta_vs_same_scenario_G00,cagr,0.04544250119407449
G12,G12__mom_255_0__top10__weekly__long_short,long_short,base,0.0,0.03,G00__mom_255_0__top10__weekly__long_short,delta_vs_same_scenario_G00,sharpe_excess_rf,0.16234165139943968
G12,G12__mom_255_0__top10__weekly__long_short,long_short,base,0.0,0.03,G00__mom_255_0__top10__weekly__long_short,delta_vs_same_scenario_G00,max_drawdown,0.2753029417706888
G12,G12__mom_255_0__top10__weekly__long_short,long_short,base,0.0,0.03,G00__mom_255_0__top10__weekly__long_short,delta_vs_same_scenario_G00,annualized_volatility,-0.08264975608667466
G12,G12__mom_255_0__top10__weekly__long_short,long_short,base,0.0,0.03,G00__mom_255_0__top10__weekly__long_short,delta_vs_same_scenario_G00,annualized_l1_turnover,-4.50194589229708
G12,G12__mom_255_0__top10__weekly__long_short,long_short,base,5.0,0.0,G00__mom_255_0__top10__weekly__long_short,delta_vs_same_scenario_G00,cagr,0.044535001680260554
G12,G12__mom_255_0__top10__weekly__long_short,long_short,base,5.0,0.0,G00__mom_255_0__top10__weekly__long_short,delta_vs_same_scenario_G00,sharpe_excess_rf,0.1657582761789532
G12,G12__mom_255_0__top10__weekly__long_short,long_short,base,5.0,0.0,G00__mom_255_0__top10__weekly__long_short,delta_vs_same_scenario_G00,max_drawdown,0.27530105255278525
G12,G12__mom_255_0__top10__weekly__long_short,long_short,base,5.0,0.0,G00__mom_255_0__top10__weekly__long_short,delta_vs_same_scenario_G00,annualized_volatility,-0.08266985533217677
G12,G12__mom_255_0__top10__weekly__long_short,long_short,base,5.0,0.0,G00__mom_255_0__top10__weekly__long_short,delta_vs_same_scenario_G00,annualized_l1_turnover,-4.500022174775474
G12,G12__mom_255_0__top10__weekly__long_short,long_short,base,5.0,0.01,G00__mom_255_0__top10__weekly__long_short,delta_vs_same_scenario_G00,cagr,0.045475121386783314
G12,G12__mom_255_0__top10__weekly__long_short,long_short,base,5.0,0.01,G00__mom_255_0__top10__weekly__long_short,delta_vs_same_scenario_G00,sharpe_excess_rf,0.16204080329029966
G12,G12__mom_255_0__top10__weekly__long_short,long_short,base,5.0,0.01,G00__mom_255_0__top10__weekly__long_short,delta_vs_same_scenario_G00,max_drawdown,0.2751491520023561
G12,G12__mom_255_0__top10__weekly__long_short,long_short,base,5.0,0.01,G00__mom_255_0__top10__weekly__long_short,delta_vs_same_scenario_G00,annualized_volatility,-0.08267936531199305
G12,G12__mom_255_0__top10__weekly__long_short,long_short,base,5.0,0.01,G00__mom_255_0__top10__weekly__long_short,delta_vs_same_scenario_G00,annualized_l1_turnover,-4.50066892299861
G12,G12__mom_255_0__top10__weekly__long_short,long_short,base,5.0,0.03,G00__mom_255_0__top10__weekly__long_short,delta_vs_same_scenario_G00,cagr,0.047301595111944
G12,G12__mom_255_0__top10__weekly__long_short,long_short,base,5.0,0.03,G00__mom_255_0__top10__weekly__long_short,delta_vs_same_scenario_G00,sharpe_excess_rf,0.15471270431352072
G12,G12__mom_255_0__top10__weekly__long_short,long_short,base,5.0,0.03,G00__mom_255_0__top10__weekly__long_short,delta_vs_same_scenario_G00,max_drawdown,0.27481500038559037
G12,G12__mom_255_0__top10__weekly__long_short,long_short,base,5.0,0.03,G00__mom_255_0__top10__weekly__long_short,delta_vs_same_scenario_G00,annualized_volatility,-0.08269803072054602
G12,G12__mom_255_0__top10__weekly__long_short,long_short,base,5.0,0.03,G00__mom_255_0__top10__weekly__long_short,delta_vs_same_scenario_G00,annualized_l1_turnover,-4.501945892297076
G12,G12__mom_255_0__top10__weekly__long_short,long_short,base,10.0,0.0,G00__mom_255_0__top10__weekly__long_short,delta_vs_same_scenario_G00,cagr,0.046411521496907075
G12,G12__mom_255_0__top10__weekly__long_short,long_short,base,10.0,0.0,G00__mom_255_0__top10__weekly__long_short,delta_vs_same_scenario_G00,sharpe_excess_rf,0.15811709059121576
G12,G12__mom_255_0__top10__weekly__long_short,long_short,base,10.0,0.0,G00__mom_255_0__top10__weekly__long_short,delta_vs_same_scenario_G00,max_drawdown,0.274832897056591
G12,G12__mom_255_0__top10__weekly__long_short,long_short,base,10.0,0.0,G00__mom_255_0__top10__weekly__long_short,delta_vs_same_scenario_G00,annualized_volatility,-0.08271841134891028
G12,G12__mom_255_0__top10__weekly__long_short,long_short,base,10.0,0.0,G00__mom_255_0__top10__weekly__long_short,delta_vs_same_scenario_G00,annualized_l1_turnover,-4.500022174775477
G12,G12__mom_255_0__top10__weekly__long_short,long_short,base,10.0,0.01,G00__mom_255_0__top10__weekly__long_short,delta_vs_same_scenario_G00,cagr,0.04733354759619082
G12,G12__mom_255_0__top10__weekly__long_short,long_short,base,10.0,0.01,G00__mom_255_0__top10__weekly__long_short,delta_vs_same_scenario_G00,sharpe_excess_rf,0.15439429441430205
G12,G12__mom_255_0__top10__weekly__long_short,long_short,base,10.0,0.01,G00__mom_255_0__top10__weekly__long_short,delta_vs_same_scenario_G00,max_drawdown,0.27465524929584995
G12,G12__mom_255_0__top10__weekly__long_short,long_short,base,10.0,0.01,G00__mom_255_0__top10__weekly__long_short,delta_vs_same_scenario_G00,annualized_volatility,-0.08272786951117966
G12,G12__mom_255_0__top10__weekly__long_short,long_short,base,10.0,0.01,G00__mom_255_0__top10__weekly__long_short,delta_vs_same_scenario_G00,annualized_l1_turnover,-4.50066892299861
G12,G12__mom_255_0__top10__weekly__long_short,long_short,base,10.0,0.03,G00__mom_255_0__top10__weekly__long_short,delta_vs_same_scenario_G00,cagr,0.04912471543857452
G12,G12__mom_255_0__top10__weekly__long_short,long_short,base,10.0,0.03,G00__mom_255_0__top10__weekly__long_short,delta_vs_same_scenario_G00,sharpe_excess_rf,0.14705577851611332
G12,G12__mom_255_0__top10__weekly__long_short,long_short,base,10.0,0.03,G00__mom_255_0__top10__weekly__long_short,delta_vs_same_scenario_G00,max_drawdown,0.27344202197129186
G12,G12__mom_255_0__top10__weekly__long_short,long_short,base,10.0,0.03,G00__mom_255_0__top10__weekly__long_short,delta_vs_same_scenario_G00,annualized_volatility,-0.08274643259391384
G12,G12__mom_255_0__top10__weekly__long_short,long_short,base,10.0,0.03,G00__mom_255_0__top10__weekly__long_short,delta_vs_same_scenario_G00,annualized_l1_turnover,-4.501945892297076
G12,G12__mom_255_0__top10__weekly__long_short,long_short,base,20.0,0.0,G00__mom_255_0__top10__weekly__long_short,delta_vs_same_scenario_G00,cagr,0.05005641360556974
G12,G12__mom_255_0__top10__weekly__long_short,long_short,base,20.0,0.0,G00__mom_255_0__top10__weekly__long_short,delta_vs_same_scenario_G00,sharpe_excess_rf,0.1427584870837208
G12,G12__mom_255_0__top10__weekly__long_short,long_short,base,20.0,0.0,G00__mom_255_0__top10__weekly__long_short,delta_vs_same_scenario_G00,max_drawdown,0.26574807739431694
G12,G12__mom_255_0__top10__weekly__long_short,long_short,base,20.0,0.0,G00__mom_255_0__top10__weekly__long_short,delta_vs_same_scenario_G00,annualized_volatility,-0.08281588289408379
G12,G12__mom_255_0__top10__weekly__long_short,long_short,base,20.0,0.0,G00__mom_255_0__top10__weekly__long_short,delta_vs_same_scenario_G00,annualized_l1_turnover,-4.500022174775477
G12,G12__mom_255_0__top10__weekly__long_short,long_short,base,20.0,0.01,G00__mom_255_0__top10__weekly__long_short,delta_vs_same_scenario_G00,cagr,0.05094297392255801
G12,G12__mom_255_0__top10__weekly__long_short,long_short,base,20.0,0.01,G00__mom_255_0__top10__weekly__long_short,delta_vs_same_scenario_G00,sharpe_excess_rf,0.1390267071281801
G12,G12__mom_255_0__top10__weekly__long_short,long_short,base,20.0,0.01,G00__mom_255_0__top10__weekly__long_short,delta_vs_same_scenario_G00,max_drawdown,0.25998939298850576
G12,G12__mom_255_0__top10__weekly__long_short,long_short,base,20.0,0.01,G00__mom_255_0__top10__weekly__long_short,delta_vs_same_scenario_G00,annualized_volatility,-0.08282523770977823
G12,G12__mom_255_0__top10__weekly__long_short,long_short,base,20.0,0.01,G00__mom_255_0__top10__weekly__long_short,delta_vs_same_scenario_G00,annualized_l1_turnover,-4.50066892299861
G12,G12__mom_255_0__top10__weekly__long_short,long_short,base,20.0,0.03,G00__mom_255_0__top10__weekly__long_short,delta_vs_same_scenario_G00,cagr,0.05266493953956277
G12,G12__mom_255_0__top10__weekly__long_short,long_short,base,20.0,0.03,G00__mom_255_0__top10__weekly__long_short,delta_vs_same_scenario_G00,sharpe_excess_rf,0.13167063452154235
G12,G12__mom_255_0__top10__weekly__long_short,long_short,base,20.0,0.03,G00__mom_255_0__top10__weekly__long_short,delta_vs_same_scenario_G00,max_drawdown,0.2536250375792153
G12,G12__mom_255_0__top10__weekly__long_short,long_short,base,20.0,0.03,G00__mom_255_0__top10__weekly__long_short,delta_vs_same_scenario_G00,annualized_volatility,-0.08284359672784239
G12,G12__mom_255_0__top10__weekly__long_short,long_short,base,20.0,0.03,G00__mom_255_0__top10__weekly__long_short,delta_vs_same_scenario_G00,annualized_l1_turnover,-4.50194589229708
G12,G12__mom_255_0__top20__monthly__long_only,long_only,base,0.0,0.0,G00__mom_255_0__top20__monthly__long_only,delta_vs_same_scenario_G00,cagr,-0.11439338539629748
G12,G12__mom_255_0__top20__monthly__long_only,long_only,base,0.0,0.0,G00__mom_255_0__top20__monthly__long_only,delta_vs_same_scenario_G00,sharpe_excess_rf,-0.20125723420303465
G12,G12__mom_255_0__top20__monthly__long_only,long_only,base,0.0,0.0,G00__mom_255_0__top20__monthly__long_only,delta_vs_same_scenario_G00,max_drawdown,0.052853530694987716
G12,G12__mom_255_0__top20__monthly__long_only,long_only,base,0.0,0.0,G00__mom_255_0__top20__monthly__long_only,delta_vs_same_scenario_G00,annualized_volatility,-0.10867911653143258
G12,G12__mom_255_0__top20__monthly__long_only,long_only,base,0.0,0.0,G00__mom_255_0__top20__monthly__long_only,delta_vs_same_scenario_G00,annualized_l1_turnover,-2.6330645782302353
G12,G12__mom_255_0__top20__monthly__long_only,long_only,base,5.0,0.0,G00__mom_255_0__top20__monthly__long_only,delta_vs_same_scenario_G00,cagr,-0.112459554294084
G12,G12__mom_255_0__top20__monthly__long_only,long_only,base,5.0,0.0,G00__mom_255_0__top20__monthly__long_only,delta_vs_same_scenario_G00,sharpe_excess_rf,-0.20233791144881563
G12,G12__mom_255_0__top20__monthly__long_only,long_only,base,5.0,0.0,G00__mom_255_0__top20__monthly__long_only,delta_vs_same_scenario_G00,max_drawdown,0.0562066236821368
G12,G12__mom_255_0__top20__monthly__long_only,long_only,base,5.0,0.0,G00__mom_255_0__top20__monthly__long_only,delta_vs_same_scenario_G00,annualized_volatility,-0.10867157223379056
G12,G12__mom_255_0__top20__monthly__long_only,long_only,base,5.0,0.0,G00__mom_255_0__top20__monthly__long_only,delta_vs_same_scenario_G00,annualized_l1_turnover,-2.6330645782302353
G12,G12__mom_255_0__top20__monthly__long_only,long_only,base,10.0,0.0,G00__mom_255_0__top20__monthly__long_only,delta_vs_same_scenario_G00,cagr,-0.11053643817665376
G12,G12__mom_255_0__top20__monthly__long_only,long_only,base,10.0,0.0,G00__mom_255_0__top20__monthly__long_only,delta_vs_same_scenario_G00,sharpe_excess_rf,-0.20341831243373987
G12,G12__mom_255_0__top20__monthly__long_only,long_only,base,10.0,0.0,G00__mom_255_0__top20__monthly__long_only,delta_vs_same_scenario_G00,max_drawdown,0.05667574255071617
G12,G12__mom_255_0__top20__monthly__long_only,long_only,base,10.0,0.0,G00__mom_255_0__top20__monthly__long_only,delta_vs_same_scenario_G00,annualized_volatility,-0.10866499631393825
G12,G12__mom_255_0__top20__monthly__long_only,long_only,base,10.0,0.0,G00__mom_255_0__top20__monthly__long_only,delta_vs_same_scenario_G00,annualized_l1_turnover,-2.6330645782302353
G12,G12__mom_255_0__top20__monthly__long_only,long_only,base,20.0,0.0,G00__mom_255_0__top20__monthly__long_only,delta_vs_same_scenario_G00,cagr,-0.10672217750692797
G12,G12__mom_255_0__top20__monthly__long_only,long_only,base,20.0,0.0,G00__mom_255_0__top20__monthly__long_only,delta_vs_same_scenario_G00,sharpe_excess_rf,-0.2055772233353349
G12,G12__mom_255_0__top20__monthly__long_only,long_only,base,20.0,0.0,G00__mom_255_0__top20__monthly__long_only,delta_vs_same_scenario_G00,max_drawdown,0.05832226054640266
G12,G12__mom_255_0__top20__monthly__long_only,long_only,base,20.0,0.0,G00__mom_255_0__top20__monthly__long_only,delta_vs_same_scenario_G00,annualized_volatility,-0.108654750183904
G12,G12__mom_255_0__top20__monthly__long_only,long_only,base,20.0,0.0,G00__mom_255_0__top20__monthly__long_only,delta_vs_same_scenario_G00,annualized_l1_turnover,-2.6330645782302353
G12,G12__mom_255_0__top20__monthly__long_short,long_short,base,0.0,0.0,G00__mom_255_0__top20__monthly__long_short,delta_vs_same_scenario_G00,cagr,0.009653203756234963
G12,G12__mom_255_0__top20__monthly__long_short,long_short,base,0.0,0.0,G00__mom_255_0__top20__monthly__long_short,delta_vs_same_scenario_G00,sharpe_excess_rf,0.09375860123117263
G12,G12__mom_255_0__top20__monthly__long_short,long_short,base,0.0,0.0,G00__mom_255_0__top20__monthly__long_short,delta_vs_same_scenario_G00,max_drawdown,0.10808444355246777
G12,G12__mom_255_0__top20__monthly__long_short,long_short,base,0.0,0.0,G00__mom_255_0__top20__monthly__long_short,delta_vs_same_scenario_G00,annualized_volatility,-0.049913696096616195
G12,G12__mom_255_0__top20__monthly__long_short,long_short,base,0.0,0.0,G00__mom_255_0__top20__monthly__long_short,delta_vs_same_scenario_G00,annualized_l1_turnover,-0.8981195623107636
G12,G12__mom_255_0__top20__monthly__long_short,long_short,base,0.0,0.01,G00__mom_255_0__top20__monthly__long_short,delta_vs_same_scenario_G00,cagr,0.010326113227817027
G12,G12__mom_255_0__top20__monthly__long_short,long_short,base,0.0,0.01,G00__mom_255_0__top20__monthly__long_short,delta_vs_same_scenario_G00,sharpe_excess_rf,0.09028940791540246
G12,G12__mom_255_0__top20__monthly__long_short,long_short,base,0.0,0.01,G00__mom_255_0__top20__monthly__long_short,delta_vs_same_scenario_G00,max_drawdown,0.10947693319811275
G12,G12__mom_255_0__top20__monthly__long_short,long_short,base,0.0,0.01,G00__mom_255_0__top20__monthly__long_short,delta_vs_same_scenario_G00,annualized_volatility,-0.04992757343770418
G12,G12__mom_255_0__top20__monthly__long_short,long_short,base,0.0,0.01,G00__mom_255_0__top20__monthly__long_short,delta_vs_same_scenario_G00,annualized_l1_turnover,-0.8986536335877293
G12,G12__mom_255_0__top20__monthly__long_short,long_short,base,0.0,0.03,G00__mom_255_0__top20__monthly__long_short,delta_vs_same_scenario_G00,cagr,0.011634647377310424
G12,G12__mom_255_0__top20__monthly__long_short,long_short,base,0.0,0.03,G00__mom_255_0__top20__monthly__long_short,delta_vs_same_scenario_G00,sharpe_excess_rf,0.08345381715153696
G12,G12__mom_255_0__top20__monthly__long_short,long_short,base,0.0,0.03,G00__mom_255_0__top20__monthly__long_short,delta_vs_same_scenario_G00,max_drawdown,0.11214206140454852
G12,G12__mom_255_0__top20__monthly__long_short,long_short,base,0.0,0.03,G00__mom_255_0__top20__monthly__long_short,delta_vs_same_scenario_G00,annualized_volatility,-0.049954865066072135
G12,G12__mom_255_0__top20__monthly__long_short,long_short,base,0.0,0.03,G00__mom_255_0__top20__monthly__long_short,delta_vs_same_scenario_G00,annualized_l1_turnover,-0.8997210920361605
G12,G12__mom_255_0__top20__monthly__long_short,long_short,base,5.0,0.0,G00__mom_255_0__top20__monthly__long_short,delta_vs_same_scenario_G00,cagr,0.010095949010361205
G12,G12__mom_255_0__top20__monthly__long_short,long_short,base,5.0,0.0,G00__mom_255_0__top20__monthly__long_short,delta_vs_same_scenario_G00,sharpe_excess_rf,0.09017758112677082
G12,G12__mom_255_0__top20__monthly__long_short,long_short,base,5.0,0.0,G00__mom_255_0__top20__monthly__long_short,delta_vs_same_scenario_G00,max_drawdown,0.10886183285479911
G12,G12__mom_255_0__top20__monthly__long_short,long_short,base,5.0,0.0,G00__mom_255_0__top20__monthly__long_short,delta_vs_same_scenario_G00,annualized_volatility,-0.04992125409957582
G12,G12__mom_255_0__top20__monthly__long_short,long_short,base,5.0,0.0,G00__mom_255_0__top20__monthly__long_short,delta_vs_same_scenario_G00,annualized_l1_turnover,-0.8981195623107636
G12,G12__mom_255_0__top20__monthly__long_short,long_short,base,5.0,0.01,G00__mom_255_0__top20__monthly__long_short,delta_vs_same_scenario_G00,cagr,0.010764217685142671
G12,G12__mom_255_0__top20__monthly__long_short,long_short,base,5.0,0.01,G00__mom_255_0__top20__monthly__long_short,delta_vs_same_scenario_G00,sharpe_excess_rf,0.08670624315444747
G12,G12__mom_255_0__top20__monthly__long_short,long_short,base,5.0,0.01,G00__mom_255_0__top20__monthly__long_short,delta_vs_same_scenario_G00,max_drawdown,0.11023527293332325
G12,G12__mom_255_0__top20__monthly__long_short,long_short,base,5.0,0.01,G00__mom_255_0__top20__monthly__long_short,delta_vs_same_scenario_G00,annualized_volatility,-0.049935118116994026
G12,G12__mom_255_0__top20__monthly__long_short,long_short,base,5.0,0.01,G00__mom_255_0__top20__monthly__long_short,delta_vs_same_scenario_G00,annualized_l1_turnover,-0.8986536335877275
G12,G12__mom_255_0__top20__monthly__long_short,long_short,base,5.0,0.03,G00__mom_255_0__top20__monthly__long_short,delta_vs_same_scenario_G00,cagr,0.012063700063387937
G12,G12__mom_255_0__top20__monthly__long_short,long_short,base,5.0,0.03,G00__mom_255_0__top20__monthly__long_short,delta_vs_same_scenario_G00,sharpe_excess_rf,0.07986647467215541
G12,G12__mom_255_0__top20__monthly__long_short,long_short,base,5.0,0.03,G00__mom_255_0__top20__monthly__long_short,delta_vs_same_scenario_G00,max_drawdown,0.1128635670558979
G12,G12__mom_255_0__top20__monthly__long_short,long_short,base,5.0,0.03,G00__mom_255_0__top20__monthly__long_short,delta_vs_same_scenario_G00,annualized_volatility,-0.04996238375654305
G12,G12__mom_255_0__top20__monthly__long_short,long_short,base,5.0,0.03,G00__mom_255_0__top20__monthly__long_short,delta_vs_same_scenario_G00,annualized_l1_turnover,-0.8997210920361605
G12,G12__mom_255_0__top20__monthly__long_short,long_short,base,10.0,0.0,G00__mom_255_0__top20__monthly__long_short,delta_vs_same_scenario_G00,cagr,0.010535271886353462
G12,G12__mom_255_0__top20__monthly__long_short,long_short,base,10.0,0.0,G00__mom_255_0__top20__monthly__long_short,delta_vs_same_scenario_G00,sharpe_excess_rf,0.08658328148098243
G12,G12__mom_255_0__top20__monthly__long_short,long_short,base,10.0,0.0,G00__mom_255_0__top20__monthly__long_short,delta_vs_same_scenario_G00,max_drawdown,0.10962574931525892
G12,G12__mom_255_0__top20__monthly__long_short,long_short,base,10.0,0.0,G00__mom_255_0__top20__monthly__long_short,delta_vs_same_scenario_G00,annualized_volatility,-0.04992799799491035
G12,G12__mom_255_0__top20__monthly__long_short,long_short,base,10.0,0.0,G00__mom_255_0__top20__monthly__long_short,delta_vs_same_scenario_G00,annualized_l1_turnover,-0.8981195623107636
G12,G12__mom_255_0__top20__monthly__long_short,long_short,base,10.0,0.01,G00__mom_255_0__top20__monthly__long_short,delta_vs_same_scenario_G00,cagr,0.011198923168245702
G12,G12__mom_255_0__top20__monthly__long_short,long_short,base,10.0,0.01,G00__mom_255_0__top20__monthly__long_short,delta_vs_same_scenario_G00,sharpe_excess_rf,0.08311037304041544
G12,G12__mom_255_0__top20__monthly__long_short,long_short,base,10.0,0.01,G00__mom_255_0__top20__monthly__long_short,delta_vs_same_scenario_G00,max_drawdown,0.11098031317980117
G12,G12__mom_255_0__top20__monthly__long_short,long_short,base,10.0,0.01,G00__mom_255_0__top20__monthly__long_short,delta_vs_same_scenario_G00,annualized_volatility,-0.049941848893097746
G12,G12__mom_255_0__top20__monthly__long_short,long_short,base,10.0,0.01,G00__mom_255_0__top20__monthly__long_short,delta_vs_same_scenario_G00,annualized_l1_turnover,-0.8986536335877275
G12,G12__mom_255_0__top20__monthly__long_short,long_short,base,10.0,0.03,G00__mom_255_0__top20__monthly__long_short,delta_vs_same_scenario_G00,cagr,0.012489399472299025
G12,G12__mom_255_0__top20__monthly__long_short,long_short,base,10.0,0.03,G00__mom_255_0__top20__monthly__long_short,delta_vs_same_scenario_G00,sharpe_excess_rf,0.07626755796890955
G12,G12__mom_255_0__top20__monthly__long_short,long_short,base,10.0,0.03,G00__mom_255_0__top20__monthly__long_short,delta_vs_same_scenario_G00,max_drawdown,0.11357210939631074
G12,G12__mom_255_0__top20__monthly__long_short,long_short,base,10.0,0.03,G00__mom_255_0__top20__monthly__long_short,delta_vs_same_scenario_G00,annualized_volatility,-0.049969088955944374
G12,G12__mom_255_0__top20__monthly__long_short,long_short,base,10.0,0.03,G00__mom_255_0__top20__monthly__long_short,delta_vs_same_scenario_G00,annualized_l1_turnover,-0.8997210920361605
G12,G12__mom_255_0__top20__monthly__long_short,long_short,base,20.0,0.0,G00__mom_255_0__top20__monthly__long_short,delta_vs_same_scenario_G00,cagr,0.011403720137367644
G12,G12__mom_255_0__top20__monthly__long_short,long_short,base,20.0,0.0,G00__mom_255_0__top20__monthly__long_short,delta_vs_same_scenario_G00,sharpe_excess_rf,0.07936096888250227
G12,G12__mom_255_0__top20__monthly__long_short,long_short,base,20.0,0.0,G00__mom_255_0__top20__monthly__long_short,delta_vs_same_scenario_G00,max_drawdown,0.11111367417720447
G12,G12__mom_255_0__top20__monthly__long_short,long_short,base,20.0,0.0,G00__mom_255_0__top20__monthly__long_short,delta_vs_same_scenario_G00,annualized_volatility,-0.049939036898330263
G12,G12__mom_255_0__top20__monthly__long_short,long_short,base,20.0,0.0,G00__mom_255_0__top20__monthly__long_short,delta_vs_same_scenario_G00,annualized_l1_turnover,-0.8981195623107636
G12,G12__mom_255_0__top20__monthly__long_short,long_short,base,20.0,0.01,G00__mom_255_0__top20__monthly__long_short,delta_vs_same_scenario_G00,cagr,0.01205820645990184
G12,G12__mom_255_0__top20__monthly__long_short,long_short,base,20.0,0.01,G00__mom_255_0__top20__monthly__long_short,delta_vs_same_scenario_G00,sharpe_excess_rf,0.07588664599622336
G12,G12__mom_255_0__top20__monthly__long_short,long_short,base,20.0,0.01,G00__mom_255_0__top20__monthly__long_short,delta_vs_same_scenario_G00,max_drawdown,0.1124310004294124
G12,G12__mom_255_0__top20__monthly__long_short,long_short,base,20.0,0.01,G00__mom_255_0__top20__monthly__long_short,delta_vs_same_scenario_G00,annualized_volatility,-0.04995286217798492
G12,G12__mom_255_0__top20__monthly__long_short,long_short,base,20.0,0.01,G00__mom_255_0__top20__monthly__long_short,delta_vs_same_scenario_G00,annualized_l1_turnover,-0.8986536335877275
G12,G12__mom_255_0__top20__monthly__long_short,long_short,base,20.0,0.03,G00__mom_255_0__top20__monthly__long_short,delta_vs_same_scenario_G00,cagr,0.013330806954120956
G12,G12__mom_255_0__top20__monthly__long_short,long_short,base,20.0,0.03,G00__mom_255_0__top20__monthly__long_short,delta_vs_same_scenario_G00,sharpe_excess_rf,0.06904113884537291
G12,G12__mom_255_0__top20__monthly__long_short,long_short,base,20.0,0.03,G00__mom_255_0__top20__monthly__long_short,delta_vs_same_scenario_G00,max_drawdown,0.11495079918433981
G12,G12__mom_255_0__top20__monthly__long_short,long_short,base,20.0,0.03,G00__mom_255_0__top20__monthly__long_short,delta_vs_same_scenario_G00,annualized_volatility,-0.04998005233655284
G12,G12__mom_255_0__top20__monthly__long_short,long_short,base,20.0,0.03,G00__mom_255_0__top20__monthly__long_short,delta_vs_same_scenario_G00,annualized_l1_turnover,-0.8997210920361605
G12,G12__mom_255_0__top20__weekly__long_only,long_only,base,0.0,0.0,G00__mom_255_0__top20__weekly__long_only,delta_vs_same_scenario_G00,cagr,-0.10932391172233227
G12,G12__mom_255_0__top20__weekly__long_only,long_only,base,0.0,0.0,G00__mom_255_0__top20__weekly__long_only,delta_vs_same_scenario_G00,sharpe_excess_rf,-0.1931124578046718
G12,G12__mom_255_0__top20__weekly__long_only,long_only,base,0.0,0.0,G00__mom_255_0__top20__weekly__long_only,delta_vs_same_scenario_G00,max_drawdown,0.07231121631146575
G12,G12__mom_255_0__top20__weekly__long_only,long_only,base,0.0,0.0,G00__mom_255_0__top20__weekly__long_only,delta_vs_same_scenario_G00,annualized_volatility,-0.11524361942274305
G12,G12__mom_255_0__top20__weekly__long_only,long_only,base,0.0,0.0,G00__mom_255_0__top20__weekly__long_only,delta_vs_same_scenario_G00,annualized_l1_turnover,-5.791672923883231
G12,G12__mom_255_0__top20__weekly__long_only,long_only,base,5.0,0.0,G00__mom_255_0__top20__weekly__long_only,delta_vs_same_scenario_G00,cagr,-0.1052085113925394
G12,G12__mom_255_0__top20__weekly__long_only,long_only,base,5.0,0.0,G00__mom_255_0__top20__weekly__long_only,delta_vs_same_scenario_G00,sharpe_excess_rf,-0.19610050020499148
G12,G12__mom_255_0__top20__weekly__long_only,long_only,base,5.0,0.0,G00__mom_255_0__top20__weekly__long_only,delta_vs_same_scenario_G00,max_drawdown,0.08096850158686869
G12,G12__mom_255_0__top20__weekly__long_only,long_only,base,5.0,0.0,G00__mom_255_0__top20__weekly__long_only,delta_vs_same_scenario_G00,annualized_volatility,-0.11523193294452938
G12,G12__mom_255_0__top20__weekly__long_only,long_only,base,5.0,0.0,G00__mom_255_0__top20__weekly__long_only,delta_vs_same_scenario_G00,annualized_l1_turnover,-5.791672923883231
G12,G12__mom_255_0__top20__weekly__long_only,long_only,base,10.0,0.0,G00__mom_255_0__top20__weekly__long_only,delta_vs_same_scenario_G00,cagr,-0.10114368884417249
G12,G12__mom_255_0__top20__weekly__long_only,long_only,base,10.0,0.0,G00__mom_255_0__top20__weekly__long_only,delta_vs_same_scenario_G00,sharpe_excess_rf,-0.19908431427547946
G12,G12__mom_255_0__top20__weekly__long_only,long_only,base,10.0,0.0,G00__mom_255_0__top20__weekly__long_only,delta_vs_same_scenario_G00,max_drawdown,0.08147844830432371
G12,G12__mom_255_0__top20__weekly__long_only,long_only,base,10.0,0.0,G00__mom_255_0__top20__weekly__long_only,delta_vs_same_scenario_G00,annualized_volatility,-0.11522114614488232
G12,G12__mom_255_0__top20__weekly__long_only,long_only,base,10.0,0.0,G00__mom_255_0__top20__weekly__long_only,delta_vs_same_scenario_G00,annualized_l1_turnover,-5.791672923883231
G12,G12__mom_255_0__top20__weekly__long_only,long_only,base,20.0,0.0,G00__mom_255_0__top20__weekly__long_only,delta_vs_same_scenario_G00,cagr,-0.09316381813522145
G12,G12__mom_255_0__top20__weekly__long_only,long_only,base,20.0,0.0,G00__mom_255_0__top20__weekly__long_only,delta_vs_same_scenario_G00,sharpe_excess_rf,-0.20503636952945448
G12,G12__mom_255_0__top20__weekly__long_only,long_only,base,20.0,0.0,G00__mom_255_0__top20__weekly__long_only,delta_vs_same_scenario_G00,max_drawdown,0.08241554570550552
G12,G12__mom_255_0__top20__weekly__long_only,long_only,base,20.0,0.0,G00__mom_255_0__top20__weekly__long_only,delta_vs_same_scenario_G00,annualized_volatility,-0.11520227454702123
G12,G12__mom_255_0__top20__weekly__long_only,long_only,base,20.0,0.0,G00__mom_255_0__top20__weekly__long_only,delta_vs_same_scenario_G00,annualized_l1_turnover,-5.791672923883231
G12,G12__mom_255_0__top20__weekly__long_short,long_short,base,0.0,0.0,G00__mom_255_0__top20__weekly__long_short,delta_vs_same_scenario_G00,cagr,0.02925158277821524
G12,G12__mom_255_0__top20__weekly__long_short,long_short,base,0.0,0.0,G00__mom_255_0__top20__weekly__long_short,delta_vs_same_scenario_G00,sharpe_excess_rf,0.17252575485528596
G12,G12__mom_255_0__top20__weekly__long_short,long_short,base,0.0,0.0,G00__mom_255_0__top20__weekly__long_short,delta_vs_same_scenario_G00,max_drawdown,0.200686145746511
G12,G12__mom_255_0__top20__weekly__long_short,long_short,base,0.0,0.0,G00__mom_255_0__top20__weekly__long_short,delta_vs_same_scenario_G00,annualized_volatility,-0.055318214393952736
G12,G12__mom_255_0__top20__weekly__long_short,long_short,base,0.0,0.0,G00__mom_255_0__top20__weekly__long_short,delta_vs_same_scenario_G00,annualized_l1_turnover,-2.287483568965998
G12,G12__mom_255_0__top20__weekly__long_short,long_short,base,0.0,0.01,G00__mom_255_0__top20__weekly__long_short,delta_vs_same_scenario_G00,cagr,0.02984869382675353
G12,G12__mom_255_0__top20__weekly__long_short,long_short,base,0.0,0.01,G00__mom_255_0__top20__weekly__long_short,delta_vs_same_scenario_G00,sharpe_excess_rf,0.16825765889522148
G12,G12__mom_255_0__top20__weekly__long_short,long_short,base,0.0,0.01,G00__mom_255_0__top20__weekly__long_short,delta_vs_same_scenario_G00,max_drawdown,0.2009589491399384
G12,G12__mom_255_0__top20__weekly__long_short,long_short,base,0.0,0.01,G00__mom_255_0__top20__weekly__long_short,delta_vs_same_scenario_G00,annualized_volatility,-0.055325661620982486
G12,G12__mom_255_0__top20__weekly__long_short,long_short,base,0.0,0.01,G00__mom_255_0__top20__weekly__long_short,delta_vs_same_scenario_G00,annualized_l1_turnover,-2.2879015831976144
G12,G12__mom_255_0__top20__weekly__long_short,long_short,base,0.0,0.03,G00__mom_255_0__top20__weekly__long_short,delta_vs_same_scenario_G00,cagr,0.031007824410965515
G12,G12__mom_255_0__top20__weekly__long_short,long_short,base,0.0,0.03,G00__mom_255_0__top20__weekly__long_short,delta_vs_same_scenario_G00,sharpe_excess_rf,0.15984370933338102
G12,G12__mom_255_0__top20__weekly__long_short,long_short,base,0.0,0.03,G00__mom_255_0__top20__weekly__long_short,delta_vs_same_scenario_G00,max_drawdown,0.20145236982462977
G12,G12__mom_255_0__top20__weekly__long_short,long_short,base,0.0,0.03,G00__mom_255_0__top20__weekly__long_short,delta_vs_same_scenario_G00,annualized_volatility,-0.05534026209873008
G12,G12__mom_255_0__top20__weekly__long_short,long_short,base,0.0,0.03,G00__mom_255_0__top20__weekly__long_short,delta_vs_same_scenario_G00,annualized_l1_turnover,-2.2887312746815667
G12,G12__mom_255_0__top20__weekly__long_short,long_short,base,5.0,0.0,G00__mom_255_0__top20__weekly__long_short,delta_vs_same_scenario_G00,cagr,0.030205509411594743
G12,G12__mom_255_0__top20__weekly__long_short,long_short,base,5.0,0.0,G00__mom_255_0__top20__weekly__long_short,delta_vs_same_scenario_G00,sharpe_excess_rf,0.16438886490205362
G12,G12__mom_255_0__top20__weekly__long_short,long_short,base,5.0,0.0,G00__mom_255_0__top20__weekly__long_short,delta_vs_same_scenario_G00,max_drawdown,0.20090806835474273
G12,G12__mom_255_0__top20__weekly__long_short,long_short,base,5.0,0.0,G00__mom_255_0__top20__weekly__long_short,delta_vs_same_scenario_G00,annualized_volatility,-0.05536246312958171
G12,G12__mom_255_0__top20__weekly__long_short,long_short,base,5.0,0.0,G00__mom_255_0__top20__weekly__long_short,delta_vs_same_scenario_G00,annualized_l1_turnover,-2.287483568965998
G12,G12__mom_255_0__top20__weekly__long_short,long_short,base,5.0,0.01,G00__mom_255_0__top20__weekly__long_short,delta_vs_same_scenario_G00,cagr,0.03079241484312445
G12,G12__mom_255_0__top20__weekly__long_short,long_short,base,5.0,0.01,G00__mom_255_0__top20__weekly__long_short,delta_vs_same_scenario_G00,sharpe_excess_rf,0.1601134890039349
G12,G12__mom_255_0__top20__weekly__long_short,long_short,base,5.0,0.01,G00__mom_255_0__top20__weekly__long_short,delta_vs_same_scenario_G00,max_drawdown,0.20115440065932944
G12,G12__mom_255_0__top20__weekly__long_short,long_short,base,5.0,0.01,G00__mom_255_0__top20__weekly__long_short,delta_vs_same_scenario_G00,annualized_volatility,-0.05536986325092205
G12,G12__mom_255_0__top20__weekly__long_short,long_short,base,5.0,0.01,G00__mom_255_0__top20__weekly__long_short,delta_vs_same_scenario_G00,annualized_l1_turnover,-2.2879015831976144
G12,G12__mom_255_0__top20__weekly__long_short,long_short,base,5.0,0.03,G00__mom_255_0__top20__weekly__long_short,delta_vs_same_scenario_G00,cagr,0.031931645648803915
G12,G12__mom_255_0__top20__weekly__long_short,long_short,base,5.0,0.03,G00__mom_255_0__top20__weekly__long_short,delta_vs_same_scenario_G00,sharpe_excess_rf,0.15168528357940186
G12,G12__mom_255_0__top20__weekly__long_short,long_short,base,5.0,0.03,G00__mom_255_0__top20__weekly__long_short,delta_vs_same_scenario_G00,max_drawdown,0.2015967770353262
G12,G12__mom_255_0__top20__weekly__long_short,long_short,base,5.0,0.03,G00__mom_255_0__top20__weekly__long_short,delta_vs_same_scenario_G00,annualized_volatility,-0.05538437086955281
G12,G12__mom_255_0__top20__weekly__long_short,long_short,base,5.0,0.03,G00__mom_255_0__top20__weekly__long_short,delta_vs_same_scenario_G00,annualized_l1_turnover,-2.2887312746815667
G12,G12__mom_255_0__top20__weekly__long_short,long_short,base,10.0,0.0,G00__mom_255_0__top20__weekly__long_short,delta_vs_same_scenario_G00,cagr,0.031142166610087323
G12,G12__mom_255_0__top20__weekly__long_short,long_short,base,10.0,0.0,G00__mom_255_0__top20__weekly__long_short,delta_vs_same_scenario_G00,sharpe_excess_rf,0.15621871250372268
G12,G12__mom_255_0__top20__weekly__long_short,long_short,base,10.0,0.0,G00__mom_255_0__top20__weekly__long_short,delta_vs_same_scenario_G00,max_drawdown,0.20108324264231991
G12,G12__mom_255_0__top20__weekly__long_short,long_short,base,10.0,0.0,G00__mom_255_0__top20__weekly__long_short,delta_vs_same_scenario_G00,annualized_volatility,-0.05540611624218264
G12,G12__mom_255_0__top20__weekly__long_short,long_short,base,10.0,0.0,G00__mom_255_0__top20__weekly__long_short,delta_vs_same_scenario_G00,annualized_l1_turnover,-2.287483568965998
G12,G12__mom_255_0__top20__weekly__long_short,long_short,base,10.0,0.01,G00__mom_255_0__top20__weekly__long_short,delta_vs_same_scenario_G00,cagr,0.0317189900320619
G12,G12__mom_255_0__top20__weekly__long_short,long_short,base,10.0,0.01,G00__mom_255_0__top20__weekly__long_short,delta_vs_same_scenario_G00,sharpe_excess_rf,0.15193669568261628
G12,G12__mom_255_0__top20__weekly__long_short,long_short,base,10.0,0.01,G00__mom_255_0__top20__weekly__long_short,delta_vs_same_scenario_G00,max_drawdown,0.20130380568179107
G12,G12__mom_255_0__top20__weekly__long_short,long_short,base,10.0,0.01,G00__mom_255_0__top20__weekly__long_short,delta_vs_same_scenario_G00,annualized_volatility,-0.055413469260150755
G12,G12__mom_255_0__top20__weekly__long_short,long_short,base,10.0,0.01,G00__mom_255_0__top20__weekly__long_short,delta_vs_same_scenario_G00,annualized_l1_turnover,-2.2879015831976144
G12,G12__mom_255_0__top20__weekly__long_short,long_short,base,10.0,0.03,G00__mom_255_0__top20__weekly__long_short,delta_vs_same_scenario_G00,cagr,0.03283856241186084
G12,G12__mom_255_0__top20__weekly__long_short,long_short,base,10.0,0.03,G00__mom_255_0__top20__weekly__long_short,delta_vs_same_scenario_G00,sharpe_excess_rf,0.14349549383021404
G12,G12__mom_255_0__top20__weekly__long_short,long_short,base,10.0,0.03,G00__mom_255_0__top20__weekly__long_short,delta_vs_same_scenario_G00,max_drawdown,0.20169649757549446
G12,G12__mom_255_0__top20__weekly__long_short,long_short,base,10.0,0.03,G00__mom_255_0__top20__weekly__long_short,delta_vs_same_scenario_G00,annualized_volatility,-0.055427884031562624
G12,G12__mom_255_0__top20__weekly__long_short,long_short,base,10.0,0.03,G00__mom_255_0__top20__weekly__long_short,delta_vs_same_scenario_G00,annualized_l1_turnover,-2.2887312746815667
G12,G12__mom_255_0__top20__weekly__long_short,long_short,base,20.0,0.0,G00__mom_255_0__top20__weekly__long_short,delta_vs_same_scenario_G00,cagr,0.03296451638375982
G12,G12__mom_255_0__top20__weekly__long_short,long_short,base,20.0,0.0,G00__mom_255_0__top20__weekly__long_short,delta_vs_same_scenario_G00,sharpe_excess_rf,0.13979178734223321
G12,G12__mom_255_0__top20__weekly__long_short,long_short,base,20.0,0.0,G00__mom_255_0__top20__weekly__long_short,delta_vs_same_scenario_G00,max_drawdown,0.20129845869182528
G12,G12__mom_255_0__top20__weekly__long_short,long_short,base,20.0,0.0,G00__mom_255_0__top20__weekly__long_short,delta_vs_same_scenario_G00,annualized_volatility,-0.055491615297921154
G12,G12__mom_255_0__top20__weekly__long_short,long_short,base,20.0,0.0,G00__mom_255_0__top20__weekly__long_short,delta_vs_same_scenario_G00,annualized_l1_turnover,-2.287483568965998
G12,G12__mom_255_0__top20__weekly__long_short,long_short,base,20.0,0.01,G00__mom_255_0__top20__weekly__long_short,delta_vs_same_scenario_G00,cagr,0.033521541456053086
G12,G12__mom_255_0__top20__weekly__long_short,long_short,base,20.0,0.01,G00__mom_255_0__top20__weekly__long_short,delta_vs_same_scenario_G00,sharpe_excess_rf,0.13549841506999877
G12,G12__mom_255_0__top20__weekly__long_short,long_short,base,20.0,0.01,G00__mom_255_0__top20__weekly__long_short,delta_vs_same_scenario_G00,max_drawdown,0.20146953025852177
G12,G12__mom_255_0__top20__weekly__long_short,long_short,base,20.0,0.01,G00__mom_255_0__top20__weekly__long_short,delta_vs_same_scenario_G00,annualized_volatility,-0.055498874146129806
G12,G12__mom_255_0__top20__weekly__long_short,long_short,base,20.0,0.01,G00__mom_255_0__top20__weekly__long_short,delta_vs_same_scenario_G00,annualized_l1_turnover,-2.2879015831976144
G12,G12__mom_255_0__top20__weekly__long_short,long_short,base,20.0,0.03,G00__mom_255_0__top20__weekly__long_short,delta_vs_same_scenario_G00,cagr,0.03460251097390314
G12,G12__mom_255_0__top20__weekly__long_short,long_short,base,20.0,0.03,G00__mom_255_0__top20__weekly__long_short,delta_vs_same_scenario_G00,sharpe_excess_rf,0.12703501694335945
G12,G12__mom_255_0__top20__weekly__long_short,long_short,base,20.0,0.03,G00__mom_255_0__top20__weekly__long_short,delta_vs_same_scenario_G00,max_drawdown,0.20176681929616602
G12,G12__mom_255_0__top20__weekly__long_short,long_short,base,20.0,0.03,G00__mom_255_0__top20__weekly__long_short,delta_vs_same_scenario_G00,annualized_volatility,-0.05551310331794107
G12,G12__mom_255_0__top20__weekly__long_short,long_short,base,20.0,0.03,G00__mom_255_0__top20__weekly__long_short,delta_vs_same_scenario_G00,annualized_l1_turnover,-2.2887312746815667
G12,G12__mom_255_0__top50__monthly__long_only,long_only,base,0.0,0.0,G00__mom_255_0__top50__monthly__long_only,delta_vs_same_scenario_G00,cagr,-0.07240762787098998
G12,G12__mom_255_0__top50__monthly__long_only,long_only,base,0.0,0.0,G00__mom_255_0__top50__monthly__long_only,delta_vs_same_scenario_G00,sharpe_excess_rf,-0.21205118175706383
G12,G12__mom_255_0__top50__monthly__long_only,long_only,base,0.0,0.0,G00__mom_255_0__top50__monthly__long_only,delta_vs_same_scenario_G00,max_drawdown,-0.005134750110562081
G12,G12__mom_255_0__top50__monthly__long_only,long_only,base,0.0,0.0,G00__mom_255_0__top50__monthly__long_only,delta_vs_same_scenario_G00,annualized_volatility,-0.05268424221348236
G12,G12__mom_255_0__top50__monthly__long_only,long_only,base,0.0,0.0,G00__mom_255_0__top50__monthly__long_only,delta_vs_same_scenario_G00,annualized_l1_turnover,-1.5245635659871146
G12,G12__mom_255_0__top50__monthly__long_only,long_only,base,5.0,0.0,G00__mom_255_0__top50__monthly__long_only,delta_vs_same_scenario_G00,cagr,-0.07130871237786016
G12,G12__mom_255_0__top50__monthly__long_only,long_only,base,5.0,0.0,G00__mom_255_0__top50__monthly__long_only,delta_vs_same_scenario_G00,sharpe_excess_rf,-0.2123450444123487
G12,G12__mom_255_0__top50__monthly__long_only,long_only,base,5.0,0.0,G00__mom_255_0__top50__monthly__long_only,delta_vs_same_scenario_G00,max_drawdown,-0.004707409812096552
G12,G12__mom_255_0__top50__monthly__long_only,long_only,base,5.0,0.0,G00__mom_255_0__top50__monthly__long_only,delta_vs_same_scenario_G00,annualized_volatility,-0.05267319568727219
G12,G12__mom_255_0__top50__monthly__long_only,long_only,base,5.0,0.0,G00__mom_255_0__top50__monthly__long_only,delta_vs_same_scenario_G00,annualized_l1_turnover,-1.5245635659871146
G12,G12__mom_255_0__top50__monthly__long_only,long_only,base,10.0,0.0,G00__mom_255_0__top50__monthly__long_only,delta_vs_same_scenario_G00,cagr,-0.07021564578537842
G12,G12__mom_255_0__top50__monthly__long_only,long_only,base,10.0,0.0,G00__mom_255_0__top50__monthly__long_only,delta_vs_same_scenario_G00,sharpe_excess_rf,-0.21263441951826567
G12,G12__mom_255_0__top50__monthly__long_only,long_only,base,10.0,0.0,G00__mom_255_0__top50__monthly__long_only,delta_vs_same_scenario_G00,max_drawdown,-0.004284794906061762
G12,G12__mom_255_0__top50__monthly__long_only,long_only,base,10.0,0.0,G00__mom_255_0__top50__monthly__long_only,delta_vs_same_scenario_G00,annualized_volatility,-0.05266280970130763
G12,G12__mom_255_0__top50__monthly__long_only,long_only,base,10.0,0.0,G00__mom_255_0__top50__monthly__long_only,delta_vs_same_scenario_G00,annualized_l1_turnover,-1.5245635659871146
G12,G12__mom_255_0__top50__monthly__long_only,long_only,base,20.0,0.0,G00__mom_255_0__top50__monthly__long_only,delta_vs_same_scenario_G00,cagr,-0.06804696835141041
G12,G12__mom_255_0__top50__monthly__long_only,long_only,base,20.0,0.0,G00__mom_255_0__top50__monthly__long_only,delta_vs_same_scenario_G00,sharpe_excess_rf,-0.21319920870260012
G12,G12__mom_255_0__top50__monthly__long_only,long_only,base,20.0,0.0,G00__mom_255_0__top50__monthly__long_only,delta_vs_same_scenario_G00,max_drawdown,-0.003453590665965345
G12,G12__mom_255_0__top50__monthly__long_only,long_only,base,20.0,0.0,G00__mom_255_0__top50__monthly__long_only,delta_vs_same_scenario_G00,annualized_volatility,-0.052644021769082366
G12,G12__mom_255_0__top50__monthly__long_only,long_only,base,20.0,0.0,G00__mom_255_0__top50__monthly__long_only,delta_vs_same_scenario_G00,annualized_l1_turnover,-1.5245635659871146
G12,G12__mom_255_0__top50__monthly__long_short,long_short,base,0.0,0.0,G00__mom_255_0__top50__monthly__long_short,delta_vs_same_scenario_G00,cagr,0.014894019637004652
G12,G12__mom_255_0__top50__monthly__long_short,long_short,base,0.0,0.0,G00__mom_255_0__top50__monthly__long_short,delta_vs_same_scenario_G00,sharpe_excess_rf,0.12191688059604991
G12,G12__mom_255_0__top50__monthly__long_short,long_short,base,0.0,0.0,G00__mom_255_0__top50__monthly__long_short,delta_vs_same_scenario_G00,max_drawdown,0.0867990036897695
G12,G12__mom_255_0__top50__monthly__long_short,long_short,base,0.0,0.0,G00__mom_255_0__top50__monthly__long_short,delta_vs_same_scenario_G00,annualized_volatility,-0.025563181441236787
G12,G12__mom_255_0__top50__monthly__long_short,long_short,base,0.0,0.0,G00__mom_255_0__top50__monthly__long_short,delta_vs_same_scenario_G00,annualized_l1_turnover,-0.38996555433005753
G12,G12__mom_255_0__top50__monthly__long_short,long_short,base,0.0,0.01,G00__mom_255_0__top50__monthly__long_short,delta_vs_same_scenario_G00,cagr,0.015198655332068003
G12,G12__mom_255_0__top50__monthly__long_short,long_short,base,0.0,0.01,G00__mom_255_0__top50__monthly__long_short,delta_vs_same_scenario_G00,sharpe_excess_rf,0.11832076873891523
G12,G12__mom_255_0__top50__monthly__long_short,long_short,base,0.0,0.01,G00__mom_255_0__top50__monthly__long_short,delta_vs_same_scenario_G00,max_drawdown,0.0882556110660741
G12,G12__mom_255_0__top50__monthly__long_short,long_short,base,0.0,0.01,G00__mom_255_0__top50__monthly__long_short,delta_vs_same_scenario_G00,annualized_volatility,-0.02557175851755386
G12,G12__mom_255_0__top50__monthly__long_short,long_short,base,0.0,0.01,G00__mom_255_0__top50__monthly__long_short,delta_vs_same_scenario_G00,annualized_l1_turnover,-0.39032949942313966
G12,G12__mom_255_0__top50__monthly__long_short,long_short,base,0.0,0.03,G00__mom_255_0__top50__monthly__long_short,delta_vs_same_scenario_G00,cagr,0.01579012063524713
G12,G12__mom_255_0__top50__monthly__long_short,long_short,base,0.0,0.03,G00__mom_255_0__top50__monthly__long_short,delta_vs_same_scenario_G00,sharpe_excess_rf,0.11123168037271655
G12,G12__mom_255_0__top50__monthly__long_short,long_short,base,0.0,0.03,G00__mom_255_0__top50__monthly__long_short,delta_vs_same_scenario_G00,max_drawdown,0.0910748020530196
G12,G12__mom_255_0__top50__monthly__long_short,long_short,base,0.0,0.03,G00__mom_255_0__top50__monthly__long_short,delta_vs_same_scenario_G00,annualized_volatility,-0.025588619888098907
G12,G12__mom_255_0__top50__monthly__long_short,long_short,base,0.0,0.03,G00__mom_255_0__top50__monthly__long_short,delta_vs_same_scenario_G00,annualized_l1_turnover,-0.3910537862308914
G12,G12__mom_255_0__top50__monthly__long_short,long_short,base,5.0,0.0,G00__mom_255_0__top50__monthly__long_short,delta_vs_same_scenario_G00,cagr,0.015045851480841393
G12,G12__mom_255_0__top50__monthly__long_short,long_short,base,5.0,0.0,G00__mom_255_0__top50__monthly__long_short,delta_vs_same_scenario_G00,sharpe_excess_rf,0.11874709487253893
G12,G12__mom_255_0__top50__monthly__long_short,long_short,base,5.0,0.0,G00__mom_255_0__top50__monthly__long_short,delta_vs_same_scenario_G00,max_drawdown,0.08756051736850468
G12,G12__mom_255_0__top50__monthly__long_short,long_short,base,5.0,0.0,G00__mom_255_0__top50__monthly__long_short,delta_vs_same_scenario_G00,annualized_volatility,-0.025564954428411918
G12,G12__mom_255_0__top50__monthly__long_short,long_short,base,5.0,0.0,G00__mom_255_0__top50__monthly__long_short,delta_vs_same_scenario_G00,annualized_l1_turnover,-0.38996555433005664
G12,G12__mom_255_0__top50__monthly__long_short,long_short,base,5.0,0.01,G00__mom_255_0__top50__monthly__long_short,delta_vs_same_scenario_G00,cagr,0.01534857870159509
G12,G12__mom_255_0__top50__monthly__long_short,long_short,base,5.0,0.01,G00__mom_255_0__top50__monthly__long_short,delta_vs_same_scenario_G00,sharpe_excess_rf,0.11514962303253204
G12,G12__mom_255_0__top50__monthly__long_short,long_short,base,5.0,0.01,G00__mom_255_0__top50__monthly__long_short,delta_vs_same_scenario_G00,max_drawdown,0.08900642610518517
G12,G12__mom_255_0__top50__monthly__long_short,long_short,base,5.0,0.01,G00__mom_255_0__top50__monthly__long_short,delta_vs_same_scenario_G00,annualized_volatility,-0.02557351541740474
G12,G12__mom_255_0__top50__monthly__long_short,long_short,base,5.0,0.01,G00__mom_255_0__top50__monthly__long_short,delta_vs_same_scenario_G00,annualized_l1_turnover,-0.39032949942313966
G12,G12__mom_255_0__top50__monthly__long_short,long_short,base,5.0,0.03,G00__mom_255_0__top50__monthly__long_short,delta_vs_same_scenario_G00,cagr,0.015936324067120214
G12,G12__mom_255_0__top50__monthly__long_short,long_short,base,5.0,0.03,G00__mom_255_0__top50__monthly__long_short,delta_vs_same_scenario_G00,sharpe_excess_rf,0.10805789837610126
G12,G12__mom_255_0__top50__monthly__long_short,long_short,base,5.0,0.03,G00__mom_255_0__top50__monthly__long_short,delta_vs_same_scenario_G00,max_drawdown,0.09180479123775148
G12,G12__mom_255_0__top50__monthly__long_short,long_short,base,5.0,0.03,G00__mom_255_0__top50__monthly__long_short,delta_vs_same_scenario_G00,annualized_volatility,-0.025590345220966426
G12,G12__mom_255_0__top50__monthly__long_short,long_short,base,5.0,0.03,G00__mom_255_0__top50__monthly__long_short,delta_vs_same_scenario_G00,annualized_l1_turnover,-0.3910537862308914
G12,G12__mom_255_0__top50__monthly__long_short,long_short,base,10.0,0.0,G00__mom_255_0__top50__monthly__long_short,delta_vs_same_scenario_G00,cagr,0.015196484219795602
G12,G12__mom_255_0__top50__monthly__long_short,long_short,base,10.0,0.0,G00__mom_255_0__top50__monthly__long_short,delta_vs_same_scenario_G00,sharpe_excess_rf,0.11556490741001191
G12,G12__mom_255_0__top50__monthly__long_short,long_short,base,10.0,0.0,G00__mom_255_0__top50__monthly__long_short,delta_vs_same_scenario_G00,max_drawdown,0.08831530214046507
G12,G12__mom_255_0__top50__monthly__long_short,long_short,base,10.0,0.0,G00__mom_255_0__top50__monthly__long_short,delta_vs_same_scenario_G00,annualized_volatility,-0.02556599813241453
G12,G12__mom_255_0__top50__monthly__long_short,long_short,base,10.0,0.0,G00__mom_255_0__top50__monthly__long_short,delta_vs_same_scenario_G00,annualized_l1_turnover,-0.38996555433005664
G12,G12__mom_255_0__top50__monthly__long_short,long_short,base,10.0,0.01,G00__mom_255_0__top50__monthly__long_short,delta_vs_same_scenario_G00,cagr,0.01549731167386105
G12,G12__mom_255_0__top50__monthly__long_short,long_short,base,10.0,0.01,G00__mom_255_0__top50__monthly__long_short,delta_vs_same_scenario_G00,sharpe_excess_rf,0.11196679333509674
G12,G12__mom_255_0__top50__monthly__long_short,long_short,base,10.0,0.01,G00__mom_255_0__top50__monthly__long_short,delta_vs_same_scenario_G00,max_drawdown,0.0897505670504179
G12,G12__mom_255_0__top50__monthly__long_short,long_short,base,10.0,0.01,G00__mom_255_0__top50__monthly__long_short,delta_vs_same_scenario_G00,annualized_volatility,-0.025574543224124335
G12,G12__mom_255_0__top50__monthly__long_short,long_short,base,10.0,0.01,G00__mom_255_0__top50__monthly__long_short,delta_vs_same_scenario_G00,annualized_l1_turnover,-0.39032949942313966
G12,G12__mom_255_0__top50__monthly__long_short,long_short,base,10.0,0.03,G00__mom_255_0__top50__monthly__long_short,delta_vs_same_scenario_G00,cagr,0.01608135409568242
G12,G12__mom_255_0__top50__monthly__long_short,long_short,base,10.0,0.03,G00__mom_255_0__top50__monthly__long_short,delta_vs_same_scenario_G00,sharpe_excess_rf,0.10487384671712399
G12,G12__mom_255_0__top50__monthly__long_short,long_short,base,10.0,0.03,G00__mom_255_0__top50__monthly__long_short,delta_vs_same_scenario_G00,max_drawdown,0.09252821323175137
G12,G12__mom_255_0__top50__monthly__long_short,long_short,base,10.0,0.03,G00__mom_255_0__top50__monthly__long_short,delta_vs_same_scenario_G00,annualized_volatility,-0.025591341838280907
G12,G12__mom_255_0__top50__monthly__long_short,long_short,base,10.0,0.03,G00__mom_255_0__top50__monthly__long_short,delta_vs_same_scenario_G00,annualized_l1_turnover,-0.3910537862308914
G12,G12__mom_255_0__top50__monthly__long_short,long_short,base,20.0,0.0,G00__mom_255_0__top50__monthly__long_short,delta_vs_same_scenario_G00,cagr,0.01549417526327853
G12,G12__mom_255_0__top50__monthly__long_short,long_short,base,20.0,0.0,G00__mom_255_0__top50__monthly__long_short,delta_vs_same_scenario_G00,sharpe_excess_rf,0.10917003413291926
G12,G12__mom_255_0__top50__monthly__long_short,long_short,base,20.0,0.0,G00__mom_255_0__top50__monthly__long_short,delta_vs_same_scenario_G00,max_drawdown,0.08980482914910809
G12,G12__mom_255_0__top50__monthly__long_short,long_short,base,20.0,0.0,G00__mom_255_0__top50__monthly__long_short,delta_vs_same_scenario_G00,annualized_volatility,-0.025565895551490136
G12,G12__mom_255_0__top50__monthly__long_short,long_short,base,20.0,0.0,G00__mom_255_0__top50__monthly__long_short,delta_vs_same_scenario_G00,annualized_l1_turnover,-0.38996555433005753
G12,G12__mom_255_0__top50__monthly__long_short,long_short,base,20.0,0.01,G00__mom_255_0__top50__monthly__long_short,delta_vs_same_scenario_G00,cagr,0.015791229177220253
G12,G12__mom_255_0__top50__monthly__long_short,long_short,base,20.0,0.01,G00__mom_255_0__top50__monthly__long_short,delta_vs_same_scenario_G00,sharpe_excess_rf,0.10557279133819615
G12,G12__mom_255_0__top50__monthly__long_short,long_short,base,20.0,0.01,G00__mom_255_0__top50__monthly__long_short,delta_vs_same_scenario_G00,max_drawdown,0.09121896992046652
G12,G12__mom_255_0__top50__monthly__long_short,long_short,base,20.0,0.01,G00__mom_255_0__top50__monthly__long_short,delta_vs_same_scenario_G00,annualized_volatility,-0.02557440943189801
G12,G12__mom_255_0__top50__monthly__long_short,long_short,base,20.0,0.01,G00__mom_255_0__top50__monthly__long_short,delta_vs_same_scenario_G00,annualized_l1_turnover,-0.39032949942313966
G12,G12__mom_255_0__top50__monthly__long_short,long_short,base,20.0,0.03,G00__mom_255_0__top50__monthly__long_short,delta_vs_same_scenario_G00,cagr,0.01636791644045941
G12,G12__mom_255_0__top50__monthly__long_short,long_short,base,20.0,0.03,G00__mom_255_0__top50__monthly__long_short,delta_vs_same_scenario_G00,sharpe_excess_rf,0.09848164868553898
G12,G12__mom_255_0__top50__monthly__long_short,long_short,base,20.0,0.03,G00__mom_255_0__top50__monthly__long_short,delta_vs_same_scenario_G00,max_drawdown,0.09395549710535045
G12,G12__mom_255_0__top50__monthly__long_short,long_short,base,20.0,0.03,G00__mom_255_0__top50__monthly__long_short,delta_vs_same_scenario_G00,annualized_volatility,-0.02559114682566696
G12,G12__mom_255_0__top50__monthly__long_short,long_short,base,20.0,0.03,G00__mom_255_0__top50__monthly__long_short,delta_vs_same_scenario_G00,annualized_l1_turnover,-0.3910537862308914
G12,G12__mom_255_0__top50__weekly__long_only,long_only,base,0.0,0.0,G00__mom_255_0__top50__weekly__long_only,delta_vs_same_scenario_G00,cagr,-0.06163032664035989
G12,G12__mom_255_0__top50__weekly__long_only,long_only,base,0.0,0.0,G00__mom_255_0__top50__weekly__long_only,delta_vs_same_scenario_G00,sharpe_excess_rf,-0.18063731261671495
G12,G12__mom_255_0__top50__weekly__long_only,long_only,base,0.0,0.0,G00__mom_255_0__top50__weekly__long_only,delta_vs_same_scenario_G00,max_drawdown,0.04395550139228388
G12,G12__mom_255_0__top50__weekly__long_only,long_only,base,0.0,0.0,G00__mom_255_0__top50__weekly__long_only,delta_vs_same_scenario_G00,annualized_volatility,-0.06327133659407372
G12,G12__mom_255_0__top50__weekly__long_only,long_only,base,0.0,0.0,G00__mom_255_0__top50__weekly__long_only,delta_vs_same_scenario_G00,annualized_l1_turnover,-3.7089372098646667
G12,G12__mom_255_0__top50__weekly__long_only,long_only,base,5.0,0.0,G00__mom_255_0__top50__weekly__long_only,delta_vs_same_scenario_G00,cagr,-0.05914472028586473
G12,G12__mom_255_0__top50__weekly__long_only,long_only,base,5.0,0.0,G00__mom_255_0__top50__weekly__long_only,delta_vs_same_scenario_G00,sharpe_excess_rf,-0.1825530735340034
G12,G12__mom_255_0__top50__weekly__long_only,long_only,base,5.0,0.0,G00__mom_255_0__top50__weekly__long_only,delta_vs_same_scenario_G00,max_drawdown,0.04437978013317606
G12,G12__mom_255_0__top50__weekly__long_only,long_only,base,5.0,0.0,G00__mom_255_0__top50__weekly__long_only,delta_vs_same_scenario_G00,annualized_volatility,-0.0632649725498928
G12,G12__mom_255_0__top50__weekly__long_only,long_only,base,5.0,0.0,G00__mom_255_0__top50__weekly__long_only,delta_vs_same_scenario_G00,annualized_l1_turnover,-3.7089372098646667
G12,G12__mom_255_0__top50__weekly__long_only,long_only,base,10.0,0.0,G00__mom_255_0__top50__weekly__long_only,delta_vs_same_scenario_G00,cagr,-0.05669004952913981
G12,G12__mom_255_0__top50__weekly__long_only,long_only,base,10.0,0.0,G00__mom_255_0__top50__weekly__long_only,delta_vs_same_scenario_G00,sharpe_excess_rf,-0.1844621834503905
G12,G12__mom_255_0__top50__weekly__long_only,long_only,base,10.0,0.0,G00__mom_255_0__top50__weekly__long_only,delta_vs_same_scenario_G00,max_drawdown,0.04478590442401709
G12,G12__mom_255_0__top50__weekly__long_only,long_only,base,10.0,0.0,G00__mom_255_0__top50__weekly__long_only,delta_vs_same_scenario_G00,annualized_volatility,-0.06325928224281713
G12,G12__mom_255_0__top50__weekly__long_only,long_only,base,10.0,0.0,G00__mom_255_0__top50__weekly__long_only,delta_vs_same_scenario_G00,annualized_l1_turnover,-3.7089372098646667
G12,G12__mom_255_0__top50__weekly__long_only,long_only,base,20.0,0.0,G00__mom_255_0__top50__weekly__long_only,delta_vs_same_scenario_G00,cagr,-0.05187231374341379
G12,G12__mom_255_0__top50__weekly__long_only,long_only,base,20.0,0.0,G00__mom_255_0__top50__weekly__long_only,delta_vs_same_scenario_G00,sharpe_excess_rf,-0.18825829487245466
G12,G12__mom_255_0__top50__weekly__long_only,long_only,base,20.0,0.0,G00__mom_255_0__top50__weekly__long_only,delta_vs_same_scenario_G00,max_drawdown,0.04554524396373877
G12,G12__mom_255_0__top50__weekly__long_only,long_only,base,20.0,0.0,G00__mom_255_0__top50__weekly__long_only,delta_vs_same_scenario_G00,annualized_volatility,-0.06324992517336209
G12,G12__mom_255_0__top50__weekly__long_only,long_only,base,20.0,0.0,G00__mom_255_0__top50__weekly__long_only,delta_vs_same_scenario_G00,annualized_l1_turnover,-3.7089372098646667
G12,G12__mom_255_0__top50__weekly__long_short,long_short,base,0.0,0.0,G00__mom_255_0__top50__weekly__long_short,delta_vs_same_scenario_G00,cagr,0.02357754258544413
G12,G12__mom_255_0__top50__weekly__long_short,long_short,base,0.0,0.0,G00__mom_255_0__top50__weekly__long_short,delta_vs_same_scenario_G00,sharpe_excess_rf,0.15440703155070726
G12,G12__mom_255_0__top50__weekly__long_short,long_short,base,0.0,0.0,G00__mom_255_0__top50__weekly__long_short,delta_vs_same_scenario_G00,max_drawdown,0.12301465302928571
G12,G12__mom_255_0__top50__weekly__long_short,long_short,base,0.0,0.0,G00__mom_255_0__top50__weekly__long_short,delta_vs_same_scenario_G00,annualized_volatility,-0.026598900174440304
G12,G12__mom_255_0__top50__weekly__long_short,long_short,base,0.0,0.0,G00__mom_255_0__top50__weekly__long_short,delta_vs_same_scenario_G00,annualized_l1_turnover,-1.0088627092869338
G12,G12__mom_255_0__top50__weekly__long_short,long_short,base,0.0,0.01,G00__mom_255_0__top50__weekly__long_short,delta_vs_same_scenario_G00,cagr,0.023828434919756874
G12,G12__mom_255_0__top50__weekly__long_short,long_short,base,0.0,0.01,G00__mom_255_0__top50__weekly__long_short,delta_vs_same_scenario_G00,sharpe_excess_rf,0.1505507900016182
G12,G12__mom_255_0__top50__weekly__long_short,long_short,base,0.0,0.01,G00__mom_255_0__top50__weekly__long_short,delta_vs_same_scenario_G00,max_drawdown,0.12314004031253234
G12,G12__mom_255_0__top50__weekly__long_short,long_short,base,0.0,0.01,G00__mom_255_0__top50__weekly__long_short,delta_vs_same_scenario_G00,annualized_volatility,-0.02660382256646987
G12,G12__mom_255_0__top50__weekly__long_short,long_short,base,0.0,0.01,G00__mom_255_0__top50__weekly__long_short,delta_vs_same_scenario_G00,annualized_l1_turnover,-1.0090799152592922
G12,G12__mom_255_0__top50__weekly__long_short,long_short,base,0.0,0.03,G00__mom_255_0__top50__weekly__long_short,delta_vs_same_scenario_G00,cagr,0.02431442048204942
G12,G12__mom_255_0__top50__weekly__long_short,long_short,base,0.0,0.03,G00__mom_255_0__top50__weekly__long_short,delta_vs_same_scenario_G00,sharpe_excess_rf,0.14294756438826045
G12,G12__mom_255_0__top50__weekly__long_short,long_short,base,0.0,0.03,G00__mom_255_0__top50__weekly__long_short,delta_vs_same_scenario_G00,max_drawdown,0.12331900923734634
G12,G12__mom_255_0__top50__weekly__long_short,long_short,base,0.0,0.03,G00__mom_255_0__top50__weekly__long_short,delta_vs_same_scenario_G00,annualized_volatility,-0.026613468966001502
G12,G12__mom_255_0__top50__weekly__long_short,long_short,base,0.0,0.03,G00__mom_255_0__top50__weekly__long_short,delta_vs_same_scenario_G00,annualized_l1_turnover,-1.0095087652985413
G12,G12__mom_255_0__top50__weekly__long_short,long_short,base,5.0,0.0,G00__mom_255_0__top50__weekly__long_short,delta_vs_same_scenario_G00,cagr,0.023916653855290265
G12,G12__mom_255_0__top50__weekly__long_short,long_short,base,5.0,0.0,G00__mom_255_0__top50__weekly__long_short,delta_vs_same_scenario_G00,sharpe_excess_rf,0.14791949541603008
G12,G12__mom_255_0__top50__weekly__long_short,long_short,base,5.0,0.0,G00__mom_255_0__top50__weekly__long_short,delta_vs_same_scenario_G00,max_drawdown,0.12297359221659987
G12,G12__mom_255_0__top50__weekly__long_short,long_short,base,5.0,0.0,G00__mom_255_0__top50__weekly__long_short,delta_vs_same_scenario_G00,annualized_volatility,-0.02664149666418425
G12,G12__mom_255_0__top50__weekly__long_short,long_short,base,5.0,0.0,G00__mom_255_0__top50__weekly__long_short,delta_vs_same_scenario_G00,annualized_l1_turnover,-1.0088627092869338
G12,G12__mom_255_0__top50__weekly__long_short,long_short,base,5.0,0.01,G00__mom_255_0__top50__weekly__long_short,delta_vs_same_scenario_G00,cagr,0.024163266874730284
G12,G12__mom_255_0__top50__weekly__long_short,long_short,base,5.0,0.01,G00__mom_255_0__top50__weekly__long_short,delta_vs_same_scenario_G00,sharpe_excess_rf,0.14405238035059562
G12,G12__mom_255_0__top50__weekly__long_short,long_short,base,5.0,0.01,G00__mom_255_0__top50__weekly__long_short,delta_vs_same_scenario_G00,max_drawdown,0.12306519185080567
G12,G12__mom_255_0__top50__weekly__long_short,long_short,base,5.0,0.01,G00__mom_255_0__top50__weekly__long_short,delta_vs_same_scenario_G00,annualized_volatility,-0.026646397276692352
G12,G12__mom_255_0__top50__weekly__long_short,long_short,base,5.0,0.01,G00__mom_255_0__top50__weekly__long_short,delta_vs_same_scenario_G00,annualized_l1_turnover,-1.0090799152592886
G12,G12__mom_255_0__top50__weekly__long_short,long_short,base,5.0,0.03,G00__mom_255_0__top50__weekly__long_short,delta_vs_same_scenario_G00,cagr,0.024640913351809735
G12,G12__mom_255_0__top50__weekly__long_short,long_short,base,5.0,0.03,G00__mom_255_0__top50__weekly__long_short,delta_vs_same_scenario_G00,sharpe_excess_rf,0.13642778507977205
G12,G12__mom_255_0__top50__weekly__long_short,long_short,base,5.0,0.03,G00__mom_255_0__top50__weekly__long_short,delta_vs_same_scenario_G00,max_drawdown,0.12318010623427811
G12,G12__mom_255_0__top50__weekly__long_short,long_short,base,5.0,0.03,G00__mom_255_0__top50__weekly__long_short,delta_vs_same_scenario_G00,annualized_volatility,-0.026656000698864674
G12,G12__mom_255_0__top50__weekly__long_short,long_short,base,5.0,0.03,G00__mom_255_0__top50__weekly__long_short,delta_vs_same_scenario_G00,annualized_l1_turnover,-1.0095087652985413
G12,G12__mom_255_0__top50__weekly__long_short,long_short,base,10.0,0.0,G00__mom_255_0__top50__weekly__long_short,delta_vs_same_scenario_G00,cagr,0.024249397979857732
G12,G12__mom_255_0__top50__weekly__long_short,long_short,base,10.0,0.0,G00__mom_255_0__top50__weekly__long_short,delta_vs_same_scenario_G00,sharpe_excess_rf,0.14139236665000876
G12,G12__mom_255_0__top50__weekly__long_short,long_short,base,10.0,0.0,G00__mom_255_0__top50__weekly__long_short,delta_vs_same_scenario_G00,max_drawdown,0.12288366405919104
G12,G12__mom_255_0__top50__weekly__long_short,long_short,base,10.0,0.0,G00__mom_255_0__top50__weekly__long_short,delta_vs_same_scenario_G00,annualized_volatility,-0.02668348133586937
G12,G12__mom_255_0__top50__weekly__long_short,long_short,base,10.0,0.0,G00__mom_255_0__top50__weekly__long_short,delta_vs_same_scenario_G00,annualized_l1_turnover,-1.0088627092869338
G12,G12__mom_255_0__top50__weekly__long_short,long_short,base,10.0,0.01,G00__mom_255_0__top50__weekly__long_short,delta_vs_same_scenario_G00,cagr,0.024491780607219
G12,G12__mom_255_0__top50__weekly__long_short,long_short,base,10.0,0.01,G00__mom_255_0__top50__weekly__long_short,delta_vs_same_scenario_G00,sharpe_excess_rf,0.1375150713738063
G12,G12__mom_255_0__top50__weekly__long_short,long_short,base,10.0,0.01,G00__mom_255_0__top50__weekly__long_short,delta_vs_same_scenario_G00,max_drawdown,0.12294278837924993
G12,G12__mom_255_0__top50__weekly__long_short,long_short,base,10.0,0.01,G00__mom_255_0__top50__weekly__long_short,delta_vs_same_scenario_G00,annualized_volatility,-0.026688360122444327
G12,G12__mom_255_0__top50__weekly__long_short,long_short,base,10.0,0.01,G00__mom_255_0__top50__weekly__long_short,delta_vs_same_scenario_G00,annualized_l1_turnover,-1.0090799152592886
G12,G12__mom_255_0__top50__weekly__long_short,long_short,base,10.0,0.03,G00__mom_255_0__top50__weekly__long_short,delta_vs_same_scenario_G00,cagr,0.024961183492518524
G12,G12__mom_255_0__top50__weekly__long_short,long_short,base,10.0,0.03,G00__mom_255_0__top50__weekly__long_short,delta_vs_same_scenario_G00,sharpe_excess_rf,0.12987047305587412
G12,G12__mom_255_0__top50__weekly__long_short,long_short,base,10.0,0.03,G00__mom_255_0__top50__weekly__long_short,delta_vs_same_scenario_G00,max_drawdown,0.12299616018320869
G12,G12__mom_255_0__top50__weekly__long_short,long_short,base,10.0,0.03,G00__mom_255_0__top50__weekly__long_short,delta_vs_same_scenario_G00,annualized_volatility,-0.026697920477219556
G12,G12__mom_255_0__top50__weekly__long_short,long_short,base,10.0,0.03,G00__mom_255_0__top50__weekly__long_short,delta_vs_same_scenario_G00,annualized_l1_turnover,-1.0095087652985377
G12,G12__mom_255_0__top50__weekly__long_short,long_short,base,20.0,0.0,G00__mom_255_0__top50__weekly__long_short,delta_vs_same_scenario_G00,cagr,0.024896081051133077
G12,G12__mom_255_0__top50__weekly__long_short,long_short,base,20.0,0.0,G00__mom_255_0__top50__weekly__long_short,delta_vs_same_scenario_G00,sharpe_excess_rf,0.1282323447071082
G12,G12__mom_255_0__top50__weekly__long_short,long_short,base,20.0,0.0,G00__mom_255_0__top50__weekly__long_short,delta_vs_same_scenario_G00,max_drawdown,0.12256508374472241
G12,G12__mom_255_0__top50__weekly__long_short,long_short,base,20.0,0.0,G00__mom_255_0__top50__weekly__long_short,delta_vs_same_scenario_G00,annualized_volatility,-0.02676559093770936
G12,G12__mom_255_0__top50__weekly__long_short,long_short,base,20.0,0.0,G00__mom_255_0__top50__weekly__long_short,delta_vs_same_scenario_G00,annualized_l1_turnover,-1.0088627092869338
G12,G12__mom_255_0__top50__weekly__long_short,long_short,base,20.0,0.01,G00__mom_255_0__top50__weekly__long_short,delta_vs_same_scenario_G00,cagr,0.025130147761294
G12,G12__mom_255_0__top50__weekly__long_short,long_short,base,20.0,0.01,G00__mom_255_0__top50__weekly__long_short,delta_vs_same_scenario_G00,sharpe_excess_rf,0.12433678644324805
G12,G12__mom_255_0__top50__weekly__long_short,long_short,base,20.0,0.01,G00__mom_255_0__top50__weekly__long_short,delta_vs_same_scenario_G00,max_drawdown,0.12256303935626689
G12,G12__mom_255_0__top50__weekly__long_short,long_short,base,20.0,0.01,G00__mom_255_0__top50__weekly__long_short,delta_vs_same_scenario_G00,annualized_volatility,-0.02677042595063786
G12,G12__mom_255_0__top50__weekly__long_short,long_short,base,20.0,0.01,G00__mom_255_0__top50__weekly__long_short,delta_vs_same_scenario_G00,annualized_l1_turnover,-1.0090799152592886
G12,G12__mom_255_0__top50__weekly__long_short,long_short,base,20.0,0.03,G00__mom_255_0__top50__weekly__long_short,delta_vs_same_scenario_G00,cagr,0.025583346229136817
G12,G12__mom_255_0__top50__weekly__long_short,long_short,base,20.0,0.03,G00__mom_255_0__top50__weekly__long_short,delta_vs_same_scenario_G00,sharpe_excess_rf,0.11665631627772977
G12,G12__mom_255_0__top50__weekly__long_short,long_short,base,20.0,0.03,G00__mom_255_0__top50__weekly__long_short,delta_vs_same_scenario_G00,max_drawdown,0.12250056404094956
G12,G12__mom_255_0__top50__weekly__long_short,long_short,base,20.0,0.03,G00__mom_255_0__top50__weekly__long_short,delta_vs_same_scenario_G00,annualized_volatility,-0.02677989993485666
G12,G12__mom_255_0__top50__weekly__long_short,long_short,base,20.0,0.03,G00__mom_255_0__top50__weekly__long_short,delta_vs_same_scenario_G00,annualized_l1_turnover,-1.0095087652985413
G12,G12__mom_255_21__top10__monthly__long_only,long_only,base,0.0,0.0,G00__mom_255_21__top10__monthly__long_only,delta_vs_same_scenario_G00,cagr,-0.11860010480265523
G12,G12__mom_255_21__top10__monthly__long_only,long_only,base,0.0,0.0,G00__mom_255_21__top10__monthly__long_only,delta_vs_same_scenario_G00,sharpe_excess_rf,-0.23552956986707296
G12,G12__mom_255_21__top10__monthly__long_only,long_only,base,0.0,0.0,G00__mom_255_21__top10__monthly__long_only,delta_vs_same_scenario_G00,max_drawdown,0.11949742989775991
G12,G12__mom_255_21__top10__monthly__long_only,long_only,base,0.0,0.0,G00__mom_255_21__top10__monthly__long_only,delta_vs_same_scenario_G00,annualized_volatility,-0.16821597525335913
G12,G12__mom_255_21__top10__monthly__long_only,long_only,base,0.0,0.0,G00__mom_255_21__top10__monthly__long_only,delta_vs_same_scenario_G00,annualized_l1_turnover,-4.10203836480255
G12,G12__mom_255_21__top10__monthly__long_only,long_only,base,5.0,0.0,G00__mom_255_21__top10__monthly__long_only,delta_vs_same_scenario_G00,cagr,-0.11584087532673987
G12,G12__mom_255_21__top10__monthly__long_only,long_only,base,5.0,0.0,G00__mom_255_21__top10__monthly__long_only,delta_vs_same_scenario_G00,sharpe_excess_rf,-0.23637430432972995
G12,G12__mom_255_21__top10__monthly__long_only,long_only,base,5.0,0.0,G00__mom_255_21__top10__monthly__long_only,delta_vs_same_scenario_G00,max_drawdown,0.12032000050855102
G12,G12__mom_255_21__top10__monthly__long_only,long_only,base,5.0,0.0,G00__mom_255_21__top10__monthly__long_only,delta_vs_same_scenario_G00,annualized_volatility,-0.16821526695167596
G12,G12__mom_255_21__top10__monthly__long_only,long_only,base,5.0,0.0,G00__mom_255_21__top10__monthly__long_only,delta_vs_same_scenario_G00,annualized_l1_turnover,-4.10203836480255
G12,G12__mom_255_21__top10__monthly__long_only,long_only,base,10.0,0.0,G00__mom_255_21__top10__monthly__long_only,delta_vs_same_scenario_G00,cagr,-0.11309807420070034
G12,G12__mom_255_21__top10__monthly__long_only,long_only,base,10.0,0.0,G00__mom_255_21__top10__monthly__long_only,delta_vs_same_scenario_G00,sharpe_excess_rf,-0.2372165937236892
G12,G12__mom_255_21__top10__monthly__long_only,long_only,base,10.0,0.0,G00__mom_255_21__top10__monthly__long_only,delta_vs_same_scenario_G00,max_drawdown,0.12112466176126113
G12,G12__mom_255_21__top10__monthly__long_only,long_only,base,10.0,0.0,G00__mom_255_21__top10__monthly__long_only,delta_vs_same_scenario_G00,annualized_volatility,-0.1682165579381953
G12,G12__mom_255_21__top10__monthly__long_only,long_only,base,10.0,0.0,G00__mom_255_21__top10__monthly__long_only,delta_vs_same_scenario_G00,annualized_l1_turnover,-4.10203836480255
G12,G12__mom_255_21__top10__monthly__long_only,long_only,base,20.0,0.0,G00__mom_255_21__top10__monthly__long_only,delta_vs_same_scenario_G00,cagr,-0.10766147322398775
G12,G12__mom_255_21__top10__monthly__long_only,long_only,base,20.0,0.0,G00__mom_255_21__top10__monthly__long_only,delta_vs_same_scenario_G00,sharpe_excess_rf,-0.23889309360063543
G12,G12__mom_255_21__top10__monthly__long_only,long_only,base,20.0,0.0,G00__mom_255_21__top10__monthly__long_only,delta_vs_same_scenario_G00,max_drawdown,0.12169722463780885
G12,G12__mom_255_21__top10__monthly__long_only,long_only,base,20.0,0.0,G00__mom_255_21__top10__monthly__long_only,delta_vs_same_scenario_G00,annualized_volatility,-0.16822513760364086
G12,G12__mom_255_21__top10__monthly__long_only,long_only,base,20.0,0.0,G00__mom_255_21__top10__monthly__long_only,delta_vs_same_scenario_G00,annualized_l1_turnover,-4.10203836480255
G12,G12__mom_255_21__top10__monthly__long_short,long_short,base,0.0,0.0,G00__mom_255_21__top10__monthly__long_short,delta_vs_same_scenario_G00,cagr,0.0014002597935041591
G12,G12__mom_255_21__top10__monthly__long_short,long_short,base,0.0,0.0,G00__mom_255_21__top10__monthly__long_short,delta_vs_same_scenario_G00,sharpe_excess_rf,0.02635764578352945
G12,G12__mom_255_21__top10__monthly__long_short,long_short,base,0.0,0.0,G00__mom_255_21__top10__monthly__long_short,delta_vs_same_scenario_G00,max_drawdown,0.1285542978430369
G12,G12__mom_255_21__top10__monthly__long_short,long_short,base,0.0,0.0,G00__mom_255_21__top10__monthly__long_short,delta_vs_same_scenario_G00,annualized_volatility,-0.07202571319209547
G12,G12__mom_255_21__top10__monthly__long_short,long_short,base,0.0,0.0,G00__mom_255_21__top10__monthly__long_short,delta_vs_same_scenario_G00,annualized_l1_turnover,-1.7739646971193492
G12,G12__mom_255_21__top10__monthly__long_short,long_short,base,0.0,0.01,G00__mom_255_21__top10__monthly__long_short,delta_vs_same_scenario_G00,cagr,0.002496856238731082
G12,G12__mom_255_21__top10__monthly__long_short,long_short,base,0.0,0.01,G00__mom_255_21__top10__monthly__long_short,delta_vs_same_scenario_G00,sharpe_excess_rf,0.02315417081594881
G12,G12__mom_255_21__top10__monthly__long_short,long_short,base,0.0,0.01,G00__mom_255_21__top10__monthly__long_short,delta_vs_same_scenario_G00,max_drawdown,0.1315680910030248
G12,G12__mom_255_21__top10__monthly__long_short,long_short,base,0.0,0.01,G00__mom_255_21__top10__monthly__long_short,delta_vs_same_scenario_G00,annualized_volatility,-0.07204627344840644
G12,G12__mom_255_21__top10__monthly__long_short,long_short,base,0.0,0.01,G00__mom_255_21__top10__monthly__long_short,delta_vs_same_scenario_G00,annualized_l1_turnover,-1.7747784121382173
G12,G12__mom_255_21__top10__monthly__long_short,long_short,base,0.0,0.03,G00__mom_255_21__top10__monthly__long_short,delta_vs_same_scenario_G00,cagr,0.004631373610100117
G12,G12__mom_255_21__top10__monthly__long_short,long_short,base,0.0,0.03,G00__mom_255_21__top10__monthly__long_short,delta_vs_same_scenario_G00,sharpe_excess_rf,0.016841003816018357
G12,G12__mom_255_21__top10__monthly__long_short,long_short,base,0.0,0.03,G00__mom_255_21__top10__monthly__long_short,delta_vs_same_scenario_G00,max_drawdown,0.13732634621571355
G12,G12__mom_255_21__top10__monthly__long_short,long_short,base,0.0,0.03,G00__mom_255_21__top10__monthly__long_short,delta_vs_same_scenario_G00,annualized_volatility,-0.07208675521808541
G12,G12__mom_255_21__top10__monthly__long_short,long_short,base,0.0,0.03,G00__mom_255_21__top10__monthly__long_short,delta_vs_same_scenario_G00,annualized_l1_turnover,-1.776400337587945
G12,G12__mom_255_21__top10__monthly__long_short,long_short,base,5.0,0.0,G00__mom_255_21__top10__monthly__long_short,delta_vs_same_scenario_G00,cagr,0.0023294229353122073
G12,G12__mom_255_21__top10__monthly__long_short,long_short,base,5.0,0.0,G00__mom_255_21__top10__monthly__long_short,delta_vs_same_scenario_G00,sharpe_excess_rf,0.022757397481010022
G12,G12__mom_255_21__top10__monthly__long_short,long_short,base,5.0,0.0,G00__mom_255_21__top10__monthly__long_short,delta_vs_same_scenario_G00,max_drawdown,0.1313834995213924
G12,G12__mom_255_21__top10__monthly__long_short,long_short,base,5.0,0.0,G00__mom_255_21__top10__monthly__long_short,delta_vs_same_scenario_G00,annualized_volatility,-0.07202783131143103
G12,G12__mom_255_21__top10__monthly__long_short,long_short,base,5.0,0.0,G00__mom_255_21__top10__monthly__long_short,delta_vs_same_scenario_G00,annualized_l1_turnover,-1.7739646971193492
G12,G12__mom_255_21__top10__monthly__long_short,long_short,base,5.0,0.01,G00__mom_255_21__top10__monthly__long_short,delta_vs_same_scenario_G00,cagr,0.003417585682845642
G12,G12__mom_255_21__top10__monthly__long_short,long_short,base,5.0,0.01,G00__mom_255_21__top10__monthly__long_short,delta_vs_same_scenario_G00,sharpe_excess_rf,0.019552779074486215
G12,G12__mom_255_21__top10__monthly__long_short,long_short,base,5.0,0.01,G00__mom_255_21__top10__monthly__long_short,delta_vs_same_scenario_G00,max_drawdown,0.1343348858791351
G12,G12__mom_255_21__top10__monthly__long_short,long_short,base,5.0,0.01,G00__mom_255_21__top10__monthly__long_short,delta_vs_same_scenario_G00,annualized_volatility,-0.07204837377848658
G12,G12__mom_255_21__top10__monthly__long_short,long_short,base,5.0,0.01,G00__mom_255_21__top10__monthly__long_short,delta_vs_same_scenario_G00,annualized_l1_turnover,-1.774778412138219
G12,G12__mom_255_21__top10__monthly__long_short,long_short,base,5.0,0.03,G00__mom_255_21__top10__monthly__long_short,delta_vs_same_scenario_G00,cagr,0.005535638442631496
G12,G12__mom_255_21__top10__monthly__long_short,long_short,base,5.0,0.03,G00__mom_255_21__top10__monthly__long_short,delta_vs_same_scenario_G00,sharpe_excess_rf,0.013237405186432072
G12,G12__mom_255_21__top10__monthly__long_short,long_short,base,5.0,0.03,G00__mom_255_21__top10__monthly__long_short,delta_vs_same_scenario_G00,max_drawdown,0.1393688390822858
G12,G12__mom_255_21__top10__monthly__long_short,long_short,base,5.0,0.03,G00__mom_255_21__top10__monthly__long_short,delta_vs_same_scenario_G00,annualized_volatility,-0.07208882049853266
G12,G12__mom_255_21__top10__monthly__long_short,long_short,base,5.0,0.03,G00__mom_255_21__top10__monthly__long_short,delta_vs_same_scenario_G00,annualized_l1_turnover,-1.776400337587945
G12,G12__mom_255_21__top10__monthly__long_short,long_short,base,10.0,0.0,G00__mom_255_21__top10__monthly__long_short,delta_vs_same_scenario_G00,cagr,0.0032512633896762053
G12,G12__mom_255_21__top10__monthly__long_short,long_short,base,10.0,0.0,G00__mom_255_21__top10__monthly__long_short,delta_vs_same_scenario_G00,sharpe_excess_rf,0.019150101109035728
G12,G12__mom_255_21__top10__monthly__long_short,long_short,base,10.0,0.0,G00__mom_255_21__top10__monthly__long_short,delta_vs_same_scenario_G00,max_drawdown,0.13415095415724942
G12,G12__mom_255_21__top10__monthly__long_short,long_short,base,10.0,0.0,G00__mom_255_21__top10__monthly__long_short,delta_vs_same_scenario_G00,annualized_volatility,-0.07202978319663239
G12,G12__mom_255_21__top10__monthly__long_short,long_short,base,10.0,0.0,G00__mom_255_21__top10__monthly__long_short,delta_vs_same_scenario_G00,annualized_l1_turnover,-1.7739646971193492
G12,G12__mom_255_21__top10__monthly__long_short,long_short,base,10.0,0.01,G00__mom_255_21__top10__monthly__long_short,delta_vs_same_scenario_G00,cagr,0.004331038600706348
G12,G12__mom_255_21__top10__monthly__long_short,long_short,base,10.0,0.01,G00__mom_255_21__top10__monthly__long_short,delta_vs_same_scenario_G00,sharpe_excess_rf,0.015944882205359195
G12,G12__mom_255_21__top10__monthly__long_short,long_short,base,10.0,0.01,G00__mom_255_21__top10__monthly__long_short,delta_vs_same_scenario_G00,max_drawdown,0.13704082388174849
G12,G12__mom_255_21__top10__monthly__long_short,long_short,base,10.0,0.01,G00__mom_255_21__top10__monthly__long_short,delta_vs_same_scenario_G00,annualized_volatility,-0.0720503082473137
G12,G12__mom_255_21__top10__monthly__long_short,long_short,base,10.0,0.01,G00__mom_255_21__top10__monthly__long_short,delta_vs_same_scenario_G00,annualized_l1_turnover,-1.774778412138219
G12,G12__mom_255_21__top10__monthly__long_short,long_short,base,10.0,0.03,G00__mom_255_21__top10__monthly__long_short,delta_vs_same_scenario_G00,cagr,0.006432716954827569
G12,G12__mom_255_21__top10__monthly__long_short,long_short,base,10.0,0.03,G00__mom_255_21__top10__monthly__long_short,delta_vs_same_scenario_G00,sharpe_excess_rf,0.009628371374716449
G12,G12__mom_255_21__top10__monthly__long_short,long_short,base,10.0,0.03,G00__mom_255_21__top10__monthly__long_short,delta_vs_same_scenario_G00,max_drawdown,0.13874025731639167
G12,G12__mom_255_21__top10__monthly__long_short,long_short,base,10.0,0.03,G00__mom_255_21__top10__monthly__long_short,delta_vs_same_scenario_G00,annualized_volatility,-0.07209072067025263
G12,G12__mom_255_21__top10__monthly__long_short,long_short,base,10.0,0.03,G00__mom_255_21__top10__monthly__long_short,delta_vs_same_scenario_G00,annualized_l1_turnover,-1.7764003375879467
G12,G12__mom_255_21__top10__monthly__long_short,long_short,base,20.0,0.0,G00__mom_255_21__top10__monthly__long_short,delta_vs_same_scenario_G00,cagr,0.005073132217906957
G12,G12__mom_255_21__top10__monthly__long_short,long_short,base,20.0,0.0,G00__mom_255_21__top10__monthly__long_short,delta_vs_same_scenario_G00,sharpe_excess_rf,0.011920815273310681
G12,G12__mom_255_21__top10__monthly__long_short,long_short,base,20.0,0.0,G00__mom_255_21__top10__monthly__long_short,delta_vs_same_scenario_G00,max_drawdown,0.1383255905314884
G12,G12__mom_255_21__top10__monthly__long_short,long_short,base,20.0,0.0,G00__mom_255_21__top10__monthly__long_short,delta_vs_same_scenario_G00,annualized_volatility,-0.07203318583841395
G12,G12__mom_255_21__top10__monthly__long_short,long_short,base,20.0,0.0,G00__mom_255_21__top10__monthly__long_short,delta_vs_same_scenario_G00,annualized_l1_turnover,-1.7739646971193492
G12,G12__mom_255_21__top10__monthly__long_short,long_short,base,20.0,0.01,G00__mom_255_21__top10__monthly__long_short,delta_vs_same_scenario_G00,cagr,0.006136270020887194
G12,G12__mom_255_21__top10__monthly__long_short,long_short,base,20.0,0.01,G00__mom_255_21__top10__monthly__long_short,delta_vs_same_scenario_G00,sharpe_excess_rf,0.008716026012696776
G12,G12__mom_255_21__top10__monthly__long_short,long_short,base,20.0,0.01,G00__mom_255_21__top10__monthly__long_short,delta_vs_same_scenario_G00,max_drawdown,0.1384585615848969
G12,G12__mom_255_21__top10__monthly__long_short,long_short,base,20.0,0.01,G00__mom_255_21__top10__monthly__long_short,delta_vs_same_scenario_G00,annualized_volatility,-0.07205367718504196
G12,G12__mom_255_21__top10__monthly__long_short,long_short,base,20.0,0.01,G00__mom_255_21__top10__monthly__long_short,delta_vs_same_scenario_G00,annualized_l1_turnover,-1.7747784121382173
G12,G12__mom_255_21__top10__monthly__long_short,long_short,base,20.0,0.03,G00__mom_255_21__top10__monthly__long_short,delta_vs_same_scenario_G00,cagr,0.008205468581122588
G12,G12__mom_255_21__top10__monthly__long_short,long_short,base,20.0,0.03,G00__mom_255_21__top10__monthly__long_short,delta_vs_same_scenario_G00,sharpe_excess_rf,0.00240045467358814
G12,G12__mom_255_21__top10__monthly__long_short,long_short,base,20.0,0.03,G00__mom_255_21__top10__monthly__long_short,delta_vs_same_scenario_G00,max_drawdown,0.14093568025529019
G12,G12__mom_255_21__top10__monthly__long_short,long_short,base,20.0,0.03,G00__mom_255_21__top10__monthly__long_short,delta_vs_same_scenario_G00,annualized_volatility,-0.07209402329093309
G12,G12__mom_255_21__top10__monthly__long_short,long_short,base,20.0,0.03,G00__mom_255_21__top10__monthly__long_short,delta_vs_same_scenario_G00,annualized_l1_turnover,-1.776400337587945
G12,G12__mom_255_21__top10__weekly__long_only,long_only,base,0.0,0.0,G00__mom_255_21__top10__weekly__long_only,delta_vs_same_scenario_G00,cagr,-0.11187390719116377
G12,G12__mom_255_21__top10__weekly__long_only,long_only,base,0.0,0.0,G00__mom_255_21__top10__weekly__long_only,delta_vs_same_scenario_G00,sharpe_excess_rf,-0.22138760337691948
G12,G12__mom_255_21__top10__weekly__long_only,long_only,base,0.0,0.0,G00__mom_255_21__top10__weekly__long_only,delta_vs_same_scenario_G00,max_drawdown,0.17741392473986206
G12,G12__mom_255_21__top10__weekly__long_only,long_only,base,0.0,0.0,G00__mom_255_21__top10__weekly__long_only,delta_vs_same_scenario_G00,annualized_volatility,-0.17740162147133226
G12,G12__mom_255_21__top10__weekly__long_only,long_only,base,0.0,0.0,G00__mom_255_21__top10__weekly__long_only,delta_vs_same_scenario_G00,annualized_l1_turnover,-9.417831089524586
G12,G12__mom_255_21__top10__weekly__long_only,long_only,base,5.0,0.0,G00__mom_255_21__top10__weekly__long_only,delta_vs_same_scenario_G00,cagr,-0.10570715484536161
G12,G12__mom_255_21__top10__weekly__long_only,long_only,base,5.0,0.0,G00__mom_255_21__top10__weekly__long_only,delta_vs_same_scenario_G00,sharpe_excess_rf,-0.22386284999945283
G12,G12__mom_255_21__top10__weekly__long_only,long_only,base,5.0,0.0,G00__mom_255_21__top10__weekly__long_only,delta_vs_same_scenario_G00,max_drawdown,0.17756904713857136
G12,G12__mom_255_21__top10__weekly__long_only,long_only,base,5.0,0.0,G00__mom_255_21__top10__weekly__long_only,delta_vs_same_scenario_G00,annualized_volatility,-0.17741151353624518
G12,G12__mom_255_21__top10__weekly__long_only,long_only,base,5.0,0.0,G00__mom_255_21__top10__weekly__long_only,delta_vs_same_scenario_G00,annualized_l1_turnover,-9.417831089524586
G12,G12__mom_255_21__top10__weekly__long_only,long_only,base,10.0,0.0,G00__mom_255_21__top10__weekly__long_only,delta_vs_same_scenario_G00,cagr,-0.09962641840494399
G12,G12__mom_255_21__top10__weekly__long_only,long_only,base,10.0,0.0,G00__mom_255_21__top10__weekly__long_only,delta_vs_same_scenario_G00,sharpe_excess_rf,-0.22633239440191305
G12,G12__mom_255_21__top10__weekly__long_only,long_only,base,10.0,0.0,G00__mom_255_21__top10__weekly__long_only,delta_vs_same_scenario_G00,max_drawdown,0.17767034685492966
G12,G12__mom_255_21__top10__weekly__long_only,long_only,base,10.0,0.0,G00__mom_255_21__top10__weekly__long_only,delta_vs_same_scenario_G00,annualized_volatility,-0.17742364413430275
G12,G12__mom_255_21__top10__weekly__long_only,long_only,base,10.0,0.0,G00__mom_255_21__top10__weekly__long_only,delta_vs_same_scenario_G00,annualized_l1_turnover,-9.417831089524586
G12,G12__mom_255_21__top10__weekly__long_only,long_only,base,20.0,0.0,G00__mom_255_21__top10__weekly__long_only,delta_vs_same_scenario_G00,cagr,-0.08771921590875231
G12,G12__mom_255_21__top10__weekly__long_only,long_only,base,20.0,0.0,G00__mom_255_21__top10__weekly__long_only,delta_vs_same_scenario_G00,sharpe_excess_rf,-0.23125219805423386
G12,G12__mom_255_21__top10__weekly__long_only,long_only,base,20.0,0.0,G00__mom_255_21__top10__weekly__long_only,delta_vs_same_scenario_G00,max_drawdown,0.17875758817216392
G12,G12__mom_255_21__top10__weekly__long_only,long_only,base,20.0,0.0,G00__mom_255_21__top10__weekly__long_only,delta_vs_same_scenario_G00,annualized_volatility,-0.17745461988879047
G12,G12__mom_255_21__top10__weekly__long_only,long_only,base,20.0,0.0,G00__mom_255_21__top10__weekly__long_only,delta_vs_same_scenario_G00,annualized_l1_turnover,-9.417831089524586
G12,G12__mom_255_21__top10__weekly__long_short,long_short,base,0.0,0.0,G00__mom_255_21__top10__weekly__long_short,delta_vs_same_scenario_G00,cagr,0.022377955051674378
G12,G12__mom_255_21__top10__weekly__long_short,long_short,base,0.0,0.0,G00__mom_255_21__top10__weekly__long_short,delta_vs_same_scenario_G00,sharpe_excess_rf,0.0976320934512925
G12,G12__mom_255_21__top10__weekly__long_short,long_short,base,0.0,0.0,G00__mom_255_21__top10__weekly__long_short,delta_vs_same_scenario_G00,max_drawdown,0.2054950168753914
G12,G12__mom_255_21__top10__weekly__long_short,long_short,base,0.0,0.0,G00__mom_255_21__top10__weekly__long_short,delta_vs_same_scenario_G00,annualized_volatility,-0.0724052862347408
G12,G12__mom_255_21__top10__weekly__long_short,long_short,base,0.0,0.0,G00__mom_255_21__top10__weekly__long_short,delta_vs_same_scenario_G00,annualized_l1_turnover,-4.309233306577497
G12,G12__mom_255_21__top10__weekly__long_short,long_short,base,0.0,0.01,G00__mom_255_21__top10__weekly__long_short,delta_vs_same_scenario_G00,cagr,0.023361396101922612
G12,G12__mom_255_21__top10__weekly__long_short,long_short,base,0.0,0.01,G00__mom_255_21__top10__weekly__long_short,delta_vs_same_scenario_G00,sharpe_excess_rf,0.09423574185431553
G12,G12__mom_255_21__top10__weekly__long_short,long_short,base,0.0,0.01,G00__mom_255_21__top10__weekly__long_short,delta_vs_same_scenario_G00,max_drawdown,0.2043620009757301
G12,G12__mom_255_21__top10__weekly__long_short,long_short,base,0.0,0.01,G00__mom_255_21__top10__weekly__long_short,delta_vs_same_scenario_G00,annualized_volatility,-0.07241284282633975
G12,G12__mom_255_21__top10__weekly__long_short,long_short,base,0.0,0.01,G00__mom_255_21__top10__weekly__long_short,delta_vs_same_scenario_G00,annualized_l1_turnover,-4.309836915970735
G12,G12__mom_255_21__top10__weekly__long_short,long_short,base,0.0,0.03,G00__mom_255_21__top10__weekly__long_short,delta_vs_same_scenario_G00,cagr,0.02527318144694029
G12,G12__mom_255_21__top10__weekly__long_short,long_short,base,0.0,0.03,G00__mom_255_21__top10__weekly__long_short,delta_vs_same_scenario_G00,sharpe_excess_rf,0.08754119433627691
G12,G12__mom_255_21__top10__weekly__long_short,long_short,base,0.0,0.03,G00__mom_255_21__top10__weekly__long_short,delta_vs_same_scenario_G00,max_drawdown,0.20208131567983934
G12,G12__mom_255_21__top10__weekly__long_short,long_short,base,0.0,0.03,G00__mom_255_21__top10__weekly__long_short,delta_vs_same_scenario_G00,annualized_volatility,-0.0724276668284447
G12,G12__mom_255_21__top10__weekly__long_short,long_short,base,0.0,0.03,G00__mom_255_21__top10__weekly__long_short,delta_vs_same_scenario_G00,annualized_l1_turnover,-4.311026878985249
G12,G12__mom_255_21__top10__weekly__long_short,long_short,base,5.0,0.0,G00__mom_255_21__top10__weekly__long_short,delta_vs_same_scenario_G00,cagr,0.024385034732529197
G12,G12__mom_255_21__top10__weekly__long_short,long_short,base,5.0,0.0,G00__mom_255_21__top10__weekly__long_short,delta_vs_same_scenario_G00,sharpe_excess_rf,0.09019050652159584
G12,G12__mom_255_21__top10__weekly__long_short,long_short,base,5.0,0.0,G00__mom_255_21__top10__weekly__long_short,delta_vs_same_scenario_G00,max_drawdown,0.20300333822551297
G12,G12__mom_255_21__top10__weekly__long_short,long_short,base,5.0,0.0,G00__mom_255_21__top10__weekly__long_short,delta_vs_same_scenario_G00,annualized_volatility,-0.07245690293558335
G12,G12__mom_255_21__top10__weekly__long_short,long_short,base,5.0,0.0,G00__mom_255_21__top10__weekly__long_short,delta_vs_same_scenario_G00,annualized_l1_turnover,-4.309233306577497
G12,G12__mom_255_21__top10__weekly__long_short,long_short,base,5.0,0.01,G00__mom_255_21__top10__weekly__long_short,delta_vs_same_scenario_G00,cagr,0.025349760991325875
G12,G12__mom_255_21__top10__weekly__long_short,long_short,base,5.0,0.01,G00__mom_255_21__top10__weekly__long_short,delta_vs_same_scenario_G00,sharpe_excess_rf,0.08678898011247935
G12,G12__mom_255_21__top10__weekly__long_short,long_short,base,5.0,0.01,G00__mom_255_21__top10__weekly__long_short,delta_vs_same_scenario_G00,max_drawdown,0.20183345396550012
G12,G12__mom_255_21__top10__weekly__long_short,long_short,base,5.0,0.01,G00__mom_255_21__top10__weekly__long_short,delta_vs_same_scenario_G00,annualized_volatility,-0.07246441449923341
G12,G12__mom_255_21__top10__weekly__long_short,long_short,base,5.0,0.01,G00__mom_255_21__top10__weekly__long_short,delta_vs_same_scenario_G00,annualized_l1_turnover,-4.309836915970735
G12,G12__mom_255_21__top10__weekly__long_short,long_short,base,5.0,0.03,G00__mom_255_21__top10__weekly__long_short,delta_vs_same_scenario_G00,cagr,0.027225025626116624
G12,G12__mom_255_21__top10__weekly__long_short,long_short,base,5.0,0.03,G00__mom_255_21__top10__weekly__long_short,delta_vs_same_scenario_G00,sharpe_excess_rf,0.0800843017893249
G12,G12__mom_255_21__top10__weekly__long_short,long_short,base,5.0,0.03,G00__mom_255_21__top10__weekly__long_short,delta_vs_same_scenario_G00,max_drawdown,0.1994854160620253
G12,G12__mom_255_21__top10__weekly__long_short,long_short,base,5.0,0.03,G00__mom_255_21__top10__weekly__long_short,delta_vs_same_scenario_G00,annualized_volatility,-0.07247914985010381
G12,G12__mom_255_21__top10__weekly__long_short,long_short,base,5.0,0.03,G00__mom_255_21__top10__weekly__long_short,delta_vs_same_scenario_G00,annualized_l1_turnover,-4.311026878985249
G12,G12__mom_255_21__top10__weekly__long_short,long_short,base,10.0,0.0,G00__mom_255_21__top10__weekly__long_short,delta_vs_same_scenario_G00,cagr,0.026353542934875185
G12,G12__mom_255_21__top10__weekly__long_short,long_short,base,10.0,0.0,G00__mom_255_21__top10__weekly__long_short,delta_vs_same_scenario_G00,sharpe_excess_rf,0.08272242270172636
G12,G12__mom_255_21__top10__weekly__long_short,long_short,base,10.0,0.0,G00__mom_255_21__top10__weekly__long_short,delta_vs_same_scenario_G00,max_drawdown,0.20042885228745833
G12,G12__mom_255_21__top10__weekly__long_short,long_short,base,10.0,0.0,G00__mom_255_21__top10__weekly__long_short,delta_vs_same_scenario_G00,annualized_volatility,-0.07250871889530847
G12,G12__mom_255_21__top10__weekly__long_short,long_short,base,10.0,0.0,G00__mom_255_21__top10__weekly__long_short,delta_vs_same_scenario_G00,annualized_l1_turnover,-4.309233306577497
G12,G12__mom_255_21__top10__weekly__long_short,long_short,base,10.0,0.01,G00__mom_255_21__top10__weekly__long_short,delta_vs_same_scenario_G00,cagr,0.027299811179857254
G12,G12__mom_255_21__top10__weekly__long_short,long_short,base,10.0,0.01,G00__mom_255_21__top10__weekly__long_short,delta_vs_same_scenario_G00,sharpe_excess_rf,0.07931630574105043
G12,G12__mom_255_21__top10__weekly__long_short,long_short,base,10.0,0.01,G00__mom_255_21__top10__weekly__long_short,delta_vs_same_scenario_G00,max_drawdown,0.19922616142651073
G12,G12__mom_255_21__top10__weekly__long_short,long_short,base,10.0,0.01,G00__mom_255_21__top10__weekly__long_short,delta_vs_same_scenario_G00,annualized_volatility,-0.0725161855135065
G12,G12__mom_255_21__top10__weekly__long_short,long_short,base,10.0,0.01,G00__mom_255_21__top10__weekly__long_short,delta_vs_same_scenario_G00,annualized_l1_turnover,-4.309836915970735
G12,G12__mom_255_21__top10__weekly__long_short,long_short,base,10.0,0.03,G00__mom_255_21__top10__weekly__long_short,delta_vs_same_scenario_G00,cagr,0.029139056809242704
G12,G12__mom_255_21__top10__weekly__long_short,long_short,base,10.0,0.03,G00__mom_255_21__top10__weekly__long_short,delta_vs_same_scenario_G00,sharpe_excess_rf,0.07260264789115077
G12,G12__mom_255_21__top10__weekly__long_short,long_short,base,10.0,0.03,G00__mom_255_21__top10__weekly__long_short,delta_vs_same_scenario_G00,max_drawdown,0.19681845806977694
G12,G12__mom_255_21__top10__weekly__long_short,long_short,base,10.0,0.03,G00__mom_255_21__top10__weekly__long_short,delta_vs_same_scenario_G00,annualized_volatility,-0.07253083237883226
G12,G12__mom_255_21__top10__weekly__long_short,long_short,base,10.0,0.03,G00__mom_255_21__top10__weekly__long_short,delta_vs_same_scenario_G00,annualized_l1_turnover,-4.311026878985249
G12,G12__mom_255_21__top10__weekly__long_short,long_short,base,20.0,0.0,G00__mom_255_21__top10__weekly__long_short,delta_vs_same_scenario_G00,cagr,0.030176947365545617
G12,G12__mom_255_21__top10__weekly__long_short,long_short,base,20.0,0.0,G00__mom_255_21__top10__weekly__long_short,delta_vs_same_scenario_G00,sharpe_excess_rf,0.06772083735132813
G12,G12__mom_255_21__top10__weekly__long_short,long_short,base,20.0,0.0,G00__mom_255_21__top10__weekly__long_short,delta_vs_same_scenario_G00,max_drawdown,0.19506702538883658
G12,G12__mom_255_21__top10__weekly__long_short,long_short,base,20.0,0.0,G00__mom_255_21__top10__weekly__long_short,delta_vs_same_scenario_G00,annualized_volatility,-0.072612926015315
G12,G12__mom_255_21__top10__weekly__long_short,long_short,base,20.0,0.0,G00__mom_255_21__top10__weekly__long_short,delta_vs_same_scenario_G00,annualized_l1_turnover,-4.309233306577497
G12,G12__mom_255_21__top10__weekly__long_short,long_short,base,20.0,0.01,G00__mom_255_21__top10__weekly__long_short,delta_vs_same_scenario_G00,cagr,0.031087057721696364
G12,G12__mom_255_21__top10__weekly__long_short,long_short,base,20.0,0.01,G00__mom_255_21__top10__weekly__long_short,delta_vs_same_scenario_G00,sharpe_excess_rf,0.06430729716992115
G12,G12__mom_255_21__top10__weekly__long_short,long_short,base,20.0,0.01,G00__mom_255_21__top10__weekly__long_short,delta_vs_same_scenario_G00,max_drawdown,0.19380995002795343
G12,G12__mom_255_21__top10__weekly__long_short,long_short,base,20.0,0.01,G00__mom_255_21__top10__weekly__long_short,delta_vs_same_scenario_G00,annualized_volatility,-0.0726203030224557
G12,G12__mom_255_21__top10__weekly__long_short,long_short,base,20.0,0.01,G00__mom_255_21__top10__weekly__long_short,delta_vs_same_scenario_G00,annualized_l1_turnover,-4.309836915970731
G12,G12__mom_255_21__top10__weekly__long_short,long_short,base,20.0,0.03,G00__mom_255_21__top10__weekly__long_short,delta_vs_same_scenario_G00,cagr,0.03285574661448404
G12,G12__mom_255_21__top10__weekly__long_short,long_short,base,20.0,0.03,G00__mom_255_21__top10__weekly__long_short,delta_vs_same_scenario_G00,sharpe_excess_rf,0.05757914402321934
G12,G12__mom_255_21__top10__weekly__long_short,long_short,base,20.0,0.03,G00__mom_255_21__top10__weekly__long_short,delta_vs_same_scenario_G00,max_drawdown,0.19130415485392416
G12,G12__mom_255_21__top10__weekly__long_short,long_short,base,20.0,0.03,G00__mom_255_21__top10__weekly__long_short,delta_vs_same_scenario_G00,annualized_volatility,-0.07263477347743003
G12,G12__mom_255_21__top10__weekly__long_short,long_short,base,20.0,0.03,G00__mom_255_21__top10__weekly__long_short,delta_vs_same_scenario_G00,annualized_l1_turnover,-4.311026878985249
G12,G12__mom_255_21__top20__monthly__long_only,long_only,base,0.0,0.0,G00__mom_255_21__top20__monthly__long_only,delta_vs_same_scenario_G00,cagr,-0.11048004413484147
G12,G12__mom_255_21__top20__monthly__long_only,long_only,base,0.0,0.0,G00__mom_255_21__top20__monthly__long_only,delta_vs_same_scenario_G00,sharpe_excess_rf,-0.24874480513016928
G12,G12__mom_255_21__top20__monthly__long_only,long_only,base,0.0,0.0,G00__mom_255_21__top20__monthly__long_only,delta_vs_same_scenario_G00,max_drawdown,0.044004996467603696
G12,G12__mom_255_21__top20__monthly__long_only,long_only,base,0.0,0.0,G00__mom_255_21__top20__monthly__long_only,delta_vs_same_scenario_G00,annualized_volatility,-0.11199524843024922
G12,G12__mom_255_21__top20__monthly__long_only,long_only,base,0.0,0.0,G00__mom_255_21__top20__monthly__long_only,delta_vs_same_scenario_G00,annualized_l1_turnover,-2.7913687277229124
G12,G12__mom_255_21__top20__monthly__long_only,long_only,base,5.0,0.0,G00__mom_255_21__top20__monthly__long_only,delta_vs_same_scenario_G00,cagr,-0.10850776569969037
G12,G12__mom_255_21__top20__monthly__long_only,long_only,base,5.0,0.0,G00__mom_255_21__top20__monthly__long_only,delta_vs_same_scenario_G00,sharpe_excess_rf,-0.2494916780400987
G12,G12__mom_255_21__top20__monthly__long_only,long_only,base,5.0,0.0,G00__mom_255_21__top20__monthly__long_only,delta_vs_same_scenario_G00,max_drawdown,0.04456668839043787
G12,G12__mom_255_21__top20__monthly__long_only,long_only,base,5.0,0.0,G00__mom_255_21__top20__monthly__long_only,delta_vs_same_scenario_G00,annualized_volatility,-0.11199247238593313
G12,G12__mom_255_21__top20__monthly__long_only,long_only,base,5.0,0.0,G00__mom_255_21__top20__monthly__long_only,delta_vs_same_scenario_G00,annualized_l1_turnover,-2.7913687277229124
G12,G12__mom_255_21__top20__monthly__long_only,long_only,base,10.0,0.0,G00__mom_255_21__top20__monthly__long_only,delta_vs_same_scenario_G00,cagr,-0.10654648540399947
G12,G12__mom_255_21__top20__monthly__long_only,long_only,base,10.0,0.0,G00__mom_255_21__top20__monthly__long_only,delta_vs_same_scenario_G00,sharpe_excess_rf,-0.250235887342448
G12,G12__mom_255_21__top20__monthly__long_only,long_only,base,10.0,0.0,G00__mom_255_21__top20__monthly__long_only,delta_vs_same_scenario_G00,max_drawdown,0.045119399552395634
G12,G12__mom_255_21__top20__monthly__long_only,long_only,base,10.0,0.0,G00__mom_255_21__top20__monthly__long_only,delta_vs_same_scenario_G00,annualized_volatility,-0.11199087180464873
G12,G12__mom_255_21__top20__monthly__long_only,long_only,base,10.0,0.0,G00__mom_255_21__top20__monthly__long_only,delta_vs_same_scenario_G00,annualized_l1_turnover,-2.7913687277229124
G12,G12__mom_255_21__top20__monthly__long_only,long_only,base,20.0,0.0,G00__mom_255_21__top20__monthly__long_only,delta_vs_same_scenario_G00,cagr,-0.10265674067965036
G12,G12__mom_255_21__top20__monthly__long_only,long_only,base,20.0,0.0,G00__mom_255_21__top20__monthly__long_only,delta_vs_same_scenario_G00,sharpe_excess_rf,-0.2517155454813531
G12,G12__mom_255_21__top20__monthly__long_only,long_only,base,20.0,0.0,G00__mom_255_21__top20__monthly__long_only,delta_vs_same_scenario_G00,max_drawdown,0.04662745184261535
G12,G12__mom_255_21__top20__monthly__long_only,long_only,base,20.0,0.0,G00__mom_255_21__top20__monthly__long_only,delta_vs_same_scenario_G00,annualized_volatility,-0.11199119733741231
G12,G12__mom_255_21__top20__monthly__long_only,long_only,base,20.0,0.0,G00__mom_255_21__top20__monthly__long_only,delta_vs_same_scenario_G00,annualized_l1_turnover,-2.7913687277229124
G12,G12__mom_255_21__top20__monthly__long_short,long_short,base,0.0,0.0,G00__mom_255_21__top20__monthly__long_short,delta_vs_same_scenario_G00,cagr,0.014464064152746078
G12,G12__mom_255_21__top20__monthly__long_short,long_short,base,0.0,0.0,G00__mom_255_21__top20__monthly__long_short,delta_vs_same_scenario_G00,sharpe_excess_rf,0.12920732265267376
G12,G12__mom_255_21__top20__monthly__long_short,long_short,base,0.0,0.0,G00__mom_255_21__top20__monthly__long_short,delta_vs_same_scenario_G00,max_drawdown,0.13723098779088932
G12,G12__mom_255_21__top20__monthly__long_short,long_short,base,0.0,0.0,G00__mom_255_21__top20__monthly__long_short,delta_vs_same_scenario_G00,annualized_volatility,-0.046008890946840575
G12,G12__mom_255_21__top20__monthly__long_short,long_short,base,0.0,0.0,G00__mom_255_21__top20__monthly__long_short,delta_vs_same_scenario_G00,annualized_l1_turnover,-0.8479733425189595
G12,G12__mom_255_21__top20__monthly__long_short,long_short,base,0.0,0.01,G00__mom_255_21__top20__monthly__long_short,delta_vs_same_scenario_G00,cagr,0.015049262259772433
G12,G12__mom_255_21__top20__monthly__long_short,long_short,base,0.0,0.01,G00__mom_255_21__top20__monthly__long_short,delta_vs_same_scenario_G00,sharpe_excess_rf,0.12534028080678195
G12,G12__mom_255_21__top20__monthly__long_short,long_short,base,0.0,0.01,G00__mom_255_21__top20__monthly__long_short,delta_vs_same_scenario_G00,max_drawdown,0.13699195230776146
G12,G12__mom_255_21__top20__monthly__long_short,long_short,base,0.0,0.01,G00__mom_255_21__top20__monthly__long_short,delta_vs_same_scenario_G00,annualized_volatility,-0.04602409266338761
G12,G12__mom_255_21__top20__monthly__long_short,long_short,base,0.0,0.01,G00__mom_255_21__top20__monthly__long_short,delta_vs_same_scenario_G00,annualized_l1_turnover,-0.848454534092344
G12,G12__mom_255_21__top20__monthly__long_short,long_short,base,0.0,0.03,G00__mom_255_21__top20__monthly__long_short,delta_vs_same_scenario_G00,cagr,0.01618680187678459
G12,G12__mom_255_21__top20__monthly__long_short,long_short,base,0.0,0.03,G00__mom_255_21__top20__monthly__long_short,delta_vs_same_scenario_G00,sharpe_excess_rf,0.11771661117292248
G12,G12__mom_255_21__top20__monthly__long_short,long_short,base,0.0,0.03,G00__mom_255_21__top20__monthly__long_short,delta_vs_same_scenario_G00,max_drawdown,0.13916548323018085
G12,G12__mom_255_21__top20__monthly__long_short,long_short,base,0.0,0.03,G00__mom_255_21__top20__monthly__long_short,delta_vs_same_scenario_G00,annualized_volatility,-0.04605400794934564
G12,G12__mom_255_21__top20__monthly__long_short,long_short,base,0.0,0.03,G00__mom_255_21__top20__monthly__long_short,delta_vs_same_scenario_G00,annualized_l1_turnover,-0.8494065119006073
G12,G12__mom_255_21__top20__monthly__long_short,long_short,base,5.0,0.0,G00__mom_255_21__top20__monthly__long_short,delta_vs_same_scenario_G00,cagr,0.01486072830622548
G12,G12__mom_255_21__top20__monthly__long_short,long_short,base,5.0,0.0,G00__mom_255_21__top20__monthly__long_short,delta_vs_same_scenario_G00,sharpe_excess_rf,0.12532642622969742
G12,G12__mom_255_21__top20__monthly__long_short,long_short,base,5.0,0.0,G00__mom_255_21__top20__monthly__long_short,delta_vs_same_scenario_G00,max_drawdown,0.136533885169494
G12,G12__mom_255_21__top20__monthly__long_short,long_short,base,5.0,0.0,G00__mom_255_21__top20__monthly__long_short,delta_vs_same_scenario_G00,annualized_volatility,-0.04600792711651616
G12,G12__mom_255_21__top20__monthly__long_short,long_short,base,5.0,0.0,G00__mom_255_21__top20__monthly__long_short,delta_vs_same_scenario_G00,annualized_l1_turnover,-0.8479733425189595
G12,G12__mom_255_21__top20__monthly__long_short,long_short,base,5.0,0.01,G00__mom_255_21__top20__monthly__long_short,delta_vs_same_scenario_G00,cagr,0.015441682923167034
G12,G12__mom_255_21__top20__monthly__long_short,long_short,base,5.0,0.01,G00__mom_255_21__top20__monthly__long_short,delta_vs_same_scenario_G00,sharpe_excess_rf,0.12145910957782718
G12,G12__mom_255_21__top20__monthly__long_short,long_short,base,5.0,0.01,G00__mom_255_21__top20__monthly__long_short,delta_vs_same_scenario_G00,max_drawdown,0.13739155422361343
G12,G12__mom_255_21__top20__monthly__long_short,long_short,base,5.0,0.01,G00__mom_255_21__top20__monthly__long_short,delta_vs_same_scenario_G00,annualized_volatility,-0.04602311212350865
G12,G12__mom_255_21__top20__monthly__long_short,long_short,base,5.0,0.01,G00__mom_255_21__top20__monthly__long_short,delta_vs_same_scenario_G00,annualized_l1_turnover,-0.848454534092344
G12,G12__mom_255_21__top20__monthly__long_short,long_short,base,5.0,0.03,G00__mom_255_21__top20__monthly__long_short,delta_vs_same_scenario_G00,cagr,0.016570941374211
G12,G12__mom_255_21__top20__monthly__long_short,long_short,base,5.0,0.03,G00__mom_255_21__top20__monthly__long_short,delta_vs_same_scenario_G00,sharpe_excess_rf,0.11383492676437929
G12,G12__mom_255_21__top20__monthly__long_short,long_short,base,5.0,0.03,G00__mom_255_21__top20__monthly__long_short,delta_vs_same_scenario_G00,max_drawdown,0.1398031310729007
G12,G12__mom_255_21__top20__monthly__long_short,long_short,base,5.0,0.03,G00__mom_255_21__top20__monthly__long_short,delta_vs_same_scenario_G00,annualized_volatility,-0.04605299453212283
G12,G12__mom_255_21__top20__monthly__long_short,long_short,base,5.0,0.03,G00__mom_255_21__top20__monthly__long_short,delta_vs_same_scenario_G00,annualized_l1_turnover,-0.8494065119006073
G12,G12__mom_255_21__top20__monthly__long_short,long_short,base,10.0,0.0,G00__mom_255_21__top20__monthly__long_short,delta_vs_same_scenario_G00,cagr,0.015254220563934329
G12,G12__mom_255_21__top20__monthly__long_short,long_short,base,10.0,0.0,G00__mom_255_21__top20__monthly__long_short,delta_vs_same_scenario_G00,sharpe_excess_rf,0.12143354950169538
G12,G12__mom_255_21__top20__monthly__long_short,long_short,base,10.0,0.0,G00__mom_255_21__top20__monthly__long_short,delta_vs_same_scenario_G00,max_drawdown,0.13681153665265117
G12,G12__mom_255_21__top20__monthly__long_short,long_short,base,10.0,0.0,G00__mom_255_21__top20__monthly__long_short,delta_vs_same_scenario_G00,annualized_volatility,-0.04600618533165576
G12,G12__mom_255_21__top20__monthly__long_short,long_short,base,10.0,0.0,G00__mom_255_21__top20__monthly__long_short,delta_vs_same_scenario_G00,annualized_l1_turnover,-0.8479733425189595
G12,G12__mom_255_21__top20__monthly__long_short,long_short,base,10.0,0.01,G00__mom_255_21__top20__monthly__long_short,delta_vs_same_scenario_G00,cagr,0.015830953615173796
G12,G12__mom_255_21__top20__monthly__long_short,long_short,base,10.0,0.01,G00__mom_255_21__top20__monthly__long_short,delta_vs_same_scenario_G00,sharpe_excess_rf,0.1175666456318864
G12,G12__mom_255_21__top20__monthly__long_short,long_short,base,10.0,0.01,G00__mom_255_21__top20__monthly__long_short,delta_vs_same_scenario_G00,max_drawdown,0.1380545157706291
G12,G12__mom_255_21__top20__monthly__long_short,long_short,base,10.0,0.01,G00__mom_255_21__top20__monthly__long_short,delta_vs_same_scenario_G00,annualized_volatility,-0.04602135365995841
G12,G12__mom_255_21__top20__monthly__long_short,long_short,base,10.0,0.01,G00__mom_255_21__top20__monthly__long_short,delta_vs_same_scenario_G00,annualized_l1_turnover,-0.848454534092344
G12,G12__mom_255_21__top20__monthly__long_short,long_short,base,10.0,0.03,G00__mom_255_21__top20__monthly__long_short,delta_vs_same_scenario_G00,cagr,0.0169519737486803
G12,G12__mom_255_21__top20__monthly__long_short,long_short,base,10.0,0.03,G00__mom_255_21__top20__monthly__long_short,delta_vs_same_scenario_G00,sharpe_excess_rf,0.10994330497225965
G12,G12__mom_255_21__top20__monthly__long_short,long_short,base,10.0,0.03,G00__mom_255_21__top20__monthly__long_short,delta_vs_same_scenario_G00,max_drawdown,0.14042511807891728
G12,G12__mom_255_21__top20__monthly__long_short,long_short,base,10.0,0.03,G00__mom_255_21__top20__monthly__long_short,delta_vs_same_scenario_G00,annualized_volatility,-0.04605120325457798
G12,G12__mom_255_21__top20__monthly__long_short,long_short,base,10.0,0.03,G00__mom_255_21__top20__monthly__long_short,delta_vs_same_scenario_G00,annualized_l1_turnover,-0.8494065119006073
G12,G12__mom_255_21__top20__monthly__long_short,long_short,base,20.0,0.0,G00__mom_255_21__top20__monthly__long_short,delta_vs_same_scenario_G00,cagr,0.016031754864083425
G12,G12__mom_255_21__top20__monthly__long_short,long_short,base,20.0,0.0,G00__mom_255_21__top20__monthly__long_short,delta_vs_same_scenario_G00,sharpe_excess_rf,0.1136192516731688
G12,G12__mom_255_21__top20__monthly__long_short,long_short,base,20.0,0.0,G00__mom_255_21__top20__monthly__long_short,delta_vs_same_scenario_G00,max_drawdown,0.13813160199669372
G12,G12__mom_255_21__top20__monthly__long_short,long_short,base,20.0,0.0,G00__mom_255_21__top20__monthly__long_short,delta_vs_same_scenario_G00,annualized_volatility,-0.04600037014679076
G12,G12__mom_255_21__top20__monthly__long_short,long_short,base,20.0,0.0,G00__mom_255_21__top20__monthly__long_short,delta_vs_same_scenario_G00,annualized_l1_turnover,-0.8479733425189595
G12,G12__mom_255_21__top20__monthly__long_short,long_short,base,20.0,0.01,G00__mom_255_21__top20__monthly__long_short,delta_vs_same_scenario_G00,cagr,0.01660011018979879
G12,G12__mom_255_21__top20__monthly__long_short,long_short,base,20.0,0.01,G00__mom_255_21__top20__monthly__long_short,delta_vs_same_scenario_G00,sharpe_excess_rf,0.10975523503474396
G12,G12__mom_255_21__top20__monthly__long_short,long_short,base,20.0,0.01,G00__mom_255_21__top20__monthly__long_short,delta_vs_same_scenario_G00,max_drawdown,0.1393328547150181
G12,G12__mom_255_21__top20__monthly__long_short,long_short,base,20.0,0.01,G00__mom_255_21__top20__monthly__long_short,delta_vs_same_scenario_G00,annualized_volatility,-0.04601550522305839
G12,G12__mom_255_21__top20__monthly__long_short,long_short,base,20.0,0.01,G00__mom_255_21__top20__monthly__long_short,delta_vs_same_scenario_G00,annualized_l1_turnover,-0.848454534092344
G12,G12__mom_255_21__top20__monthly__long_short,long_short,base,20.0,0.03,G00__mom_255_21__top20__monthly__long_short,delta_vs_same_scenario_G00,cagr,0.017704781515107078
G12,G12__mom_255_21__top20__monthly__long_short,long_short,base,20.0,0.03,G00__mom_255_21__top20__monthly__long_short,delta_vs_same_scenario_G00,sharpe_excess_rf,0.10213764248983181
G12,G12__mom_255_21__top20__monthly__long_short,long_short,base,20.0,0.03,G00__mom_255_21__top20__monthly__long_short,delta_vs_same_scenario_G00,max_drawdown,0.14162281404465676
G12,G12__mom_255_21__top20__monthly__long_short,long_short,base,20.0,0.03,G00__mom_255_21__top20__monthly__long_short,delta_vs_same_scenario_G00,annualized_volatility,-0.046045289404718914
G12,G12__mom_255_21__top20__monthly__long_short,long_short,base,20.0,0.03,G00__mom_255_21__top20__monthly__long_short,delta_vs_same_scenario_G00,annualized_l1_turnover,-0.8494065119006073
G12,G12__mom_255_21__top20__weekly__long_only,long_only,base,0.0,0.0,G00__mom_255_21__top20__weekly__long_only,delta_vs_same_scenario_G00,cagr,-0.11218144602429359
G12,G12__mom_255_21__top20__weekly__long_only,long_only,base,0.0,0.0,G00__mom_255_21__top20__weekly__long_only,delta_vs_same_scenario_G00,sharpe_excess_rf,-0.21943581249015476
G12,G12__mom_255_21__top20__weekly__long_only,long_only,base,0.0,0.0,G00__mom_255_21__top20__weekly__long_only,delta_vs_same_scenario_G00,max_drawdown,0.09236895016830532
G12,G12__mom_255_21__top20__weekly__long_only,long_only,base,0.0,0.0,G00__mom_255_21__top20__weekly__long_only,delta_vs_same_scenario_G00,annualized_volatility,-0.12494896928137084
G12,G12__mom_255_21__top20__weekly__long_only,long_only,base,0.0,0.0,G00__mom_255_21__top20__weekly__long_only,delta_vs_same_scenario_G00,annualized_l1_turnover,-6.630303531026135
G12,G12__mom_255_21__top20__weekly__long_only,long_only,base,5.0,0.0,G00__mom_255_21__top20__weekly__long_only,delta_vs_same_scenario_G00,cagr,-0.10755668429766221
G12,G12__mom_255_21__top20__weekly__long_only,long_only,base,5.0,0.0,G00__mom_255_21__top20__weekly__long_only,delta_vs_same_scenario_G00,sharpe_excess_rf,-0.22210993221605535
G12,G12__mom_255_21__top20__weekly__long_only,long_only,base,5.0,0.0,G00__mom_255_21__top20__weekly__long_only,delta_vs_same_scenario_G00,max_drawdown,0.0929916140853827
G12,G12__mom_255_21__top20__weekly__long_only,long_only,base,5.0,0.0,G00__mom_255_21__top20__weekly__long_only,delta_vs_same_scenario_G00,annualized_volatility,-0.12494341835558825
G12,G12__mom_255_21__top20__weekly__long_only,long_only,base,5.0,0.0,G00__mom_255_21__top20__weekly__long_only,delta_vs_same_scenario_G00,annualized_l1_turnover,-6.630303531026131
G12,G12__mom_255_21__top20__weekly__long_only,long_only,base,10.0,0.0,G00__mom_255_21__top20__weekly__long_only,delta_vs_same_scenario_G00,cagr,-0.10299202030756668
G12,G12__mom_255_21__top20__weekly__long_only,long_only,base,10.0,0.0,G00__mom_255_21__top20__weekly__long_only,delta_vs_same_scenario_G00,sharpe_excess_rf,-0.22477846296763632
G12,G12__mom_255_21__top20__weekly__long_only,long_only,base,10.0,0.0,G00__mom_255_21__top20__weekly__long_only,delta_vs_same_scenario_G00,max_drawdown,0.093581687550158
G12,G12__mom_255_21__top20__weekly__long_only,long_only,base,10.0,0.0,G00__mom_255_21__top20__weekly__long_only,delta_vs_same_scenario_G00,annualized_volatility,-0.1249391579471125
G12,G12__mom_255_21__top20__weekly__long_only,long_only,base,10.0,0.0,G00__mom_255_21__top20__weekly__long_only,delta_vs_same_scenario_G00,annualized_l1_turnover,-6.630303531026131
G12,G12__mom_255_21__top20__weekly__long_only,long_only,base,20.0,0.0,G00__mom_255_21__top20__weekly__long_only,delta_vs_same_scenario_G00,cagr,-0.09404052441740074
G12,G12__mom_255_21__top20__weekly__long_only,long_only,base,20.0,0.0,G00__mom_255_21__top20__weekly__long_only,delta_vs_same_scenario_G00,sharpe_excess_rf,-0.23009618642381052
G12,G12__mom_255_21__top20__weekly__long_only,long_only,base,20.0,0.0,G00__mom_255_21__top20__weekly__long_only,delta_vs_same_scenario_G00,max_drawdown,0.09466701986573911
G12,G12__mom_255_21__top20__weekly__long_only,long_only,base,20.0,0.0,G00__mom_255_21__top20__weekly__long_only,delta_vs_same_scenario_G00,annualized_volatility,-0.12493451069754255
G12,G12__mom_255_21__top20__weekly__long_only,long_only,base,20.0,0.0,G00__mom_255_21__top20__weekly__long_only,delta_vs_same_scenario_G00,annualized_l1_turnover,-6.630303531026135
G12,G12__mom_255_21__top20__weekly__long_short,long_short,base,0.0,0.0,G00__mom_255_21__top20__weekly__long_short,delta_vs_same_scenario_G00,cagr,0.021666578010374034
G12,G12__mom_255_21__top20__weekly__long_short,long_short,base,0.0,0.0,G00__mom_255_21__top20__weekly__long_short,delta_vs_same_scenario_G00,sharpe_excess_rf,0.16092779098449772
G12,G12__mom_255_21__top20__weekly__long_short,long_short,base,0.0,0.0,G00__mom_255_21__top20__weekly__long_short,delta_vs_same_scenario_G00,max_drawdown,0.16826097425106168
G12,G12__mom_255_21__top20__weekly__long_short,long_short,base,0.0,0.0,G00__mom_255_21__top20__weekly__long_short,delta_vs_same_scenario_G00,annualized_volatility,-0.044961748470575325
G12,G12__mom_255_21__top20__weekly__long_short,long_short,base,0.0,0.0,G00__mom_255_21__top20__weekly__long_short,delta_vs_same_scenario_G00,annualized_l1_turnover,-2.0402757563387794
G12,G12__mom_255_21__top20__weekly__long_short,long_short,base,0.0,0.01,G00__mom_255_21__top20__weekly__long_short,delta_vs_same_scenario_G00,cagr,0.022208378482762713
G12,G12__mom_255_21__top20__weekly__long_short,long_short,base,0.0,0.01,G00__mom_255_21__top20__weekly__long_short,delta_vs_same_scenario_G00,sharpe_excess_rf,0.15709224374112202
G12,G12__mom_255_21__top20__weekly__long_short,long_short,base,0.0,0.01,G00__mom_255_21__top20__weekly__long_short,delta_vs_same_scenario_G00,max_drawdown,0.16924106597296362
G12,G12__mom_255_21__top20__weekly__long_short,long_short,base,0.0,0.01,G00__mom_255_21__top20__weekly__long_short,delta_vs_same_scenario_G00,annualized_volatility,-0.044967928703907256
G12,G12__mom_255_21__top20__weekly__long_short,long_short,base,0.0,0.01,G00__mom_255_21__top20__weekly__long_short,delta_vs_same_scenario_G00,annualized_l1_turnover,-2.0406233228844677
G12,G12__mom_255_21__top20__weekly__long_short,long_short,base,0.0,0.03,G00__mom_255_21__top20__weekly__long_short,delta_vs_same_scenario_G00,cagr,0.023260290442187255
G12,G12__mom_255_21__top20__weekly__long_short,long_short,base,0.0,0.03,G00__mom_255_21__top20__weekly__long_short,delta_vs_same_scenario_G00,sharpe_excess_rf,0.14953085129293855
G12,G12__mom_255_21__top20__weekly__long_short,long_short,base,0.0,0.03,G00__mom_255_21__top20__weekly__long_short,delta_vs_same_scenario_G00,max_drawdown,0.17113314536408264
G12,G12__mom_255_21__top20__weekly__long_short,long_short,base,0.0,0.03,G00__mom_255_21__top20__weekly__long_short,delta_vs_same_scenario_G00,annualized_volatility,-0.04498004084489543
G12,G12__mom_255_21__top20__weekly__long_short,long_short,base,0.0,0.03,G00__mom_255_21__top20__weekly__long_short,delta_vs_same_scenario_G00,annualized_l1_turnover,-2.041317097302855
G12,G12__mom_255_21__top20__weekly__long_short,long_short,base,5.0,0.0,G00__mom_255_21__top20__weekly__long_short,delta_vs_same_scenario_G00,cagr,0.02256148640707712
G12,G12__mom_255_21__top20__weekly__long_short,long_short,base,5.0,0.0,G00__mom_255_21__top20__weekly__long_short,delta_vs_same_scenario_G00,sharpe_excess_rf,0.1532496750678879
G12,G12__mom_255_21__top20__weekly__long_short,long_short,base,5.0,0.0,G00__mom_255_21__top20__weekly__long_short,delta_vs_same_scenario_G00,max_drawdown,0.16987601132557284
G12,G12__mom_255_21__top20__weekly__long_short,long_short,base,5.0,0.0,G00__mom_255_21__top20__weekly__long_short,delta_vs_same_scenario_G00,annualized_volatility,-0.04500701604847665
G12,G12__mom_255_21__top20__weekly__long_short,long_short,base,5.0,0.0,G00__mom_255_21__top20__weekly__long_short,delta_vs_same_scenario_G00,annualized_l1_turnover,-2.0402757563387794
G12,G12__mom_255_21__top20__weekly__long_short,long_short,base,5.0,0.01,G00__mom_255_21__top20__weekly__long_short,delta_vs_same_scenario_G00,cagr,0.023093750702232928
G12,G12__mom_255_21__top20__weekly__long_short,long_short,base,5.0,0.01,G00__mom_255_21__top20__weekly__long_short,delta_vs_same_scenario_G00,sharpe_excess_rf,0.14940754967476977
G12,G12__mom_255_21__top20__weekly__long_short,long_short,base,5.0,0.01,G00__mom_255_21__top20__weekly__long_short,delta_vs_same_scenario_G00,max_drawdown,0.17083051936994964
G12,G12__mom_255_21__top20__weekly__long_short,long_short,base,5.0,0.01,G00__mom_255_21__top20__weekly__long_short,delta_vs_same_scenario_G00,annualized_volatility,-0.04501315651015911
G12,G12__mom_255_21__top20__weekly__long_short,long_short,base,5.0,0.01,G00__mom_255_21__top20__weekly__long_short,delta_vs_same_scenario_G00,annualized_l1_turnover,-2.0406233228844677
G12,G12__mom_255_21__top20__weekly__long_short,long_short,base,5.0,0.03,G00__mom_255_21__top20__weekly__long_short,delta_vs_same_scenario_G00,cagr,0.024127070970001475
G12,G12__mom_255_21__top20__weekly__long_short,long_short,base,5.0,0.03,G00__mom_255_21__top20__weekly__long_short,delta_vs_same_scenario_G00,sharpe_excess_rf,0.1418332858611168
G12,G12__mom_255_21__top20__weekly__long_short,long_short,base,5.0,0.03,G00__mom_255_21__top20__weekly__long_short,delta_vs_same_scenario_G00,max_drawdown,0.17267281101713217
G12,G12__mom_255_21__top20__weekly__long_short,long_short,base,5.0,0.03,G00__mom_255_21__top20__weekly__long_short,delta_vs_same_scenario_G00,annualized_volatility,-0.04502519021353954
G12,G12__mom_255_21__top20__weekly__long_short,long_short,base,5.0,0.03,G00__mom_255_21__top20__weekly__long_short,delta_vs_same_scenario_G00,annualized_l1_turnover,-2.041317097302855
G12,G12__mom_255_21__top20__weekly__long_short,long_short,base,10.0,0.0,G00__mom_255_21__top20__weekly__long_short,delta_vs_same_scenario_G00,cagr,0.023439695623076018
G12,G12__mom_255_21__top20__weekly__long_short,long_short,base,10.0,0.0,G00__mom_255_21__top20__weekly__long_short,delta_vs_same_scenario_G00,sharpe_excess_rf,0.14553834162645646
G12,G12__mom_255_21__top20__weekly__long_short,long_short,base,10.0,0.0,G00__mom_255_21__top20__weekly__long_short,delta_vs_same_scenario_G00,max_drawdown,0.17144251956761414
G12,G12__mom_255_21__top20__weekly__long_short,long_short,base,10.0,0.0,G00__mom_255_21__top20__weekly__long_short,delta_vs_same_scenario_G00,annualized_volatility,-0.04505170717137419
G12,G12__mom_255_21__top20__weekly__long_short,long_short,base,10.0,0.0,G00__mom_255_21__top20__weekly__long_short,delta_vs_same_scenario_G00,annualized_l1_turnover,-2.040275756338776
G12,G12__mom_255_21__top20__weekly__long_short,long_short,base,10.0,0.01,G00__mom_255_21__top20__weekly__long_short,delta_vs_same_scenario_G00,cagr,0.023962544349486907
G12,G12__mom_255_21__top20__weekly__long_short,long_short,base,10.0,0.01,G00__mom_255_21__top20__weekly__long_short,delta_vs_same_scenario_G00,sharpe_excess_rf,0.14169032257621175
G12,G12__mom_255_21__top20__weekly__long_short,long_short,base,10.0,0.01,G00__mom_255_21__top20__weekly__long_short,delta_vs_same_scenario_G00,max_drawdown,0.17237186001944094
G12,G12__mom_255_21__top20__weekly__long_short,long_short,base,10.0,0.01,G00__mom_255_21__top20__weekly__long_short,delta_vs_same_scenario_G00,annualized_volatility,-0.045057807845117565
G12,G12__mom_255_21__top20__weekly__long_short,long_short,base,10.0,0.01,G00__mom_255_21__top20__weekly__long_short,delta_vs_same_scenario_G00,annualized_l1_turnover,-2.0406233228844677
G12,G12__mom_255_21__top20__weekly__long_short,long_short,base,10.0,0.03,G00__mom_255_21__top20__weekly__long_short,delta_vs_same_scenario_G00,cagr,0.024977508368124363
G12,G12__mom_255_21__top20__weekly__long_short,long_short,base,10.0,0.03,G00__mom_255_21__top20__weekly__long_short,delta_vs_same_scenario_G00,sharpe_excess_rf,0.13410453642269496
G12,G12__mom_255_21__top20__weekly__long_short,long_short,base,10.0,0.03,G00__mom_255_21__top20__weekly__long_short,delta_vs_same_scenario_G00,max_drawdown,0.1711739394308205
G12,G12__mom_255_21__top20__weekly__long_short,long_short,base,10.0,0.03,G00__mom_255_21__top20__weekly__long_short,delta_vs_same_scenario_G00,annualized_volatility,-0.04506976308901883
G12,G12__mom_255_21__top20__weekly__long_short,long_short,base,10.0,0.03,G00__mom_255_21__top20__weekly__long_short,delta_vs_same_scenario_G00,annualized_l1_turnover,-2.041317097302855
G12,G12__mom_255_21__top20__weekly__long_short,long_short,base,20.0,0.0,G00__mom_255_21__top20__weekly__long_short,delta_vs_same_scenario_G00,cagr,0.02514686877484485
G12,G12__mom_255_21__top20__weekly__long_short,long_short,base,20.0,0.0,G00__mom_255_21__top20__weekly__long_short,delta_vs_same_scenario_G00,sharpe_excess_rf,0.13003083063888937
G12,G12__mom_255_21__top20__weekly__long_short,long_short,base,20.0,0.0,G00__mom_255_21__top20__weekly__long_short,delta_vs_same_scenario_G00,max_drawdown,0.17024752274398092
G12,G12__mom_255_21__top20__weekly__long_short,long_short,base,20.0,0.0,G00__mom_255_21__top20__weekly__long_short,delta_vs_same_scenario_G00,annualized_volatility,-0.04513934025234437
G12,G12__mom_255_21__top20__weekly__long_short,long_short,base,20.0,0.0,G00__mom_255_21__top20__weekly__long_short,delta_vs_same_scenario_G00,annualized_l1_turnover,-2.040275756338776
G12,G12__mom_255_21__top20__weekly__long_short,long_short,base,20.0,0.01,G00__mom_255_21__top20__weekly__long_short,delta_vs_same_scenario_G00,cagr,0.025651242922728294
G12,G12__mom_255_21__top20__weekly__long_short,long_short,base,20.0,0.01,G00__mom_255_21__top20__weekly__long_short,delta_vs_same_scenario_G00,sharpe_excess_rf,0.12617308460621995
G12,G12__mom_255_21__top20__weekly__long_short,long_short,base,20.0,0.01,G00__mom_255_21__top20__weekly__long_short,delta_vs_same_scenario_G00,max_drawdown,0.17075047374237473
G12,G12__mom_255_21__top20__weekly__long_short,long_short,base,20.0,0.01,G00__mom_255_21__top20__weekly__long_short,delta_vs_same_scenario_G00,annualized_volatility,-0.045145361331754924
G12,G12__mom_255_21__top20__weekly__long_short,long_short,base,20.0,0.01,G00__mom_255_21__top20__weekly__long_short,delta_vs_same_scenario_G00,annualized_l1_turnover,-2.0406233228844677
G12,G12__mom_255_21__top20__weekly__long_short,long_short,base,20.0,0.03,G00__mom_255_21__top20__weekly__long_short,delta_vs_same_scenario_G00,cagr,0.02663019048359485
G12,G12__mom_255_21__top20__weekly__long_short,long_short,base,20.0,0.03,G00__mom_255_21__top20__weekly__long_short,delta_vs_same_scenario_G00,sharpe_excess_rf,0.11856831419026352
G12,G12__mom_255_21__top20__weekly__long_short,long_short,base,20.0,0.03,G00__mom_255_21__top20__weekly__long_short,delta_vs_same_scenario_G00,max_drawdown,0.17604548454401525
G12,G12__mom_255_21__top20__weekly__long_short,long_short,base,20.0,0.03,G00__mom_255_21__top20__weekly__long_short,delta_vs_same_scenario_G00,annualized_volatility,-0.0451571596509433
G12,G12__mom_255_21__top20__weekly__long_short,long_short,base,20.0,0.03,G00__mom_255_21__top20__weekly__long_short,delta_vs_same_scenario_G00,annualized_l1_turnover,-2.041317097302855
G12,G12__mom_255_21__top50__monthly__long_only,long_only,base,0.0,0.0,G00__mom_255_21__top50__monthly__long_only,delta_vs_same_scenario_G00,cagr,-0.07079936916469928
G12,G12__mom_255_21__top50__monthly__long_only,long_only,base,0.0,0.0,G00__mom_255_21__top50__monthly__long_only,delta_vs_same_scenario_G00,sharpe_excess_rf,-0.21266534460539943
G12,G12__mom_255_21__top50__monthly__long_only,long_only,base,0.0,0.0,G00__mom_255_21__top50__monthly__long_only,delta_vs_same_scenario_G00,max_drawdown,-5.551115123125783e-17
G12,G12__mom_255_21__top50__monthly__long_only,long_only,base,0.0,0.0,G00__mom_255_21__top50__monthly__long_only,delta_vs_same_scenario_G00,annualized_volatility,-0.055713161927627236
G12,G12__mom_255_21__top50__monthly__long_only,long_only,base,0.0,0.0,G00__mom_255_21__top50__monthly__long_only,delta_vs_same_scenario_G00,annualized_l1_turnover,-1.7534504919208702
G12,G12__mom_255_21__top50__monthly__long_only,long_only,base,5.0,0.0,G00__mom_255_21__top50__monthly__long_only,delta_vs_same_scenario_G00,cagr,-0.06957373102169817
G12,G12__mom_255_21__top50__monthly__long_only,long_only,base,5.0,0.0,G00__mom_255_21__top50__monthly__long_only,delta_vs_same_scenario_G00,sharpe_excess_rf,-0.2127427102758394
G12,G12__mom_255_21__top50__monthly__long_only,long_only,base,5.0,0.0,G00__mom_255_21__top50__monthly__long_only,delta_vs_same_scenario_G00,max_drawdown,5.551115123125783e-17
G12,G12__mom_255_21__top50__monthly__long_only,long_only,base,5.0,0.0,G00__mom_255_21__top50__monthly__long_only,delta_vs_same_scenario_G00,annualized_volatility,-0.05570951168959068
G12,G12__mom_255_21__top50__monthly__long_only,long_only,base,5.0,0.0,G00__mom_255_21__top50__monthly__long_only,delta_vs_same_scenario_G00,annualized_l1_turnover,-1.7534504919208684
G12,G12__mom_255_21__top50__monthly__long_only,long_only,base,10.0,0.0,G00__mom_255_21__top50__monthly__long_only,delta_vs_same_scenario_G00,cagr,-0.06835497450349456
G12,G12__mom_255_21__top50__monthly__long_only,long_only,base,10.0,0.0,G00__mom_255_21__top50__monthly__long_only,delta_vs_same_scenario_G00,sharpe_excess_rf,-0.21281575866339264
G12,G12__mom_255_21__top50__monthly__long_only,long_only,base,10.0,0.0,G00__mom_255_21__top50__monthly__long_only,delta_vs_same_scenario_G00,max_drawdown,-5.551115123125783e-17
G12,G12__mom_255_21__top50__monthly__long_only,long_only,base,10.0,0.0,G00__mom_255_21__top50__monthly__long_only,delta_vs_same_scenario_G00,annualized_volatility,-0.05570679017638999
G12,G12__mom_255_21__top50__monthly__long_only,long_only,base,10.0,0.0,G00__mom_255_21__top50__monthly__long_only,delta_vs_same_scenario_G00,annualized_l1_turnover,-1.7534504919208684
G12,G12__mom_255_21__top50__monthly__long_only,long_only,base,20.0,0.0,G00__mom_255_21__top50__monthly__long_only,delta_vs_same_scenario_G00,cagr,-0.06593799402108913
G12,G12__mom_255_21__top50__monthly__long_only,long_only,base,20.0,0.0,G00__mom_255_21__top50__monthly__long_only,delta_vs_same_scenario_G00,sharpe_excess_rf,-0.21294858871277644
G12,G12__mom_255_21__top50__monthly__long_only,long_only,base,20.0,0.0,G00__mom_255_21__top50__monthly__long_only,delta_vs_same_scenario_G00,max_drawdown,3.3306690738754696e-16
G12,G12__mom_255_21__top50__monthly__long_only,long_only,base,20.0,0.0,G00__mom_255_21__top50__monthly__long_only,delta_vs_same_scenario_G00,annualized_volatility,-0.05570413397933599
G12,G12__mom_255_21__top50__monthly__long_only,long_only,base,20.0,0.0,G00__mom_255_21__top50__monthly__long_only,delta_vs_same_scenario_G00,annualized_l1_turnover,-1.7534504919208702
G12,G12__mom_255_21__top50__monthly__long_short,long_short,base,0.0,0.0,G00__mom_255_21__top50__monthly__long_short,delta_vs_same_scenario_G00,cagr,0.014238264969400179
G12,G12__mom_255_21__top50__monthly__long_short,long_short,base,0.0,0.0,G00__mom_255_21__top50__monthly__long_short,delta_vs_same_scenario_G00,sharpe_excess_rf,0.11525398510880203
G12,G12__mom_255_21__top50__monthly__long_short,long_short,base,0.0,0.0,G00__mom_255_21__top50__monthly__long_short,delta_vs_same_scenario_G00,max_drawdown,0.08465121326216035
G12,G12__mom_255_21__top50__monthly__long_short,long_short,base,0.0,0.0,G00__mom_255_21__top50__monthly__long_short,delta_vs_same_scenario_G00,annualized_volatility,-0.021661113849821778
G12,G12__mom_255_21__top50__monthly__long_short,long_short,base,0.0,0.0,G00__mom_255_21__top50__monthly__long_short,delta_vs_same_scenario_G00,annualized_l1_turnover,-0.3630086948186264
G12,G12__mom_255_21__top50__monthly__long_short,long_short,base,0.0,0.01,G00__mom_255_21__top50__monthly__long_short,delta_vs_same_scenario_G00,cagr,0.014497292323452336
G12,G12__mom_255_21__top50__monthly__long_short,long_short,base,0.0,0.01,G00__mom_255_21__top50__monthly__long_short,delta_vs_same_scenario_G00,sharpe_excess_rf,0.11188267196937407
G12,G12__mom_255_21__top50__monthly__long_short,long_short,base,0.0,0.01,G00__mom_255_21__top50__monthly__long_short,delta_vs_same_scenario_G00,max_drawdown,0.08530958148947587
G12,G12__mom_255_21__top50__monthly__long_short,long_short,base,0.0,0.01,G00__mom_255_21__top50__monthly__long_short,delta_vs_same_scenario_G00,annualized_volatility,-0.021668819656015526
G12,G12__mom_255_21__top50__monthly__long_short,long_short,base,0.0,0.01,G00__mom_255_21__top50__monthly__long_short,delta_vs_same_scenario_G00,annualized_l1_turnover,-0.3633414664986807
G12,G12__mom_255_21__top50__monthly__long_short,long_short,base,0.0,0.03,G00__mom_255_21__top50__monthly__long_short,delta_vs_same_scenario_G00,cagr,0.015000051032454002
G12,G12__mom_255_21__top50__monthly__long_short,long_short,base,0.0,0.03,G00__mom_255_21__top50__monthly__long_short,delta_vs_same_scenario_G00,sharpe_excess_rf,0.10523579768440214
G12,G12__mom_255_21__top50__monthly__long_short,long_short,base,0.0,0.03,G00__mom_255_21__top50__monthly__long_short,delta_vs_same_scenario_G00,max_drawdown,0.08731988969582172
G12,G12__mom_255_21__top50__monthly__long_short,long_short,base,0.0,0.03,G00__mom_255_21__top50__monthly__long_short,delta_vs_same_scenario_G00,annualized_volatility,-0.021683969483253906
G12,G12__mom_255_21__top50__monthly__long_short,long_short,base,0.0,0.03,G00__mom_255_21__top50__monthly__long_short,delta_vs_same_scenario_G00,annualized_l1_turnover,-0.3640064753855272
G12,G12__mom_255_21__top50__monthly__long_short,long_short,base,5.0,0.0,G00__mom_255_21__top50__monthly__long_short,delta_vs_same_scenario_G00,cagr,0.014375704951039875
G12,G12__mom_255_21__top50__monthly__long_short,long_short,base,5.0,0.0,G00__mom_255_21__top50__monthly__long_short,delta_vs_same_scenario_G00,sharpe_excess_rf,0.11225832441315514
G12,G12__mom_255_21__top50__monthly__long_short,long_short,base,5.0,0.0,G00__mom_255_21__top50__monthly__long_short,delta_vs_same_scenario_G00,max_drawdown,0.08468468662927142
G12,G12__mom_255_21__top50__monthly__long_short,long_short,base,5.0,0.0,G00__mom_255_21__top50__monthly__long_short,delta_vs_same_scenario_G00,annualized_volatility,-0.02165727579220461
G12,G12__mom_255_21__top50__monthly__long_short,long_short,base,5.0,0.0,G00__mom_255_21__top50__monthly__long_short,delta_vs_same_scenario_G00,annualized_l1_turnover,-0.3630086948186264
G12,G12__mom_255_21__top50__monthly__long_short,long_short,base,5.0,0.01,G00__mom_255_21__top50__monthly__long_short,delta_vs_same_scenario_G00,cagr,0.014633009498601829
G12,G12__mom_255_21__top50__monthly__long_short,long_short,base,5.0,0.01,G00__mom_255_21__top50__monthly__long_short,delta_vs_same_scenario_G00,sharpe_excess_rf,0.10888764690111227
G12,G12__mom_255_21__top50__monthly__long_short,long_short,base,5.0,0.01,G00__mom_255_21__top50__monthly__long_short,delta_vs_same_scenario_G00,max_drawdown,0.08613064269529075
G12,G12__mom_255_21__top50__monthly__long_short,long_short,base,5.0,0.01,G00__mom_255_21__top50__monthly__long_short,delta_vs_same_scenario_G00,annualized_volatility,-0.021664965094050498
G12,G12__mom_255_21__top50__monthly__long_short,long_short,base,5.0,0.01,G00__mom_255_21__top50__monthly__long_short,delta_vs_same_scenario_G00,annualized_l1_turnover,-0.3633414664986807
G12,G12__mom_255_21__top50__monthly__long_short,long_short,base,5.0,0.03,G00__mom_255_21__top50__monthly__long_short,delta_vs_same_scenario_G00,cagr,0.015132411825218389
G12,G12__mom_255_21__top50__monthly__long_short,long_short,base,5.0,0.03,G00__mom_255_21__top50__monthly__long_short,delta_vs_same_scenario_G00,sharpe_excess_rf,0.102242078055389
G12,G12__mom_255_21__top50__monthly__long_short,long_short,base,5.0,0.03,G00__mom_255_21__top50__monthly__long_short,delta_vs_same_scenario_G00,max_drawdown,0.08745285440177836
G12,G12__mom_255_21__top50__monthly__long_short,long_short,base,5.0,0.03,G00__mom_255_21__top50__monthly__long_short,delta_vs_same_scenario_G00,annualized_volatility,-0.021680082389985783
G12,G12__mom_255_21__top50__monthly__long_short,long_short,base,5.0,0.03,G00__mom_255_21__top50__monthly__long_short,delta_vs_same_scenario_G00,annualized_l1_turnover,-0.3640064753855272
G12,G12__mom_255_21__top50__monthly__long_short,long_short,base,10.0,0.0,G00__mom_255_21__top50__monthly__long_short,delta_vs_same_scenario_G00,cagr,0.014512023067360581
G12,G12__mom_255_21__top50__monthly__long_short,long_short,base,10.0,0.0,G00__mom_255_21__top50__monthly__long_short,delta_vs_same_scenario_G00,sharpe_excess_rf,0.1092536463107984
G12,G12__mom_255_21__top50__monthly__long_short,long_short,base,10.0,0.0,G00__mom_255_21__top50__monthly__long_short,delta_vs_same_scenario_G00,max_drawdown,0.08520885592819472
G12,G12__mom_255_21__top50__monthly__long_short,long_short,base,10.0,0.0,G00__mom_255_21__top50__monthly__long_short,delta_vs_same_scenario_G00,annualized_volatility,-0.021652837056350405
G12,G12__mom_255_21__top50__monthly__long_short,long_short,base,10.0,0.0,G00__mom_255_21__top50__monthly__long_short,delta_vs_same_scenario_G00,annualized_l1_turnover,-0.3630086948186264
G12,G12__mom_255_21__top50__monthly__long_short,long_short,base,10.0,0.01,G00__mom_255_21__top50__monthly__long_short,delta_vs_same_scenario_G00,cagr,0.01476761295678819
G12,G12__mom_255_21__top50__monthly__long_short,long_short,base,10.0,0.01,G00__mom_255_21__top50__monthly__long_short,delta_vs_same_scenario_G00,sharpe_excess_rf,0.10588434127754111
G12,G12__mom_255_21__top50__monthly__long_short,long_short,base,10.0,0.01,G00__mom_255_21__top50__monthly__long_short,delta_vs_same_scenario_G00,max_drawdown,0.08629158468874115
G12,G12__mom_255_21__top50__monthly__long_short,long_short,base,10.0,0.01,G00__mom_255_21__top50__monthly__long_short,delta_vs_same_scenario_G00,annualized_volatility,-0.02166051000549088
G12,G12__mom_255_21__top50__monthly__long_short,long_short,base,10.0,0.01,G00__mom_255_21__top50__monthly__long_short,delta_vs_same_scenario_G00,annualized_l1_turnover,-0.3633414664986807
G12,G12__mom_255_21__top50__monthly__long_short,long_short,base,10.0,0.03,G00__mom_255_21__top50__monthly__long_short,delta_vs_same_scenario_G00,cagr,0.015263674792467569
G12,G12__mom_255_21__top50__monthly__long_short,long_short,base,10.0,0.03,G00__mom_255_21__top50__monthly__long_short,delta_vs_same_scenario_G00,sharpe_excess_rf,0.09924153010684711
G12,G12__mom_255_21__top50__monthly__long_short,long_short,base,10.0,0.03,G00__mom_255_21__top50__monthly__long_short,delta_vs_same_scenario_G00,max_drawdown,0.08757366241777276
G12,G12__mom_255_21__top50__monthly__long_short,long_short,base,10.0,0.03,G00__mom_255_21__top50__monthly__long_short,delta_vs_same_scenario_G00,annualized_volatility,-0.021675595076488863
G12,G12__mom_255_21__top50__monthly__long_short,long_short,base,10.0,0.03,G00__mom_255_21__top50__monthly__long_short,delta_vs_same_scenario_G00,annualized_l1_turnover,-0.3640064753855272
G12,G12__mom_255_21__top50__monthly__long_short,long_short,base,20.0,0.0,G00__mom_255_21__top50__monthly__long_short,delta_vs_same_scenario_G00,cagr,0.01478131570203984
G12,G12__mom_255_21__top50__monthly__long_short,long_short,base,20.0,0.0,G00__mom_255_21__top50__monthly__long_short,delta_vs_same_scenario_G00,sharpe_excess_rf,0.10322429383125395
G12,G12__mom_255_21__top50__monthly__long_short,long_short,base,20.0,0.0,G00__mom_255_21__top50__monthly__long_short,delta_vs_same_scenario_G00,max_drawdown,0.08591823166853696
G12,G12__mom_255_21__top50__monthly__long_short,long_short,base,20.0,0.0,G00__mom_255_21__top50__monthly__long_short,delta_vs_same_scenario_G00,annualized_volatility,-0.021642161405670296
G12,G12__mom_255_21__top50__monthly__long_short,long_short,base,20.0,0.0,G00__mom_255_21__top50__monthly__long_short,delta_vs_same_scenario_G00,annualized_l1_turnover,-0.3630086948186264
G12,G12__mom_255_21__top50__monthly__long_short,long_short,base,20.0,0.01,G00__mom_255_21__top50__monthly__long_short,delta_vs_same_scenario_G00,cagr,0.01503350059511837
G12,G12__mom_255_21__top50__monthly__long_short,long_short,base,20.0,0.01,G00__mom_255_21__top50__monthly__long_short,delta_vs_same_scenario_G00,sharpe_excess_rf,0.09985994093104253
G12,G12__mom_255_21__top50__monthly__long_short,long_short,base,20.0,0.01,G00__mom_255_21__top50__monthly__long_short,delta_vs_same_scenario_G00,max_drawdown,0.08657590923902397
G12,G12__mom_255_21__top50__monthly__long_short,long_short,base,20.0,0.01,G00__mom_255_21__top50__monthly__long_short,delta_vs_same_scenario_G00,annualized_volatility,-0.021649802119416084
G12,G12__mom_255_21__top50__monthly__long_short,long_short,base,20.0,0.01,G00__mom_255_21__top50__monthly__long_short,delta_vs_same_scenario_G00,annualized_l1_turnover,-0.3633414664986807
G12,G12__mom_255_21__top50__monthly__long_short,long_short,base,20.0,0.03,G00__mom_255_21__top50__monthly__long_short,delta_vs_same_scenario_G00,cagr,0.015522928879165713
G12,G12__mom_255_21__top50__monthly__long_short,long_short,base,20.0,0.03,G00__mom_255_21__top50__monthly__long_short,delta_vs_same_scenario_G00,sharpe_excess_rf,0.09322699510098863
G12,G12__mom_255_21__top50__monthly__long_short,long_short,base,20.0,0.03,G00__mom_255_21__top50__monthly__long_short,delta_vs_same_scenario_G00,max_drawdown,0.08777971552333386
G12,G12__mom_255_21__top50__monthly__long_short,long_short,base,20.0,0.03,G00__mom_255_21__top50__monthly__long_short,delta_vs_same_scenario_G00,annualized_volatility,-0.021664823689294926
G12,G12__mom_255_21__top50__monthly__long_short,long_short,base,20.0,0.03,G00__mom_255_21__top50__monthly__long_short,delta_vs_same_scenario_G00,annualized_l1_turnover,-0.3640064753855272
G12,G12__mom_255_21__top50__weekly__long_only,long_only,base,0.0,0.0,G00__mom_255_21__top50__weekly__long_only,delta_vs_same_scenario_G00,cagr,-0.07825151542205105
G12,G12__mom_255_21__top50__weekly__long_only,long_only,base,0.0,0.0,G00__mom_255_21__top50__weekly__long_only,delta_vs_same_scenario_G00,sharpe_excess_rf,-0.2144680866567737
G12,G12__mom_255_21__top50__weekly__long_only,long_only,base,0.0,0.0,G00__mom_255_21__top50__weekly__long_only,delta_vs_same_scenario_G00,max_drawdown,0.05362390733904693
G12,G12__mom_255_21__top50__weekly__long_only,long_only,base,0.0,0.0,G00__mom_255_21__top50__weekly__long_only,delta_vs_same_scenario_G00,annualized_volatility,-0.0709951964210982
G12,G12__mom_255_21__top50__weekly__long_only,long_only,base,0.0,0.0,G00__mom_255_21__top50__weekly__long_only,delta_vs_same_scenario_G00,annualized_l1_turnover,-4.240170165086889
G12,G12__mom_255_21__top50__weekly__long_only,long_only,base,5.0,0.0,G00__mom_255_21__top50__weekly__long_only,delta_vs_same_scenario_G00,cagr,-0.0753028476503256
G12,G12__mom_255_21__top50__weekly__long_only,long_only,base,5.0,0.0,G00__mom_255_21__top50__weekly__long_only,delta_vs_same_scenario_G00,sharpe_excess_rf,-0.21635134189549604
G12,G12__mom_255_21__top50__weekly__long_only,long_only,base,5.0,0.0,G00__mom_255_21__top50__weekly__long_only,delta_vs_same_scenario_G00,max_drawdown,0.0536126239903153
G12,G12__mom_255_21__top50__weekly__long_only,long_only,base,5.0,0.0,G00__mom_255_21__top50__weekly__long_only,delta_vs_same_scenario_G00,annualized_volatility,-0.07099254319615741
G12,G12__mom_255_21__top50__weekly__long_only,long_only,base,5.0,0.0,G00__mom_255_21__top50__weekly__long_only,delta_vs_same_scenario_G00,annualized_l1_turnover,-4.240170165086889
G12,G12__mom_255_21__top50__weekly__long_only,long_only,base,10.0,0.0,G00__mom_255_21__top50__weekly__long_only,delta_vs_same_scenario_G00,cagr,-0.07239187270414454
G12,G12__mom_255_21__top50__weekly__long_only,long_only,base,10.0,0.0,G00__mom_255_21__top50__weekly__long_only,delta_vs_same_scenario_G00,sharpe_excess_rf,-0.21822693824006223
G12,G12__mom_255_21__top50__weekly__long_only,long_only,base,10.0,0.0,G00__mom_255_21__top50__weekly__long_only,delta_vs_same_scenario_G00,max_drawdown,0.047828851918736426
G12,G12__mom_255_21__top50__weekly__long_only,long_only,base,10.0,0.0,G00__mom_255_21__top50__weekly__long_only,delta_vs_same_scenario_G00,annualized_volatility,-0.07099072085441616
G12,G12__mom_255_21__top50__weekly__long_only,long_only,base,10.0,0.0,G00__mom_255_21__top50__weekly__long_only,delta_vs_same_scenario_G00,annualized_l1_turnover,-4.240170165086889
G12,G12__mom_255_21__top50__weekly__long_only,long_only,base,20.0,0.0,G00__mom_255_21__top50__weekly__long_only,delta_vs_same_scenario_G00,cagr,-0.06668148646242097
G12,G12__mom_255_21__top50__weekly__long_only,long_only,base,20.0,0.0,G00__mom_255_21__top50__weekly__long_only,delta_vs_same_scenario_G00,sharpe_excess_rf,-0.22195309137397168
G12,G12__mom_255_21__top50__weekly__long_only,long_only,base,20.0,0.0,G00__mom_255_21__top50__weekly__long_only,delta_vs_same_scenario_G00,max_drawdown,0.04460921045385208
G12,G12__mom_255_21__top50__weekly__long_only,long_only,base,20.0,0.0,G00__mom_255_21__top50__weekly__long_only,delta_vs_same_scenario_G00,annualized_volatility,-0.07098957060731195
G12,G12__mom_255_21__top50__weekly__long_only,long_only,base,20.0,0.0,G00__mom_255_21__top50__weekly__long_only,delta_vs_same_scenario_G00,annualized_l1_turnover,-4.240170165086889
G12,G12__mom_255_21__top50__weekly__long_short,long_short,base,0.0,0.0,G00__mom_255_21__top50__weekly__long_short,delta_vs_same_scenario_G00,cagr,0.015320189471188808
G12,G12__mom_255_21__top50__weekly__long_short,long_short,base,0.0,0.0,G00__mom_255_21__top50__weekly__long_short,delta_vs_same_scenario_G00,sharpe_excess_rf,0.1238382338149169
G12,G12__mom_255_21__top50__weekly__long_short,long_short,base,0.0,0.0,G00__mom_255_21__top50__weekly__long_short,delta_vs_same_scenario_G00,max_drawdown,0.08844324072717791
G12,G12__mom_255_21__top50__weekly__long_short,long_short,base,0.0,0.0,G00__mom_255_21__top50__weekly__long_short,delta_vs_same_scenario_G00,annualized_volatility,-0.02030876030897788
G12,G12__mom_255_21__top50__weekly__long_short,long_short,base,0.0,0.0,G00__mom_255_21__top50__weekly__long_short,delta_vs_same_scenario_G00,annualized_l1_turnover,-0.839907145745137
G12,G12__mom_255_21__top50__weekly__long_short,long_short,base,0.0,0.01,G00__mom_255_21__top50__weekly__long_short,delta_vs_same_scenario_G00,cagr,0.015544246623473944
G12,G12__mom_255_21__top50__weekly__long_short,long_short,base,0.0,0.01,G00__mom_255_21__top50__weekly__long_short,delta_vs_same_scenario_G00,sharpe_excess_rf,0.12055533704798668
G12,G12__mom_255_21__top50__weekly__long_short,long_short,base,0.0,0.01,G00__mom_255_21__top50__weekly__long_short,delta_vs_same_scenario_G00,max_drawdown,0.08921841943532227
G12,G12__mom_255_21__top50__weekly__long_short,long_short,base,0.0,0.01,G00__mom_255_21__top50__weekly__long_short,delta_vs_same_scenario_G00,annualized_volatility,-0.02031240930323805
G12,G12__mom_255_21__top50__weekly__long_short,long_short,base,0.0,0.01,G00__mom_255_21__top50__weekly__long_short,delta_vs_same_scenario_G00,annualized_l1_turnover,-0.8400772335060527
G12,G12__mom_255_21__top50__weekly__long_short,long_short,base,0.0,0.03,G00__mom_255_21__top50__weekly__long_short,delta_vs_same_scenario_G00,cagr,0.015978586502682315
G12,G12__mom_255_21__top50__weekly__long_short,long_short,base,0.0,0.03,G00__mom_255_21__top50__weekly__long_short,delta_vs_same_scenario_G00,sharpe_excess_rf,0.1140828294664039
G12,G12__mom_255_21__top50__weekly__long_short,long_short,base,0.0,0.03,G00__mom_255_21__top50__weekly__long_short,delta_vs_same_scenario_G00,max_drawdown,0.08923354642650966
G12,G12__mom_255_21__top50__weekly__long_short,long_short,base,0.0,0.03,G00__mom_255_21__top50__weekly__long_short,delta_vs_same_scenario_G00,annualized_volatility,-0.020319554902886117
G12,G12__mom_255_21__top50__weekly__long_short,long_short,base,0.0,0.03,G00__mom_255_21__top50__weekly__long_short,delta_vs_same_scenario_G00,annualized_l1_turnover,-0.8404151203056767
G12,G12__mom_255_21__top50__weekly__long_short,long_short,base,5.0,0.0,G00__mom_255_21__top50__weekly__long_short,delta_vs_same_scenario_G00,cagr,0.01563899836936969
G12,G12__mom_255_21__top50__weekly__long_short,long_short,base,5.0,0.0,G00__mom_255_21__top50__weekly__long_short,delta_vs_same_scenario_G00,sharpe_excess_rf,0.11819070883623042
G12,G12__mom_255_21__top50__weekly__long_short,long_short,base,5.0,0.0,G00__mom_255_21__top50__weekly__long_short,delta_vs_same_scenario_G00,max_drawdown,0.08942852740033097
G12,G12__mom_255_21__top50__weekly__long_short,long_short,base,5.0,0.0,G00__mom_255_21__top50__weekly__long_short,delta_vs_same_scenario_G00,annualized_volatility,-0.02034521867117145
G12,G12__mom_255_21__top50__weekly__long_short,long_short,base,5.0,0.0,G00__mom_255_21__top50__weekly__long_short,delta_vs_same_scenario_G00,annualized_l1_turnover,-0.839907145745137
G12,G12__mom_255_21__top50__weekly__long_short,long_short,base,5.0,0.01,G00__mom_255_21__top50__weekly__long_short,delta_vs_same_scenario_G00,cagr,0.0158592649430536
G12,G12__mom_255_21__top50__weekly__long_short,long_short,base,5.0,0.01,G00__mom_255_21__top50__weekly__long_short,delta_vs_same_scenario_G00,sharpe_excess_rf,0.11489892705351763
G12,G12__mom_255_21__top50__weekly__long_short,long_short,base,5.0,0.01,G00__mom_255_21__top50__weekly__long_short,delta_vs_same_scenario_G00,max_drawdown,0.08953323357874288
G12,G12__mom_255_21__top50__weekly__long_short,long_short,base,5.0,0.01,G00__mom_255_21__top50__weekly__long_short,delta_vs_same_scenario_G00,annualized_volatility,-0.02034884938568937
G12,G12__mom_255_21__top50__weekly__long_short,long_short,base,5.0,0.01,G00__mom_255_21__top50__weekly__long_short,delta_vs_same_scenario_G00,annualized_l1_turnover,-0.8400772335060527
G12,G12__mom_255_21__top50__weekly__long_short,long_short,base,5.0,0.03,G00__mom_255_21__top50__weekly__long_short,delta_vs_same_scenario_G00,cagr,0.016286218387354025
G12,G12__mom_255_21__top50__weekly__long_short,long_short,base,5.0,0.03,G00__mom_255_21__top50__weekly__long_short,delta_vs_same_scenario_G00,sharpe_excess_rf,0.10840897084047245
G12,G12__mom_255_21__top50__weekly__long_short,long_short,base,5.0,0.03,G00__mom_255_21__top50__weekly__long_short,delta_vs_same_scenario_G00,max_drawdown,0.08953668322880981
G12,G12__mom_255_21__top50__weekly__long_short,long_short,base,5.0,0.03,G00__mom_255_21__top50__weekly__long_short,delta_vs_same_scenario_G00,annualized_volatility,-0.020355959048547062
G12,G12__mom_255_21__top50__weekly__long_short,long_short,base,5.0,0.03,G00__mom_255_21__top50__weekly__long_short,delta_vs_same_scenario_G00,annualized_l1_turnover,-0.8404151203056767
G12,G12__mom_255_21__top50__weekly__long_short,long_short,base,10.0,0.0,G00__mom_255_21__top50__weekly__long_short,delta_vs_same_scenario_G00,cagr,0.015951982877673167
G12,G12__mom_255_21__top50__weekly__long_short,long_short,base,10.0,0.0,G00__mom_255_21__top50__weekly__long_short,delta_vs_same_scenario_G00,sharpe_excess_rf,0.11250791656430448
G12,G12__mom_255_21__top50__weekly__long_short,long_short,base,10.0,0.0,G00__mom_255_21__top50__weekly__long_short,delta_vs_same_scenario_G00,max_drawdown,0.08886113023212422
G12,G12__mom_255_21__top50__weekly__long_short,long_short,base,10.0,0.0,G00__mom_255_21__top50__weekly__long_short,delta_vs_same_scenario_G00,annualized_volatility,-0.02038117204004411
G12,G12__mom_255_21__top50__weekly__long_short,long_short,base,10.0,0.0,G00__mom_255_21__top50__weekly__long_short,delta_vs_same_scenario_G00,annualized_l1_turnover,-0.839907145745137
G12,G12__mom_255_21__top50__weekly__long_short,long_short,base,10.0,0.01,G00__mom_255_21__top50__weekly__long_short,delta_vs_same_scenario_G00,cagr,0.016168503198005543
G12,G12__mom_255_21__top50__weekly__long_short,long_short,base,10.0,0.01,G00__mom_255_21__top50__weekly__long_short,delta_vs_same_scenario_G00,sharpe_excess_rf,0.10920792196991011
G12,G12__mom_255_21__top50__weekly__long_short,long_short,base,10.0,0.01,G00__mom_255_21__top50__weekly__long_short,delta_vs_same_scenario_G00,max_drawdown,0.0891952789595904
G12,G12__mom_255_21__top50__weekly__long_short,long_short,base,10.0,0.01,G00__mom_255_21__top50__weekly__long_short,delta_vs_same_scenario_G00,annualized_volatility,-0.020384784436061953
G12,G12__mom_255_21__top50__weekly__long_short,long_short,base,10.0,0.01,G00__mom_255_21__top50__weekly__long_short,delta_vs_same_scenario_G00,annualized_l1_turnover,-0.8400772335060527
G12,G12__mom_255_21__top50__weekly__long_short,long_short,base,10.0,0.03,G00__mom_255_21__top50__weekly__long_short,delta_vs_same_scenario_G00,cagr,0.016588156709653842
G12,G12__mom_255_21__top50__weekly__long_short,long_short,base,10.0,0.03,G00__mom_255_21__top50__weekly__long_short,delta_vs_same_scenario_G00,sharpe_excess_rf,0.10270184189083609
G12,G12__mom_255_21__top50__weekly__long_short,long_short,base,10.0,0.03,G00__mom_255_21__top50__weekly__long_short,delta_vs_same_scenario_G00,max_drawdown,0.0897858208279223
G12,G12__mom_255_21__top50__weekly__long_short,long_short,base,10.0,0.03,G00__mom_255_21__top50__weekly__long_short,delta_vs_same_scenario_G00,annualized_volatility,-0.020391858088581738
G12,G12__mom_255_21__top50__weekly__long_short,long_short,base,10.0,0.03,G00__mom_255_21__top50__weekly__long_short,delta_vs_same_scenario_G00,annualized_l1_turnover,-0.8404151203056767
G12,G12__mom_255_21__top50__weekly__long_short,long_short,base,20.0,0.0,G00__mom_255_21__top50__weekly__long_short,delta_vs_same_scenario_G00,cagr,0.016560754817288227
G12,G12__mom_255_21__top50__weekly__long_short,long_short,base,20.0,0.0,G00__mom_255_21__top50__weekly__long_short,delta_vs_same_scenario_G00,sharpe_excess_rf,0.1010494706317541
G12,G12__mom_255_21__top50__weekly__long_short,long_short,base,20.0,0.0,G00__mom_255_21__top50__weekly__long_short,delta_vs_same_scenario_G00,max_drawdown,0.08940765441935544
G12,G12__mom_255_21__top50__weekly__long_short,long_short,base,20.0,0.0,G00__mom_255_21__top50__weekly__long_short,delta_vs_same_scenario_G00,annualized_volatility,-0.020451543130900363
G12,G12__mom_255_21__top50__weekly__long_short,long_short,base,20.0,0.0,G00__mom_255_21__top50__weekly__long_short,delta_vs_same_scenario_G00,annualized_l1_turnover,-0.839907145745137
G12,G12__mom_255_21__top50__weekly__long_short,long_short,base,20.0,0.01,G00__mom_255_21__top50__weekly__long_short,delta_vs_same_scenario_G00,cagr,0.016769913832547
G12,G12__mom_255_21__top50__weekly__long_short,long_short,base,20.0,0.01,G00__mom_255_21__top50__weekly__long_short,delta_vs_same_scenario_G00,sharpe_excess_rf,0.0977350801202735
G12,G12__mom_255_21__top50__weekly__long_short,long_short,base,20.0,0.01,G00__mom_255_21__top50__weekly__long_short,delta_vs_same_scenario_G00,max_drawdown,0.08967225359269065
G12,G12__mom_255_21__top50__weekly__long_short,long_short,base,20.0,0.01,G00__mom_255_21__top50__weekly__long_short,delta_vs_same_scenario_G00,annualized_volatility,-0.020455118790742133
G12,G12__mom_255_21__top50__weekly__long_short,long_short,base,20.0,0.01,G00__mom_255_21__top50__weekly__long_short,delta_vs_same_scenario_G00,annualized_l1_turnover,-0.8400772335060527
G12,G12__mom_255_21__top50__weekly__long_short,long_short,base,20.0,0.03,G00__mom_255_21__top50__weekly__long_short,delta_vs_same_scenario_G00,cagr,0.01717522352111175
G12,G12__mom_255_21__top50__weekly__long_short,long_short,base,20.0,0.03,G00__mom_255_21__top50__weekly__long_short,delta_vs_same_scenario_G00,sharpe_excess_rf,0.09120075229454055
G12,G12__mom_255_21__top50__weekly__long_short,long_short,base,20.0,0.03,G00__mom_255_21__top50__weekly__long_short,delta_vs_same_scenario_G00,max_drawdown,0.09013066452342405
G12,G12__mom_255_21__top50__weekly__long_short,long_short,base,20.0,0.03,G00__mom_255_21__top50__weekly__long_short,delta_vs_same_scenario_G00,annualized_volatility,-0.02046212023546712
G12,G12__mom_255_21__top50__weekly__long_short,long_short,base,20.0,0.03,G00__mom_255_21__top50__weekly__long_short,delta_vs_same_scenario_G00,annualized_l1_turnover,-0.8404151203056767
