group_id,strategy_id,portfolio_mode,signal,top_n,frequency,variant_id,cost_bps,borrow_fee_annual,valid_scenario,invalid_reason,is_primary_scenario,collateralized_total_return,signed_skipped_rebalance_count,terminal_last_close_count,observations,total_return,cagr,annualized_volatility,sharpe_zero_rf,sharpe_excess_rf,sortino,max_drawdown,max_drawdown_duration,calmar,average_l1_turnover,annualized_l1_turnover,total_cost,corporate_action_events_applied,valuation_fallback_count,valuation_fallback_sid_count,unfilled_execution_count,skipped_signed_rebalance_count,average_target_risk_allocation,minimum_target_risk_allocation,maximum_target_risk_allocation,below_full_investment_fraction,leveraged_rebalance_fraction,average_actual_risky_weight,average_long_exposure,average_short_exposure,average_gross_exposure,average_net_exposure,total_short_borrow_fee,relative_observations,annualized_excess_return,geometric_excess_return,beta,annualized_alpha_zero_rf,annualized_alpha_excess_rf,tracking_error,information_ratio,base_target_gross_exposure,base_target_net_exposure,high_vol_rebalance_fraction,delta_vs_g00_cagr,delta_vs_g00_sharpe_excess_rf,delta_vs_g00_max_drawdown,delta_vs_g00_annualized_volatility,delta_vs_g00_annualized_l1_turnover
G12,G12__mom_12_1__top10__monthly__long_only,long_only,mom_12_1,10,monthly,base,0.0,0.0,True,,False,True,0,0,2134.0,1.1370988228257777,0.09382629686970256,0.18109923999121644,0.5864225254647057,0.43256904486241626,0.5830064572694835,-0.35414320582788805,1285.0,0.26493885898605013,0.4124557581465193,4.968023808527709,0.0,0.0,0.0,0.0,0.0,0.0,0.5260171635982661,0.2672226020731698,0.9733161718562475,1.0,0.0,0.5274571658347268,0.5274571658347268,0.0,0.5274571658347268,0.5274571658347268,0.0,2134.0,-0.04875318897795569,-0.04570170631306919,0.7072649439250178,-0.003392761305094059,-0.011540625318711351,0.1324120910031996,-0.3681928788268863,1.0,1.0,0.39215686274509803,-0.13408618655708743,-0.2572398112930659,0.09471949137701807,-0.16216136559723207,-3.9403400202987555
G12,G12__mom_12_1__top10__monthly__long_only,long_only,mom_12_1,10,monthly,base,5.0,0.0,True,,True,True,0,0,2134.0,1.0926084592515632,0.0911122534644524,0.18109397335075678,0.5727120586684948,0.4188529585054016,0.5641850953998412,-0.35798350017272496,1288.0,0.2545152316251762,0.4124557581465193,4.968023808527709,0.02261972062378743,0.0,0.0,0.0,0.0,0.0,0.5260171635982661,0.2672226020731698,0.9733161718562475,1.0,0.0,0.5274571658347268,0.5274571658347268,0.0,0.5274571658347268,0.5274571658347268,0.0,2134.0,-0.05123916036317421,-0.0480695475306679,0.7072319259545469,-0.005873616428251134,-0.014022424656250861,0.13241406988026108,-0.3869616001495051,1.0,1.0,0.39215686274509803,-0.1313419287772652,-0.25797375523790533,0.09572903780879116,-0.16216228147855505,-3.9403400202987555
G12,G12__mom_12_1__top10__monthly__long_only,long_only,mom_12_1,10,monthly,base,10.0,0.0,True,,False,True,0,0,2134.0,1.0490335562172466,0.08840427026740438,0.1810919957535933,0.5589906416553602,0.40512872064934136,0.5453766183668266,-0.3618021537498526,1372.0,0.24434423441416675,0.4124557581465193,4.968023808527709,0.04473938886642791,0.0,0.0,0.0,0.0,0.0,0.5260171635982661,0.2672226020731698,0.9733161718562475,1.0,0.0,0.5274571658347268,0.5274571658347268,0.0,0.5274571658347268,0.5274571658347268,0.0,2134.0,-0.053725131748392795,-0.05043210157756902,0.7071989079840768,-0.0083544715514084,-0.016504223993790357,0.13242054691080296,-0.4057159783865072,1.0,1.0,0.39215686274509803,-0.12861364603350522,-0.2587056292630292,0.09671971624857939,-0.16216502259403387,-3.9403400202987537
G12,G12__mom_12_1__top10__monthly__long_only,long_only,mom_12_1,10,monthly,base,20.0,0.0,True,,False,True,0,0,2134.0,0.9645560388231416,0.08300643618395265,0.18109790794094913,0.5315179464464082,0.37765878129604646,0.5078013117176039,-0.3693749991977867,1391.0,0.22472131672210374,0.4124557581465193,4.968023808527709,0.0875214615037014,0.0,0.0,0.0,0.0,0.0,0.5260171635982661,0.2672226020731698,0.9733161718562475,1.0,0.0,0.5274571658347268,0.5274571658347268,0.0,0.5274571658347268,0.5274571658347268,0.0,2134.0,-0.058697074518829724,-0.05514139031032672,0.707132872043136,-0.013316181797722607,-0.02146782266886923,0.13244699233436188,-0.4431740840943312,1.0,1.0,0.39215686274509803,-0.12320473378097735,-0.2601625014382528,0.09864528762756547,-0.16217597991057567,-3.9403400202987555
G12,G12__mom_12_1__top10__monthly__long_short,long_short,mom_12_1,10,monthly,base,0.0,0.0,True,,False,True,0,0,2134.0,0.7537149103774334,0.06858396640636921,0.16029857661186675,0.49418626816025407,0.3204007350122814,0.44233859167419426,-0.31205083807414213,1193.0,0.21978459288763041,0.6417328487074702,7.729663141132527,0.0,4.0,27.0,3.0,0.0,0.0,0.7969023373577576,0.2869551327139419,1.0,0.7352941176470589,0.0,0.0012570542087909397,0.40053341161205863,0.3992763574032677,0.7998097690153262,0.0012570542087909397,0.0,2134.0,-0.07573650728612465,-0.06772413616210003,0.010755368597998801,0.07755076945869861,0.04999735894923849,0.24844703113736982,-0.3048396551144492,1.0,0.0,0.20588235294117646,0.0007659479288409099,0.04067113885364959,0.12507864868155927,-0.07211913609934814,-1.710423190973441
G12,G12__mom_12_1__top10__monthly__long_short,long_short,mom_12_1,10,monthly,base,0.0,0.01,True,,False,True,0,0,2134.0,0.6957200205792182,0.06434884926159157,0.1603281326587213,0.4693508650963265,0.2955917619726617,0.4076453453157598,-0.31779041341248515,1208.0,0.2024883273557662,0.6418650428085028,7.731255417221066,0.0,4.0,27.0,3.0,0.0,0.0,0.7969023373577576,0.2869551327139419,1.0,0.7352941176470589,0.0,0.00125699237101205,0.40060753081538236,0.39935053844437035,0.7999580692597528,0.00125699237101205,0.03451327039100745,2134.0,-0.07970371489069422,-0.07141902361945232,0.01074788034321646,0.07358472218813211,0.0460310496843021,0.24846721153824466,-0.3207816210326248,1.0,0.0,0.20588235294117646,0.00186488661764167,0.037419575316595455,0.12559445091491817,-0.07213991928822908,-1.7112303232426385
G12,G12__mom_12_1__top10__monthly__long_short,long_short,mom_12_1,10,monthly,base,0.0,0.03,True,,False,True,0,0,2134.0,0.5869250731801379,0.056047192452224115,0.16038652271162399,0.4204084068811058,0.24670161001255553,0.3394953337098258,-0.32896761304761224,1310.0,0.1703729796772191,0.6421262622365927,7.73440180156016,0.0,4.0,27.0,3.0,0.0,0.0,0.7969023373577576,0.2869551327139419,1.0,0.7352941176470589,0.0,0.0012568694810265867,0.4007537113560554,0.3994968418750289,0.8002505532310845,0.0012568694810265867,0.09910581924571504,2134.0,-0.08752602015494954,-0.07866172472348329,0.010733127346351248,0.06576470295772678,0.03821051421412535,0.24850707884465015,-0.35220735184636287,1.0,0.0,0.20588235294117646,0.004003968536314517,0.031011733849071826,0.12811399326602568,-0.0721808400875937,-1.7128190281495916
G12,G12__mom_12_1__top10__monthly__long_short,long_short,mom_12_1,10,monthly,base,5.0,0.0,True,,False,True,0,0,2134.0,0.6972375176458052,0.06446128193004674,0.16029057190019633,0.47008322458800406,0.2962837260407191,0.4085169361285327,-0.31826641075734363,1208.0,0.2025387529166377,0.6417328487074702,7.729663141132527,0.033262666094888954,4.0,27.0,3.0,0.0,0.0,0.7969023373577576,0.2869551327139419,1.0,0.7352941176470589,0.0,0.0012570542087909397,0.40053341161205863,0.3992763574032677,0.7998097690153262,0.0012570542087909397,0.0,2134.0,-0.07960395374344406,-0.07132093281292504,0.01080289330686992,0.07367595886416814,0.04612386647641205,0.24843482266472236,-0.3204218832513442,1.0,0.0,0.20588235294117646,0.001672589969466745,0.036872337943924804,0.12506407881076798,-0.07212331234193717,-1.710423190973441
G12,G12__mom_12_1__top10__monthly__long_short,long_short,mom_12_1,10,monthly,base,5.0,0.01,True,,True,True,0,0,2134.0,0.6410992516883516,0.060241659772822365,0.16032013358191316,0.44524642605950077,0.2714733842807855,0.37390269776669,-0.3239554142692225,1221.0,0.18595663822663774,0.6418650428085028,7.731255417221066,0.03271630103342971,4.0,27.0,3.0,0.0,0.0,0.7969023373577576,0.2869551327139419,1.0,0.7352941176470589,0.0,0.00125699237101205,0.40060753081538236,0.39935053844437035,0.7999580692597528,0.00125699237101205,0.033913758493773205,2134.0,-0.08357189615061508,-0.07500230181654748,0.010795469138632642,0.06970916686054249,0.04215681426279414,0.24845499724300404,-0.33636633224517803,1.0,0.0,0.20588235294117646,0.0027631699475028637,0.03362012899624148,0.12636600468801373,-0.07214408255225435,-1.7112303232426385
G12,G12__mom_12_1__top10__monthly__long_short,long_short,mom_12_1,10,monthly,base,5.0,0.03,True,,False,True,0,0,2134.0,0.5357882254351873,0.051970382397876325,0.16037853444212566,0.3963012209193289,0.22258053778276823,0.3059078795996883,-0.3350341016310455,1321.0,0.1551196792949406,0.6421262622365927,7.73440180156016,0.03167408052595303,4.0,27.0,3.0,0.0,0.0,0.7969023373577576,0.2869551327139419,1.0,0.7352941176470589,0.0,0.0012568694810265867,0.4007537113560554,0.3994968418750289,0.8002505532310845,0.0012568694810265867,0.09740307089184883,2134.0,-0.09139565364467662,-0.08221849867349944,0.010780842031635263,0.06188767589320962,0.03433481056177778,0.2484948529499007,-0.36779696866841344,1.0,0.0,0.20588235294117646,0.004885924010563425,0.027211025251467236,0.12881762362645927,-0.07218497758343714,-1.7128190281495916
G12,G12__mom_12_1__top10__monthly__long_short,long_short,mom_12_1,10,monthly,base,10.0,0.0,True,,False,True,0,0,2134.0,0.642559130617357,0.06035299245893455,0.1602911121977014,0.44595399877452013,0.27214979556354146,0.37476078638182025,-0.324428322098274,1221.0,0.1860287414754522,0.6417328487074702,7.729663141132527,0.06542525126484973,4.0,27.0,3.0,0.0,0.0,0.7969023373577576,0.2869551327139419,1.0,0.7352941176470589,0.0,0.0012570542087909397,0.40053341161205863,0.3992763574032677,0.7998097690153262,0.0012570542087909397,0.0,2134.0,-0.08347140020076348,-0.07490517067909667,0.010850418015741003,0.06980114826963768,0.042250374003585625,0.2484281271859397,-0.33599818646255014,1.0,0.0,0.20588235294117646,0.0025720417413237495,0.033065720596928555,0.12584045152406792,-0.07212713091951439,-1.710423190973441
G12,G12__mom_12_1__top10__monthly__long_short,long_short,mom_12_1,10,monthly,base,10.0,0.01,True,,False,True,0,0,2134.0,0.5882187004147832,0.0561488140739681,0.16032068157337656,0.4211171296194085,0.2473394096362864,0.3402270000491218,-0.33006717956094134,1310.0,0.1701132907205673,0.6418650428085028,7.731255417221066,0.06435657266084098,4.0,27.0,3.0,0.0,0.0,0.7969023373577576,0.2869551327139419,1.0,0.7352941176470589,0.0,0.00125699237101205,0.40060753081538236,0.39935053844437035,0.7999580692597528,0.00125699237101205,0.033327786513467156,2134.0,-0.08744007741053615,-0.0785730659112835,0.010843057934048717,0.06583361153295268,0.038282578841286004,0.24844829783878788,-0.351944763442388,1.0,0.0,0.20588235294117646,0.0036543087737683985,0.029813432782496097,0.1271075731978082,-0.07214788839797753,-1.7112303232426385
G12,G12__mom_12_1__top10__monthly__long_short,long_short,mom_12_1,10,monthly,base,10.0,0.03,True,,False,True,0,0,2134.0,0.48628124874599377,0.04790781570207958,0.16037909731021155,0.3721717887181263,0.19844647918290875,0.27239020626541394,-0.3410481842896457,1366.0,0.14047227901788914,0.6421262622365927,7.73440180156016,0.06231783475282337,4.0,27.0,3.0,0.0,0.0,0.7969023373577576,0.2869551327139419,1.0,0.7352941176470589,0.0,0.0012568694810265867,0.4007537113560554,0.3994968418750289,0.8002505532310845,0.0012568694810265867,0.09573859000699618,2134.0,-0.0952652871344038,-0.08576284614154152,0.010828556716919182,0.058010648828692425,0.030459106909430125,0.24848814569560618,-0.38337960496152673,1.0,0.0,0.20588235294117646,0.0057608245122962795,0.023404183363840453,0.12949238496893312,-0.07218875814670764,-1.7128190281495916
G12,G12__mom_12_1__top10__monthly__long_short,long_short,mom_12_1,10,monthly,base,20.0,0.0,True,,False,True,0,0,2134.0,0.5383744404105648,0.05217941819273508,0.16031782610830303,0.39763244727929814,0.22384662153548773,0.3074610232962169,-0.3365929256314828,1321.0,0.15502232584015588,0.6417328487074702,7.729663141132527,0.12659285814270463,4.0,27.0,3.0,0.0,0.0,0.7969023373577576,0.2869551327139419,1.0,0.7352941176470589,0.0,0.0012570542087909397,0.40053341161205863,0.3992763574032677,0.7998097690153262,0.0012570542087909397,0.0,2134.0,-0.0912062931154022,-0.08203612739304629,0.010945467433483286,0.06205152708057686,0.03450338905793288,0.2484312766259194,-0.3671288670014686,1.0,0.0,0.20588235294117646,0.004349528815008684,0.02543588766970023,0.12730361466145512,-0.07213369408412637,-1.710423190973441
G12,G12__mom_12_1__top10__monthly__long_short,long_short,mom_12_1,10,monthly,base,20.0,0.01,True,,False,True,0,0,2134.0,0.4874606242585464,0.04800597431242237,0.16034741704383554,0.37279941158406127,0.19904012108101532,0.2730926463091598,-0.34213275467136106,1366.0,0.14031388008591864,0.6418650428085028,7.731255417221066,0.1245482282851837,4.0,27.0,3.0,0.0,0.0,0.7969023373577576,0.2869551327139419,1.0,0.7352941176470589,0.0,0.00125699237101205,0.40060753081538236,0.39935053844437035,0.7999580692597528,0.00125699237101205,0.03219512925564762,2134.0,-0.09517643993037771,-0.08567720860052723,0.010938235524880973,0.058082500877773634,0.03053410799827029,0.24845144512067058,-0.383078632865876,1.0,0.0,0.20588235294117646,0.0054153064371112725,0.022185141937091313,0.12850283268317952,-0.07215442684606696,-1.7112303232426385
G12,G12__mom_12_1__top10__monthly__long_short,long_short,mom_12_1,10,monthly,base,20.0,0.03,True,,False,True,0,0,2134.0,0.3919530010098047,0.03982523384113312,0.16040587473149462,0.3238616330383417,0.15015485475147972,0.20558074338984522,-0.3529208564374975,1612.0,0.1128446594036479,0.6421262622365927,7.73440180156016,0.12064696848959516,4.0,27.0,3.0,0.0,0.0,0.7969023373577576,0.2869551327139419,1.0,0.7352941176470589,0.0,0.0012568694810265867,0.4007537113560554,0.3994968418750289,0.8002505532310845,0.0012568694810265867,0.09252067297016928,2134.0,-0.10300455411385816,-0.09281441740158498,0.01092398608748713,0.050256594699657986,0.022707699604734812,0.2484912885282019,-0.41451977944155544,1.0,0.0,0.20588235294117646,0.007489612524574724,0.015778951325182616,0.13075731826250514,-0.07219524750100598,-1.7128190281495916
G12,G12__mom_12_1__top10__weekly__long_only,long_only,mom_12_1,10,weekly,base,0.0,0.0,True,,False,True,0,0,2134.0,1.3738339655874152,0.10748082688573435,0.16886560436408674,0.6895245083587773,0.5245342659174506,0.7082152842356855,-0.2916765458161026,544.0,0.36849321080996106,0.11312762127887957,5.931407352226466,0.0,0.0,0.0,0.0,0.0,0.0,0.5228823969127585,0.2656128689121514,0.9573786373529533,1.0,0.0,0.5235973967904985,0.5235973967904985,0.0,0.5235973967904985,0.5235973967904985,0.0,2134.0,-0.03851688982548896,-0.03378894216332582,0.6321031171868522,0.0184901532245328,0.008246776549815342,0.137065286030831,-0.2810112679940353,1.0,1.0,0.44819819819819817,-0.14123058464776966,-0.21652651705352222,0.10487174528848603,-0.17231655109476776,-4.731185080064974
G12,G12__mom_12_1__top10__weekly__long_only,long_only,mom_12_1,10,weekly,base,5.0,0.0,True,,False,True,0,0,2134.0,1.3149535341830099,0.10420091857003233,0.16889431836039995,0.6718711971294425,0.5069073252390429,0.6837915319757188,-0.2920589527543489,836.0,0.3567804293870623,0.11312762127887957,5.931407352226466,0.02863086152148523,0.0,0.0,0.0,0.0,0.0,0.5228823969127585,0.2656128689121514,0.9573786373529533,1.0,0.0,0.5235973967904985,0.5235973967904985,0.0,0.5235973967904985,0.5235973967904985,0.0,2134.0,-0.04147863478818059,-0.036650466811325694,0.6322121689229055,0.015511510274110662,0.005271143016022657,0.13707136821799903,-0.30260611918758085,1.0,1.0,0.44819819819819817,-0.13786986497422227,-0.2184963094473379,0.10486436371833618,-0.17230839866029754,-4.731185080064974
G12,G12__mom_12_1__top10__weekly__long_only,long_only,mom_12_1,10,weekly,base,10.0,0.0,True,,True,True,0,0,2134.0,1.2575226957478676,0.10093009781896445,0.16892617140415592,0.6542117303900058,0.48927729548498655,0.6594091329249114,-0.2924412535603155,854.0,0.3451294801612106,0.11312762127887957,5.931407352226466,0.05648800825641529,0.0,0.0,0.0,0.0,0.0,0.5228823969127585,0.2656128689121514,0.9573786373529533,1.0,0.0,0.5235973967904985,0.5235973967904985,0.0,0.5235973967904985,0.5235973967904985,0.0,2134.0,-0.04444037975087211,-0.039504063100455115,0.6323212206589592,0.012532867323688562,0.0022955094822301506,0.1370813244364866,-0.32418989190217895,1.0,1.0,0.44819819819819817,-0.13453319898778285,-0.22046104126724275,0.10485701716255852,-0.1723019313846785,-4.731185080064974
G12,G12__mom_12_1__top10__weekly__long_only,long_only,mom_12_1,10,weekly,base,20.0,0.0,True,,False,True,0,0,2134.0,1.1468689697276266,0.09441562490091471,0.1689992873592944,0.618878307780842,0.4540119259094447,0.6107726194050277,-0.29320553684477224,866.0,0.3220117393311705,0.11312762127887957,5.931407352226466,0.10996144386803022,0.0,0.0,0.0,0.0,0.0,0.5228823969127585,0.2656128689121514,0.9573786373529533,1.0,0.0,0.5235973967904985,0.5235973967904985,0.0,0.5235973967904985,0.5235973967904985,0.0,2134.0,-0.05036386967625533,-0.045187552707311354,0.6325393241310664,0.006575581422844241,-0.0036557575853550673,0.13711285526337122,-0.3673169053296617,1.0,1.0,0.44819819819819817,-0.12793150320127888,-0.22437404023858176,0.10484242905581587,-0.1722940550741692,-4.731185080064974
G12,G12__mom_12_1__top10__weekly__long_short,long_short,mom_12_1,10,weekly,base,0.0,0.0,True,,False,True,4,0,2134.0,0.6865712841609146,0.06366912531806124,0.15633472526609293,0.4731746925723849,0.294979902828149,0.40689572214105907,-0.33630113928794736,1216.0,0.1893217651681713,0.1778659307009158,9.325709116337427,0.0,3.0,28.0,4.0,7.0,0.0,0.7875833974019385,0.32726625967439,1.0,0.7815315315315315,0.0,0.0006483833389020313,0.39445109739989603,0.393802714060994,0.7882538114608899,0.0006483833389020313,0.0,2134.0,-0.0809802270871719,-0.07201204227456046,-0.023605817336718925,0.07763144814358564,0.049120478888343366,0.2510007182087946,-0.32262946363288336,1.0,0.0,0.21396396396396397,0.019318150078705236,0.11117038791803721,0.22322620959199369,-0.07315846810204515,-2.394601177933657
G12,G12__mom_12_1__top10__weekly__long_short,long_short,mom_12_1,10,weekly,base,0.0,0.01,True,,False,True,4,0,2134.0,0.6315504704787263,0.05951129299892832,0.15634188586754044,0.44810389402557704,0.2699111674440051,0.37191231825087595,-0.33828281050152764,1462.0,0.17592171742542495,0.17787580369197903,9.326226768269986,0.0,3.0,28.0,4.0,7.0,0.0,0.7875833974019385,0.32726625967439,1.0,0.7815315315315315,0.0,0.0006484449902028167,0.39447046615097137,0.3938220211607686,0.78829248731174,0.0006484449902028167,0.0344626760740743,2134.0,-0.08489645479679646,-0.07563950332476317,-0.023612933769657278,0.07371632315273317,0.04520507807300647,0.2510062221973345,-0.33822450317607305,1.0,0.0,0.21396396396396397,0.020345064563712226,0.10778889696819371,0.2275032290829263,-0.07316625894947384,-2.395049525054686
G12,G12__mom_12_1__top10__weekly__long_short,long_short,mom_12_1,10,weekly,base,0.0,0.03,True,,False,True,4,0,2134.0,0.5283049362916006,0.05136377763937139,0.1563560775432169,0.39869737128819416,0.2205089379742481,0.3031920951943128,-0.34217117533991737,1494.0,0.1501113516892413,0.17789556346275653,9.327262795089458,0.0,3.0,28.0,4.0,7.0,0.0,0.7875833974019385,0.32726625967439,1.0,0.7815315315315315,0.0,0.0006485665433169033,0.3945086443387186,0.39386007779540166,0.7883687221341201,0.0006485665433169033,0.09900090512316269,2134.0,-0.09261510555193003,-0.08274772519478615,-0.023626959714404462,0.06599984577191553,0.037488057055808606,0.25101711939011556,-0.36895931949562877,1.0,0.0,0.21396396396396397,0.022341631604924788,0.1011234993060122,0.2356918076824447,-0.0731815432259312,-2.3959418463754734
G12,G12__mom_12_1__top10__weekly__long_short,long_short,mom_12_1,10,weekly,base,5.0,0.0,True,,False,True,4,0,2134.0,0.621264095969055,0.05872027927918011,0.15633423033006844,0.4433418078738504,0.26513939797413455,0.365149303083194,-0.3391159178572658,1462.0,0.1731569536759272,0.1778659307009158,9.325709116337427,0.04070476101224672,3.0,28.0,4.0,7.0,0.0,0.7875833974019385,0.32726625967439,1.0,0.7815315315315315,0.0,0.0006483833389020313,0.39445109739989603,0.393802714060994,0.7882538114608899,0.0006483833389020313,0.0,2134.0,-0.08564436234624419,-0.07632961568099413,-0.02346870948429561,0.07294606749318024,0.04443889002924923,0.25098029507926256,-0.34123938821251554,1.0,0.0,0.21396396396396397,0.02047241978508721,0.10684805255697494,0.22806405694723753,-0.07322095678816956,-2.3946011779336622
G12,G12__mom_12_1__top10__weekly__long_short,long_short,mom_12_1,10,weekly,base,5.0,0.01,True,,False,True,4,0,2134.0,0.5683703525743804,0.05458151875230732,0.15634142499972634,0.4182710468437513,0.2400707760136667,0.3302668613753555,-0.3410892893448818,1479.0,0.16002120399951617,0.17787580369197903,9.326226768269986,0.0400409738432084,3.0,28.0,4.0,7.0,0.0,0.7875833974019385,0.32726625967439,1.0,0.7815315315315315,0.0,0.0006484449902028167,0.39447046615097137,0.3938220211607686,0.78829248731174,0.0006484449902028167,0.03374772824467824,2134.0,-0.0895607711536643,-0.0799404377284032,-0.02347586414540867,0.06903076732813558,0.04052331297323818,0.25098582633144934,-0.3568359714280888,1.0,0.0,0.21396396396396397,0.021488605858303325,0.1034607512832037,0.23224146673282198,-0.07322872606400208,-2.395049525054686
G12,G12__mom_12_1__top10__weekly__long_short,long_short,mom_12_1,10,weekly,base,5.0,0.03,True,,False,True,4,0,2134.0,0.4691164498263718,0.046471370564551195,0.15635568367622932,0.36886459496751584,0.1906687668308421,0.26174486837691036,-0.3467478831164894,1497.0,0.13402063235938835,0.17789556346275653,9.327262795089458,0.038774900493122585,3.0,28.0,4.0,7.0,0.0,0.7875833974019385,0.32726625967439,1.0,0.7815315315315315,0.0,0.0006485665433169033,0.3945086443387186,0.39386007779540166,0.7883687221341201,0.0006485665433169033,0.09696908925236825,2134.0,-0.0972797867232423,-0.08701605896668685,-0.023489965278089702,0.06131393678353427,0.03280593669509716,0.25099677715151003,-0.38757384786865606,1.0,0.0,0.21396396396396397,0.023464240464526297,0.09678394823847071,0.23845157917614723,-0.07324396756300608,-2.3959418463754716
G12,G12__mom_12_1__top10__weekly__long_short,long_short,mom_12_1,10,weekly,base,10.0,0.0,True,,False,True,4,0,2134.0,0.558469338554014,0.0537931499932498,0.1563411306694692,0.41348917441756233,0.23528759020540965,0.32352333234098635,-0.3419193332220877,1479.0,0.15732702063474546,0.1778659307009158,9.325709116337427,0.07978950232410942,3.0,28.0,4.0,7.0,0.0,0.7875833974019385,0.32726625967439,1.0,0.7815315315315315,0.0,0.0006483833389020313,0.39445109739989603,0.393802714060994,0.7882538114608899,0.0006483833389020313,0.0,2134.0,-0.09030849760531659,-0.08062824251396918,-0.02333160163187251,0.06826068684277475,0.03975730117015498,0.2509644771916131,-0.3598457383925513,1.0,0.0,0.21396396396396397,0.0216146384695087,0.10250489206913246,0.23278280183718525,-0.07328337997979151,-2.394601177933657
G12,G12__mom_12_1__top10__weekly__long_short,long_short,mom_12_1,10,weekly,base,10.0,0.01,True,,True,True,4,0,2134.0,0.5076209676214012,0.04967337879093758,0.15634835946901923,0.38841965051027755,0.21022028142980445,0.288742819754267,-0.3438844380881272,1494.0,0.14444788216385587,0.17787580369197903,9.326226768269986,0.07849716665805304,3.0,28.0,4.0,7.0,0.0,0.7875833974019385,0.32726625967439,1.0,0.7815315315315315,0.0,0.0006484449902028167,0.39447046615097137,0.3938220211607686,0.78829248731174,0.0006484449902028167,0.033052041663179516,2134.0,-0.09422508751053196,-0.08422249750673931,-0.02333879452116016,0.06434521150353815,0.03584154787347009,0.2509700358611877,-0.3754435751152706,1.0,0.0,0.21396396396396397,0.022620175705861282,0.09911228919438975,0.2368623943097905,-0.07329112771358387,-2.395049525054686
G12,G12__mom_12_1__top10__weekly__long_short,long_short,mom_12_1,10,weekly,base,10.0,0.03,True,,False,True,4,0,2134.0,0.4122053747103731,0.041600436223478754,0.15636268526631356,0.339015633227994,0.16082085654166617,0.22042094139013668,-0.35408564766777895,1510.0,0.11748693147402119,0.17789556346275653,9.327262795089458,0.0760319635186619,3.0,28.0,4.0,7.0,0.0,0.7875833974019385,0.32726625967439,1.0,0.7815315315315315,0.0,0.0006485665433169033,0.3945086443387186,0.39386007779540166,0.7883687221341201,0.0006485665433169033,0.09499173050590992,2134.0,-0.10194446789455486,-0.09126565905734935,-0.023352970841774897,0.05662802779515274,0.028123816334385463,0.25098104061193255,-0.4061839398147274,1.0,0.0,0.21396396396396397,0.024575033302147355,0.09242508329700946,0.23832517665192787,-0.07330632650117805,-2.3959418463754716
G12,G12__mom_12_1__top10__weekly__long_short,long_short,mom_12_1,10,weekly,base,20.0,0.0,True,,False,True,4,0,2134.0,0.440036651720876,0.04400368291222745,0.15637711220943878,0.3537416297584206,0.17556702941837715,0.24064821400302516,-0.35139301043763016,1500.0,0.12522640350024208,0.1778659307009158,9.325709116337427,0.15335151616763515,3.0,28.0,4.0,7.0,0.0,0.7875833974019385,0.32726625967439,1.0,0.7815315315315315,0.0,0.0006483833389020313,0.39445109739989603,0.393802714060994,0.7882538114608899,0.0006483833389020313,0.0,2134.0,-0.09963676812346138,-0.0891689694632658,-0.023057385927026094,0.05888992554196383,0.03039412345196653,0.25094666037180224,-0.397043610685393,1.0,0.0,0.21396396396396397,0.023863269825559648,0.09376331766264935,0.23797074165631282,-0.07340800760748442,-2.394601177933657
G12,G12__mom_12_1__top10__weekly__long_short,long_short,mom_12_1,10,weekly,base,20.0,0.01,True,,False,True,4,0,2134.0,0.39304628401869723,0.03992164429766176,0.15638440943463228,0.3286781758801931,0.15050594313051738,0.2060745373372428,-0.35720906695251164,1510.0,0.11175988515142886,0.17787580369197903,9.326226768269986,0.15090163939917406,3.0,28.0,4.0,7.0,0.0,0.7875833974019385,0.32726625967439,1.0,0.7815315315315315,0.0,0.0006484449902028167,0.39447046615097137,0.3938220211607686,0.78829248731174,0.0006484449902028167,0.03171617911649975,2134.0,-0.10355372022426747,-0.09273030502064963,-0.023064655272662896,0.054974099854343116,0.026478017673933683,0.2509522743313646,-0.4126430832323606,1.0,0.0,0.21396396396396397,0.02484774612865826,0.09036164283882309,0.23799257040841304,-0.07341571236166222,-2.395049525054686
G12,G12__mom_12_1__top10__weekly__long_short,long_short,mom_12_1,10,weekly,base,20.0,0.03,True,,False,True,4,0,2134.0,0.3048705277375845,0.031922630944162034,0.15639886979568018,0.27928611295739036,0.10111877257108126,0.13815873887198038,-0.3685200603561033,1523.0,0.0866238622486792,0.17789556346275653,9.327262795089458,0.1462273322319155,3.0,28.0,4.0,7.0,0.0,0.7875833974019385,0.32726625967439,1.0,0.7815315315315315,0.0,0.0006485665433169033,0.3945086443387186,0.39386007779540166,0.7883687221341201,0.0006485665433169033,0.09119397632553516,2134.0,-0.11127383023717914,-0.09970896773544204,-0.023078981969145585,0.0472562098183905,0.018759575612962875,0.25096338784186767,-0.4433867074957281,1.0,0.0,0.21396396396396397,0.026761512102917932,0.08365664877262206,0.23794647619931875,-0.07343082595574352,-2.3959418463754716
G12,G12__mom_12_1__top20__monthly__long_only,long_only,mom_12_1,20,monthly,base,0.0,0.0,True,,False,True,0,0,2134.0,1.0687508388014435,0.08963583921179041,0.1844275935865448,0.5583146131698139,0.40723379989296565,0.549940807888884,-0.34724578021454267,960.0,0.25813370332797053,0.44414814167841754,5.34975812263451,0.0,3.0,5.0,2.0,0.0,0.0,0.6097318653834435,0.28466227158503166,1.0,0.9705882352941176,0.0,0.6106963531953581,0.6106963531953581,0.0,0.6106963531953581,0.6106963531953581,0.0,2134.0,-0.051985242082232236,-0.04935763102813312,0.7640006313233961,-0.015416228322041965,-0.021982920862805067,0.12071155476677727,-0.4306567186767761,1.0,1.0,0.4117647058823529,-0.10890163688263668,-0.257919904443153,0.03709888698454061,-0.112706406221318,-2.737298616343809
G12,G12__mom_12_1__top20__monthly__long_only,long_only,mom_12_1,20,monthly,base,5.0,0.0,True,,True,True,0,0,2134.0,1.0224109159707493,0.0867246935409709,0.18442354408259412,0.5438131465819007,0.39272790145474046,0.5300234853292995,-0.3504812327900434,1333.0,0.24744461451071056,0.44414814167841754,5.34975812263451,0.025031771269956635,3.0,5.0,2.0,0.0,0.0,0.6097318653834435,0.28466227158503166,1.0,0.9705882352941176,0.0,0.6106963531953581,0.6106963531953581,0.0,0.6106963531953581,0.6106963531953581,0.0,2134.0,-0.054661914842002286,-0.051897432232662924,0.7639917668464864,-0.018091527496874447,-0.024658493302799206,0.12070807186004442,-0.4528439067884401,1.0,1.0,0.4117647058823529,-0.1069753546572984,-0.2588144567100963,0.03520928427591469,-0.11270412546669509,-2.737298616343809
G12,G12__mom_12_1__top20__monthly__long_only,long_only,mom_12_1,20,monthly,base,10.0,0.0,True,,False,True,0,0,2134.0,0.9770967898719141,0.08382053473153306,0.18442330102161453,0.5293001183192724,0.378213564866688,0.5101212587959876,-0.35449259447026726,1353.0,0.23645214607879045,0.44414814167841754,5.34975812263451,0.0494688259262149,3.0,5.0,2.0,0.0,0.0,0.6097318653834435,0.28466227158503166,1.0,0.9705882352941176,0.0,0.6106963531953581,0.6106963531953581,0.0,0.6106963531953581,0.6106963531953581,0.0,2134.0,-0.0573385876017723,-0.05443113781678916,0.7639829023695762,-0.020766826671706838,-0.027334065742793255,0.12071040461364689,-0.47500948891103223,1.0,1.0,0.4117647058823529,-0.10505983114456843,-0.2597064979248431,0.035861626108967426,-0.11270286688019687,-2.737298616343809
G12,G12__mom_12_1__top20__monthly__long_only,long_only,mom_12_1,20,monthly,base,20.0,0.0,True,,False,True,0,0,2134.0,0.8894566607759808,0.07803311793867063,0.18443423405308781,0.500242972817479,0.3491631736798477,0.47036587585468975,-0.3624454832027364,1360.0,0.2152961522630488,0.44414814167841754,5.34975812263451,0.09661357418239043,3.0,5.0,2.0,0.0,0.0,0.6097318653834435,0.28466227158503166,1.0,0.9705882352941176,0.0,0.6106963531953581,0.6106963531953581,0.0,0.6106963531953581,0.6106963531953581,0.0,2134.0,-0.06269193312131228,-0.05948031425923601,0.7639651734157569,-0.026117425021371706,-0.03268521062278132,0.12073251491302112,-0.519263043319169,1.0,1.0,0.4117647058823529,-0.10126088546878617,-0.26148210750502543,0.03713599209479479,-0.11270341644448437,-2.7372986163438107
G12,G12__mom_12_1__top20__monthly__long_short,long_short,mom_12_1,20,monthly,base,0.0,0.0,True,,False,True,0,0,2134.0,0.7677754008136493,0.0695921179989738,0.1488275289756201,0.5266834382132831,0.3395093782364814,0.4670177022860724,-0.2927541993576597,1069.0,0.23771518274261427,0.6400257969891674,7.709101727183485,0.0,7.0,33.0,6.0,0.0,0.0,0.8840534331479137,0.33338872560014016,1.0,0.37254901960784315,0.0,0.0007277237637091289,0.4440356324954551,0.44330790873174597,0.887343541227201,0.0007277237637091289,0.0,2134.0,-0.07656886799167709,-0.06684458394494215,-0.005581033281169775,0.0792497973261807,0.05123998147427102,0.24368630873550276,-0.3142107916895117,1.0,0.0,0.24509803921568626,0.014759333188538303,0.11021516961349631,0.13805917567526615,-0.046139104569028894,-0.8222806985844429
G12,G12__mom_12_1__top20__monthly__long_short,long_short,mom_12_1,20,monthly,base,0.0,0.01,True,,False,True,0,0,2134.0,0.7030698850713195,0.06489258354156191,0.14885436700746132,0.49702687921705,0.3098789831068622,0.42572000429250306,-0.29711481164991016,1129.0,0.21840911660110948,0.640169309190974,7.710830329636737,0.0,7.0,33.0,6.0,0.0,0.0,0.8840534331479137,0.33338872560014016,1.0,0.37254901960784315,0.0,0.0007277472375335578,0.4441252618039821,0.44339751456644855,0.8875227763704306,0.0007277472375335578,0.04021622916375728,2134.0,-0.08096924116179574,-0.07094464784600518,-0.005591883011070672,0.07485110536361893,0.04684087530106925,0.2437043399015989,-0.3322437392558905,1.0,0.0,0.24509803921568626,0.015334414954438408,0.10630606882787097,0.13923127438694993,-0.04615429213001118,-0.8227647937915954
G12,G12__mom_12_1__top20__monthly__long_short,long_short,mom_12_1,20,monthly,base,0.0,0.03,True,,False,True,0,0,2134.0,0.5823356281185657,0.055686075649244327,0.14890738604968978,0.4385803290582681,0.2514843892636821,0.34463539384447295,-0.30563412345097796,1173.0,0.18219848955503187,0.6404538287698545,7.714257363964545,0.0,7.0,33.0,6.0,0.0,0.0,0.8840534331479137,0.33338872560014016,1.0,0.37254901960784315,0.0,0.0007277930005125864,0.44430204144718966,0.44357424844667703,0.8878762898938667,0.0007277930005125864,0.11502323994351224,2134.0,-0.08964601228046415,-0.07897677762529187,-0.005613263452828346,0.06617764722698609,0.03816660072775917,0.24373995750985342,-0.3677936650039833,1.0,0.0,0.24509803921568626,0.01645220808010843,0.09859949135842672,0.14146580413571952,-0.046184180051520723,-0.8237383044360795
G12,G12__mom_12_1__top20__monthly__long_short,long_short,mom_12_1,20,monthly,base,5.0,0.0,True,,False,True,0,0,2134.0,0.7109945142594931,0.06547652457142705,0.14882210328531006,0.5007872485576199,0.3135999197566809,0.43080478833495345,-0.2970058691321541,1129.0,0.22045532218857594,0.6400257969891674,7.709101727183485,0.03503431685323543,7.0,33.0,6.0,0.0,0.0,0.8840534331479137,0.33338872560014016,1.0,0.37254901960784315,0.0,0.0007277237637091289,0.4440356324954551,0.44330790873174597,0.887343541227201,0.0007277237637091289,0.0,2134.0,-0.08042565102453529,-0.07043519407806435,-0.005522024019142095,0.07538387058023896,0.04737564527256085,0.24367407820417974,-0.33005419212931186,1.0,0.0,0.24509803921568626,0.01513460164126975,0.10619608399563099,0.1386174756494835,-0.046139189113618334,-0.8222806985844429
G12,G12__mom_12_1__top20__monthly__long_short,long_short,mom_12_1,20,monthly,base,5.0,0.01,True,,True,True,0,0,2134.0,0.6483552684565097,0.06079415586900838,0.14884896131151815,0.47112887681761384,0.28396779969881275,0.38960490683688587,-0.3013410810739703,1147.0,0.2017453300835714,0.640169309190974,7.710830329636737,0.03438815080821522,7.0,33.0,6.0,0.0,0.0,0.8840534331479137,0.33338872560014016,1.0,0.37254901960784315,0.0,0.0007277472375335578,0.4441252618039821,0.44339751456644855,0.8875227763704306,0.0007277472375335578,0.03951603329684905,2134.0,-0.08482681869517968,-0.07452028188032161,-0.005532823167591472,0.07098437627936019,0.042975738141221104,0.2436921142474444,-0.3480901257602727,1.0,0.0,0.24509803921568626,0.015705549614142285,0.10228649814426724,0.1397699524802486,-0.046154359609520745,-0.8227647937915954
G12,G12__mom_12_1__top20__monthly__long_short,long_short,mom_12_1,20,monthly,base,5.0,0.03,True,,False,True,0,0,2134.0,0.5314776164418342,0.05162127820849771,0.14890201913132392,0.41267873536295124,0.22556978683875714,0.3087122759063896,-0.3098107574447294,1206.0,0.1666219683082083,0.6404538287698545,7.714257363964545,0.03316050478618577,7.0,33.0,6.0,0.0,0.0,0.8840534331479137,0.33338872560014016,1.0,0.37254901960784315,0.0,0.0007277930005125864,0.44430204144718966,0.44357424844667703,0.8878762898938667,0.0007277930005125864,0.11304413980039996,2134.0,-0.09350516570523894,-0.08252307128543618,-0.005554103759751357,0.06230932677925566,0.03429987492745042,0.2437277410717355,-0.3836459702702365,1.0,0.0,0.24509803921568626,0.016815284500453914,0.09457903290194355,0.14196660362225377,-0.04618421422912217,-0.8237383044360795
G12,G12__mom_12_1__top20__monthly__long_short,long_short,mom_12_1,20,monthly,base,10.0,0.0,True,,False,True,0,0,2134.0,0.6560181549645066,0.06137530852571649,0.1488255357675563,0.47486090496142136,0.2876714764553404,0.3946663538275729,-0.3012335336798082,1147.0,0.20374660077172707,0.6400257969891674,7.709101727183485,0.06890043101112842,7.0,33.0,6.0,0.0,0.0,0.8840534331479137,0.33338872560014016,1.0,0.37254901960784315,0.0,0.0007277237637091289,0.4440356324954551,0.44330790873174597,0.887343541227201,0.0007277237637091289,0.0,2134.0,-0.08428243405739351,-0.07401326080187899,-0.0054630147571144054,0.07151794383429726,0.0435113090708507,0.2436672574170376,-0.3458915036464819,1.0,0.0,0.24509803921568626,0.015506830158483587,0.10216683604492502,0.1391612449422202,-0.04613841037932251,-0.8222806985844429
G12,G12__mom_12_1__top20__monthly__long_short,long_short,mom_12_1,20,monthly,base,10.0,0.01,True,,False,True,0,0,2134.0,0.5953798953249292,0.056710048787678824,0.14885241603226593,0.4452024911064609,0.2580394022604009,0.3535659832058341,-0.30554348428055,1168.0,0.1856038557693728,0.640169309190974,7.710830329636737,0.06763663756750632,7.0,33.0,6.0,0.0,0.0,0.8840534331479137,0.33338872560014016,1.0,0.37254901960784315,0.0,0.0007277472375335578,0.4441252618039821,0.44339751456644855,0.8875227763704306,0.0007277472375335578,0.03883152797090497,2134.0,-0.08868439622856357,-0.078083422051756,-0.005473763324112316,0.06711764719510149,0.039110600981372985,0.24368530028441213,-0.36393002009172276,1.0,0.0,0.24509803921568626,0.016073665692284925,0.0982574802203425,0.14029430770277868,-0.046153563799683384,-0.8227647937915954
G12,G12__mom_12_1__top20__monthly__long_short,long_short,mom_12_1,20,monthly,base,10.0,0.03,True,,False,True,0,0,2134.0,0.48223696277022765,0.0475706900954711,0.14890551708682634,0.3867522483384539,0.19964146066382463,0.2728686390576905,-0.31396379691849585,1209.0,0.15151648235360182,0.6404538287698545,7.714257363964545,0.06523533771544024,7.0,33.0,6.0,0.0,0.0,0.8840534331479137,0.33338872560014016,1.0,0.37254901960784315,0.0,0.0007277930005125864,0.44430204144718966,0.44357424844667703,0.8878762898938667,0.0007277930005125864,0.11110914881013936,2134.0,-0.09736431913001352,-0.08605696815347806,-0.005494944066674462,0.05844100633152542,0.03043314912714186,0.24372094018617457,-0.3994909877486869,1.0,0.0,0.24509803921568626,0.017175384005071303,0.09055053675963953,0.14245348269052033,-0.04618338512200845,-0.8237383044360795
G12,G12__mom_12_1__top20__monthly__long_short,long_short,mom_12_1,20,monthly,base,20.0,0.0,True,,False,True,0,0,2134.0,0.5512538345866889,0.053215827843401176,0.14885897121725733,0.4229363001464494,0.23577617806603665,0.32262975826806284,-0.30961735454449824,1205.0,0.17187611437895994,0.6400257969891674,7.709101727183485,0.13327974645218588,7.0,33.0,6.0,0.0,0.0,0.8840534331479137,0.33338872560014016,1.0,0.37254901960784315,0.0,0.0007277237637091289,0.4440356324954551,0.44330790873174597,0.887343541227201,0.0007277237637091289,0.0,2134.0,-0.09199600012311004,-0.08113192170332967,-0.0053449962330588225,0.06378609034241366,0.03578263666743022,0.24366984653213833,-0.3775436371482938,1.0,0.0,0.24509803921568626,0.016242230709330674,0.09408561164801166,0.14020585043176498,-0.04613426481747038,-0.8222806985844429
G12,G12__mom_12_1__top20__monthly__long_short,long_short,mom_12_1,20,monthly,base,20.0,0.01,True,,False,True,0,0,2134.0,0.49442979513603813,0.048584616336566855,0.14888590267480012,0.393283113485282,0.20614950731764345,0.28173366778232817,-0.31387719664204383,1208.0,0.1547886143254121,0.640169309190974,7.710830329636737,0.1308621867452768,7.0,33.0,6.0,0.0,0.0,0.8840534331479137,0.33338872560014016,1.0,0.37254901960784315,0.0,0.0007277472375335578,0.4441252618039821,0.44339751456644855,0.8875227763704306,0.0007277472375335578,0.03750805787653086,2134.0,-0.0963995512953316,-0.085172377899458,-0.005355643637153872,0.05938418902658386,0.03138032666167653,0.24368790888702427,-0.3955861073928918,1.0,0.0,0.24509803921568626,0.016800905068361557,0.09017886044530565,0.14130070125515515,-0.04614938406897609,-0.8227647937915954
G12,G12__mom_12_1__top20__monthly__long_short,long_short,mom_12_1,20,monthly,base,20.0,0.03,True,,False,True,0,0,2134.0,0.3884057707712998,0.03951196311145333,0.14893910353813594,0.3348431371551179,0.14776217783307063,0.20143723750823406,-0.3221995913370628,1464.0,0.12263194669951852,0.6404538287698545,7.714257363964545,0.1262677652589161,7.0,33.0,6.0,0.0,0.0,0.8840534331479137,0.33338872560014016,1.0,0.37254901960784315,0.0,0.0007277930005125864,0.44430204144718966,0.44357424844667703,0.8878762898938667,0.0007277930005125864,0.10736720287408269,2134.0,-0.10508262597956332,-0.09308772745424207,-0.005376624680520567,0.05070436543606431,0.022699697526524114,0.2437235865251152,-0.43115493037738795,1.0,0.0,0.24509803921568626,0.01788671453186003,0.08247718772988294,0.14338611727309825,-0.046179138837166456,-0.8237383044360795
G12,G12__mom_12_1__top20__weekly__long_only,long_only,mom_12_1,20,weekly,base,0.0,0.0,True,,False,True,1,0,2134.0,1.2906870999735327,0.10282771800655,0.17063313445591538,0.6595471939307942,0.49625913465860627,0.664121647885352,-0.3143821512782433,856.0,0.32707874027982753,0.11998672094530699,6.291037597529761,0.0,4.0,1.0,1.0,2.0,0.0,0.6088055105588077,0.2874518427022976,1.0,0.9819819819819819,0.0,0.6093578785577871,0.6093578785577871,0.0,0.6093578785577871,0.6093578785577871,0.0,2134.0,-0.04241325763132877,-0.03784850251258151,0.6767202699915884,0.007680185251004649,-0.0013202459097993596,0.12689030009907856,-0.33425137775079433,1.0,1.0,0.39414414414414417,-0.1147232559063773,-0.2248524633090654,0.07548177898445146,-0.12447876015676124,-3.217361177694589
G12,G12__mom_12_1__top20__weekly__long_only,long_only,mom_12_1,20,weekly,base,5.0,0.0,True,,False,True,1,0,2134.0,1.230469162991266,0.09936383752264888,0.17066342632748527,0.6410236398398995,0.477762918575745,0.6388011441526231,-0.3147297259601911,963.0,0.3157116386750739,0.11998672094530699,6.291037597529761,0.030680382624881646,4.0,1.0,1.0,2.0,0.0,0.6088055105588077,0.2874518427022976,1.0,0.9819819819819819,0.0,0.6093578785577871,0.6093578785577871,0.0,0.6093578785577871,0.6093578785577871,0.0,2134.0,-0.04555457192135053,-0.04087053191960977,0.6768676020707702,0.004516041286220906,-0.004480331679132582,0.12688828369149546,-0.3590132248309682,1.0,1.0,0.39414414414414417,-0.11241154455040592,-0.2272146469135114,0.0753952539942852,-0.12445921931836101,-3.217361177694589
G12,G12__mom_12_1__top20__weekly__long_only,long_only,mom_12_1,20,weekly,base,10.0,0.0,True,,True,True,1,0,2134.0,1.17182201713011,0.09591010817219714,0.1706973521220774,0.6224934078999629,0.4592635075652514,0.6135233640751269,-0.3150771902775129,964.0,0.30440194064102727,0.11998672094530699,6.291037597529761,0.060487734155811344,4.0,1.0,1.0,2.0,0.0,0.6088055105588077,0.2874518427022976,1.0,0.9819819819819819,0.0,0.6093578785577871,0.6093578785577871,0.0,0.6093578785577871,0.6093578785577871,0.0,2134.0,-0.04869588621137174,-0.04388370506732469,0.677014934149952,0.0013518973214377492,-0.007640417448465218,0.1268911629751167,-0.38376105214608985,1.0,1.0,0.39414414414414417,-0.11011538691953096,-0.2295708135464501,0.07530879154293518,-0.12444049491232798,-3.217361177694589
G12,G12__mom_12_1__top20__weekly__long_only,long_only,mom_12_1,20,weekly,base,20.0,0.0,True,,False,True,1,0,2134.0,1.0590785132163063,0.08903299193706626,0.17077609658551876,0.5854176893653509,0.42225985528106713,0.5630983850103952,-0.3157717879042111,984.0,0.28195359860354047,0.11998672094530699,6.291037597529761,0.11757887957598487,4.0,1.0,1.0,2.0,0.0,0.6088055105588077,0.2874518427022976,1.0,0.9819819819819819,0.0,0.6093578785577871,0.6093578785577871,0.0,0.6093578785577871,0.6093578785577871,0.0,2134.0,-0.05497851479141531,-0.04988357936862293,0.6773095983083152,-0.0049763906081296974,-0.01396058898713172,0.12691160671656873,-0.43320320507956883,1.0,1.0,0.39414414414414417,-0.10556941553757054,-0.2342632751773155,0.07513605419192859,-0.12440550134064596,-3.217361177694589
G12,G12__mom_12_1__top20__weekly__long_short,long_short,mom_12_1,20,weekly,base,0.0,0.0,True,,False,True,7,0,2134.0,0.7855849884701649,0.07085898093251486,0.14763848981522093,0.5377415433822583,0.34907850344824176,0.48053468172704566,-0.34113603769371215,1208.0,0.20771473284254816,0.17690296190950927,9.275219588627541,0.0,7.0,29.0,5.0,10.0,2.0,0.8756223874223974,0.37024219405258757,1.0,0.46621621621621623,0.0,0.0004910745295956782,0.4382791008847986,0.4377880263552029,0.8760671272400016,0.0004910745295956782,0.0,2134.0,-0.07556251327748094,-0.0657393214921437,-0.04319832253476924,0.08608509631277021,0.057029978376104434,0.24859771286383323,-0.30395498175347063,1.0,0.0,0.25,0.02074294574609796,0.14264821952376117,0.16197688964321133,-0.04700049799632097,-1.173054705023306
G12,G12__mom_12_1__top20__weekly__long_short,long_short,mom_12_1,20,weekly,base,0.0,0.01,True,,False,True,7,0,2134.0,0.7209566545035639,0.06620722885810215,0.14764523960484885,0.5082316310597471,0.3195681924733874,0.43935778105346535,-0.34342087655466125,1220.0,0.19278743191829267,0.17691455900783004,9.27582763742647,0.0,7.0,29.0,5.0,10.0,2.0,0.8756223874223974,0.37024219405258757,1.0,0.46621621621621623,0.0,0.0004911270853573575,0.4383028684108417,0.43781174132548434,0.8761146097363262,0.0004911270853573575,0.03993919535749358,2134.0,-0.07991588171076418,-0.069797698110048,-0.043209445216183966,0.08173345138193523,0.05267790376472526,0.2486033689859463,-0.32145936733175123,1.0,0.0,0.25,0.021304766824645355,0.1387169243170273,0.16489722172739485,-0.04700672170733494,-1.173334967713421
G12,G12__mom_12_1__top20__weekly__long_short,long_short,mom_12_1,20,weekly,base,0.0,0.03,True,,False,True,7,0,2134.0,0.6003420600242932,0.057097640187171006,0.14765861954799703,0.4500764044728313,0.261412557233751,0.35851192703968215,-0.34790096015249494,1465.0,0.16412038691167588,0.17693770713320983,9.277041319456693,0.0,7.0,29.0,5.0,10.0,2.0,0.8756223874223974,0.37024219405258757,1.0,0.46621621621621623,0.0,0.0004912307117025075,0.43834971804093914,0.43785848732923666,0.8762082053701757,0.0004912307117025075,0.1142576382399797,2134.0,-0.08849620207775943,-0.07774527164136358,-0.04323136684153473,0.07315652785546371,0.04410013335769123,0.24861456239007024,-0.35595743558621895,1.0,0.0,0.25,0.02239568798404261,0.1309671685191324,0.1740992679020591,-0.047018917142918976,-1.173895299183032
G12,G12__mom_12_1__top20__weekly__long_short,long_short,mom_12_1,20,weekly,base,5.0,0.0,True,,False,True,7,0,2134.0,0.7168109019539299,0.06590360004838902,0.14763161920445544,0.5063365505626402,0.31765532430157495,0.43658907217043524,-0.3439204857033321,1220.0,0.19162452598196741,0.17690296190950927,9.275219588627541,0.042363480052180255,7.0,29.0,5.0,10.0,2.0,0.8756223874223974,0.37024219405258757,1.0,0.46621621621621623,0.0,0.0004910745295956782,0.4382791008847986,0.4377880263552029,0.8760671272400016,0.0004910745295956782,0.0,2134.0,-0.08020257783138249,-0.07006259616182603,-0.04302495183753761,0.08141816729966171,0.05236780022974945,0.2485679511023871,-0.3226585626815036,1.0,0.0,0.25,0.02125998577213902,0.13807033024971846,0.16465749085757664,-0.04705026102446966,-1.173054705023306
G12,G12__mom_12_1__top20__weekly__long_short,long_short,mom_12_1,20,weekly,base,5.0,0.01,True,,False,True,7,0,2134.0,0.6546675499411523,0.061273051157552105,0.14763839851134813,0.47682511730260224,0.2881436127035413,0.3955299215632174,-0.3461958051452617,1463.0,0.1769895829091352,0.17691455900783004,9.27582763742647,0.04158097274939122,7.0,29.0,5.0,10.0,2.0,0.8756223874223974,0.37024219405258757,1.0,0.46621621621621623,0.0,0.0004911270853573575,0.4383028684108417,0.43781174132548434,0.8761146097363262,0.0004911270853573575,0.039110740685783824,2134.0,-0.08455616596480177,-0.07410247426496283,-0.043036122884175375,0.07706631016306884,0.048015512061802185,0.2485736324112613,-0.340165467851815,1.0,0.0,0.25,0.021816302559597503,0.13413195974881578,0.16936913257369424,-0.04705646722110346,-1.173334967713421
G12,G12__mom_12_1__top20__weekly__long_short,long_short,mom_12_1,20,weekly,base,5.0,0.03,True,,False,True,7,0,2134.0,0.5386909705309739,0.05220498105707638,0.14765183657628755,0.41866689325077566,0.2299852170812038,0.3149151834219406,-0.3506572241795727,1482.0,0.14887752898637574,0.17693770713320983,9.277041319456693,0.04009484713402314,7.0,29.0,5.0,10.0,2.0,0.8756223874223974,0.37024219405258757,1.0,0.46621621621621623,0.0,0.0004912307117025075,0.43834971804093914,0.43785848732923666,0.8762082053701757,0.0004912307117025075,0.11191535497586796,2134.0,-0.0931369269511781,-0.08201382531648073,-0.04305813913737048,0.06848896068016622,0.03943731305554062,0.2485848753257599,-0.37466851846527727,1.0,0.0,0.25,0.02289649353159858,0.1263683126896808,0.17838985153433673,-0.04706862810961354,-1.173895299183032
G12,G12__mom_12_1__top20__weekly__long_short,long_short,mom_12_1,20,weekly,base,10.0,0.0,True,,False,True,7,0,2134.0,0.6506686098335708,0.0609698501157625,0.14763248259172748,0.4749037544938509,0.28621428390219134,0.39276259478331677,-0.34669374559170074,1463.0,0.17586083075051012,0.17690296190950927,9.275219588627541,0.08302663151623745,7.0,29.0,5.0,10.0,2.0,0.8756223874223974,0.37024219405258757,1.0,0.46621621621621623,0.0,0.0004910745295956782,0.4382791008847986,0.4377880263552029,0.8760671272400016,0.0004910745295956782,0.0,2134.0,-0.0848426423852842,-0.07436699911470485,-0.04285158114030599,0.07675123828655304,0.04770562208339429,0.2485427798239283,-0.34136031811259254,1.0,0.0,0.25,0.021771682228214406,0.13346827891929955,0.16912848936995295,-0.04709931769999723,-1.173054705023306
G12,G12__mom_12_1__top20__weekly__long_short,long_short,mom_12_1,20,weekly,base,10.0,0.01,True,,True,True,7,0,2134.0,0.5909153100345577,0.05636041330607222,0.1476392915041702,0.4453923597475856,0.2567027317637439,0.3518223474346486,-0.34895958332715926,1465.0,0.16150985959091077,0.17691455900783004,9.27582763742647,0.08150331621479442,7.0,29.0,5.0,10.0,2.0,0.8756223874223974,0.37024219405258757,1.0,0.46621621621621623,0.0,0.0004911270853573575,0.4383028684108417,0.43781174132548434,0.8761146097363262,0.0004911270853573575,0.038304419803104936,2134.0,-0.08919645021883962,-0.07838845818451697,-0.04286280055216667,0.07239916894420213,0.043353120358878824,0.24854848648288005,-0.35886941610881007,1.0,0.0,0.25,0.022322532921073023,0.12952346976266993,0.17374746361616933,-0.047105506375366396,-1.173334967713421
G12,G12__mom_12_1__top20__weekly__long_short,long_short,mom_12_1,20,weekly,base,10.0,0.03,True,,False,True,7,0,2134.0,0.47939955403464696,0.04733368340529909,0.14765278787186772,0.3872342111031729,0.19854464982920317,0.27144097964790626,-0.353711844757583,1512.0,0.13381989918301804,0.17693770713320983,9.277041319456693,0.078609912319684,7.0,29.0,5.0,10.0,2.0,0.8756223874223974,0.37024219405258757,1.0,0.46621621621621623,0.0,0.0004912307117025075,0.43834971804093914,0.43785848732923666,0.8762082053701757,0.0004912307117025075,0.10963529254754223,2134.0,-0.09777765182459683,-0.08626374237409327,-0.04288491143320608,0.06382139350486865,0.03477449275338996,0.24855977923528674,-0.3933768050704635,1.0,0.0,0.25,0.023392068256867588,0.12174718608056477,0.18228021430533137,-0.04711763270864178,-1.173895299183032
G12,G12__mom_12_1__top20__weekly__long_short,long_short,mom_12_1,20,weekly,base,20.0,0.0,True,,False,True,7,0,2134.0,0.5258829544099872,0.05116688762387667,0.1476574096024404,0.41197452484125474,0.22329840239733545,0.3054826770485584,-0.35220687185303456,1483.0,0.14527509742974887,0.17690296190950927,9.275219588627541,0.15951764013372638,7.0,29.0,5.0,10.0,2.0,0.8756223874223974,0.37024219405258757,1.0,0.46621621621621623,0.0,0.0004910745295956782,0.4382791008847986,0.4377880263552029,0.8760671272400016,0.0004910745295956782,0.0,2134.0,-0.09412277149308777,-0.08291950000616834,-0.04250483974584287,0.06741738026033561,0.03838126579068388,0.2485062140412409,-0.37875419677621264,1.0,0.0,0.25,0.022779190938501167,0.12419986075595305,0.17779123290383947,-0.0471952913854726,-1.173054705023306
G12,G12__mom_12_1__top20__weekly__long_short,long_short,mom_12_1,20,weekly,base,20.0,0.01,True,,False,True,7,0,2134.0,0.4706392455566646,0.04659940314173383,0.14766427797227935,0.3824678839186205,0.19379184763868795,0.2647838875909623,-0.3548766215916883,1512.0,0.13131156099471064,0.17691455900783004,9.27582763742647,0.15663051355775676,7.0,29.0,5.0,10.0,2.0,0.8756223874223974,0.37024219405258757,1.0,0.46621621621621623,0.0,0.0004911270853573575,0.4383028684108417,0.43781174132548434,0.8761146097363262,0.0004911270853573575,0.036755590905109936,2134.0,-0.09847701872691501,-0.08690435816895355,-0.04251615588814927,0.06306488650646909,0.034028336953032465,0.24851197188473512,-0.3962666988638706,1.0,0.0,0.25,0.02331922314300533,0.12024409188610885,0.18180636852351784,-0.04720144501221604,-1.173334967713421
G12,G12__mom_12_1__top20__weekly__long_short,long_short,mom_12_1,20,weekly,base,20.0,0.03,True,,False,True,7,0,2134.0,0.3675402098151981,0.03765482141085763,0.147677891451846,0.3243191016004391,0.13564361173286696,0.18487644764519298,-0.36759009808917575,1525.0,0.10243698512717482,0.17693770713320983,9.277041319456693,0.15114533975806888,7.0,29.0,5.0,10.0,2.0,0.8756223874223974,0.37024219405258757,1.0,0.46621621621621623,0.0,0.0004912307117025075,0.43834971804093914,0.43785848732923666,0.8762082053701757,0.0004912307117025075,0.10525457747584961,2134.0,-0.1070591015714338,-0.09470797297319265,-0.0425384560248774,0.05448625915427401,0.025448852149089124,0.24852336528462796,-0.4307808299989079,1.0,0.0,0.25,0.024367669124592428,0.11244631393746046,0.18199208961423796,-0.0472135022391883,-1.173895299183032
G12,G12__mom_12_1__top50__monthly__long_only,long_only,mom_12_1,50,monthly,base,0.0,0.0,True,,False,True,0,0,2134.0,1.1002784713369413,0.0915837546128222,0.18526792603756773,0.5662297030810798,0.4158227252783848,0.5644638166282657,-0.3606713049745096,853.0,0.25392581375248263,0.4914919787084509,5.920013974096542,0.0,7.0,8.0,5.0,1.0,0.0,0.7306893912787672,0.31393594586237505,1.0,0.8529411764705882,0.0,0.7308574360218768,0.7308574360218768,0.0,0.7308574360218768,0.7308574360218768,0.0,2134.0,-0.05004965990264426,-0.047658190862200626,0.8147560515536093,-0.02134539455771918,-0.026500599652398742,0.10556550987897156,-0.4741099622407456,1.0,1.0,0.37254901960784315,-0.07333659545981841,-0.22414430507343863,-6.106226635438361e-16,-0.05507831003034358,-1.7110364886143028
G12,G12__mom_12_1__top50__monthly__long_only,long_only,mom_12_1,50,monthly,base,5.0,0.0,True,,True,True,0,0,2134.0,1.0482798962156807,0.08835698855388618,0.18526680322077346,0.5502484747668057,0.3998396810528505,0.5424173038803299,-0.360861525011842,854.0,0.2448501223592254,0.4914919787084509,5.920013974096542,0.02968251439854706,7.0,8.0,5.0,1.0,0.0,0.7306893912787672,0.31393594586237505,1.0,0.8529411764705882,0.0,0.7308574360218768,0.7308574360218768,0.0,0.7308574360218768,0.7308574360218768,0.0,2134.0,-0.05301108675619114,-0.05047335205642637,0.8147484925312094,-0.024305650111547315,-0.02946113705673493,0.10556617600173246,-0.5021597709035247,1.0,1.0,0.37254901960784315,-0.07212630513065021,-0.2242551499202483,-2.7755575615628914e-16,-0.05507090571007034,-1.7110364886143028
G12,G12__mom_12_1__top50__monthly__long_only,long_only,mom_12_1,50,monthly,base,10.0,0.0,True,,False,True,0,0,2134.0,0.9975547721344444,0.08513886755797717,0.18526993732152688,0.5342547769734954,0.38384764175298935,0.5203879468882756,-0.36105174504917414,856.0,0.23580793812914966,0.4914919787084509,5.920013974096542,0.05856935118733801,7.0,8.0,5.0,1.0,0.0,0.7306893912787672,0.31393594586237505,1.0,0.8529411764705882,0.0,0.7308574360218768,0.7308574360218768,0.0,0.7308574360218768,0.7308574360218768,0.0,2134.0,-0.05597251360973786,-0.05328097094807581,0.8147409335088099,-0.027265905665375328,-0.032421674461070846,0.10557431267758662,-0.5301717073988662,1.0,1.0,0.37254901960784315,-0.07092279053189382,-0.22436096465430244,-5.551115123125783e-17,-0.055064341978313,-1.7110364886143028
G12,G12__mom_12_1__top50__monthly__long_only,long_only,mom_12_1,50,monthly,base,20.0,0.0,True,,False,True,0,0,2134.0,0.8998022301566626,0.07872847753201628,0.18528897511822331,0.5022343896993134,0.3518409925745743,0.4763854574658899,-0.36143218512383923,984.0,0.2178236492830354,0.4914919787084509,5.920013974096542,0.11403751715497529,7.0,8.0,5.0,1.0,0.0,0.7306893912787672,0.31393594586237505,1.0,0.8529411764705882,0.0,0.7308574360218768,0.7308574360218768,0.0,0.7308574360218768,0.7308574360218768,0.0,2134.0,-0.06189536731683152,-0.058873654430954506,0.8147258154640099,-0.03318641677303148,-0.038342749269742946,0.10561298919669236,-0.5860582849478707,1.0,1.0,0.37254901960784315,-0.06853597785582052,-0.22455713029995233,5.551115123125783e-17,-0.055053737986337586,-1.7110364886143028
G12,G12__mom_12_1__top50__monthly__long_short,long_short,mom_12_1,50,monthly,base,0.0,0.0,True,,False,True,1,0,2134.0,0.6554366986446565,0.06133129416913108,0.1264939059893677,0.5340394460413928,0.31379485060169493,0.42674483073187214,-0.23070731700494762,1148.0,0.2658402644759455,0.5995539321319309,7.221618683935872,0.0,18.0,43.0,13.0,1.0,1.0,0.9427565985489704,0.4324910909898358,1.0,0.16666666666666666,0.0,0.00041805703614897417,0.47289423833688377,0.4724761813007348,0.9453704196376186,0.00041805703614897417,0.0,2134.0,-0.08740112717116974,-0.07405166070642424,-0.034105347608805875,0.07283749083129339,0.04402694493301551,0.23523341098895956,-0.37155065177060176,1.0,0.0,0.23529411764705882,0.014439903501469377,0.11766091052168154,0.08685959417626377,-0.0211333105759835,-0.34402224670629344
G12,G12__mom_12_1__top50__monthly__long_short,long_short,mom_12_1,50,monthly,base,0.0,0.01,True,,False,True,1,0,2134.0,0.5909250935673884,0.056361180430321456,0.1265177834706547,0.49685467569065067,0.2766425559022894,0.37564580475901255,-0.23589629079067287,1167.0,0.23892355509877278,0.5996905973020089,7.223264813988208,0.0,18.0,43.0,13.0,1.0,1.0,0.9427565985489704,0.4324910909898358,1.0,0.16666666666666666,0.0,0.00041806395079760063,0.4729955511684966,0.47257748721769893,0.9455730383861954,0.00041806395079760063,0.04368622419239833,2134.0,-0.09209291037793156,-0.07838778891429946,-0.034123520966919445,0.06814852365656864,0.03933737596390445,0.23524909627799265,-0.39146977325305365,1.0,0.0,0.23529411764705882,0.01469556710982576,0.11442084683669121,0.08801331916634292,-0.021140720999871382,-0.34434018269121314
G12,G12__mom_12_1__top50__monthly__long_short,long_short,mom_12_1,50,monthly,base,0.0,0.03,True,,False,True,1,0,2134.0,0.47098501225365297,0.04662845798903348,0.12656494007818186,0.4235711243256373,0.2034235278658477,0.27539381473932856,-0.24602554817790845,1208.0,0.18952689399279396,0.5999631858918256,7.226548139720471,0.0,18.0,43.0,13.0,1.0,1.0,0.9427565985489704,0.4324910909898358,1.0,0.16666666666666666,0.0,0.0004180771048806697,0.4731953852603151,0.47277730815543445,0.9459726934157496,0.0004180771048806697,0.12468312604961676,2134.0,-0.10134460868422127,-0.0868790095452454,-0.034159331774191656,0.058902374373190486,0.030090040654369085,0.23528006524111855,-0.43074031189324,1.0,0.0,0.23529411764705882,0.01519176805161538,0.1080327188779071,0.09022000676011155,-0.021155287970593822,-0.3449770282740463
G12,G12__mom_12_1__top50__monthly__long_short,long_short,mom_12_1,50,monthly,base,5.0,0.0,True,,False,True,1,0,2134.0,0.6055761234732038,0.057505322519354696,0.12648842580627268,0.5055005382613234,0.28523955153525204,0.3873903494929991,-0.234802193671801,1161.0,0.24490964764892187,0.5995539321319309,7.221618683935872,0.03352571808746936,18.0,43.0,13.0,1.0,1.0,0.9427565985489704,0.4324910909898358,1.0,0.16666666666666666,0.0,0.00041805703614897417,0.47289423833688377,0.4724761813007348,0.9453704196376186,0.00041805703614897417,0.0,2134.0,-0.09101389532444538,-0.0773895930888535,-0.03409094715623117,0.06922249127226733,0.040412300551607466,0.2352282099120314,-0.3869174337486222,1.0,0.0,0.23529411764705882,0.014567315294996393,0.11474189610289925,0.0873794509616061,-0.021128547168132727,-0.34402224670629344
G12,G12__mom_12_1__top50__monthly__long_short,long_short,mom_12_1,50,monthly,base,5.0,0.01,True,,True,True,1,0,2134.0,0.5429968037541444,0.05255225882813486,0.12651232346871874,0.46831351096573404,0.2480851201128826,0.3364163202132175,-0.23996454975722492,1193.0,0.21900009347756835,0.5996905973020089,7.223264813988208,0.03286636965035707,18.0,43.0,13.0,1.0,1.0,0.9427565985489704,0.4324910909898358,1.0,0.16666666666666666,0.0,0.00041806395079760063,0.4729955511684966,0.47257748721769893,0.9455730383861954,0.00041806395079760063,0.04298410993577972,2134.0,-0.09570643226927535,-0.081710846145743,-0.03410908344186676,0.06453276461495076,0.03572197310021428,0.23524390004198092,-0.4068391667209899,1.0,0.0,0.23529411764705882,0.014821314251565257,0.111502778392711,0.08851872105017239,-0.02113594012178935,-0.34434018269121314
G12,G12__mom_12_1__top50__monthly__long_short,long_short,mom_12_1,50,monthly,base,5.0,0.03,True,,False,True,1,0,2134.0,0.42665020318096625,0.042852917067271346,0.12655951927657935,0.3950254189896134,0.17486178742240466,0.23640957856955835,-0.2500418418431901,1394.0,0.171382984349259,0.5999631858918256,7.226548139720471,0.03161668810960782,18.0,43.0,13.0,1.0,1.0,0.9427565985489704,0.4324910909898358,1.0,0.16666666666666666,0.0,0.0004180771048806697,0.4731953852603151,0.47277730815543445,0.9459726934157496,0.0004180771048806697,0.1227043697122669,2134.0,-0.10495963552398886,-0.09017294412123282,-0.03414482148432555,0.05528509910795993,0.02647312352920202,0.23527487829317292,-0.44611492856963697,1.0,0.0,0.23529411764705882,0.015314273072207344,0.10511656899735645,0.09069747288375568,-0.021150472886575455,-0.3449770282740463
G12,G12__mom_12_1__top50__monthly__long_short,long_short,mom_12_1,50,monthly,base,10.0,0.0,True,,False,True,1,0,2134.0,0.5572019144709115,0.05369191259340256,0.12649178075416617,0.4769258430543185,0.25666388789579075,0.3481161319902437,-0.23887651990825465,1193.0,0.22476848128072202,0.5995539321319309,7.221618683935872,0.06600999479139912,18.0,43.0,13.0,1.0,1.0,0.9427565985489704,0.4324910909898358,1.0,0.16666666666666666,0.0,0.00041805703614897417,0.47289423833688377,0.4724761813007348,0.9453704196376186,0.00041805703614897417,0.0,2134.0,-0.09462666347772095,-0.08071656611544815,-0.03407654670365628,0.06560749171324133,0.036797656170199464,0.23522775974838891,-0.40227677030524905,1.0,0.0,0.23529411764705882,0.014693679646951258,0.11181417768861165,0.08789033753143977,-0.02112318628262444,-0.34402224670629344
G12,G12__mom_12_1__top50__monthly__long_short,long_short,mom_12_1,50,monthly,base,10.0,0.01,True,,False,True,1,0,2134.0,0.4964975983320721,0.04875584578634973,0.12651570084185984,0.43973916377592437,0.21950992472582453,0.2972699916598005,-0.24401238697990568,1197.0,0.19980889654739023,0.5996905973020089,7.223264813988208,0.06471838599755496,18.0,43.0,13.0,1.0,1.0,0.9427565985489704,0.4324910909898358,1.0,0.16666666666666666,0.0,0.00041806395079760063,0.4729955511684966,0.47257748721769893,0.9455730383861954,0.00041806395079760063,0.042296574181577735,2134.0,-0.0993199541606192,-0.08502299040326726,-0.03409464591681427,0.06091700557333288,0.03210657023652408,0.23524345650673847,-0.42220070915245295,1.0,0.0,0.23529411764705882,0.014946021724984826,0.10857671646590654,0.08901527516888152,-0.021130561887075155,-0.34434018269121314
G12,G12__mom_12_1__top50__monthly__long_short,long_short,mom_12_1,50,monthly,base,10.0,0.03,True,,False,True,1,0,2134.0,0.3836379225561648,0.039089780652547645,0.1265629403615807,0.36645166552772335,0.1462874217966383,0.19751414355902833,-0.2563437042568283,1456.0,0.15248972377095701,0.5999631858918256,7.226548139720471,0.06227013059076506,18.0,43.0,13.0,1.0,1.0,0.9427565985489704,0.4324910909898358,1.0,0.16666666666666666,0.0,0.0004180771048806697,0.4731953852603151,0.47277730815543445,0.9459726934157496,0.0004180771048806697,0.12076645381865819,2134.0,-0.1085746623637565,-0.09345605650366391,-0.03413031119445939,0.05166782384272929,0.022856206404034886,0.2352744476197845,-0.4614808937484733,1.0,0.0,0.23529411764705882,0.015435753577473645,0.1021938259437371,0.09128809549229783,-0.0211450606913966,-0.34497702827404453
G12,G12__mom_12_1__top50__monthly__long_short,long_short,mom_12_1,50,monthly,base,20.0,0.0,True,,False,True,1,0,2134.0,0.4647384732874882,0.04610262902566431,0.12652499138079265,0.41969307636034897,0.19947544558060504,0.26983614423981256,-0.24696390867129192,1208.0,0.1866775970371717,0.5995539321319309,7.221618683935872,0.12798026186713007,18.0,43.0,13.0,1.0,1.0,0.9427565985489704,0.4324910909898358,1.0,0.16666666666666666,0.0,0.00041805703614897417,0.47289423833688377,0.4724761813007348,0.9453704196376186,0.00041805703614897417,0.0,2134.0,-0.10185219978427217,-0.08733776399643231,-0.0340477457985068,0.05837749259518928,0.02956836740738343,0.23524111198221148,-0.4329693858613203,1.0,0.0,0.23529411764705882,0.014943286484796509,0.10593942476928554,0.08888552450939657,-0.02111067670495556,-0.34402224670629344
G12,G12__mom_12_1__top50__monthly__long_short,long_short,mom_12_1,50,monthly,base,20.0,0.01,True,,False,True,1,0,2134.0,0.40761899205091545,0.04120039709377976,0.12654896303168361,0.3825149060914675,0.16233023162550672,0.21925436656972302,-0.25269503183430353,1464.0,0.16304395379168185,0.5996905973020089,7.223264813988208,0.12550174253986032,18.0,43.0,13.0,1.0,1.0,0.9427565985489704,0.4324910909898358,1.0,0.16666666666666666,0.0,0.00041806395079760063,0.4729955511684966,0.47257748721769893,0.9455730383861954,0.00041806395079760063,0.0409639115103969,2134.0,-0.10654699794330663,-0.09161466937093594,-0.034065770866709005,0.05368548749009734,0.024875764509143923,0.23525682735804118,-0.4528965179877693,1.0,0.0,0.23529411764705882,0.015192338007472363,0.10270740406951631,0.09027306460411816,-0.02111801798983598,-0.3443401826912149
G12,G12__mom_12_1__top50__monthly__long_short,long_short,mom_12_1,50,monthly,base,20.0,0.03,True,,False,True,1,0,2134.0,0.3014259146504974,0.031600574222216515,0.126596303471486,0.3092439947811705,0.08912478733087043,0.12001703748198819,-0.2702912110844182,1512.0,0.11691306607948462,0.5999631858918256,7.226548139720471,0.1208027858984182,18.0,43.0,13.0,1.0,1.0,0.9427565985489704,0.4324910909898358,1.0,0.16666666666666666,0.0,0.0004180771048806697,0.4731953852603151,0.47277730815543445,0.9459726934157496,0.0004180771048806697,0.11700943900558933,2134.0,-0.11580471604329197,-0.0999899430430417,-0.0341012906147271,0.04443327331226788,0.01562237215370047,0.23528785491271056,-0.49218314343617253,1.0,0.0,0.23529411764705882,0.015675661152432515,0.09633534431288952,0.0914283153276958,-0.021132449640529877,-0.3449770282740463
G12,G12__mom_12_1__top50__weekly__long_only,long_only,mom_12_1,50,weekly,base,0.0,0.0,True,,False,True,2,0,2134.0,0.9757301168414545,0.08373203690402842,0.16875872424636557,0.5614617146542804,0.3963328108282852,0.5283010682476691,-0.29294687375184747,856.0,0.28582669557674484,0.1300352209670809,6.81789166052706,0.0,9.0,7.0,4.0,5.0,0.0,0.7318172701390635,0.32483746758660936,1.0,0.8693693693693694,0.0,0.732056341059839,0.732056341059839,0.0,0.732056341059839,0.732056341059839,0.0,2134.0,-0.06020229997511036,-0.054508346900192975,0.7183714960336536,-0.016562875452242488,-0.02440714359863418,0.11134448790444215,-0.5406850496881092,1.0,1.0,0.38738738738738737,-0.06827654597993699,-0.20406310345433365,0.04840098651185765,-0.06711077629398754,-1.9439541539827658
G12,G12__mom_12_1__top50__weekly__long_only,long_only,mom_12_1,50,weekly,base,5.0,0.0,True,,False,True,2,0,2134.0,0.9195046001968872,0.08004355285667208,0.16878283689258136,0.5412033445351865,0.3760971069490065,0.5008617371267526,-0.2933264249025135,857.0,0.2728821751510264,0.1300352209670809,6.81789166052706,0.03401273863310947,9.0,7.0,4.0,5.0,0.0,0.7318172701390635,0.32483746758660936,1.0,0.8693693693693694,0.0,0.732056341059839,0.732056341059839,0.0,0.732056341059839,0.732056341059839,0.0,2134.0,-0.06360802682694178,-0.057726329538528826,0.7184998970451786,-0.019988498536778296,-0.027829282455520854,0.11133857349479238,-0.5713026925921312,1.0,1.0,0.38738738738738737,-0.06692853174460531,-0.20570350101654228,0.048287369060436514,-0.06709569691874484,-1.9439541539827658
G12,G12__mom_12_1__top50__weekly__long_only,long_only,mom_12_1,50,weekly,base,10.0,0.0,True,,True,True,2,0,2134.0,0.864867743470566,0.0763668448056658,0.16881094147776654,0.5209384427617383,0.35585880786837476,0.4734716643797152,-0.2937058602490191,963.0,0.26001130771077574,0.1300352209670809,6.81789166052706,0.06698367980628514,9.0,7.0,4.0,5.0,0.0,0.7318172701390635,0.32483746758660936,1.0,0.8693693693693694,0.0,0.732056341059839,0.732056341059839,0.0,0.732056341059839,0.732056341059839,0.0,2134.0,-0.06701375367877303,-0.06093403832145116,0.7186282980567033,-0.0234141216213139,-0.03125142131240734,0.1113387166347063,-0.6018908399909078,1.0,1.0,0.38738738738738737,-0.06558941339042401,-0.207336747266899,0.04817382097388395,-0.06708130524246225,-1.9439541539827658
G12,G12__mom_12_1__top50__weekly__long_only,long_only,mom_12_1,50,weekly,base,20.0,0.0,True,,False,True,2,0,2134.0,0.7601829841942438,0.06904861593367895,0.16887911820997967,0.4803948299281987,0.31538018608210117,0.4188438687851828,-0.2944643836027452,985.0,0.23448885426779076,0.1300352209670809,6.81789166052706,0.1299225232467685,9.0,7.0,4.0,5.0,0.0,0.7318172701390635,0.32483746758660936,1.0,0.8693693693693694,0.0,0.732056341059839,0.732056341059839,0.0,0.732056341059839,0.732056341059839,0.0,2134.0,-0.07382520738243631,-0.06731875712491514,0.7188851000797534,-0.030265367790385977,-0.03809569902618114,0.11135717448124159,-0.6629586977790315,1.0,1.0,0.38738738738738737,-0.06293768740587266,-0.21058046779574502,0.047946932841606504,-0.06705458969951603,-1.9439541539827658
G12,G12__mom_12_1__top50__weekly__long_short,long_short,mom_12_1,50,weekly,base,0.0,0.0,True,,False,True,12,0,2134.0,0.4973080456321599,0.04882289992481548,0.12684849816629587,0.4394664200547083,0.21983300743313067,0.29453079595439713,-0.3252835993003653,1511.0,0.15009333403167568,0.16506969675695785,8.654788299317008,0.0,16.0,37.0,9.0,15.0,5.0,0.938322027711351,0.4606528205463918,1.0,0.23198198198198197,0.0,0.00018305393369417606,0.46944434283148656,0.46926128889779234,0.938705631729279,0.00018305393369417606,0.0,2134.0,-0.09920820727488538,-0.08496448966132625,-0.07855034054303353,0.06791733405833686,0.03787220338311205,0.24227614579999146,-0.409484008206015,1.0,0.0,0.22972972972972974,0.017527665219486677,0.12478925635865376,0.09793795740815459,-0.022351565489258624,-0.4785086654501356
G12,G12__mom_12_1__top50__weekly__long_short,long_short,mom_12_1,50,weekly,base,0.0,0.01,True,,False,True,12,0,2134.0,0.4392855178231667,0.043939362046136354,0.12685495739988242,0.40265437690767625,0.18302042941220406,0.2448463453622326,-0.3282111701002143,1521.0,0.13387527923781553,0.16508172863988677,8.655419144357849,0.0,16.0,37.0,9.0,15.0,5.0,0.938322027711351,0.4606528205463918,1.0,0.23198198198198197,0.0,0.00018308958518130128,0.4694716782261105,0.4692885886409292,0.9387602668670397,0.00018308958518130128,0.04139270844098722,2134.0,-0.10387515882384418,-0.08922508558786088,-0.0785676251642567,0.06325306082820109,0.033207347271150565,0.24228215467717354,-0.42873631763037445,1.0,0.0,0.22972972972972974,0.017766637496971455,0.12135693427412217,0.09889917349491784,-0.022355532552795376,-0.4786758177670052
G12,G12__mom_12_1__top50__weekly__long_short,long_short,mom_12_1,50,weekly,base,0.0,0.03,True,,False,True,12,0,2134.0,0.3314219243555383,0.03438021490237686,0.12686774123410163,0.33010942460961956,0.11047491364682904,0.14736319302659526,-0.33464297051480685,1539.0,0.10273700012131481,0.1651057856425455,8.656680479837457,0.0,16.0,37.0,9.0,15.0,5.0,0.938322027711351,0.4606528205463918,1.0,0.23198198198198197,0.0,0.00018315990010724824,0.4695255618550716,0.4693424019549644,0.938867963810036,0.00018315990010724824,0.11821226995526943,2134.0,-0.11307362559303227,-0.09756487211017924,-0.07860169179425715,0.05405987281491917,0.024013010423822596,0.2422940256218378,-0.4666793797446445,1.0,0.0,0.22972972972972974,0.01822983479489486,0.11458999347383485,0.10005587227535795,-0.02236330233513506,-0.4790093104075197
G12,G12__mom_12_1__top50__weekly__long_short,long_short,mom_12_1,50,weekly,base,5.0,0.0,True,,False,True,12,0,2134.0,0.44342531417931164,0.04429349247252046,0.12685399319831067,0.4053318541319018,0.18569721543404907,0.2483954918617034,-0.328322196713278,1521.0,0.13490861390404782,0.16506969675695785,8.654788299317008,0.03833052941365417,16.0,37.0,9.0,15.0,5.0,0.938322027711351,0.4606528205463918,1.0,0.23198198198198197,0.0,0.00018305393369417606,0.46944434283148656,0.46926128889779234,0.938705631729279,0.00018305393369417606,0.0,2134.0,-0.10353589838623675,-0.08891612788350736,-0.07843042798951702,0.06357106203363751,0.033529219391348626,0.2422607974852699,-0.4273737206389408,1.0,0.0,0.22972972972972974,0.017697673383401558,0.12124663192465428,0.09864014558439888,-0.022390659830169524,-0.47850866545013737
G12,G12__mom_12_1__top50__weekly__long_short,long_short,mom_12_1,50,weekly,base,5.0,0.01,True,,False,True,12,0,2134.0,0.38748710172152045,0.03943071654061181,0.12686047261072017,0.3685212503071779,0.14888621167109564,0.19886092272215034,-0.3312368629771235,1532.0,0.11904084643904819,0.16508172863988677,8.655419144357849,0.03759008382619979,16.0,37.0,9.0,15.0,5.0,0.938322027711351,0.4606528205463918,1.0,0.23198198198198197,0.0,0.00018308958518130128,0.4694716782261105,0.4692885886409292,0.9387602668670397,0.00018308958518130128,0.040608768347981314,2134.0,-0.10820308267228157,-0.0931586102481043,-0.07844776534787791,0.0589065642382389,0.02886413724179702,0.24226682547163547,-0.4466277314759711,1.0,0.0,0.22972972972972974,0.01793447295580491,0.11780583832813724,0.09958969348813906,-0.02239461811654972,-0.4786758177670052
G12,G12__mom_12_1__top50__weekly__long_short,long_short,mom_12_1,50,weekly,base,5.0,0.03,True,,False,True,12,0,2134.0,0.2834985528989291,0.02991220452936827,0.12687329600034616,0.2959791122772728,0.07634377564167215,0.10167184580106967,-0.34198503499090915,1543.0,0.08746641364047819,0.1651057856425455,8.656680479837457,0.03618687030373151,16.0,37.0,9.0,15.0,5.0,0.938322027711351,0.4606528205463918,1.0,0.23198198198198197,0.0,0.00018315990010724824,0.4695255618550716,0.4693424019549644,0.938867963810036,0.00018315990010724824,0.11600211948686406,2134.0,-0.11740201713146954,-0.10146294503760721,-0.07848193604595105,0.04971292466070692,0.019669345924104943,0.24227873398887315,-0.48457417288989685,1.0,0.0,0.22972972972972974,0.01839343823812597,0.11102224332689205,0.09719655685662887,-0.022402370605695027,-0.4790093104075197
G12,G12__mom_12_1__top50__weekly__long_short,long_short,mom_12_1,50,weekly,base,10.0,0.0,True,,False,True,12,0,2134.0,0.3914693575523822,0.039782562747606054,0.1268671108250965,0.37117794241153784,0.15155533770843713,0.2024023301368543,-0.33134770964600546,1532.0,0.12006288738228389,0.16506969675695785,8.654788299317008,0.07525589791389145,16.0,37.0,9.0,15.0,5.0,0.938322027711351,0.4606528205463918,1.0,0.23198198198198197,0.0,0.00018305393369417606,0.46944434283148656,0.46926128889779234,0.938705631729279,0.00018305393369417606,0.0,2134.0,-0.1078635894975878,-0.09285164538911708,-0.07831051543600018,0.05922479000893837,0.029186235399585467,0.24224944022254655,-0.4452583642649374,1.0,0.0,0.22972972972972974,0.017865919880799153,0.11768127257855353,0.09933217949596185,-0.02242923044891801,-0.47850866545013737
G12,G12__mom_12_1__top50__weekly__long_short,long_short,mom_12_1,50,weekly,base,10.0,0.01,True,,True,True,12,0,2134.0,0.33754106114836824,0.0349404654441281,0.1268736105199247,0.3343710008628005,0.1147481320347853,0.1530195814209998,-0.33424952572395805,1539.0,0.10453407635642807,0.16508172863988677,8.655419144357849,0.07381143119450556,16.0,37.0,9.0,15.0,5.0,0.938322027711351,0.4606528205463918,1.0,0.23198198198198197,0.0,0.00018308958518130128,0.4694716782261105,0.4692885886409292,0.9387602668670397,0.00018308958518130128,0.03984415955162014,2134.0,-0.1125310065207193,-0.09707608688206616,-0.07832790553149904,0.054560067648276346,0.02452092721244313,0.24225548748057468,-0.46451375649330806,1.0,0.0,0.22972972972972974,0.0181005603909888,0.1142326467156439,0.10027015337622236,-0.022433179922332097,-0.4786758177670034
G12,G12__mom_12_1__top50__weekly__long_short,long_short,mom_12_1,50,weekly,base,10.0,0.03,True,,False,True,12,0,2134.0,0.2372892267079505,0.02546242551784461,0.12688647367695952,0.26183605723034636,0.04221315753085128,0.056128345280154736,-0.34924765983732287,1545.0,0.07290650288023356,0.1651057856425455,8.656680479837457,0.07107370014111339,16.0,37.0,9.0,15.0,5.0,0.938322027711351,0.4606528205463918,1.0,0.23198198198198197,0.0,0.00018315990010724824,0.4695255618550716,0.4693424019549644,0.938867963810036,0.00018315990010724824,0.11384612191500848,2134.0,-0.12173040866990645,-0.10534511218803466,-0.07836218029764493,0.04536597650649504,0.015325681424387661,0.24226743389589186,-0.5024629464735113,1.0,0.0,0.22972972972972974,0.01855532026920091,0.10743365735113508,0.09722786365395641,-0.022440915049679988,-0.4790093104075197
G12,G12__mom_12_1__top50__weekly__long_short,long_short,mom_12_1,50,weekly,base,20.0,0.0,True,,False,True,12,0,2134.0,0.2930663400025293,0.03081585233068207,0.1269162030353956,0.3028367538093923,0.08327796385878601,0.11086652478952433,-0.340587783239199,1540.0,0.09047844299523719,0.16506969675695785,8.654788299317008,0.14509398713494204,16.0,37.0,9.0,15.0,5.0,0.938322027711351,0.4606528205463918,1.0,0.23198198198198197,0.0,0.00018305393369417606,0.46944434283148656,0.46926128889779234,0.938705631729279,0.00018305393369417606,0.0,2134.0,-0.11651897172029073,-0.10067456615390766,-0.07807069032896707,0.050532245959539424,0.020500267416058416,0.24223870090125463,-0.4810089027342833,1.0,0.0,0.22972972972972974,0.01819717252646117,0.11048962471971181,0.09745803568072897,-0.0225047808677184,-0.47850866545013737
G12,G12__mom_12_1__top50__weekly__long_short,long_short,mom_12_1,50,weekly,base,20.0,0.01,True,,False,True,12,0,2134.0,0.24294513995170752,0.026014863588390114,0.12692274359162356,0.2660437954634454,0.046485015348508844,0.061793290033251624,-0.34840340168719675,1545.0,0.07466879904848563,0.16508172863988677,8.655419144357849,0.14234484164763628,16.0,37.0,9.0,15.0,5.0,0.938322027711351,0.4606528205463918,1.0,0.23198198198198197,0.0,0.00018308958518130128,0.4694716782261105,0.4692885886409292,0.9387602668670397,0.00018308958518130128,0.03837083525159475,2134.0,-0.12118685421759445,-0.10486314287572404,-0.07808818589874143,0.045867074468351574,0.01583450715373568,0.24224478718625886,-0.5002660970550233,1.0,0.0,0.22972972972972974,0.018427535555454212,0.10702726307800024,0.09679837831727955,-0.022508712617294452,-0.4786758177670034
G12,G12__mom_12_1__top50__weekly__long_short,long_short,mom_12_1,50,weekly,base,20.0,0.03,True,,False,True,12,0,2134.0,0.14977119725005061,0.016617281153397334,0.12693568689159004,0.19353636087811907,-0.02602191145936359,-0.03449072263807935,-0.36353795259105093,1578.0,0.045709893657486574,0.1651057856425455,8.656680479837457,0.13713304883755018,16.0,37.0,9.0,15.0,5.0,0.938322027711351,0.4606528205463918,1.0,0.23198198198198197,0.0,0.00018315990010724824,0.4695255618550716,0.4693424019549644,0.938867963810036,0.00018315990010724824,0.1096907224233992,2134.0,-0.13038719174678098,-0.11306197381273926,-0.07812266880103265,0.03667208019807057,0.006638352424952395,0.24225681036680918,-0.5382188907273954,1.0,0.0,0.22972972972972974,0.018873963902932035,0.1002012861403011,0.09724747623859348,-0.022516412833935046,-0.4790093104075197
G12,G12__mom_255_0__top10__monthly__long_only,long_only,mom_255_0,10,monthly,base,0.0,0.0,True,,False,True,0,0,2134.0,1.4823667663095246,0.11334296333314486,0.17775659875224825,0.6933449421143336,0.5366111115221295,0.7369980571255832,-0.3693765679065746,1322.0,0.30684935965351323,0.4028546986501989,4.852379181867251,0.0,0.0,0.0,0.0,0.0,0.0,0.5335986835670157,0.27476333356607335,0.9642613468080935,1.0,0.0,0.5353145261635127,0.5353145261635127,0.0,0.5353145261635127,0.5353145261635127,0.0,2134.0,-0.03170722398102531,-0.028674577272724995,0.6696284061473337,0.01948513059738699,0.010288874203372577,0.13822144751457532,-0.22939438525039185,1.0,1.0,0.43137254901960786,-0.13132794399403863,-0.1971282241642177,0.14041901779142707,-0.16153603007380024,-3.665365542855893
G12,G12__mom_255_0__top10__monthly__long_only,long_only,mom_255_0,10,monthly,base,5.0,0.0,True,,True,True,0,0,2134.0,1.4318792471436392,0.1106447225120395,0.17774730031030855,0.6797157761633474,0.5229725051860811,0.7178323548152629,-0.3738579634133524,1342.0,0.2959539005183801,0.4028546986501989,4.852379181867251,0.02266515564739613,0.0,0.0,0.0,0.0,0.0,0.5335986835670157,0.27476333356607335,0.9642613468080935,1.0,0.0,0.5353145261635127,0.5353145261635127,0.0,0.5353145261635127,0.5353145261635127,0.0,2134.0,-0.03413621846198268,-0.03102863167689096,0.6695746405161639,0.017064467308657356,0.007866700832889355,0.13822381298669809,-0.24696336849908607,1.0,1.0,0.43137254901960786,-0.1287355082582568,-0.1982224745871437,0.14102893520439563,-0.16152870222326532,-3.665365542855893
G12,G12__mom_255_0__top10__monthly__long_only,long_only,mom_255_0,10,monthly,base,10.0,0.0,True,,False,True,0,0,2134.0,1.3824064327910932,0.10795235466151554,0.17774126389553066,0.6660729597376317,0.5093231251626223,0.6986764791346883,-0.37830897332327895,1344.0,0.2853549936000759,0.4028546986501989,4.852379181867251,0.044819628344411534,0.0,0.0,0.0,0.0,0.0,0.5335986835670157,0.27476333356607335,0.9642613468080935,1.0,0.0,0.5353145261635127,0.5353145261635127,0.0,0.5353145261635127,0.5353145261635127,0.0,2134.0,-0.03656521294294013,-0.03337756226402858,0.6695208748849945,0.014643804019927617,0.0054445274624060225,0.1382303734932425,-0.2645237223838338,1.0,1.0,0.43137254901960786,-0.12615758829119916,-0.19931618273582175,0.14161870158646028,-0.16152293988461294,-3.665365542855893
G12,G12__mom_255_0__top10__monthly__long_only,long_only,mom_255_0,10,monthly,base,20.0,0.0,True,,False,True,0,0,2134.0,1.2864247108093871,0.10258519232174912,0.17773897829728674,0.6387493718940872,0.48199504434784113,0.6603961008263397,-0.3871206199691394,1446.0,0.2649954226926146,0.4028546986501989,4.852379181867251,0.08764042287982318,0.0,0.0,0.0,0.0,0.0,0.5335986835670157,0.27476333356607335,0.9642613468080935,1.0,0.0,0.5353145261635127,0.5353145261635127,0.0,0.5353145261635127,0.5353145261635127,0.0,2134.0,-0.04142320190485497,-0.03806009172728764,0.6694133436226555,0.009802477442468175,0.0006001807214394406,0.13825607683898722,-0.2996121606509663,1.0,1.0,0.43137254901960786,-0.12104505887532219,-0.20150110853866543,0.14273890731235628,-0.16151611240177355,-3.665365542855893
G12,G12__mom_255_0__top10__monthly__long_short,long_short,mom_255_0,10,monthly,base,0.0,0.0,True,,False,True,0,0,2134.0,0.40687592557508845,0.04113547625594194,0.16478821054516762,0.32756339756493336,0.15848698639298792,0.21267706435254408,-0.4470557502408403,1974.0,0.09201419785738403,0.6210663382409883,7.4807353130957654,0.0,4.0,28.0,4.0,0.0,0.0,0.7829423152537762,0.26594421077326463,1.0,0.7745098039215687,0.0,0.0011194038700181016,0.39421507905560194,0.3930956751855838,0.7873107542411857,0.0011194038700181016,0.0,2134.0,-0.10097527652852296,-0.0916713089351441,-0.024536282884748687,0.057780577932967626,0.029249082395759657,0.2564848776151067,-0.3936890060241729,1.0,0.0,0.22549019607843138,0.002720703373078337,-0.005715590063569476,0.12242432845769047,-0.08066177860299686,-1.7850902816638463
G12,G12__mom_255_0__top10__monthly__long_short,long_short,mom_255_0,10,monthly,base,0.0,0.01,True,,False,True,0,0,2134.0,0.3609304834407745,0.037061308959181805,0.16482408500570822,0.30373843815376744,0.13469233115289148,0.18056689734933215,-0.45547183444743544,1989.0,0.08136904668132433,0.6212061568975525,7.482419426848495,0.0,4.0,28.0,4.0,0.0,0.0,0.7829423152537762,0.26594421077326463,1.0,0.7745098039215687,0.0,0.0011190112119301165,0.3942875718817743,0.39316856066984424,0.7874561325516187,0.0011190112119301165,0.02804866593465109,2134.0,-0.10489045250358604,-0.09522577723657231,-0.0245518240036409,0.053867810114306844,0.025335798355332784,0.2565101589219907,-0.4089134439914527,1.0,0.0,0.22549019607843138,0.003860703810622708,-0.009024582636060124,0.1225531810012851,-0.08068619390984097,-1.7858994521160083
G12,G12__mom_255_0__top10__monthly__long_short,long_short,mom_255_0,10,monthly,base,0.0,0.03,True,,False,True,0,0,2134.0,0.27468529985086576,0.029074548229901742,0.16489495975938115,0.2567919744069815,0.0878058634804079,0.11748113116966638,-0.47169382728459497,2022.0,0.06163860230538846,0.6214835792118971,7.4857609747247436,0.0,4.0,28.0,4.0,0.0,0.0,0.7829423152537762,0.26594421077326463,1.0,0.7745098039215687,0.0,0.0011182353417493293,0.3944305449839073,0.39331230964215796,0.7877428546260653,0.0011182353417493293,0.08066913067339895,2134.0,-0.11261016036697243,-0.10219375026652115,-0.024582465000881213,0.04615285019179842,0.01761982063107848,0.256560103941621,-0.4389231164039298,1.0,0.0,0.22549019607843138,0.006079694462525941,-0.015544047215537898,0.12268852985064371,-0.08073428921737544,-1.7875092960809544
G12,G12__mom_255_0__top10__monthly__long_short,long_short,mom_255_0,10,monthly,base,5.0,0.0,True,,False,True,0,0,2134.0,0.363004532477049,0.03724781889148443,0.1647607312466757,0.304883504208719,0.13577279536779616,0.18198858494552797,-0.45560275181702625,1985.0,0.08175503493544187,0.6210663382409883,7.4807353130957654,0.026597326264860957,4.0,28.0,4.0,0.0,0.0,0.7829423152537762,0.26594421077326463,1.0,0.7745098039215687,0.0,0.0011194038700181016,0.39421507905560194,0.3930956751855838,0.7873107542411857,0.0011194038700181016,0.0,2134.0,-0.10472103355486621,-0.0950630584295179,-0.024493434146559332,0.05402818132913215,0.025497864538284346,0.2564610712902036,-0.40833110860855387,1.0,0.0,0.22549019607843138,0.003633796475334433,-0.009537069481768634,0.1221139906592299,-0.08066365199777159,-1.7850902816638463
G12,G12__mom_255_0__top10__monthly__long_short,long_short,mom_255_0,10,monthly,base,5.0,0.01,True,,True,True,0,0,2134.0,0.31848242704619123,0.033187994412387845,0.16479661030283155,0.28105474303698813,0.1119743789443827,0.14994025745162867,-0.4638907597720048,2012.0,0.07154269343217623,0.6212061568975525,7.482419426848495,0.026184790395488974,4.0,28.0,4.0,0.0,0.0,0.7829423152537762,0.26594421077326463,1.0,0.7745098039215687,0.0,0.0011190112119301165,0.3942875718817743,0.39316856066984424,0.7874561325516187,0.0011190112119301165,0.0275897670771144,2134.0,-0.10863699369131467,-0.09860501347682048,-0.024508921289364206,0.05011462098528274,0.02158378947017542,0.2564863463038262,-0.4235585841385353,1.0,0.0,0.22549019607843138,0.004765316484781644,-0.012847597236533198,0.12220995166164261,-0.08068803916880446,-1.7858994521160083
G12,G12__mom_255_0__top10__monthly__long_short,long_short,mom_255_0,10,monthly,base,5.0,0.03,True,,False,True,0,0,2134.0,0.23490979173711768,0.025229349785201416,0.16486749400471393,0.23410075324928517,0.06508046515333822,0.08697602213102228,-0.47986582976806236,2033.0,0.0525758414542576,0.6214835792118971,7.4857609747247436,0.025397457865508795,4.0,28.0,4.0,0.0,0.0,0.7829423152537762,0.26594421077326463,1.0,0.7745098039215687,0.0,0.0011182353417493293,0.3944305449839073,0.39331230964215796,0.7877428546260653,0.0011182353417493293,0.07936453945339747,2134.0,-0.11635825812051812,-0.10554845688234107,-0.024539452979748615,0.042398087559437685,0.013866241275620379,0.2565362784301156,-0.45357428131637867,1.0,0.0,0.22549019607843138,0.006967749855429514,-0.019370048689542174,0.1222839750922079,-0.08073607829627946,-1.787509296080958
G12,G12__mom_255_0__top10__monthly__long_short,long_short,mom_255_0,10,monthly,base,10.0,0.0,True,,False,True,0,0,2134.0,0.32048606630756393,0.033373279224970354,0.16474116713745,0.28218248589527334,0.11304559537937578,0.15135295596498546,-0.4640210466183119,2012.0,0.07192190843106755,0.6210663382409883,7.4807353130957654,0.05237389920256738,4.0,28.0,4.0,0.0,0.0,0.7829423152537762,0.26594421077326463,1.0,0.7745098039215687,0.0,0.0011194038700181016,0.39421507905560194,0.3930956751855838,0.7873107542411857,0.0011194038700181016,0.0,2134.0,-0.10846679058120932,-0.09844336351375116,-0.024450585408369904,0.05027578472529674,0.02174664668080911,0.25644235042599867,-0.422967541831627,1.0,0.0,0.22549019607843138,0.004539789452587855,-0.013363726939204512,0.12177838772524385,-0.08066512824340161,-1.7850902816638463
G12,G12__mom_255_0__top10__monthly__long_short,long_short,mom_255_0,10,monthly,base,10.0,0.01,True,,False,True,0,0,2134.0,0.27734369364007216,0.029327752047115352,0.16477705275264395,0.258351069297284,0.08924456354969275,0.11936780923608327,-0.4721828768670546,2022.0,0.06211100292688657,0.6212061568975525,7.482419426848495,0.05156637219607885,4.0,28.0,4.0,0.0,0.0,0.7829423152537762,0.26594421077326463,1.0,0.7745098039215687,0.0,0.0011190112119301165,0.3942875718817743,0.39316856066984424,0.7874561325516187,0.0011190112119301165,0.027140864710092024,2134.0,-0.11238353487904312,-0.10197284501729427,-0.02446601857508745,0.046361431856258795,0.01783178058501821,0.25646762101208315,-0.4381977515740606,1.0,0.0,0.22549019607843138,0.00566287431455105,-0.016675268706537558,0.12184252083839409,-0.08068948760789155,-1.7858994521160083
G12,G12__mom_255_0__top10__monthly__long_short,long_short,mom_255_0,10,monthly,base,10.0,0.03,True,,False,True,0,0,2134.0,0.19636170948641363,0.02139713430339918,0.16484794931267982,0.21139181242213712,0.042345461500872095,0.0565277386928815,-0.4879146851016841,2039.0,0.043854253533975714,0.6214835792118971,7.4857609747247436,0.05002505725883025,4.0,28.0,4.0,0.0,0.0,0.7829423152537762,0.26594421077326463,1.0,0.7745098039215687,0.0,0.0011182353417493293,0.3944305449839073,0.39331230964215796,0.7877428546260653,0.0011182353417493293,0.07808822546009862,2134.0,-0.1201063558740637,-0.1088918366363205,-0.024496440958616125,0.03864332492707712,0.010112661920162405,0.2565175439514172,-0.4682188751066909,1.0,0.0,0.22549019607843138,0.00784883890265928,-0.02319968003141501,0.12185723231868162,-0.08073747121633237,-1.787509296080958
G12,G12__mom_255_0__top10__monthly__long_short,long_short,mom_255_0,10,monthly,base,20.0,0.0,True,,False,True,0,0,2134.0,0.23934413330411664,0.025663394435368136,0.16472579462663564,0.23673012540528265,0.06756526130085783,0.09025591317836736,-0.4804790374969813,2033.0,0.05341210007633137,0.6210663382409883,7.4807353130957654,0.10156737079565098,4.0,28.0,4.0,0.0,0.0,0.7829423152537762,0.26594421077326463,1.0,0.7745098039215687,0.0,0.0011194038700181016,0.39421507905560194,0.3930956751855838,0.7873107542411857,0.0011194038700181016,0.0,2134.0,-0.11595830463389539,-0.10516977877757815,-0.02436488793199116,0.04277099151762615,0.014244210965858812,0.2564201692324957,-0.4522199052476103,1.0,0.0,0.22549019607843138,0.006330623976921437,-0.02102642645376547,0.1210350585383263,-0.08066688510624956,-1.7850902816638463
G12,G12__mom_255_0__top10__monthly__long_short,long_short,mom_255_0,10,monthly,base,20.0,0.01,True,,False,True,0,0,2134.0,0.1988356581731454,0.02164632582669368,0.16476169924641396,0.2128968416766744,0.04376244064344924,0.05840122571726123,-0.4883940987609524,2039.0,0.04432143197800719,0.6212061568975525,7.482419426848495,0.10002003169230869,4.0,28.0,4.0,0.0,0.0,0.7829423152537762,0.26594421077326463,1.0,0.7745098039215687,0.0,0.0011190112119301165,0.3942875718817743,0.39316856066984424,0.7874561325516187,0.0011190112119301165,0.02627209781134523,2134.0,-0.11987661725450001,-0.10867443187455689,-0.02438021314653392,0.0388550535982109,0.010327762814703762,0.2564454365627308,-0.46745467129876667,1.0,0.0,0.22549019607843138,0.00743697360057578,-0.02433843002101066,0.12103862406876542,-0.08069118985717486,-1.7858994521160083
G12,G12__mom_255_0__top10__monthly__long_short,long_short,mom_255_0,10,monthly,base,20.0,0.03,True,,False,True,0,0,2134.0,0.12279913674365073,0.0137714952052721,0.16483263324525196,0.16593383684827245,-0.0031402551058990085,-0.004182488064023976,-0.5036501560738291,2045.0,0.027343375236149756,0.6214835792118971,7.4857609747247436,0.0970661285576953,4.0,28.0,4.0,0.0,0.0,0.7829423152537762,0.26594421077326463,1.0,0.7745098039215687,0.0,0.0011182353417493293,0.3944305449839073,0.39331230964215796,0.7877428546260653,0.0011182353417493293,0.07561774414482215,2134.0,-0.1276025513811549,-0.11554475255216543,-0.024410416916351003,0.03113379966235587,0.0026055032092464235,0.2564953522514962,-0.49748484820902084,1.0,0.0,0.22549019607843138,0.0095902645845123,-0.03086367474675161,0.1209405564907804,-0.08073906443396495,-1.7875092960809562
G12,G12__mom_255_0__top10__weekly__long_only,long_only,mom_255_0,10,weekly,base,0.0,0.0,True,,False,True,0,0,2134.0,1.1748671359928946,0.09609144779997347,0.16653104793786438,0.6346763898001989,0.4673671601667037,0.6315734796205094,-0.29627740991277374,1344.0,0.3243293095759933,0.19957279567995043,10.463824256344093,0.0,0.0,0.0,0.0,0.0,0.0,0.5317400299137006,0.2657721079797484,0.9655457126835234,1.0,0.0,0.5322398665476775,0.5322398665476775,0.0,0.5322398665476775,0.5322398665476775,0.0,2134.0,-0.049260538358496045,-0.043725497043014865,0.5999137417025496,0.012734372759217238,0.001593340525644667,0.14273916214263965,-0.34510878177405757,1.0,1.0,0.4346846846846847,-0.10992442571579822,-0.17859372010421964,0.14793873767310495,-0.16716953783827854,-8.580497970203059
G12,G12__mom_255_0__top10__weekly__long_only,long_only,mom_255_0,10,weekly,base,5.0,0.0,True,,False,True,0,0,2134.0,1.0806062560846095,0.09037137067299339,0.16653731591562973,0.6032324715782825,0.43592663939569176,0.588288522289973,-0.30611660966832976,1449.0,0.29521877552122594,0.19957279567995043,10.463824256344093,0.045581997000413994,0.0,0.0,0.0,0.0,0.0,0.5317400299137006,0.2657721079797484,0.9655457126835234,1.0,0.0,0.5322398665476775,0.5322398665476775,0.0,0.5322398665476775,0.5322398665476775,0.0,2134.0,-0.0544931459635451,-0.04871592363785673,0.5999870119445396,0.007490411647154296,-0.0036486281895980093,0.1427275730416848,-0.3817983084994371,1.0,1.0,0.4346846846846847,-0.10421377094190881,-0.18147254497745402,0.14946832907532553,-0.16717518189039635,-8.580497970203059
G12,G12__mom_255_0__top10__weekly__long_only,long_only,mom_255_0,10,weekly,base,10.0,0.0,True,,True,True,0,0,2134.0,0.9904184132814489,0.08468035146261266,0.16654732556244423,0.5717780742690184,0.40447942973288387,0.5451150111674441,-0.3158199165688863,1467.0,0.2681285980396435,0.19957279567995043,10.463824256344093,0.08902799723253987,0.0,0.0,0.0,0.0,0.0,0.5317400299137006,0.2657721079797484,0.9655457126835234,1.0,0.0,0.5322398665476775,0.5322398665476775,0.0,0.5322398665476775,0.5322398665476775,0.0,2134.0,-0.059725753568594074,-0.053680998931208396,0.6000602821865296,0.0022464505350914357,-0.008890596904840549,0.14272034962848748,-0.41848099254286447,1.0,1.0,0.4346846846846847,-0.09857971054225403,-0.18434997462074887,0.1509040597846753,-0.16718281649906186,-8.580497970203059
G12,G12__mom_255_0__top10__weekly__long_only,long_only,mom_255_0,10,weekly,base,20.0,0.0,True,,False,True,0,0,2134.0,0.8215675140457788,0.07338491291365146,0.16657856691305917,0.5088463386702753,0.3415734333608652,0.4591090190493295,-0.33525533036901656,1519.0,0.21889260592181028,0.19957279567995043,10.463824256344093,0.16989993353949473,0.0,0.0,0.0,0.0,0.0,0.5317400299137006,0.2657721079797484,0.9655457126835234,1.0,0.0,0.5322398665476775,0.5322398665476775,0.0,0.5322398665476775,0.5322398665476775,0.0,2134.0,-0.07019096877869205,-0.06353559628781523,0.6002068226705097,-0.008241471689034366,-0.01937453433532571,0.1427190021162525,-0.49181235671419316,1.0,1.0,0.4346846846846847,-0.08753814746558444,-0.19009805885944964,0.15307571720084295,-0.1672040564047007,-8.580497970203059
G12,G12__mom_255_0__top10__weekly__long_short,long_short,mom_255_0,10,weekly,base,0.0,0.0,True,,False,True,4,0,2134.0,0.5059306100275356,0.049534331816427635,0.15875714283412384,0.3839962523592559,0.20850341133294134,0.28983878907076194,-0.3823494066684262,1176.0,0.129552526962292,0.29877633745555315,15.665176591015431,0.0,5.0,28.0,4.0,7.0,0.0,0.776885929306001,0.2754506208868093,1.0,0.786036036036036,0.0,0.0003443292009216475,0.3887787823371116,0.38843445313618996,0.7772132354733016,0.0003443292009216475,0.0,2134.0,-0.09399171476977701,-0.08434380771010327,-0.0743850605564134,0.07248840034048579,0.042563362708827934,0.2598158362693992,-0.3617628398613793,1.0,0.0,0.20270270270270271,0.04262178694661793,0.17336984328618316,0.27571100444841423,-0.08262142629523425,-4.500022174775477
G12,G12__mom_255_0__top10__weekly__long_short,long_short,mom_255_0,10,weekly,base,0.0,0.01,True,,False,True,4,0,2134.0,0.4574692005294032,0.04548821145304904,0.15876370870254808,0.35965440548667627,0.18416269044281178,0.2557276640431479,-0.3857254745343621,1216.0,0.11792897917349442,0.2987914630820103,15.665969644479837,0.0,5.0,28.0,4.0,7.0,0.0,0.776885929306001,0.2754506208868093,1.0,0.786036036036036,0.0,0.00034437966938119025,0.3887977757223935,0.3884533960530123,0.7772511717754057,0.00034437966938119025,0.030516417794153133,2134.0,-0.09785379538706888,-0.08787380673268293,-0.0743927091958843,0.06862750490942396,0.038702154224421706,0.25982093229484926,-0.37662013804192934,1.0,0.0,0.20270270270270271,0.04358024446078625,0.16965824562298898,0.2755857619182511,-0.08263098817796302,-4.50066892299861
G12,G12__mom_255_0__top10__weekly__long_short,long_short,mom_255_0,10,weekly,base,0.0,0.03,True,,False,True,4,0,2134.0,0.36647085582627503,0.03755897182986989,0.15877673540406104,0.31168383232367863,0.13619459753650387,0.1887188258236176,-0.3923256109527199,1472.0,0.09573418298811039,0.298821422312577,15.66754044035127,0.0,5.0,28.0,4.0,7.0,0.0,0.776885929306001,0.2754506208868093,1.0,0.786036036036036,0.0,0.00034447917913262146,0.3888352139965955,0.3884907348174629,0.7773259488140583,0.00034447917913262146,0.0876975819678367,2134.0,-0.10546572127876322,-0.0947915960236238,-0.07440778443546457,0.06101791498433303,0.03109194727540942,0.25983102889232806,-0.40590118019533145,1.0,0.0,0.20270270270270271,0.04544250119407449,0.16234165139943968,0.2753029417706888,-0.08264975608667466,-4.50194589229708
G12,G12__mom_255_0__top10__weekly__long_short,long_short,mom_255_0,10,weekly,base,5.0,0.0,True,,False,True,4,0,2134.0,0.4092765358367034,0.04134510589432305,0.15873509137251213,0.33467458225187985,0.1591451969357745,0.22068729748174476,-0.3900111508197184,1466.0,0.10601006101344707,0.29877633745555315,15.665176591015431,0.060208367101008214,5.0,28.0,4.0,7.0,0.0,0.776885929306001,0.2754506208868093,1.0,0.786036036036036,0.0,0.0003443292009216475,0.3887787823371116,0.38843445313618996,0.7772132354733016,0.0003443292009216475,0.0,2134.0,-0.1018292622595342,-0.09148841956158728,-0.07423509805571209,0.06462761558199177,0.034706667381065766,0.25978110720219194,-0.39198101569518223,1.0,0.0,0.20270270270270271,0.044535001680260554,0.1657582761789532,0.27530105255278525,-0.08266985533217677,-4.500022174775474
G12,G12__mom_255_0__top10__weekly__long_short,long_short,mom_255_0,10,weekly,base,5.0,0.01,True,,False,True,4,0,2134.0,0.363920909781116,0.037330144881654315,0.15874171658366434,0.3103295940888979,0.13480148309723866,0.18672886020195179,-0.39334557619359567,1472.0,0.09490419402424212,0.2987914630820103,15.665969644479837,0.059243281700036635,5.0,28.0,4.0,7.0,0.0,0.776885929306001,0.2754506208868093,1.0,0.786036036036036,0.0,0.00034437966938119025,0.3887977757223935,0.3884533960530123,0.7772511717754057,0.00034437966938119025,0.02945875393219867,2134.0,-0.10569161018096024,-0.09499123390658343,-0.07424277106430505,0.060766456622885386,0.03084519468129895,0.2597862430668862,-0.40684067382947686,1.0,0.0,0.20270270270270271,0.045475121386783314,0.16204080329029966,0.2751491520023561,-0.08267936531199305,-4.50066892299861
G12,G12__mom_255_0__top10__weekly__long_short,long_short,mom_255_0,10,weekly,base,5.0,0.03,True,,False,True,4,0,2134.0,0.2787548266121438,0.029461969351185502,0.15875486015563328,0.2623528870489228,0.08682754867131921,0.12002013414023636,-0.39986429916082356,1482.0,0.07367991944521167,0.298821422312577,15.66754044035127,0.05740188612104602,5.0,28.0,4.0,7.0,0.0,0.776885929306001,0.2754506208868093,1.0,0.786036036036036,0.0,0.00034447917913262146,0.3888352139965955,0.3884907348174629,0.7773259488140583,0.00034447917913262146,0.08469146419204142,2134.0,-0.11330406675846527,-0.10185574841372544,-0.07425789286448255,0.05315634322672813,0.023234462947099237,0.2597964179255637,-0.4361263625695136,1.0,0.0,0.20270270270270271,0.047301595111944,0.15471270431352072,0.27481500038559037,-0.08269803072054602,-4.501945892297076
G12,G12__mom_255_0__top10__weekly__long_short,long_short,mom_255_0,10,weekly,base,10.0,0.0,True,,False,True,4,0,2134.0,0.31880950894513505,0.033218257981070476,0.15872079259937902,0.2853252693763877,0.10976799918658704,0.15184575332770242,-0.39757921187680845,1472.0,0.08355129490865656,0.29877633745555315,15.665176591015431,0.11642247838039785,5.0,28.0,4.0,7.0,0.0,0.776885929306001,0.2754506208868093,1.0,0.786036036036036,0.0,0.0003443292009216475,0.3887787823371116,0.38843445313618996,0.7772132354733016,0.0003443292009216475,0.0,2134.0,-0.10966680974929209,-0.09857861031569931,-0.07408513555501073,0.05676683082349705,0.02684997205330289,0.25975111256773503,-0.42219957660698915,1.0,0.0,0.20270270270270271,0.046411521496907075,0.15811709059121576,0.274832897056591,-0.08271841134891028,-4.500022174775477
G12,G12__mom_255_0__top10__weekly__long_short,long_short,mom_255_0,10,weekly,base,10.0,0.01,True,,True,True,4,0,2134.0,0.2763611513532416,0.029234222109799424,0.15872747735890433,0.26097836598779495,0.08542251897683956,0.11804090370900618,-0.4008725010492761,1482.0,0.07292648418956005,0.2987914630820103,15.665969644479837,0.11457834135354653,5.0,28.0,4.0,7.0,0.0,0.776885929306001,0.2754506208868093,1.0,0.786036036036036,0.0,0.00034437966938119025,0.3887977757223935,0.3884533960530123,0.7772511717754057,0.00034437966938119025,0.028449432174810697,2134.0,-0.1135294249748521,-0.10205444431678522,-0.074092832932726,0.05290540833634633,0.02298823513817573,0.2597562885030932,-0.4370613147773714,1.0,0.0,0.20270270270270271,0.04733354759619082,0.15439429441430205,0.27465524929584995,-0.08272786951117966,-4.50066892299861
G12,G12__mom_255_0__top10__weekly__long_short,long_short,mom_255_0,10,weekly,base,10.0,0.03,True,,False,True,4,0,2134.0,0.19665451979492388,0.02142665167970792,0.15874073820831935,0.21299794115109116,0.03744516008842861,0.05163404822470544,-0.4081403093462328,2023.0,0.05249824922715807,0.298821422312577,15.66754044035127,0.11105905938116775,5.0,28.0,4.0,7.0,0.0,0.776885929306001,0.2754506208868093,1.0,0.786036036036036,0.0,0.00034447917913262146,0.3888352139965955,0.3884907348174629,0.7773259488140583,0.00034447917913262146,0.08182207713548821,2134.0,-0.1211424122381673,-0.10886608448360136,-0.07410800129350063,0.045294771469123286,0.01537697861878911,0.2597665420817056,-0.466351098441553,1.0,0.0,0.20270270270270271,0.04912471543857452,0.14705577851611332,0.27344202197129186,-0.08274643259391384,-4.501945892297076
G12,G12__mom_255_0__top10__weekly__long_short,long_short,mom_255_0,10,weekly,base,20.0,0.0,True,,False,True,4,0,2134.0,0.15488176450170177,0.01714984492607874,0.1587154603638084,0.1865726114939326,0.010985595298940509,0.01512321958114623,-0.4204206842658711,2040.0,0.040792105545485714,0.29877633745555315,15.665176591015431,0.21791275582565067,5.0,28.0,4.0,7.0,0.0,0.776885929306001,0.2754506208868093,1.0,0.786036036036036,0.0,0.0003443292009216475,0.3887787823371116,0.38843445313618996,0.7772132354733016,0.0003443292009216475,0.0,2134.0,-0.12534190472880619,-0.11259734364156505,-0.07378521055360782,0.04104526130650927,0.011136581397778796,0.2597053328997789,-0.48263123182447726,1.0,0.0,0.20270270270270271,0.05005641360556974,0.1427584870837208,0.26574807739431694,-0.08281588289408379,-4.500022174775477
G12,G12__mom_255_0__top10__weekly__long_short,long_short,mom_255_0,10,weekly,base,20.0,0.01,True,,False,True,4,0,2134.0,0.11770221407150983,0.01322696356768871,0.15872226480196217,0.1622255587320096,-0.01335973530041828,-0.018371827582691895,-0.42916537901968876,2044.0,0.030820201755095204,0.2987914630820103,15.665969644479837,0.21454344861912192,5.0,28.0,4.0,7.0,0.0,0.776885929306001,0.2754506208868093,1.0,0.786036036036036,0.0,0.00034437966938119025,0.3887977757223935,0.3884533960530123,0.7772511717754057,0.00034437966938119025,0.026566202035011345,2134.0,-0.1292050545626354,-0.11601982397263876,-0.07379295666956749,0.0371833117632686,0.00727431605192968,0.25971058966212457,-0.49749628896814396,1.0,0.0,0.20270270270270271,0.05094297392255801,0.1390267071281801,0.25998939298850576,-0.08282523770977823,-4.50066892299861
G12,G12__mom_255_0__top10__weekly__long_short,long_short,mom_255_0,10,weekly,base,20.0,0.03,True,,False,True,4,0,2134.0,0.04788961456135232,0.005539239801451767,0.1587357613582056,0.1142449521179372,-0.061336686884047455,-0.08416980847787142,-0.4460167686086871,2073.0,0.012419353242549542,0.298821422312577,15.66754044035127,0.20811119384550936,5.0,28.0,4.0,7.0,0.0,0.776885929306001,0.2754506208868093,1.0,0.786036036036036,0.0,0.00034447917913262146,0.3888352139965955,0.3884907348174629,0.7773259488140583,0.00034447917913262146,0.07646637933005711,2134.0,-0.13681910319757115,-0.12272690506353194,-0.07380821815153676,0.029571627953913757,-0.00033799003783098556,0.25972100203992604,-0.5267926048450191,1.0,0.0,0.20270270270270271,0.05266493953956277,0.13167063452154235,0.2536250375792153,-0.08284359672784239,-4.50194589229708
G12,G12__mom_255_0__top20__monthly__long_only,long_only,mom_255_0,20,monthly,base,0.0,0.0,True,,False,True,0,0,2134.0,1.7160650709019527,0.1252348364610456,0.17931790796511893,0.7482588296249373,0.5928826903025423,0.8095232199547577,-0.3154662562981665,424.0,0.3969833031608886,0.4458958284168637,5.370808984829927,0.0,2.0,0.0,0.0,0.0,0.0,0.6220816741723559,0.31541642173805007,1.0,0.9803921568627451,0.0,0.6237079232957434,0.6237079232957434,0.0,0.6237079232957434,0.6237079232957434,0.0,2134.0,-0.02077765470857156,-0.01829962627074767,0.7194154082721927,0.022700011580663582,0.014889504541432496,0.12647577415918015,-0.16428169621180713,1.0,1.0,0.38235294117647056,-0.11439338539629748,-0.20125723420303465,0.052853530694987716,-0.10867911653143258,-2.6330645782302353
G12,G12__mom_255_0__top20__monthly__long_only,long_only,mom_255_0,20,monthly,base,5.0,0.0,True,,True,True,0,0,2134.0,1.6549888661247611,0.12221677927442132,0.17930087498646555,0.7333281136941328,0.5779360529720692,0.788578612925094,-0.3167221411178539,799.0,0.3858801245882707,0.4458958284168637,5.370808984829927,0.028739780001848084,2.0,0.0,0.0,0.0,0.0,0.6220816741723559,0.31541642173805007,1.0,0.9803921568627451,0.0,0.6237079232957434,0.6237079232957434,0.0,0.6237079232957434,0.6237079232957434,0.0,2134.0,-0.023467490215811397,-0.020932701404970944,0.719365545865299,0.020017902445973127,0.012205972550966294,0.12646614253259522,-0.18556342231884645,1.0,1.0,0.38235294117647056,-0.112459554294084,-0.20233791144881563,0.0562066236821368,-0.10867157223379056,-2.6330645782302353
G12,G12__mom_255_0__top20__monthly__long_only,long_only,mom_255_0,20,monthly,base,10.0,0.0,True,,False,True,0,0,2134.0,1.5952704043501416,0.11920601855115454,0.17928767693138684,0.718379194458426,0.562974540317849,0.7676456103587188,-0.32083034819269374,891.0,0.3715546837219971,0.4458958284168637,5.370808984829927,0.05674725180690428,2.0,0.0,0.0,0.0,0.0,0.6220816741723559,0.31541642173805007,1.0,0.9803921568627451,0.0,0.6237079232957434,0.6237079232957434,0.0,0.6237079232957434,0.6237079232957434,0.0,2134.0,-0.026157325723051458,-0.023559410809503505,0.7193156834584056,0.017335793311282387,0.00952244056049997,0.12646194937451077,-0.20683949482375794,1.0,1.0,0.38235294117647056,-0.11053643817665376,-0.20341831243373987,0.05667574255071617,-0.10866499631393825,-2.6330645782302353
G12,G12__mom_255_0__top20__monthly__long_only,long_only,mom_255_0,20,monthly,base,20.0,0.0,True,,False,True,0,0,2134.0,1.4797880152705596,0.11320632341711723,0.1792727887337712,0.688430557629649,0.533010709668338,0.7258184955892787,-0.32897724159637953,894.0,0.3441159724842288,0.4458958284168637,5.370808984829927,0.11063524446900307,2.0,0.0,0.0,0.0,0.0,0.6220816741723559,0.31541642173805007,1.0,0.9803921568627451,0.0,0.6237079232957434,0.6237079232957434,0.0,0.6237079232957434,0.6237079232957434,0.0,2134.0,-0.0315369967375313,-0.028793787460932505,0.7192159586446186,0.011971575041901208,0.004155376579567498,0.12646987992602132,-0.24936369636769565,1.0,1.0,0.38235294117647056,-0.10672217750692797,-0.2055772233353349,0.05832226054640266,-0.108654750183904,-2.6330645782302353
G12,G12__mom_255_0__top20__monthly__long_short,long_short,mom_255_0,20,monthly,base,0.0,0.0,True,,False,True,0,0,2134.0,0.9208168633827487,0.08013071909359826,0.1568183454214334,0.5704892894232839,0.39288869636155055,0.5310188021645542,-0.34816767351279543,985.0,0.23014979617472556,0.6234675596399997,7.50965799109023,0.0,7.0,28.0,4.0,0.0,0.0,0.8715253315100512,0.31482576365606907,1.0,0.47058823529411764,0.0,0.0019162950396340952,0.4380766394474121,0.436160344407778,0.8742369838551901,0.0019162950396340952,0.0,2134.0,-0.06549067620533505,-0.05765028218859493,-0.046391096115384285,0.09665166598380993,0.06751031188867324,0.2546189773107363,-0.257210506840621,1.0,0.0,0.22549019607843138,0.009653203756234963,0.09375860123117263,0.10808444355246777,-0.049913696096616195,-0.8981195623107636
G12,G12__mom_255_0__top20__monthly__long_short,long_short,mom_255_0,20,monthly,base,0.0,0.01,True,,False,True,0,0,2134.0,0.8515487248470632,0.07545617202081223,0.15685262366903363,0.5427418296558171,0.3651715299550273,0.4929950697640141,-0.35207176866198087,1015.0,0.21432042764342357,0.6236118136108667,7.511395528141387,0.0,7.0,28.0,4.0,0.0,0.0,0.8715253315100512,0.31482576365606907,1.0,0.47058823529411764,0.0,0.0019164308087691747,0.43816430234259407,0.4362478715338249,0.874412173876419,0.0019164308087691747,0.04001400164541208,2134.0,-0.06982338269689706,-0.061728546084867435,-0.04641038037096785,0.092321947662139,0.06317993783870846,0.25464287911091277,-0.27420119871675125,1.0,0.0,0.22549019607843138,0.010326113227817027,0.09028940791540246,0.10947693319811275,-0.04992757343770418,-0.8986536335877293
G12,G12__mom_255_0__top20__monthly__long_short,long_short,mom_255_0,20,monthly,base,0.0,0.03,True,,False,True,0,0,2134.0,0.7221942183149261,0.06629774118800102,0.15692034599164806,0.4880639687821193,0.31055375904781995,0.4183191167337507,-0.3597013006464679,1056.0,0.1843133207159618,0.6238978206763203,7.514840479224056,0.0,7.0,28.0,4.0,0.0,0.0,0.8715253315100512,0.31482576365606907,1.0,0.47058823529411764,0.0,0.0019166976439833772,0.43833720322459124,0.43642050558060785,0.8747577088051991,0.0019166976439833772,0.1143799535841438,2134.0,-0.07836669580599659,-0.06971873149329404,-0.04644840411438715,0.0837845264789548,0.05464122366498996,0.25469009710797036,-0.3076943182944986,1.0,0.0,0.22549019607843138,0.011634647377310424,0.08345381715153696,0.11214206140454852,-0.049954865066072135,-0.8997210920361605
G12,G12__mom_255_0__top20__monthly__long_short,long_short,mom_255_0,20,monthly,base,5.0,0.0,True,,False,True,0,0,2134.0,0.8606915000602675,0.0760819179031984,0.15678865839138598,0.5466104555211226,0.36896910456163895,0.4980799181500675,-0.3514901252134287,1008.0,0.21645534951231024,0.6234675596399997,7.50965799109023,0.03444432324610832,7.0,28.0,4.0,0.0,0.0,0.8715253315100512,0.31482576365606907,1.0,0.47058823529411764,0.0,0.0019162950396340952,0.4380766394474121,0.436160344407778,0.8742369838551901,0.0019162950396340952,0.0,2134.0,-0.06925154266948248,-0.06118262007307623,-0.04634030633202276,0.09288292944654729,0.06374293275432177,0.2545933485891486,-0.27200845211882396,1.0,0.0,0.22549019607843138,0.010095949010361205,0.09017758112677082,0.10886183285479911,-0.04992125409957582,-0.8981195623107636
G12,G12__mom_255_0__top20__monthly__long_short,long_short,mom_255_0,20,monthly,base,5.0,0.01,True,,True,True,0,0,2134.0,0.7935783910580079,0.07142396191702627,0.15682293964375177,0.5188578203398314,0.34124683155770735,0.4601325472967566,-0.35537497644668403,1042.0,0.20098196736072613,0.6236118136108667,7.511395528141387,0.033788388195096976,7.0,28.0,4.0,0.0,0.0,0.8715253315100512,0.31482576365606907,1.0,0.47058823529411764,0.0,0.0019164308087691747,0.43816430234259407,0.4362478715338249,0.874412173876419,0.0019164308087691747,0.039325219894323846,2134.0,-0.0735850540105017,-0.06524640923447635,-0.046359529638492214,0.0885523968311185,0.05941174608272408,0.2546172418348322,-0.2890026358004288,1.0,0.0,0.22549019607843138,0.010764217685142671,0.08670624315444747,0.11023527293332325,-0.049935118116994026,-0.8986536335877275
G12,G12__mom_255_0__top20__monthly__long_short,long_short,mom_255_0,20,monthly,base,5.0,0.03,True,,False,True,0,0,2134.0,0.6682495157316015,0.06229803836416914,0.15689066719618486,0.4641697327749188,0.2866189689340145,0.3856066442670143,-0.3629668941328118,1058.0,0.17163559368963802,0.6238978206763203,7.514840479224056,0.032542919285886956,7.0,28.0,4.0,0.0,0.0,0.8715253315100512,0.31482576365606907,1.0,0.47058823529411764,0.0,0.0019166976439833772,0.43833720322459124,0.43642050558060785,0.8747577088051991,0.0019166976439833772,0.11243409645593658,2134.0,-0.08212996358601181,-0.07320823397733676,-0.04639743114970142,0.08001336024117063,0.05087141985441966,0.25466444223971996,-0.3225026739645949,1.0,0.0,0.22549019607843138,0.012063700063387937,0.07986647467215541,0.1128635670558979,-0.04996238375654305,-0.8997210920361605
G12,G12__mom_255_0__top20__monthly__long_short,long_short,mom_255_0,20,monthly,base,10.0,0.0,True,,False,True,0,0,2134.0,0.8024283180307528,0.07204689840175926,0.15676695518544434,0.5226959560628239,0.34502289834232003,0.4651879299630849,-0.3547967211360823,1042.0,0.20306528812064661,0.6234675596399997,7.50965799109023,0.06773357948785047,7.0,28.0,4.0,0.0,0.0,0.8715253315100512,0.31482576365606907,1.0,0.47058823529411764,0.0,0.0019162950396340952,0.4380766394474121,0.436160344407778,0.8742369838551901,0.0019162950396340952,0.0,2134.0,-0.07301240913362997,-0.06470293425480401,-0.04628951654866129,0.08911419290928463,0.059975553619970305,0.25457263714585654,-0.2868038370195999,1.0,0.0,0.22549019607843138,0.010535271886353462,0.08658328148098243,0.10962574931525892,-0.04992799799491035,-0.8981195623107636
G12,G12__mom_255_0__top20__monthly__long_short,long_short,mom_255_0,20,monthly,base,10.0,0.01,True,,False,True,0,0,2134.0,0.7374039024602628,0.0674054801733539,0.15680124130015755,0.49493955969823966,0.31729693248154084,0.4273184857246623,-0.35866241739029325,1045.0,0.187935721461454,0.6236118136108667,7.511395528141387,0.06645047043691701,7.0,28.0,4.0,0.0,0.0,0.8715253315100512,0.31482576365606907,1.0,0.47058823529411764,0.0,0.0019164308087691747,0.43816430234259407,0.4362478715338249,0.874412173876419,0.0019164308087691747,0.038651691299213475,2134.0,-0.07734672532410626,-0.06875229520757177,-0.046308678906016636,0.08478284600009808,0.055643554326739814,0.25459652359247553,-0.3038011840566711,1.0,0.0,0.22549019607843138,0.011198923168245702,0.08311037304041544,0.11098031317980117,-0.049941848893097746,-0.8986536335877275
G12,G12__mom_255_0__top20__monthly__long_short,long_short,mom_255_0,20,monthly,base,10.0,0.03,True,,False,True,0,0,2134.0,0.6159767035757662,0.058311959408876124,0.15686897778633402,0.44024403206975565,0.26266176379758294,0.3529456958818435,-0.36621689464435514,1059.0,0.15922793366893878,0.6238978206763203,7.514840479224056,0.06401393031906424,7.0,28.0,4.0,0.0,0.0,0.8715253315100512,0.31482576365606907,1.0,0.47058823529411764,0.0,0.0019166976439833772,0.43833720322459124,0.43642050558060785,0.8747577088051991,0.0019166976439833772,0.11053111550659206,2134.0,-0.08589323136602704,-0.07668585044754186,-0.046346458185015774,0.07624219400338648,0.04710161604384937,0.25464370989484075,-0.33730749289467254,1.0,0.0,0.22549019607843138,0.012489399472299025,0.07626755796890955,0.11357210939631074,-0.049969088955944374,-0.8997210920361605
G12,G12__mom_255_0__top20__monthly__long_short,long_short,mom_255_0,20,monthly,base,20.0,0.0,True,,False,True,0,0,2134.0,0.6912619861286402,0.06401803562996045,0.15674751229117784,0.47477449245366576,0.29706522868467017,0.3995572410648502,-0.36136262816180864,1056.0,0.17715732242597831,0.6234675596399997,7.50965799109023,0.13099647282357005,7.0,28.0,4.0,0.0,0.0,0.8715253315100512,0.31482576365606907,1.0,0.47058823529411764,0.0,0.0019162950396340952,0.4380766394474121,0.436160344407778,0.8742369838551901,0.0019162950396340952,0.0,2134.0,-0.08053414206192497,-0.07170763880917509,-0.046187936981938224,0.08157671983475924,0.05244079535126735,0.25454597061038964,-0.3163834880937529,1.0,0.0,0.22549019607843138,0.011403720137367644,0.07936096888250227,0.11111367417720447,-0.049939036898330263,-0.8981195623107636
G12,G12__mom_255_0__top20__monthly__long_short,long_short,mom_255_0,20,monthly,base,20.0,0.01,True,,False,True,0,0,2134.0,0.6302239687770572,0.05940953354558154,0.15678181370024188,0.4470148230076268,0.26933612480505636,0.3618487473707423,-0.3651902797322103,1059.0,0.1626810373735737,0.6236118136108667,7.511395528141387,0.12854119579927847,7.0,28.0,4.0,0.0,0.0,0.8715253315100512,0.31482576365606907,1.0,0.47058823529411764,0.0,0.0019164308087691747,0.43816430234259407,0.4362478715338249,0.874412173876419,0.0019164308087691747,0.037348931429973774,2134.0,-0.08487006795131533,-0.07572828238682697,-0.046206977441065354,0.07724374433805734,0.04810717081477129,0.2545698487278282,-0.3333861742678476,1.0,0.0,0.22549019607843138,0.01205820645990184,0.07588664599622336,0.1124310004294124,-0.04995286217798492,-0.8986536335877275
G12,G12__mom_255_0__top20__monthly__long_short,long_short,mom_255_0,20,monthly,base,20.0,0.03,True,,False,True,0,0,2134.0,0.5162432484479025,0.05038050608820366,0.15684957916003275,0.3923127881937334,0.21469471379214022,0.28779221741632127,-0.37267039471706287,1136.0,0.1351878410584595,0.6238978206763203,7.514840479224056,0.12387796179904519,7.0,28.0,4.0,0.0,0.0,0.8715253315100512,0.31482576365606907,1.0,0.47058823529411764,0.0,0.0019166976439833772,0.43833720322459124,0.43642050558060785,0.8747577088051991,0.0019166976439833772,0.10684968284357926,2134.0,-0.09341976692605751,-0.08360557105769355,-0.046244512255644354,0.06869986152781812,0.039562008422708746,0.25461701729952674,-0.36690307630208485,1.0,0.0,0.22549019607843138,0.013330806954120956,0.06904113884537291,0.11495079918433981,-0.04998005233655284,-0.8997210920361605
G12,G12__mom_255_0__top20__weekly__long_only,long_only,mom_255_0,20,weekly,base,0.0,0.0,True,,False,True,0,0,2134.0,1.5077141668972591,0.11467942097188022,0.16819690478261815,0.7301625818935888,0.5645319761707497,0.7602239613378816,-0.28994954409311036,833.0,0.3955150932572381,0.2080750361733302,10.909606207760811,0.0,2.0,0.0,0.0,0.0,0.0,0.6263285642813852,0.32076086910515933,1.0,0.9369369369369369,0.0,0.6268748516233067,0.6268748516233067,0.0,0.6268748516233067,0.6268748516233067,0.0,2134.0,-0.032142776390757084,-0.027508597584837015,0.6520488638298785,0.021773596173422786,0.012088300275878159,0.1307386696914289,-0.2458551587424049,1.0,1.0,0.40765765765765766,-0.10932391172233227,-0.1931124578046718,0.07231121631146575,-0.11524361942274305,-5.791672923883231
G12,G12__mom_255_0__top20__weekly__long_only,long_only,mom_255_0,20,weekly,base,5.0,0.0,True,,False,True,0,0,2134.0,1.3945033160057894,0.108615203447888,0.1682048689485573,0.6976941062425718,0.5320674963172182,0.7155074457997946,-0.2906120794419861,1210.0,0.3737463482469265,0.2080750361733302,10.909606207760811,0.053103224889110595,2.0,0.0,0.0,0.0,0.0,0.6263285642813852,0.32076086910515933,1.0,0.9369369369369369,0.0,0.6268748516233067,0.6268748516233067,0.0,0.6268748516233067,0.6268748516233067,0.0,2134.0,-0.037598316946631065,-0.03279926617842701,0.6521320965935515,0.01630515837931835,0.006622119535988404,0.13072547286968436,-0.28761278212480834,1.0,1.0,0.40765765765765766,-0.1052085113925394,-0.19610050020499148,0.08096850158686869,-0.11523193294452938,-5.791672923883231
G12,G12__mom_255_0__top20__weekly__long_only,long_only,mom_255_0,20,weekly,base,10.0,0.0,True,,True,True,0,0,2134.0,1.2863889012596386,0.1025831531057213,0.16821657570387688,0.6652139046500609,0.4995950153598112,0.670907824929429,-0.2992876813585146,1220.0,0.34275768598319845,0.2080750361733302,10.909606207760811,0.10354958382305804,2.0,0.0,0.0,0.0,0.0,0.6263285642813852,0.32076086910515933,1.0,0.9369369369369369,0.0,0.6268748516233067,0.6268748516233067,0.0,0.6268748516233067,0.6268748516233067,0.0,2134.0,-0.04305385750250518,-0.038061870821811936,0.6522153293572245,0.010836720585213806,0.0011559387960985398,0.13071709148121838,-0.3293667034252459,1.0,1.0,0.40765765765765766,-0.10114368884417249,-0.19908431427547946,0.08147844830432371,-0.11522114614488232,-5.791672923883231
G12,G12__mom_255_0__top20__weekly__long_only,long_only,mom_255_0,20,weekly,base,20.0,0.0,True,,False,True,0,0,2134.0,1.0845445137639604,0.09061488952338004,0.16825121360803755,0.6002270169316962,0.4346347363880668,0.5820661407036112,-0.3163264658367019,1326.0,0.28646003199162734,0.2080750361733302,10.909606207760811,0.1969803405192957,2.0,0.0,0.0,0.0,0.0,0.6263285642813852,0.32076086910515933,1.0,0.9369369369369369,0.0,0.6268748516233067,0.6268748516233067,0.0,0.6268748516233067,0.6268748516233067,0.0,2134.0,-0.05396493861425367,-0.04850346794533098,0.6523817948845706,-0.00010015500299560029,-0.009776422683681462,0.130714778177099,-0.4128449695346553,1.0,1.0,0.40765765765765766,-0.09316381813522145,-0.20503636952945448,0.08241554570550552,-0.11520227454702123,-5.791672923883231
G12,G12__mom_255_0__top20__weekly__long_short,long_short,mom_255_0,20,weekly,base,0.0,0.0,True,,False,True,5,0,2134.0,0.7302636650556593,0.06688651793003464,0.15047704417690885,0.5056390048158375,0.32052069485939505,0.44408483444247493,-0.37449447122025137,1169.0,0.17860482081909476,0.29230624091488283,15.32594221344162,0.0,7.0,28.0,4.0,8.0,1.0,0.8610831469491003,0.31410829195730594,1.0,0.49099099099099097,0.0,0.0003949796645010347,0.4308999543625806,0.43050497469807963,0.8614049290606602,0.0003949796645010347,0.0,2134.0,-0.07886679978810267,-0.0692050588545113,-0.0928576515709511,0.0904757146530782,0.06003521031164843,0.25749599678422874,-0.30628359575698516,1.0,0.0,0.21621621621621623,0.02925158277821524,0.17252575485528596,0.200686145746511,-0.055318214393952736,-2.287483568965998
G12,G12__mom_255_0__top20__weekly__long_short,long_short,mom_255_0,20,weekly,base,0.0,0.01,True,,False,True,5,0,2134.0,0.6686667350860127,0.06232940789729713,0.1504834576427027,0.4771726805362637,0.2920542346741197,0.4041503747650445,-0.37819888534632407,1419.0,0.16480590057852995,0.2923227359462284,15.326807066331584,0.0,7.0,28.0,4.0,8.0,1.0,0.8610831469491003,0.31410829195730594,1.0,0.49099099099099097,0.0,0.0003950303675197685,0.4309230000661604,0.4305279696986407,0.8614509697648011,0.0003950303675197685,0.038625538320716975,2134.0,-0.0831472677936099,-0.07318086592811138,-0.09286734828385872,0.08619674919069104,0.05575583911141142,0.2575011313988485,-0.3229005920941818,1.0,0.0,0.21621621621621623,0.02984869382675353,0.16825765889522148,0.2009589491399384,-0.055325661620982486,-2.2879015831976144
G12,G12__mom_255_0__top20__weekly__long_short,long_short,mom_255_0,20,weekly,base,0.0,0.03,True,,False,True,5,0,2134.0,0.553605040841763,0.053404210658240414,0.15049618188140032,0.42107362687322236,0.23595530865866432,0.32573476475846225,-0.3854360448003401,1482.0,0.1385553099630429,0.2923554323923189,15.328521377465687,0.0,7.0,28.0,4.0,8.0,1.0,0.8610831469491003,0.31410829195730594,1.0,0.49099099099099097,0.0,0.00039513034361097257,0.43096842673482794,0.43057329639121694,0.8615417231260448,0.00039513034361097257,0.11052064683143262,2134.0,-0.09158388951797031,-0.08096756891781455,-0.09288646019199291,0.0777630889303187,0.04732137913913354,0.2575113005286692,-0.35564998246659124,1.0,0.0,0.21621621621621623,0.031007824410965515,0.15984370933338102,0.20145236982462977,-0.05534026209873008,-2.2887312746815667
G12,G12__mom_255_0__top20__weekly__long_short,long_short,mom_255_0,20,weekly,base,5.0,0.0,True,,False,True,5,0,2134.0,0.621539656174751,0.058741527254129844,0.1504526292450609,0.45475044086329586,0.2695880154476488,0.37262743393123227,-0.38172928142815576,1471.0,0.15388268627012683,0.29230624091488283,15.32594221344162,0.06788315693771993,7.0,28.0,4.0,8.0,1.0,0.8610831469491003,0.31410829195730594,1.0,0.49099099099099097,0.0,0.0003949796645010347,0.4308999543625806,0.43050497469807963,0.8614049290606602,0.0003949796645010347,0.0,2134.0,-0.08653546317511022,-0.07631107808841951,-0.09272027165685624,0.08278576371773065,0.05234890472189022,0.2574620824012687,-0.33610954424053785,1.0,0.0,0.21621621621621623,0.030205509411594743,0.16438886490205362,0.20090806835474273,-0.05536246312958171,-2.287483568965998
G12,G12__mom_255_0__top20__weekly__long_short,long_short,mom_255_0,20,weekly,base,5.0,0.01,True,,False,True,5,0,2134.0,0.5638075447136595,0.05421875186569425,0.15045909794947865,0.4262795543472107,0.2411172164519345,0.3328682635458211,-0.38539106571252146,1482.0,0.14068502539220298,0.2923227359462284,15.326807066331584,0.06661317000237145,7.0,28.0,4.0,8.0,1.0,0.8610831469491003,0.31410829195730594,1.0,0.49099099099099097,0.0,0.0003950303675197685,0.4309230000661604,0.4305279696986407,0.8614509697648011,0.0003950303675197685,0.037322008475439115,2134.0,-0.09081622543195658,-0.08025693022990173,-0.09273000144900621,0.07850650912976076,0.04806924345856339,0.25746725409540666,-0.3527292266779055,1.0,0.0,0.21621621621621623,0.03079241484312445,0.1601134890039349,0.20115440065932944,-0.05536986325092205,-2.2879015831976144
G12,G12__mom_255_0__top20__weekly__long_short,long_short,mom_255_0,20,weekly,base,5.0,0.03,True,,False,True,5,0,2134.0,0.45596576905611097,0.04536080038844181,0.1504719308975786,0.37017156864275347,0.18500979870787318,0.254797047387583,-0.3925449455803631,1522.0,0.11555568578619081,0.2923554323923189,15.328521377465687,0.06420072693402952,7.0,28.0,4.0,8.0,1.0,0.8610831469491003,0.31410829195730594,1.0,0.49099099099099097,0.0,0.00039513034361097257,0.43096842673482794,0.43057329639121694,0.8615417231260448,0.00039513034361097257,0.1068344260908155,2134.0,-0.09925343195628299,-0.08798496529771388,-0.09274917816884844,0.07007227411224691,0.03963420689227811,0.2574774961588839,-0.38548390999979204,1.0,0.0,0.21621621621621623,0.031931645648803915,0.15168528357940186,0.2015967770353262,-0.05538437086955281,-2.2887312746815667
G12,G12__mom_255_0__top20__weekly__long_short,long_short,mom_255_0,20,weekly,base,10.0,0.0,True,,False,True,5,0,2134.0,0.5196301248527473,0.050657299574530024,0.15043565654794785,0.4038253794695442,0.2186282127220492,0.3014733916588023,-0.3888815786595594,1520.0,0.1302640761466287,0.29230624091488283,15.32594221344162,0.1312421770267765,7.0,28.0,4.0,8.0,1.0,0.8610831469491003,0.31410829195730594,1.0,0.49099099099099097,0.0,0.0003949796645010347,0.4308999543625806,0.43050497469807963,0.8614049290606602,0.0003949796645010347,0.0,2134.0,-0.0942041265621186,-0.08336408522720978,-0.09258289174276166,0.07509581278238234,0.04466259913213125,0.25743251480848306,-0.3659371724360529,1.0,0.0,0.21621621621621623,0.031142166610087323,0.15621871250372268,0.20108324264231991,-0.05540611624218264,-2.287483568965998
G12,G12__mom_255_0__top20__weekly__long_short,long_short,mom_255_0,20,weekly,base,10.0,0.01,True,,True,True,5,0,2134.0,0.46552095634314705,0.0461686060903459,0.15044218074792776,0.3753513762051616,0.19015452129526988,0.26189044262803113,-0.3925012168442923,1521.0,0.11762665721533616,0.2923227359462284,15.326807066331584,0.12881320382747685,7.0,28.0,4.0,8.0,1.0,0.8610831469491003,0.31410829195730594,1.0,0.49099099099099097,0.0,0.0003950303675197685,0.4309230000661604,0.4305279696986407,0.8614509697648011,0.0003950303675197685,0.03607582934569333,2134.0,-0.09848518307030332,-0.08728020293721458,-0.09259265461415363,0.0708162690688304,0.0403826478057153,0.25743772383223873,-0.38255925201732266,1.0,0.0,0.21621621621621623,0.0317189900320619,0.15193669568261628,0.20130380568179107,-0.055413469260150755,-2.2879015831976144
G12,G12__mom_255_0__top20__weekly__long_short,long_short,mom_255_0,20,weekly,base,10.0,0.03,True,,False,True,5,0,2134.0,0.3644472155772882,0.03737740536991874,0.15045512291655017,0.3192373069635433,0.13404146203230344,0.1841654665781202,-0.39957276208804604,1539.0,0.09354342667051617,0.2923554323923189,15.328521377465687,0.12419829689152274,7.0,28.0,4.0,8.0,1.0,0.8610831469491003,0.31410829195730594,1.0,0.49099099099099097,0.0,0.00039513034361097257,0.43096842673482794,0.43057329639121694,0.8615417231260448,0.00039513034361097257,0.10330951215148679,2134.0,-0.1069229743945953,-0.09495000194549584,-0.09261189614570398,0.0623814592941755,0.03194703464542305,0.2574480393266804,-0.41531865876406554,1.0,0.0,0.21621621621621623,0.03283856241186084,0.14349549383021404,0.20169649757549446,-0.055427884031562624,-2.2887312746815667
G12,G12__mom_255_0__top20__weekly__long_short,long_short,mom_255_0,20,weekly,base,20.0,0.0,True,,False,True,5,0,2134.0,0.33457697553608545,0.03466936521493502,0.15042404683000954,0.3018959420000783,0.1166574734872372,0.16010450574530533,-0.4029423351696696,1540.0,0.08604051296902462,0.29230624091488283,15.32594221344162,0.24555219358033245,7.0,28.0,4.0,8.0,1.0,0.8610831469491003,0.31410829195730594,1.0,0.49099099099099097,0.0,0.0003949796645010347,0.4308999543625806,0.43050497469807963,0.8614049290606602,0.0003949796645010347,0.0,2134.0,-0.10954145333613406,-0.09731260568480295,-0.09230813191457213,0.05971591091168695,0.02928998795261454,0.2573864257653231,-0.42559141574937026,1.0,0.0,0.21621621621621623,0.03296451638375982,0.13979178734223321,0.20129845869182528,-0.055491615297921154,-2.287483568965998
G12,G12__mom_255_0__top20__weekly__long_short,long_short,mom_255_0,20,weekly,base,20.0,0.01,True,,False,True,5,0,2134.0,0.2870475217334678,0.030248084574129086,0.1504306827588568,0.2734200467086925,0.08818234094084568,0.12087693111131805,-0.4064791107926963,1543.0,0.07441485619061877,0.2923227359462284,15.326807066331584,0.241106544556542,7.0,28.0,4.0,8.0,1.0,0.8610831469491003,0.31410829195730594,1.0,0.49099099099099097,0.0,0.0003950303675197685,0.4309230000661604,0.4305279696986407,0.8614509697648011,0.0003950303675197685,0.03374451810485103,2134.0,-0.11382309834699654,-0.10116990970419426,-0.09231796094444843,0.05543578894696994,0.02500945650001937,0.25739171019124846,-0.4422174213086472,1.0,0.0,0.21621621621621623,0.033521541456053086,0.13549841506999877,0.20146953025852177,-0.055498874146129806,-2.2879015831976144
G12,G12__mom_255_0__top20__weekly__long_short,long_short,mom_255_0,20,weekly,base,20.0,0.03,True,,False,True,5,0,2134.0,0.1982652852064053,0.02158891456185774,0.15044384483679793,0.21730236566067174,0.03206655823491964,0.043850182392116265,-0.4133887795047102,1571.0,0.052224239341289995,0.2923554323923189,15.328521377465687,0.23265681150843537,7.0,28.0,4.0,8.0,1.0,0.8610831469491003,0.31410829195730594,1.0,0.49099099099099097,0.0,0.00039513034361097257,0.43096842673482794,0.43057329639121694,0.8615417231260448,0.00039513034361097257,0.09671274562078143,2134.0,-0.12226205927122046,-0.10872451978360483,-0.09233733209941487,0.04699982965803213,0.01657269015171243,0.2574021740250595,-0.4749845634921389,1.0,0.0,0.21621621621621623,0.03460251097390314,0.12703501694335945,0.20176681929616602,-0.05551310331794107,-2.2887312746815667
G12,G12__mom_255_0__top50__monthly__long_only,long_only,mom_255_0,50,monthly,base,0.0,0.0,True,,False,True,0,0,2134.0,1.2782622799054408,0.10211964315658362,0.18182783174208034,0.6263060011927938,0.473065061690486,0.6428769475108497,-0.3588306358515414,895.0,0.2845900905708437,0.4736044818607324,5.7045593260301155,0.0,7.0,2.0,2.0,1.0,0.0,0.741644185551613,0.3275135247371654,1.0,0.8529411764705882,0.0,0.7422598719232211,0.7422598719232211,0.0,0.7422598719232211,0.7422598719232211,0.0,2134.0,-0.0410740004494052,-0.03846625564491802,0.7896117430505163,-0.008473527378178537,-0.014327528097461517,0.10831887606940574,-0.3791952237677105,1.0,1.0,0.4117647058823529,-0.07240762787098998,-0.21205118175706383,-0.005134750110562081,-0.05268424221348236,-1.5245635659871146
G12,G12__mom_255_0__top50__monthly__long_only,long_only,mom_255_0,50,monthly,base,5.0,0.0,True,,True,True,0,0,2134.0,1.2238855392196912,0.09898014592021953,0.18182089517176792,0.6106287271528735,0.4573807601864436,0.621155446157454,-0.36250900770798133,905.0,0.27304189362365544,0.4736044818607324,5.7045593260301155,0.028555416120733517,7.0,2.0,2.0,1.0,0.0,0.741644185551613,0.3275135247371654,1.0,0.8529411764705882,0.0,0.7422598719232211,0.7422598719232211,0.0,0.7422598719232211,0.7422598719232211,0.0,2134.0,-0.04392880086481099,-0.04120527998934275,0.7895999990160524,-0.011326508010081004,-0.017180888897693314,0.10831122436912637,-0.40557939512437746,1.0,1.0,0.4117647058823529,-0.07130871237786016,-0.2123450444123487,-0.004707409812096552,-0.05267319568727219,-1.5245635659871146
G12,G12__mom_255_0__top50__monthly__long_only,long_only,mom_255_0,50,monthly,base,10.0,0.0,True,,False,True,0,0,2134.0,1.1707924967121754,0.09584874856248549,0.18181801617895257,0.5949369795491614,0.4416854178787424,0.5994488911270336,-0.36616752830384514,1202.0,0.26176201097479723,0.4736044818607324,5.7045593260301155,0.05636031961624673,7.0,2.0,2.0,1.0,0.0,0.741644185551613,0.3275135247371654,1.0,0.8529411764705882,0.0,0.7422598719232211,0.7422598719232211,0.0,0.7422598719232211,0.7422598719232211,0.0,2134.0,-0.046783601280217066,-0.04393723767210598,0.7895882549815887,-0.014179488641983816,-0.020034249697925385,0.10831038406768434,-0.4319401291290915,1.0,1.0,0.4117647058823529,-0.07021564578537842,-0.21263441951826567,-0.004284794906061762,-0.05266280970130763,-1.5245635659871146
G12,G12__mom_255_0__top50__monthly__long_only,long_only,mom_255_0,50,monthly,base,20.0,0.0,True,,False,True,0,0,2134.0,1.0683383115401233,0.08961017841354368,0.18182443142513563,0.5635142633981082,0.41026581280323104,0.5560847282605225,-0.37342541696600284,1220.0,0.23996807486112257,0.4736044818607324,5.7045593260301155,0.10979363998447604,7.0,2.0,2.0,1.0,0.0,0.741644185551613,0.3275135247371654,1.0,0.8529411764705882,0.0,0.7422598719232211,0.7422598719232211,0.0,0.7422598719232211,0.7422598719232211,0.0,2134.0,-0.05249320211102852,-0.04938001854619765,0.7895647669126613,-0.019885449905788697,-0.025740971298388853,0.10832913701050013,-0.4845714048838076,1.0,1.0,0.4117647058823529,-0.06804696835141041,-0.21319920870260012,-0.003453590665965345,-0.052644021769082366,-1.5245635659871146
G12,G12__mom_255_0__top50__monthly__long_short,long_short,mom_255_0,50,monthly,base,0.0,0.0,True,,False,True,1,0,2134.0,0.7061920934824537,0.06512293476712405,0.1300147779981576,0.5505489290756872,0.3363009718200875,0.45470566771676996,-0.2805783392812742,1139.0,0.23210250275891614,0.5835423522473632,7.028759429318756,0.0,15.0,32.0,7.0,1.0,1.0,0.9337632936801543,0.4186326266842032,1.0,0.21568627450980393,0.0,0.0014284541139545945,0.4677221730078318,0.4662937188938772,0.934015891901709,0.0014284541139545945,0.0,2134.0,-0.08337436586244479,-0.07074368012185006,-0.06258453431722523,0.08127721212571366,0.05167784571737727,0.24152688088097654,-0.3451970462183518,1.0,0.0,0.24509803921568626,0.014894019637004652,0.12191688059604991,0.0867990036897695,-0.025563181441236787,-0.38996555433005753
G12,G12__mom_255_0__top50__monthly__long_short,long_short,mom_255_0,50,monthly,base,0.0,0.01,True,,False,True,1,0,2134.0,0.6405068389279391,0.0601964565199542,0.13004057789793744,0.5148079970720716,0.30059105124624313,0.40583714508919777,-0.2835494935259181,1159.0,0.21229611723659064,0.5836780096057809,7.0303934202938105,0.0,15.0,32.0,7.0,1.0,1.0,0.9337632936801543,0.4186326266842032,1.0,0.21568627450980393,0.0,0.0014286600748387654,0.4678211499922148,0.46639248991737603,0.9342136399095908,0.0014286600748387654,0.041589850124639074,2134.0,-0.0880079332076118,-0.07504173896228347,-0.06260756452785633,0.07664721340064166,0.047047099613034056,0.24154428091777302,-0.36435527627984554,1.0,0.0,0.24509803921568626,0.015198655332068003,0.11832076873891523,0.0882556110660741,-0.02557175851755386,-0.39032949942313966
G12,G12__mom_255_0__top50__monthly__long_short,long_short,mom_255_0,50,monthly,base,0.0,0.03,True,,False,True,1,0,2134.0,0.518297081256456,0.05054842117771363,0.13009154045689608,0.44437240403905187,0.23021712160245925,0.30994072854256144,-0.289371584826283,1207.0,0.17468343067637104,0.5839480549734964,7.033646112951618,0.0,15.0,32.0,7.0,1.0,1.0,0.9337632936801543,0.4186326266842032,1.0,0.21568627450980393,0.0,0.0014290658505906485,0.4680163737511819,0.4665873079005912,0.9346036816517731,0.0014290658505906485,0.11871481822092561,2134.0,-0.09714477207536917,-0.08345907514343259,-0.06265297719544906,0.06751741140114116,0.03791582381978593,0.24157864360616577,-0.4021248344855339,1.0,0.0,0.24509803921568626,0.01579012063524713,0.11123168037271655,0.0910748020530196,-0.025588619888098907,-0.3910537862308914
G12,G12__mom_255_0__top50__monthly__long_short,long_short,mom_255_0,50,monthly,base,5.0,0.0,True,,False,True,1,0,2134.0,0.6561550364646416,0.06138566802917289,0.1299954347567548,0.5235673156742224,0.3092789494936906,0.41762345267374257,-0.2827961351127247,1157.0,0.21706685632285636,0.5835423522473632,7.028759429318756,0.031357365197287955,15.0,32.0,7.0,1.0,1.0,0.9337632936801543,0.4186326266842032,1.0,0.21568627450980393,0.0,0.0014284541139545945,0.4677221730078318,0.4662937188938772,0.934015891901709,0.0014284541139545945,0.0,2134.0,-0.08689250182784602,-0.07400422275214463,-0.06257320254977677,0.07775732025917557,0.04815821952194658,0.241514741212032,-0.3597813590664467,1.0,0.0,0.24509803921568626,0.015045851480841393,0.11874709487253893,0.08756051736850468,-0.025564954428411918,-0.38996555433005664
G12,G12__mom_255_0__top50__monthly__long_short,long_short,mom_255_0,50,monthly,base,5.0,0.01,True,,True,True,1,0,2134.0,0.5923850958485628,0.05647561221775099,0.13002125413723087,0.4878205740593878,0.27356334169052193,0.3688637781302146,-0.28575862560040666,1166.0,0.19763397202478225,0.5836780096057809,7.0303934202938105,0.03074557108975739,15.0,32.0,7.0,1.0,1.0,0.9337632936801543,0.4186326266842032,1.0,0.21568627450980393,0.0,0.0014286600748387654,0.4678211499922148,0.46639248991737603,0.9342136399095908,0.0014286600748387654,0.04093176836674926,2134.0,-0.09152681982019814,-0.07828795399553938,-0.06259618000613214,0.07312656271243968,0.04352671603158751,0.24153214250143162,-0.3789426072749537,1.0,0.0,0.24509803921568626,0.01534857870159509,0.11514962303253204,0.08900642610518517,-0.02557351541740474,-0.39032949942313966
G12,G12__mom_255_0__top50__monthly__long_short,long_short,mom_255_0,50,monthly,base,5.0,0.03,True,,False,True,1,0,2134.0,0.4737398696533992,0.04685973430652601,0.1300722543451477,0.4173734722049793,0.20317814336272896,0.2731810413615068,-0.291563739177779,1373.0,0.16071866288542008,0.5839480549734964,7.033646112951618,0.02958563411365031,15.0,32.0,7.0,1.0,1.0,0.9337632936801543,0.4186326266842032,1.0,0.21568627450980393,0.0,0.0014290658505906485,0.4680163737511819,0.4665873079005912,0.9346036816517731,0.0014290658505906485,0.11686007605983498,2134.0,-0.10066515421978017,-0.08667723473348135,-0.06264148831240288,0.06399524900992459,0.03439393137463215,0.2415665072040658,-0.4167181758137615,1.0,0.0,0.24509803921568626,0.015936324067120214,0.10805789837610126,0.09180479123775148,-0.025590345220966426,-0.3910537862308914
G12,G12__mom_255_0__top50__monthly__long_short,long_short,mom_255_0,50,monthly,base,10.0,0.0,True,,False,True,1,0,2134.0,0.6075702567726047,0.057660337704178,0.12998428997938666,0.496546350873109,0.2822311127733531,0.38060601916537934,-0.2850076646383659,1159.0,0.20231153354188122,0.5835423522473632,7.028759429318756,0.06175992269836777,15.0,32.0,7.0,1.0,1.0,0.9337632936801543,0.4186326266842032,1.0,0.21568627450980393,0.0,0.0014284541139545945,0.4677221730078318,0.4662937188938772,0.934015891901709,0.0014284541139545945,0.0,2134.0,-0.0904106377932472,-0.07725435157308813,-0.06256187078232849,0.07423742839263764,0.04463859332651598,0.24150701497367788,-0.3743602967520474,1.0,0.0,0.24509803921568626,0.015196484219795602,0.11556490741001191,0.08831530214046507,-0.02556599813241453,-0.38996555433005664
G12,G12__mom_255_0__top50__monthly__long_short,long_short,mom_255_0,50,monthly,base,10.0,0.01,True,,False,True,1,0,2134.0,0.5456603596841785,0.05276665461150465,0.13001013089509877,0.4607960611077099,0.24651207948221512,0.3319576347386124,-0.2879615145610378,1205.0,0.1832420373671842,0.5836780096057809,7.0303934202938105,0.060560989919542084,15.0,32.0,7.0,1.0,1.0,0.9337632936801543,0.4186326266842032,1.0,0.21568627450980393,0.0,0.0014286600748387654,0.4678211499922148,0.46639248991737603,0.9342136399095908,0.0014286600748387654,0.04028719373156729,2134.0,-0.09504570643278437,-0.08152379859456439,-0.06258479548440803,0.06960591202423785,0.040006332450141104,0.24152441917771622,-0.3935242107459484,1.0,0.0,0.24509803921568626,0.01549731167386105,0.11196679333509674,0.0897505670504179,-0.025574543224124335,-0.39032949942313966
G12,G12__mom_255_0__top50__monthly__long_short,long_short,mom_255_0,50,monthly,base,10.0,0.03,True,,False,True,1,0,2134.0,0.4304767735179269,0.04318283679740942,0.1300611728668962,0.39034190735084767,0.176120069952143,0.23649336677787064,-0.2937496958624952,1401.0,0.1470055540674445,0.5839480549734964,7.033646112951618,0.058287655071611634,15.0,32.0,7.0,1.0,1.0,0.9337632936801543,0.4186326266842032,1.0,0.21568627450980393,0.0,0.0014290658505906485,0.4680163737511819,0.4665873079005912,0.9346036816517731,0.0014290658505906485,0.11504318376496245,2134.0,-0.1041855363641911,-0.0898851088073204,-0.0626299994293567,0.0604730866187081,0.030872038929478443,0.241558789208864,-0.43130509432263714,1.0,0.0,0.24509803921568626,0.01608135409568242,0.10487384671712399,0.09252821323175137,-0.025591341838280907,-0.3910537862308914
G12,G12__mom_255_0__top50__monthly__long_short,long_short,mom_255_0,50,monthly,base,20.0,0.0,True,,False,True,1,0,2134.0,0.5145918683269364,0.05024534875428843,0.12998660270051227,0.4424067691175013,0.22807845160382326,0.30678763220877137,-0.2894119893810949,1207.0,0.17361184262524051,0.5835423522473632,7.028759429318756,0.11981417878671005,15.0,32.0,7.0,1.0,1.0,0.9337632936801543,0.4186326266842032,1.0,0.21568627450980393,0.0,0.0014284541139545945,0.4677221730078318,0.4662937188938772,0.934015891901709,0.0014284541139545945,0.0,2134.0,-0.09744690972404976,-0.0837234877813123,-0.06253920724743153,0.06719764465956139,0.03759934093565454,0.2415048042411156,-0.4034988456244535,1.0,0.0,0.24509803921568626,0.01549417526327853,0.10917003413291926,0.08980482914910809,-0.025565895551490136,-0.38996555433005753
G12,G12__mom_255_0__top50__monthly__long_short,long_short,mom_255_0,50,monthly,base,20.0,0.01,True,,False,True,1,0,2134.0,0.4562425155531902,0.045384262489785554,0.13001249283398078,0.4066561746716096,0.19235935952697955,0.2583693144557637,-0.2923486275227859,1401.0,0.15524021054707454,0.5836780096057809,7.0303934202938105,0.11751167533758804,15.0,32.0,7.0,1.0,1.0,0.9337632936801543,0.4186326266842032,1.0,0.21568627450980393,0.0,0.0014286600748387654,0.4678211499922148,0.46639248991737603,0.9342136399095908,0.0014286600748387654,0.03903735483317692,2134.0,-0.102083479657957,-0.08796449601173748,-0.06256202644095978,0.062564610647834,0.032965565287248116,0.24152221926025005,-0.42266703233609276,1.0,0.0,0.24509803921568626,0.015791229177220253,0.10557279133819615,0.09121896992046652,-0.02557440943189801,-0.39032949942313966
G12,G12__mom_255_0__top50__monthly__long_short,long_short,mom_255_0,50,monthly,base,20.0,0.03,True,,False,True,1,0,2134.0,0.34768520783308743,0.03586427392845981,0.13006363064665813,0.3362013022620042,0.12196711389832428,0.16335659562834431,-0.29810308016925435,1462.0,0.12030829707662567,0.5839480549734964,7.033646112951618,0.11314502426299831,15.0,32.0,7.0,1.0,1.0,0.9337632936801543,0.4186326266842032,1.0,0.21568627450980393,0.0,0.0014290658505906485,0.4680163737511819,0.4665873079005912,0.9346036816517731,0.0014290658505906485,0.11151956571812152,2134.0,-0.1112263006530129,-0.09627011900324134,-0.06260702166326436,0.053428761836275145,0.023828254039171094,0.24155660989077313,-0.4604564565768129,1.0,0.0,0.24509803921568626,0.01636791644045941,0.09848164868553898,0.09395549710535045,-0.02559114682566696,-0.3910537862308914
G12,G12__mom_255_0__top50__weekly__long_only,long_only,mom_255_0,50,weekly,base,0.0,0.0,True,,False,True,1,0,2134.0,1.0207320757253342,0.08661812607044972,0.16641238488117938,0.5829341443375786,0.4154964290825119,0.555499292643731,-0.3102199338431788,1326.0,0.2792152167572719,0.23011111688365937,12.064982495725811,0.0,9.0,4.0,3.0,2.0,0.0,0.7423257288832632,0.34873055755851834,1.0,0.8626126126126126,0.0,0.7426292912184932,0.7426292912184932,0.0,0.7426292912184932,0.7426292912184932,0.0,2134.0,-0.05794640146545758,-0.051990406003336875,0.7022643746742164,-0.011811116271718722,-0.020100084941135757,0.11312548157692552,-0.512231202534629,1.0,1.0,0.38513513513513514,-0.06163032664035989,-0.18063731261671495,0.04395550139228388,-0.06327133659407372,-3.7089372098646667
G12,G12__mom_255_0__top50__weekly__long_only,long_only,mom_255_0,50,weekly,base,5.0,0.0,True,,False,True,1,0,2134.0,0.9200892749253196,0.08008239598819555,0.1664278786026695,0.5466387345700401,0.3792133827425147,0.5062090334538889,-0.31865603203711534,1331.0,0.25131297680524683,0.23011111688365937,12.064982495725811,0.055711960309375544,9.0,4.0,3.0,2.0,0.0,0.7423257288832632,0.34873055755851834,1.0,0.8626126126126126,0.0,0.7426292912184932,0.7426292912184932,0.0,0.7426292912184932,0.7426292912184932,0.0,2134.0,-0.06397793769680415,-0.05769244121984353,0.7023404545942719,-0.017854441380548265,-0.02614142922093204,0.11312351051143989,-0.565558277033263,1.0,1.0,0.38513513513513514,-0.05914472028586473,-0.1825530735340034,0.04437978013317606,-0.0632649725498928,-3.7089372098646667
G12,G12__mom_255_0__top50__weekly__long_only,long_only,mom_255_0,50,weekly,base,10.0,0.0,True,,True,True,1,0,2134.0,0.8244461931493241,0.07358508667452379,0.16644747868168658,0.5103374914295987,0.3429287370664041,0.4570704793145122,-0.3269903545684054,1357.0,0.22503748396997444,0.23011111688365937,12.064982495725811,0.10843333341539432,9.0,4.0,3.0,2.0,0.0,0.7423257288832632,0.34873055755851834,1.0,0.8626126126126126,0.0,0.7426292912184932,0.7426292912184932,0.0,0.7426292912184932,0.7426292912184932,0.0,2134.0,-0.07000947392815014,-0.06336095660417625,0.7024165345143281,-0.023897766489377317,-0.03218277350072781,0.11312758340835738,-0.6188541451949565,1.0,1.0,0.38513513513513514,-0.05669004952913981,-0.1844621834503905,0.04478590442401709,-0.06325928224281713,-3.7089372098646667
G12,G12__mom_255_0__top50__weekly__long_only,long_only,mom_255_0,50,weekly,base,20.0,0.0,True,,False,True,1,0,2134.0,0.6471804725640931,0.060704848896001806,0.1664989918077255,0.4377282737343242,0.27036540026528305,0.35925695389311846,-0.34335850248917155,1380.0,0.17679727880895055,0.23011111688365937,12.064982495725811,0.2055249343393059,9.0,4.0,3.0,2.0,0.0,0.7423257288832632,0.34873055755851834,1.0,0.8626126126126126,0.0,0.7426292912184932,0.7426292912184932,0.0,0.7426292912184932,0.7426292912184932,0.0,2134.0,-0.08207254639084259,-0.07459819689498018,0.7025686943544396,-0.03598441670703576,-0.04426546206031968,0.11315385751033072,-0.7253181481979043,1.0,1.0,0.38513513513513514,-0.05187231374341379,-0.18825829487245466,0.04554524396373877,-0.06324992517336209,-3.7089372098646667
G12,G12__mom_255_0__top50__weekly__long_short,long_short,mom_255_0,50,weekly,base,0.0,0.0,True,,False,True,8,0,2134.0,0.455776531229916,0.04534475486038003,0.1292670572370851,0.40792985149540617,0.19239350974065755,0.2596153222078521,-0.3338270055498318,1521.0,0.13583309350810213,0.28003896695340413,14.682755358239215,0.0,17.0,35.0,9.0,11.0,2.0,0.9304850979599331,0.4051567157542622,1.0,0.23873873873873874,0.0,6.490124828328818e-05,0.46538613094968306,0.4653212297013997,0.930707360651083,6.490124828328818e-05,0.0,2134.0,-0.10222197119137139,-0.087998964065245,-0.11103351745190171,0.0699369638751319,0.03898547849859934,0.24841372050938026,-0.41149889378800003,1.0,0.0,0.21846846846846846,0.02357754258544413,0.15440703155070726,0.12301465302928571,-0.026598900174440304,-1.0088627092869338
G12,G12__mom_255_0__top50__weekly__long_short,long_short,mom_255_0,50,weekly,base,0.0,0.01,True,,False,True,8,0,2134.0,0.39983083931737706,0.040518448318628275,0.12927288802809433,0.37211502783650546,0.1565779521167455,0.21098163843467593,-0.34150101152688606,1531.0,0.1186481063041838,0.2800571492103753,14.683708674250456,0.0,17.0,35.0,9.0,11.0,2.0,0.9304850979599331,0.4051567157542622,1.0,0.23873873873873874,0.0,6.492906179403816e-05,0.4654127111435812,0.4653477820817872,0.9307604932253685,6.492906179403816e-05,0.03901599370111697,2134.0,-0.10684947832626389,-0.09220962905911492,-0.11104838993299464,0.06531176128863196,0.03435974630815427,0.24841895923963275,-0.4301180499802092,1.0,0.0,0.21846846846846846,0.023828434919756874,0.1505507900016182,0.12314004031253234,-0.02660382256646987,-1.0090799152592922
G12,G12__mom_255_0__top50__weekly__long_short,long_short,mom_255_0,50,weekly,base,0.0,0.03,True,,False,True,8,0,2134.0,0.2957771108615541,0.031070804134759822,0.129284439632026,0.3015342751184781,0.08599627551006965,0.11554739144747121,-0.35636863174757505,1540.0,0.08718725882913303,0.2800933416168361,14.685606282485734,0.0,17.0,35.0,9.0,11.0,2.0,0.9304850979599331,0.4051567157542622,1.0,0.23873873873873874,0.0,6.498392300649361e-05,0.465465105780358,0.4654001218573515,0.9308652276377094,6.498392300649361e-05,0.11148000096623963,2134.0,-0.11597017286480207,-0.10045213589025338,-0.1110777040123092,0.056195609079913715,0.025242550220899655,0.24842931568011656,-0.46681355840519245,1.0,0.0,0.21846846846846846,0.02431442048204942,0.14294756438826045,0.12331900923734634,-0.026613468966001502,-1.0095087652985413
G12,G12__mom_255_0__top50__weekly__long_short,long_short,mom_255_0,50,weekly,base,5.0,0.0,True,,False,True,8,0,2134.0,0.3680218459652289,0.037697970394324765,0.12924553731393695,0.35116337920982005,0.13557471101011398,0.18248961543203854,-0.34607223508595153,1536.0,0.10893092993999355,0.28003896695340413,14.682755358239215,0.06094042367412746,17.0,35.0,9.0,11.0,2.0,0.9304850979599331,0.4051567157542622,1.0,0.23873873873873874,0.0,6.490124828328818e-05,0.46538613094968306,0.4653212297013997,0.930707360651083,6.490124828328818e-05,0.0,2134.0,-0.10956756302239268,-0.09467032805515156,-0.11093402162601551,0.06257595478157164,0.03162709279985958,0.2483877734952516,-0.4411149610167397,1.0,0.0,0.21846846846846846,0.023916653855290265,0.14791949541603008,0.12297359221659987,-0.02664149666418425,-1.0088627092869338
G12,G12__mom_255_0__top50__weekly__long_short,long_short,mom_255_0,50,weekly,base,5.0,0.01,True,,False,True,8,0,2134.0,0.31544326806687195,0.03290647626821008,0.12925139983027234,0.315342460905142,0.09975331794198511,0.13407909822500744,-0.35360589379841856,1539.0,0.09305975054524743,0.2800571492103753,14.683708674250456,0.05977657222885892,17.0,35.0,9.0,11.0,2.0,0.9304850979599331,0.4051567157542622,1.0,0.23873873873873874,0.0,6.492906179403816e-05,0.4654127111435812,0.4653477820817872,0.9307604932253685,6.492906179403816e-05,0.03778532743694568,2134.0,-0.11419540815543112,-0.09885062128987064,-0.11094894572629917,0.057950422195518776,0.027001029154184293,0.2483930364280134,-0.45973675348393284,1.0,0.0,0.21846846846846846,0.024163266874730284,0.14405238035059562,0.12306519185080567,-0.026646397276692352,-1.0090799152592886
G12,G12__mom_255_0__top50__weekly__long_short,long_short,mom_255_0,50,weekly,base,5.0,0.03,True,,False,True,8,0,2134.0,0.21765254205951212,0.023526975583692433,0.12926301376284163,0.24474970490778583,0.02916014880489215,0.03908320296268753,-0.3682015927898724,1569.0,0.06389699567953513,0.2800933416168361,14.685606282485734,0.05756954920145338,17.0,35.0,9.0,11.0,2.0,0.9304850979599331,0.4051567157542622,1.0,0.23873873873873874,0.0,6.498392300649361e-05,0.465465105780358,0.4654001218573515,0.9308652276377094,6.498392300649361e-05,0.10800955204306295,2134.0,-0.12331677817939712,-0.10703367697657866,-0.11097836163403257,0.048833610280079535,0.017883170488202278,0.24840344047893018,-0.49643748066306265,1.0,0.0,0.21846846846846846,0.024640913351809735,0.13642778507977205,0.12318010623427811,-0.026656000698864674,-1.0095087652985413
G12,G12__mom_255_0__top50__weekly__long_short,long_short,mom_255_0,50,weekly,base,10.0,0.0,True,,False,True,8,0,2134.0,0.2855441376770451,0.030105901761985132,0.12923154808391013,0.29436084581475214,0.07873268277246144,0.10571558128742696,-0.35809417049257797,1543.0,0.0840725826968164,0.28003896695340413,14.682755358239215,0.11814362887429591,17.0,35.0,9.0,11.0,2.0,0.9304850979599331,0.4051567157542622,1.0,0.23873873873873874,0.0,6.490124828328818e-05,0.46538613094968306,0.4653212297013997,0.930707360651083,6.490124828328818e-05,0.0,2134.0,-0.11691315485341407,-0.10129395573911733,-0.11083452580012933,0.05521494568801131,0.02426870710111972,0.24836574397913172,-0.47072979139682564,1.0,0.0,0.21846846846846846,0.024249397979857732,0.14139236665000876,0.12288366405919104,-0.02668348133586937,-1.0088627092869338
G12,G12__mom_255_0__top50__weekly__long_short,long_short,mom_255_0,50,weekly,base,10.0,0.01,True,,True,True,8,0,2134.0,0.23613051763329929,0.0253489744821509,0.12923744265700918,0.2585359473370315,0.04290757016700441,0.057529724425805506,-0.36549002823372645,1545.0,0.06935613156028579,0.2800571492103753,14.683708674250456,0.11591161766659686,17.0,35.0,9.0,11.0,2.0,0.9304850979599331,0.4051567157542622,1.0,0.23873873873873874,0.0,6.492906179403816e-05,0.4654127111435812,0.4653477820817872,0.9307604932253685,6.492906179403816e-05,0.03660608372654567,2134.0,-0.12154133798459851,-0.10544409145932222,-0.11084950151960361,0.050589083102405424,0.01964231200021415,0.2483710313817466,-0.4893539206582805,1.0,0.0,0.21846846846846846,0.024491780607219,0.1375150713738063,0.12294278837924993,-0.026688360122444327,-1.0090799152592886
G12,G12__mom_255_0__top50__weekly__long_short,long_short,mom_255_0,50,weekly,base,10.0,0.03,True,,False,True,8,0,2134.0,0.14422674416849346,0.016037136630198123,0.12924911958471236,0.18793535489756624,-0.02769292190188677,-0.03702492260343071,-0.3798187396323621,1578.0,0.042223131606726264,0.2800933416168361,14.685606282485734,0.11167816478191343,17.0,35.0,9.0,11.0,2.0,0.9304850979599331,0.4051567157542622,1.0,0.23873873873873874,0.0,6.498392300649361e-05,0.465465105780358,0.4654001218573515,0.9308652276377094,6.498392300649361e-05,0.1046832030537638,2134.0,-0.13066338349399276,-0.11356811535474158,-0.11087901925575597,0.04147161148024475,0.010523790755504294,0.2483814835782508,-0.5260592762859,1.0,0.0,0.21846846846846846,0.024961183492518524,0.12987047305587412,0.12299616018320869,-0.026697920477219556,-1.0095087652985377
G12,G12__mom_255_0__top50__weekly__long_short,long_short,mom_255_0,50,weekly,base,20.0,0.0,True,,False,True,8,0,2134.0,0.13517240892603888,0.01508438330418338,0.12922617016937893,0.180687271837293,-0.03498130900898512,-0.046739524442784806,-0.38148424330568453,1578.0,0.039541301033752564,0.28003896695340413,14.682755358239215,0.22224232869060606,17.0,35.0,9.0,11.0,2.0,0.9304850979599331,0.4051567157542622,1.0,0.23873873873873874,0.0,6.490124828328818e-05,0.46538613094968306,0.4653212297013997,0.930707360651083,6.490124828328818e-05,0.0,2134.0,-0.1316043385154568,-0.11439933588392688,-0.11063553414835688,0.04049292750089067,0.009551935703640043,0.24833344142574892,-0.5299501257659097,1.0,0.0,0.21846846846846846,0.024896081051133077,0.1282323447071082,0.12256508374472241,-0.02676559093770936,-1.0088627092869338
G12,G12__mom_255_0__top50__weekly__long_short,long_short,mom_255_0,50,weekly,base,20.0,0.01,True,,False,True,8,0,2134.0,0.09152994247479374,0.010395859771270999,0.12923212982782414,0.1448607636146856,-0.07080750633159305,-0.09447184370153368,-0.388611955497036,1578.0,0.02675126079941277,0.2800571492103753,14.683708674250456,0.21813510239557235,17.0,35.0,9.0,11.0,2.0,0.9304850979599331,0.4051567157542622,1.0,0.23873873873873874,0.0,6.492906179403816e-05,0.4654127111435812,0.4653477820817872,0.9307604932253685,6.492906179403816e-05,0.03439240126993435,2134.0,-0.13623319764293285,-0.11848979340919742,-0.1106506131062127,0.03586640491617915,0.004924877692274314,0.24833877856564235,-0.5485780288917822,1.0,0.0,0.21846846846846846,0.025130147761294,0.12433678644324805,0.12256303935626689,-0.02677042595063786,-1.0090799152592886
G12,G12__mom_255_0__top50__weekly__long_short,long_short,mom_255_0,50,weekly,base,20.0,0.03,True,,False,True,8,0,2134.0,0.010360674308490747,0.0012179188198924162,0.12924393470109094,0.07425701292951728,-0.14141012241748935,-0.18813581331397633,-0.40242113902134613,1578.0,0.0030264782383308464,0.2800933416168361,14.685606282485734,0.21034169098627095,17.0,35.0,9.0,11.0,2.0,0.9304850979599331,0.4051567157542622,1.0,0.23873873873873874,0.0,6.498392300649361e-05,0.465465105780358,0.4654001218573515,0.9308652276377094,6.498392300649361e-05,0.09843638249927067,2134.0,-0.14535659412318308,-0.12649700023401464,-0.11068033449920289,0.026747613880576216,-0.004194968709890669,0.24834932865001874,-0.58529086796133,1.0,0.0,0.21846846846846846,0.025583346229136817,0.11665631627772977,0.12250056404094956,-0.02677989993485666,-1.0095087652985413
G12,G12__mom_255_21__top10__monthly__long_only,long_only,mom_255_21,10,monthly,base,0.0,0.0,True,,False,True,0,0,2134.0,1.011122557519728,0.08600663740642478,0.17945664230818925,0.550130942482846,0.3948671268844004,0.5320466441968078,-0.36827745539976686,1361.0,0.23353761177985816,0.4155243179946977,5.004984568760876,0.0,0.0,0.0,0.0,0.0,0.0,0.519793863683586,0.26123147530435875,0.9298131383630581,1.0,0.0,0.5209537661426773,0.5209537661426773,0.0,0.5209537661426773,0.5209537661426773,0.0,2134.0,-0.056229210885532524,-0.052523893441294225,0.690914532932334,-0.008335223873384836,-0.016938719274030872,0.13470276668077977,-0.41743174450741005,1.0,1.0,0.43137254901960786,-0.11860010480265523,-0.23552956986707296,0.11949742989775991,-0.16821597525335913,-4.10203836480255
G12,G12__mom_255_21__top10__monthly__long_only,long_only,mom_255_21,10,monthly,base,5.0,0.0,True,,True,True,0,0,2134.0,0.9689464431278936,0.08329196481928824,0.17945624869829144,0.5361815556007465,0.3809163300778131,0.5129463997342641,-0.37207741234959846,1364.0,0.22385654719891554,0.4155243179946977,5.004984568760876,0.02221018881968861,0.0,0.0,0.0,0.0,0.0,0.519793863683586,0.26123147530435875,0.9298131383630581,1.0,0.0,0.5209537661426773,0.5209537661426773,0.0,0.5209537661426773,0.5209537661426773,0.0,2134.0,-0.058732732064019307,-0.054892283582613936,0.6909146365571233,-0.01083876110893299,-0.019442240072778484,0.13470221396981416,-0.43601905516698425,1.0,1.0,0.43137254901960786,-0.11584087532673987,-0.23637430432972995,0.12032000050855102,-0.16821526695167596,-4.10203836480255
G12,G12__mom_255_21__top10__monthly__long_only,long_only,mom_255_21,10,monthly,base,10.0,0.0,True,,False,True,0,0,2134.0,0.9276443583475018,0.08058338538536436,0.1794592849409425,0.5222221265490886,0.36695845403770333,0.4938605949423494,-0.3758557245182962,1378.0,0.21439978196059553,0.4155243179946977,5.004984568760876,0.043927776302357974,0.0,0.0,0.0,0.0,0.0,0.519793863683586,0.26123147530435875,0.9298131383630581,1.0,0.0,0.5209537661426773,0.5209537661426773,0.0,0.5209537661426773,0.5209537661426773,0.0,2134.0,-0.06123625324250583,-0.05725535781067537,0.6909147401819125,-0.01334229834448087,-0.021945760871525825,0.13470623063392545,-0.4545910976376443,1.0,1.0,0.43137254901960786,-0.11309807420070034,-0.2372165937236892,0.12112466176126113,-0.1682165579381953,-4.10203836480255
G12,G12__mom_255_21__top10__monthly__long_only,long_only,mom_255_21,10,monthly,base,20.0,0.0,True,,False,True,0,0,2134.0,0.8475910524400467,0.07518445725738676,0.17947564609096764,0.4942763488306447,0.33902466957605787,0.455735539225141,-0.3843317240350558,1486.0,0.1956238648947153,0.4155243179946977,5.004984568760876,0.0859276885911135,0.0,0.0,0.0,0.0,0.0,0.519793863683586,0.26123147530435875,0.9298131383630581,1.0,0.0,0.5209537661426773,0.5209537661426773,0.0,0.5209537661426773,0.5209537661426773,0.0,2134.0,-0.06624329559947922,-0.061965601032119524,0.690914947431491,-0.018349372815576987,-0.02695280246902083,0.1347279699877308,-0.49168183566865725,1.0,1.0,0.43137254901960786,-0.10766147322398775,-0.23889309360063543,0.12169722463780885,-0.16822513760364086,-4.10203836480255
G12,G12__mom_255_21__top10__monthly__long_short,long_short,mom_255_21,10,monthly,base,0.0,0.0,True,,False,True,0,0,2134.0,0.6267045591923148,0.05913919601995876,0.15990703857485872,0.4394404043716664,0.26522176261343755,0.36765838766713904,-0.3048183997715309,1060.0,0.19401452164398567,0.6353838160504119,7.653189132033641,0.0,4.0,27.0,3.0,0.0,0.0,0.7949699888521364,0.29209334754979543,1.0,0.7549019607843137,0.0,0.001183430847355992,0.3992789674270853,0.3980955365797293,0.7973745040068146,0.001183430847355992,0.0,2134.0,-0.0846842489601321,-0.0759641357761268,0.012941143838094726,0.06826433346834626,0.040773301611569904,0.2478700945131774,-0.341647705127373,1.0,0.0,0.23529411764705882,0.0014002597935041591,0.02635764578352945,0.1285542978430369,-0.07202571319209547,-1.7739646971193492
G12,G12__mom_255_21__top10__monthly__long_short,long_short,mom_255_21,10,monthly,base,0.0,0.01,True,,False,True,0,0,2134.0,0.573039181872214,0.054951752717576685,0.15993573352251114,0.414617135755863,0.24042374597813382,0.33291815336532593,-0.3088296436068203,1073.0,0.177935485971474,0.635514554651274,7.654763876643087,0.0,4.0,27.0,3.0,0.0,0.0,0.7949699888521364,0.29209334754979543,1.0,0.7549019607843137,0.0,0.0011833460134962092,0.3993526528775185,0.3981693068640223,0.7975219597415408,0.0011833460134962092,0.03301957924313988,2134.0,-0.08864176691522714,-0.07961743064553138,0.01293533783228938,0.06430771517627736,0.03681646750006043,0.24788946973875498,-0.3575858506964603,1.0,0.0,0.23529411764705882,0.002496856238731082,0.02315417081594881,0.1315680910030248,-0.07204627344840644,-1.7747784121382173
G12,G12__mom_255_21__top10__monthly__long_short,long_short,mom_255_21,10,monthly,base,0.0,0.03,True,,False,True,0,0,2134.0,0.4723540514866915,0.04674343953561522,0.15999242265170138,0.3656979825166921,0.19155457762802125,0.2646771135538738,-0.31667089223334477,1217.0,0.14760889201389388,0.6357738731121393,7.657887363858683,0.0,4.0,27.0,3.0,0.0,0.0,0.7949699888521364,0.29209334754979543,1.0,0.7549019607843137,0.0,0.00118317783483384,0.39949797764412986,0.39831479980929607,0.7978127774534259,0.00118317783483384,0.09485255604182136,2134.0,-0.09644495647165857,-0.08677869499436709,0.01292390606593248,0.05650629701619988,0.029014624261766597,0.24792774662267594,-0.38900428768240797,1.0,0.0,0.23529411764705882,0.004631373610100117,0.016841003816018357,0.13732634621571355,-0.07208675521808541,-1.776400337587945
G12,G12__mom_255_21__top10__monthly__long_short,long_short,mom_255_21,10,monthly,base,5.0,0.0,True,,False,True,0,0,2134.0,0.5748274608093402,0.05509330498711651,0.15988865504749436,0.41553211069016366,0.24128787613633942,0.3340601920831111,-0.3091474045652125,1073.0,0.17821047232985893,0.6353838160504119,7.653189132033641,0.031608927523125024,4.0,27.0,3.0,0.0,0.0,0.7949699888521364,0.29209334754979543,1.0,0.7549019607843137,0.0,0.001183430847355992,0.3992789674270853,0.3980955365797293,0.7973745040068146,0.001183430847355992,0.0,2134.0,-0.08851499234604684,-0.0794939347214743,0.013010146821680299,0.06442289780359034,0.036933818021950074,0.24784798380117945,-0.35713420375068483,1.0,0.0,0.23529411764705882,0.0023294229353122073,0.022757397481010022,0.1313834995213924,-0.07202783131143103,-1.7739646971193492
G12,G12__mom_255_21__top10__monthly__long_short,long_short,mom_255_21,10,monthly,base,5.0,0.01,True,,True,True,0,0,2134.0,0.5228633634900923,0.05092102983944824,0.15991736084974903,0.39070571022744033,0.21648675320489852,0.2993956560188143,-0.3131344499543063,1074.0,0.1626171436802269,0.635514554651274,7.654763876643087,0.031094321438181725,4.0,27.0,3.0,0.0,0.0,0.7949699888521364,0.29209334754979543,1.0,0.7549019607843137,0.0,0.0011833460134962092,0.3993526528775185,0.3981693068640223,0.7975219597415408,0.0011833460134962092,0.03245683345277141,2134.0,-0.09247323660484462,-0.08313399627933382,0.013004394465234522,0.060465544894643196,0.03297625080317436,0.24786735766001147,-0.37307549278709795,1.0,0.0,0.23529411764705882,0.003417585682845642,0.019552779074486215,0.1343348858791351,-0.07204837377848658,-1.774778412138219
G12,G12__mom_255_21__top10__monthly__long_short,long_short,mom_255_21,10,monthly,base,5.0,0.03,True,,False,True,0,0,2134.0,0.42537096578961986,0.0427424495462736,0.15997407030700334,0.3417803582354501,0.16761143531438838,0.23130330203503852,-0.32153227082269686,1356.0,0.1329336226093559,0.6357738731121393,7.657887363858683,0.030112598804486787,4.0,27.0,3.0,0.0,0.0,0.7949699888521364,0.29209334754979543,1.0,0.7549019607843137,0.0,0.00118317783483384,0.39949797764412986,0.39831479980929607,0.7978127774534259,0.00118317783483384,0.0932537902430767,2134.0,-0.10027786759543299,-0.09026932045365155,0.01299306944387098,0.05266266875985973,0.02517295259380889,0.24790563101924432,-0.4045001607391833,1.0,0.0,0.23529411764705882,0.005535638442631496,0.013237405186432072,0.1393688390822858,-0.07208882049853266,-1.776400337587945
G12,G12__mom_255_21__top10__monthly__long_short,long_short,mom_255_21,10,monthly,base,10.0,0.0,True,,False,True,0,0,2134.0,0.5245866689354617,0.05106139551455491,0.1598787019070711,0.3915976685735966,0.21733700107597623,0.30052282160335075,-0.31345110224351025,1074.0,0.16290067302072184,0.6353838160504119,7.653189132033641,0.06219028763647919,4.0,27.0,3.0,0.0,0.0,0.7949699888521364,0.29209334754979543,1.0,0.7549019607843137,0.0,0.001183430847355992,0.3992789674270853,0.3980955365797293,0.7973745040068146,0.001183430847355992,0.0,2134.0,-0.0923457357319616,-0.08301153558824506,0.013079149805265793,0.060581462138834405,0.033094334432330265,0.24783131093170224,-0.37261528975009295,1.0,0.0,0.23529411764705882,0.0032512633896762053,0.019150101109035728,0.13415095415724942,-0.07202978319663239,-1.7739646971193492
G12,G12__mom_255_21__top10__monthly__long_short,long_short,mom_255_21,10,monthly,base,10.0,0.01,True,,False,True,0,0,2134.0,0.4742705098084876,0.04690423891205975,0.15990742058592058,0.366769447871671,0.1925340833217603,0.26593561063805154,-0.3174140863138577,1217.0,0.1477698720203647,0.635514554651274,7.654763876643087,0.06118345147944091,4.0,27.0,3.0,0.0,0.0,0.7949699888521364,0.29209334754979543,1.0,0.7549019607843137,0.0,0.0011833460134962092,0.3993526528775185,0.3981693068640223,0.7975219597415408,0.0011833460134962092,0.03190662179491523,2134.0,-0.09630470629446249,-0.08663840711593018,0.013073451098179582,0.05662337461300865,0.029136034106287925,0.2478506852782124,-0.3885593706806195,1.0,0.0,0.23529411764705882,0.004331038600706348,0.015944882205359195,0.13704082388174849,-0.0720503082473137,-1.774778412138219
G12,G12__mom_255_21__top10__monthly__long_short,long_short,mom_255_21,10,monthly,base,10.0,0.03,True,,False,True,0,0,2134.0,0.3798707135221637,0.03875529426590707,0.15996415439644837,0.31784048198779014,0.14365520049917455,0.19799514099810125,-0.3289806876387019,1728.0,0.11780416213510225,0.6357738731121393,7.657887363858683,0.059262525138226184,4.0,27.0,3.0,0.0,0.0,0.7949699888521364,0.29209334754979543,1.0,0.7549019607843137,0.0,0.00118317783483384,0.39949797764412986,0.39831479980929607,0.7978127774534259,0.00118317783483384,0.0916904590691549,2134.0,-0.10411077871920725,-0.09374787595337548,0.013062232821809487,0.048819040503519755,0.02133128092585134,0.24788895879658085,-0.4199895760772515,1.0,0.0,0.23529411764705882,0.006432716954827569,0.009628371374716449,0.13874025731639167,-0.07209072067025263,-1.7764003375879467
G12,G12__mom_255_21__top10__monthly__long_short,long_short,mom_255_21,10,monthly,base,20.0,0.0,True,,False,True,0,0,2134.0,0.42881140919316674,0.04303934797839726,0.15988409175121665,0.34366546132088455,0.16939943429582238,0.23364976067100235,-0.3231616681669176,1356.0,0.1331820949635859,0.6353838160504119,7.653189132033641,0.12040197792972614,4.0,27.0,3.0,0.0,0.0,0.7949699888521364,0.29209334754979543,1.0,0.7549019607843137,0.0,0.001183430847355992,0.3992789674270853,0.3980955365797293,0.7973745040068146,0.001183430847355992,0.0,2134.0,-0.10000722250379117,-0.09001029425544728,0.01321715577243685,0.052898590809322465,0.025415367253090536,0.24781428275261555,-0.40355713719545755,1.0,0.0,0.23529411764705882,0.005073132217906957,0.011920815273310681,0.1383255905314884,-0.07203318583841395,-1.7739646971193492
G12,G12__mom_255_21__top10__monthly__long_short,long_short,mom_255_21,10,monthly,base,20.0,0.01,True,,False,True,0,0,2134.0,0.38163766617031314,0.03891228021821069,0.15991284224106384,0.31883753840598766,0.14459686471304498,0.19922220844508073,-0.329713430183464,1728.0,0.11801848713459609,0.635514554651274,7.654763876643087,0.11847460632367474,4.0,27.0,3.0,0.0,0.0,0.7949699888521364,0.29209334754979543,1.0,0.7549019607843137,0.0,0.0011833460134962092,0.3993526528775185,0.3981693068640223,0.7975219597415408,0.0011833460134962092,0.030842583469792278,2134.0,-0.10396764567369783,-0.093610915060366,0.013211564364069903,0.04893903404973994,0.021455600712515416,0.2478336636385621,-0.4195057448907471,1.0,0.0,0.23529411764705882,0.006136270020887194,0.008716026012696776,0.1384585615848969,-0.07205367718504196,-1.7747784121382173
G12,G12__mom_255_21__top10__monthly__long_short,long_short,mom_255_21,10,monthly,base,20.0,0.03,True,,False,True,0,0,2134.0,0.29313500598223197,0.030822316278759088,0.1599696368183231,0.2699091061613403,0.09571861260426184,0.13159529694879646,-0.3499477652720413,2021.0,0.08807690557703242,0.6357738731121393,7.657887363858683,0.11479675556529972,4.0,27.0,3.0,0.0,0.0,0.7949699888521364,0.29209334754979543,1.0,0.7549019607843137,0.0,0.00118317783483384,0.39949797764412986,0.39831479980929607,0.7978127774534259,0.00118317783483384,0.08866666786857536,2134.0,-0.11177660096675585,-0.1006689267442151,0.013200559577686535,0.0411317839908397,0.013647937589936142,0.24787194852849603,-0.45094494003990016,1.0,0.0,0.23529411764705882,0.008205468581122588,0.00240045467358814,0.14093568025529019,-0.07209402329093309,-1.776400337587945
G12,G12__mom_255_21__top10__weekly__long_only,long_only,mom_255_21,10,weekly,base,0.0,0.0,True,,False,True,0,0,2134.0,0.9356800170250372,0.08111434564514552,0.16877645647541434,0.5469493919210865,0.38186320211723107,0.5161504428017571,-0.35096638281076453,1452.0,0.2311171371899772,0.20198781070617988,10.590446187578753,0.0,0.0,0.0,0.0,0.0,0.0,0.514701867715866,0.263751255093936,0.8794790444731816,1.0,0.0,0.5152048361168768,0.5152048361168768,0.0,0.5152048361168768,0.5152048361168768,0.0,2134.0,-0.06264168241352008,-0.056792126608999495,0.6342244099618566,-0.005963341872803889,-0.016146695470563636,0.13638390852017182,-0.45930405641846733,1.0,1.0,0.47297297297297297,-0.11187390719116377,-0.22138760337691948,0.17741392473986206,-0.17740162147133226,-9.417831089524586
G12,G12__mom_255_21__top10__weekly__long_only,long_only,mom_255_21,10,weekly,base,5.0,0.0,True,,False,True,0,0,2134.0,0.8507932847005362,0.0754043467111929,0.1688004032617032,0.5155174056684704,0.3504513901980423,0.473063079343836,-0.360118365311223,1473.0,0.20938767353902274,0.20198781070617988,10.590446187578753,0.04458123413042192,0.0,0.0,0.0,0.0,0.0,0.514701867715866,0.263751255093936,0.8794790444731816,1.0,0.0,0.5152048361168768,0.5152048361168768,0.0,0.5152048361168768,0.5152048361168768,0.0,2134.0,-0.06793431668807882,-0.0617737605806991,0.6342785620621079,-0.011264367224467348,-0.021446282549434918,0.13639892362778325,-0.4980561054386591,1.0,1.0,0.47297297297297297,-0.10570715484536161,-0.22386284999945283,0.17756904713857136,-0.17741151353624518,-9.417831089524586
G12,G12__mom_255_21__top10__weekly__long_only,long_only,mom_255_21,10,weekly,base,10.0,0.0,True,,True,True,0,0,2134.0,0.7696183489209585,0.06972373463194681,0.16882795656258856,0.4840839950604273,0.319041719942559,0.43009469879725404,-0.3691427830251208,1483.0,0.18888012400123771,0.20198781070617988,10.590446187578753,0.08708202048407525,0.0,0.0,0.0,0.0,0.0,0.514701867715866,0.263751255093936,0.8794790444731816,1.0,0.0,0.5152048361168768,0.5152048361168768,0.0,0.5152048361168768,0.5152048361168768,0.0,2134.0,-0.07322695096263751,-0.06672975627200359,0.634332714162359,-0.016565392576130752,-0.02674586962830619,0.1364184046427261,-0.5367820504455814,1.0,1.0,0.47297297297297297,-0.09962641840494399,-0.22633239440191305,0.17767034685492966,-0.17742364413430275,-9.417831089524586
G12,G12__mom_255_21__top10__weekly__long_only,long_only,mom_255_21,10,weekly,base,20.0,0.0,True,,False,True,0,0,2134.0,0.6177635740888565,0.05845008245720429,0.16889387541672124,0.42122097658104557,0.25623686102918064,0.3445206918026603,-0.38713818409208534,1532.0,0.15097989518724728,0.20198781070617988,10.590446187578753,0.1662216079924419,0.0,0.0,0.0,0.0,0.0,0.514701867715866,0.263751255093936,0.8794790444731816,1.0,0.0,0.5152048361168768,0.5152048361168768,0.0,0.5152048361168768,0.5152048361168768,0.0,2134.0,-0.08381221951175492,-0.07656534631474195,0.6344410183628616,-0.027167443279457602,-0.037345043786048686,0.13647075630614908,-0.6141405073167204,1.0,1.0,0.47297297297297297,-0.08771921590875231,-0.23125219805423386,0.17875758817216392,-0.17745461988879047,-9.417831089524586
G12,G12__mom_255_21__top10__weekly__long_short,long_short,mom_255_21,10,weekly,base,0.0,0.0,True,,False,True,4,0,2134.0,0.5007200421051659,0.04910484837651308,0.1562561192568436,0.38509043144448774,0.2067893141670406,0.2836749871781105,-0.341008426729588,1508.0,0.14399892943247447,0.31647484260647557,16.59312895480475,0.0,3.0,27.0,3.0,7.0,0.0,0.7902465341403689,0.32804713244421396,1.0,0.7837837837837838,0.0,0.000542124677945058,0.3955903790346756,0.3950482543567306,0.7906386333914062,0.000542124677945058,0.0,2134.0,-0.09478112627288444,-0.08471850643059502,0.0068166841597189975,0.05911646483942289,0.03145514346832912,0.24644742200582526,-0.38458964391457146,1.0,0.0,0.23198198198198197,0.022377955051674378,0.0976320934512925,0.2054950168753914,-0.0724052862347408,-4.309233306577497
G12,G12__mom_255_21__top10__weekly__long_short,long_short,mom_255_21,10,weekly,base,0.0,0.01,True,,False,True,4,0,2134.0,0.4516025462013813,0.04499037293366581,0.15626328496287314,0.35992925464923387,0.18162979428587173,0.24889020246712487,-0.3504072827566118,1524.0,0.1283945144625191,0.3164900315849304,16.593925329885046,0.0,3.0,27.0,3.0,7.0,0.0,0.7902465341403689,0.32804713244421396,1.0,0.7837837837837838,0.0,0.0005421803224833541,0.39560984757469747,0.39506766725221415,0.7906775148269116,0.0005421803224833541,0.03176511144201947,2134.0,-0.0987101349676159,-0.0883081411886572,0.00681180299748117,0.05518821249963443,0.027526675574558845,0.24645269466455383,-0.4005236587166151,1.0,0.0,0.23198198198198197,0.023361396101922612,0.09423574185431553,0.2043620009757301,-0.07241284282633975,-4.309836915970735
G12,G12__mom_255_21__top10__weekly__long_short,long_short,mom_255_21,10,weekly,base,0.0,0.03,True,,False,True,4,0,2134.0,0.3594494308345326,0.03692797106241619,0.1562774852990472,0.3103446690777836,0.13204870436945962,0.1805611475521028,-0.3685417218990682,1632.0,0.10020024563875451,0.3165200902066989,16.595501336948047,0.0,3.0,27.0,3.0,7.0,0.0,0.7902465341403689,0.32804713244421396,1.0,0.7837837837837838,0.0,0.0005422900376321912,0.39564822248351256,0.3951059324458804,0.7907541549293928,0.0005422900376321912,0.09122399094333004,2134.0,-0.10645397819390269,-0.09534210660964795,0.006802182725401386,0.04744585997166619,0.019783898201483675,0.24646313593286218,-0.4319265751081789,1.0,0.0,0.23198198198198197,0.02527318144694029,0.08754119433627691,0.20208131567983934,-0.0724276668284447,-4.311026878985249
G12,G12__mom_255_21__top10__weekly__long_short,long_short,mom_255_21,10,weekly,base,5.0,0.0,True,,False,True,4,0,2134.0,0.39889239925405384,0.0404360505763135,0.15625197336219465,0.33198905133162127,0.15366977215764274,0.21027206871177295,-0.36183408480037893,1611.0,0.11175301685196892,0.31647484260647557,16.59312895480475,0.06532779010491929,3.0,27.0,3.0,7.0,0.0,0.7902465341403689,0.32804713244421396,1.0,0.7837837837837838,0.0,0.000542124677945058,0.3955903790346756,0.3950482543567306,0.7906386333914062,0.000542124677945058,0.0,2134.0,-0.1030799182481349,-0.09228151618152268,0.00690795645401942,0.05080352986961734,0.023144734841536358,0.24643115562630546,-0.41829093397771483,1.0,0.0,0.23198198198198197,0.024385034732529197,0.09019050652159584,0.20300333822551297,-0.07245690293558335,-4.309233306577497
G12,G12__mom_255_21__top10__weekly__long_short,long_short,mom_255_21,10,weekly,base,5.0,0.01,True,,False,True,4,0,2134.0,0.3531030858908897,0.03635516047071308,0.1562591934121446,0.30682786873730844,0.12851036533139895,0.1756545350045804,-0.3709369331061817,1632.0,0.09800900699285804,0.3164900315849304,16.593925329885046,0.06424725186712495,3.0,27.0,3.0,7.0,0.0,0.7902465341403689,0.32804713244421396,1.0,0.7837837837837838,0.0,0.0005421803224833541,0.39560984757469747,0.39506766725221415,0.7906775148269116,0.0005421803224833541,0.030608113579478374,2134.0,-0.10700918736808449,-0.09584184973324258,0.006903042612572191,0.04687502216838049,0.01921601067995677,0.2464364678535334,-0.4342262665105399,1.0,0.0,0.23198198198198197,0.025349760991325875,0.08678898011247935,0.20183345396550012,-0.07246441449923341,-4.309836915970735
G12,G12__mom_255_21__top10__weekly__long_short,long_short,mom_255_21,10,weekly,base,5.0,0.03,True,,False,True,4,0,2134.0,0.26719462396433835,0.028358571237047325,0.15627350063735998,0.2572433292744448,0.0789295555227654,0.1076541884852331,-0.38850021323875394,1684.0,0.07299499529391373,0.3165200902066989,16.595501336948047,0.0621873180617823,3.0,27.0,3.0,7.0,0.0,0.7902465341403689,0.32804713244421396,1.0,0.7837837837837838,0.0,0.0005422900376321912,0.39564822248351256,0.3951059324458804,0.7907541549293928,0.0005422900376321912,0.08793864496516623,2134.0,-0.11475354707201711,-0.10281839754786445,0.006893357899591414,0.03913216314813292,0.011472725027208851,0.24644698698084103,-0.4656317712698924,1.0,0.0,0.23198198198198197,0.027225025626116624,0.0800843017893249,0.1994854160620253,-0.07247914985010381,-4.311026878985249
G12,G12__mom_255_21__top10__weekly__long_short,long_short,mom_255_21,10,weekly,base,10.0,0.0,True,,False,True,4,0,2134.0,0.3039562123710149,0.031837219496285485,0.15625641242661054,0.2788695308771717,0.10054190546782206,0.13722825390215126,-0.3820057627227432,1672.0,0.08334224926180679,0.31647484260647557,16.59312895480475,0.12605339405313074,3.0,27.0,3.0,7.0,0.0,0.7902465341403689,0.32804713244421396,1.0,0.7837837837837838,0.0,0.000542124677945058,0.3955903790346756,0.3950482543567306,0.7906386333914062,0.000542124677945058,0.0,2134.0,-0.11137871022338493,-0.09978348413645008,0.006999228748319756,0.042490594899812266,0.014834326214744042,0.24642033192047974,-0.45198669020268595,1.0,0.0,0.23198198198198197,0.026353542934875185,0.08272242270172636,0.20042885228745833,-0.07250871889530847,-4.309233306577497
G12,G12__mom_255_21__top10__weekly__long_short,long_short,mom_255_21,10,weekly,base,10.0,0.01,True,,True,True,4,0,2134.0,0.26127014680973093,0.027789646982286254,0.15626368699447502,0.25370976230832304,0.07538403189912224,0.1027789547249556,-0.39082186677725195,1963.0,0.07110566051854234,0.3164900315849304,16.593925329885046,0.12399420043483449,3.0,27.0,3.0,7.0,0.0,0.7902465341403689,0.32804713244421396,1.0,0.7837837837837838,0.0,0.0005421803224833541,0.39560984757469747,0.39506766725221415,0.7906775148269116,0.0005421803224833541,0.02950682684446171,2134.0,-0.11530823976855321,-0.10331475007395491,0.006994282227663212,0.0385618318371264,0.01090534578535453,0.24642568396516368,-0.467922977480115,1.0,0.0,0.23198198198198197,0.027299811179857254,0.07931630574105043,0.19922616142651073,-0.0725161855135065,-4.309836915970735
G12,G12__mom_255_21__top10__weekly__long_short,long_short,mom_255_21,10,weekly,base,10.0,0.03,True,,False,True,4,0,2134.0,0.18118426770013163,0.019858345710513703,0.15627810145340315,0.2041280666103018,0.025806300567452266,0.035109232042612654,-0.4078318631638471,1989.0,0.04869248213334322,0.3165200902066989,16.595501336948047,0.120067791006403,3.0,27.0,3.0,7.0,0.0,0.7902465341403689,0.32804713244421396,1.0,0.7837837837837838,0.0,0.0005422900376321912,0.39564822248351256,0.3951059324458804,0.7907541549293928,0.0005422900376321912,0.08481070883940413,2134.0,-0.1230531159501319,-0.11023433803049792,0.006984533073781464,0.03081846632459931,0.00316155185293368,0.24643628144486623,-0.4993303552085201,1.0,0.0,0.23198198198198197,0.029139056809242704,0.07260264789115077,0.19681845806977694,-0.07253083237883226,-4.311026878985249
G12,G12__mom_255_21__top10__weekly__long_short,long_short,mom_255_21,10,weekly,base,20.0,0.0,True,,False,True,4,0,2134.0,0.13292875503553292,0.014847256242697116,0.1562910410919223,0.17261109972126498,-0.005703759551896168,-0.007745934517315084,-0.4204681705764227,1996.0,0.03531124894030126,0.31647484260647557,16.59312895480475,0.23497218439300274,3.0,27.0,3.0,7.0,0.0,0.7902465341403689,0.32804713244421396,1.0,0.7837837837837838,0.0,0.000542124677945058,0.3955903790346756,0.3950482543567306,0.7906386333914062,0.000542124677945058,0.0,2134.0,-0.12797629417388554,-0.11460621512134443,0.007181773336920465,0.0258647249602015,-0.0017864910388411873,0.24641501503808041,-0.5193526626374955,1.0,0.0,0.23198198198198197,0.030176947365545617,0.06772083735132813,0.19506702538883658,-0.072612926015315,-4.309233306577497
G12,G12__mom_255_21__top10__weekly__long_short,long_short,mom_255_21,10,weekly,base,20.0,0.01,True,,False,True,4,0,2134.0,0.09583401294071137,0.010865523994439963,0.1562984251817521,0.14745841525308084,-0.03085430965912036,-0.04185599063423093,-0.42873743322315083,2001.0,0.025343072828410192,0.3164900315849304,16.593925329885046,0.23122985077292435,3.0,27.0,3.0,7.0,0.0,0.7902465341403689,0.32804713244421396,1.0,0.7837837837837838,0.0,0.0005421803224833541,0.39560984757469747,0.39506766725221415,0.7906775148269116,0.0005421803224833541,0.027459715708459953,2134.0,-0.13190634456949027,-0.1180800393485581,0.007176761457845435,0.0219354511746186,-0.005715984003849547,0.24642044745403538,-0.5352897697099372,1.0,0.0,0.23198198198198197,0.031087057721696364,0.06430729716992115,0.19380995002795343,-0.0726203030224557,-4.309836915970731
G12,G12__mom_255_21__top10__weekly__long_short,long_short,mom_255_21,10,weekly,base,20.0,0.03,True,,False,True,4,0,2134.0,0.026238988978182665,0.00306324092255994,0.15631305507161947,0.09789079319044662,-0.08041749626014486,-0.10885906856180097,-0.4446922815862332,2034.0,0.00688845084433049,0.3165200902066989,16.595501336948047,0.22409122531853798,3.0,27.0,3.0,7.0,0.0,0.7902465341403689,0.32804713244421396,1.0,0.7837837837837838,0.0,0.0005422900376321912,0.39564822248351256,0.3951059324458804,0.7907541549293928,0.0005422900376321912,0.07899418037660327,2134.0,-0.13965225370636086,-0.12488706661025949,0.007166883422161744,0.01419107267753262,-0.013460794495616117,0.24643120309803063,-0.5666987457380024,1.0,0.0,0.23198198198198197,0.03285574661448404,0.05757914402321934,0.19130415485392416,-0.07263477347743003,-4.311026878985249
G12,G12__mom_255_21__top20__monthly__long_only,long_only,mom_255_21,20,monthly,base,0.0,0.0,True,,False,True,0,0,2134.0,1.1793997792112303,0.09636095659497013,0.18396440895307858,0.5926608002131019,0.44119987765130464,0.5977391741500774,-0.3553738594855492,1203.0,0.2711537554688614,0.4409958318725295,5.311788595338096,0.0,1.0,0.0,0.0,0.0,0.0,0.6116086845873112,0.2909247597114424,1.0,0.9705882352941176,0.0,0.612840900087573,0.612840900087573,0.0,0.612840900087573,0.612840900087573,0.0,2134.0,-0.04592536883248181,-0.043490366671826264,0.7614868056588705,-0.008966828075536169,-0.015604181971605329,0.1207715859658702,-0.38026633885109556,1.0,1.0,0.38235294117647056,-0.11048004413484147,-0.24874480513016928,0.044004996467603696,-0.11199524843024922,-2.7913687277229124
G12,G12__mom_255_21__top20__monthly__long_only,long_only,mom_255_21,20,monthly,base,5.0,0.0,True,,True,True,0,0,2134.0,1.1309241205874527,0.09345261686063933,0.18396096317665095,0.5782251388641331,0.42676036102241405,0.5778272078886723,-0.35923577382526595,1215.0,0.26014284675917365,0.4409958318725295,5.311788595338096,0.025509416276570517,1.0,0.0,0.0,0.0,0.0,0.6116086845873112,0.2909247597114424,1.0,0.9705882352941176,0.0,0.612840900087573,0.612840900087573,0.0,0.612840900087573,0.612840900087573,0.0,2134.0,-0.04858300917494499,-0.04602771986389838,0.7614874592417955,-0.011624569693198155,-0.01826192263575025,0.120766137866509,-0.4022899964611528,1.0,1.0,0.38235294117647056,-0.10850776569969037,-0.2494916780400987,0.04456668839043787,-0.11199247238593313,-2.7913687277229124
G12,G12__mom_255_21__top20__monthly__long_only,long_only,mom_255_21,20,monthly,base,10.0,0.0,True,,False,True,0,0,2134.0,1.0835142845898291,0.09055122538235683,0.18396119119348625,0.5637776775801162,0.4123120723263332,0.557930094086016,-0.36307589181558475,1223.0,0.24940026981562863,0.4409958318725295,5.311788595338096,0.050403885060518724,1.0,0.0,0.0,0.0,0.0,0.6116086845873112,0.2909247597114424,1.0,0.9705882352941176,0.0,0.612840900087573,0.612840900087573,0.0,0.612840900087573,0.612840900087573,0.0,2134.0,-0.051240649517408254,-0.04855901111641855,0.7614881128247208,-0.014282311310860264,-0.0209196632998952,0.12076628591909842,-0.42429597902625305,1.0,1.0,0.38235294117647056,-0.10654648540399947,-0.250235887342448,0.045119399552395634,-0.11199087180464873,-2.7913687277229124
G12,G12__mom_255_21__top20__monthly__long_only,long_only,mom_255_21,20,monthly,base,20.0,0.0,True,,False,True,0,0,2134.0,0.991799929555556,0.08476922790063313,0.18397266833221737,0.5348508196517658,0.38339264322737665,0.5181816651671973,-0.37069120025166846,1327.0,0.22867882443144558,0.4409958318725295,5.311788595338096,0.0984049246854395,1.0,0.0,0.0,0.0,0.0,0.6116086845873112,0.2909247597114424,1.0,0.9705882352941176,0.0,0.612840900087573,0.612840900087573,0.0,0.612840900087573,0.612840900087573,0.0,2134.0,-0.05655593020233474,-0.053603459532681724,0.7614894199905711,-0.019597794546184384,-0.02623514462818504,0.120783369619969,-0.46824269251869266,1.0,1.0,0.38235294117647056,-0.10265674067965036,-0.2517155454813531,0.04662745184261535,-0.11199119733741231,-2.7913687277229124
G12,G12__mom_255_21__top20__monthly__long_short,long_short,mom_255_21,20,monthly,base,0.0,0.0,True,,False,True,0,0,2134.0,0.982260291864175,0.08415440696653897,0.1489324661499485,0.6172323303435927,0.4302243275890826,0.594371963874878,-0.27903453101983267,913.0,0.3015913717164906,0.6345889429802277,7.643614897077682,0.0,6.0,28.0,4.0,0.0,0.0,0.8840809523262517,0.3364597199400144,1.0,0.39215686274509803,0.0,0.0018248299203326825,0.44393154656839384,0.4421067166480612,0.886038263216455,0.0018248299203326825,0.0,2134.0,-0.06302792950779273,-0.05413985417779739,-0.0026662161130414324,0.09233907363093528,0.06441273081538541,0.24330968374790868,-0.25904406490082615,1.0,0.0,0.22549019607843138,0.014464064152746078,0.12920732265267376,0.13723098779088932,-0.046008890946840575,-0.8479733425189595
G12,G12__mom_255_21__top20__monthly__long_short,long_short,mom_255_21,20,monthly,base,0.0,0.01,True,,False,True,0,0,2134.0,0.9099250992614389,0.07940564376304704,0.1489594913407272,0.5876700399220329,0.40068740022778015,0.5528642406997719,-0.2834902141950387,919.0,0.28010012263921275,0.6347270772715232,7.64527872267443,0.0,6.0,28.0,4.0,0.0,0.0,0.8840809523262517,0.3364597199400144,1.0,0.39215686274509803,0.0,0.0018251559945940605,0.44402093471623144,0.4421957787216374,0.8862167134378688,0.0018251559945940605,0.04186668366483412,2134.0,-0.06741483243037277,-0.0582828672276635,-0.002676785776494356,0.08795380851853421,0.06002705540906872,0.24332782658916258,-0.2770535264106753,1.0,0.0,0.22549019607843138,0.015049262259772433,0.12534028080678195,0.13699195230776146,-0.04602409266338761,-0.848454534092344
G12,G12__mom_255_21__top20__monthly__long_short,long_short,mom_255_21,20,monthly,base,0.0,0.03,True,,False,True,0,0,2134.0,0.7749317583120021,0.07010252342193879,0.14901288106352856,0.5294095038125933,0.34247725348500907,0.47136758352582575,-0.29219504763987236,996.0,0.23991687740149342,0.6350008231077049,7.648575987422889,0.0,6.0,28.0,4.0,0.0,0.0,0.8840809523262517,0.3364597199400144,1.0,0.39215686274509803,0.0,0.0018257986342151307,0.44419723829380725,0.4423714396595922,0.8865686779533993,0.0018257986342151307,0.1196197540859282,2134.0,-0.07606502722781602,-0.06639928561410068,-0.0026976144360333675,0.07930684120234043,0.05137927936480147,0.24336366568611775,-0.3125570409755503,1.0,0.0,0.22549019607843138,0.01618680187678459,0.11771661117292248,0.13916548323018085,-0.04605400794934564,-0.8494065119006073
G12,G12__mom_255_21__top20__monthly__long_short,long_short,mom_255_21,20,monthly,base,5.0,0.0,True,,False,True,0,0,2134.0,0.9191224160047229,0.08001815663612888,0.14892772371476803,0.5915741801357222,0.4045530735640483,0.5581717266323236,-0.283317459692617,918.0,0.28243284661292645,0.6345889429802277,7.643614897077682,0.036140984445188026,6.0,28.0,4.0,0.0,0.0,0.8840809523262517,0.3364597199400144,1.0,0.39215686274509803,0.0,0.0018248299203326825,0.44393154656839384,0.4421067166480612,0.886038263216455,0.0018248299203326825,0.0,2134.0,-0.06685206659730043,-0.05774848622830641,-0.002599598301187295,0.08850461385415928,0.060580080879708294,0.24329669864475906,-0.27477588873867986,1.0,0.0,0.22549019607843138,0.01486072830622548,0.12532642622969742,0.136533885169494,-0.04600792711651616,-0.8479733425189595
G12,G12__mom_255_21__top20__monthly__long_short,long_short,mom_255_21,20,monthly,base,5.0,0.01,True,,True,True,0,0,2134.0,0.8490781731594228,0.07528661596410013,0.14895476716935593,0.5620104114184821,0.3750147515526809,0.5167618919480425,-0.28774744583360456,920.0,0.26164130057173834,0.6347270772715232,7.64527872267443,0.03545118505829497,6.0,28.0,4.0,0.0,0.0,0.8840809523262517,0.3364597199400144,1.0,0.39215686274509803,0.0,0.0018251559945940605,0.44402093471623144,0.4421957787216374,0.8862167134378688,0.0018251559945940605,0.04112688284378798,2134.0,-0.07123973267374975,-0.061876473645275064,-0.002610118312149191,0.08411857789404367,0.05619363598687045,0.2433148455941895,-0.29278826986400286,1.0,0.0,0.22549019607843138,0.015441682923167034,0.12145910957782718,0.13739155422361343,-0.04602311212350865,-0.848454534092344
G12,G12__mom_255_21__top20__monthly__long_short,long_short,mom_255_21,20,monthly,base,5.0,0.03,True,,False,True,0,0,2134.0,0.7183614883805456,0.0660172383333828,0.14900819222834286,0.5037469483425984,0.3168018418546056,0.435457383248206,-0.2964020678742896,1053.0,0.2227286699004479,0.6350008231077049,7.648575987422889,0.03414164991717872,6.0,28.0,4.0,0.0,0.0,0.8840809523262517,0.3364597199400144,1.0,0.39215686274509803,0.0,0.0018257986342151307,0.44419723829380725,0.4423714396595922,0.8865686779533993,0.0018257986342151307,0.11753041799309388,2134.0,-0.07989144054026866,-0.06996345352667636,-0.002630848860928126,0.07547008230613296,0.04754433435889689,0.24335069235791876,-0.32829756827962836,1.0,0.0,0.22549019607843138,0.016570941374211,0.11383492676437929,0.1398031310729007,-0.04605299453212283,-0.8494065119006073
G12,G12__mom_255_21__top20__monthly__long_short,long_short,mom_255_21,20,monthly,base,10.0,0.0,True,,False,True,0,0,2134.0,0.8579743349711288,0.07589623456633343,0.14893167461720294,0.5658813625990112,0.37885808776510416,0.5220388263693343,-0.2875764899170957,920.0,0.26391668730713436,0.6345889429802277,7.643614897077682,0.0710501044151519,6.0,28.0,4.0,0.0,0.0,0.8840809523262517,0.3364597199400144,1.0,0.39215686274509803,0.0,0.0018248299203326825,0.44393154656839384,0.4421067166480612,0.886038263216455,0.0018248299203326825,0.0,2134.0,-0.07067620368680828,-0.061344617724846,-0.002532980489333094,0.0846701540773831,0.056747430944030966,0.243289034552393,-0.29050303815311485,1.0,0.0,0.22549019607843138,0.015254220563934329,0.12143354950169538,0.13681153665265117,-0.04600618533165576,-0.8479733425189595
G12,G12__mom_255_21__top20__monthly__long_short,long_short,mom_255_21,20,monthly,base,10.0,0.01,True,,False,True,0,0,2134.0,0.7901492527624105,0.0711818598258871,0.14895873849301539,0.536317845763463,0.3493201015284218,0.48072863307896513,-0.2919809183322396,996.0,0.24378942374888551,0.6347270772715232,7.64527872267443,0.06970126740627225,6.0,28.0,4.0,0.0,0.0,0.8840809523262517,0.3364597199400144,1.0,0.39215686274509803,0.0,0.0018251559945940605,0.44402093471623144,0.4421957787216374,0.8862167134378688,0.0018251559945940605,0.04040374917110612,2134.0,-0.07506463291712663,-0.06545762888894367,-0.002543450847804031,0.08028334726955318,0.05236021656467227,0.2433071875005086,-0.30851794263977395,1.0,0.0,0.22549019607843138,0.015830953615173796,0.1175666456318864,0.1380545157706291,-0.04602135365995841,-0.848454534092344
G12,G12__mom_255_21__top20__monthly__long_short,long_short,mom_255_21,20,monthly,base,10.0,0.03,True,,False,True,0,0,2134.0,0.6635751721859469,0.0619461140083537,0.1490122031753728,0.47805486586078166,0.29110783948077357,0.39961968612966847,-0.3005856012143101,1055.0,0.20608476839244091,0.6350008231077049,7.648575987422889,0.0671403634740976,6.0,28.0,4.0,0.0,0.0,0.8840809523262517,0.3364597199400144,1.0,0.39215686274509803,0.0,0.0018257986342151307,0.44419723829380725,0.4423714396595922,0.8865686779533993,0.0018257986342151307,0.11548791268094487,2134.0,-0.08371785385272128,-0.07351526701651574,-0.0025640832858229907,0.07163332340992554,0.043709389352992366,0.24334304568178375,-0.344032243116567,1.0,0.0,0.22549019607843138,0.0169519737486803,0.10994330497225965,0.14042511807891728,-0.04605120325457798,-0.8494065119006073
G12,G12__mom_255_21__top20__monthly__long_short,long_short,mom_255_21,20,monthly,base,20.0,0.0,True,,False,True,0,0,2134.0,0.741401310941876,0.06769519657982093,0.14896565214614035,0.5144097560982982,0.327414950189444,0.44999123154874227,-0.2960233544104347,1051.0,0.22868194543178483,0.6345889429802277,7.643614897077682,0.13733443782496454,6.0,28.0,4.0,0.0,0.0,0.8840809523262517,0.3364597199400144,1.0,0.39215686274509803,0.0,0.0018248299203326825,0.44393154656839384,0.4421067166480612,0.886038263216455,0.0018248299203326825,0.0,2134.0,-0.0783244778658237,-0.06849953489897789,-0.0023997448656248636,0.07700123452383108,0.04908213107267669,0.24328967106234747,-0.32193918271915295,1.0,0.0,0.22549019607843138,0.016031754864083425,0.1136192516731688,0.13813160199669372,-0.04600037014679076,-0.8479733425189595
G12,G12__mom_255_21__top20__monthly__long_short,long_short,mom_255_21,20,monthly,base,20.0,0.01,True,,False,True,0,0,2134.0,0.6778080165407836,0.06301498457080479,0.1489927633216847,0.4848519326639634,0.29788282570402286,0.40888570158644844,-0.30037708246894257,1054.0,0.20978625950040716,0.6347270772715232,7.64527872267443,0.1347553491642844,6.0,28.0,4.0,0.0,0.0,0.8840809523262517,0.3364597199400144,1.0,0.39215686274509803,0.0,0.0018251559945940605,0.44402093471623144,0.4421957787216374,0.8862167134378688,0.0018251559945940605,0.03900585861914454,2134.0,-0.08271443340388035,-0.07258274111469866,-0.002410115919113698,0.0726128860205723,0.04469337772027596,0.24330784167812672,-0.33995794312829314,1.0,0.0,0.22549019607843138,0.01660011018979879,0.10975523503474396,0.1393328547150181,-0.04601550522305839,-0.848454534092344
G12,G12__mom_255_21__top20__monthly__long_short,long_short,mom_255_21,20,monthly,base,20.0,0.03,True,,False,True,0,0,2134.0,0.5591334887495794,0.05384617099670308,0.1490463200832588,0.4266001477943154,0.23968208869293342,0.328178450312985,-0.30888269823894354,1070.0,0.17432563009744592,0.6350008231077049,7.648575987422889,0.12985778845196902,6.0,28.0,4.0,0.0,0.0,0.8840809523262517,0.3364597199400144,1.0,0.39215686274509803,0.0,0.0018257986342151307,0.44419723829380725,0.4423714396595922,0.8865686779533993,0.0018257986342151307,0.11153884198784056,2134.0,-0.09137068047762663,-0.08058198484648625,-0.002430552135612544,0.06395980561751051,0.03603949934118317,0.243343733944489,-0.37547989831729095,1.0,0.0,0.22549019607843138,0.017704781515107078,0.10213764248983181,0.14162281404465676,-0.046045289404718914,-0.8494065119006073
G12,G12__mom_255_21__top20__weekly__long_only,long_only,mom_255_21,20,weekly,base,0.0,0.0,True,,False,True,0,0,2134.0,1.27568554925067,0.10197237228200251,0.17094406455568384,0.6541168501743012,0.4911223947894646,0.6595386379771644,-0.29820800087403676,948.0,0.34195049087591617,0.214190755167061,11.230260175319644,0.0,0.0,0.0,0.0,0.0,0.0,0.6052964902492243,0.2893597936810326,1.0,0.9864864864864865,0.0,0.6058978171895909,0.6058978171895909,0.0,0.6058978171895909,0.6058978171895909,0.0,2134.0,-0.043136469590187354,-0.03859474071126434,0.6822500330259534,0.006100115150413521,-0.0027467703981700737,0.12569851602759216,-0.343174056094015,1.0,1.0,0.41216216216216217,-0.11218144602429359,-0.21943581249015476,0.09236895016830532,-0.12494896928137084,-6.630303531026135
G12,G12__mom_255_21__top20__weekly__long_only,long_only,mom_255_21,20,weekly,base,5.0,0.0,True,,False,True,0,0,2134.0,1.170001144531895,0.09580156637677528,0.17095885112865855,0.621218895193541,0.4582359346650867,0.6145403966745656,-0.3065969137865169,1215.0,0.31246748440358346,0.214190755167061,11.230260175319644,0.05546765427171359,0.0,0.0,0.0,0.0,0.0,0.6052964902492243,0.2893597936810326,1.0,0.9864864864864865,0.0,0.6058978171895909,0.6058978171895909,0.0,0.6058978171895909,0.6058978171895909,0.0,2134.0,-0.04875099403164135,-0.04397840131887837,0.6822725879530067,0.00048209573589076227,-0.00836422847407723,0.12571201793072936,-0.38779899355767594,1.0,1.0,0.41216216216216217,-0.10755668429766221,-0.22210993221605535,0.0929916140853827,-0.12494341835558825,-6.630303531026131
G12,G12__mom_255_21__top20__weekly__long_only,long_only,mom_255_21,20,weekly,base,10.0,0.0,True,,True,True,0,0,2134.0,1.0692111168937162,0.08966446497126701,0.17097746972426728,0.5883134447039472,0.425345673123433,0.5696611425893036,-0.3148869905944709,1223.0,0.28475125251122846,0.214190755167061,11.230260175319644,0.10810967600121804,0.0,0.0,0.0,0.0,0.0,0.6052964902492243,0.2893597936810326,1.0,0.9864864864864865,0.0,0.6058978171895909,0.6058978171895909,0.0,0.6058978171895909,0.6058978171895909,0.0,2134.0,-0.05436551847309515,-0.049332656757992324,0.6822951428800604,-0.0051359236786318735,-0.01398168654998421,0.12573073122575104,-0.4323964232378575,1.0,1.0,0.41216216216216217,-0.10299202030756668,-0.22477846296763632,0.093581687550158,-0.1249391579471125,-6.630303531026131
G12,G12__mom_255_21__top20__weekly__long_only,long_only,mom_255_21,20,weekly,base,20.0,0.0,True,,False,True,0,0,2134.0,0.8814204744492804,0.07749065857870385,0.17102619771977354,0.5224889314545578,0.35956260687406255,0.4802675606397449,-0.3311752129463844,1333.0,0.23398689137779521,0.214190755167061,11.230260175319644,0.2054681365603447,0.0,0.0,0.0,0.0,0.0,0.6052964902492243,0.2893597936810326,1.0,0.9864864864864865,0.0,0.6058978171895909,0.6058978171895909,0.0,0.6058978171895909,0.6058978171895909,0.0,2134.0,-0.06559456735600327,-0.05995357774091714,0.6823402527341674,-0.01637196250767761,-0.02521660270179868,0.12578378203989835,-0.5214866836743455,1.0,1.0,0.41216216216216217,-0.09404052441740074,-0.23009618642381052,0.09466701986573911,-0.12493451069754255,-6.630303531026135
G12,G12__mom_255_21__top20__weekly__long_short,long_short,mom_255_21,20,weekly,base,0.0,0.0,True,,False,True,5,0,2134.0,0.9204621409515388,0.08010716206526913,0.14695442783562407,0.5981062233327269,0.4085809194760782,0.5611318818664285,-0.33236700409188313,1046.0,0.24102020079924494,0.31060756253520666,16.285500917028678,0.0,5.0,28.0,4.0,8.0,1.0,0.8797168778390243,0.37926132311301275,1.0,0.43243243243243246,0.0,0.0007112935064666189,0.4402453415957316,0.4395340480892649,0.8797793896849964,0.0007112935064666189,0.0,2134.0,-0.06705950481855681,-0.057670834292709534,-0.028158017380659792,0.09225755139258007,0.06362136670088439,0.24595053093237754,-0.2726544421934767,1.0,0.0,0.25,0.021666578010374034,0.16092779098449772,0.16826097425106168,-0.044961748470575325,-2.0402757563387794
G12,G12__mom_255_21__top20__weekly__long_short,long_short,mom_255_21,20,weekly,base,0.0,0.01,True,,False,True,5,0,2134.0,0.8506802918415781,0.07539659348083871,0.14696072226302653,0.5683384368046372,0.3788121006280563,0.519590013166674,-0.3346831753882894,1058.0,0.22527751325822054,0.31062484957009645,16.286407295547775,0.0,5.0,28.0,4.0,8.0,1.0,0.8797168778390243,0.37926132311301275,1.0,0.43243243243243246,0.0,0.0007113687627137528,0.4402691042711377,0.4395577355084239,0.8798268397795617,0.0007113687627137528,0.043342143024641816,2134.0,-0.07143043549069472,-0.061780524812385204,-0.028167369850560994,0.08788806992177871,0.05925150379790789,0.24595569205388662,-0.2904199325260786,1.0,0.0,0.25,0.022208378482762713,0.15709224374112202,0.16924106597296362,-0.044967928703907256,-2.0406233228844677
G12,G12__mom_255_21__top20__weekly__long_short,long_short,mom_255_21,20,weekly,base,0.0,0.03,True,,False,True,5,0,2134.0,0.7204761271376601,0.06617206881325566,0.14697320243135018,0.509674544646098,0.32014655630839495,0.4380284005852232,-0.33922466939384044,1074.0,0.19506856306028195,0.31065920640063427,16.288208662490238,0.0,5.0,28.0,4.0,8.0,1.0,0.8797168778390243,0.37926132311301275,1.0,0.43243243243243246,0.0,0.0007115171416487861,0.44031594422051984,0.4396044270788711,0.8799203712993908,0.0007115171416487861,0.12384843215374548,2134.0,-0.08004536262896648,-0.06982837315498046,-0.0281858030316804,0.07927599907612239,0.050638681152116914,0.24596590882760802,-0.3254327520854464,1.0,0.0,0.25,0.023260290442187255,0.14953085129293855,0.17113314536408264,-0.04498004084489543,-2.041317097302855
G12,G12__mom_255_21__top20__weekly__long_short,long_short,mom_255_21,20,weekly,base,5.0,0.0,True,,False,True,5,0,2134.0,0.7924880612652494,0.07134702736260712,0.14695409915491986,0.5426792544117764,0.3531371960044355,0.4837561725026972,-0.3372933627474828,1061.0,0.21152810948142375,0.31060756253520666,16.285500917028678,0.07889812862637992,5.0,28.0,4.0,8.0,1.0,0.8797168778390243,0.37926132311301275,1.0,0.43243243243243246,0.0,0.0007112935064666189,0.4402453415957316,0.4395340480892649,0.8797793896849964,0.0007112935064666189,0.0,2134.0,-0.07520492169119748,-0.06531353005084206,-0.028073370587576873,0.08409901817238999,0.055465100183223454,0.2459376613550648,-0.3057885533953368,1.0,0.0,0.25,0.02256148640707712,0.1532496750678879,0.16987601132557284,-0.04500701604847665,-2.0402757563387794
G12,G12__mom_255_21__top20__weekly__long_short,long_short,mom_255_21,20,weekly,base,5.0,0.01,True,,False,True,5,0,2134.0,0.7273496437964122,0.06667418002686643,0.1469604442507655,0.5129115255163238,0.3233686285029608,0.4424166914929888,-0.33959266687085854,1074.0,0.19633574729757491,0.31062484957009645,16.286407295547775,0.07739194436034608,5.0,28.0,4.0,8.0,1.0,0.8797168778390243,0.37926132311301275,1.0,0.43243243243243246,0.0,0.0007113687627137528,0.4402691042711377,0.4395577355084239,0.8798268397795617,0.0007113687627137528,0.04174809418554994,2134.0,-0.07957615700212689,-0.06939031102778295,-0.028082772347655074,0.07972923970050043,0.051094938898677555,0.24594286039428392,-0.3235554668045829,1.0,0.0,0.25,0.023093750702232928,0.14940754967476977,0.17083051936994964,-0.04501315651015911,-2.0406233228844677
G12,G12__mom_255_21__top20__weekly__long_short,long_short,mom_255_21,20,weekly,base,5.0,0.03,True,,False,True,5,0,2134.0,0.6058101269000844,0.05752352171085717,0.14697302407932197,0.4542477849315478,0.2647036172754585,0.36125255201531764,-0.34410108651089233,1161.0,0.16717041580464842,0.31065920640063427,16.288208662490238,0.07453243742651183,5.0,28.0,4.0,8.0,1.0,0.8797168778390243,0.37926132311301275,1.0,0.43243243243243246,0.0,0.0007115171416487861,0.44031594422051984,0.4396044270788711,0.8799203712993908,0.0007115171416487861,0.11934685652630511,2134.0,-0.08819169202062063,-0.07737371537824564,-0.02810130284533806,0.07111657605419956,0.04248152072629144,0.24595315180993826,-0.3585710992993141,1.0,0.0,0.25,0.024127070970001475,0.1418332858611168,0.17267281101713217,-0.04502519021353954,-2.041317097302855
G12,G12__mom_255_21__top20__weekly__long_short,long_short,mom_255_21,20,weekly,base,10.0,0.0,True,,False,True,5,0,2134.0,0.6730205748424494,0.06265634862331182,0.14696218690852872,0.48722413292660693,0.29767630433849485,0.4067512176045273,-0.34218418908722614,1139.0,0.18310708273940762,0.31060756253520666,16.285500917028678,0.15214790912458886,5.0,28.0,4.0,8.0,1.0,0.8797168778390243,0.37926132311301275,1.0,0.43243243243243246,0.0,0.0007112935064666189,0.4402453415957316,0.4395340480892649,0.8797793896849964,0.0007112935064666189,0.0,2134.0,-0.08335033856383783,-0.07289562961786153,-0.027988723794493884,0.07594048495220022,0.047308833665562815,0.2459298204859337,-0.33891920223072414,1.0,0.0,0.25,0.023439695623076018,0.14553834162645646,0.17144251956761414,-0.04505170717137419,-2.040275756338776
G12,G12__mom_255_21__top20__weekly__long_short,long_short,mom_255_21,20,weekly,base,10.0,0.01,True,,True,True,5,0,2134.0,0.6122173753033642,0.05802092729467301,0.14696858291356973,0.45745820505953044,0.26790973250568606,0.3656151237268169,-0.3444667461016325,1161.0,0.1684369476917645,0.31062484957009645,16.286407295547775,0.1492761398070476,5.0,28.0,4.0,8.0,1.0,0.8797168778390243,0.37926132311301275,1.0,0.43243243243243246,0.0,0.0007113687627137528,0.4402691042711377,0.4395577355084239,0.8798268397795617,0.0007113687627137528,0.04022985021792176,2134.0,-0.08772187851355928,-0.07693975863276935,-0.027998174844748775,0.07157040947922189,0.04293837399944696,0.24593505770236723,-0.3566871650308639,1.0,0.0,0.25,0.023962544349486907,0.14169032257621175,0.17237186001944094,-0.045057807845117565,-2.0406233228844677
G12,G12__mom_255_21__top20__weekly__long_short,long_short,mom_255_21,20,weekly,base,10.0,0.03,True,,False,True,5,0,2134.0,0.49876734014177915,0.04894355719857346,0.14698126288703248,0.398798051464011,0.20924869156286297,0.28485039189016903,-0.35193356249936303,1220.0,0.13907044514591316,0.31065920640063427,16.288208662490238,0.1438229254137869,5.0,28.0,4.0,8.0,1.0,0.8797168778390243,0.37926132311301275,1.0,0.43243243243243246,0.0,0.0007115171416487861,0.44031594422051984,0.4396044270788711,0.8799203712993908,0.0007115171416487861,0.11505822192405207,2134.0,-0.09633802141227557,-0.08485922337654336,-0.028016802658996108,0.06295715303227602,0.03432436030046522,0.2459454242791388,-0.39170487393550996,1.0,0.0,0.25,0.024977508368124363,0.13410453642269496,0.1711739394308205,-0.04506976308901883,-2.041317097302855
G12,G12__mom_255_21__top20__weekly__long_short,long_short,mom_255_21,20,weekly,base,20.0,0.0,True,,False,True,5,0,2134.0,0.45738655528479977,0.04548121054120835,0.14700360471647844,0.37626757827404944,0.18674116834259968,0.2538882541796706,-0.35644469677742185,1511.0,0.1275968220383108,0.31060756253520666,16.285500917028678,0.2832529883114031,5.0,28.0,4.0,8.0,1.0,0.8797168778390243,0.37926132311301275,1.0,0.43243243243243246,0.0,0.0007112935064666189,0.4402453415957316,0.4395340480892649,0.8797793896849964,0.0007112935064666189,0.0,2134.0,-0.09964117230911869,-0.08787991461127811,-0.027819430208328166,0.059623418511820535,0.0309963006302414,0.2459292264876796,-0.4051619798597238,1.0,0.0,0.25,0.02514686877484485,0.13003083063888937,0.17024752274398092,-0.04513934025234437,-2.040275756338776
G12,G12__mom_255_21__top20__weekly__long_short,long_short,mom_255_21,20,weekly,base,20.0,0.01,True,,False,True,5,0,2134.0,0.4044094306381665,0.040919764516217594,0.1470101032272592,0.3465104778422797,0.15698381559884514,0.2131618349583271,-0.36028392973391166,1512.0,0.11357643552527852,0.31062484957009645,16.286407295547775,0.2780290386194404,5.0,28.0,4.0,8.0,1.0,0.8797168778390243,0.37926132311301275,1.0,0.43243243243243246,0.0,0.0007113687627137528,0.4402691042711377,0.4395577355084239,0.8798268397795617,0.0007113687627137528,0.03740515670665173,2134.0,-0.10401332153642322,-0.0918595045798596,-0.027828979838936646,0.0552527490366657,0.026625244200986664,0.2459345408277196,-0.4229309196925126,1.0,0.0,0.25,0.025651242922728294,0.12617308460621995,0.17075047374237473,-0.045145361331754924,-2.0406233228844677
G12,G12__mom_255_21__top20__weekly__long_short,long_short,mom_255_21,20,weekly,base,20.0,0.03,True,,False,True,5,0,2134.0,0.30556268373742634,0.03198725411573955,0.1470229848758826,0.28786779491307785,0.09834101644488692,0.13320164058557582,-0.3677840074866542,1531.0,0.08697293374535943,0.31065920640063427,16.288208662490238,0.26810507308020315,5.0,28.0,4.0,8.0,1.0,0.8797168778390243,0.37926132311301275,1.0,0.43243243243243246,0.0,0.0007115171416487861,0.44031594422051984,0.4396044270788711,0.8799203712993908,0.0007115171416487861,0.10707602808829586,2134.0,-0.11263068019558455,-0.099652587867317,-0.027847802286311715,0.04663830698842973,0.018010039448813624,0.2459450592658993,-0.4579505704719843,1.0,0.0,0.25,0.02663019048359485,0.11856831419026352,0.17604548454401525,-0.0451571596509433,-2.041317097302855
G12,G12__mom_255_21__top50__monthly__long_only,long_only,mom_255_21,50,monthly,base,0.0,0.0,True,,False,True,0,0,2134.0,1.1232719983318629,0.09298819922132062,0.18373499536861065,0.5763534690685689,0.42469215850673536,0.578205188311572,-0.35049439798356796,434.0,0.2653058073289951,0.4896152335141046,5.897408604614125,0.0,6.0,7.0,4.0,0.0,0.0,0.7307792756606577,0.316181776477799,1.0,0.8529411764705882,0.0,0.7312164338808543,0.7312164338808543,0.0,0.7312164338808543,0.7312164338808543,0.0,2134.0,-0.04905756068334747,-0.046432896592625526,0.8073085696047537,-0.019199279243406166,-0.02456208878894337,0.10548406918455441,-0.46507080227931485,1.0,1.0,0.35294117647058826,-0.07079936916469928,-0.21266534460539943,-5.551115123125783e-17,-0.055713161927627236,-1.7534504919208702
G12,G12__mom_255_21__top50__monthly__long_only,long_only,mom_255_21,50,monthly,base,5.0,0.0,True,,True,True,0,0,2134.0,1.0709024120713933,0.08976960232575282,0.1837300776836308,0.5603084352163824,0.40864223513326375,0.5559685261392163,-0.35071226240791653,845.0,0.2559636829046513,0.4896152335141046,5.897408604614125,0.02952950650819355,6.0,7.0,4.0,0.0,0.0,0.7307792756606577,0.316181776477799,1.0,0.8529411764705882,0.0,0.7312164338808543,0.7312164338808543,0.0,0.7312164338808543,0.7312164338808543,0.0,2134.0,-0.052008350324244106,-0.04924093067838091,0.8073031367313863,-0.022149227039589197,-0.027512231277918,0.10547739983905276,-0.49307577171605765,1.0,1.0,0.35294117647058826,-0.06957373102169817,-0.2127427102758394,5.551115123125783e-17,-0.05570951168959068,-1.7534504919208684
G12,G12__mom_255_21__top50__monthly__long_only,long_only,mom_255_21,50,monthly,base,10.0,0.0,True,,False,True,0,0,2134.0,1.0198105272298092,0.08655959588750473,0.1837294207464789,0.5442499207907576,0.3925823593086707,0.5337506142354855,-0.35093012683226465,846.0,0.24665763714518,0.4896152335141046,5.897408604614125,0.05826863702621996,6.0,7.0,4.0,0.0,0.0,0.7307792756606577,0.316181776477799,1.0,0.8529411764705882,0.0,0.7312164338808543,0.7312164338808543,0.0,0.7312164338808543,0.7312164338808543,0.0,2134.0,-0.05495913996514074,-0.05204147010178842,0.8072977038580191,-0.025099174835772297,-0.030462373766892696,0.10547815215274195,-0.5210476183309973,1.0,1.0,0.35294117647058826,-0.06835497450349456,-0.21281575866339264,-5.551115123125783e-17,-0.05570679017638999,-1.7534504919208684
G12,G12__mom_255_21__top50__monthly__long_only,long_only,mom_255_21,50,monthly,base,20.0,0.0,True,,False,True,0,0,2134.0,0.9213372663800228,0.08016527198494128,0.18374088900205662,0.5120969203831173,0.3604372208692337,0.48937605713219173,-0.3513658556809617,854.0,0.2281532786661289,0.4896152335141046,5.897408604614125,0.11345648663869272,6.0,7.0,4.0,0.0,0.0,0.7307792756606577,0.316181776477799,1.0,0.8529411764705882,0.0,0.7312164338808543,0.7312164338808543,0.0,0.7312164338808543,0.7312164338808543,0.0,2134.0,-0.06086071924693429,-0.057620136848931976,0.8072868381112853,-0.030999070428138823,-0.03636265874484231,0.1055019195563674,-0.5768683593895912,1.0,1.0,0.35294117647058826,-0.06593799402108913,-0.21294858871277644,3.3306690738754696e-16,-0.05570413397933599,-1.7534504919208702
G12,G12__mom_255_21__top50__monthly__long_short,long_short,mom_255_21,50,monthly,base,0.0,0.0,True,,False,True,0,0,2134.0,0.6316650393419412,0.05952007845597218,0.12600938456521632,0.5220616125853716,0.30097030469450403,0.40838864824912346,-0.24372028946455326,1198.0,0.24421470443325072,0.603154857120559,7.264991774801709,0.0,15.0,39.0,10.0,0.0,0.0,0.9421969705641431,0.43446049917812285,1.0,0.18627450980392157,0.0,0.0004096353707924761,0.47266604982754046,0.472256414456748,0.9449224642842884,0.0004096353707924761,0.0,2134.0,-0.08916920014633659,-0.07563183853677001,-0.03564263727248338,0.0713076268275304,0.042454748689559306,0.2352140040239096,-0.3790981770680308,1.0,0.0,0.23529411764705882,0.014238264969400179,0.11525398510880203,0.08465121326216035,-0.021661113849821778,-0.3630086948186264
G12,G12__mom_255_21__top50__monthly__long_short,long_short,mom_255_21,50,monthly,base,0.0,0.01,True,,False,True,0,0,2134.0,0.5681115839277171,0.05456097021509754,0.12603319944408936,0.48475548728994977,0.2636964294608575,0.3572676252935279,-0.24742419331121734,1209.0,0.2205159062455512,0.603291301128058,7.266635240953891,0.0,15.0,39.0,10.0,0.0,0.0,0.9421969705641431,0.43446049917812285,1.0,0.18627450980392157,0.0,0.000409683692420047,0.4727653863752511,0.47235570268283106,0.9451210890580822,0.000409683692420047,0.04353099758825267,2134.0,-0.0938585776421127,-0.07995836510320828,-0.03566212885283492,0.06662126962741899,0.03776775187739615,0.2352298142347896,-0.3990079996765621,1.0,0.0,0.23529411764705882,0.014497292323452336,0.11188267196937407,0.08530958148947587,-0.021668819656015526,-0.3633414664986807
G12,G12__mom_255_21__top50__monthly__long_short,long_short,mom_255_21,50,monthly,base,0.0,0.03,True,,False,True,0,0,2134.0,0.44995079532951054,0.0448498868683429,0.12608023220708708,0.41123375384051586,0.19023878459802873,0.2569723844106556,-0.2624925426979684,1463.0,0.17086156584626672,0.6035629475263571,7.26990721800257,0.0,15.0,39.0,10.0,0.0,0.0,0.9421969705641431,0.43446049917812285,1.0,0.18627450980392157,0.0,0.0004097787064146406,0.4729613162466621,0.47255153754024753,0.9455128537869096,0.0004097787064146406,0.12426236976447794,2134.0,-0.10310541547773934,-0.0884307069130399,-0.03570055410361165,0.05738038593282362,0.0285256071604994,0.23526103143914692,-0.43825964226637676,1.0,0.0,0.23529411764705882,0.015000051032454002,0.10523579768440214,0.08731988969582172,-0.021683969483253906,-0.3640064753855272
G12,G12__mom_255_21__top50__monthly__long_short,long_short,mom_255_21,50,monthly,base,5.0,0.0,True,,False,True,0,0,2134.0,0.5822298025924928,0.05567773796284348,0.1260025597661933,0.49324450497548783,0.27213409791321935,0.3687548524718792,-0.24662877152930718,1208.0,0.22575524184625487,0.603154857120559,7.264991774801709,0.03362386132649374,15.0,39.0,10.0,0.0,0.0,0.9421969705641431,0.43446049917812285,1.0,0.18627450980392157,0.0,0.0004096353707924761,0.47266604982754046,0.472256414456748,0.9449224642842884,0.0004096353707924761,0.0,2134.0,-0.09280379243582335,-0.07898405176006948,-0.03561392961936158,0.06766858617630474,0.038816483472680546,0.23520585364833416,-0.3945641275347597,1.0,0.0,0.23529411764705882,0.014375704951039875,0.11225832441315514,0.08468468662927142,-0.02165727579220461,-0.3630086948186264
G12,G12__mom_255_21__top50__monthly__long_short,long_short,mom_255_21,50,monthly,base,5.0,0.01,True,,True,True,0,0,2134.0,0.5205912678888327,0.050735750170014526,0.1260263940420857,0.4559357664847752,0.23485771650333007,0.31776001746548094,-0.25213237653632803,1403.0,0.20122663684449252,0.603291301128058,7.266635240953891,0.03297141942137058,15.0,39.0,10.0,0.0,0.0,0.9421969705641431,0.43446049917812285,1.0,0.18627450980392157,0.0,0.000409683692420047,0.4727653863752511,0.47235570268283106,0.9451210890580822,0.000409683692420047,0.042824300142678365,2134.0,-0.097493922088453,-0.08329564175531314,-0.03563337473157006,0.0629814696189215,0.03412872856966241,0.23522166683426524,-0.4144767928931744,1.0,0.0,0.23529411764705882,0.014633009498601829,0.10888764690111227,0.08613064269529075,-0.021664965094050498,-0.3633414664986807
G12,G12__mom_255_21__top50__monthly__long_short,long_short,mom_255_21,50,monthly,base,5.0,0.03,True,,False,True,0,0,2134.0,0.4059917583578543,0.04105818820325369,0.1260734643142006,0.38240881370653235,0.1613950620249075,0.21771237174676394,-0.26970962380014474,1483.0,0.1522310832841392,0.6035629475263571,7.26990721800257,0.031734576040303275,15.0,39.0,10.0,0.0,0.0,0.9421969705641431,0.43446049917812285,1.0,0.18627450980392157,0.0,0.0004097787064146406,0.4729613162466621,0.47255153754024753,0.9455128537869096,0.0004097787064146406,0.12227005577452725,2134.0,-0.10674225872507737,-0.09173873815769301,-0.035671707334768724,0.053739072767228314,0.024885073219829343,0.23525288935912028,-0.4537341029726197,1.0,0.0,0.23529411764705882,0.015132411825218389,0.102242078055389,0.08745285440177836,-0.021680082389985783,-0.3640064753855272
G12,G12__mom_255_21__top50__monthly__long_short,long_short,mom_255_21,50,monthly,base,10.0,0.0,True,,False,True,0,0,2134.0,0.534277059876201,0.05184809580029248,0.12600466135113988,0.4643913748949901,0.2432775480592986,0.32920547876523665,-0.25103722355757896,1220.0,0.2065354893012525,0.603154857120559,7.264991774801709,0.06620138730852647,15.0,39.0,10.0,0.0,0.0,0.9421969705641431,0.43446049917812285,1.0,0.18627450980392157,0.0,0.0004096353707924761,0.47266604982754046,0.472256414456748,0.9449224642842884,0.0004096353707924761,0.0,2134.0,-0.09643838472531019,-0.08232518644627367,-0.0355852219662399,0.06402954552507895,0.0351782182558017,0.23520248518537643,-0.41002281353150516,1.0,0.0,0.23529411764705882,0.014512023067360581,0.1092536463107984,0.08520885592819472,-0.021652837056350405,-0.3630086948186264
G12,G12__mom_255_21__top50__monthly__long_short,long_short,mom_255_21,50,monthly,base,10.0,0.01,True,,False,True,0,0,2134.0,0.4744963373932445,0.04692317470790619,0.1260285172095174,0.4270826739083911,0.2060013111326577,0.2783395727166126,-0.25945008088206134,1457.0,0.1808562731928233,0.603291301128058,7.266635240953891,0.06492348619686542,15.0,39.0,10.0,0.0,0.0,0.9421969705641431,0.43446049917812285,1.0,0.18627450980392157,0.0,0.000409683692420047,0.4727653863752511,0.47235570268283106,0.9451210890580822,0.000409683692420047,0.0421323602459197,2134.0,-0.10112926653479329,-0.08662188676190653,-0.03560462061030525,0.059341669610424023,0.030489705261928724,0.23521830310009387,-0.4299379138525591,1.0,0.0,0.23529411764705882,0.01476761295678819,0.10588434127754111,0.08629158468874115,-0.02166051000549088,-0.3633414664986807
G12,G12__mom_255_21__top50__monthly__long_short,long_short,mom_255_21,50,monthly,base,10.0,0.03,True,,False,True,0,0,2134.0,0.3633518697489766,0.03727902890439827,0.12607562937059474,0.35355572606266517,0.132538871241343,0.17854484471491797,-0.2768584075748197,1512.0,0.1346501600978969,0.6035629475263571,7.26990721800257,0.06250071778185524,15.0,39.0,10.0,0.0,0.0,0.9421969705641431,0.43446049917812285,1.0,0.18627450980392157,0.0,0.0004097787064146406,0.4729613162466621,0.47255153754024753,0.9455128537869096,0.0004097787064146406,0.12031909851726054,2134.0,-0.11037910197241557,-0.09503582955217693,-0.035642860565925666,0.05009775960163282,0.021244539279159123,0.23524953444382038,-0.46920008676478403,1.0,0.0,0.23529411764705882,0.015263674792467569,0.09924153010684711,0.08757366241777276,-0.021675595076488863,-0.3640064753855272
G12,G12__mom_255_21__top50__monthly__long_short,long_short,mom_255_21,50,monthly,base,20.0,0.0,True,,False,True,0,0,2134.0,0.44264434703836364,0.04422675484280414,0.12603563999020861,0.40660160374510834,0.18552797426235035,0.2503860848676347,-0.2650624764316821,1464.0,0.1668540769640144,0.603154857120559,7.264991774801709,0.12834449430840575,15.0,39.0,10.0,0.0,0.0,0.9421969705641431,0.43446049917812285,1.0,0.18627450980392157,0.0,0.0004096353707924761,0.47266604982754046,0.472256414456748,0.9449224642842884,0.0004096353707924761,0.0,2134.0,-0.10370756930428372,-0.08897435249041724,-0.03552780665999637,0.05675146422262755,0.027901687822044136,0.23521009452744543,-0.4409146193858727,1.0,0.0,0.23529411764705882,0.01478131570203984,0.10322429383125395,0.08591823166853696,-0.021642161405670296,-0.3630086948186264
G12,G12__mom_255_21__top50__monthly__long_short,long_short,mom_255_21,50,monthly,base,20.0,0.01,True,,False,True,0,0,2134.0,0.3864146165623561,0.03933580651668267,0.1260595455509425,0.36930092856043595,0.14825997670152344,0.19978612936772108,-0.27387839542563264,1511.0,0.14362508023150622,0.603291301128058,7.266635240953891,0.12589296097950384,15.0,39.0,10.0,0.0,0.0,0.9421969705641431,0.43446049917812285,1.0,0.18627450980392157,0.0,0.000409683692420047,0.4727653863752511,0.47235570268283106,0.9451210890580822,0.000409683692420047,0.04079140480878009,2134.0,-0.10839995542747403,-0.0932414135909648,-0.03554711236777556,0.0520620695934289,0.023211658646461134,0.23522592715983948,-0.46083336448628254,1.0,0.0,0.23529411764705882,0.01503350059511837,0.09985994093104253,0.08657590923902397,-0.021649802119416084,-0.3633414664986807
G12,G12__mom_255_21__top50__monthly__long_short,long_short,mom_255_21,50,monthly,base,20.0,0.03,True,,False,True,0,0,2134.0,0.2818739754229931,0.029758178579767813,0.12610675459251297,0.29578966096449266,0.07481363565495452,0.10051306908751792,-0.29095357558762824,1524.0,0.10227809890174511,0.6035629475263571,7.26990721800257,0.12124420510027588,15.0,39.0,10.0,0.0,0.0,0.9421969705641431,0.43446049917812285,1.0,0.18627450980392157,0.0,0.0004097787064146406,0.4729613162466621,0.47255153754024753,0.9455128537869096,0.0004097787064146406,0.11653748819186223,2134.0,-0.11765278846709178,-0.10159732350456122,-0.03558516702823983,0.042815133270442056,0.013963471397818861,0.23525718663437964,-0.500102845529389,1.0,0.0,0.23529411764705882,0.015522928879165713,0.09322699510098863,0.08777971552333386,-0.021664823689294926,-0.3640064753855272
G12,G12__mom_255_21__top50__weekly__long_only,long_only,mom_255_21,50,weekly,base,0.0,0.0,True,,False,True,1,0,2134.0,1.1424104196692442,0.09414698249631925,0.1698580034767326,0.6152408360352443,0.4511989552259628,0.6050949528410751,-0.3051296884333853,853.0,0.30854743430471876,0.2349884578536114,12.320706922364044,0.0,8.0,5.0,2.0,2.0,0.0,0.7254369385006934,0.31247825230337095,1.0,0.8851351351351351,0.0,0.7257297145309097,0.7257297145309097,0.0,0.7257297145309097,0.7257297145309097,0.0,2134.0,-0.0504502825870413,-0.04542192720447785,0.7293784000224693,-0.008516420353094916,-0.016050121111314236,0.1093582586794668,-0.46133033934741946,1.0,1.0,0.3761261261261261,-0.07825151542205105,-0.2144680866567737,0.05362390733904693,-0.0709951964210982,-4.240170165086889
G12,G12__mom_255_21__top50__weekly__long_only,long_only,mom_255_21,50,weekly,base,5.0,0.0,True,,False,True,1,0,2134.0,1.033504191897158,0.08742690510269369,0.1698841310055865,0.5788993281829212,0.41487985260422006,0.5555651809428231,-0.3057866685187699,857.0,0.28590816442780015,0.2349884578536114,12.320706922364044,0.06027554818389603,8.0,5.0,2.0,2.0,0.0,0.7254369385006934,0.31247825230337095,1.0,0.8851351351351351,0.0,0.7257297145309097,0.7257297145309097,0.0,0.7257297145309097,0.7257297145309097,0.0,2134.0,-0.05660805334527027,-0.05128479447008881,0.72949703906839,-0.014692574689750808,-0.02222308039571908,0.10935889640148325,-0.5176355578557438,1.0,1.0,0.3761261261261261,-0.0753028476503256,-0.21635134189549604,0.0536126239903153,-0.07099254319615741,-4.240170165086889
G12,G12__mom_255_21__top50__weekly__long_only,long_only,mom_255_21,50,weekly,base,10.0,0.0,True,,True,True,1,0,2134.0,0.9301200949784676,0.08074717867861025,0.16991438231198014,0.542555828973777,0.37856281411345527,0.5061858778582002,-0.31221562066083985,1351.0,0.25862632531870017,0.2349884578536114,12.320706922364044,0.1172121782141737,8.0,5.0,2.0,2.0,0.0,0.7254369385006934,0.31247825230337095,1.0,0.8851351351351351,0.0,0.7257297145309097,0.7257297145309097,0.0,0.7257297145309097,0.7257297145309097,0.0,2134.0,-0.06276582410350001,-0.057112457918152296,0.7296156781143105,-0.020868729026407424,-0.028396039680124736,0.10936594730267926,-0.5739064640458006,1.0,1.0,0.3761261261261261,-0.07239187270414454,-0.21822693824006223,0.047828851918736426,-0.07099072085441616,-4.240170165086889
G12,G12__mom_255_21__top50__weekly__long_only,long_only,mom_255_21,50,weekly,base,20.0,0.0,True,,False,True,1,0,2134.0,0.7388152054183841,0.06750783292060292,0.16998724715074784,0.46987346622863446,0.3059455147522153,0.4078880198889192,-0.3289255211419717,1366.0,0.20523744307291075,0.2349884578536114,12.320706922364044,0.22177813963118265,8.0,5.0,2.0,2.0,0.0,0.7254369385006934,0.31247825230337095,1.0,0.8851351351351351,0.0,0.7257297145309097,0.7257297145309097,0.0,0.7257297145309097,0.7257297145309097,0.0,2134.0,-0.07508136561995823,-0.06866299853191742,0.7298529562061516,-0.033221037699719444,-0.04074195824893474,0.10939928255471916,-0.6863058318723814,1.0,1.0,0.3761261261261261,-0.06668148646242097,-0.22195309137397168,0.04460921045385208,-0.07098957060731195,-4.240170165086889
G12,G12__mom_255_21__top50__weekly__long_short,long_short,mom_255_21,50,weekly,base,0.0,0.0,True,,False,True,9,0,2134.0,0.6454155558802315,0.06057057580522751,0.125316937422029,0.5321904341664466,0.3099047157511292,0.4180297180083764,-0.2861479325054215,1206.0,0.2116757415470053,0.29184345080352003,15.301677611763942,0.0,16.0,36.0,8.0,12.0,3.0,0.943734635218732,0.4823375393055618,1.0,0.1891891891891892,0.0,0.000274023172948272,0.47223267093411464,0.47195864776116636,0.944191318695281,0.000274023172948272,0.0,2134.0,-0.08826138731830462,-0.07471534216912684,-0.05287688507302152,0.07488595292218066,0.04555695452607626,0.2375306489520591,-0.37157894237100514,1.0,0.0,0.240990990990991,0.015320189471188808,0.1238382338149169,0.08844324072717791,-0.02030876030897788,-0.839907145745137
G12,G12__mom_255_21__top50__weekly__long_short,long_short,mom_255_21,50,weekly,base,0.0,0.01,True,,False,True,9,0,2134.0,0.5812948325470859,0.055604053008858845,0.12532303895949165,0.4947091857059186,0.27242161385228647,0.3669108953729988,-0.29133296637012884,1404.0,0.19086083426005332,0.2918613977474821,15.302618590051678,0.0,16.0,36.0,8.0,12.0,3.0,0.943734635218732,0.4823375393055618,1.0,0.1891891891891892,0.0,0.0002740537257335403,0.47225995528982906,0.4719859015640955,0.9442458568539245,0.0002740537257335403,0.04324302125557082,2134.0,-0.09295540409950244,-0.079048337493606,-0.052892532913606384,0.07019436083432364,0.040864829485036815,0.2375362937783223,-0.39133137349634617,1.0,0.0,0.240990990990991,0.015544246623473944,0.12055533704798668,0.08921841943532227,-0.02031240930323805,-0.8400772335060527
G12,G12__mom_255_21__top50__weekly__long_short,long_short,mom_255_21,50,weekly,base,0.0,0.03,True,,False,True,9,0,2134.0,0.4621347953791437,0.045882869227121814,0.12533511502640388,0.4208450313069199,0.1985542945991926,0.26662310648523485,-0.30358780588455025,1500.0,0.15113541564502217,0.2918971879773473,15.304495111719513,0.0,16.0,36.0,8.0,12.0,3.0,0.943734635218732,0.4823375393055618,1.0,0.1891891891891892,0.0,0.0002741139730771765,0.4723137381034703,0.4720396241303931,0.9443533622338633,0.0002741139730771765,0.12338682963406314,2134.0,-0.10220720224620032,-0.0875294913313571,-0.05292337522617364,0.06094734182309122,0.03161675999922358,0.23754744620952542,-0.43026016013680857,1.0,0.0,0.240990990990991,0.015978586502682315,0.1140828294664039,0.08923354642650966,-0.020319554902886117,-0.8404151203056767
G12,G12__mom_255_21__top50__weekly__long_short,long_short,mom_255_21,50,weekly,base,5.0,0.0,True,,False,True,9,0,2134.0,0.5421821860535081,0.05248662318650399,0.12531918627882194,0.4711166231859869,0.24881471830553623,0.33475717391431103,-0.2954437695045121,1452.0,0.1776535117817145,0.29184345080352003,15.301677611763942,0.06931397368966016,16.0,36.0,8.0,12.0,3.0,0.943734635218732,0.4823375393055618,1.0,0.1891891891891892,0.0,0.000274023172948272,0.47223267093411464,0.47195864776116636,0.944191318695281,0.000274023172948272,0.0,2134.0,-0.0959139107932494,-0.08176810933368454,-0.05276050866272052,0.06721539647293799,0.037889573820508574,0.23751379396967862,-0.40382459136455007,1.0,0.0,0.240990990990991,0.01563899836936969,0.11819070883623042,0.08942852740033097,-0.02034521867117145,-0.839907145745137
G12,G12__mom_255_21__top50__weekly__long_short,long_short,mom_255_21,50,weekly,base,5.0,0.01,True,,False,True,9,0,2134.0,0.482078490917355,0.0475574636106888,0.12532531802367292,0.4336363286233007,0.21133278265685623,0.2838972108437724,-0.301202247936303,1466.0,0.15789212708912467,0.2918613977474821,15.302618590051678,0.06794139945682476,16.0,36.0,8.0,12.0,3.0,0.943734635218732,0.4823375393055618,1.0,0.1891891891891892,0.0,0.0002740537257335403,0.47225995528982906,0.4719859015640955,0.9442458568539245,0.0002740537257335403,0.04179502311986815,2134.0,-0.10060825186201057,-0.08606850747365653,-0.05277621189121561,0.06252348868008828,0.03319713152604937,0.23751946377970248,-0.42357897858562016,1.0,0.0,0.240990990990991,0.0158592649430536,0.11489892705351763,0.08953323357874288,-0.02034884938568937,-0.8400772335060527
G12,G12__mom_255_21__top50__weekly__long_short,long_short,mom_255_21,50,weekly,base,5.0,0.03,True,,False,True,9,0,2134.0,0.3703841092642799,0.03790940784304753,0.12533745327461765,0.35977404495820275,0.13746775196527275,0.184117566122462,-0.3174149030639696,1512.0,0.1194317200519332,0.2918971879773473,15.304495111719513,0.06534142155459631,16.0,36.0,8.0,12.0,3.0,0.943734635218732,0.4823375393055618,1.0,0.1891891891891892,0.0,0.0002741139730771765,0.4723137381034703,0.4720396241303931,0.9443533622338633,0.0002741139730771765,0.11930860071380202,2134.0,-0.10986070010397475,-0.09448586147474923,-0.05280716304038426,0.053275836438241346,0.023948425766250496,0.23753066521853364,-0.46251165087632123,1.0,0.0,0.240990990990991,0.016286218387354025,0.10840897084047245,0.08953668322880981,-0.020355959048547062,-0.8404151203056767
G12,G12__mom_255_21__top50__weekly__long_short,long_short,mom_255_21,50,weekly,base,10.0,0.0,True,,False,True,9,0,2134.0,0.4454103339513833,0.044462979320871066,0.1253295871634177,0.41001833284701805,0.18771485055669337,0.25190264061694756,-0.3068704191804549,1509.0,0.1448917084925173,0.29184345080352003,15.301677611763942,0.13410875387313548,16.0,36.0,8.0,12.0,3.0,0.943734635218732,0.4823375393055618,1.0,0.1891891891891892,0.0,0.000274023172948272,0.47223267093411464,0.47195864776116636,0.944191318695281,0.000274023172948272,0.0,2134.0,-0.1035664342681941,-0.08876826070327355,-0.05264413225241953,0.05954484002369542,0.03022219311494096,0.23750123954281335,-0.4360669210297937,1.0,0.0,0.240990990990991,0.015951982877673167,0.11250791656430448,0.08886113023212422,-0.02038117204004411,-0.839907145745137
G12,G12__mom_255_21__top50__weekly__long_short,long_short,mom_255_21,50,weekly,base,10.0,0.01,True,,True,True,9,0,2134.0,0.3890726054793532,0.03957090790408224,0.12533574938896985,0.3725414596909444,0.1502365501432381,0.20130311246919014,-0.3150772582497402,1510.0,0.12559112683631737,0.2918613977474821,15.302618590051678,0.1314824693891952,16.0,36.0,8.0,12.0,3.0,0.943734635218732,0.4823375393055618,1.0,0.1891891891891892,0.0,0.0002740537257335403,0.47225995528982906,0.4719859015640955,0.9442458568539245,0.0002740537257335403,0.04041048778710587,2134.0,-0.10826109962451845,-0.09303630163353542,-0.052659890868825,0.054852616525853194,0.025529433567062176,0.23750693459333097,-0.455822899697171,1.0,0.0,0.240990990990991,0.016168503198005543,0.10920792196991011,0.0891952789595904,-0.020384784436061953,-0.8400772335060527
G12,G12__mom_255_21__top50__weekly__long_short,long_short,mom_255_21,50,weekly,base,10.0,0.03,True,,False,True,9,0,2134.0,0.28437724781745244,0.029995441830906744,0.12534794438214897,0.29868590886063634,0.07637867296839439,0.10203469688451118,-0.3309696631772888,1526.0,0.0906289765138965,0.2918971879773473,15.304495111719513,0.1265065909181912,16.0,36.0,8.0,12.0,3.0,0.943734635218732,0.4823375393055618,1.0,0.1891891891891892,0.0,0.0002741139730771765,0.4723137381034703,0.4720396241303931,0.9443533622338633,0.0002741139730771765,0.11540801150560964,2134.0,-0.117514197961749,-0.10139032544978331,-0.05269095085459496,0.04560433105339166,0.016280091533277568,0.23751818555729404,-0.4947587389404433,1.0,0.0,0.240990990990991,0.016588156709653842,0.10270184189083609,0.0897858208279223,-0.020391858088581738,-0.8404151203056767
G12,G12__mom_255_21__top50__weekly__long_short,long_short,mom_255_21,50,weekly,base,20.0,0.0,True,,False,True,9,0,2134.0,0.2696624168775583,0.028594860201446526,0.12537483531051163,0.287796042530356,0.0655332271974781,0.08749277035523954,-0.33412698938076035,1528.0,0.0855808154092597,0.29184345080352003,15.301677611763942,0.25129014578394726,16.0,36.0,8.0,12.0,3.0,0.943734635218732,0.4823375393055618,1.0,0.1891891891891892,0.0,0.000274023172948272,0.47223267093411464,0.47195864776116636,0.944191318695281,0.000274023172948272,0.0,2134.0,-0.11887148121808329,-0.10261224950023701,-0.05241137943181774,0.04420372712521055,0.014887431703806025,0.23748903485009262,-0.5005346090741289,1.0,0.0,0.240990990990991,0.016560754817288227,0.1010494706317541,0.08940765441935544,-0.020451543130900363,-0.839907145745137
G12,G12__mom_255_21__top50__weekly__long_short,long_short,mom_255_21,50,weekly,base,20.0,0.01,True,,False,True,9,0,2134.0,0.22016507895892623,0.0237761478274765,0.12538105929372526,0.25033340506623003,0.028069594053746108,0.03741867233132402,-0.34201274400682424,1533.0,0.06951830960720602,0.2918613977474821,15.302618590051678,0.2464792087846432,16.0,36.0,8.0,12.0,3.0,0.943734635218732,0.4823375393055618,1.0,0.1891891891891892,0.0,0.0002740537257335403,0.47225995528982906,0.4719859015640955,0.9442458568539245,0.0002740537257335403,0.03781962725162445,2134.0,-0.12356679514953452,-0.1068162890350404,-0.05242724882404366,0.03951087221738266,0.01019403764908747,0.23749478114638597,-0.5202926757088232,1.0,0.0,0.240990990990991,0.016769913832547,0.0977350801202735,0.08967225359269065,-0.020455118790742133,-0.8400772335060527
G12,G12__mom_255_21__top50__weekly__long_short,long_short,mom_255_21,50,weekly,base,20.0,0.03,True,,False,True,9,0,2134.0,0.1281824523043602,0.01434426166252245,0.12539337539954748,0.1765058872171147,-0.045759401212878144,-0.060818414567184814,-0.35728335205695616,1561.0,0.04014813894893084,0.2918971879773473,15.304495111719513,0.2373601715292202,16.0,36.0,8.0,12.0,3.0,0.943734635218732,0.4823375393055618,1.0,0.1891891891891892,0.0,0.0002741139730771765,0.4723137381034703,0.4720396241303931,0.9443533622338633,0.0002741139730771765,0.1081057834274231,2134.0,-0.1328211936772978,-0.11504504793325214,-0.05245852648301621,0.030261320283691936,0.0009434230673314138,0.23750613270251372,-0.5592326908192382,1.0,0.0,0.240990990990991,0.01717522352111175,0.09120075229454055,0.09013066452342405,-0.02046212023546712,-0.8404151203056767
