group_id,strategy_id,portfolio_mode,variant_id,cost_bps,borrow_fee_annual,reference_strategy_id,comparison_type,metric,estimate
G33,G33__mom_12_1__top10__monthly__long_only,long_only,base,0.0,0.0,G00__mom_12_1__top10__monthly__long_only,delta_vs_same_scenario_G00,cagr,-0.039690563307185955
G33,G33__mom_12_1__top10__monthly__long_only,long_only,base,0.0,0.0,G00__mom_12_1__top10__monthly__long_only,delta_vs_same_scenario_G00,sharpe_excess_rf,-0.060309421617493864
G33,G33__mom_12_1__top10__monthly__long_only,long_only,base,0.0,0.0,G00__mom_12_1__top10__monthly__long_only,delta_vs_same_scenario_G00,max_drawdown,0.049269241224358384
G33,G33__mom_12_1__top10__monthly__long_only,long_only,base,0.0,0.0,G00__mom_12_1__top10__monthly__long_only,delta_vs_same_scenario_G00,annualized_volatility,-0.039994139471919876
G33,G33__mom_12_1__top10__monthly__long_only,long_only,base,0.0,0.0,G00__mom_12_1__top10__monthly__long_only,delta_vs_same_scenario_G00,annualized_l1_turnover,-0.4390172285516627
G33,G33__mom_12_1__top10__monthly__long_only,long_only,base,5.0,0.0,G00__mom_12_1__top10__monthly__long_only,delta_vs_same_scenario_G00,cagr,-0.03925432339998819
G33,G33__mom_12_1__top10__monthly__long_only,long_only,base,5.0,0.0,G00__mom_12_1__top10__monthly__long_only,delta_vs_same_scenario_G00,sharpe_excess_rf,-0.06128545673879737
G33,G33__mom_12_1__top10__monthly__long_only,long_only,base,5.0,0.0,G00__mom_12_1__top10__monthly__long_only,delta_vs_same_scenario_G00,max_drawdown,0.04916630060495941
G33,G33__mom_12_1__top10__monthly__long_only,long_only,base,5.0,0.0,G00__mom_12_1__top10__monthly__long_only,delta_vs_same_scenario_G00,annualized_volatility,-0.04000483211895256
G33,G33__mom_12_1__top10__monthly__long_only,long_only,base,5.0,0.0,G00__mom_12_1__top10__monthly__long_only,delta_vs_same_scenario_G00,annualized_l1_turnover,-0.4390172285516627
G33,G33__mom_12_1__top10__monthly__long_only,long_only,base,10.0,0.0,G00__mom_12_1__top10__monthly__long_only,delta_vs_same_scenario_G00,cagr,-0.03882082267445908
G33,G33__mom_12_1__top10__monthly__long_only,long_only,base,10.0,0.0,G00__mom_12_1__top10__monthly__long_only,delta_vs_same_scenario_G00,sharpe_excess_rf,-0.06226294904395702
G33,G33__mom_12_1__top10__monthly__long_only,long_only,base,10.0,0.0,G00__mom_12_1__top10__monthly__long_only,delta_vs_same_scenario_G00,max_drawdown,0.04906164194856161
G33,G33__mom_12_1__top10__monthly__long_only,long_only,base,10.0,0.0,G00__mom_12_1__top10__monthly__long_only,delta_vs_same_scenario_G00,annualized_volatility,-0.04001544999516532
G33,G33__mom_12_1__top10__monthly__long_only,long_only,base,10.0,0.0,G00__mom_12_1__top10__monthly__long_only,delta_vs_same_scenario_G00,annualized_l1_turnover,-0.4390172285516609
G33,G33__mom_12_1__top10__monthly__long_only,long_only,base,20.0,0.0,G00__mom_12_1__top10__monthly__long_only,delta_vs_same_scenario_G00,cagr,-0.037961985720781966
G33,G33__mom_12_1__top10__monthly__long_only,long_only,base,20.0,0.0,G00__mom_12_1__top10__monthly__long_only,delta_vs_same_scenario_G00,sharpe_excess_rf,-0.06422176777378785
G33,G33__mom_12_1__top10__monthly__long_only,long_only,base,20.0,0.0,G00__mom_12_1__top10__monthly__long_only,delta_vs_same_scenario_G00,max_drawdown,0.048847300586518594
G33,G33__mom_12_1__top10__monthly__long_only,long_only,base,20.0,0.0,G00__mom_12_1__top10__monthly__long_only,delta_vs_same_scenario_G00,annualized_volatility,-0.04003645931287719
G33,G33__mom_12_1__top10__monthly__long_only,long_only,base,20.0,0.0,G00__mom_12_1__top10__monthly__long_only,delta_vs_same_scenario_G00,annualized_l1_turnover,-0.4390172285516627
G33,G33__mom_12_1__top10__monthly__long_short,long_short,base,0.0,0.0,G00__mom_12_1__top10__monthly__long_short,delta_vs_same_scenario_G00,cagr,-0.010502808326900065
G33,G33__mom_12_1__top10__monthly__long_short,long_short,base,0.0,0.0,G00__mom_12_1__top10__monthly__long_short,delta_vs_same_scenario_G00,sharpe_excess_rf,-0.03611980583122543
G33,G33__mom_12_1__top10__monthly__long_short,long_short,base,0.0,0.0,G00__mom_12_1__top10__monthly__long_short,delta_vs_same_scenario_G00,max_drawdown,0.020575201491609074
G33,G33__mom_12_1__top10__monthly__long_short,long_short,base,0.0,0.0,G00__mom_12_1__top10__monthly__long_short,delta_vs_same_scenario_G00,annualized_volatility,-0.0470628848797677
G33,G33__mom_12_1__top10__monthly__long_short,long_short,base,0.0,0.0,G00__mom_12_1__top10__monthly__long_short,delta_vs_same_scenario_G00,annualized_l1_turnover,-0.494625996615893
G33,G33__mom_12_1__top10__monthly__long_short,long_short,base,0.0,0.01,G00__mom_12_1__top10__monthly__long_short,delta_vs_same_scenario_G00,cagr,-0.010038498088116465
G33,G33__mom_12_1__top10__monthly__long_short,long_short,base,0.0,0.01,G00__mom_12_1__top10__monthly__long_short,delta_vs_same_scenario_G00,sharpe_excess_rf,-0.039484302215943456
G33,G33__mom_12_1__top10__monthly__long_short,long_short,base,0.0,0.01,G00__mom_12_1__top10__monthly__long_short,delta_vs_same_scenario_G00,max_drawdown,0.022539046629026283
G33,G33__mom_12_1__top10__monthly__long_short,long_short,base,0.0,0.01,G00__mom_12_1__top10__monthly__long_short,delta_vs_same_scenario_G00,annualized_volatility,-0.04707631143382837
G33,G33__mom_12_1__top10__monthly__long_short,long_short,base,0.0,0.01,G00__mom_12_1__top10__monthly__long_short,delta_vs_same_scenario_G00,annualized_l1_turnover,-0.49495393265143406
G33,G33__mom_12_1__top10__monthly__long_short,long_short,base,0.0,0.03,G00__mom_12_1__top10__monthly__long_short,delta_vs_same_scenario_G00,cagr,-0.009134910553047104
G33,G33__mom_12_1__top10__monthly__long_short,long_short,base,0.0,0.03,G00__mom_12_1__top10__monthly__long_short,delta_vs_same_scenario_G00,sharpe_excess_rf,-0.046115577963800586
G33,G33__mom_12_1__top10__monthly__long_short,long_short,base,0.0,0.03,G00__mom_12_1__top10__monthly__long_short,delta_vs_same_scenario_G00,max_drawdown,0.027758123052573858
G33,G33__mom_12_1__top10__monthly__long_short,long_short,base,0.0,0.03,G00__mom_12_1__top10__monthly__long_short,delta_vs_same_scenario_G00,annualized_volatility,-0.047102752825946004
G33,G33__mom_12_1__top10__monthly__long_short,long_short,base,0.0,0.03,G00__mom_12_1__top10__monthly__long_short,delta_vs_same_scenario_G00,annualized_l1_turnover,-0.4956013742907981
G33,G33__mom_12_1__top10__monthly__long_short,long_short,base,5.0,0.0,G00__mom_12_1__top10__monthly__long_short,delta_vs_same_scenario_G00,cagr,-0.010192960059973707
G33,G33__mom_12_1__top10__monthly__long_short,long_short,base,5.0,0.0,G00__mom_12_1__top10__monthly__long_short,delta_vs_same_scenario_G00,sharpe_excess_rf,-0.03994733206330692
G33,G33__mom_12_1__top10__monthly__long_short,long_short,base,5.0,0.0,G00__mom_12_1__top10__monthly__long_short,delta_vs_same_scenario_G00,max_drawdown,0.022243656169852688
G33,G33__mom_12_1__top10__monthly__long_short,long_short,base,5.0,0.0,G00__mom_12_1__top10__monthly__long_short,delta_vs_same_scenario_G00,annualized_volatility,-0.04705229809070158
G33,G33__mom_12_1__top10__monthly__long_short,long_short,base,5.0,0.0,G00__mom_12_1__top10__monthly__long_short,delta_vs_same_scenario_G00,annualized_l1_turnover,-0.494625996615893
G33,G33__mom_12_1__top10__monthly__long_short,long_short,base,5.0,0.01,G00__mom_12_1__top10__monthly__long_short,delta_vs_same_scenario_G00,cagr,-0.009731852359650295
G33,G33__mom_12_1__top10__monthly__long_short,long_short,base,5.0,0.01,G00__mom_12_1__top10__monthly__long_short,delta_vs_same_scenario_G00,sharpe_excess_rf,-0.043310511747842534
G33,G33__mom_12_1__top10__monthly__long_short,long_short,base,5.0,0.01,G00__mom_12_1__top10__monthly__long_short,delta_vs_same_scenario_G00,max_drawdown,0.024975257944053197
G33,G33__mom_12_1__top10__monthly__long_short,long_short,base,5.0,0.01,G00__mom_12_1__top10__monthly__long_short,delta_vs_same_scenario_G00,annualized_volatility,-0.047065714331259195
G33,G33__mom_12_1__top10__monthly__long_short,long_short,base,5.0,0.01,G00__mom_12_1__top10__monthly__long_short,delta_vs_same_scenario_G00,annualized_l1_turnover,-0.49495393265143406
G33,G33__mom_12_1__top10__monthly__long_short,long_short,base,5.0,0.03,G00__mom_12_1__top10__monthly__long_short,delta_vs_same_scenario_G00,cagr,-0.008834514733473187
G33,G33__mom_12_1__top10__monthly__long_short,long_short,base,5.0,0.03,G00__mom_12_1__top10__monthly__long_short,delta_vs_same_scenario_G00,sharpe_excess_rf,-0.049939181355202866
G33,G33__mom_12_1__top10__monthly__long_short,long_short,base,5.0,0.03,G00__mom_12_1__top10__monthly__long_short,delta_vs_same_scenario_G00,max_drawdown,0.03009156902633342
G33,G33__mom_12_1__top10__monthly__long_short,long_short,base,5.0,0.03,G00__mom_12_1__top10__monthly__long_short,delta_vs_same_scenario_G00,annualized_volatility,-0.047092135441972494
G33,G33__mom_12_1__top10__monthly__long_short,long_short,base,5.0,0.03,G00__mom_12_1__top10__monthly__long_short,delta_vs_same_scenario_G00,annualized_l1_turnover,-0.4956013742907981
G33,G33__mom_12_1__top10__monthly__long_short,long_short,base,10.0,0.0,G00__mom_12_1__top10__monthly__long_short,delta_vs_same_scenario_G00,cagr,-0.009885529238254254
G33,G33__mom_12_1__top10__monthly__long_short,long_short,base,10.0,0.0,G00__mom_12_1__top10__monthly__long_short,delta_vs_same_scenario_G00,sharpe_excess_rf,-0.043773831030742394
G33,G33__mom_12_1__top10__monthly__long_short,long_short,base,10.0,0.0,G00__mom_12_1__top10__monthly__long_short,delta_vs_same_scenario_G00,max_drawdown,0.024682676027203032
G33,G33__mom_12_1__top10__monthly__long_short,long_short,base,10.0,0.0,G00__mom_12_1__top10__monthly__long_short,delta_vs_same_scenario_G00,annualized_volatility,-0.04704055536970633
G33,G33__mom_12_1__top10__monthly__long_short,long_short,base,10.0,0.0,G00__mom_12_1__top10__monthly__long_short,delta_vs_same_scenario_G00,annualized_l1_turnover,-0.494625996615893
G33,G33__mom_12_1__top10__monthly__long_short,long_short,base,10.0,0.01,G00__mom_12_1__top10__monthly__long_short,delta_vs_same_scenario_G00,cagr,-0.009427606596571471
G33,G33__mom_12_1__top10__monthly__long_short,long_short,base,10.0,0.01,G00__mom_12_1__top10__monthly__long_short,delta_vs_same_scenario_G00,sharpe_excess_rf,-0.047135195414371084
G33,G33__mom_12_1__top10__monthly__long_short,long_short,base,10.0,0.01,G00__mom_12_1__top10__monthly__long_short,delta_vs_same_scenario_G00,max_drawdown,0.027361304093097116
G33,G33__mom_12_1__top10__monthly__long_short,long_short,base,10.0,0.01,G00__mom_12_1__top10__monthly__long_short,delta_vs_same_scenario_G00,annualized_volatility,-0.047053961274039074
G33,G33__mom_12_1__top10__monthly__long_short,long_short,base,10.0,0.01,G00__mom_12_1__top10__monthly__long_short,delta_vs_same_scenario_G00,annualized_l1_turnover,-0.49495393265143406
G33,G33__mom_12_1__top10__monthly__long_short,long_short,base,10.0,0.03,G00__mom_12_1__top10__monthly__long_short,delta_vs_same_scenario_G00,cagr,-0.008536484715720473
G33,G33__mom_12_1__top10__monthly__long_short,long_short,base,10.0,0.03,G00__mom_12_1__top10__monthly__long_short,delta_vs_same_scenario_G00,sharpe_excess_rf,-0.053760276245198343
G33,G33__mom_12_1__top10__monthly__long_short,long_short,base,10.0,0.03,G00__mom_12_1__top10__monthly__long_short,delta_vs_same_scenario_G00,max_drawdown,0.03215760498578746
G33,G33__mom_12_1__top10__monthly__long_short,long_short,base,10.0,0.03,G00__mom_12_1__top10__monthly__long_short,delta_vs_same_scenario_G00,annualized_volatility,-0.047080362061372144
G33,G33__mom_12_1__top10__monthly__long_short,long_short,base,10.0,0.03,G00__mom_12_1__top10__monthly__long_short,delta_vs_same_scenario_G00,annualized_l1_turnover,-0.4956013742907981
G33,G33__mom_12_1__top10__monthly__long_short,long_short,base,20.0,0.0,G00__mom_12_1__top10__monthly__long_short,delta_vs_same_scenario_G00,cagr,-0.00927786600740236
G33,G33__mom_12_1__top10__monthly__long_short,long_short,base,20.0,0.0,G00__mom_12_1__top10__monthly__long_short,delta_vs_same_scenario_G00,sharpe_excess_rf,-0.0514177168841555
G33,G33__mom_12_1__top10__monthly__long_short,long_short,base,20.0,0.0,G00__mom_12_1__top10__monthly__long_short,delta_vs_same_scenario_G00,max_drawdown,0.02941084558606466
G33,G33__mom_12_1__top10__monthly__long_short,long_short,base,20.0,0.0,G00__mom_12_1__top10__monthly__long_short,delta_vs_same_scenario_G00,annualized_volatility,-0.047013610572100656
G33,G33__mom_12_1__top10__monthly__long_short,long_short,base,20.0,0.0,G00__mom_12_1__top10__monthly__long_short,delta_vs_same_scenario_G00,annualized_l1_turnover,-0.494625996615893
G33,G33__mom_12_1__top10__monthly__long_short,long_short,base,20.0,0.01,G00__mom_12_1__top10__monthly__long_short,delta_vs_same_scenario_G00,cagr,-0.008826261363280047
G33,G33__mom_12_1__top10__monthly__long_short,long_short,base,20.0,0.01,G00__mom_12_1__top10__monthly__long_short,delta_vs_same_scenario_G00,sharpe_excess_rf,-0.05477395843227101
G33,G33__mom_12_1__top10__monthly__long_short,long_short,base,20.0,0.01,G00__mom_12_1__top10__monthly__long_short,delta_vs_same_scenario_G00,max_drawdown,0.03112947109201525
G33,G33__mom_12_1__top10__monthly__long_short,long_short,base,20.0,0.01,G00__mom_12_1__top10__monthly__long_short,delta_vs_same_scenario_G00,annualized_volatility,-0.04702699574163982
G33,G33__mom_12_1__top10__monthly__long_short,long_short,base,20.0,0.01,G00__mom_12_1__top10__monthly__long_short,delta_vs_same_scenario_G00,annualized_l1_turnover,-0.49495393265143406
G33,G33__mom_12_1__top10__monthly__long_short,long_short,base,20.0,0.03,G00__mom_12_1__top10__monthly__long_short,delta_vs_same_scenario_G00,cagr,-0.007947469107956379
G33,G33__mom_12_1__top10__monthly__long_short,long_short,base,20.0,0.03,G00__mom_12_1__top10__monthly__long_short,delta_vs_same_scenario_G00,sharpe_excess_rf,-0.06138892085034467
G33,G33__mom_12_1__top10__monthly__long_short,long_short,base,20.0,0.03,G00__mom_12_1__top10__monthly__long_short,delta_vs_same_scenario_G00,max_drawdown,0.03336032645824072
G33,G33__mom_12_1__top10__monthly__long_short,long_short,base,20.0,0.03,G00__mom_12_1__top10__monthly__long_short,delta_vs_same_scenario_G00,annualized_volatility,-0.047053355767645855
G33,G33__mom_12_1__top10__monthly__long_short,long_short,base,20.0,0.03,G00__mom_12_1__top10__monthly__long_short,delta_vs_same_scenario_G00,annualized_l1_turnover,-0.4956013742907981
G33,G33__mom_12_1__top10__weekly__long_only,long_only,base,0.0,0.0,G00__mom_12_1__top10__weekly__long_only,delta_vs_same_scenario_G00,cagr,-0.07600946010410808
G33,G33__mom_12_1__top10__weekly__long_only,long_only,base,0.0,0.0,G00__mom_12_1__top10__weekly__long_only,delta_vs_same_scenario_G00,sharpe_excess_rf,-0.14100533576909113
G33,G33__mom_12_1__top10__weekly__long_only,long_only,base,0.0,0.0,G00__mom_12_1__top10__weekly__long_only,delta_vs_same_scenario_G00,max_drawdown,0.0802194352887608
G33,G33__mom_12_1__top10__weekly__long_only,long_only,base,0.0,0.0,G00__mom_12_1__top10__weekly__long_only,delta_vs_same_scenario_G00,annualized_volatility,-0.05183338828530154
G33,G33__mom_12_1__top10__weekly__long_only,long_only,base,0.0,0.0,G00__mom_12_1__top10__weekly__long_only,delta_vs_same_scenario_G00,annualized_l1_turnover,-0.10479032016244005
G33,G33__mom_12_1__top10__weekly__long_only,long_only,base,5.0,0.0,G00__mom_12_1__top10__weekly__long_only,delta_vs_same_scenario_G00,cagr,-0.07554400411863793
G33,G33__mom_12_1__top10__weekly__long_only,long_only,base,5.0,0.0,G00__mom_12_1__top10__weekly__long_only,delta_vs_same_scenario_G00,sharpe_excess_rf,-0.14364137073660865
G33,G33__mom_12_1__top10__weekly__long_only,long_only,base,5.0,0.0,G00__mom_12_1__top10__weekly__long_only,delta_vs_same_scenario_G00,max_drawdown,0.07677486060309557
G33,G33__mom_12_1__top10__weekly__long_only,long_only,base,5.0,0.0,G00__mom_12_1__top10__weekly__long_only,delta_vs_same_scenario_G00,annualized_volatility,-0.05181338838839061
G33,G33__mom_12_1__top10__weekly__long_only,long_only,base,5.0,0.0,G00__mom_12_1__top10__weekly__long_only,delta_vs_same_scenario_G00,annualized_l1_turnover,-0.10479032016244005
G33,G33__mom_12_1__top10__weekly__long_only,long_only,base,10.0,0.0,G00__mom_12_1__top10__weekly__long_only,delta_vs_same_scenario_G00,cagr,-0.07508097464289168
G33,G33__mom_12_1__top10__weekly__long_only,long_only,base,10.0,0.0,G00__mom_12_1__top10__weekly__long_only,delta_vs_same_scenario_G00,sharpe_excess_rf,-0.14627376997510566
G33,G33__mom_12_1__top10__weekly__long_only,long_only,base,10.0,0.0,G00__mom_12_1__top10__weekly__long_only,delta_vs_same_scenario_G00,max_drawdown,0.07335050060250087
G33,G33__mom_12_1__top10__weekly__long_only,long_only,base,10.0,0.0,G00__mom_12_1__top10__weekly__long_only,delta_vs_same_scenario_G00,annualized_volatility,-0.05179325959647252
G33,G33__mom_12_1__top10__weekly__long_only,long_only,base,10.0,0.0,G00__mom_12_1__top10__weekly__long_only,delta_vs_same_scenario_G00,annualized_l1_turnover,-0.10479032016244005
G33,G33__mom_12_1__top10__weekly__long_only,long_only,base,20.0,0.0,G00__mom_12_1__top10__weekly__long_only,delta_vs_same_scenario_G00,cagr,-0.07416215202271159
G33,G33__mom_12_1__top10__weekly__long_only,long_only,base,20.0,0.0,G00__mom_12_1__top10__weekly__long_only,delta_vs_same_scenario_G00,sharpe_excess_rf,-0.151526552641029
G33,G33__mom_12_1__top10__weekly__long_only,long_only,base,20.0,0.0,G00__mom_12_1__top10__weekly__long_only,delta_vs_same_scenario_G00,max_drawdown,0.06656201604821843
G33,G33__mom_12_1__top10__weekly__long_only,long_only,base,20.0,0.0,G00__mom_12_1__top10__weekly__long_only,delta_vs_same_scenario_G00,annualized_volatility,-0.051752620414558304
G33,G33__mom_12_1__top10__weekly__long_only,long_only,base,20.0,0.0,G00__mom_12_1__top10__weekly__long_only,delta_vs_same_scenario_G00,annualized_l1_turnover,-0.10479032016244005
G33,G33__mom_12_1__top10__weekly__long_short,long_short,base,0.0,0.0,G00__mom_12_1__top10__weekly__long_short,delta_vs_same_scenario_G00,cagr,0.0019622182488075388
G33,G33__mom_12_1__top10__weekly__long_short,long_short,base,0.0,0.0,G00__mom_12_1__top10__weekly__long_short,delta_vs_same_scenario_G00,sharpe_excess_rf,0.003493631783480139
G33,G33__mom_12_1__top10__weekly__long_short,long_short,base,0.0,0.0,G00__mom_12_1__top10__weekly__long_short,delta_vs_same_scenario_G00,max_drawdown,0.13729067100274517
G33,G33__mom_12_1__top10__weekly__long_short,long_short,base,0.0,0.0,G00__mom_12_1__top10__weekly__long_short,delta_vs_same_scenario_G00,annualized_volatility,-0.04521080960555732
G33,G33__mom_12_1__top10__weekly__long_short,long_short,base,0.0,0.0,G00__mom_12_1__top10__weekly__long_short,delta_vs_same_scenario_G00,annualized_l1_turnover,-0.7161512142359339
G33,G33__mom_12_1__top10__weekly__long_short,long_short,base,0.0,0.01,G00__mom_12_1__top10__weekly__long_short,delta_vs_same_scenario_G00,cagr,0.0023651376453624057
G33,G33__mom_12_1__top10__weekly__long_short,long_short,base,0.0,0.01,G00__mom_12_1__top10__weekly__long_short,delta_vs_same_scenario_G00,sharpe_excess_rf,0.0003175425649006858
G33,G33__mom_12_1__top10__weekly__long_short,long_short,base,0.0,0.01,G00__mom_12_1__top10__weekly__long_short,delta_vs_same_scenario_G00,max_drawdown,0.13652885835333783
G33,G33__mom_12_1__top10__weekly__long_short,long_short,base,0.0,0.01,G00__mom_12_1__top10__weekly__long_short,delta_vs_same_scenario_G00,annualized_volatility,-0.04521504181481045
G33,G33__mom_12_1__top10__weekly__long_short,long_short,base,0.0,0.01,G00__mom_12_1__top10__weekly__long_short,delta_vs_same_scenario_G00,annualized_l1_turnover,-0.7164138504487365
G33,G33__mom_12_1__top10__weekly__long_short,long_short,base,0.0,0.03,G00__mom_12_1__top10__weekly__long_short,delta_vs_same_scenario_G00,cagr,0.0031480185886903315
G33,G33__mom_12_1__top10__weekly__long_short,long_short,base,0.0,0.03,G00__mom_12_1__top10__weekly__long_short,delta_vs_same_scenario_G00,sharpe_excess_rf,-0.005941922572249722
G33,G33__mom_12_1__top10__weekly__long_short,long_short,base,0.0,0.03,G00__mom_12_1__top10__weekly__long_short,delta_vs_same_scenario_G00,max_drawdown,0.13501707977872046
G33,G33__mom_12_1__top10__weekly__long_short,long_short,base,0.0,0.03,G00__mom_12_1__top10__weekly__long_short,delta_vs_same_scenario_G00,annualized_volatility,-0.045223336786088836
G33,G33__mom_12_1__top10__weekly__long_short,long_short,base,0.0,0.03,G00__mom_12_1__top10__weekly__long_short,delta_vs_same_scenario_G00,annualized_l1_turnover,-0.716938289045796
G33,G33__mom_12_1__top10__weekly__long_short,long_short,base,5.0,0.0,G00__mom_12_1__top10__weekly__long_short,delta_vs_same_scenario_G00,cagr,0.0023234017903284443
G33,G33__mom_12_1__top10__weekly__long_short,long_short,base,5.0,0.0,G00__mom_12_1__top10__weekly__long_short,delta_vs_same_scenario_G00,sharpe_excess_rf,-0.0008505743507583319
G33,G33__mom_12_1__top10__weekly__long_short,long_short,base,5.0,0.0,G00__mom_12_1__top10__weekly__long_short,delta_vs_same_scenario_G00,max_drawdown,0.13633934333653253
G33,G33__mom_12_1__top10__weekly__long_short,long_short,base,5.0,0.0,G00__mom_12_1__top10__weekly__long_short,delta_vs_same_scenario_G00,annualized_volatility,-0.04524470471451955
G33,G33__mom_12_1__top10__weekly__long_short,long_short,base,5.0,0.0,G00__mom_12_1__top10__weekly__long_short,delta_vs_same_scenario_G00,annualized_l1_turnover,-0.7161512142359392
G33,G33__mom_12_1__top10__weekly__long_short,long_short,base,5.0,0.01,G00__mom_12_1__top10__weekly__long_short,delta_vs_same_scenario_G00,cagr,0.0027223982142275532
G33,G33__mom_12_1__top10__weekly__long_short,long_short,base,5.0,0.01,G00__mom_12_1__top10__weekly__long_short,delta_vs_same_scenario_G00,sharpe_excess_rf,-0.004028387380222764
G33,G33__mom_12_1__top10__weekly__long_short,long_short,base,5.0,0.01,G00__mom_12_1__top10__weekly__long_short,delta_vs_same_scenario_G00,max_drawdown,0.13557360596303214
G33,G33__mom_12_1__top10__weekly__long_short,long_short,base,5.0,0.01,G00__mom_12_1__top10__weekly__long_short,delta_vs_same_scenario_G00,annualized_volatility,-0.045248926889153746
G33,G33__mom_12_1__top10__weekly__long_short,long_short,base,5.0,0.01,G00__mom_12_1__top10__weekly__long_short,delta_vs_same_scenario_G00,annualized_l1_turnover,-0.7164138504487365
G33,G33__mom_12_1__top10__weekly__long_short,long_short,base,5.0,0.03,G00__mom_12_1__top10__weekly__long_short,delta_vs_same_scenario_G00,cagr,0.0034976342670350533
G33,G33__mom_12_1__top10__weekly__long_short,long_short,base,5.0,0.03,G00__mom_12_1__top10__weekly__long_short,delta_vs_same_scenario_G00,sharpe_excess_rf,-0.010291224180754774
G33,G33__mom_12_1__top10__weekly__long_short,long_short,base,5.0,0.03,G00__mom_12_1__top10__weekly__long_short,delta_vs_same_scenario_G00,max_drawdown,0.1340548571592307
G33,G33__mom_12_1__top10__weekly__long_short,long_short,base,5.0,0.03,G00__mom_12_1__top10__weekly__long_short,delta_vs_same_scenario_G00,annualized_volatility,-0.04525720192131302
G33,G33__mom_12_1__top10__weekly__long_short,long_short,base,5.0,0.03,G00__mom_12_1__top10__weekly__long_short,delta_vs_same_scenario_G00,annualized_l1_turnover,-0.7169382890457943
G33,G33__mom_12_1__top10__weekly__long_short,long_short,base,10.0,0.0,G00__mom_12_1__top10__weekly__long_short,delta_vs_same_scenario_G00,cagr,0.002680651904223369
G33,G33__mom_12_1__top10__weekly__long_short,long_short,base,10.0,0.0,G00__mom_12_1__top10__weekly__long_short,delta_vs_same_scenario_G00,sharpe_excess_rf,-0.005200793318351854
G33,G33__mom_12_1__top10__weekly__long_short,long_short,base,10.0,0.0,G00__mom_12_1__top10__weekly__long_short,delta_vs_same_scenario_G00,max_drawdown,0.1353831978303992
G33,G33__mom_12_1__top10__weekly__long_short,long_short,base,10.0,0.0,G00__mom_12_1__top10__weekly__long_short,delta_vs_same_scenario_G00,annualized_volatility,-0.04527781988139365
G33,G33__mom_12_1__top10__weekly__long_short,long_short,base,10.0,0.0,G00__mom_12_1__top10__weekly__long_short,delta_vs_same_scenario_G00,annualized_l1_turnover,-0.7161512142359339
G33,G33__mom_12_1__top10__weekly__long_short,long_short,base,10.0,0.01,G00__mom_12_1__top10__weekly__long_short,delta_vs_same_scenario_G00,cagr,0.0030757548749846854
G33,G33__mom_12_1__top10__weekly__long_short,long_short,base,10.0,0.01,G00__mom_12_1__top10__weekly__long_short,delta_vs_same_scenario_G00,sharpe_excess_rf,-0.008379921593568998
G33,G33__mom_12_1__top10__weekly__long_short,long_short,base,10.0,0.01,G00__mom_12_1__top10__weekly__long_short,delta_vs_same_scenario_G00,max_drawdown,0.1346138509257273
G33,G33__mom_12_1__top10__weekly__long_short,long_short,base,10.0,0.01,G00__mom_12_1__top10__weekly__long_short,delta_vs_same_scenario_G00,annualized_volatility,-0.04528203207303838
G33,G33__mom_12_1__top10__weekly__long_short,long_short,base,10.0,0.01,G00__mom_12_1__top10__weekly__long_short,delta_vs_same_scenario_G00,annualized_l1_turnover,-0.7164138504487365
G33,G33__mom_12_1__top10__weekly__long_short,long_short,base,10.0,0.03,G00__mom_12_1__top10__weekly__long_short,delta_vs_same_scenario_G00,cagr,0.003843403625408994
G33,G33__mom_12_1__top10__weekly__long_short,long_short,base,10.0,0.03,G00__mom_12_1__top10__weekly__long_short,delta_vs_same_scenario_G00,sharpe_excess_rf,-0.014645325061783364
G33,G33__mom_12_1__top10__weekly__long_short,long_short,base,10.0,0.03,G00__mom_12_1__top10__weekly__long_short,delta_vs_same_scenario_G00,max_drawdown,0.13308873162318202
G33,G33__mom_12_1__top10__weekly__long_short,long_short,base,10.0,0.03,G00__mom_12_1__top10__weekly__long_short,delta_vs_same_scenario_G00,annualized_volatility,-0.045290287269425245
G33,G33__mom_12_1__top10__weekly__long_short,long_short,base,10.0,0.03,G00__mom_12_1__top10__weekly__long_short,delta_vs_same_scenario_G00,annualized_l1_turnover,-0.7169382890457943
G33,G33__mom_12_1__top10__weekly__long_short,long_short,base,20.0,0.0,G00__mom_12_1__top10__weekly__long_short,delta_vs_same_scenario_G00,cagr,0.003383471955773938
G33,G33__mom_12_1__top10__weekly__long_short,long_short,base,20.0,0.0,G00__mom_12_1__top10__weekly__long_short,delta_vs_same_scenario_G00,sharpe_excess_rf,-0.013913252119364047
G33,G33__mom_12_1__top10__weekly__long_short,long_short,base,20.0,0.0,G00__mom_12_1__top10__weekly__long_short,delta_vs_same_scenario_G00,max_drawdown,0.13345797535512693
G33,G33__mom_12_1__top10__weekly__long_short,long_short,base,20.0,0.0,G00__mom_12_1__top10__weekly__long_short,delta_vs_same_scenario_G00,annualized_volatility,-0.04534170332582818
G33,G33__mom_12_1__top10__weekly__long_short,long_short,base,20.0,0.0,G00__mom_12_1__top10__weekly__long_short,delta_vs_same_scenario_G00,annualized_l1_turnover,-0.7161512142359339
G33,G33__mom_12_1__top10__weekly__long_short,long_short,base,20.0,0.01,G00__mom_12_1__top10__weekly__long_short,delta_vs_same_scenario_G00,cagr,0.0037708758157928377
G33,G33__mom_12_1__top10__weekly__long_short,long_short,base,20.0,0.01,G00__mom_12_1__top10__weekly__long_short,delta_vs_same_scenario_G00,sharpe_excess_rf,-0.017093786219612557
G33,G33__mom_12_1__top10__weekly__long_short,long_short,base,20.0,0.01,G00__mom_12_1__top10__weekly__long_short,delta_vs_same_scenario_G00,max_drawdown,0.13268232000725655
G33,G33__mom_12_1__top10__weekly__long_short,long_short,base,20.0,0.01,G00__mom_12_1__top10__weekly__long_short,delta_vs_same_scenario_G00,annualized_volatility,-0.04534589571382369
G33,G33__mom_12_1__top10__weekly__long_short,long_short,base,20.0,0.01,G00__mom_12_1__top10__weekly__long_short,delta_vs_same_scenario_G00,annualized_l1_turnover,-0.7164138504487365
G33,G33__mom_12_1__top10__weekly__long_short,long_short,base,20.0,0.03,G00__mom_12_1__top10__weekly__long_short,delta_vs_same_scenario_G00,cagr,0.004523521236685474
G33,G33__mom_12_1__top10__weekly__long_short,long_short,base,20.0,0.03,G00__mom_12_1__top10__weekly__long_short,delta_vs_same_scenario_G00,sharpe_excess_rf,-0.02336191008712145
G33,G33__mom_12_1__top10__weekly__long_short,long_short,base,20.0,0.03,G00__mom_12_1__top10__weekly__long_short,delta_vs_same_scenario_G00,max_drawdown,0.13114619190090726
G33,G33__mom_12_1__top10__weekly__long_short,long_short,base,20.0,0.03,G00__mom_12_1__top10__weekly__long_short,delta_vs_same_scenario_G00,annualized_volatility,-0.045354111563378846
G33,G33__mom_12_1__top10__weekly__long_short,long_short,base,20.0,0.03,G00__mom_12_1__top10__weekly__long_short,delta_vs_same_scenario_G00,annualized_l1_turnover,-0.7169382890457943
G33,G33__mom_12_1__top20__monthly__long_only,long_only,base,0.0,0.0,G00__mom_12_1__top20__monthly__long_only,delta_vs_same_scenario_G00,cagr,-0.041952457736373155
G33,G33__mom_12_1__top20__monthly__long_only,long_only,base,0.0,0.0,G00__mom_12_1__top20__monthly__long_only,delta_vs_same_scenario_G00,sharpe_excess_rf,-0.0792264044186003
G33,G33__mom_12_1__top20__monthly__long_only,long_only,base,0.0,0.0,G00__mom_12_1__top20__monthly__long_only,delta_vs_same_scenario_G00,max_drawdown,0.06714689957258729
G33,G33__mom_12_1__top20__monthly__long_only,long_only,base,0.0,0.0,G00__mom_12_1__top20__monthly__long_only,delta_vs_same_scenario_G00,annualized_volatility,-0.03940274460675397
G33,G33__mom_12_1__top20__monthly__long_only,long_only,base,0.0,0.0,G00__mom_12_1__top20__monthly__long_only,delta_vs_same_scenario_G00,annualized_l1_turnover,-0.33233531476231803
G33,G33__mom_12_1__top20__monthly__long_only,long_only,base,5.0,0.0,G00__mom_12_1__top20__monthly__long_only,delta_vs_same_scenario_G00,cagr,-0.04159163358434087
G33,G33__mom_12_1__top20__monthly__long_only,long_only,base,5.0,0.0,G00__mom_12_1__top20__monthly__long_only,delta_vs_same_scenario_G00,sharpe_excess_rf,-0.08065287397410037
G33,G33__mom_12_1__top20__monthly__long_only,long_only,base,5.0,0.0,G00__mom_12_1__top20__monthly__long_only,delta_vs_same_scenario_G00,max_drawdown,0.06358683396289916
G33,G33__mom_12_1__top20__monthly__long_only,long_only,base,5.0,0.0,G00__mom_12_1__top20__monthly__long_only,delta_vs_same_scenario_G00,annualized_volatility,-0.03941003311213359
G33,G33__mom_12_1__top20__monthly__long_only,long_only,base,5.0,0.0,G00__mom_12_1__top20__monthly__long_only,delta_vs_same_scenario_G00,annualized_l1_turnover,-0.33233531476231803
G33,G33__mom_12_1__top20__monthly__long_only,long_only,base,10.0,0.0,G00__mom_12_1__top20__monthly__long_only,delta_vs_same_scenario_G00,cagr,-0.041232801270707414
G33,G33__mom_12_1__top20__monthly__long_only,long_only,base,10.0,0.0,G00__mom_12_1__top20__monthly__long_only,delta_vs_same_scenario_G00,sharpe_excess_rf,-0.08208099528235391
G33,G33__mom_12_1__top20__monthly__long_only,long_only,base,10.0,0.0,G00__mom_12_1__top20__monthly__long_only,delta_vs_same_scenario_G00,max_drawdown,0.06337790410688654
G33,G33__mom_12_1__top20__monthly__long_only,long_only,base,10.0,0.0,G00__mom_12_1__top20__monthly__long_only,delta_vs_same_scenario_G00,annualized_volatility,-0.03941704501695492
G33,G33__mom_12_1__top20__monthly__long_only,long_only,base,10.0,0.0,G00__mom_12_1__top20__monthly__long_only,delta_vs_same_scenario_G00,annualized_l1_turnover,-0.33233531476231803
G33,G33__mom_12_1__top20__monthly__long_only,long_only,base,20.0,0.0,G00__mom_12_1__top20__monthly__long_only,delta_vs_same_scenario_G00,cagr,-0.040521077426865365
G33,G33__mom_12_1__top20__monthly__long_only,long_only,base,20.0,0.0,G00__mom_12_1__top20__monthly__long_only,delta_vs_same_scenario_G00,sharpe_excess_rf,-0.08494127881295244
G33,G33__mom_12_1__top20__monthly__long_only,long_only,base,20.0,0.0,G00__mom_12_1__top20__monthly__long_only,delta_vs_same_scenario_G00,max_drawdown,0.06295888961106288
G33,G33__mom_12_1__top20__monthly__long_only,long_only,base,20.0,0.0,G00__mom_12_1__top20__monthly__long_only,delta_vs_same_scenario_G00,annualized_volatility,-0.03943023736190354
G33,G33__mom_12_1__top20__monthly__long_only,long_only,base,20.0,0.0,G00__mom_12_1__top20__monthly__long_only,delta_vs_same_scenario_G00,annualized_l1_turnover,-0.3323353147623198
G33,G33__mom_12_1__top20__monthly__long_short,long_short,base,0.0,0.0,G00__mom_12_1__top20__monthly__long_short,delta_vs_same_scenario_G00,cagr,-0.003737085769214922
G33,G33__mom_12_1__top20__monthly__long_short,long_short,base,0.0,0.0,G00__mom_12_1__top20__monthly__long_short,delta_vs_same_scenario_G00,sharpe_excess_rf,-0.008175375291755549
G33,G33__mom_12_1__top20__monthly__long_short,long_short,base,0.0,0.0,G00__mom_12_1__top20__monthly__long_short,delta_vs_same_scenario_G00,max_drawdown,0.05388842702621155
G33,G33__mom_12_1__top20__monthly__long_short,long_short,base,0.0,0.0,G00__mom_12_1__top20__monthly__long_short,delta_vs_same_scenario_G00,annualized_volatility,-0.04303142230346754
G33,G33__mom_12_1__top20__monthly__long_short,long_short,base,0.0,0.0,G00__mom_12_1__top20__monthly__long_short,delta_vs_same_scenario_G00,annualized_l1_turnover,-0.4252112766847578
G33,G33__mom_12_1__top20__monthly__long_short,long_short,base,0.0,0.01,G00__mom_12_1__top20__monthly__long_short,delta_vs_same_scenario_G00,cagr,-0.0032582414538883386
G33,G33__mom_12_1__top20__monthly__long_short,long_short,base,0.0,0.01,G00__mom_12_1__top20__monthly__long_short,delta_vs_same_scenario_G00,sharpe_excess_rf,-0.012573576430969124
G33,G33__mom_12_1__top20__monthly__long_short,long_short,base,0.0,0.01,G00__mom_12_1__top20__monthly__long_short,delta_vs_same_scenario_G00,max_drawdown,0.054959210007504034
G33,G33__mom_12_1__top20__monthly__long_short,long_short,base,0.0,0.01,G00__mom_12_1__top20__monthly__long_short,delta_vs_same_scenario_G00,annualized_volatility,-0.04304478746496565
G33,G33__mom_12_1__top20__monthly__long_short,long_short,base,0.0,0.01,G00__mom_12_1__top20__monthly__long_short,delta_vs_same_scenario_G00,annualized_l1_turnover,-0.425607973672518
G33,G33__mom_12_1__top20__monthly__long_short,long_short,base,0.0,0.03,G00__mom_12_1__top20__monthly__long_short,delta_vs_same_scenario_G00,cagr,-0.002326768595125775
G33,G33__mom_12_1__top20__monthly__long_short,long_short,base,0.0,0.03,G00__mom_12_1__top20__monthly__long_short,delta_vs_same_scenario_G00,sharpe_excess_rf,-0.02124350122865709
G33,G33__mom_12_1__top20__monthly__long_short,long_short,base,0.0,0.03,G00__mom_12_1__top20__monthly__long_short,delta_vs_same_scenario_G00,max_drawdown,0.05700823035984359
G33,G33__mom_12_1__top20__monthly__long_short,long_short,base,0.0,0.03,G00__mom_12_1__top20__monthly__long_short,delta_vs_same_scenario_G00,annualized_volatility,-0.043071095275045324
G33,G33__mom_12_1__top20__monthly__long_short,long_short,base,0.0,0.03,G00__mom_12_1__top20__monthly__long_short,delta_vs_same_scenario_G00,annualized_l1_turnover,-0.4263962556534384
G33,G33__mom_12_1__top20__monthly__long_short,long_short,base,5.0,0.0,G00__mom_12_1__top20__monthly__long_short,delta_vs_same_scenario_G00,cagr,-0.0034985633150452014
G33,G33__mom_12_1__top20__monthly__long_short,long_short,base,5.0,0.0,G00__mom_12_1__top20__monthly__long_short,delta_vs_same_scenario_G00,sharpe_excess_rf,-0.012980044027336934
G33,G33__mom_12_1__top20__monthly__long_short,long_short,base,5.0,0.0,G00__mom_12_1__top20__monthly__long_short,delta_vs_same_scenario_G00,max_drawdown,0.05422615587531171
G33,G33__mom_12_1__top20__monthly__long_short,long_short,base,5.0,0.0,G00__mom_12_1__top20__monthly__long_short,delta_vs_same_scenario_G00,annualized_volatility,-0.04301899549585303
G33,G33__mom_12_1__top20__monthly__long_short,long_short,base,5.0,0.0,G00__mom_12_1__top20__monthly__long_short,delta_vs_same_scenario_G00,annualized_l1_turnover,-0.4252112766847578
G33,G33__mom_12_1__top20__monthly__long_short,long_short,base,5.0,0.01,G00__mom_12_1__top20__monthly__long_short,delta_vs_same_scenario_G00,cagr,-0.0030225632071842964
G33,G33__mom_12_1__top20__monthly__long_short,long_short,base,5.0,0.01,G00__mom_12_1__top20__monthly__long_short,delta_vs_same_scenario_G00,sharpe_excess_rf,-0.017376022906718802
G33,G33__mom_12_1__top20__monthly__long_short,long_short,base,5.0,0.01,G00__mom_12_1__top20__monthly__long_short,delta_vs_same_scenario_G00,max_drawdown,0.05528292468260676
G33,G33__mom_12_1__top20__monthly__long_short,long_short,base,5.0,0.01,G00__mom_12_1__top20__monthly__long_short,delta_vs_same_scenario_G00,annualized_volatility,-0.043032339019242
G33,G33__mom_12_1__top20__monthly__long_short,long_short,base,5.0,0.01,G00__mom_12_1__top20__monthly__long_short,delta_vs_same_scenario_G00,annualized_l1_turnover,-0.425607973672518
G33,G33__mom_12_1__top20__monthly__long_short,long_short,base,5.0,0.03,G00__mom_12_1__top20__monthly__long_short,delta_vs_same_scenario_G00,cagr,-0.0020966363763698925
G33,G33__mom_12_1__top20__monthly__long_short,long_short,base,5.0,0.03,G00__mom_12_1__top20__monthly__long_short,delta_vs_same_scenario_G00,sharpe_excess_rf,-0.026041541264016227
G33,G33__mom_12_1__top20__monthly__long_short,long_short,base,5.0,0.03,G00__mom_12_1__top20__monthly__long_short,delta_vs_same_scenario_G00,max_drawdown,0.05730490776453656
G33,G33__mom_12_1__top20__monthly__long_short,long_short,base,5.0,0.03,G00__mom_12_1__top20__monthly__long_short,delta_vs_same_scenario_G00,annualized_volatility,-0.043058604400477624
G33,G33__mom_12_1__top20__monthly__long_short,long_short,base,5.0,0.03,G00__mom_12_1__top20__monthly__long_short,delta_vs_same_scenario_G00,annualized_l1_turnover,-0.4263962556534384
G33,G33__mom_12_1__top20__monthly__long_short,long_short,base,10.0,0.0,G00__mom_12_1__top20__monthly__long_short,delta_vs_same_scenario_G00,cagr,-0.003261810110809449
G33,G33__mom_12_1__top20__monthly__long_short,long_short,base,10.0,0.0,G00__mom_12_1__top20__monthly__long_short,delta_vs_same_scenario_G00,sharpe_excess_rf,-0.017783753913075684
G33,G33__mom_12_1__top20__monthly__long_short,long_short,base,10.0,0.0,G00__mom_12_1__top20__monthly__long_short,delta_vs_same_scenario_G00,max_drawdown,0.05455566625796365
G33,G33__mom_12_1__top20__monthly__long_short,long_short,base,10.0,0.0,G00__mom_12_1__top20__monthly__long_short,delta_vs_same_scenario_G00,annualized_volatility,-0.043005176119765204
G33,G33__mom_12_1__top20__monthly__long_short,long_short,base,10.0,0.0,G00__mom_12_1__top20__monthly__long_short,delta_vs_same_scenario_G00,annualized_l1_turnover,-0.4252112766847578
G33,G33__mom_12_1__top20__monthly__long_short,long_short,base,10.0,0.01,G00__mom_12_1__top20__monthly__long_short,delta_vs_same_scenario_G00,cagr,-0.0027886405159233546
G33,G33__mom_12_1__top20__monthly__long_short,long_short,base,10.0,0.01,G00__mom_12_1__top20__monthly__long_short,delta_vs_same_scenario_G00,sharpe_excess_rf,-0.02217669686208837
G33,G33__mom_12_1__top20__monthly__long_short,long_short,base,10.0,0.01,G00__mom_12_1__top20__monthly__long_short,delta_vs_same_scenario_G00,max_drawdown,0.055598564328142974
G33,G33__mom_12_1__top20__monthly__long_short,long_short,base,10.0,0.01,G00__mom_12_1__top20__monthly__long_short,delta_vs_same_scenario_G00,annualized_volatility,-0.043018498040532316
G33,G33__mom_12_1__top20__monthly__long_short,long_short,base,10.0,0.01,G00__mom_12_1__top20__monthly__long_short,delta_vs_same_scenario_G00,annualized_l1_turnover,-0.425607973672518
G33,G33__mom_12_1__top20__monthly__long_short,long_short,base,10.0,0.03,G00__mom_12_1__top20__monthly__long_short,delta_vs_same_scenario_G00,cagr,-0.0018682329812613092
G33,G33__mom_12_1__top20__monthly__long_short,long_short,base,10.0,0.03,G00__mom_12_1__top20__monthly__long_short,delta_vs_same_scenario_G00,sharpe_excess_rf,-0.03083620518957103
G33,G33__mom_12_1__top20__monthly__long_short,long_short,base,10.0,0.03,G00__mom_12_1__top20__monthly__long_short,delta_vs_same_scenario_G00,max_drawdown,0.057593787756180015
G33,G33__mom_12_1__top20__monthly__long_short,long_short,base,10.0,0.03,G00__mom_12_1__top20__monthly__long_short,delta_vs_same_scenario_G00,annualized_volatility,-0.04304472106072796
G33,G33__mom_12_1__top20__monthly__long_short,long_short,base,10.0,0.03,G00__mom_12_1__top20__monthly__long_short,delta_vs_same_scenario_G00,annualized_l1_turnover,-0.4263962556534384
G33,G33__mom_12_1__top20__monthly__long_short,long_short,base,20.0,0.0,G00__mom_12_1__top20__monthly__long_short,delta_vs_same_scenario_G00,cagr,-0.002793575040815399
G33,G33__mom_12_1__top20__monthly__long_short,long_short,base,20.0,0.0,G00__mom_12_1__top20__monthly__long_short,delta_vs_same_scenario_G00,sharpe_excess_rf,-0.02737925853547643
G33,G33__mom_12_1__top20__monthly__long_short,long_short,base,20.0,0.0,G00__mom_12_1__top20__monthly__long_short,delta_vs_same_scenario_G00,max_drawdown,0.05519042445581107
G33,G33__mom_12_1__top20__monthly__long_short,long_short,base,20.0,0.0,G00__mom_12_1__top20__monthly__long_short,delta_vs_same_scenario_G00,annualized_volatility,-0.04297337131906637
G33,G33__mom_12_1__top20__monthly__long_short,long_short,base,20.0,0.0,G00__mom_12_1__top20__monthly__long_short,delta_vs_same_scenario_G00,annualized_l1_turnover,-0.4252112766847578
G33,G33__mom_12_1__top20__monthly__long_short,long_short,base,20.0,0.01,G00__mom_12_1__top20__monthly__long_short,delta_vs_same_scenario_G00,cagr,-0.0023260256115297945
G33,G33__mom_12_1__top20__monthly__long_short,long_short,base,20.0,0.01,G00__mom_12_1__top20__monthly__long_short,delta_vs_same_scenario_G00,sharpe_excess_rf,-0.03176369582038452
G33,G33__mom_12_1__top20__monthly__long_short,long_short,base,20.0,0.01,G00__mom_12_1__top20__monthly__long_short,delta_vs_same_scenario_G00,max_drawdown,0.05620600630247208
G33,G33__mom_12_1__top20__monthly__long_short,long_short,base,20.0,0.01,G00__mom_12_1__top20__monthly__long_short,delta_vs_same_scenario_G00,annualized_volatility,-0.04298665015895842
G33,G33__mom_12_1__top20__monthly__long_short,long_short,base,20.0,0.01,G00__mom_12_1__top20__monthly__long_short,delta_vs_same_scenario_G00,annualized_l1_turnover,-0.425607973672518
G33,G33__mom_12_1__top20__monthly__long_short,long_short,base,20.0,0.03,G00__mom_12_1__top20__monthly__long_short,delta_vs_same_scenario_G00,cagr,-0.0014165769095195145
G33,G33__mom_12_1__top20__monthly__long_short,long_short,base,20.0,0.03,G00__mom_12_1__top20__monthly__long_short,delta_vs_same_scenario_G00,sharpe_excess_rf,-0.040406387523219664
G33,G33__mom_12_1__top20__monthly__long_short,long_short,base,20.0,0.03,G00__mom_12_1__top20__monthly__long_short,delta_vs_same_scenario_G00,max_drawdown,0.05814853346342885
G33,G33__mom_12_1__top20__monthly__long_short,long_short,base,20.0,0.03,G00__mom_12_1__top20__monthly__long_short,delta_vs_same_scenario_G00,annualized_volatility,-0.0430127886956328
G33,G33__mom_12_1__top20__monthly__long_short,long_short,base,20.0,0.03,G00__mom_12_1__top20__monthly__long_short,delta_vs_same_scenario_G00,annualized_l1_turnover,-0.4263962556534384
G33,G33__mom_12_1__top20__weekly__long_only,long_only,base,0.0,0.0,G00__mom_12_1__top20__weekly__long_only,delta_vs_same_scenario_G00,cagr,-0.06361267320914774
G33,G33__mom_12_1__top20__weekly__long_only,long_only,base,0.0,0.0,G00__mom_12_1__top20__weekly__long_only,delta_vs_same_scenario_G00,sharpe_excess_rf,-0.13009311358198694
G33,G33__mom_12_1__top20__weekly__long_only,long_only,base,0.0,0.0,G00__mom_12_1__top20__weekly__long_only,delta_vs_same_scenario_G00,max_drawdown,0.12340361583339238
G33,G33__mom_12_1__top20__weekly__long_only,long_only,base,0.0,0.0,G00__mom_12_1__top20__weekly__long_only,delta_vs_same_scenario_G00,annualized_volatility,-0.04798311133376304
G33,G33__mom_12_1__top20__weekly__long_only,long_only,base,0.0,0.0,G00__mom_12_1__top20__weekly__long_only,delta_vs_same_scenario_G00,annualized_l1_turnover,0.030137548542981563
G33,G33__mom_12_1__top20__weekly__long_only,long_only,base,5.0,0.0,G00__mom_12_1__top20__weekly__long_only,delta_vs_same_scenario_G00,cagr,-0.06332815256200819
G33,G33__mom_12_1__top20__weekly__long_only,long_only,base,5.0,0.0,G00__mom_12_1__top20__weekly__long_only,delta_vs_same_scenario_G00,sharpe_excess_rf,-0.13331591864670667
G33,G33__mom_12_1__top20__weekly__long_only,long_only,base,5.0,0.0,G00__mom_12_1__top20__weekly__long_only,delta_vs_same_scenario_G00,max_drawdown,0.12328616060859515
G33,G33__mom_12_1__top20__weekly__long_only,long_only,base,5.0,0.0,G00__mom_12_1__top20__weekly__long_only,delta_vs_same_scenario_G00,annualized_volatility,-0.04795727663216029
G33,G33__mom_12_1__top20__weekly__long_only,long_only,base,5.0,0.0,G00__mom_12_1__top20__weekly__long_only,delta_vs_same_scenario_G00,annualized_l1_turnover,0.030137548542981563
G33,G33__mom_12_1__top20__weekly__long_only,long_only,base,10.0,0.0,G00__mom_12_1__top20__weekly__long_only,delta_vs_same_scenario_G00,cagr,-0.06304466666116451
G33,G33__mom_12_1__top20__weekly__long_only,long_only,base,10.0,0.0,G00__mom_12_1__top20__weekly__long_only,delta_vs_same_scenario_G00,sharpe_excess_rf,-0.13653442590230758
G33,G33__mom_12_1__top20__weekly__long_only,long_only,base,10.0,0.0,G00__mom_12_1__top20__weekly__long_only,delta_vs_same_scenario_G00,max_drawdown,0.12316878859082653
G33,G33__mom_12_1__top20__weekly__long_only,long_only,base,10.0,0.0,G00__mom_12_1__top20__weekly__long_only,delta_vs_same_scenario_G00,annualized_volatility,-0.047931126148537784
G33,G33__mom_12_1__top20__weekly__long_only,long_only,base,10.0,0.0,G00__mom_12_1__top20__weekly__long_only,delta_vs_same_scenario_G00,annualized_l1_turnover,0.030137548542981563
G33,G33__mom_12_1__top20__weekly__long_only,long_only,base,20.0,0.0,G00__mom_12_1__top20__weekly__long_only,delta_vs_same_scenario_G00,cagr,-0.06248078858882161
G33,G33__mom_12_1__top20__weekly__long_only,long_only,base,20.0,0.0,G00__mom_12_1__top20__weekly__long_only,delta_vs_same_scenario_G00,sharpe_excess_rf,-0.14295697192248813
G33,G33__mom_12_1__top20__weekly__long_only,long_only,base,20.0,0.0,G00__mom_12_1__top20__weekly__long_only,delta_vs_same_scenario_G00,max_drawdown,0.12293429409313006
G33,G33__mom_12_1__top20__weekly__long_only,long_only,base,20.0,0.0,G00__mom_12_1__top20__weekly__long_only,delta_vs_same_scenario_G00,annualized_volatility,-0.04787788472267182
G33,G33__mom_12_1__top20__weekly__long_only,long_only,base,20.0,0.0,G00__mom_12_1__top20__weekly__long_only,delta_vs_same_scenario_G00,annualized_l1_turnover,0.030137548542981563
G33,G33__mom_12_1__top20__weekly__long_short,long_short,base,0.0,0.0,G00__mom_12_1__top20__weekly__long_short,delta_vs_same_scenario_G00,cagr,5.0909886149017036e-05
G33,G33__mom_12_1__top20__weekly__long_short,long_short,base,0.0,0.0,G00__mom_12_1__top20__weekly__long_short,delta_vs_same_scenario_G00,sharpe_excess_rf,0.008586067988322538
G33,G33__mom_12_1__top20__weekly__long_short,long_short,base,0.0,0.0,G00__mom_12_1__top20__weekly__long_short,delta_vs_same_scenario_G00,max_drawdown,0.11279630486883407
G33,G33__mom_12_1__top20__weekly__long_short,long_short,base,0.0,0.0,G00__mom_12_1__top20__weekly__long_short,delta_vs_same_scenario_G00,annualized_volatility,-0.04177924954918058
G33,G33__mom_12_1__top20__weekly__long_short,long_short,base,0.0,0.0,G00__mom_12_1__top20__weekly__long_short,delta_vs_same_scenario_G00,annualized_l1_turnover,-0.5636073200668577
G33,G33__mom_12_1__top20__weekly__long_short,long_short,base,0.0,0.01,G00__mom_12_1__top20__weekly__long_short,delta_vs_same_scenario_G00,cagr,0.000505105162799363
G33,G33__mom_12_1__top20__weekly__long_short,long_short,base,0.0,0.01,G00__mom_12_1__top20__weekly__long_short,delta_vs_same_scenario_G00,sharpe_excess_rf,0.004433998373247705
G33,G33__mom_12_1__top20__weekly__long_short,long_short,base,0.0,0.01,G00__mom_12_1__top20__weekly__long_short,delta_vs_same_scenario_G00,max_drawdown,0.11223159499292257
G33,G33__mom_12_1__top20__weekly__long_short,long_short,base,0.0,0.01,G00__mom_12_1__top20__weekly__long_short,delta_vs_same_scenario_G00,annualized_volatility,-0.041783475569340534
G33,G33__mom_12_1__top20__weekly__long_short,long_short,base,0.0,0.01,G00__mom_12_1__top20__weekly__long_short,delta_vs_same_scenario_G00,annualized_l1_turnover,-0.5638046681508104
G33,G33__mom_12_1__top20__weekly__long_short,long_short,base,0.0,0.03,G00__mom_12_1__top20__weekly__long_short,delta_vs_same_scenario_G00,cagr,0.0013878192600691869
G33,G33__mom_12_1__top20__weekly__long_short,long_short,base,0.0,0.03,G00__mom_12_1__top20__weekly__long_short,delta_vs_same_scenario_G00,sharpe_excess_rf,-0.0037491418083597516
G33,G33__mom_12_1__top20__weekly__long_short,long_short,base,0.0,0.03,G00__mom_12_1__top20__weekly__long_short,delta_vs_same_scenario_G00,max_drawdown,0.11159140426488001
G33,G33__mom_12_1__top20__weekly__long_short,long_short,base,0.0,0.03,G00__mom_12_1__top20__weekly__long_short,delta_vs_same_scenario_G00,annualized_volatility,-0.04179174233797253
G33,G33__mom_12_1__top20__weekly__long_short,long_short,base,0.0,0.03,G00__mom_12_1__top20__weekly__long_short,delta_vs_same_scenario_G00,annualized_l1_turnover,-0.5641955179787992
G33,G33__mom_12_1__top20__weekly__long_short,long_short,base,5.0,0.0,G00__mom_12_1__top20__weekly__long_short,delta_vs_same_scenario_G00,cagr,0.0003451560710557508
G33,G33__mom_12_1__top20__weekly__long_short,long_short,base,5.0,0.0,G00__mom_12_1__top20__weekly__long_short,delta_vs_same_scenario_G00,sharpe_excess_rf,0.0030785399245618905
G33,G33__mom_12_1__top20__weekly__long_short,long_short,base,5.0,0.0,G00__mom_12_1__top20__weekly__long_short,delta_vs_same_scenario_G00,max_drawdown,0.11191916527633139
G33,G33__mom_12_1__top20__weekly__long_short,long_short,base,5.0,0.0,G00__mom_12_1__top20__weekly__long_short,delta_vs_same_scenario_G00,annualized_volatility,-0.04179976233610824
G33,G33__mom_12_1__top20__weekly__long_short,long_short,base,5.0,0.0,G00__mom_12_1__top20__weekly__long_short,delta_vs_same_scenario_G00,annualized_l1_turnover,-0.5636073200668577
G33,G33__mom_12_1__top20__weekly__long_short,long_short,base,5.0,0.01,G00__mom_12_1__top20__weekly__long_short,delta_vs_same_scenario_G00,cagr,0.0007957520028941262
G33,G33__mom_12_1__top20__weekly__long_short,long_short,base,5.0,0.01,G00__mom_12_1__top20__weekly__long_short,delta_vs_same_scenario_G00,sharpe_excess_rf,-0.0010746258601071201
G33,G33__mom_12_1__top20__weekly__long_short,long_short,base,5.0,0.01,G00__mom_12_1__top20__weekly__long_short,delta_vs_same_scenario_G00,max_drawdown,0.11160312991696353
G33,G33__mom_12_1__top20__weekly__long_short,long_short,base,5.0,0.01,G00__mom_12_1__top20__weekly__long_short,delta_vs_same_scenario_G00,annualized_volatility,-0.04180397592741705
G33,G33__mom_12_1__top20__weekly__long_short,long_short,base,5.0,0.01,G00__mom_12_1__top20__weekly__long_short,delta_vs_same_scenario_G00,annualized_l1_turnover,-0.5638046681508104
G33,G33__mom_12_1__top20__weekly__long_short,long_short,base,5.0,0.03,G00__mom_12_1__top20__weekly__long_short,delta_vs_same_scenario_G00,cagr,0.0016714516815171318
G33,G33__mom_12_1__top20__weekly__long_short,long_short,base,5.0,0.03,G00__mom_12_1__top20__weekly__long_short,delta_vs_same_scenario_G00,sharpe_excess_rf,-0.009259903209917292
G33,G33__mom_12_1__top20__weekly__long_short,long_short,base,5.0,0.03,G00__mom_12_1__top20__weekly__long_short,delta_vs_same_scenario_G00,max_drawdown,0.11094871825679509
G33,G33__mom_12_1__top20__weekly__long_short,long_short,base,5.0,0.03,G00__mom_12_1__top20__weekly__long_short,delta_vs_same_scenario_G00,annualized_volatility,-0.041812218261159606
G33,G33__mom_12_1__top20__weekly__long_short,long_short,base,5.0,0.03,G00__mom_12_1__top20__weekly__long_short,delta_vs_same_scenario_G00,annualized_l1_turnover,-0.5641955179787992
G33,G33__mom_12_1__top20__weekly__long_short,long_short,base,10.0,0.0,G00__mom_12_1__top20__weekly__long_short,delta_vs_same_scenario_G00,cagr,0.0006365577962408886
G33,G33__mom_12_1__top20__weekly__long_short,long_short,base,10.0,0.0,G00__mom_12_1__top20__weekly__long_short,delta_vs_same_scenario_G00,sharpe_excess_rf,-0.0024338166953041807
G33,G33__mom_12_1__top20__weekly__long_short,long_short,base,10.0,0.0,G00__mom_12_1__top20__weekly__long_short,delta_vs_same_scenario_G00,max_drawdown,0.11129393409336785
G33,G33__mom_12_1__top20__weekly__long_short,long_short,base,10.0,0.0,G00__mom_12_1__top20__weekly__long_short,delta_vs_same_scenario_G00,annualized_volatility,-0.041819134469181035
G33,G33__mom_12_1__top20__weekly__long_short,long_short,base,10.0,0.0,G00__mom_12_1__top20__weekly__long_short,delta_vs_same_scenario_G00,annualized_l1_turnover,-0.5636073200668577
G33,G33__mom_12_1__top20__weekly__long_short,long_short,base,10.0,0.01,G00__mom_12_1__top20__weekly__long_short,delta_vs_same_scenario_G00,cagr,0.0010835777215294704
G33,G33__mom_12_1__top20__weekly__long_short,long_short,base,10.0,0.01,G00__mom_12_1__top20__weekly__long_short,delta_vs_same_scenario_G00,sharpe_excess_rf,-0.006587404626940754
G33,G33__mom_12_1__top20__weekly__long_short,long_short,base,10.0,0.01,G00__mom_12_1__top20__weekly__long_short,delta_vs_same_scenario_G00,max_drawdown,0.11097050285161292
G33,G33__mom_12_1__top20__weekly__long_short,long_short,base,10.0,0.01,G00__mom_12_1__top20__weekly__long_short,delta_vs_same_scenario_G00,annualized_volatility,-0.04182333565978605
G33,G33__mom_12_1__top20__weekly__long_short,long_short,base,10.0,0.01,G00__mom_12_1__top20__weekly__long_short,delta_vs_same_scenario_G00,annualized_l1_turnover,-0.5638046681508104
G33,G33__mom_12_1__top20__weekly__long_short,long_short,base,10.0,0.03,G00__mom_12_1__top20__weekly__long_short,delta_vs_same_scenario_G00,cagr,0.0019523085174879724
G33,G33__mom_12_1__top20__weekly__long_short,long_short,base,10.0,0.03,G00__mom_12_1__top20__weekly__long_short,delta_vs_same_scenario_G00,sharpe_excess_rf,-0.014773491117213211
G33,G33__mom_12_1__top20__weekly__long_short,long_short,base,10.0,0.03,G00__mom_12_1__top20__weekly__long_short,delta_vs_same_scenario_G00,max_drawdown,0.11030237662903908
G33,G33__mom_12_1__top20__weekly__long_short,long_short,base,10.0,0.03,G00__mom_12_1__top20__weekly__long_short,delta_vs_same_scenario_G00,annualized_volatility,-0.04183155361626109
G33,G33__mom_12_1__top20__weekly__long_short,long_short,base,10.0,0.03,G00__mom_12_1__top20__weekly__long_short,delta_vs_same_scenario_G00,annualized_l1_turnover,-0.5641955179787992
G33,G33__mom_12_1__top20__weekly__long_short,long_short,base,20.0,0.0,G00__mom_12_1__top20__weekly__long_short,delta_vs_same_scenario_G00,cagr,0.0012109055851368643
G33,G33__mom_12_1__top20__weekly__long_short,long_short,base,20.0,0.0,G00__mom_12_1__top20__weekly__long_short,delta_vs_same_scenario_G00,sharpe_excess_rf,-0.013463881158288574
G33,G33__mom_12_1__top20__weekly__long_short,long_short,base,20.0,0.0,G00__mom_12_1__top20__weekly__long_short,delta_vs_same_scenario_G00,max_drawdown,0.11003111071745342
G33,G33__mom_12_1__top20__weekly__long_short,long_short,base,20.0,0.0,G00__mom_12_1__top20__weekly__long_short,delta_vs_same_scenario_G00,annualized_volatility,-0.04185445528715637
G33,G33__mom_12_1__top20__weekly__long_short,long_short,base,20.0,0.0,G00__mom_12_1__top20__weekly__long_short,delta_vs_same_scenario_G00,annualized_l1_turnover,-0.5636073200668577
G33,G33__mom_12_1__top20__weekly__long_short,long_short,base,20.0,0.01,G00__mom_12_1__top20__weekly__long_short,delta_vs_same_scenario_G00,cagr,0.0016508429828825943
G33,G33__mom_12_1__top20__weekly__long_short,long_short,base,20.0,0.01,G00__mom_12_1__top20__weekly__long_short,delta_vs_same_scenario_G00,sharpe_excess_rf,-0.01761629533116308
G33,G33__mom_12_1__top20__weekly__long_short,long_short,base,20.0,0.01,G00__mom_12_1__top20__weekly__long_short,delta_vs_same_scenario_G00,max_drawdown,0.10969366287867599
G33,G33__mom_12_1__top20__weekly__long_short,long_short,base,20.0,0.01,G00__mom_12_1__top20__weekly__long_short,delta_vs_same_scenario_G00,annualized_volatility,-0.04185863177141666
G33,G33__mom_12_1__top20__weekly__long_short,long_short,base,20.0,0.01,G00__mom_12_1__top20__weekly__long_short,delta_vs_same_scenario_G00,annualized_l1_turnover,-0.5638046681508104
G33,G33__mom_12_1__top20__weekly__long_short,long_short,base,20.0,0.03,G00__mom_12_1__top20__weekly__long_short,delta_vs_same_scenario_G00,cagr,0.0025057715881766657
G33,G33__mom_12_1__top20__weekly__long_short,long_short,base,20.0,0.03,G00__mom_12_1__top20__weekly__long_short,delta_vs_same_scenario_G00,sharpe_excess_rf,-0.02580002396482666
G33,G33__mom_12_1__top20__weekly__long_short,long_short,base,20.0,0.03,G00__mom_12_1__top20__weekly__long_short,delta_vs_same_scenario_G00,max_drawdown,0.10899958318470537
G33,G33__mom_12_1__top20__weekly__long_short,long_short,base,20.0,0.03,G00__mom_12_1__top20__weekly__long_short,delta_vs_same_scenario_G00,annualized_volatility,-0.041866801167073225
G33,G33__mom_12_1__top20__weekly__long_short,long_short,base,20.0,0.03,G00__mom_12_1__top20__weekly__long_short,delta_vs_same_scenario_G00,annualized_l1_turnover,-0.5641955179787992
G33,G33__mom_12_1__top50__monthly__long_only,long_only,base,0.0,0.0,G00__mom_12_1__top50__monthly__long_only,delta_vs_same_scenario_G00,cagr,-0.029815650729934084
G33,G33__mom_12_1__top50__monthly__long_only,long_only,base,0.0,0.0,G00__mom_12_1__top50__monthly__long_only,delta_vs_same_scenario_G00,sharpe_excess_rf,-0.060158248209027265
G33,G33__mom_12_1__top50__monthly__long_only,long_only,base,0.0,0.0,G00__mom_12_1__top50__monthly__long_only,delta_vs_same_scenario_G00,max_drawdown,0.08007399179980851
G33,G33__mom_12_1__top50__monthly__long_only,long_only,base,0.0,0.0,G00__mom_12_1__top50__monthly__long_only,delta_vs_same_scenario_G00,annualized_volatility,-0.03235732974114816
G33,G33__mom_12_1__top50__monthly__long_only,long_only,base,0.0,0.0,G00__mom_12_1__top50__monthly__long_only,delta_vs_same_scenario_G00,annualized_l1_turnover,-0.2099309072052158
G33,G33__mom_12_1__top50__monthly__long_only,long_only,base,5.0,0.0,G00__mom_12_1__top50__monthly__long_only,delta_vs_same_scenario_G00,cagr,-0.029583351168738448
G33,G33__mom_12_1__top50__monthly__long_only,long_only,base,5.0,0.0,G00__mom_12_1__top50__monthly__long_only,delta_vs_same_scenario_G00,sharpe_excess_rf,-0.06210561968070649
G33,G33__mom_12_1__top50__monthly__long_only,long_only,base,5.0,0.0,G00__mom_12_1__top50__monthly__long_only,delta_vs_same_scenario_G00,max_drawdown,0.0800090982885509
G33,G33__mom_12_1__top50__monthly__long_only,long_only,base,5.0,0.0,G00__mom_12_1__top50__monthly__long_only,delta_vs_same_scenario_G00,annualized_volatility,-0.03236732477062168
G33,G33__mom_12_1__top50__monthly__long_only,long_only,base,5.0,0.0,G00__mom_12_1__top50__monthly__long_only,delta_vs_same_scenario_G00,annualized_l1_turnover,-0.2099309072052158
G33,G33__mom_12_1__top50__monthly__long_only,long_only,base,10.0,0.0,G00__mom_12_1__top50__monthly__long_only,delta_vs_same_scenario_G00,cagr,-0.029352267373800645
G33,G33__mom_12_1__top50__monthly__long_only,long_only,base,10.0,0.0,G00__mom_12_1__top50__monthly__long_only,delta_vs_same_scenario_G00,sharpe_excess_rf,-0.0640568071582982
G33,G33__mom_12_1__top50__monthly__long_only,long_only,base,10.0,0.0,G00__mom_12_1__top50__monthly__long_only,delta_vs_same_scenario_G00,max_drawdown,0.07994420477729319
G33,G33__mom_12_1__top50__monthly__long_only,long_only,base,10.0,0.0,G00__mom_12_1__top50__monthly__long_only,delta_vs_same_scenario_G00,annualized_volatility,-0.032376810082170554
G33,G33__mom_12_1__top50__monthly__long_only,long_only,base,10.0,0.0,G00__mom_12_1__top50__monthly__long_only,delta_vs_same_scenario_G00,annualized_l1_turnover,-0.2099309072052158
G33,G33__mom_12_1__top50__monthly__long_only,long_only,base,20.0,0.0,G00__mom_12_1__top50__monthly__long_only,delta_vs_same_scenario_G00,cagr,-0.028893726718740992
G33,G33__mom_12_1__top50__monthly__long_only,long_only,base,20.0,0.0,G00__mom_12_1__top50__monthly__long_only,delta_vs_same_scenario_G00,sharpe_excess_rf,-0.0679689188986573
G33,G33__mom_12_1__top50__monthly__long_only,long_only,base,20.0,0.0,G00__mom_12_1__top50__monthly__long_only,delta_vs_same_scenario_G00,max_drawdown,0.07981441775477788
G33,G33__mom_12_1__top50__monthly__long_only,long_only,base,20.0,0.0,G00__mom_12_1__top50__monthly__long_only,delta_vs_same_scenario_G00,annualized_volatility,-0.032394248374682105
G33,G33__mom_12_1__top50__monthly__long_only,long_only,base,20.0,0.0,G00__mom_12_1__top50__monthly__long_only,delta_vs_same_scenario_G00,annualized_l1_turnover,-0.2099309072052158
G33,G33__mom_12_1__top50__monthly__long_short,long_short,base,0.0,0.0,G00__mom_12_1__top50__monthly__long_short,delta_vs_same_scenario_G00,cagr,0.003093587221749551
G33,G33__mom_12_1__top50__monthly__long_short,long_short,base,0.0,0.0,G00__mom_12_1__top50__monthly__long_short,delta_vs_same_scenario_G00,sharpe_excess_rf,0.0419819478581725
G33,G33__mom_12_1__top50__monthly__long_short,long_short,base,0.0,0.0,G00__mom_12_1__top50__monthly__long_short,delta_vs_same_scenario_G00,max_drawdown,0.04894120701715987
G33,G33__mom_12_1__top50__monthly__long_short,long_short,base,0.0,0.0,G00__mom_12_1__top50__monthly__long_short,delta_vs_same_scenario_G00,annualized_volatility,-0.031066591879080188
G33,G33__mom_12_1__top50__monthly__long_short,long_short,base,0.0,0.0,G00__mom_12_1__top50__monthly__long_short,delta_vs_same_scenario_G00,annualized_l1_turnover,-0.3242946920975278
G33,G33__mom_12_1__top50__monthly__long_short,long_short,base,0.0,0.01,G00__mom_12_1__top50__monthly__long_short,delta_vs_same_scenario_G00,cagr,0.0035008448220349223
G33,G33__mom_12_1__top50__monthly__long_short,long_short,base,0.0,0.01,G00__mom_12_1__top50__monthly__long_short,delta_vs_same_scenario_G00,sharpe_excess_rf,0.036397868640540926
G33,G33__mom_12_1__top50__monthly__long_short,long_short,base,0.0,0.01,G00__mom_12_1__top50__monthly__long_short,delta_vs_same_scenario_G00,max_drawdown,0.050050788355540665
G33,G33__mom_12_1__top50__monthly__long_short,long_short,base,0.0,0.01,G00__mom_12_1__top50__monthly__long_short,delta_vs_same_scenario_G00,annualized_volatility,-0.031076167290202808
G33,G33__mom_12_1__top50__monthly__long_short,long_short,base,0.0,0.01,G00__mom_12_1__top50__monthly__long_short,delta_vs_same_scenario_G00,annualized_l1_turnover,-0.32466843364917786
G33,G33__mom_12_1__top50__monthly__long_short,long_short,base,0.0,0.03,G00__mom_12_1__top50__monthly__long_short,delta_vs_same_scenario_G00,cagr,0.0042926331723884895
G33,G33__mom_12_1__top50__monthly__long_short,long_short,base,0.0,0.03,G00__mom_12_1__top50__monthly__long_short,delta_vs_same_scenario_G00,sharpe_excess_rf,0.0253900583026931
G33,G33__mom_12_1__top50__monthly__long_short,long_short,base,0.0,0.03,G00__mom_12_1__top50__monthly__long_short,delta_vs_same_scenario_G00,max_drawdown,0.052177315138159486
G33,G33__mom_12_1__top50__monthly__long_short,long_short,base,0.0,0.03,G00__mom_12_1__top50__monthly__long_short,delta_vs_same_scenario_G00,annualized_volatility,-0.031094981033629468
G33,G33__mom_12_1__top50__monthly__long_short,long_short,base,0.0,0.03,G00__mom_12_1__top50__monthly__long_short,delta_vs_same_scenario_G00,annualized_l1_turnover,-0.3254162633402471
G33,G33__mom_12_1__top50__monthly__long_short,long_short,base,5.0,0.0,G00__mom_12_1__top50__monthly__long_short,delta_vs_same_scenario_G00,cagr,0.0032515711690993057
G33,G33__mom_12_1__top50__monthly__long_short,long_short,base,5.0,0.0,G00__mom_12_1__top50__monthly__long_short,delta_vs_same_scenario_G00,sharpe_excess_rf,0.036535833697850156
G33,G33__mom_12_1__top50__monthly__long_short,long_short,base,5.0,0.0,G00__mom_12_1__top50__monthly__long_short,delta_vs_same_scenario_G00,max_drawdown,0.04906563518639223
G33,G33__mom_12_1__top50__monthly__long_short,long_short,base,5.0,0.0,G00__mom_12_1__top50__monthly__long_short,delta_vs_same_scenario_G00,annualized_volatility,-0.031056835107652905
G33,G33__mom_12_1__top50__monthly__long_short,long_short,base,5.0,0.0,G00__mom_12_1__top50__monthly__long_short,delta_vs_same_scenario_G00,annualized_l1_turnover,-0.3242946920975278
G33,G33__mom_12_1__top50__monthly__long_short,long_short,base,5.0,0.01,G00__mom_12_1__top50__monthly__long_short,delta_vs_same_scenario_G00,cagr,0.0036567032988848586
G33,G33__mom_12_1__top50__monthly__long_short,long_short,base,5.0,0.01,G00__mom_12_1__top50__monthly__long_short,delta_vs_same_scenario_G00,sharpe_excess_rf,0.030954271721116033
G33,G33__mom_12_1__top50__monthly__long_short,long_short,base,5.0,0.01,G00__mom_12_1__top50__monthly__long_short,delta_vs_same_scenario_G00,max_drawdown,0.05016524963315078
G33,G33__mom_12_1__top50__monthly__long_short,long_short,base,5.0,0.01,G00__mom_12_1__top50__monthly__long_short,delta_vs_same_scenario_G00,annualized_volatility,-0.03106638812851828
G33,G33__mom_12_1__top50__monthly__long_short,long_short,base,5.0,0.01,G00__mom_12_1__top50__monthly__long_short,delta_vs_same_scenario_G00,annualized_l1_turnover,-0.32466843364917786
G33,G33__mom_12_1__top50__monthly__long_short,long_short,base,5.0,0.03,G00__mom_12_1__top50__monthly__long_short,delta_vs_same_scenario_G00,cagr,0.004444351436135422
G33,G33__mom_12_1__top50__monthly__long_short,long_short,base,5.0,0.03,G00__mom_12_1__top50__monthly__long_short,delta_vs_same_scenario_G00,sharpe_excess_rf,0.01995149013855696
G33,G33__mom_12_1__top50__monthly__long_short,long_short,base,5.0,0.03,G00__mom_12_1__top50__monthly__long_short,delta_vs_same_scenario_G00,max_drawdown,0.05227255838587069
G33,G33__mom_12_1__top50__monthly__long_short,long_short,base,5.0,0.03,G00__mom_12_1__top50__monthly__long_short,delta_vs_same_scenario_G00,annualized_volatility,-0.031085157790600546
G33,G33__mom_12_1__top50__monthly__long_short,long_short,base,5.0,0.03,G00__mom_12_1__top50__monthly__long_short,delta_vs_same_scenario_G00,annualized_l1_turnover,-0.3254162633402471
G33,G33__mom_12_1__top50__monthly__long_short,long_short,base,10.0,0.0,G00__mom_12_1__top50__monthly__long_short,delta_vs_same_scenario_G00,cagr,0.0034084269908412346
G33,G33__mom_12_1__top50__monthly__long_short,long_short,base,10.0,0.0,G00__mom_12_1__top50__monthly__long_short,delta_vs_same_scenario_G00,sharpe_excess_rf,0.03108642573184542
G33,G33__mom_12_1__top50__monthly__long_short,long_short,base,10.0,0.0,G00__mom_12_1__top50__monthly__long_short,delta_vs_same_scenario_G00,max_drawdown,0.04918657994765302
G33,G33__mom_12_1__top50__monthly__long_short,long_short,base,10.0,0.0,G00__mom_12_1__top50__monthly__long_short,delta_vs_same_scenario_G00,annualized_volatility,-0.031045566294443813
G33,G33__mom_12_1__top50__monthly__long_short,long_short,base,10.0,0.0,G00__mom_12_1__top50__monthly__long_short,delta_vs_same_scenario_G00,annualized_l1_turnover,-0.3242946920975278
G33,G33__mom_12_1__top50__monthly__long_short,long_short,base,10.0,0.01,G00__mom_12_1__top50__monthly__long_short,delta_vs_same_scenario_G00,cagr,0.0038114427260236283
G33,G33__mom_12_1__top50__monthly__long_short,long_short,base,10.0,0.01,G00__mom_12_1__top50__monthly__long_short,delta_vs_same_scenario_G00,sharpe_excess_rf,0.025508805048721814
G33,G33__mom_12_1__top50__monthly__long_short,long_short,base,10.0,0.01,G00__mom_12_1__top50__monthly__long_short,delta_vs_same_scenario_G00,max_drawdown,0.050276304102572
G33,G33__mom_12_1__top50__monthly__long_short,long_short,base,10.0,0.01,G00__mom_12_1__top50__monthly__long_short,delta_vs_same_scenario_G00,annualized_volatility,-0.03105509693516198
G33,G33__mom_12_1__top50__monthly__long_short,long_short,base,10.0,0.01,G00__mom_12_1__top50__monthly__long_short,delta_vs_same_scenario_G00,annualized_l1_turnover,-0.32466843364917786
G33,G33__mom_12_1__top50__monthly__long_short,long_short,base,10.0,0.03,G00__mom_12_1__top50__monthly__long_short,delta_vs_same_scenario_G00,cagr,0.004594968341139507
G33,G33__mom_12_1__top50__monthly__long_short,long_short,base,10.0,0.03,G00__mom_12_1__top50__monthly__long_short,delta_vs_same_scenario_G00,sharpe_excess_rf,0.014513858930837925
G33,G33__mom_12_1__top50__monthly__long_short,long_short,base,10.0,0.03,G00__mom_12_1__top50__monthly__long_short,delta_vs_same_scenario_G00,max_drawdown,0.0521704133670145
G33,G33__mom_12_1__top50__monthly__long_short,long_short,base,10.0,0.03,G00__mom_12_1__top50__monthly__long_short,delta_vs_same_scenario_G00,annualized_volatility,-0.031073822542965507
G33,G33__mom_12_1__top50__monthly__long_short,long_short,base,10.0,0.03,G00__mom_12_1__top50__monthly__long_short,delta_vs_same_scenario_G00,annualized_l1_turnover,-0.3254162633402453
G33,G33__mom_12_1__top50__monthly__long_short,long_short,base,20.0,0.0,G00__mom_12_1__top50__monthly__long_short,delta_vs_same_scenario_G00,cagr,0.0037187755657366595
G33,G33__mom_12_1__top50__monthly__long_short,long_short,base,20.0,0.0,G00__mom_12_1__top50__monthly__long_short,delta_vs_same_scenario_G00,sharpe_excess_rf,0.020191797497007946
G33,G33__mom_12_1__top50__monthly__long_short,long_short,base,20.0,0.0,G00__mom_12_1__top50__monthly__long_short,delta_vs_same_scenario_G00,max_drawdown,0.04941816278922162
G33,G33__mom_12_1__top50__monthly__long_short,long_short,base,20.0,0.0,G00__mom_12_1__top50__monthly__long_short,delta_vs_same_scenario_G00,annualized_volatility,-0.03101850424521653
G33,G33__mom_12_1__top50__monthly__long_short,long_short,base,20.0,0.0,G00__mom_12_1__top50__monthly__long_short,delta_vs_same_scenario_G00,annualized_l1_turnover,-0.3242946920975278
G33,G33__mom_12_1__top50__monthly__long_short,long_short,base,20.0,0.01,G00__mom_12_1__top50__monthly__long_short,delta_vs_same_scenario_G00,cagr,0.004117585607859055
G33,G33__mom_12_1__top50__monthly__long_short,long_short,base,20.0,0.01,G00__mom_12_1__top50__monthly__long_short,delta_vs_same_scenario_G00,sharpe_excess_rf,0.014626319794772809
G33,G33__mom_12_1__top50__monthly__long_short,long_short,base,20.0,0.01,G00__mom_12_1__top50__monthly__long_short,delta_vs_same_scenario_G00,max_drawdown,0.050518807472544724
G33,G33__mom_12_1__top50__monthly__long_short,long_short,base,20.0,0.01,G00__mom_12_1__top50__monthly__long_short,delta_vs_same_scenario_G00,annualized_volatility,-0.0310279901809479
G33,G33__mom_12_1__top50__monthly__long_short,long_short,base,20.0,0.01,G00__mom_12_1__top50__monthly__long_short,delta_vs_same_scenario_G00,annualized_l1_turnover,-0.32466843364917963
G33,G33__mom_12_1__top50__monthly__long_short,long_short,base,20.0,0.03,G00__mom_12_1__top50__monthly__long_short,delta_vs_same_scenario_G00,cagr,0.004892918995122394
G33,G33__mom_12_1__top50__monthly__long_short,long_short,base,20.0,0.03,G00__mom_12_1__top50__monthly__long_short,delta_vs_same_scenario_G00,sharpe_excess_rf,0.0036554414927053667
G33,G33__mom_12_1__top50__monthly__long_short,long_short,base,20.0,0.03,G00__mom_12_1__top50__monthly__long_short,delta_vs_same_scenario_G00,max_drawdown,0.05235929388262506
G33,G33__mom_12_1__top50__monthly__long_short,long_short,base,20.0,0.03,G00__mom_12_1__top50__monthly__long_short,delta_vs_same_scenario_G00,annualized_volatility,-0.031046627810590074
G33,G33__mom_12_1__top50__monthly__long_short,long_short,base,20.0,0.03,G00__mom_12_1__top50__monthly__long_short,delta_vs_same_scenario_G00,annualized_l1_turnover,-0.3254162633402471
G33,G33__mom_12_1__top50__weekly__long_only,long_only,base,0.0,0.0,G00__mom_12_1__top50__weekly__long_only,delta_vs_same_scenario_G00,cagr,-0.03872157382656666
G33,G33__mom_12_1__top50__weekly__long_only,long_only,base,0.0,0.0,G00__mom_12_1__top50__weekly__long_only,delta_vs_same_scenario_G00,sharpe_excess_rf,-0.09893444269511487
G33,G33__mom_12_1__top50__weekly__long_only,long_only,base,0.0,0.0,G00__mom_12_1__top50__weekly__long_only,delta_vs_same_scenario_G00,max_drawdown,0.11641403582566567
G33,G33__mom_12_1__top50__weekly__long_only,long_only,base,0.0,0.0,G00__mom_12_1__top50__weekly__long_only,delta_vs_same_scenario_G00,annualized_volatility,-0.0383320083514502
G33,G33__mom_12_1__top50__weekly__long_only,long_only,base,0.0,0.0,G00__mom_12_1__top50__weekly__long_only,delta_vs_same_scenario_G00,annualized_l1_turnover,0.13154315021354712
G33,G33__mom_12_1__top50__weekly__long_only,long_only,base,5.0,0.0,G00__mom_12_1__top50__weekly__long_only,delta_vs_same_scenario_G00,cagr,-0.03862514357889443
G33,G33__mom_12_1__top50__weekly__long_only,long_only,base,5.0,0.0,G00__mom_12_1__top50__weekly__long_only,delta_vs_same_scenario_G00,sharpe_excess_rf,-0.10289659966326631
G33,G33__mom_12_1__top50__weekly__long_only,long_only,base,5.0,0.0,G00__mom_12_1__top50__weekly__long_only,delta_vs_same_scenario_G00,max_drawdown,0.11628582761327722
G33,G33__mom_12_1__top50__weekly__long_only,long_only,base,5.0,0.0,G00__mom_12_1__top50__weekly__long_only,delta_vs_same_scenario_G00,annualized_volatility,-0.03831443770762419
G33,G33__mom_12_1__top50__weekly__long_only,long_only,base,5.0,0.0,G00__mom_12_1__top50__weekly__long_only,delta_vs_same_scenario_G00,annualized_l1_turnover,0.13154315021354712
G33,G33__mom_12_1__top50__weekly__long_only,long_only,base,10.0,0.0,G00__mom_12_1__top50__weekly__long_only,delta_vs_same_scenario_G00,cagr,-0.03852868158877509
G33,G33__mom_12_1__top50__weekly__long_only,long_only,base,10.0,0.0,G00__mom_12_1__top50__weekly__long_only,delta_vs_same_scenario_G00,sharpe_excess_rf,-0.10685486046526688
G33,G33__mom_12_1__top50__weekly__long_only,long_only,base,10.0,0.0,G00__mom_12_1__top50__weekly__long_only,delta_vs_same_scenario_G00,max_drawdown,0.1161577058577275
G33,G33__mom_12_1__top50__weekly__long_only,long_only,base,10.0,0.0,G00__mom_12_1__top50__weekly__long_only,delta_vs_same_scenario_G00,annualized_volatility,-0.03829637997237856
G33,G33__mom_12_1__top50__weekly__long_only,long_only,base,10.0,0.0,G00__mom_12_1__top50__weekly__long_only,delta_vs_same_scenario_G00,annualized_l1_turnover,0.13154315021354712
G33,G33__mom_12_1__top50__weekly__long_only,long_only,base,20.0,0.0,G00__mom_12_1__top50__weekly__long_only,delta_vs_same_scenario_G00,cagr,-0.03833567174687655
G33,G33__mom_12_1__top50__weekly__long_only,long_only,base,20.0,0.0,G00__mom_12_1__top50__weekly__long_only,delta_vs_same_scenario_G00,sharpe_excess_rf,-0.11475702701921947
G33,G33__mom_12_1__top50__weekly__long_only,long_only,base,20.0,0.0,G00__mom_12_1__top50__weekly__long_only,delta_vs_same_scenario_G00,max_drawdown,0.11590172163420515
G33,G33__mom_12_1__top50__weekly__long_only,long_only,base,20.0,0.0,G00__mom_12_1__top50__weekly__long_only,delta_vs_same_scenario_G00,annualized_volatility,-0.03825881005530335
G33,G33__mom_12_1__top50__weekly__long_only,long_only,base,20.0,0.0,G00__mom_12_1__top50__weekly__long_only,delta_vs_same_scenario_G00,annualized_l1_turnover,0.13154315021354712
G33,G33__mom_12_1__top50__weekly__long_short,long_short,base,0.0,0.0,G00__mom_12_1__top50__weekly__long_short,delta_vs_same_scenario_G00,cagr,0.008956765258005372
G33,G33__mom_12_1__top50__weekly__long_short,long_short,base,0.0,0.0,G00__mom_12_1__top50__weekly__long_short,delta_vs_same_scenario_G00,sharpe_excess_rf,0.06336637901410336
G33,G33__mom_12_1__top50__weekly__long_short,long_short,base,0.0,0.0,G00__mom_12_1__top50__weekly__long_short,delta_vs_same_scenario_G00,max_drawdown,0.11500878820992988
G33,G33__mom_12_1__top50__weekly__long_short,long_short,base,0.0,0.0,G00__mom_12_1__top50__weekly__long_short,delta_vs_same_scenario_G00,annualized_volatility,-0.03335309497847749
G33,G33__mom_12_1__top50__weekly__long_short,long_short,base,0.0,0.0,G00__mom_12_1__top50__weekly__long_short,delta_vs_same_scenario_G00,annualized_l1_turnover,-0.41391683339614005
G33,G33__mom_12_1__top50__weekly__long_short,long_short,base,0.0,0.01,G00__mom_12_1__top50__weekly__long_short,delta_vs_same_scenario_G00,cagr,0.009369113509528255
G33,G33__mom_12_1__top50__weekly__long_short,long_short,base,0.0,0.01,G00__mom_12_1__top50__weekly__long_short,delta_vs_same_scenario_G00,sharpe_excess_rf,0.057553465124250476
G33,G33__mom_12_1__top50__weekly__long_short,long_short,base,0.0,0.01,G00__mom_12_1__top50__weekly__long_short,delta_vs_same_scenario_G00,max_drawdown,0.1158120976332826
G33,G33__mom_12_1__top50__weekly__long_short,long_short,base,0.0,0.01,G00__mom_12_1__top50__weekly__long_short,delta_vs_same_scenario_G00,annualized_volatility,-0.03335716604057992
G33,G33__mom_12_1__top50__weekly__long_short,long_short,base,0.0,0.01,G00__mom_12_1__top50__weekly__long_short,delta_vs_same_scenario_G00,annualized_l1_turnover,-0.41419081517905454
G33,G33__mom_12_1__top50__weekly__long_short,long_short,base,0.0,0.03,G00__mom_12_1__top50__weekly__long_short,delta_vs_same_scenario_G00,cagr,0.01016992757119288
G33,G33__mom_12_1__top50__weekly__long_short,long_short,base,0.0,0.03,G00__mom_12_1__top50__weekly__long_short,delta_vs_same_scenario_G00,sharpe_excess_rf,0.04609617604956977
G33,G33__mom_12_1__top50__weekly__long_short,long_short,base,0.0,0.03,G00__mom_12_1__top50__weekly__long_short,delta_vs_same_scenario_G00,max_drawdown,0.11735935858410074
G33,G33__mom_12_1__top50__weekly__long_short,long_short,base,0.0,0.03,G00__mom_12_1__top50__weekly__long_short,delta_vs_same_scenario_G00,annualized_volatility,-0.03336510489338561
G33,G33__mom_12_1__top50__weekly__long_short,long_short,base,0.0,0.03,G00__mom_12_1__top50__weekly__long_short,delta_vs_same_scenario_G00,annualized_l1_turnover,-0.4147341639167479
G33,G33__mom_12_1__top50__weekly__long_short,long_short,base,5.0,0.0,G00__mom_12_1__top50__weekly__long_short,delta_vs_same_scenario_G00,cagr,0.009130332602327984
G33,G33__mom_12_1__top50__weekly__long_short,long_short,base,5.0,0.0,G00__mom_12_1__top50__weekly__long_short,delta_vs_same_scenario_G00,sharpe_excess_rf,0.0563050042914125
G33,G33__mom_12_1__top50__weekly__long_short,long_short,base,5.0,0.0,G00__mom_12_1__top50__weekly__long_short,delta_vs_same_scenario_G00,max_drawdown,0.11541890810175587
G33,G33__mom_12_1__top50__weekly__long_short,long_short,base,5.0,0.0,G00__mom_12_1__top50__weekly__long_short,delta_vs_same_scenario_G00,annualized_volatility,-0.03337679266580415
G33,G33__mom_12_1__top50__weekly__long_short,long_short,base,5.0,0.0,G00__mom_12_1__top50__weekly__long_short,delta_vs_same_scenario_G00,annualized_l1_turnover,-0.4139168333961418
G33,G33__mom_12_1__top50__weekly__long_short,long_short,base,5.0,0.01,G00__mom_12_1__top50__weekly__long_short,delta_vs_same_scenario_G00,cagr,0.009539968614290791
G33,G33__mom_12_1__top50__weekly__long_short,long_short,base,5.0,0.01,G00__mom_12_1__top50__weekly__long_short,delta_vs_same_scenario_G00,sharpe_excess_rf,0.050489718973249435
G33,G33__mom_12_1__top50__weekly__long_short,long_short,base,5.0,0.01,G00__mom_12_1__top50__weekly__long_short,delta_vs_same_scenario_G00,max_drawdown,0.11621234998474617
G33,G33__mom_12_1__top50__weekly__long_short,long_short,base,5.0,0.01,G00__mom_12_1__top50__weekly__long_short,delta_vs_same_scenario_G00,annualized_volatility,-0.03338085091344847
G33,G33__mom_12_1__top50__weekly__long_short,long_short,base,5.0,0.01,G00__mom_12_1__top50__weekly__long_short,delta_vs_same_scenario_G00,annualized_l1_turnover,-0.41419081517905454
G33,G33__mom_12_1__top50__weekly__long_short,long_short,base,5.0,0.03,G00__mom_12_1__top50__weekly__long_short,delta_vs_same_scenario_G00,cagr,0.010335500914841443
G33,G33__mom_12_1__top50__weekly__long_short,long_short,base,5.0,0.03,G00__mom_12_1__top50__weekly__long_short,delta_vs_same_scenario_G00,sharpe_excess_rf,0.03902781326492476
G33,G33__mom_12_1__top50__weekly__long_short,long_short,base,5.0,0.03,G00__mom_12_1__top50__weekly__long_short,delta_vs_same_scenario_G00,max_drawdown,0.11496575022213507
G33,G33__mom_12_1__top50__weekly__long_short,long_short,base,5.0,0.03,G00__mom_12_1__top50__weekly__long_short,delta_vs_same_scenario_G00,annualized_volatility,-0.03338876454817473
G33,G33__mom_12_1__top50__weekly__long_short,long_short,base,5.0,0.03,G00__mom_12_1__top50__weekly__long_short,delta_vs_same_scenario_G00,annualized_l1_turnover,-0.4147341639167479
G33,G33__mom_12_1__top50__weekly__long_short,long_short,base,10.0,0.0,G00__mom_12_1__top50__weekly__long_short,delta_vs_same_scenario_G00,cagr,0.00930226834747665
G33,G33__mom_12_1__top50__weekly__long_short,long_short,base,10.0,0.0,G00__mom_12_1__top50__weekly__long_short,delta_vs_same_scenario_G00,sharpe_excess_rf,0.04923461844062314
G33,G33__mom_12_1__top50__weekly__long_short,long_short,base,10.0,0.0,G00__mom_12_1__top50__weekly__long_short,delta_vs_same_scenario_G00,max_drawdown,0.11582102049994614
G33,G33__mom_12_1__top50__weekly__long_short,long_short,base,10.0,0.0,G00__mom_12_1__top50__weekly__long_short,delta_vs_same_scenario_G00,annualized_volatility,-0.03339919831273751
G33,G33__mom_12_1__top50__weekly__long_short,long_short,base,10.0,0.0,G00__mom_12_1__top50__weekly__long_short,delta_vs_same_scenario_G00,annualized_l1_turnover,-0.4139168333961418
G33,G33__mom_12_1__top50__weekly__long_short,long_short,base,10.0,0.01,G00__mom_12_1__top50__weekly__long_short,delta_vs_same_scenario_G00,cagr,0.009709207063440875
G33,G33__mom_12_1__top50__weekly__long_short,long_short,base,10.0,0.01,G00__mom_12_1__top50__weekly__long_short,delta_vs_same_scenario_G00,sharpe_excess_rf,0.04341822790152326
G33,G33__mom_12_1__top50__weekly__long_short,long_short,base,10.0,0.01,G00__mom_12_1__top50__weekly__long_short,delta_vs_same_scenario_G00,max_drawdown,0.11660467677234332
G33,G33__mom_12_1__top50__weekly__long_short,long_short,base,10.0,0.01,G00__mom_12_1__top50__weekly__long_short,delta_vs_same_scenario_G00,annualized_volatility,-0.03340324372283861
G33,G33__mom_12_1__top50__weekly__long_short,long_short,base,10.0,0.01,G00__mom_12_1__top50__weekly__long_short,delta_vs_same_scenario_G00,annualized_l1_turnover,-0.41419081517905276
G33,G33__mom_12_1__top50__weekly__long_short,long_short,base,10.0,0.03,G00__mom_12_1__top50__weekly__long_short,delta_vs_same_scenario_G00,cagr,0.010499486740175631
G33,G33__mom_12_1__top50__weekly__long_short,long_short,base,10.0,0.03,G00__mom_12_1__top50__weekly__long_short,delta_vs_same_scenario_G00,sharpe_excess_rf,0.031954200520886294
G33,G33__mom_12_1__top50__weekly__long_short,long_short,base,10.0,0.03,G00__mom_12_1__top50__weekly__long_short,delta_vs_same_scenario_G00,max_drawdown,0.11450048435200322
G33,G33__mom_12_1__top50__weekly__long_short,long_short,base,10.0,0.03,G00__mom_12_1__top50__weekly__long_short,delta_vs_same_scenario_G00,annualized_volatility,-0.033411132098331395
G33,G33__mom_12_1__top50__weekly__long_short,long_short,base,10.0,0.03,G00__mom_12_1__top50__weekly__long_short,delta_vs_same_scenario_G00,annualized_l1_turnover,-0.4147341639167479
G33,G33__mom_12_1__top50__weekly__long_short,long_short,base,20.0,0.0,G00__mom_12_1__top50__weekly__long_short,delta_vs_same_scenario_G00,cagr,0.009641285209933048
G33,G33__mom_12_1__top50__weekly__long_short,long_short,base,20.0,0.0,G00__mom_12_1__top50__weekly__long_short,delta_vs_same_scenario_G00,sharpe_excess_rf,0.03508213237693965
G33,G33__mom_12_1__top50__weekly__long_short,long_short,base,20.0,0.0,G00__mom_12_1__top50__weekly__long_short,delta_vs_same_scenario_G00,max_drawdown,0.11477521046467343
G33,G33__mom_12_1__top50__weekly__long_short,long_short,base,20.0,0.0,G00__mom_12_1__top50__weekly__long_short,delta_vs_same_scenario_G00,annualized_volatility,-0.03344013024904606
G33,G33__mom_12_1__top50__weekly__long_short,long_short,base,20.0,0.0,G00__mom_12_1__top50__weekly__long_short,delta_vs_same_scenario_G00,annualized_l1_turnover,-0.4139168333961418
G33,G33__mom_12_1__top50__weekly__long_short,long_short,base,20.0,0.01,G00__mom_12_1__top50__weekly__long_short,delta_vs_same_scenario_G00,cagr,0.0100428738743548
G33,G33__mom_12_1__top50__weekly__long_short,long_short,base,20.0,0.01,G00__mom_12_1__top50__weekly__long_short,delta_vs_same_scenario_G00,sharpe_excess_rf,0.029267321619637438
G33,G33__mom_12_1__top50__weekly__long_short,long_short,base,20.0,0.01,G00__mom_12_1__top50__weekly__long_short,delta_vs_same_scenario_G00,max_drawdown,0.11376935250628273
G33,G33__mom_12_1__top50__weekly__long_short,long_short,base,20.0,0.01,G00__mom_12_1__top50__weekly__long_short,delta_vs_same_scenario_G00,annualized_volatility,-0.033444149930004025
G33,G33__mom_12_1__top50__weekly__long_short,long_short,base,20.0,0.01,G00__mom_12_1__top50__weekly__long_short,delta_vs_same_scenario_G00,annualized_l1_turnover,-0.41419081517905276
G33,G33__mom_12_1__top50__weekly__long_short,long_short,base,20.0,0.03,G00__mom_12_1__top50__weekly__long_short,delta_vs_same_scenario_G00,cagr,0.010822735149070594
G33,G33__mom_12_1__top50__weekly__long_short,long_short,base,20.0,0.03,G00__mom_12_1__top50__weekly__long_short,delta_vs_same_scenario_G00,sharpe_excess_rf,0.017806519105575708
G33,G33__mom_12_1__top50__weekly__long_short,long_short,base,20.0,0.03,G00__mom_12_1__top50__weekly__long_short,delta_vs_same_scenario_G00,max_drawdown,0.11355287894965277
G33,G33__mom_12_1__top50__weekly__long_short,long_short,base,20.0,0.03,G00__mom_12_1__top50__weekly__long_short,delta_vs_same_scenario_G00,annualized_volatility,-0.03345198769337794
G33,G33__mom_12_1__top50__weekly__long_short,long_short,base,20.0,0.03,G00__mom_12_1__top50__weekly__long_short,delta_vs_same_scenario_G00,annualized_l1_turnover,-0.4147341639167479
G33,G33__mom_255_0__top10__monthly__long_only,long_only,base,0.0,0.0,G00__mom_255_0__top10__monthly__long_only,delta_vs_same_scenario_G00,cagr,-0.03865807911991109
G33,G33__mom_255_0__top10__monthly__long_only,long_only,base,0.0,0.0,G00__mom_255_0__top10__monthly__long_only,delta_vs_same_scenario_G00,sharpe_excess_rf,-0.05394418027827297
G33,G33__mom_255_0__top10__monthly__long_only,long_only,base,0.0,0.0,G00__mom_255_0__top10__monthly__long_only,delta_vs_same_scenario_G00,max_drawdown,0.07508070246436827
G33,G33__mom_255_0__top10__monthly__long_only,long_only,base,0.0,0.0,G00__mom_255_0__top10__monthly__long_only,delta_vs_same_scenario_G00,annualized_volatility,-0.037090599400591506
G33,G33__mom_255_0__top10__monthly__long_only,long_only,base,0.0,0.0,G00__mom_255_0__top10__monthly__long_only,delta_vs_same_scenario_G00,annualized_l1_turnover,-0.27254789997846984
G33,G33__mom_255_0__top10__monthly__long_only,long_only,base,5.0,0.0,G00__mom_255_0__top10__monthly__long_only,delta_vs_same_scenario_G00,cagr,-0.03833001865966018
G33,G33__mom_255_0__top10__monthly__long_only,long_only,base,5.0,0.0,G00__mom_255_0__top10__monthly__long_only,delta_vs_same_scenario_G00,sharpe_excess_rf,-0.05502321500170604
G33,G33__mom_255_0__top10__monthly__long_only,long_only,base,5.0,0.0,G00__mom_255_0__top10__monthly__long_only,delta_vs_same_scenario_G00,max_drawdown,0.07472667080911555
G33,G33__mom_255_0__top10__monthly__long_only,long_only,base,5.0,0.0,G00__mom_255_0__top10__monthly__long_only,delta_vs_same_scenario_G00,annualized_volatility,-0.03709795268791094
G33,G33__mom_255_0__top10__monthly__long_only,long_only,base,5.0,0.0,G00__mom_255_0__top10__monthly__long_only,delta_vs_same_scenario_G00,annualized_l1_turnover,-0.27254789997846984
G33,G33__mom_255_0__top10__monthly__long_only,long_only,base,10.0,0.0,G00__mom_255_0__top10__monthly__long_only,delta_vs_same_scenario_G00,cagr,-0.03800380765658806
G33,G33__mom_255_0__top10__monthly__long_only,long_only,base,10.0,0.0,G00__mom_255_0__top10__monthly__long_only,delta_vs_same_scenario_G00,sharpe_excess_rf,-0.05610392241546047
G33,G33__mom_255_0__top10__monthly__long_only,long_only,base,10.0,0.0,G00__mom_255_0__top10__monthly__long_only,delta_vs_same_scenario_G00,max_drawdown,0.07437221725197429
G33,G33__mom_255_0__top10__monthly__long_only,long_only,base,10.0,0.0,G00__mom_255_0__top10__monthly__long_only,delta_vs_same_scenario_G00,annualized_volatility,-0.037105121109182404
G33,G33__mom_255_0__top10__monthly__long_only,long_only,base,10.0,0.0,G00__mom_255_0__top10__monthly__long_only,delta_vs_same_scenario_G00,annualized_l1_turnover,-0.27254789997846984
G33,G33__mom_255_0__top10__monthly__long_only,long_only,base,20.0,0.0,G00__mom_255_0__top10__monthly__long_only,delta_vs_same_scenario_G00,cagr,-0.03735690093254801
G33,G33__mom_255_0__top10__monthly__long_only,long_only,base,20.0,0.0,G00__mom_255_0__top10__monthly__long_only,delta_vs_same_scenario_G00,sharpe_excess_rf,-0.05826979284842293
G33,G33__mom_255_0__top10__monthly__long_only,long_only,base,20.0,0.0,G00__mom_255_0__top10__monthly__long_only,delta_vs_same_scenario_G00,max_drawdown,0.07366219856061473
G33,G33__mom_255_0__top10__monthly__long_only,long_only,base,20.0,0.0,G00__mom_255_0__top10__monthly__long_only,delta_vs_same_scenario_G00,annualized_volatility,-0.037118901635731893
G33,G33__mom_255_0__top10__monthly__long_only,long_only,base,20.0,0.0,G00__mom_255_0__top10__monthly__long_only,delta_vs_same_scenario_G00,annualized_l1_turnover,-0.27254789997846984
G33,G33__mom_255_0__top10__monthly__long_short,long_short,base,0.0,0.0,G00__mom_255_0__top10__monthly__long_short,delta_vs_same_scenario_G00,cagr,-0.005460653765354484
G33,G33__mom_255_0__top10__monthly__long_short,long_short,base,0.0,0.0,G00__mom_255_0__top10__monthly__long_short,delta_vs_same_scenario_G00,sharpe_excess_rf,-0.04337716230143451
G33,G33__mom_255_0__top10__monthly__long_short,long_short,base,0.0,0.0,G00__mom_255_0__top10__monthly__long_short,delta_vs_same_scenario_G00,max_drawdown,0.05359995827338415
G33,G33__mom_255_0__top10__monthly__long_short,long_short,base,0.0,0.0,G00__mom_255_0__top10__monthly__long_short,delta_vs_same_scenario_G00,annualized_volatility,-0.052692784675194115
G33,G33__mom_255_0__top10__monthly__long_short,long_short,base,0.0,0.0,G00__mom_255_0__top10__monthly__long_short,delta_vs_same_scenario_G00,annualized_l1_turnover,-0.5133701961749466
G33,G33__mom_255_0__top10__monthly__long_short,long_short,base,0.0,0.01,G00__mom_255_0__top10__monthly__long_short,delta_vs_same_scenario_G00,cagr,-0.004992775353854055
G33,G33__mom_255_0__top10__monthly__long_short,long_short,base,0.0,0.01,G00__mom_255_0__top10__monthly__long_short,delta_vs_same_scenario_G00,sharpe_excess_rf,-0.04677091812588653
G33,G33__mom_255_0__top10__monthly__long_short,long_short,base,0.0,0.01,G00__mom_255_0__top10__monthly__long_short,delta_vs_same_scenario_G00,max_drawdown,0.05392001404775426
G33,G33__mom_255_0__top10__monthly__long_short,long_short,base,0.0,0.01,G00__mom_255_0__top10__monthly__long_short,delta_vs_same_scenario_G00,annualized_volatility,-0.0527131757447076
G33,G33__mom_255_0__top10__monthly__long_short,long_short,base,0.0,0.01,G00__mom_255_0__top10__monthly__long_short,delta_vs_same_scenario_G00,annualized_l1_turnover,-0.5137735592498647
G33,G33__mom_255_0__top10__monthly__long_short,long_short,base,0.0,0.03,G00__mom_255_0__top10__monthly__long_short,delta_vs_same_scenario_G00,cagr,-0.004082556415686712
G33,G33__mom_255_0__top10__monthly__long_short,long_short,base,0.0,0.03,G00__mom_255_0__top10__monthly__long_short,delta_vs_same_scenario_G00,sharpe_excess_rf,-0.05346199533054231
G33,G33__mom_255_0__top10__monthly__long_short,long_short,base,0.0,0.03,G00__mom_255_0__top10__monthly__long_short,delta_vs_same_scenario_G00,max_drawdown,0.05446564661043629
G33,G33__mom_255_0__top10__monthly__long_short,long_short,base,0.0,0.03,G00__mom_255_0__top10__monthly__long_short,delta_vs_same_scenario_G00,annualized_volatility,-0.05275338298389601
G33,G33__mom_255_0__top10__monthly__long_short,long_short,base,0.0,0.03,G00__mom_255_0__top10__monthly__long_short,delta_vs_same_scenario_G00,annualized_l1_turnover,-0.514579500427244
G33,G33__mom_255_0__top10__monthly__long_short,long_short,base,5.0,0.0,G00__mom_255_0__top10__monthly__long_short,delta_vs_same_scenario_G00,cagr,-0.005171362967948984
G33,G33__mom_255_0__top10__monthly__long_short,long_short,base,5.0,0.0,G00__mom_255_0__top10__monthly__long_short,delta_vs_same_scenario_G00,sharpe_excess_rf,-0.04720016093841538
G33,G33__mom_255_0__top10__monthly__long_short,long_short,base,5.0,0.0,G00__mom_255_0__top10__monthly__long_short,delta_vs_same_scenario_G00,max_drawdown,0.05345163354614557
G33,G33__mom_255_0__top10__monthly__long_short,long_short,base,5.0,0.0,G00__mom_255_0__top10__monthly__long_short,delta_vs_same_scenario_G00,annualized_volatility,-0.052668786772860854
G33,G33__mom_255_0__top10__monthly__long_short,long_short,base,5.0,0.0,G00__mom_255_0__top10__monthly__long_short,delta_vs_same_scenario_G00,annualized_l1_turnover,-0.5133701961749466
G33,G33__mom_255_0__top10__monthly__long_short,long_short,base,5.0,0.01,G00__mom_255_0__top10__monthly__long_short,delta_vs_same_scenario_G00,cagr,-0.004706648428061767
G33,G33__mom_255_0__top10__monthly__long_short,long_short,base,5.0,0.01,G00__mom_255_0__top10__monthly__long_short,delta_vs_same_scenario_G00,sharpe_excess_rf,-0.0505921716865457
G33,G33__mom_255_0__top10__monthly__long_short,long_short,base,5.0,0.01,G00__mom_255_0__top10__monthly__long_short,delta_vs_same_scenario_G00,max_drawdown,0.053751164752065206
G33,G33__mom_255_0__top10__monthly__long_short,long_short,base,5.0,0.01,G00__mom_255_0__top10__monthly__long_short,delta_vs_same_scenario_G00,annualized_volatility,-0.05268913781088458
G33,G33__mom_255_0__top10__monthly__long_short,long_short,base,5.0,0.01,G00__mom_255_0__top10__monthly__long_short,delta_vs_same_scenario_G00,annualized_l1_turnover,-0.5137735592498647
G33,G33__mom_255_0__top10__monthly__long_short,long_short,base,5.0,0.03,G00__mom_255_0__top10__monthly__long_short,delta_vs_same_scenario_G00,cagr,-0.0038025982497451177
G33,G33__mom_255_0__top10__monthly__long_short,long_short,base,5.0,0.03,G00__mom_255_0__top10__monthly__long_short,delta_vs_same_scenario_G00,sharpe_excess_rf,-0.05727977786092461
G33,G33__mom_255_0__top10__monthly__long_short,long_short,base,5.0,0.03,G00__mom_255_0__top10__monthly__long_short,delta_vs_same_scenario_G00,max_drawdown,0.05425861076467853
G33,G33__mom_255_0__top10__monthly__long_short,long_short,base,5.0,0.03,G00__mom_255_0__top10__monthly__long_short,delta_vs_same_scenario_G00,annualized_volatility,-0.05272926570276687
G33,G33__mom_255_0__top10__monthly__long_short,long_short,base,5.0,0.03,G00__mom_255_0__top10__monthly__long_short,delta_vs_same_scenario_G00,annualized_l1_turnover,-0.5145795004272475
G33,G33__mom_255_0__top10__monthly__long_short,long_short,base,10.0,0.0,G00__mom_255_0__top10__monthly__long_short,delta_vs_same_scenario_G00,cagr,-0.004884367393773032
G33,G33__mom_255_0__top10__monthly__long_short,long_short,base,10.0,0.0,G00__mom_255_0__top10__monthly__long_short,delta_vs_same_scenario_G00,sharpe_excess_rf,-0.05101908380730395
G33,G33__mom_255_0__top10__monthly__long_short,long_short,base,10.0,0.0,G00__mom_255_0__top10__monthly__long_short,delta_vs_same_scenario_G00,max_drawdown,0.05329112896546784
G33,G33__mom_255_0__top10__monthly__long_short,long_short,base,10.0,0.0,G00__mom_255_0__top10__monthly__long_short,delta_vs_same_scenario_G00,annualized_volatility,-0.052643675879809226
G33,G33__mom_255_0__top10__monthly__long_short,long_short,base,10.0,0.0,G00__mom_255_0__top10__monthly__long_short,delta_vs_same_scenario_G00,annualized_l1_turnover,-0.5133701961749466
G33,G33__mom_255_0__top10__monthly__long_short,long_short,base,10.0,0.01,G00__mom_255_0__top10__monthly__long_short,delta_vs_same_scenario_G00,cagr,-0.004422799825519283
G33,G33__mom_255_0__top10__monthly__long_short,long_short,base,10.0,0.01,G00__mom_255_0__top10__monthly__long_short,delta_vs_same_scenario_G00,sharpe_excess_rf,-0.054408900440397555
G33,G33__mom_255_0__top10__monthly__long_short,long_short,base,10.0,0.01,G00__mom_255_0__top10__monthly__long_short,delta_vs_same_scenario_G00,max_drawdown,0.05357075683099999
G33,G33__mom_255_0__top10__monthly__long_short,long_short,base,10.0,0.01,G00__mom_255_0__top10__monthly__long_short,delta_vs_same_scenario_G00,annualized_volatility,-0.052663986927898865
G33,G33__mom_255_0__top10__monthly__long_short,long_short,base,10.0,0.01,G00__mom_255_0__top10__monthly__long_short,delta_vs_same_scenario_G00,annualized_l1_turnover,-0.5137735592498647
G33,G33__mom_255_0__top10__monthly__long_short,long_short,base,10.0,0.03,G00__mom_255_0__top10__monthly__long_short,delta_vs_same_scenario_G00,cagr,-0.00352488542504417
G33,G33__mom_255_0__top10__monthly__long_short,long_short,base,10.0,0.03,G00__mom_255_0__top10__monthly__long_short,delta_vs_same_scenario_G00,sharpe_excess_rf,-0.061092150422725026
G33,G33__mom_255_0__top10__monthly__long_short,long_short,base,10.0,0.03,G00__mom_255_0__top10__monthly__long_short,delta_vs_same_scenario_G00,max_drawdown,0.05404118818227377
G33,G33__mom_255_0__top10__monthly__long_short,long_short,base,10.0,0.03,G00__mom_255_0__top10__monthly__long_short,delta_vs_same_scenario_G00,annualized_volatility,-0.05270403556372133
G33,G33__mom_255_0__top10__monthly__long_short,long_short,base,10.0,0.03,G00__mom_255_0__top10__monthly__long_short,delta_vs_same_scenario_G00,annualized_l1_turnover,-0.5145795004272475
G33,G33__mom_255_0__top10__monthly__long_short,long_short,base,20.0,0.0,G00__mom_255_0__top10__monthly__long_short,delta_vs_same_scenario_G00,cagr,-0.0043172111047220275
G33,G33__mom_255_0__top10__monthly__long_short,long_short,base,20.0,0.0,G00__mom_255_0__top10__monthly__long_short,delta_vs_same_scenario_G00,sharpe_excess_rf,-0.05863943108375454
G33,G33__mom_255_0__top10__monthly__long_short,long_short,base,20.0,0.0,G00__mom_255_0__top10__monthly__long_short,delta_vs_same_scenario_G00,max_drawdown,0.05293545245147924
G33,G33__mom_255_0__top10__monthly__long_short,long_short,base,20.0,0.0,G00__mom_255_0__top10__monthly__long_short,delta_vs_same_scenario_G00,annualized_volatility,-0.05259012601227481
G33,G33__mom_255_0__top10__monthly__long_short,long_short,base,20.0,0.0,G00__mom_255_0__top10__monthly__long_short,delta_vs_same_scenario_G00,annualized_l1_turnover,-0.5133701961749466
G33,G33__mom_255_0__top10__monthly__long_short,long_short,base,20.0,0.01,G00__mom_255_0__top10__monthly__long_short,delta_vs_same_scenario_G00,cagr,-0.0038618870820285485
G33,G33__mom_255_0__top10__monthly__long_short,long_short,base,20.0,0.01,G00__mom_255_0__top10__monthly__long_short,delta_vs_same_scenario_G00,sharpe_excess_rf,-0.06202351535748543
G33,G33__mom_255_0__top10__monthly__long_short,long_short,base,20.0,0.01,G00__mom_255_0__top10__monthly__long_short,delta_vs_same_scenario_G00,max_drawdown,0.05317707702987606
G33,G33__mom_255_0__top10__monthly__long_short,long_short,base,20.0,0.01,G00__mom_255_0__top10__monthly__long_short,delta_vs_same_scenario_G00,annualized_volatility,-0.052610357223753956
G33,G33__mom_255_0__top10__monthly__long_short,long_short,base,20.0,0.01,G00__mom_255_0__top10__monthly__long_short,delta_vs_same_scenario_G00,annualized_l1_turnover,-0.5137735592498647
G33,G33__mom_255_0__top10__monthly__long_short,long_short,base,20.0,0.03,G00__mom_255_0__top10__monthly__long_short,delta_vs_same_scenario_G00,cagr,-0.002976145881281576
G33,G33__mom_255_0__top10__monthly__long_short,long_short,base,20.0,0.03,G00__mom_255_0__top10__monthly__long_short,delta_vs_same_scenario_G00,sharpe_excess_rf,-0.06869540337322708
G33,G33__mom_255_0__top10__monthly__long_short,long_short,base,20.0,0.03,G00__mom_255_0__top10__monthly__long_short,delta_vs_same_scenario_G00,max_drawdown,0.053576880336268395
G33,G33__mom_255_0__top10__monthly__long_short,long_short,base,20.0,0.03,G00__mom_255_0__top10__monthly__long_short,delta_vs_same_scenario_G00,annualized_volatility,-0.05265024765800591
G33,G33__mom_255_0__top10__monthly__long_short,long_short,base,20.0,0.03,G00__mom_255_0__top10__monthly__long_short,delta_vs_same_scenario_G00,annualized_l1_turnover,-0.5145795004272458
G33,G33__mom_255_0__top10__weekly__long_only,long_only,base,0.0,0.0,G00__mom_255_0__top10__weekly__long_only,delta_vs_same_scenario_G00,cagr,-0.05910247816718153
G33,G33__mom_255_0__top10__weekly__long_only,long_only,base,0.0,0.0,G00__mom_255_0__top10__weekly__long_only,delta_vs_same_scenario_G00,sharpe_excess_rf,-0.12230882574271351
G33,G33__mom_255_0__top10__weekly__long_only,long_only,base,0.0,0.0,G00__mom_255_0__top10__weekly__long_only,delta_vs_same_scenario_G00,max_drawdown,0.05924158719702055
G33,G33__mom_255_0__top10__weekly__long_only,long_only,base,0.0,0.0,G00__mom_255_0__top10__weekly__long_only,delta_vs_same_scenario_G00,annualized_volatility,-0.04494990546890948
G33,G33__mom_255_0__top10__weekly__long_only,long_only,base,0.0,0.0,G00__mom_255_0__top10__weekly__long_only,delta_vs_same_scenario_G00,annualized_l1_turnover,-0.7956807184586978
G33,G33__mom_255_0__top10__weekly__long_only,long_only,base,5.0,0.0,G00__mom_255_0__top10__weekly__long_only,delta_vs_same_scenario_G00,cagr,-0.058090115016986965
G33,G33__mom_255_0__top10__weekly__long_only,long_only,base,5.0,0.0,G00__mom_255_0__top10__weekly__long_only,delta_vs_same_scenario_G00,sharpe_excess_rf,-0.12536769552528576
G33,G33__mom_255_0__top10__weekly__long_only,long_only,base,5.0,0.0,G00__mom_255_0__top10__weekly__long_only,delta_vs_same_scenario_G00,max_drawdown,0.06543367862509769
G33,G33__mom_255_0__top10__weekly__long_only,long_only,base,5.0,0.0,G00__mom_255_0__top10__weekly__long_only,delta_vs_same_scenario_G00,annualized_volatility,-0.04495244542717808
G33,G33__mom_255_0__top10__weekly__long_only,long_only,base,5.0,0.0,G00__mom_255_0__top10__weekly__long_only,delta_vs_same_scenario_G00,annualized_l1_turnover,-0.7956807184586978
G33,G33__mom_255_0__top10__weekly__long_only,long_only,base,10.0,0.0,G00__mom_255_0__top10__weekly__long_only,delta_vs_same_scenario_G00,cagr,-0.0570910657780718
G33,G33__mom_255_0__top10__weekly__long_only,long_only,base,10.0,0.0,G00__mom_255_0__top10__weekly__long_only,delta_vs_same_scenario_G00,sharpe_excess_rf,-0.12842588814952288
G33,G33__mom_255_0__top10__weekly__long_only,long_only,base,10.0,0.0,G00__mom_255_0__top10__weekly__long_only,delta_vs_same_scenario_G00,max_drawdown,0.07143847654921559
G33,G33__mom_255_0__top10__weekly__long_only,long_only,base,10.0,0.0,G00__mom_255_0__top10__weekly__long_only,delta_vs_same_scenario_G00,annualized_volatility,-0.04495478523350688
G33,G33__mom_255_0__top10__weekly__long_only,long_only,base,10.0,0.0,G00__mom_255_0__top10__weekly__long_only,delta_vs_same_scenario_G00,annualized_l1_turnover,-0.7956807184586978
G33,G33__mom_255_0__top10__weekly__long_only,long_only,base,20.0,0.0,G00__mom_255_0__top10__weekly__long_only,delta_vs_same_scenario_G00,cagr,-0.05513229578639081
G33,G33__mom_255_0__top10__weekly__long_only,long_only,base,20.0,0.0,G00__mom_255_0__top10__weekly__long_only,delta_vs_same_scenario_G00,sharpe_excess_rf,-0.134538334756375
G33,G33__mom_255_0__top10__weekly__long_only,long_only,base,20.0,0.0,G00__mom_255_0__top10__weekly__long_only,delta_vs_same_scenario_G00,max_drawdown,0.0829030943447297
G33,G33__mom_255_0__top10__weekly__long_only,long_only,base,20.0,0.0,G00__mom_255_0__top10__weekly__long_only,delta_vs_same_scenario_G00,annualized_volatility,-0.04495886459659859
G33,G33__mom_255_0__top10__weekly__long_only,long_only,base,20.0,0.0,G00__mom_255_0__top10__weekly__long_only,delta_vs_same_scenario_G00,annualized_l1_turnover,-0.7956807184586978
G33,G33__mom_255_0__top10__weekly__long_short,long_short,base,0.0,0.0,G00__mom_255_0__top10__weekly__long_short,delta_vs_same_scenario_G00,cagr,0.02887986938434044
G33,G33__mom_255_0__top10__weekly__long_short,long_short,base,0.0,0.0,G00__mom_255_0__top10__weekly__long_short,delta_vs_same_scenario_G00,sharpe_excess_rf,0.09835060974177047
G33,G33__mom_255_0__top10__weekly__long_short,long_short,base,0.0,0.0,G00__mom_255_0__top10__weekly__long_short,delta_vs_same_scenario_G00,max_drawdown,0.2092745553924379
G33,G33__mom_255_0__top10__weekly__long_short,long_short,base,0.0,0.0,G00__mom_255_0__top10__weekly__long_short,delta_vs_same_scenario_G00,annualized_volatility,-0.05322040353710228
G33,G33__mom_255_0__top10__weekly__long_short,long_short,base,0.0,0.0,G00__mom_255_0__top10__weekly__long_short,delta_vs_same_scenario_G00,annualized_l1_turnover,-1.4684735163615414
G33,G33__mom_255_0__top10__weekly__long_short,long_short,base,0.0,0.01,G00__mom_255_0__top10__weekly__long_short,delta_vs_same_scenario_G00,cagr,0.029159559417407676
G33,G33__mom_255_0__top10__weekly__long_short,long_short,base,0.0,0.01,G00__mom_255_0__top10__weekly__long_short,delta_vs_same_scenario_G00,sharpe_excess_rf,0.09467808029365987
G33,G33__mom_255_0__top10__weekly__long_short,long_short,base,0.0,0.01,G00__mom_255_0__top10__weekly__long_short,delta_vs_same_scenario_G00,max_drawdown,0.20853358908090047
G33,G33__mom_255_0__top10__weekly__long_short,long_short,base,0.0,0.01,G00__mom_255_0__top10__weekly__long_short,delta_vs_same_scenario_G00,annualized_volatility,-0.05322596068945637
G33,G33__mom_255_0__top10__weekly__long_short,long_short,base,0.0,0.01,G00__mom_255_0__top10__weekly__long_short,delta_vs_same_scenario_G00,annualized_l1_turnover,-1.468785961706761
G33,G33__mom_255_0__top10__weekly__long_short,long_short,base,0.0,0.03,G00__mom_255_0__top10__weekly__long_short,delta_vs_same_scenario_G00,cagr,0.029701204709589746
G33,G33__mom_255_0__top10__weekly__long_short,long_short,base,0.0,0.03,G00__mom_255_0__top10__weekly__long_short,delta_vs_same_scenario_G00,sharpe_excess_rf,0.08743987604884298
G33,G33__mom_255_0__top10__weekly__long_short,long_short,base,0.0,0.03,G00__mom_255_0__top10__weekly__long_short,delta_vs_same_scenario_G00,max_drawdown,0.2066498295073651
G33,G33__mom_255_0__top10__weekly__long_short,long_short,base,0.0,0.03,G00__mom_255_0__top10__weekly__long_short,delta_vs_same_scenario_G00,annualized_volatility,-0.053236865165013775
G33,G33__mom_255_0__top10__weekly__long_short,long_short,base,0.0,0.03,G00__mom_255_0__top10__weekly__long_short,delta_vs_same_scenario_G00,annualized_l1_turnover,-1.4694041072372066
G33,G33__mom_255_0__top10__weekly__long_short,long_short,base,5.0,0.0,G00__mom_255_0__top10__weekly__long_short,delta_vs_same_scenario_G00,cagr,0.029343426831273077
G33,G33__mom_255_0__top10__weekly__long_short,long_short,base,5.0,0.0,G00__mom_255_0__top10__weekly__long_short,delta_vs_same_scenario_G00,sharpe_excess_rf,0.09040199930764281
G33,G33__mom_255_0__top10__weekly__long_short,long_short,base,5.0,0.0,G00__mom_255_0__top10__weekly__long_short,delta_vs_same_scenario_G00,max_drawdown,0.20743603839251812
G33,G33__mom_255_0__top10__weekly__long_short,long_short,base,5.0,0.0,G00__mom_255_0__top10__weekly__long_short,delta_vs_same_scenario_G00,annualized_volatility,-0.05323798763914825
G33,G33__mom_255_0__top10__weekly__long_short,long_short,base,5.0,0.0,G00__mom_255_0__top10__weekly__long_short,delta_vs_same_scenario_G00,annualized_l1_turnover,-1.468473516361538
G33,G33__mom_255_0__top10__weekly__long_short,long_short,base,5.0,0.01,G00__mom_255_0__top10__weekly__long_short,delta_vs_same_scenario_G00,cagr,0.029617012685945278
G33,G33__mom_255_0__top10__weekly__long_short,long_short,base,5.0,0.01,G00__mom_255_0__top10__weekly__long_short,delta_vs_same_scenario_G00,sharpe_excess_rf,0.08672848338281493
G33,G33__mom_255_0__top10__weekly__long_short,long_short,base,5.0,0.01,G00__mom_255_0__top10__weekly__long_short,delta_vs_same_scenario_G00,max_drawdown,0.2053765921693489
G33,G33__mom_255_0__top10__weekly__long_short,long_short,base,5.0,0.01,G00__mom_255_0__top10__weekly__long_short,delta_vs_same_scenario_G00,annualized_volatility,-0.053243517750578645
G33,G33__mom_255_0__top10__weekly__long_short,long_short,base,5.0,0.01,G00__mom_255_0__top10__weekly__long_short,delta_vs_same_scenario_G00,annualized_l1_turnover,-1.468785961706761
G33,G33__mom_255_0__top10__weekly__long_short,long_short,base,5.0,0.03,G00__mom_255_0__top10__weekly__long_short,delta_vs_same_scenario_G00,cagr,0.030146764581765035
G33,G33__mom_255_0__top10__weekly__long_short,long_short,base,5.0,0.03,G00__mom_255_0__top10__weekly__long_short,delta_vs_same_scenario_G00,sharpe_excess_rf,0.07948837204956533
G33,G33__mom_255_0__top10__weekly__long_short,long_short,base,5.0,0.03,G00__mom_255_0__top10__weekly__long_short,delta_vs_same_scenario_G00,max_drawdown,0.19399847413526705
G33,G33__mom_255_0__top10__weekly__long_short,long_short,base,5.0,0.03,G00__mom_255_0__top10__weekly__long_short,delta_vs_same_scenario_G00,annualized_volatility,-0.05325436893202867
G33,G33__mom_255_0__top10__weekly__long_short,long_short,base,5.0,0.03,G00__mom_255_0__top10__weekly__long_short,delta_vs_same_scenario_G00,annualized_l1_turnover,-1.469404107237203
G33,G33__mom_255_0__top10__weekly__long_short,long_short,base,10.0,0.0,G00__mom_255_0__top10__weekly__long_short,delta_vs_same_scenario_G00,cagr,0.02979554891746871
G33,G33__mom_255_0__top10__weekly__long_short,long_short,base,10.0,0.0,G00__mom_255_0__top10__weekly__long_short,delta_vs_same_scenario_G00,sharpe_excess_rf,0.08244579514138214
G33,G33__mom_255_0__top10__weekly__long_short,long_short,base,10.0,0.0,G00__mom_255_0__top10__weekly__long_short,delta_vs_same_scenario_G00,max_drawdown,0.1984712478642784
G33,G33__mom_255_0__top10__weekly__long_short,long_short,base,10.0,0.0,G00__mom_255_0__top10__weekly__long_short,delta_vs_same_scenario_G00,annualized_volatility,-0.053254530304065434
G33,G33__mom_255_0__top10__weekly__long_short,long_short,base,10.0,0.0,G00__mom_255_0__top10__weekly__long_short,delta_vs_same_scenario_G00,annualized_l1_turnover,-1.4684735163615414
G33,G33__mom_255_0__top10__weekly__long_short,long_short,base,10.0,0.01,G00__mom_255_0__top10__weekly__long_short,delta_vs_same_scenario_G00,cagr,0.03006311970240208
G33,G33__mom_255_0__top10__weekly__long_short,long_short,base,10.0,0.01,G00__mom_255_0__top10__weekly__long_short,delta_vs_same_scenario_G00,sharpe_excess_rf,0.07877178829751907
G33,G33__mom_255_0__top10__weekly__long_short,long_short,base,10.0,0.01,G00__mom_255_0__top10__weekly__long_short,delta_vs_same_scenario_G00,max_drawdown,0.19278343963801892
G33,G33__mom_255_0__top10__weekly__long_short,long_short,base,10.0,0.01,G00__mom_255_0__top10__weekly__long_short,delta_vs_same_scenario_G00,annualized_volatility,-0.05326003341147831
G33,G33__mom_255_0__top10__weekly__long_short,long_short,base,10.0,0.01,G00__mom_255_0__top10__weekly__long_short,delta_vs_same_scenario_G00,annualized_l1_turnover,-1.468785961706761
G33,G33__mom_255_0__top10__weekly__long_short,long_short,base,10.0,0.03,G00__mom_255_0__top10__weekly__long_short,delta_vs_same_scenario_G00,cagr,0.03058115212190723
G33,G33__mom_255_0__top10__weekly__long_short,long_short,base,10.0,0.03,G00__mom_255_0__top10__weekly__long_short,delta_vs_same_scenario_G00,sharpe_excess_rf,0.07153074632023021
G33,G33__mom_255_0__top10__weekly__long_short,long_short,base,10.0,0.03,G00__mom_255_0__top10__weekly__long_short,delta_vs_same_scenario_G00,max_drawdown,0.1819152835650959
G33,G33__mom_255_0__top10__weekly__long_short,long_short,base,10.0,0.03,G00__mom_255_0__top10__weekly__long_short,delta_vs_same_scenario_G00,annualized_volatility,-0.053270831373601835
G33,G33__mom_255_0__top10__weekly__long_short,long_short,base,10.0,0.03,G00__mom_255_0__top10__weekly__long_short,delta_vs_same_scenario_G00,annualized_l1_turnover,-1.469404107237203
G33,G33__mom_255_0__top10__weekly__long_short,long_short,base,20.0,0.0,G00__mom_255_0__top10__weekly__long_short,delta_vs_same_scenario_G00,cagr,0.03066616940029672
G33,G33__mom_255_0__top10__weekly__long_short,long_short,base,20.0,0.0,G00__mom_255_0__top10__weekly__long_short,delta_vs_same_scenario_G00,sharpe_excess_rf,0.06652255112903277
G33,G33__mom_255_0__top10__weekly__long_short,long_short,base,20.0,0.0,G00__mom_255_0__top10__weekly__long_short,delta_vs_same_scenario_G00,max_drawdown,0.1744593582515762
G33,G33__mom_255_0__top10__weekly__long_short,long_short,base,20.0,0.0,G00__mom_255_0__top10__weekly__long_short,delta_vs_same_scenario_G00,annualized_volatility,-0.05328448848245709
G33,G33__mom_255_0__top10__weekly__long_short,long_short,base,20.0,0.0,G00__mom_255_0__top10__weekly__long_short,delta_vs_same_scenario_G00,annualized_l1_turnover,-1.4684735163615414
G33,G33__mom_255_0__top10__weekly__long_short,long_short,base,20.0,0.01,G00__mom_255_0__top10__weekly__long_short,delta_vs_same_scenario_G00,cagr,0.030921972957577294
G33,G33__mom_255_0__top10__weekly__long_short,long_short,base,20.0,0.01,G00__mom_255_0__top10__weekly__long_short,delta_vs_same_scenario_G00,sharpe_excess_rf,0.06284904775662321
G33,G33__mom_255_0__top10__weekly__long_short,long_short,base,20.0,0.01,G00__mom_255_0__top10__weekly__long_short,delta_vs_same_scenario_G00,max_drawdown,0.16927195864047007
G33,G33__mom_255_0__top10__weekly__long_short,long_short,base,20.0,0.01,G00__mom_255_0__top10__weekly__long_short,delta_vs_same_scenario_G00,annualized_volatility,-0.053289937709388946
G33,G33__mom_255_0__top10__weekly__long_short,long_short,base,20.0,0.01,G00__mom_255_0__top10__weekly__long_short,delta_vs_same_scenario_G00,annualized_l1_turnover,-1.468785961706761
G33,G33__mom_255_0__top10__weekly__long_short,long_short,base,20.0,0.03,G00__mom_255_0__top10__weekly__long_short,delta_vs_same_scenario_G00,cagr,0.03141707956198283
G33,G33__mom_255_0__top10__weekly__long_short,long_short,base,20.0,0.03,G00__mom_255_0__top10__weekly__long_short,delta_vs_same_scenario_G00,sharpe_excess_rf,0.05560907108676169
G33,G33__mom_255_0__top10__weekly__long_short,long_short,base,20.0,0.03,G00__mom_255_0__top10__weekly__long_short,delta_vs_same_scenario_G00,max_drawdown,0.16404745385203678
G33,G33__mom_255_0__top10__weekly__long_short,long_short,base,20.0,0.03,G00__mom_255_0__top10__weekly__long_short,delta_vs_same_scenario_G00,annualized_volatility,-0.053300629490320384
G33,G33__mom_255_0__top10__weekly__long_short,long_short,base,20.0,0.03,G00__mom_255_0__top10__weekly__long_short,delta_vs_same_scenario_G00,annualized_l1_turnover,-1.4694041072372066
G33,G33__mom_255_0__top20__monthly__long_only,long_only,base,0.0,0.0,G00__mom_255_0__top20__monthly__long_only,delta_vs_same_scenario_G00,cagr,-0.03521060376577953
G33,G33__mom_255_0__top20__monthly__long_only,long_only,base,0.0,0.0,G00__mom_255_0__top20__monthly__long_only,delta_vs_same_scenario_G00,sharpe_excess_rf,-0.04411964225302101
G33,G33__mom_255_0__top20__monthly__long_only,long_only,base,0.0,0.0,G00__mom_255_0__top20__monthly__long_only,delta_vs_same_scenario_G00,max_drawdown,0.08230314019481105
G33,G33__mom_255_0__top20__monthly__long_only,long_only,base,0.0,0.0,G00__mom_255_0__top20__monthly__long_only,delta_vs_same_scenario_G00,annualized_volatility,-0.033791556467821615
G33,G33__mom_255_0__top20__monthly__long_only,long_only,base,0.0,0.0,G00__mom_255_0__top20__monthly__long_only,delta_vs_same_scenario_G00,annualized_l1_turnover,-0.22934564378193212
G33,G33__mom_255_0__top20__monthly__long_only,long_only,base,5.0,0.0,G00__mom_255_0__top20__monthly__long_only,delta_vs_same_scenario_G00,cagr,-0.03493232704336363
G33,G33__mom_255_0__top20__monthly__long_only,long_only,base,5.0,0.0,G00__mom_255_0__top20__monthly__long_only,delta_vs_same_scenario_G00,sharpe_excess_rf,-0.04549744935217093
G33,G33__mom_255_0__top20__monthly__long_only,long_only,base,5.0,0.0,G00__mom_255_0__top20__monthly__long_only,delta_vs_same_scenario_G00,max_drawdown,0.0865802161077569
G33,G33__mom_255_0__top20__monthly__long_only,long_only,base,5.0,0.0,G00__mom_255_0__top20__monthly__long_only,delta_vs_same_scenario_G00,annualized_volatility,-0.033798898724858584
G33,G33__mom_255_0__top20__monthly__long_only,long_only,base,5.0,0.0,G00__mom_255_0__top20__monthly__long_only,delta_vs_same_scenario_G00,annualized_l1_turnover,-0.22934564378193212
G33,G33__mom_255_0__top20__monthly__long_only,long_only,base,10.0,0.0,G00__mom_255_0__top20__monthly__long_only,delta_vs_same_scenario_G00,cagr,-0.03465554174649038
G33,G33__mom_255_0__top20__monthly__long_only,long_only,base,10.0,0.0,G00__mom_255_0__top20__monthly__long_only,delta_vs_same_scenario_G00,sharpe_excess_rf,-0.0468784137049284
G33,G33__mom_255_0__top20__monthly__long_only,long_only,base,10.0,0.0,G00__mom_255_0__top20__monthly__long_only,delta_vs_same_scenario_G00,max_drawdown,0.08771593196976912
G33,G33__mom_255_0__top20__monthly__long_only,long_only,base,10.0,0.0,G00__mom_255_0__top20__monthly__long_only,delta_vs_same_scenario_G00,annualized_volatility,-0.033805929421022396
G33,G33__mom_255_0__top20__monthly__long_only,long_only,base,10.0,0.0,G00__mom_255_0__top20__monthly__long_only,delta_vs_same_scenario_G00,annualized_l1_turnover,-0.22934564378193212
G33,G33__mom_255_0__top20__monthly__long_only,long_only,base,20.0,0.0,G00__mom_255_0__top20__monthly__long_only,delta_vs_same_scenario_G00,cagr,-0.03410641981645263
G33,G33__mom_255_0__top20__monthly__long_only,long_only,base,20.0,0.0,G00__mom_255_0__top20__monthly__long_only,delta_vs_same_scenario_G00,sharpe_excess_rf,-0.04964892349618355
G33,G33__mom_255_0__top20__monthly__long_only,long_only,base,20.0,0.0,G00__mom_255_0__top20__monthly__long_only,delta_vs_same_scenario_G00,max_drawdown,0.08669941345989907
G33,G33__mom_255_0__top20__monthly__long_only,long_only,base,20.0,0.0,G00__mom_255_0__top20__monthly__long_only,delta_vs_same_scenario_G00,annualized_volatility,-0.03381905368321125
G33,G33__mom_255_0__top20__monthly__long_only,long_only,base,20.0,0.0,G00__mom_255_0__top20__monthly__long_only,delta_vs_same_scenario_G00,annualized_l1_turnover,-0.22934564378193212
G33,G33__mom_255_0__top20__monthly__long_short,long_short,base,0.0,0.0,G00__mom_255_0__top20__monthly__long_short,delta_vs_same_scenario_G00,cagr,-0.004049053921734991
G33,G33__mom_255_0__top20__monthly__long_short,long_short,base,0.0,0.0,G00__mom_255_0__top20__monthly__long_short,delta_vs_same_scenario_G00,sharpe_excess_rf,0.007085942981102933
G33,G33__mom_255_0__top20__monthly__long_short,long_short,base,0.0,0.0,G00__mom_255_0__top20__monthly__long_short,delta_vs_same_scenario_G00,max_drawdown,0.051273961981917304
G33,G33__mom_255_0__top20__monthly__long_short,long_short,base,0.0,0.0,G00__mom_255_0__top20__monthly__long_short,delta_vs_same_scenario_G00,annualized_volatility,-0.04406204624090129
G33,G33__mom_255_0__top20__monthly__long_short,long_short,base,0.0,0.0,G00__mom_255_0__top20__monthly__long_short,delta_vs_same_scenario_G00,annualized_l1_turnover,-0.3724048324166951
G33,G33__mom_255_0__top20__monthly__long_short,long_short,base,0.0,0.01,G00__mom_255_0__top20__monthly__long_short,delta_vs_same_scenario_G00,cagr,-0.0035787392178622673
G33,G33__mom_255_0__top20__monthly__long_short,long_short,base,0.0,0.01,G00__mom_255_0__top20__monthly__long_short,delta_vs_same_scenario_G00,sharpe_excess_rf,0.00311777645062844
G33,G33__mom_255_0__top20__monthly__long_short,long_short,base,0.0,0.01,G00__mom_255_0__top20__monthly__long_short,delta_vs_same_scenario_G00,max_drawdown,0.05222704755361923
G33,G33__mom_255_0__top20__monthly__long_short,long_short,base,0.0,0.01,G00__mom_255_0__top20__monthly__long_short,delta_vs_same_scenario_G00,annualized_volatility,-0.04407765280840659
G33,G33__mom_255_0__top20__monthly__long_short,long_short,base,0.0,0.01,G00__mom_255_0__top20__monthly__long_short,delta_vs_same_scenario_G00,annualized_l1_turnover,-0.3728199540270971
G33,G33__mom_255_0__top20__monthly__long_short,long_short,base,0.0,0.03,G00__mom_255_0__top20__monthly__long_short,delta_vs_same_scenario_G00,cagr,-0.0026638424321944534
G33,G33__mom_255_0__top20__monthly__long_short,long_short,base,0.0,0.03,G00__mom_255_0__top20__monthly__long_short,delta_vs_same_scenario_G00,sharpe_excess_rf,-0.0047052712771749605
G33,G33__mom_255_0__top20__monthly__long_short,long_short,base,0.0,0.03,G00__mom_255_0__top20__monthly__long_short,delta_vs_same_scenario_G00,max_drawdown,0.054049505918051466
G33,G33__mom_255_0__top20__monthly__long_short,long_short,base,0.0,0.03,G00__mom_255_0__top20__monthly__long_short,delta_vs_same_scenario_G00,annualized_volatility,-0.044108396753703955
G33,G33__mom_255_0__top20__monthly__long_short,long_short,base,0.0,0.03,G00__mom_255_0__top20__monthly__long_short,delta_vs_same_scenario_G00,annualized_l1_turnover,-0.37364850267730887
G33,G33__mom_255_0__top20__monthly__long_short,long_short,base,5.0,0.0,G00__mom_255_0__top20__monthly__long_short,delta_vs_same_scenario_G00,cagr,-0.00383425302766488
G33,G33__mom_255_0__top20__monthly__long_short,long_short,base,5.0,0.0,G00__mom_255_0__top20__monthly__long_short,delta_vs_same_scenario_G00,sharpe_excess_rf,0.0027110621206505314
G33,G33__mom_255_0__top20__monthly__long_short,long_short,base,5.0,0.0,G00__mom_255_0__top20__monthly__long_short,delta_vs_same_scenario_G00,max_drawdown,0.05143002647472761
G33,G33__mom_255_0__top20__monthly__long_short,long_short,base,5.0,0.0,G00__mom_255_0__top20__monthly__long_short,delta_vs_same_scenario_G00,annualized_volatility,-0.044042981323169694
G33,G33__mom_255_0__top20__monthly__long_short,long_short,base,5.0,0.0,G00__mom_255_0__top20__monthly__long_short,delta_vs_same_scenario_G00,annualized_l1_turnover,-0.3724048324166951
G33,G33__mom_255_0__top20__monthly__long_short,long_short,base,5.0,0.01,G00__mom_255_0__top20__monthly__long_short,delta_vs_same_scenario_G00,cagr,-0.00336659298238752
G33,G33__mom_255_0__top20__monthly__long_short,long_short,base,5.0,0.01,G00__mom_255_0__top20__monthly__long_short,delta_vs_same_scenario_G00,sharpe_excess_rf,-0.001254978824204278
G33,G33__mom_255_0__top20__monthly__long_short,long_short,base,5.0,0.01,G00__mom_255_0__top20__monthly__long_short,delta_vs_same_scenario_G00,max_drawdown,0.05237264389344898
G33,G33__mom_255_0__top20__monthly__long_short,long_short,base,5.0,0.01,G00__mom_255_0__top20__monthly__long_short,delta_vs_same_scenario_G00,annualized_volatility,-0.04405855151455121
G33,G33__mom_255_0__top20__monthly__long_short,long_short,base,5.0,0.01,G00__mom_255_0__top20__monthly__long_short,delta_vs_same_scenario_G00,annualized_l1_turnover,-0.37281995402709533
G33,G33__mom_255_0__top20__monthly__long_short,long_short,base,5.0,0.03,G00__mom_255_0__top20__monthly__long_short,delta_vs_same_scenario_G00,cagr,-0.0024568699886319614
G33,G33__mom_255_0__top20__monthly__long_short,long_short,base,5.0,0.03,G00__mom_255_0__top20__monthly__long_short,delta_vs_same_scenario_G00,sharpe_excess_rf,-0.009073790671776938
G33,G33__mom_255_0__top20__monthly__long_short,long_short,base,5.0,0.03,G00__mom_255_0__top20__monthly__long_short,delta_vs_same_scenario_G00,max_drawdown,0.05417493300798876
G33,G33__mom_255_0__top20__monthly__long_short,long_short,base,5.0,0.03,G00__mom_255_0__top20__monthly__long_short,delta_vs_same_scenario_G00,annualized_volatility,-0.04408922370715587
G33,G33__mom_255_0__top20__monthly__long_short,long_short,base,5.0,0.03,G00__mom_255_0__top20__monthly__long_short,delta_vs_same_scenario_G00,annualized_l1_turnover,-0.37364850267730887
G33,G33__mom_255_0__top20__monthly__long_short,long_short,base,10.0,0.0,G00__mom_255_0__top20__monthly__long_short,delta_vs_same_scenario_G00,cagr,-0.003621031586236542
G33,G33__mom_255_0__top20__monthly__long_short,long_short,base,10.0,0.0,G00__mom_255_0__top20__monthly__long_short,delta_vs_same_scenario_G00,sharpe_excess_rf,-0.001664811187954529
G33,G33__mom_255_0__top20__monthly__long_short,long_short,base,10.0,0.0,G00__mom_255_0__top20__monthly__long_short,delta_vs_same_scenario_G00,max_drawdown,0.05158142939034305
G33,G33__mom_255_0__top20__monthly__long_short,long_short,base,10.0,0.0,G00__mom_255_0__top20__monthly__long_short,delta_vs_same_scenario_G00,annualized_volatility,-0.044022601147250096
G33,G33__mom_255_0__top20__monthly__long_short,long_short,base,10.0,0.0,G00__mom_255_0__top20__monthly__long_short,delta_vs_same_scenario_G00,annualized_l1_turnover,-0.3724048324166951
G33,G33__mom_255_0__top20__monthly__long_short,long_short,base,10.0,0.01,G00__mom_255_0__top20__monthly__long_short,delta_vs_same_scenario_G00,cagr,-0.0031560137797143825
G33,G33__mom_255_0__top20__monthly__long_short,long_short,base,10.0,0.01,G00__mom_255_0__top20__monthly__long_short,delta_vs_same_scenario_G00,sharpe_excess_rf,-0.005628085717939324
G33,G33__mom_255_0__top20__monthly__long_short,long_short,base,10.0,0.01,G00__mom_255_0__top20__monthly__long_short,delta_vs_same_scenario_G00,max_drawdown,0.05251367278861441
G33,G33__mom_255_0__top20__monthly__long_short,long_short,base,10.0,0.01,G00__mom_255_0__top20__monthly__long_short,delta_vs_same_scenario_G00,annualized_volatility,-0.04403813495685721
G33,G33__mom_255_0__top20__monthly__long_short,long_short,base,10.0,0.01,G00__mom_255_0__top20__monthly__long_short,delta_vs_same_scenario_G00,annualized_l1_turnover,-0.37281995402709533
G33,G33__mom_255_0__top20__monthly__long_short,long_short,base,10.0,0.03,G00__mom_255_0__top20__monthly__long_short,delta_vs_same_scenario_G00,cagr,-0.0022514403507991262
G33,G33__mom_255_0__top20__monthly__long_short,long_short,base,10.0,0.03,G00__mom_255_0__top20__monthly__long_short,delta_vs_same_scenario_G00,sharpe_excess_rf,-0.013441398638025959
G33,G33__mom_255_0__top20__monthly__long_short,long_short,base,10.0,0.03,G00__mom_255_0__top20__monthly__long_short,delta_vs_same_scenario_G00,max_drawdown,0.05429597465341912
G33,G33__mom_255_0__top20__monthly__long_short,long_short,base,10.0,0.03,G00__mom_255_0__top20__monthly__long_short,delta_vs_same_scenario_G00,annualized_volatility,-0.04406873539290851
G33,G33__mom_255_0__top20__monthly__long_short,long_short,base,10.0,0.03,G00__mom_255_0__top20__monthly__long_short,delta_vs_same_scenario_G00,annualized_l1_turnover,-0.37364850267730887
G33,G33__mom_255_0__top20__monthly__long_short,long_short,base,20.0,0.0,G00__mom_255_0__top20__monthly__long_short,delta_vs_same_scenario_G00,cagr,-0.0031992946967360006
G33,G33__mom_255_0__top20__monthly__long_short,long_short,base,20.0,0.0,G00__mom_255_0__top20__monthly__long_short,delta_vs_same_scenario_G00,sharpe_excess_rf,-0.0104124954608725
G33,G33__mom_255_0__top20__monthly__long_short,long_short,base,20.0,0.0,G00__mom_255_0__top20__monthly__long_short,delta_vs_same_scenario_G00,max_drawdown,0.051870463493125796
G33,G33__mom_255_0__top20__monthly__long_short,long_short,base,20.0,0.0,G00__mom_255_0__top20__monthly__long_short,delta_vs_same_scenario_G00,annualized_volatility,-0.0439779052214678
G33,G33__mom_255_0__top20__monthly__long_short,long_short,base,20.0,0.0,G00__mom_255_0__top20__monthly__long_short,delta_vs_same_scenario_G00,annualized_l1_turnover,-0.3724048324166951
G33,G33__mom_255_0__top20__monthly__long_short,long_short,base,20.0,0.01,G00__mom_255_0__top20__monthly__long_short,delta_vs_same_scenario_G00,cagr,-0.0027395243066738045
G33,G33__mom_255_0__top20__monthly__long_short,long_short,base,20.0,0.01,G00__mom_255_0__top20__monthly__long_short,delta_vs_same_scenario_G00,sharpe_excess_rf,-0.014368318823698933
G33,G33__mom_255_0__top20__monthly__long_short,long_short,base,20.0,0.01,G00__mom_255_0__top20__monthly__long_short,delta_vs_same_scenario_G00,max_drawdown,0.052782238287008953
G33,G33__mom_255_0__top20__monthly__long_short,long_short,base,20.0,0.01,G00__mom_255_0__top20__monthly__long_short,delta_vs_same_scenario_G00,annualized_volatility,-0.04399336627222353
G33,G33__mom_255_0__top20__monthly__long_short,long_short,base,20.0,0.01,G00__mom_255_0__top20__monthly__long_short,delta_vs_same_scenario_G00,annualized_l1_turnover,-0.37281995402709533
G33,G33__mom_255_0__top20__monthly__long_short,long_short,base,20.0,0.03,G00__mom_255_0__top20__monthly__long_short,delta_vs_same_scenario_G00,cagr,-0.0018451777134668931
G33,G33__mom_255_0__top20__monthly__long_short,long_short,base,20.0,0.03,G00__mom_255_0__top20__monthly__long_short,delta_vs_same_scenario_G00,sharpe_excess_rf,-0.02216685296471199
G33,G33__mom_255_0__top20__monthly__long_short,long_short,base,20.0,0.03,G00__mom_255_0__top20__monthly__long_short,delta_vs_same_scenario_G00,max_drawdown,0.05452510591650328
G33,G33__mom_255_0__top20__monthly__long_short,long_short,base,20.0,0.03,G00__mom_255_0__top20__monthly__long_short,delta_vs_same_scenario_G00,annualized_volatility,-0.04402382322627629
G33,G33__mom_255_0__top20__monthly__long_short,long_short,base,20.0,0.03,G00__mom_255_0__top20__monthly__long_short,delta_vs_same_scenario_G00,annualized_l1_turnover,-0.37364850267730887
G33,G33__mom_255_0__top20__weekly__long_only,long_only,base,0.0,0.0,G00__mom_255_0__top20__weekly__long_only,delta_vs_same_scenario_G00,cagr,-0.05236964123116797
G33,G33__mom_255_0__top20__weekly__long_only,long_only,base,0.0,0.0,G00__mom_255_0__top20__weekly__long_only,delta_vs_same_scenario_G00,sharpe_excess_rf,-0.09678513042418979
G33,G33__mom_255_0__top20__weekly__long_only,long_only,base,0.0,0.0,G00__mom_255_0__top20__weekly__long_only,delta_vs_same_scenario_G00,max_drawdown,0.0906031629911851
G33,G33__mom_255_0__top20__weekly__long_only,long_only,base,0.0,0.0,G00__mom_255_0__top20__weekly__long_only,delta_vs_same_scenario_G00,annualized_volatility,-0.041218739821777595
G33,G33__mom_255_0__top20__weekly__long_only,long_only,base,0.0,0.0,G00__mom_255_0__top20__weekly__long_only,delta_vs_same_scenario_G00,annualized_l1_turnover,-0.5880165576943988
G33,G33__mom_255_0__top20__weekly__long_only,long_only,base,5.0,0.0,G00__mom_255_0__top20__weekly__long_only,delta_vs_same_scenario_G00,cagr,-0.05159238144932621
G33,G33__mom_255_0__top20__weekly__long_only,long_only,base,5.0,0.0,G00__mom_255_0__top20__weekly__long_only,delta_vs_same_scenario_G00,sharpe_excess_rf,-0.10059202979493043
G33,G33__mom_255_0__top20__weekly__long_only,long_only,base,5.0,0.0,G00__mom_255_0__top20__weekly__long_only,delta_vs_same_scenario_G00,max_drawdown,0.09804436794062693
G33,G33__mom_255_0__top20__weekly__long_only,long_only,base,5.0,0.0,G00__mom_255_0__top20__weekly__long_only,delta_vs_same_scenario_G00,annualized_volatility,-0.041214044524237325
G33,G33__mom_255_0__top20__weekly__long_only,long_only,base,5.0,0.0,G00__mom_255_0__top20__weekly__long_only,delta_vs_same_scenario_G00,annualized_l1_turnover,-0.5880165576943988
G33,G33__mom_255_0__top20__weekly__long_only,long_only,base,10.0,0.0,G00__mom_255_0__top20__weekly__long_only,delta_vs_same_scenario_G00,cagr,-0.050824120335637574
G33,G33__mom_255_0__top20__weekly__long_only,long_only,base,10.0,0.0,G00__mom_255_0__top20__weekly__long_only,delta_vs_same_scenario_G00,sharpe_excess_rf,-0.10439884140892564
G33,G33__mom_255_0__top20__weekly__long_only,long_only,base,10.0,0.0,G00__mom_255_0__top20__weekly__long_only,delta_vs_same_scenario_G00,max_drawdown,0.10535580440581338
G33,G33__mom_255_0__top20__weekly__long_only,long_only,base,10.0,0.0,G00__mom_255_0__top20__weekly__long_only,delta_vs_same_scenario_G00,annualized_volatility,-0.041208935046440714
G33,G33__mom_255_0__top20__weekly__long_only,long_only,base,10.0,0.0,G00__mom_255_0__top20__weekly__long_only,delta_vs_same_scenario_G00,annualized_l1_turnover,-0.5880165576943988
G33,G33__mom_255_0__top20__weekly__long_only,long_only,base,20.0,0.0,G00__mom_255_0__top20__weekly__long_only,delta_vs_same_scenario_G00,cagr,-0.04931422695349097
G33,G33__mom_255_0__top20__weekly__long_only,long_only,base,20.0,0.0,G00__mom_255_0__top20__weekly__long_only,delta_vs_same_scenario_G00,sharpe_excess_rf,-0.11200965043146605
G33,G33__mom_255_0__top20__weekly__long_only,long_only,base,20.0,0.0,G00__mom_255_0__top20__weekly__long_only,delta_vs_same_scenario_G00,max_drawdown,0.11608556322025548
G33,G33__mom_255_0__top20__weekly__long_only,long_only,base,20.0,0.0,G00__mom_255_0__top20__weekly__long_only,delta_vs_same_scenario_G00,annualized_volatility,-0.04119747496799164
G33,G33__mom_255_0__top20__weekly__long_only,long_only,base,20.0,0.0,G00__mom_255_0__top20__weekly__long_only,delta_vs_same_scenario_G00,annualized_l1_turnover,-0.5880165576943988
G33,G33__mom_255_0__top20__weekly__long_short,long_short,base,0.0,0.0,G00__mom_255_0__top20__weekly__long_short,delta_vs_same_scenario_G00,cagr,0.017037561793459804
G33,G33__mom_255_0__top20__weekly__long_short,long_short,base,0.0,0.0,G00__mom_255_0__top20__weekly__long_short,delta_vs_same_scenario_G00,sharpe_excess_rf,0.09310202645377594
G33,G33__mom_255_0__top20__weekly__long_short,long_short,base,0.0,0.0,G00__mom_255_0__top20__weekly__long_short,delta_vs_same_scenario_G00,max_drawdown,0.1828286721793969
G33,G33__mom_255_0__top20__weekly__long_short,long_short,base,0.0,0.0,G00__mom_255_0__top20__weekly__long_short,delta_vs_same_scenario_G00,annualized_volatility,-0.04976422258574914
G33,G33__mom_255_0__top20__weekly__long_short,long_short,base,0.0,0.0,G00__mom_255_0__top20__weekly__long_short,delta_vs_same_scenario_G00,annualized_l1_turnover,-1.270734307871404
G33,G33__mom_255_0__top20__weekly__long_short,long_short,base,0.0,0.01,G00__mom_255_0__top20__weekly__long_short,delta_vs_same_scenario_G00,cagr,0.01742348102843288
G33,G33__mom_255_0__top20__weekly__long_short,long_short,base,0.0,0.01,G00__mom_255_0__top20__weekly__long_short,delta_vs_same_scenario_G00,sharpe_excess_rf,0.08824284789027563
G33,G33__mom_255_0__top20__weekly__long_short,long_short,base,0.0,0.01,G00__mom_255_0__top20__weekly__long_short,delta_vs_same_scenario_G00,max_drawdown,0.1825046534622803
G33,G33__mom_255_0__top20__weekly__long_short,long_short,base,0.0,0.01,G00__mom_255_0__top20__weekly__long_short,delta_vs_same_scenario_G00,annualized_volatility,-0.04976939205897821
G33,G33__mom_255_0__top20__weekly__long_short,long_short,base,0.0,0.01,G00__mom_255_0__top20__weekly__long_short,delta_vs_same_scenario_G00,annualized_l1_turnover,-1.2710430552622647
G33,G33__mom_255_0__top20__weekly__long_short,long_short,base,0.0,0.03,G00__mom_255_0__top20__weekly__long_short,delta_vs_same_scenario_G00,cagr,0.018172396900519652
G33,G33__mom_255_0__top20__weekly__long_short,long_short,base,0.0,0.03,G00__mom_255_0__top20__weekly__long_short,delta_vs_same_scenario_G00,sharpe_excess_rf,0.07866587224179383
G33,G33__mom_255_0__top20__weekly__long_short,long_short,base,0.0,0.03,G00__mom_255_0__top20__weekly__long_short,delta_vs_same_scenario_G00,max_drawdown,0.18184641907430055
G33,G33__mom_255_0__top20__weekly__long_short,long_short,base,0.0,0.03,G00__mom_255_0__top20__weekly__long_short,delta_vs_same_scenario_G00,annualized_volatility,-0.04977951504203176
G33,G33__mom_255_0__top20__weekly__long_short,long_short,base,0.0,0.03,G00__mom_255_0__top20__weekly__long_short,delta_vs_same_scenario_G00,annualized_l1_turnover,-1.2716534337289929
G33,G33__mom_255_0__top20__weekly__long_short,long_short,base,5.0,0.0,G00__mom_255_0__top20__weekly__long_short,delta_vs_same_scenario_G00,cagr,0.017552700714291734
G33,G33__mom_255_0__top20__weekly__long_short,long_short,base,5.0,0.0,G00__mom_255_0__top20__weekly__long_short,delta_vs_same_scenario_G00,sharpe_excess_rf,0.08349936071315617
G33,G33__mom_255_0__top20__weekly__long_short,long_short,base,5.0,0.0,G00__mom_255_0__top20__weekly__long_short,delta_vs_same_scenario_G00,max_drawdown,0.18183615439559664
G33,G33__mom_255_0__top20__weekly__long_short,long_short,base,5.0,0.0,G00__mom_255_0__top20__weekly__long_short,delta_vs_same_scenario_G00,annualized_volatility,-0.04977180382178745
G33,G33__mom_255_0__top20__weekly__long_short,long_short,base,5.0,0.0,G00__mom_255_0__top20__weekly__long_short,delta_vs_same_scenario_G00,annualized_l1_turnover,-1.270734307871404
G33,G33__mom_255_0__top20__weekly__long_short,long_short,base,5.0,0.01,G00__mom_255_0__top20__weekly__long_short,delta_vs_same_scenario_G00,cagr,0.01793238068470826
G33,G33__mom_255_0__top20__weekly__long_short,long_short,base,5.0,0.01,G00__mom_255_0__top20__weekly__long_short,delta_vs_same_scenario_G00,sharpe_excess_rf,0.07864034617886774
G33,G33__mom_255_0__top20__weekly__long_short,long_short,base,5.0,0.01,G00__mom_255_0__top20__weekly__long_short,delta_vs_same_scenario_G00,max_drawdown,0.18150245155003575
G33,G33__mom_255_0__top20__weekly__long_short,long_short,base,5.0,0.01,G00__mom_255_0__top20__weekly__long_short,delta_vs_same_scenario_G00,annualized_volatility,-0.04977693971038524
G33,G33__mom_255_0__top20__weekly__long_short,long_short,base,5.0,0.01,G00__mom_255_0__top20__weekly__long_short,delta_vs_same_scenario_G00,annualized_l1_turnover,-1.2710430552622647
G33,G33__mom_255_0__top20__weekly__long_short,long_short,base,5.0,0.03,G00__mom_255_0__top20__weekly__long_short,delta_vs_same_scenario_G00,cagr,0.018669136625480538
G33,G33__mom_255_0__top20__weekly__long_short,long_short,base,5.0,0.03,G00__mom_255_0__top20__weekly__long_short,delta_vs_same_scenario_G00,sharpe_excess_rf,0.06906375083252968
G33,G33__mom_255_0__top20__weekly__long_short,long_short,base,5.0,0.03,G00__mom_255_0__top20__weekly__long_short,delta_vs_same_scenario_G00,max_drawdown,0.18082577212527973
G33,G33__mom_255_0__top20__weekly__long_short,long_short,base,5.0,0.03,G00__mom_255_0__top20__weekly__long_short,delta_vs_same_scenario_G00,annualized_volatility,-0.049786996461090305
G33,G33__mom_255_0__top20__weekly__long_short,long_short,base,5.0,0.03,G00__mom_255_0__top20__weekly__long_short,delta_vs_same_scenario_G00,annualized_l1_turnover,-1.2716534337289929
G33,G33__mom_255_0__top20__weekly__long_short,long_short,base,10.0,0.0,G00__mom_255_0__top20__weekly__long_short,delta_vs_same_scenario_G00,cagr,0.018058081945351117
G33,G33__mom_255_0__top20__weekly__long_short,long_short,base,10.0,0.0,G00__mom_255_0__top20__weekly__long_short,delta_vs_same_scenario_G00,sharpe_excess_rf,0.073891822157647
G33,G33__mom_255_0__top20__weekly__long_short,long_short,base,10.0,0.0,G00__mom_255_0__top20__weekly__long_short,delta_vs_same_scenario_G00,max_drawdown,0.1808301853218066
G33,G33__mom_255_0__top20__weekly__long_short,long_short,base,10.0,0.0,G00__mom_255_0__top20__weekly__long_short,delta_vs_same_scenario_G00,annualized_volatility,-0.04977813615871682
G33,G33__mom_255_0__top20__weekly__long_short,long_short,base,10.0,0.0,G00__mom_255_0__top20__weekly__long_short,delta_vs_same_scenario_G00,annualized_l1_turnover,-1.270734307871404
G33,G33__mom_255_0__top20__weekly__long_short,long_short,base,10.0,0.01,G00__mom_255_0__top20__weekly__long_short,delta_vs_same_scenario_G00,cagr,0.018431598383795586
G33,G33__mom_255_0__top20__weekly__long_short,long_short,base,10.0,0.01,G00__mom_255_0__top20__weekly__long_short,delta_vs_same_scenario_G00,sharpe_excess_rf,0.06903369935159007
G33,G33__mom_255_0__top20__weekly__long_short,long_short,base,10.0,0.01,G00__mom_255_0__top20__weekly__long_short,delta_vs_same_scenario_G00,max_drawdown,0.18048717481855014
G33,G33__mom_255_0__top20__weekly__long_short,long_short,base,10.0,0.01,G00__mom_255_0__top20__weekly__long_short,delta_vs_same_scenario_G00,annualized_volatility,-0.04978323848378033
G33,G33__mom_255_0__top20__weekly__long_short,long_short,base,10.0,0.01,G00__mom_255_0__top20__weekly__long_short,delta_vs_same_scenario_G00,annualized_l1_turnover,-1.2710430552622647
G33,G33__mom_255_0__top20__weekly__long_short,long_short,base,10.0,0.03,G00__mom_255_0__top20__weekly__long_short,delta_vs_same_scenario_G00,cagr,0.019156342211710753
G33,G33__mom_255_0__top20__weekly__long_short,long_short,base,10.0,0.03,G00__mom_255_0__top20__weekly__long_short,delta_vs_same_scenario_G00,sharpe_excess_rf,0.059458918216796046
G33,G33__mom_255_0__top20__weekly__long_short,long_short,base,10.0,0.03,G00__mom_255_0__top20__weekly__long_short,delta_vs_same_scenario_G00,max_drawdown,0.1797927772385406
G33,G33__mom_255_0__top20__weekly__long_short,long_short,base,10.0,0.03,G00__mom_255_0__top20__weekly__long_short,delta_vs_same_scenario_G00,annualized_volatility,-0.049793229045576454
G33,G33__mom_255_0__top20__weekly__long_short,long_short,base,10.0,0.03,G00__mom_255_0__top20__weekly__long_short,delta_vs_same_scenario_G00,annualized_l1_turnover,-1.2716534337289929
G33,G33__mom_255_0__top20__weekly__long_short,long_short,base,20.0,0.0,G00__mom_255_0__top20__weekly__long_short,delta_vs_same_scenario_G00,cagr,0.019040064947935274
G33,G33__mom_255_0__top20__weekly__long_short,long_short,base,20.0,0.0,G00__mom_255_0__top20__weekly__long_short,delta_vs_same_scenario_G00,sharpe_excess_rf,0.054677678738950644
G33,G33__mom_255_0__top20__weekly__long_short,long_short,base,20.0,0.0,G00__mom_255_0__top20__weekly__long_short,delta_vs_same_scenario_G00,max_drawdown,0.17878046932140168
G33,G33__mom_255_0__top20__weekly__long_short,long_short,base,20.0,0.0,G00__mom_255_0__top20__weekly__long_short,delta_vs_same_scenario_G00,annualized_volatility,-0.04978705672719996
G33,G33__mom_255_0__top20__weekly__long_short,long_short,base,20.0,0.0,G00__mom_255_0__top20__weekly__long_short,delta_vs_same_scenario_G00,annualized_l1_turnover,-1.270734307871404
G33,G33__mom_255_0__top20__weekly__long_short,long_short,base,20.0,0.01,G00__mom_255_0__top20__weekly__long_short,delta_vs_same_scenario_G00,cagr,0.01940147831358592
G33,G33__mom_255_0__top20__weekly__long_short,long_short,base,20.0,0.01,G00__mom_255_0__top20__weekly__long_short,delta_vs_same_scenario_G00,sharpe_excess_rf,0.04982351786575749
G33,G33__mom_255_0__top20__weekly__long_short,long_short,base,20.0,0.01,G00__mom_255_0__top20__weekly__long_short,delta_vs_same_scenario_G00,max_drawdown,0.17841993620798813
G33,G33__mom_255_0__top20__weekly__long_short,long_short,base,20.0,0.01,G00__mom_255_0__top20__weekly__long_short,delta_vs_same_scenario_G00,annualized_volatility,-0.04979209201120957
G33,G33__mom_255_0__top20__weekly__long_short,long_short,base,20.0,0.01,G00__mom_255_0__top20__weekly__long_short,delta_vs_same_scenario_G00,annualized_l1_turnover,-1.2710430552622647
G33,G33__mom_255_0__top20__weekly__long_short,long_short,base,20.0,0.03,G00__mom_255_0__top20__weekly__long_short,delta_vs_same_scenario_G00,cagr,0.02010263510767489
G33,G33__mom_255_0__top20__weekly__long_short,long_short,base,20.0,0.03,G00__mom_255_0__top20__weekly__long_short,delta_vs_same_scenario_G00,sharpe_excess_rf,0.040256657693452796
G33,G33__mom_255_0__top20__weekly__long_short,long_short,base,20.0,0.03,G00__mom_255_0__top20__weekly__long_short,delta_vs_same_scenario_G00,max_drawdown,0.17769221185402406
G33,G33__mom_255_0__top20__weekly__long_short,long_short,base,20.0,0.03,G00__mom_255_0__top20__weekly__long_short,delta_vs_same_scenario_G00,annualized_volatility,-0.04980195037026566
G33,G33__mom_255_0__top20__weekly__long_short,long_short,base,20.0,0.03,G00__mom_255_0__top20__weekly__long_short,delta_vs_same_scenario_G00,annualized_l1_turnover,-1.2716534337289929
G33,G33__mom_255_0__top50__monthly__long_only,long_only,base,0.0,0.0,G00__mom_255_0__top50__monthly__long_only,delta_vs_same_scenario_G00,cagr,-0.02670447461633807
G33,G33__mom_255_0__top50__monthly__long_only,long_only,base,0.0,0.0,G00__mom_255_0__top50__monthly__long_only,delta_vs_same_scenario_G00,sharpe_excess_rf,-0.04798342922139587
G33,G33__mom_255_0__top50__monthly__long_only,long_only,base,0.0,0.0,G00__mom_255_0__top50__monthly__long_only,delta_vs_same_scenario_G00,max_drawdown,0.07847372290589849
G33,G33__mom_255_0__top50__monthly__long_only,long_only,base,0.0,0.0,G00__mom_255_0__top50__monthly__long_only,delta_vs_same_scenario_G00,annualized_volatility,-0.028320708131494676
G33,G33__mom_255_0__top50__monthly__long_only,long_only,base,0.0,0.0,G00__mom_255_0__top50__monthly__long_only,delta_vs_same_scenario_G00,annualized_l1_turnover,-0.12139063358502522
G33,G33__mom_255_0__top50__monthly__long_only,long_only,base,5.0,0.0,G00__mom_255_0__top50__monthly__long_only,delta_vs_same_scenario_G00,cagr,-0.026538672525041135
G33,G33__mom_255_0__top50__monthly__long_only,long_only,base,5.0,0.0,G00__mom_255_0__top50__monthly__long_only,delta_vs_same_scenario_G00,sharpe_excess_rf,-0.04978404723332086
G33,G33__mom_255_0__top50__monthly__long_only,long_only,base,5.0,0.0,G00__mom_255_0__top50__monthly__long_only,delta_vs_same_scenario_G00,max_drawdown,0.07813971804293834
G33,G33__mom_255_0__top50__monthly__long_only,long_only,base,5.0,0.0,G00__mom_255_0__top50__monthly__long_only,delta_vs_same_scenario_G00,annualized_volatility,-0.02833051650805951
G33,G33__mom_255_0__top50__monthly__long_only,long_only,base,5.0,0.0,G00__mom_255_0__top50__monthly__long_only,delta_vs_same_scenario_G00,annualized_l1_turnover,-0.12139063358502522
G33,G33__mom_255_0__top50__monthly__long_only,long_only,base,10.0,0.0,G00__mom_255_0__top50__monthly__long_only,delta_vs_same_scenario_G00,cagr,-0.026373649093796026
G33,G33__mom_255_0__top50__monthly__long_only,long_only,base,10.0,0.0,G00__mom_255_0__top50__monthly__long_only,delta_vs_same_scenario_G00,sharpe_excess_rf,-0.05158905601916686
G33,G33__mom_255_0__top50__monthly__long_only,long_only,base,10.0,0.0,G00__mom_255_0__top50__monthly__long_only,delta_vs_same_scenario_G00,max_drawdown,0.07780674552597872
G33,G33__mom_255_0__top50__monthly__long_only,long_only,base,10.0,0.0,G00__mom_255_0__top50__monthly__long_only,delta_vs_same_scenario_G00,annualized_volatility,-0.028339815813205244
G33,G33__mom_255_0__top50__monthly__long_only,long_only,base,10.0,0.0,G00__mom_255_0__top50__monthly__long_only,delta_vs_same_scenario_G00,annualized_l1_turnover,-0.12139063358502522
G33,G33__mom_255_0__top50__monthly__long_only,long_only,base,20.0,0.0,G00__mom_255_0__top50__monthly__long_only,delta_vs_same_scenario_G00,cagr,-0.02604592611576015
G33,G33__mom_255_0__top50__monthly__long_only,long_only,base,20.0,0.0,G00__mom_255_0__top50__monthly__long_only,delta_vs_same_scenario_G00,sharpe_excess_rf,-0.05521075239476647
G33,G33__mom_255_0__top50__monthly__long_only,long_only,base,20.0,0.0,G00__mom_255_0__top50__monthly__long_only,delta_vs_same_scenario_G00,max_drawdown,0.07714389561553686
G33,G33__mom_255_0__top50__monthly__long_only,long_only,base,20.0,0.0,G00__mom_255_0__top50__monthly__long_only,delta_vs_same_scenario_G00,annualized_volatility,-0.028356883658203158
G33,G33__mom_255_0__top50__monthly__long_only,long_only,base,20.0,0.0,G00__mom_255_0__top50__monthly__long_only,delta_vs_same_scenario_G00,annualized_l1_turnover,-0.12139063358502522
G33,G33__mom_255_0__top50__monthly__long_short,long_short,base,0.0,0.0,G00__mom_255_0__top50__monthly__long_short,delta_vs_same_scenario_G00,cagr,0.0021243389674296953
G33,G33__mom_255_0__top50__monthly__long_short,long_short,base,0.0,0.0,G00__mom_255_0__top50__monthly__long_short,delta_vs_same_scenario_G00,sharpe_excess_rf,0.036919409323475844
G33,G33__mom_255_0__top50__monthly__long_short,long_short,base,0.0,0.0,G00__mom_255_0__top50__monthly__long_short,delta_vs_same_scenario_G00,max_drawdown,0.051226578370430154
G33,G33__mom_255_0__top50__monthly__long_short,long_short,base,0.0,0.0,G00__mom_255_0__top50__monthly__long_short,delta_vs_same_scenario_G00,annualized_volatility,-0.0334916825359905
G33,G33__mom_255_0__top50__monthly__long_short,long_short,base,0.0,0.0,G00__mom_255_0__top50__monthly__long_short,delta_vs_same_scenario_G00,annualized_l1_turnover,-0.276910229480297
G33,G33__mom_255_0__top50__monthly__long_short,long_short,base,0.0,0.01,G00__mom_255_0__top50__monthly__long_short,delta_vs_same_scenario_G00,cagr,0.002560373427041421
G33,G33__mom_255_0__top50__monthly__long_short,long_short,base,0.0,0.01,G00__mom_255_0__top50__monthly__long_short,delta_vs_same_scenario_G00,sharpe_excess_rf,0.03158743627450733
G33,G33__mom_255_0__top50__monthly__long_short,long_short,base,0.0,0.01,G00__mom_255_0__top50__monthly__long_short,delta_vs_same_scenario_G00,max_drawdown,0.052489624130729606
G33,G33__mom_255_0__top50__monthly__long_short,long_short,base,0.0,0.01,G00__mom_255_0__top50__monthly__long_short,delta_vs_same_scenario_G00,annualized_volatility,-0.03350309096385298
G33,G33__mom_255_0__top50__monthly__long_short,long_short,base,0.0,0.01,G00__mom_255_0__top50__monthly__long_short,delta_vs_same_scenario_G00,annualized_l1_turnover,-0.27730467356435184
G33,G33__mom_255_0__top50__monthly__long_short,long_short,base,0.0,0.03,G00__mom_255_0__top50__monthly__long_short,delta_vs_same_scenario_G00,cagr,0.0034082392146784005
G33,G33__mom_255_0__top50__monthly__long_short,long_short,base,0.0,0.03,G00__mom_255_0__top50__monthly__long_short,delta_vs_same_scenario_G00,sharpe_excess_rf,0.02107543451094876
G33,G33__mom_255_0__top50__monthly__long_short,long_short,base,0.0,0.03,G00__mom_255_0__top50__monthly__long_short,delta_vs_same_scenario_G00,max_drawdown,0.054933609951596296
G33,G33__mom_255_0__top50__monthly__long_short,long_short,base,0.0,0.03,G00__mom_255_0__top50__monthly__long_short,delta_vs_same_scenario_G00,annualized_volatility,-0.03352552381866426
G33,G33__mom_255_0__top50__monthly__long_short,long_short,base,0.0,0.03,G00__mom_255_0__top50__monthly__long_short,delta_vs_same_scenario_G00,annualized_l1_turnover,-0.2780886338464992
G33,G33__mom_255_0__top50__monthly__long_short,long_short,base,5.0,0.0,G00__mom_255_0__top50__monthly__long_short,delta_vs_same_scenario_G00,cagr,0.0022616792482581805
G33,G33__mom_255_0__top50__monthly__long_short,long_short,base,5.0,0.0,G00__mom_255_0__top50__monthly__long_short,delta_vs_same_scenario_G00,sharpe_excess_rf,0.03150762304500329
G33,G33__mom_255_0__top50__monthly__long_short,long_short,base,5.0,0.0,G00__mom_255_0__top50__monthly__long_short,delta_vs_same_scenario_G00,max_drawdown,0.0514909282765017
G33,G33__mom_255_0__top50__monthly__long_short,long_short,base,5.0,0.0,G00__mom_255_0__top50__monthly__long_short,delta_vs_same_scenario_G00,annualized_volatility,-0.0334816684292082
G33,G33__mom_255_0__top50__monthly__long_short,long_short,base,5.0,0.0,G00__mom_255_0__top50__monthly__long_short,delta_vs_same_scenario_G00,annualized_l1_turnover,-0.2769102294802961
G33,G33__mom_255_0__top50__monthly__long_short,long_short,base,5.0,0.01,G00__mom_255_0__top50__monthly__long_short,delta_vs_same_scenario_G00,cagr,0.0026956406260777166
G33,G33__mom_255_0__top50__monthly__long_short,long_short,base,5.0,0.01,G00__mom_255_0__top50__monthly__long_short,delta_vs_same_scenario_G00,sharpe_excess_rf,0.026177165526659496
G33,G33__mom_255_0__top50__monthly__long_short,long_short,base,5.0,0.01,G00__mom_255_0__top50__monthly__long_short,delta_vs_same_scenario_G00,max_drawdown,0.05274650302576711
G33,G33__mom_255_0__top50__monthly__long_short,long_short,base,5.0,0.01,G00__mom_255_0__top50__monthly__long_short,delta_vs_same_scenario_G00,annualized_volatility,-0.03349304792556741
G33,G33__mom_255_0__top50__monthly__long_short,long_short,base,5.0,0.01,G00__mom_255_0__top50__monthly__long_short,delta_vs_same_scenario_G00,annualized_l1_turnover,-0.27730467356435184
G33,G33__mom_255_0__top50__monthly__long_short,long_short,base,5.0,0.03,G00__mom_255_0__top50__monthly__long_short,delta_vs_same_scenario_G00,cagr,0.00353946668512585
G33,G33__mom_255_0__top50__monthly__long_short,long_short,base,5.0,0.03,G00__mom_255_0__top50__monthly__long_short,delta_vs_same_scenario_G00,sharpe_excess_rf,0.01566821272100065
G33,G33__mom_255_0__top50__monthly__long_short,long_short,base,5.0,0.03,G00__mom_255_0__top50__monthly__long_short,delta_vs_same_scenario_G00,max_drawdown,0.055175971646344524
G33,G33__mom_255_0__top50__monthly__long_short,long_short,base,5.0,0.03,G00__mom_255_0__top50__monthly__long_short,delta_vs_same_scenario_G00,annualized_volatility,-0.03351542379434297
G33,G33__mom_255_0__top50__monthly__long_short,long_short,base,5.0,0.03,G00__mom_255_0__top50__monthly__long_short,delta_vs_same_scenario_G00,annualized_l1_turnover,-0.2780886338464992
G33,G33__mom_255_0__top50__monthly__long_short,long_short,base,10.0,0.0,G00__mom_255_0__top50__monthly__long_short,delta_vs_same_scenario_G00,cagr,0.0023980556051022214
G33,G33__mom_255_0__top50__monthly__long_short,long_short,base,10.0,0.0,G00__mom_255_0__top50__monthly__long_short,delta_vs_same_scenario_G00,sharpe_excess_rf,0.02609137488947283
G33,G33__mom_255_0__top50__monthly__long_short,long_short,base,10.0,0.0,G00__mom_255_0__top50__monthly__long_short,delta_vs_same_scenario_G00,max_drawdown,0.05175213752190572
G33,G33__mom_255_0__top50__monthly__long_short,long_short,base,10.0,0.0,G00__mom_255_0__top50__monthly__long_short,delta_vs_same_scenario_G00,annualized_volatility,-0.03347009537622164
G33,G33__mom_255_0__top50__monthly__long_short,long_short,base,10.0,0.0,G00__mom_255_0__top50__monthly__long_short,delta_vs_same_scenario_G00,annualized_l1_turnover,-0.2769102294802961
G33,G33__mom_255_0__top50__monthly__long_short,long_short,base,10.0,0.01,G00__mom_255_0__top50__monthly__long_short,delta_vs_same_scenario_G00,cagr,0.0028299522567680896
G33,G33__mom_255_0__top50__monthly__long_short,long_short,base,10.0,0.01,G00__mom_255_0__top50__monthly__long_short,delta_vs_same_scenario_G00,sharpe_excess_rf,0.020763675830266087
G33,G33__mom_255_0__top50__monthly__long_short,long_short,base,10.0,0.01,G00__mom_255_0__top50__monthly__long_short,delta_vs_same_scenario_G00,max_drawdown,0.05300027840620586
G33,G33__mom_255_0__top50__monthly__long_short,long_short,base,10.0,0.01,G00__mom_255_0__top50__monthly__long_short,delta_vs_same_scenario_G00,annualized_volatility,-0.03348144586019469
G33,G33__mom_255_0__top50__monthly__long_short,long_short,base,10.0,0.01,G00__mom_255_0__top50__monthly__long_short,delta_vs_same_scenario_G00,annualized_l1_turnover,-0.27730467356435184
G33,G33__mom_255_0__top50__monthly__long_short,long_short,base,10.0,0.03,G00__mom_255_0__top50__monthly__long_short,delta_vs_same_scenario_G00,cagr,0.0036697548866369764
G33,G33__mom_255_0__top50__monthly__long_short,long_short,base,10.0,0.03,G00__mom_255_0__top50__monthly__long_short,delta_vs_same_scenario_G00,sharpe_excess_rf,0.010260221911278788
G33,G33__mom_255_0__top50__monthly__long_short,long_short,base,10.0,0.03,G00__mom_255_0__top50__monthly__long_short,delta_vs_same_scenario_G00,max_drawdown,0.05541530217062568
G33,G33__mom_255_0__top50__monthly__long_short,long_short,base,10.0,0.03,G00__mom_255_0__top50__monthly__long_short,delta_vs_same_scenario_G00,annualized_volatility,-0.033503764583296305
G33,G33__mom_255_0__top50__monthly__long_short,long_short,base,10.0,0.03,G00__mom_255_0__top50__monthly__long_short,delta_vs_same_scenario_G00,annualized_l1_turnover,-0.2780886338464992
G33,G33__mom_255_0__top50__monthly__long_short,long_short,base,20.0,0.0,G00__mom_255_0__top50__monthly__long_short,delta_vs_same_scenario_G00,cagr,0.0026679345333631907
G33,G33__mom_255_0__top50__monthly__long_short,long_short,base,20.0,0.0,G00__mom_255_0__top50__monthly__long_short,delta_vs_same_scenario_G00,sharpe_excess_rf,0.0152577582924604
G33,G33__mom_255_0__top50__monthly__long_short,long_short,base,20.0,0.0,G00__mom_255_0__top50__monthly__long_short,delta_vs_same_scenario_G00,max_drawdown,0.05226521279924362
G33,G33__mom_255_0__top50__monthly__long_short,long_short,base,20.0,0.0,G00__mom_255_0__top50__monthly__long_short,delta_vs_same_scenario_G00,annualized_volatility,-0.03344228048440134
G33,G33__mom_255_0__top50__monthly__long_short,long_short,base,20.0,0.0,G00__mom_255_0__top50__monthly__long_short,delta_vs_same_scenario_G00,annualized_l1_turnover,-0.276910229480297
G33,G33__mom_255_0__top50__monthly__long_short,long_short,base,20.0,0.01,G00__mom_255_0__top50__monthly__long_short,delta_vs_same_scenario_G00,cagr,0.003095726683455532
G33,G33__mom_255_0__top50__monthly__long_short,long_short,base,20.0,0.01,G00__mom_255_0__top50__monthly__long_short,delta_vs_same_scenario_G00,sharpe_excess_rf,0.009939299583219055
G33,G33__mom_255_0__top50__monthly__long_short,long_short,base,20.0,0.01,G00__mom_255_0__top50__monthly__long_short,delta_vs_same_scenario_G00,max_drawdown,0.05349859675172397
G33,G33__mom_255_0__top50__monthly__long_short,long_short,base,20.0,0.01,G00__mom_255_0__top50__monthly__long_short,delta_vs_same_scenario_G00,annualized_volatility,-0.03345357272924453
G33,G33__mom_255_0__top50__monthly__long_short,long_short,base,20.0,0.01,G00__mom_255_0__top50__monthly__long_short,delta_vs_same_scenario_G00,annualized_l1_turnover,-0.27730467356435184
G33,G33__mom_255_0__top50__monthly__long_short,long_short,base,20.0,0.03,G00__mom_255_0__top50__monthly__long_short,delta_vs_same_scenario_G00,cagr,0.003927531126497113
G33,G33__mom_255_0__top50__monthly__long_short,long_short,base,20.0,0.03,G00__mom_255_0__top50__monthly__long_short,delta_vs_same_scenario_G00,sharpe_excess_rf,-0.0005458174004204577
G33,G33__mom_255_0__top50__monthly__long_short,long_short,base,20.0,0.03,G00__mom_255_0__top50__monthly__long_short,delta_vs_same_scenario_G00,max_drawdown,0.05588494658797627
G33,G33__mom_255_0__top50__monthly__long_short,long_short,base,20.0,0.03,G00__mom_255_0__top50__monthly__long_short,delta_vs_same_scenario_G00,annualized_volatility,-0.03347577673772112
G33,G33__mom_255_0__top50__monthly__long_short,long_short,base,20.0,0.03,G00__mom_255_0__top50__monthly__long_short,delta_vs_same_scenario_G00,annualized_l1_turnover,-0.2780886338464992
G33,G33__mom_255_0__top50__weekly__long_only,long_only,base,0.0,0.0,G00__mom_255_0__top50__weekly__long_only,delta_vs_same_scenario_G00,cagr,-0.0335010545885332
G33,G33__mom_255_0__top50__weekly__long_only,long_only,base,0.0,0.0,G00__mom_255_0__top50__weekly__long_only,delta_vs_same_scenario_G00,sharpe_excess_rf,-0.0854791473319032
G33,G33__mom_255_0__top50__weekly__long_only,long_only,base,0.0,0.0,G00__mom_255_0__top50__weekly__long_only,delta_vs_same_scenario_G00,max_drawdown,0.12365489309791433
G33,G33__mom_255_0__top50__weekly__long_only,long_only,base,0.0,0.0,G00__mom_255_0__top50__weekly__long_only,delta_vs_same_scenario_G00,annualized_volatility,-0.0337378822687803
G33,G33__mom_255_0__top50__weekly__long_only,long_only,base,0.0,0.0,G00__mom_255_0__top50__weekly__long_only,delta_vs_same_scenario_G00,annualized_l1_turnover,-0.46320811171922216
G33,G33__mom_255_0__top50__weekly__long_only,long_only,base,5.0,0.0,G00__mom_255_0__top50__weekly__long_only,delta_vs_same_scenario_G00,cagr,-0.0329816279199481
G33,G33__mom_255_0__top50__weekly__long_only,long_only,base,5.0,0.0,G00__mom_255_0__top50__weekly__long_only,delta_vs_same_scenario_G00,sharpe_excess_rf,-0.09021134239971634
G33,G33__mom_255_0__top50__weekly__long_only,long_only,base,5.0,0.0,G00__mom_255_0__top50__weekly__long_only,delta_vs_same_scenario_G00,max_drawdown,0.1225237966847727
G33,G33__mom_255_0__top50__weekly__long_only,long_only,base,5.0,0.0,G00__mom_255_0__top50__weekly__long_only,delta_vs_same_scenario_G00,annualized_volatility,-0.0337369028959435
G33,G33__mom_255_0__top50__weekly__long_only,long_only,base,5.0,0.0,G00__mom_255_0__top50__weekly__long_only,delta_vs_same_scenario_G00,annualized_l1_turnover,-0.46320811171922216
G33,G33__mom_255_0__top50__weekly__long_only,long_only,base,10.0,0.0,G00__mom_255_0__top50__weekly__long_only,delta_vs_same_scenario_G00,cagr,-0.03246811164334806
G33,G33__mom_255_0__top50__weekly__long_only,long_only,base,10.0,0.0,G00__mom_255_0__top50__weekly__long_only,delta_vs_same_scenario_G00,sharpe_excess_rf,-0.09494294319240154
G33,G33__mom_255_0__top50__weekly__long_only,long_only,base,10.0,0.0,G00__mom_255_0__top50__weekly__long_only,delta_vs_same_scenario_G00,max_drawdown,0.12140075188181976
G33,G33__mom_255_0__top50__weekly__long_only,long_only,base,10.0,0.0,G00__mom_255_0__top50__weekly__long_only,delta_vs_same_scenario_G00,annualized_volatility,-0.03373540204140224
G33,G33__mom_255_0__top50__weekly__long_only,long_only,base,10.0,0.0,G00__mom_255_0__top50__weekly__long_only,delta_vs_same_scenario_G00,annualized_l1_turnover,-0.46320811171922216
G33,G33__mom_255_0__top50__weekly__long_only,long_only,base,20.0,0.0,G00__mom_255_0__top50__weekly__long_only,delta_vs_same_scenario_G00,cagr,-0.03145857687905425
G33,G33__mom_255_0__top50__weekly__long_only,long_only,base,20.0,0.0,G00__mom_255_0__top50__weekly__long_only,delta_vs_same_scenario_G00,sharpe_excess_rf,-0.10440024791594793
G33,G33__mom_255_0__top50__weekly__long_only,long_only,base,20.0,0.0,G00__mom_255_0__top50__weekly__long_only,delta_vs_same_scenario_G00,max_drawdown,0.11917875380557758
G33,G33__mom_255_0__top50__weekly__long_only,long_only,base,20.0,0.0,G00__mom_255_0__top50__weekly__long_only,delta_vs_same_scenario_G00,annualized_volatility,-0.0337308375477926
G33,G33__mom_255_0__top50__weekly__long_only,long_only,base,20.0,0.0,G00__mom_255_0__top50__weekly__long_only,delta_vs_same_scenario_G00,annualized_l1_turnover,-0.46320811171922216
G33,G33__mom_255_0__top50__weekly__long_short,long_short,base,0.0,0.0,G00__mom_255_0__top50__weekly__long_short,delta_vs_same_scenario_G00,cagr,0.01575810136683313
G33,G33__mom_255_0__top50__weekly__long_short,long_short,base,0.0,0.0,G00__mom_255_0__top50__weekly__long_short,delta_vs_same_scenario_G00,sharpe_excess_rf,0.09745678372636413
G33,G33__mom_255_0__top50__weekly__long_short,long_short,base,0.0,0.0,G00__mom_255_0__top50__weekly__long_short,delta_vs_same_scenario_G00,max_drawdown,0.16340410642513303
G33,G33__mom_255_0__top50__weekly__long_short,long_short,base,0.0,0.0,G00__mom_255_0__top50__weekly__long_short,delta_vs_same_scenario_G00,annualized_volatility,-0.03802534354281856
G33,G33__mom_255_0__top50__weekly__long_short,long_short,base,0.0,0.0,G00__mom_255_0__top50__weekly__long_short,delta_vs_same_scenario_G00,annualized_l1_turnover,-1.0470161325768856
G33,G33__mom_255_0__top50__weekly__long_short,long_short,base,0.0,0.01,G00__mom_255_0__top50__weekly__long_short,delta_vs_same_scenario_G00,cagr,0.01615514017527579
G33,G33__mom_255_0__top50__weekly__long_short,long_short,base,0.0,0.01,G00__mom_255_0__top50__weekly__long_short,delta_vs_same_scenario_G00,sharpe_excess_rf,0.09103341080109413
G33,G33__mom_255_0__top50__weekly__long_short,long_short,base,0.0,0.01,G00__mom_255_0__top50__weekly__long_short,delta_vs_same_scenario_G00,max_drawdown,0.16266567614406302
G33,G33__mom_255_0__top50__weekly__long_short,long_short,base,0.0,0.01,G00__mom_255_0__top50__weekly__long_short,delta_vs_same_scenario_G00,annualized_volatility,-0.03802978542400097
G33,G33__mom_255_0__top50__weekly__long_short,long_short,base,0.0,0.01,G00__mom_255_0__top50__weekly__long_short,delta_vs_same_scenario_G00,annualized_l1_turnover,-1.0473360180313023
G33,G33__mom_255_0__top50__weekly__long_short,long_short,base,0.0,0.03,G00__mom_255_0__top50__weekly__long_short,delta_vs_same_scenario_G00,cagr,0.016925768492305277
G33,G33__mom_255_0__top50__weekly__long_short,long_short,base,0.0,0.03,G00__mom_255_0__top50__weekly__long_short,delta_vs_same_scenario_G00,sharpe_excess_rf,0.07837305631433295
G33,G33__mom_255_0__top50__weekly__long_short,long_short,base,0.0,0.03,G00__mom_255_0__top50__weekly__long_short,delta_vs_same_scenario_G00,max_drawdown,0.16118492199107332
G33,G33__mom_255_0__top50__weekly__long_short,long_short,base,0.0,0.03,G00__mom_255_0__top50__weekly__long_short,delta_vs_same_scenario_G00,annualized_volatility,-0.038038451362522194
G33,G33__mom_255_0__top50__weekly__long_short,long_short,base,0.0,0.03,G00__mom_255_0__top50__weekly__long_short,delta_vs_same_scenario_G00,annualized_l1_turnover,-1.0479683008920428
G33,G33__mom_255_0__top50__weekly__long_short,long_short,base,5.0,0.0,G00__mom_255_0__top50__weekly__long_short,delta_vs_same_scenario_G00,cagr,0.01617405675248959
G33,G33__mom_255_0__top50__weekly__long_short,long_short,base,5.0,0.0,G00__mom_255_0__top50__weekly__long_short,delta_vs_same_scenario_G00,sharpe_excess_rf,0.08562291412798011
G33,G33__mom_255_0__top50__weekly__long_short,long_short,base,5.0,0.0,G00__mom_255_0__top50__weekly__long_short,delta_vs_same_scenario_G00,max_drawdown,0.16186249364087346
G33,G33__mom_255_0__top50__weekly__long_short,long_short,base,5.0,0.0,G00__mom_255_0__top50__weekly__long_short,delta_vs_same_scenario_G00,annualized_volatility,-0.03803644513035369
G33,G33__mom_255_0__top50__weekly__long_short,long_short,base,5.0,0.0,G00__mom_255_0__top50__weekly__long_short,delta_vs_same_scenario_G00,annualized_l1_turnover,-1.0470161325768856
G33,G33__mom_255_0__top50__weekly__long_short,long_short,base,5.0,0.01,G00__mom_255_0__top50__weekly__long_short,delta_vs_same_scenario_G00,cagr,0.016565714821359413
G33,G33__mom_255_0__top50__weekly__long_short,long_short,base,5.0,0.01,G00__mom_255_0__top50__weekly__long_short,delta_vs_same_scenario_G00,sharpe_excess_rf,0.07919881497007827
G33,G33__mom_255_0__top50__weekly__long_short,long_short,base,5.0,0.01,G00__mom_255_0__top50__weekly__long_short,delta_vs_same_scenario_G00,max_drawdown,0.161115304976299
G33,G33__mom_255_0__top50__weekly__long_short,long_short,base,5.0,0.01,G00__mom_255_0__top50__weekly__long_short,delta_vs_same_scenario_G00,annualized_volatility,-0.03804085016996693
G33,G33__mom_255_0__top50__weekly__long_short,long_short,base,5.0,0.01,G00__mom_255_0__top50__weekly__long_short,delta_vs_same_scenario_G00,annualized_l1_turnover,-1.0473360180312987
G33,G33__mom_255_0__top50__weekly__long_short,long_short,base,5.0,0.03,G00__mom_255_0__top50__weekly__long_short,delta_vs_same_scenario_G00,cagr,0.017325858084876966
G33,G33__mom_255_0__top50__weekly__long_short,long_short,base,5.0,0.03,G00__mom_255_0__top50__weekly__long_short,delta_vs_same_scenario_G00,sharpe_excess_rf,0.06653714301163503
G33,G33__mom_255_0__top50__weekly__long_short,long_short,base,5.0,0.03,G00__mom_255_0__top50__weekly__long_short,delta_vs_same_scenario_G00,max_drawdown,0.15961871983434306
G33,G33__mom_255_0__top50__weekly__long_short,long_short,base,5.0,0.03,G00__mom_255_0__top50__weekly__long_short,delta_vs_same_scenario_G00,annualized_volatility,-0.03804944345166088
G33,G33__mom_255_0__top50__weekly__long_short,long_short,base,5.0,0.03,G00__mom_255_0__top50__weekly__long_short,delta_vs_same_scenario_G00,annualized_l1_turnover,-1.0479683008920428
G33,G33__mom_255_0__top50__weekly__long_short,long_short,base,10.0,0.0,G00__mom_255_0__top50__weekly__long_short,delta_vs_same_scenario_G00,cagr,0.01658294122643936
G33,G33__mom_255_0__top50__weekly__long_short,long_short,base,10.0,0.0,G00__mom_255_0__top50__weekly__long_short,delta_vs_same_scenario_G00,sharpe_excess_rf,0.07378268182745851
G33,G33__mom_255_0__top50__weekly__long_short,long_short,base,10.0,0.0,G00__mom_255_0__top50__weekly__long_short,delta_vs_same_scenario_G00,max_drawdown,0.1603139831396847
G33,G33__mom_255_0__top50__weekly__long_short,long_short,base,10.0,0.0,G00__mom_255_0__top50__weekly__long_short,delta_vs_same_scenario_G00,annualized_volatility,-0.038046158331047825
G33,G33__mom_255_0__top50__weekly__long_short,long_short,base,10.0,0.0,G00__mom_255_0__top50__weekly__long_short,delta_vs_same_scenario_G00,annualized_l1_turnover,-1.0470161325768856
G33,G33__mom_255_0__top50__weekly__long_short,long_short,base,10.0,0.01,G00__mom_255_0__top50__weekly__long_short,delta_vs_same_scenario_G00,cagr,0.01696927561959836
G33,G33__mom_255_0__top50__weekly__long_short,long_short,base,10.0,0.01,G00__mom_255_0__top50__weekly__long_short,delta_vs_same_scenario_G00,sharpe_excess_rf,0.06735918822969961
G33,G33__mom_255_0__top50__weekly__long_short,long_short,base,10.0,0.01,G00__mom_255_0__top50__weekly__long_short,delta_vs_same_scenario_G00,max_drawdown,0.15955871719104803
G33,G33__mom_255_0__top50__weekly__long_short,long_short,base,10.0,0.01,G00__mom_255_0__top50__weekly__long_short,delta_vs_same_scenario_G00,annualized_volatility,-0.038050526537738785
G33,G33__mom_255_0__top50__weekly__long_short,long_short,base,10.0,0.01,G00__mom_255_0__top50__weekly__long_short,delta_vs_same_scenario_G00,annualized_l1_turnover,-1.0473360180312987
G33,G33__mom_255_0__top50__weekly__long_short,long_short,base,10.0,0.03,G00__mom_255_0__top50__weekly__long_short,delta_vs_same_scenario_G00,cagr,0.017719045190095706
G33,G33__mom_255_0__top50__weekly__long_short,long_short,base,10.0,0.03,G00__mom_255_0__top50__weekly__long_short,delta_vs_same_scenario_G00,sharpe_excess_rf,0.05469882309798091
G33,G33__mom_255_0__top50__weekly__long_short,long_short,base,10.0,0.03,G00__mom_255_0__top50__weekly__long_short,delta_vs_same_scenario_G00,max_drawdown,0.1580475951956637
G33,G33__mom_255_0__top50__weekly__long_short,long_short,base,10.0,0.03,G00__mom_255_0__top50__weekly__long_short,delta_vs_same_scenario_G00,annualized_volatility,-0.03805904718298156
G33,G33__mom_255_0__top50__weekly__long_short,long_short,base,10.0,0.03,G00__mom_255_0__top50__weekly__long_short,delta_vs_same_scenario_G00,annualized_l1_turnover,-1.0479683008920393
G33,G33__mom_255_0__top50__weekly__long_short,long_short,base,20.0,0.0,G00__mom_255_0__top50__weekly__long_short,delta_vs_same_scenario_G00,cagr,0.017379818016384573
G33,G33__mom_255_0__top50__weekly__long_short,long_short,base,20.0,0.0,G00__mom_255_0__top50__weekly__long_short,delta_vs_same_scenario_G00,sharpe_excess_rf,0.05010892510813124
G33,G33__mom_255_0__top50__weekly__long_short,long_short,base,20.0,0.0,G00__mom_255_0__top50__weekly__long_short,delta_vs_same_scenario_G00,max_drawdown,0.1572000175745707
G33,G33__mom_255_0__top50__weekly__long_short,long_short,base,20.0,0.0,G00__mom_255_0__top50__weekly__long_short,delta_vs_same_scenario_G00,annualized_volatility,-0.03806142096033499
G33,G33__mom_255_0__top50__weekly__long_short,long_short,base,20.0,0.0,G00__mom_255_0__top50__weekly__long_short,delta_vs_same_scenario_G00,annualized_l1_turnover,-1.0470161325768856
G33,G33__mom_255_0__top50__weekly__long_short,long_short,base,20.0,0.01,G00__mom_255_0__top50__weekly__long_short,delta_vs_same_scenario_G00,cagr,0.0177556741128753
G33,G33__mom_255_0__top50__weekly__long_short,long_short,base,20.0,0.01,G00__mom_255_0__top50__weekly__long_short,delta_vs_same_scenario_G00,sharpe_excess_rf,0.04369062942870544
G33,G33__mom_255_0__top50__weekly__long_short,long_short,base,20.0,0.01,G00__mom_255_0__top50__weekly__long_short,delta_vs_same_scenario_G00,max_drawdown,0.15643054387236466
G33,G33__mom_255_0__top50__weekly__long_short,long_short,base,20.0,0.01,G00__mom_255_0__top50__weekly__long_short,delta_vs_same_scenario_G00,annualized_volatility,-0.0380657155615481
G33,G33__mom_255_0__top50__weekly__long_short,long_short,base,20.0,0.01,G00__mom_255_0__top50__weekly__long_short,delta_vs_same_scenario_G00,annualized_l1_turnover,-1.0473360180312987
G33,G33__mom_255_0__top50__weekly__long_short,long_short,base,20.0,0.03,G00__mom_255_0__top50__weekly__long_short,delta_vs_same_scenario_G00,cagr,0.018485026205672262
G33,G33__mom_255_0__top50__weekly__long_short,long_short,base,20.0,0.03,G00__mom_255_0__top50__weekly__long_short,delta_vs_same_scenario_G00,sharpe_excess_rf,0.031040733693640438
G33,G33__mom_255_0__top50__weekly__long_short,long_short,base,20.0,0.03,G00__mom_255_0__top50__weekly__long_short,delta_vs_same_scenario_G00,max_drawdown,0.15489404587906275
G33,G33__mom_255_0__top50__weekly__long_short,long_short,base,20.0,0.03,G00__mom_255_0__top50__weekly__long_short,delta_vs_same_scenario_G00,annualized_volatility,-0.03807409106280002
G33,G33__mom_255_0__top50__weekly__long_short,long_short,base,20.0,0.03,G00__mom_255_0__top50__weekly__long_short,delta_vs_same_scenario_G00,annualized_l1_turnover,-1.0479683008920428
G33,G33__mom_255_21__top10__monthly__long_only,long_only,base,0.0,0.0,G00__mom_255_21__top10__monthly__long_only,delta_vs_same_scenario_G00,cagr,-0.031492541552227776
G33,G33__mom_255_21__top10__monthly__long_only,long_only,base,0.0,0.0,G00__mom_255_21__top10__monthly__long_only,delta_vs_same_scenario_G00,sharpe_excess_rf,-0.04315286048736855
G33,G33__mom_255_21__top10__monthly__long_only,long_only,base,0.0,0.0,G00__mom_255_21__top10__monthly__long_only,delta_vs_same_scenario_G00,max_drawdown,0.07458957189777327
G33,G33__mom_255_21__top10__monthly__long_only,long_only,base,0.0,0.0,G00__mom_255_21__top10__monthly__long_only,delta_vs_same_scenario_G00,annualized_volatility,-0.04434375649417621
G33,G33__mom_255_21__top10__monthly__long_only,long_only,base,0.0,0.0,G00__mom_255_21__top10__monthly__long_only,delta_vs_same_scenario_G00,annualized_l1_turnover,-0.43646511701568613
G33,G33__mom_255_21__top10__monthly__long_only,long_only,base,5.0,0.0,G00__mom_255_21__top10__monthly__long_only,delta_vs_same_scenario_G00,cagr,-0.031094439856021283
G33,G33__mom_255_21__top10__monthly__long_only,long_only,base,5.0,0.0,G00__mom_255_21__top10__monthly__long_only,delta_vs_same_scenario_G00,sharpe_excess_rf,-0.04433886338505877
G33,G33__mom_255_21__top10__monthly__long_only,long_only,base,5.0,0.0,G00__mom_255_21__top10__monthly__long_only,delta_vs_same_scenario_G00,max_drawdown,0.07422160047267995
G33,G33__mom_255_21__top10__monthly__long_only,long_only,base,5.0,0.0,G00__mom_255_21__top10__monthly__long_only,delta_vs_same_scenario_G00,annualized_volatility,-0.04435411793535027
G33,G33__mom_255_21__top10__monthly__long_only,long_only,base,5.0,0.0,G00__mom_255_21__top10__monthly__long_only,delta_vs_same_scenario_G00,annualized_l1_turnover,-0.43646511701568613
G33,G33__mom_255_21__top10__monthly__long_only,long_only,base,10.0,0.0,G00__mom_255_21__top10__monthly__long_only,delta_vs_same_scenario_G00,cagr,-0.030698952794712298
G33,G33__mom_255_21__top10__monthly__long_only,long_only,base,10.0,0.0,G00__mom_255_21__top10__monthly__long_only,delta_vs_same_scenario_G00,sharpe_excess_rf,-0.0455267230565537
G33,G33__mom_255_21__top10__monthly__long_only,long_only,base,10.0,0.0,G00__mom_255_21__top10__monthly__long_only,delta_vs_same_scenario_G00,max_drawdown,0.07385435689739828
G33,G33__mom_255_21__top10__monthly__long_only,long_only,base,10.0,0.0,G00__mom_255_21__top10__monthly__long_only,delta_vs_same_scenario_G00,annualized_volatility,-0.044364319447750045
G33,G33__mom_255_21__top10__monthly__long_only,long_only,base,10.0,0.0,G00__mom_255_21__top10__monthly__long_only,delta_vs_same_scenario_G00,annualized_l1_turnover,-0.43646511701568613
G33,G33__mom_255_21__top10__monthly__long_only,long_only,base,20.0,0.0,G00__mom_255_21__top10__monthly__long_only,delta_vs_same_scenario_G00,cagr,-0.029915770602461284
G33,G33__mom_255_21__top10__monthly__long_only,long_only,base,20.0,0.0,G00__mom_255_21__top10__monthly__long_only,delta_vs_same_scenario_G00,sharpe_excess_rf,-0.04790731455593944
G33,G33__mom_255_21__top10__monthly__long_only,long_only,base,20.0,0.0,G00__mom_255_21__top10__monthly__long_only,delta_vs_same_scenario_G00,max_drawdown,0.07312210218418458
G33,G33__mom_255_21__top10__monthly__long_only,long_only,base,20.0,0.0,G00__mom_255_21__top10__monthly__long_only,delta_vs_same_scenario_G00,annualized_volatility,-0.04438424063115237
G33,G33__mom_255_21__top10__monthly__long_only,long_only,base,20.0,0.0,G00__mom_255_21__top10__monthly__long_only,delta_vs_same_scenario_G00,annualized_l1_turnover,-0.43646511701568613
G33,G33__mom_255_21__top10__monthly__long_short,long_short,base,0.0,0.0,G00__mom_255_21__top10__monthly__long_short,delta_vs_same_scenario_G00,cagr,-0.008091171048520258
G33,G33__mom_255_21__top10__monthly__long_short,long_short,base,0.0,0.0,G00__mom_255_21__top10__monthly__long_short,delta_vs_same_scenario_G00,sharpe_excess_rf,-0.034666990975860235
G33,G33__mom_255_21__top10__monthly__long_short,long_short,base,0.0,0.0,G00__mom_255_21__top10__monthly__long_short,delta_vs_same_scenario_G00,max_drawdown,0.02423678035682547
G33,G33__mom_255_21__top10__monthly__long_short,long_short,base,0.0,0.0,G00__mom_255_21__top10__monthly__long_short,delta_vs_same_scenario_G00,annualized_volatility,-0.04473477612700383
G33,G33__mom_255_21__top10__monthly__long_short,long_short,base,0.0,0.0,G00__mom_255_21__top10__monthly__long_short,delta_vs_same_scenario_G00,annualized_l1_turnover,-0.5457709357157334
G33,G33__mom_255_21__top10__monthly__long_short,long_short,base,0.0,0.01,G00__mom_255_21__top10__monthly__long_short,delta_vs_same_scenario_G00,cagr,-0.007644470301922945
G33,G33__mom_255_21__top10__monthly__long_short,long_short,base,0.0,0.01,G00__mom_255_21__top10__monthly__long_short,delta_vs_same_scenario_G00,sharpe_excess_rf,-0.03775498490744961
G33,G33__mom_255_21__top10__monthly__long_short,long_short,base,0.0,0.01,G00__mom_255_21__top10__monthly__long_short,delta_vs_same_scenario_G00,max_drawdown,0.02532967747119208
G33,G33__mom_255_21__top10__monthly__long_short,long_short,base,0.0,0.01,G00__mom_255_21__top10__monthly__long_short,delta_vs_same_scenario_G00,annualized_volatility,-0.04474802601499642
G33,G33__mom_255_21__top10__monthly__long_short,long_short,base,0.0,0.01,G00__mom_255_21__top10__monthly__long_short,delta_vs_same_scenario_G00,annualized_l1_turnover,-0.5460893501279571
G33,G33__mom_255_21__top10__monthly__long_short,long_short,base,0.0,0.03,G00__mom_255_21__top10__monthly__long_short,delta_vs_same_scenario_G00,cagr,-0.006775267916304131
G33,G33__mom_255_21__top10__monthly__long_short,long_short,base,0.0,0.03,G00__mom_255_21__top10__monthly__long_short,delta_vs_same_scenario_G00,sharpe_excess_rf,-0.043841734818928946
G33,G33__mom_255_21__top10__monthly__long_short,long_short,base,0.0,0.03,G00__mom_255_21__top10__monthly__long_short,delta_vs_same_scenario_G00,max_drawdown,0.02740566053662269
G33,G33__mom_255_21__top10__monthly__long_short,long_short,base,0.0,0.03,G00__mom_255_21__top10__monthly__long_short,delta_vs_same_scenario_G00,annualized_volatility,-0.044774125593091435
G33,G33__mom_255_21__top10__monthly__long_short,long_short,base,0.0,0.03,G00__mom_255_21__top10__monthly__long_short,delta_vs_same_scenario_G00,annualized_l1_turnover,-0.5467235630052816
G33,G33__mom_255_21__top10__monthly__long_short,long_short,base,5.0,0.0,G00__mom_255_21__top10__monthly__long_short,delta_vs_same_scenario_G00,cagr,-0.007767878248449746
G33,G33__mom_255_21__top10__monthly__long_short,long_short,base,5.0,0.0,G00__mom_255_21__top10__monthly__long_short,delta_vs_same_scenario_G00,sharpe_excess_rf,-0.03806841851968018
G33,G33__mom_255_21__top10__monthly__long_short,long_short,base,5.0,0.0,G00__mom_255_21__top10__monthly__long_short,delta_vs_same_scenario_G00,max_drawdown,0.025021699335288416
G33,G33__mom_255_21__top10__monthly__long_short,long_short,base,5.0,0.0,G00__mom_255_21__top10__monthly__long_short,delta_vs_same_scenario_G00,annualized_volatility,-0.04472207892112717
G33,G33__mom_255_21__top10__monthly__long_short,long_short,base,5.0,0.0,G00__mom_255_21__top10__monthly__long_short,delta_vs_same_scenario_G00,annualized_l1_turnover,-0.5457709357157334
G33,G33__mom_255_21__top10__monthly__long_short,long_short,base,5.0,0.01,G00__mom_255_21__top10__monthly__long_short,delta_vs_same_scenario_G00,cagr,-0.007324418603941757
G33,G33__mom_255_21__top10__monthly__long_short,long_short,base,5.0,0.01,G00__mom_255_21__top10__monthly__long_short,delta_vs_same_scenario_G00,sharpe_excess_rf,-0.041155439424268164
G33,G33__mom_255_21__top10__monthly__long_short,long_short,base,5.0,0.01,G00__mom_255_21__top10__monthly__long_short,delta_vs_same_scenario_G00,max_drawdown,0.026090547836432054
G33,G33__mom_255_21__top10__monthly__long_short,long_short,base,5.0,0.01,G00__mom_255_21__top10__monthly__long_short,delta_vs_same_scenario_G00,annualized_volatility,-0.04473531323789143
G33,G33__mom_255_21__top10__monthly__long_short,long_short,base,5.0,0.01,G00__mom_255_21__top10__monthly__long_short,delta_vs_same_scenario_G00,annualized_l1_turnover,-0.5460893501279589
G33,G33__mom_255_21__top10__monthly__long_short,long_short,base,5.0,0.03,G00__mom_255_21__top10__monthly__long_short,delta_vs_same_scenario_G00,cagr,-0.006461539020558682
G33,G33__mom_255_21__top10__monthly__long_short,long_short,base,5.0,0.03,G00__mom_255_21__top10__monthly__long_short,delta_vs_same_scenario_G00,sharpe_excess_rf,-0.04724025895433327
G33,G33__mom_255_21__top10__monthly__long_short,long_short,base,5.0,0.03,G00__mom_255_21__top10__monthly__long_short,delta_vs_same_scenario_G00,max_drawdown,0.028120360791182963
G33,G33__mom_255_21__top10__monthly__long_short,long_short,base,5.0,0.03,G00__mom_255_21__top10__monthly__long_short,delta_vs_same_scenario_G00,annualized_volatility,-0.04476138189364573
G33,G33__mom_255_21__top10__monthly__long_short,long_short,base,5.0,0.03,G00__mom_255_21__top10__monthly__long_short,delta_vs_same_scenario_G00,annualized_l1_turnover,-0.5467235630052816
G33,G33__mom_255_21__top10__monthly__long_short,long_short,base,10.0,0.0,G00__mom_255_21__top10__monthly__long_short,delta_vs_same_scenario_G00,cagr,-0.007447134336506546
G33,G33__mom_255_21__top10__monthly__long_short,long_short,base,10.0,0.0,G00__mom_255_21__top10__monthly__long_short,delta_vs_same_scenario_G00,sharpe_excess_rf,-0.04146846819884395
G33,G33__mom_255_21__top10__monthly__long_short,long_short,base,10.0,0.0,G00__mom_255_21__top10__monthly__long_short,delta_vs_same_scenario_G00,max_drawdown,0.02578562643715121
G33,G33__mom_255_21__top10__monthly__long_short,long_short,base,10.0,0.0,G00__mom_255_21__top10__monthly__long_short,delta_vs_same_scenario_G00,annualized_volatility,-0.044708512422690194
G33,G33__mom_255_21__top10__monthly__long_short,long_short,base,10.0,0.0,G00__mom_255_21__top10__monthly__long_short,delta_vs_same_scenario_G00,annualized_l1_turnover,-0.5457709357157334
G33,G33__mom_255_21__top10__monthly__long_short,long_short,base,10.0,0.01,G00__mom_255_21__top10__monthly__long_short,delta_vs_same_scenario_G00,cagr,-0.007006897799121038
G33,G33__mom_255_21__top10__monthly__long_short,long_short,base,10.0,0.01,G00__mom_255_21__top10__monthly__long_short,delta_vs_same_scenario_G00,sharpe_excess_rf,-0.04455407771099196
G33,G33__mom_255_21__top10__monthly__long_short,long_short,base,10.0,0.01,G00__mom_255_21__top10__monthly__long_short,delta_vs_same_scenario_G00,max_drawdown,0.026830819931472683
G33,G33__mom_255_21__top10__monthly__long_short,long_short,base,10.0,0.01,G00__mom_255_21__top10__monthly__long_short,delta_vs_same_scenario_G00,annualized_volatility,-0.04472173126202855
G33,G33__mom_255_21__top10__monthly__long_short,long_short,base,10.0,0.01,G00__mom_255_21__top10__monthly__long_short,delta_vs_same_scenario_G00,annualized_l1_turnover,-0.5460893501279589
G33,G33__mom_255_21__top10__monthly__long_short,long_short,base,10.0,0.03,G00__mom_255_21__top10__monthly__long_short,delta_vs_same_scenario_G00,cagr,-0.006150305877805781
G33,G33__mom_255_21__top10__monthly__long_short,long_short,base,10.0,0.03,G00__mom_255_21__top10__monthly__long_short,delta_vs_same_scenario_G00,sharpe_excess_rf,-0.0506361028654425
G33,G33__mom_255_21__top10__monthly__long_short,long_short,base,10.0,0.03,G00__mom_255_21__top10__monthly__long_short,delta_vs_same_scenario_G00,max_drawdown,0.028815221447373862
G33,G33__mom_255_21__top10__monthly__long_short,long_short,base,10.0,0.03,G00__mom_255_21__top10__monthly__long_short,delta_vs_same_scenario_G00,annualized_volatility,-0.04474776918151466
G33,G33__mom_255_21__top10__monthly__long_short,long_short,base,10.0,0.03,G00__mom_255_21__top10__monthly__long_short,delta_vs_same_scenario_G00,annualized_l1_turnover,-0.5467235630052834
G33,G33__mom_255_21__top10__monthly__long_short,long_short,base,20.0,0.0,G00__mom_255_21__top10__monthly__long_short,delta_vs_same_scenario_G00,cagr,-0.006813236617086542
G33,G33__mom_255_21__top10__monthly__long_short,long_short,base,20.0,0.0,G00__mom_255_21__top10__monthly__long_short,delta_vs_same_scenario_G00,sharpe_excess_rf,-0.04825921853048884
G33,G33__mom_255_21__top10__monthly__long_short,long_short,base,20.0,0.0,G00__mom_255_21__top10__monthly__long_short,delta_vs_same_scenario_G00,max_drawdown,0.027251942643998106
G33,G33__mom_255_21__top10__monthly__long_short,long_short,base,20.0,0.0,G00__mom_255_21__top10__monthly__long_short,delta_vs_same_scenario_G00,annualized_volatility,-0.044678778680320136
G33,G33__mom_255_21__top10__monthly__long_short,long_short,base,20.0,0.0,G00__mom_255_21__top10__monthly__long_short,delta_vs_same_scenario_G00,annualized_l1_turnover,-0.5457709357157334
G33,G33__mom_255_21__top10__monthly__long_short,long_short,base,20.0,0.01,G00__mom_255_21__top10__monthly__long_short,delta_vs_same_scenario_G00,cagr,-0.006379392639737677
G33,G33__mom_255_21__top10__monthly__long_short,long_short,base,20.0,0.01,G00__mom_255_21__top10__monthly__long_short,delta_vs_same_scenario_G00,sharpe_excess_rf,-0.051340692445310546
G33,G33__mom_255_21__top10__monthly__long_short,long_short,base,20.0,0.01,G00__mom_255_21__top10__monthly__long_short,delta_vs_same_scenario_G00,max_drawdown,0.028250984809177093
G33,G33__mom_255_21__top10__monthly__long_short,long_short,base,20.0,0.01,G00__mom_255_21__top10__monthly__long_short,delta_vs_same_scenario_G00,annualized_volatility,-0.04469196685510815
G33,G33__mom_255_21__top10__monthly__long_short,long_short,base,20.0,0.01,G00__mom_255_21__top10__monthly__long_short,delta_vs_same_scenario_G00,annualized_l1_turnover,-0.5460893501279571
G33,G33__mom_255_21__top10__monthly__long_short,long_short,base,20.0,0.03,G00__mom_255_21__top10__monthly__long_short,delta_vs_same_scenario_G00,cagr,-0.00553527126812936
G33,G33__mom_255_21__top10__monthly__long_short,long_short,base,20.0,0.03,G00__mom_255_21__top10__monthly__long_short,delta_vs_same_scenario_G00,sharpe_excess_rf,-0.05741454135286149
G33,G33__mom_255_21__top10__monthly__long_short,long_short,base,20.0,0.03,G00__mom_255_21__top10__monthly__long_short,delta_vs_same_scenario_G00,max_drawdown,0.03859048649064051
G33,G33__mom_255_21__top10__monthly__long_short,long_short,base,20.0,0.03,G00__mom_255_21__top10__monthly__long_short,delta_vs_same_scenario_G00,annualized_volatility,-0.044717943877830346
G33,G33__mom_255_21__top10__monthly__long_short,long_short,base,20.0,0.03,G00__mom_255_21__top10__monthly__long_short,delta_vs_same_scenario_G00,annualized_l1_turnover,-0.5467235630052816
G33,G33__mom_255_21__top10__weekly__long_only,long_only,base,0.0,0.0,G00__mom_255_21__top10__weekly__long_only,delta_vs_same_scenario_G00,cagr,-0.05671488068635591
G33,G33__mom_255_21__top10__weekly__long_only,long_only,base,0.0,0.0,G00__mom_255_21__top10__weekly__long_only,delta_vs_same_scenario_G00,sharpe_excess_rf,-0.11396145731403451
G33,G33__mom_255_21__top10__weekly__long_only,long_only,base,0.0,0.0,G00__mom_255_21__top10__weekly__long_only,delta_vs_same_scenario_G00,max_drawdown,0.12053470521541088
G33,G33__mom_255_21__top10__weekly__long_only,long_only,base,0.0,0.0,G00__mom_255_21__top10__weekly__long_only,delta_vs_same_scenario_G00,annualized_volatility,-0.0544540796573138
G33,G33__mom_255_21__top10__weekly__long_only,long_only,base,0.0,0.0,G00__mom_255_21__top10__weekly__long_only,delta_vs_same_scenario_G00,annualized_l1_turnover,-1.0307584009065636
G33,G33__mom_255_21__top10__weekly__long_only,long_only,base,5.0,0.0,G00__mom_255_21__top10__weekly__long_only,delta_vs_same_scenario_G00,cagr,-0.055570174324418325
G33,G33__mom_255_21__top10__weekly__long_only,long_only,base,5.0,0.0,G00__mom_255_21__top10__weekly__long_only,delta_vs_same_scenario_G00,sharpe_excess_rf,-0.1175879505010674
G33,G33__mom_255_21__top10__weekly__long_only,long_only,base,5.0,0.0,G00__mom_255_21__top10__weekly__long_only,delta_vs_same_scenario_G00,max_drawdown,0.11691686788050548
G33,G33__mom_255_21__top10__weekly__long_only,long_only,base,5.0,0.0,G00__mom_255_21__top10__weekly__long_only,delta_vs_same_scenario_G00,annualized_volatility,-0.0544482278509929
G33,G33__mom_255_21__top10__weekly__long_only,long_only,base,5.0,0.0,G00__mom_255_21__top10__weekly__long_only,delta_vs_same_scenario_G00,annualized_l1_turnover,-1.0307584009065636
G33,G33__mom_255_21__top10__weekly__long_only,long_only,base,10.0,0.0,G00__mom_255_21__top10__weekly__long_only,delta_vs_same_scenario_G00,cagr,-0.054441908840452385
G33,G33__mom_255_21__top10__weekly__long_only,long_only,base,10.0,0.0,G00__mom_255_21__top10__weekly__long_only,delta_vs_same_scenario_G00,sharpe_excess_rf,-0.1212109516981909
G33,G33__mom_255_21__top10__weekly__long_only,long_only,base,10.0,0.0,G00__mom_255_21__top10__weekly__long_only,delta_vs_same_scenario_G00,max_drawdown,0.11339679615357401
G33,G33__mom_255_21__top10__weekly__long_only,long_only,base,10.0,0.0,G00__mom_255_21__top10__weekly__long_only,delta_vs_same_scenario_G00,annualized_volatility,-0.05444207989093164
G33,G33__mom_255_21__top10__weekly__long_only,long_only,base,10.0,0.0,G00__mom_255_21__top10__weekly__long_only,delta_vs_same_scenario_G00,annualized_l1_turnover,-1.0307584009065636
G33,G33__mom_255_21__top10__weekly__long_only,long_only,base,20.0,0.0,G00__mom_255_21__top10__weekly__long_only,delta_vs_same_scenario_G00,cagr,-0.0522338890643641
G33,G33__mom_255_21__top10__weekly__long_only,long_only,base,20.0,0.0,G00__mom_255_21__top10__weekly__long_only,delta_vs_same_scenario_G00,sharpe_excess_rf,-0.12844412036685254
G33,G33__mom_255_21__top10__weekly__long_only,long_only,base,20.0,0.0,G00__mom_255_21__top10__weekly__long_only,delta_vs_same_scenario_G00,max_drawdown,0.10800158393690973
G33,G33__mom_255_21__top10__weekly__long_only,long_only,base,20.0,0.0,G00__mom_255_21__top10__weekly__long_only,delta_vs_same_scenario_G00,annualized_volatility,-0.054428899134826625
G33,G33__mom_255_21__top10__weekly__long_only,long_only,base,20.0,0.0,G00__mom_255_21__top10__weekly__long_only,delta_vs_same_scenario_G00,annualized_l1_turnover,-1.0307584009065636
G33,G33__mom_255_21__top10__weekly__long_short,long_short,base,0.0,0.0,G00__mom_255_21__top10__weekly__long_short,delta_vs_same_scenario_G00,cagr,0.005724584053888079
G33,G33__mom_255_21__top10__weekly__long_short,long_short,base,0.0,0.0,G00__mom_255_21__top10__weekly__long_short,delta_vs_same_scenario_G00,sharpe_excess_rf,0.006318558787865192
G33,G33__mom_255_21__top10__weekly__long_short,long_short,base,0.0,0.0,G00__mom_255_21__top10__weekly__long_short,delta_vs_same_scenario_G00,max_drawdown,0.10124913702996663
G33,G33__mom_255_21__top10__weekly__long_short,long_short,base,0.0,0.0,G00__mom_255_21__top10__weekly__long_short,delta_vs_same_scenario_G00,annualized_volatility,-0.043185828855094394
G33,G33__mom_255_21__top10__weekly__long_short,long_short,base,0.0,0.0,G00__mom_255_21__top10__weekly__long_short,delta_vs_same_scenario_G00,annualized_l1_turnover,-1.483210958975011
G33,G33__mom_255_21__top10__weekly__long_short,long_short,base,0.0,0.01,G00__mom_255_21__top10__weekly__long_short,delta_vs_same_scenario_G00,cagr,0.006100577876243792
G33,G33__mom_255_21__top10__weekly__long_short,long_short,base,0.0,0.01,G00__mom_255_21__top10__weekly__long_short,delta_vs_same_scenario_G00,sharpe_excess_rf,0.003365179564085108
G33,G33__mom_255_21__top10__weekly__long_short,long_short,base,0.0,0.01,G00__mom_255_21__top10__weekly__long_short,delta_vs_same_scenario_G00,max_drawdown,0.10071667131156015
G33,G33__mom_255_21__top10__weekly__long_short,long_short,base,0.0,0.01,G00__mom_255_21__top10__weekly__long_short,delta_vs_same_scenario_G00,annualized_volatility,-0.04319000115191693
G33,G33__mom_255_21__top10__weekly__long_short,long_short,base,0.0,0.01,G00__mom_255_21__top10__weekly__long_short,delta_vs_same_scenario_G00,annualized_l1_turnover,-1.4835213452630178
G33,G33__mom_255_21__top10__weekly__long_short,long_short,base,0.0,0.03,G00__mom_255_21__top10__weekly__long_short,delta_vs_same_scenario_G00,cagr,0.006830883648175237
G33,G33__mom_255_21__top10__weekly__long_short,long_short,base,0.0,0.03,G00__mom_255_21__top10__weekly__long_short,delta_vs_same_scenario_G00,sharpe_excess_rf,-0.0024554830196754363
G33,G33__mom_255_21__top10__weekly__long_short,long_short,base,0.0,0.03,G00__mom_255_21__top10__weekly__long_short,delta_vs_same_scenario_G00,max_drawdown,0.09963531061280584
G33,G33__mom_255_21__top10__weekly__long_short,long_short,base,0.0,0.03,G00__mom_255_21__top10__weekly__long_short,delta_vs_same_scenario_G00,annualized_volatility,-0.0431981803586069
G33,G33__mom_255_21__top10__weekly__long_short,long_short,base,0.0,0.03,G00__mom_255_21__top10__weekly__long_short,delta_vs_same_scenario_G00,annualized_l1_turnover,-1.4841352078037353
G33,G33__mom_255_21__top10__weekly__long_short,long_short,base,5.0,0.0,G00__mom_255_21__top10__weekly__long_short,delta_vs_same_scenario_G00,cagr,0.00642321400355985
G33,G33__mom_255_21__top10__weekly__long_short,long_short,base,5.0,0.0,G00__mom_255_21__top10__weekly__long_short,delta_vs_same_scenario_G00,sharpe_excess_rf,-0.0003491057330763936
G33,G33__mom_255_21__top10__weekly__long_short,long_short,base,5.0,0.0,G00__mom_255_21__top10__weekly__long_short,delta_vs_same_scenario_G00,max_drawdown,0.09999081230689766
G33,G33__mom_255_21__top10__weekly__long_short,long_short,base,5.0,0.0,G00__mom_255_21__top10__weekly__long_short,delta_vs_same_scenario_G00,annualized_volatility,-0.04320269116354386
G33,G33__mom_255_21__top10__weekly__long_short,long_short,base,5.0,0.0,G00__mom_255_21__top10__weekly__long_short,delta_vs_same_scenario_G00,annualized_l1_turnover,-1.483210958975011
G33,G33__mom_255_21__top10__weekly__long_short,long_short,base,5.0,0.01,G00__mom_255_21__top10__weekly__long_short,delta_vs_same_scenario_G00,cagr,0.0067919840792643685
G33,G33__mom_255_21__top10__weekly__long_short,long_short,base,5.0,0.01,G00__mom_255_21__top10__weekly__long_short,delta_vs_same_scenario_G00,sharpe_excess_rf,-0.00330263905798564
G33,G33__mom_255_21__top10__weekly__long_short,long_short,base,5.0,0.01,G00__mom_255_21__top10__weekly__long_short,delta_vs_same_scenario_G00,max_drawdown,0.09943522497291313
G33,G33__mom_255_21__top10__weekly__long_short,long_short,base,5.0,0.01,G00__mom_255_21__top10__weekly__long_short,delta_vs_same_scenario_G00,annualized_volatility,-0.043206839834579985
G33,G33__mom_255_21__top10__weekly__long_short,long_short,base,5.0,0.01,G00__mom_255_21__top10__weekly__long_short,delta_vs_same_scenario_G00,annualized_l1_turnover,-1.4835213452630178
G33,G33__mom_255_21__top10__weekly__long_short,long_short,base,5.0,0.03,G00__mom_255_21__top10__weekly__long_short,delta_vs_same_scenario_G00,cagr,0.007508205517464459
G33,G33__mom_255_21__top10__weekly__long_short,long_short,base,5.0,0.03,G00__mom_255_21__top10__weekly__long_short,delta_vs_same_scenario_G00,sharpe_excess_rf,-0.009123569068559947
G33,G33__mom_255_21__top10__weekly__long_short,long_short,base,5.0,0.03,G00__mom_255_21__top10__weekly__long_short,delta_vs_same_scenario_G00,max_drawdown,0.09831161242918629
G33,G33__mom_255_21__top10__weekly__long_short,long_short,base,5.0,0.03,G00__mom_255_21__top10__weekly__long_short,delta_vs_same_scenario_G00,annualized_volatility,-0.04321497253246312
G33,G33__mom_255_21__top10__weekly__long_short,long_short,base,5.0,0.03,G00__mom_255_21__top10__weekly__long_short,delta_vs_same_scenario_G00,annualized_l1_turnover,-1.4841352078037353
G33,G33__mom_255_21__top10__weekly__long_short,long_short,base,10.0,0.0,G00__mom_255_21__top10__weekly__long_short,delta_vs_same_scenario_G00,cagr,0.007107558148539639
G33,G33__mom_255_21__top10__weekly__long_short,long_short,base,10.0,0.0,G00__mom_255_21__top10__weekly__long_short,delta_vs_same_scenario_G00,sharpe_excess_rf,-0.007018222671174707
G33,G33__mom_255_21__top10__weekly__long_short,long_short,base,10.0,0.0,G00__mom_255_21__top10__weekly__long_short,delta_vs_same_scenario_G00,max_drawdown,0.09868341149915993
G33,G33__mom_255_21__top10__weekly__long_short,long_short,base,10.0,0.0,G00__mom_255_21__top10__weekly__long_short,delta_vs_same_scenario_G00,annualized_volatility,-0.043218858442619995
G33,G33__mom_255_21__top10__weekly__long_short,long_short,base,10.0,0.0,G00__mom_255_21__top10__weekly__long_short,delta_vs_same_scenario_G00,annualized_l1_turnover,-1.483210958975011
G33,G33__mom_255_21__top10__weekly__long_short,long_short,base,10.0,0.01,G00__mom_255_21__top10__weekly__long_short,delta_vs_same_scenario_G00,cagr,0.007469208419660595
G33,G33__mom_255_21__top10__weekly__long_short,long_short,base,10.0,0.01,G00__mom_255_21__top10__weekly__long_short,delta_vs_same_scenario_G00,sharpe_excess_rf,-0.009971467361639605
G33,G33__mom_255_21__top10__weekly__long_short,long_short,base,10.0,0.01,G00__mom_255_21__top10__weekly__long_short,delta_vs_same_scenario_G00,max_drawdown,0.09810718947185204
G33,G33__mom_255_21__top10__weekly__long_short,long_short,base,10.0,0.01,G00__mom_255_21__top10__weekly__long_short,delta_vs_same_scenario_G00,annualized_volatility,-0.04322298361534649
G33,G33__mom_255_21__top10__weekly__long_short,long_short,base,10.0,0.01,G00__mom_255_21__top10__weekly__long_short,delta_vs_same_scenario_G00,annualized_l1_turnover,-1.4835213452630178
G33,G33__mom_255_21__top10__weekly__long_short,long_short,base,10.0,0.03,G00__mom_255_21__top10__weekly__long_short,delta_vs_same_scenario_G00,cagr,0.008171548457334732
G33,G33__mom_255_21__top10__weekly__long_short,long_short,base,10.0,0.03,G00__mom_255_21__top10__weekly__long_short,delta_vs_same_scenario_G00,sharpe_excess_rf,-0.01579179254807557
G33,G33__mom_255_21__top10__weekly__long_short,long_short,base,10.0,0.03,G00__mom_255_21__top10__weekly__long_short,delta_vs_same_scenario_G00,max_drawdown,0.09694602299137467
G33,G33__mom_255_21__top10__weekly__long_short,long_short,base,10.0,0.03,G00__mom_255_21__top10__weekly__long_short,delta_vs_same_scenario_G00,annualized_volatility,-0.043231070058044496
G33,G33__mom_255_21__top10__weekly__long_short,long_short,base,10.0,0.03,G00__mom_255_21__top10__weekly__long_short,delta_vs_same_scenario_G00,annualized_l1_turnover,-1.4841352078037353
G33,G33__mom_255_21__top10__weekly__long_short,long_short,base,20.0,0.0,G00__mom_255_21__top10__weekly__long_short,delta_vs_same_scenario_G00,cagr,0.008434220319772768
G33,G33__mom_255_21__top10__weekly__long_short,long_short,base,20.0,0.0,G00__mom_255_21__top10__weekly__long_short,delta_vs_same_scenario_G00,sharpe_excess_rf,-0.02034976744483348
G33,G33__mom_255_21__top10__weekly__long_short,long_short,base,20.0,0.0,G00__mom_255_21__top10__weekly__long_short,delta_vs_same_scenario_G00,max_drawdown,0.09594280953285172
G33,G33__mom_255_21__top10__weekly__long_short,long_short,base,20.0,0.0,G00__mom_255_21__top10__weekly__long_short,delta_vs_same_scenario_G00,annualized_volatility,-0.04324910700964335
G33,G33__mom_255_21__top10__weekly__long_short,long_short,base,20.0,0.0,G00__mom_255_21__top10__weekly__long_short,delta_vs_same_scenario_G00,annualized_l1_turnover,-1.483210958975011
G33,G33__mom_255_21__top10__weekly__long_short,long_short,base,20.0,0.01,G00__mom_255_21__top10__weekly__long_short,delta_vs_same_scenario_G00,cagr,0.008781937596410626
G33,G33__mom_255_21__top10__weekly__long_short,long_short,base,20.0,0.01,G00__mom_255_21__top10__weekly__long_short,delta_vs_same_scenario_G00,sharpe_excess_rf,-0.02330111049378042
G33,G33__mom_255_21__top10__weekly__long_short,long_short,base,20.0,0.01,G00__mom_255_21__top10__weekly__long_short,delta_vs_same_scenario_G00,max_drawdown,0.09533217354501922
G33,G33__mom_255_21__top10__weekly__long_short,long_short,base,20.0,0.01,G00__mom_255_21__top10__weekly__long_short,delta_vs_same_scenario_G00,annualized_volatility,-0.0432531855838294
G33,G33__mom_255_21__top10__weekly__long_short,long_short,base,20.0,0.01,G00__mom_255_21__top10__weekly__long_short,delta_vs_same_scenario_G00,annualized_l1_turnover,-1.4835213452630143
G33,G33__mom_255_21__top10__weekly__long_short,long_short,base,20.0,0.03,G00__mom_255_21__top10__weekly__long_short,delta_vs_same_scenario_G00,cagr,0.009457113450533298
G33,G33__mom_255_21__top10__weekly__long_short,long_short,base,20.0,0.03,G00__mom_255_21__top10__weekly__long_short,delta_vs_same_scenario_G00,sharpe_excess_rf,-0.029117616891405573
G33,G33__mom_255_21__top10__weekly__long_short,long_short,base,20.0,0.03,G00__mom_255_21__top10__weekly__long_short,delta_vs_same_scenario_G00,max_drawdown,0.09410884152354015
G33,G33__mom_255_21__top10__weekly__long_short,long_short,base,20.0,0.03,G00__mom_255_21__top10__weekly__long_short,delta_vs_same_scenario_G00,annualized_volatility,-0.04326118030779802
G33,G33__mom_255_21__top10__weekly__long_short,long_short,base,20.0,0.03,G00__mom_255_21__top10__weekly__long_short,delta_vs_same_scenario_G00,annualized_l1_turnover,-1.4841352078037353
G33,G33__mom_255_21__top20__monthly__long_only,long_only,base,0.0,0.0,G00__mom_255_21__top20__monthly__long_only,delta_vs_same_scenario_G00,cagr,-0.03997096782044918
G33,G33__mom_255_21__top20__monthly__long_only,long_only,base,0.0,0.0,G00__mom_255_21__top20__monthly__long_only,delta_vs_same_scenario_G00,sharpe_excess_rf,-0.06986811588680175
G33,G33__mom_255_21__top20__monthly__long_only,long_only,base,0.0,0.0,G00__mom_255_21__top20__monthly__long_only,delta_vs_same_scenario_G00,max_drawdown,0.06952861151756629
G33,G33__mom_255_21__top20__monthly__long_only,long_only,base,0.0,0.0,G00__mom_255_21__top20__monthly__long_only,delta_vs_same_scenario_G00,annualized_volatility,-0.03807239167616011
G33,G33__mom_255_21__top20__monthly__long_only,long_only,base,0.0,0.0,G00__mom_255_21__top20__monthly__long_only,delta_vs_same_scenario_G00,annualized_l1_turnover,-0.3160270060958954
G33,G33__mom_255_21__top20__monthly__long_only,long_only,base,5.0,0.0,G00__mom_255_21__top20__monthly__long_only,delta_vs_same_scenario_G00,cagr,-0.03962560042370469
G33,G33__mom_255_21__top20__monthly__long_only,long_only,base,5.0,0.0,G00__mom_255_21__top20__monthly__long_only,delta_vs_same_scenario_G00,sharpe_excess_rf,-0.07126267936752129
G33,G33__mom_255_21__top20__monthly__long_only,long_only,base,5.0,0.0,G00__mom_255_21__top20__monthly__long_only,delta_vs_same_scenario_G00,max_drawdown,0.06931240060089416
G33,G33__mom_255_21__top20__monthly__long_only,long_only,base,5.0,0.0,G00__mom_255_21__top20__monthly__long_only,delta_vs_same_scenario_G00,annualized_volatility,-0.0380821254519359
G33,G33__mom_255_21__top20__monthly__long_only,long_only,base,5.0,0.0,G00__mom_255_21__top20__monthly__long_only,delta_vs_same_scenario_G00,annualized_l1_turnover,-0.3160270060958954
G33,G33__mom_255_21__top20__monthly__long_only,long_only,base,10.0,0.0,G00__mom_255_21__top20__monthly__long_only,delta_vs_same_scenario_G00,cagr,-0.039282146118368555
G33,G33__mom_255_21__top20__monthly__long_only,long_only,base,10.0,0.0,G00__mom_255_21__top20__monthly__long_only,delta_vs_same_scenario_G00,sharpe_excess_rf,-0.07265940352338485
G33,G33__mom_255_21__top20__monthly__long_only,long_only,base,10.0,0.0,G00__mom_255_21__top20__monthly__long_only,delta_vs_same_scenario_G00,max_drawdown,0.06909576774564075
G33,G33__mom_255_21__top20__monthly__long_only,long_only,base,10.0,0.0,G00__mom_255_21__top20__monthly__long_only,delta_vs_same_scenario_G00,annualized_volatility,-0.038091582653177636
G33,G33__mom_255_21__top20__monthly__long_only,long_only,base,10.0,0.0,G00__mom_255_21__top20__monthly__long_only,delta_vs_same_scenario_G00,annualized_l1_turnover,-0.3160270060958954
G33,G33__mom_255_21__top20__monthly__long_only,long_only,base,20.0,0.0,G00__mom_255_21__top20__monthly__long_only,delta_vs_same_scenario_G00,cagr,-0.03860094331192809
G33,G33__mom_255_21__top20__monthly__long_only,long_only,base,20.0,0.0,G00__mom_255_21__top20__monthly__long_only,delta_vs_same_scenario_G00,sharpe_excess_rf,-0.07545843644704575
G33,G33__mom_255_21__top20__monthly__long_only,long_only,base,20.0,0.0,G00__mom_255_21__top20__monthly__long_only,delta_vs_same_scenario_G00,max_drawdown,0.06854119193431546
G33,G33__mom_255_21__top20__monthly__long_only,long_only,base,20.0,0.0,G00__mom_255_21__top20__monthly__long_only,delta_vs_same_scenario_G00,annualized_volatility,-0.03810966508586133
G33,G33__mom_255_21__top20__monthly__long_only,long_only,base,20.0,0.0,G00__mom_255_21__top20__monthly__long_only,delta_vs_same_scenario_G00,annualized_l1_turnover,-0.3160270060958954
G33,G33__mom_255_21__top20__monthly__long_short,long_short,base,0.0,0.0,G00__mom_255_21__top20__monthly__long_short,delta_vs_same_scenario_G00,cagr,0.0002508839321784667
G33,G33__mom_255_21__top20__monthly__long_short,long_short,base,0.0,0.0,G00__mom_255_21__top20__monthly__long_short,delta_vs_same_scenario_G00,sharpe_excess_rf,0.03485684723989374
G33,G33__mom_255_21__top20__monthly__long_short,long_short,base,0.0,0.0,G00__mom_255_21__top20__monthly__long_short,delta_vs_same_scenario_G00,max_drawdown,0.05412763112093982
G33,G33__mom_255_21__top20__monthly__long_short,long_short,base,0.0,0.0,G00__mom_255_21__top20__monthly__long_short,delta_vs_same_scenario_G00,annualized_volatility,-0.04110978326090628
G33,G33__mom_255_21__top20__monthly__long_short,long_short,base,0.0,0.0,G00__mom_255_21__top20__monthly__long_short,delta_vs_same_scenario_G00,annualized_l1_turnover,-0.4526617616182964
G33,G33__mom_255_21__top20__monthly__long_short,long_short,base,0.0,0.01,G00__mom_255_21__top20__monthly__long_short,delta_vs_same_scenario_G00,cagr,0.0007063399876328091
G33,G33__mom_255_21__top20__monthly__long_short,long_short,base,0.0,0.01,G00__mom_255_21__top20__monthly__long_short,delta_vs_same_scenario_G00,sharpe_excess_rf,0.03077451426433353
G33,G33__mom_255_21__top20__monthly__long_short,long_short,base,0.0,0.01,G00__mom_255_21__top20__monthly__long_short,delta_vs_same_scenario_G00,max_drawdown,0.05537371994551282
G33,G33__mom_255_21__top20__monthly__long_short,long_short,base,0.0,0.01,G00__mom_255_21__top20__monthly__long_short,delta_vs_same_scenario_G00,annualized_volatility,-0.04112330199549469
G33,G33__mom_255_21__top20__monthly__long_short,long_short,base,0.0,0.01,G00__mom_255_21__top20__monthly__long_short,delta_vs_same_scenario_G00,annualized_l1_turnover,-0.4530522356717732
G33,G33__mom_255_21__top20__monthly__long_short,long_short,base,0.0,0.03,G00__mom_255_21__top20__monthly__long_short,delta_vs_same_scenario_G00,cagr,0.001592104668544786
G33,G33__mom_255_21__top20__monthly__long_short,long_short,base,0.0,0.03,G00__mom_255_21__top20__monthly__long_short,delta_vs_same_scenario_G00,sharpe_excess_rf,0.02272653469370567
G33,G33__mom_255_21__top20__monthly__long_short,long_short,base,0.0,0.03,G00__mom_255_21__top20__monthly__long_short,delta_vs_same_scenario_G00,max_drawdown,0.05751539328501909
G33,G33__mom_255_21__top20__monthly__long_short,long_short,base,0.0,0.03,G00__mom_255_21__top20__monthly__long_short,delta_vs_same_scenario_G00,annualized_volatility,-0.041149917359599525
G33,G33__mom_255_21__top20__monthly__long_short,long_short,base,0.0,0.03,G00__mom_255_21__top20__monthly__long_short,delta_vs_same_scenario_G00,annualized_l1_turnover,-0.45382613787375803
G33,G33__mom_255_21__top20__monthly__long_short,long_short,base,5.0,0.0,G00__mom_255_21__top20__monthly__long_short,delta_vs_same_scenario_G00,cagr,0.0004910635992210755
G33,G33__mom_255_21__top20__monthly__long_short,long_short,base,5.0,0.0,G00__mom_255_21__top20__monthly__long_short,delta_vs_same_scenario_G00,sharpe_excess_rf,0.030491348163604715
G33,G33__mom_255_21__top20__monthly__long_short,long_short,base,5.0,0.0,G00__mom_255_21__top20__monthly__long_short,delta_vs_same_scenario_G00,max_drawdown,0.05473291483010728
G33,G33__mom_255_21__top20__monthly__long_short,long_short,base,5.0,0.0,G00__mom_255_21__top20__monthly__long_short,delta_vs_same_scenario_G00,annualized_volatility,-0.04109592924455496
G33,G33__mom_255_21__top20__monthly__long_short,long_short,base,5.0,0.0,G00__mom_255_21__top20__monthly__long_short,delta_vs_same_scenario_G00,annualized_l1_turnover,-0.4526617616182964
G33,G33__mom_255_21__top20__monthly__long_short,long_short,base,5.0,0.01,G00__mom_255_21__top20__monthly__long_short,delta_vs_same_scenario_G00,cagr,0.0009436958378246998
G33,G33__mom_255_21__top20__monthly__long_short,long_short,base,5.0,0.01,G00__mom_255_21__top20__monthly__long_short,delta_vs_same_scenario_G00,sharpe_excess_rf,0.026411376445590273
G33,G33__mom_255_21__top20__monthly__long_short,long_short,base,5.0,0.01,G00__mom_255_21__top20__monthly__long_short,delta_vs_same_scenario_G00,max_drawdown,0.05586129746190455
G33,G33__mom_255_21__top20__monthly__long_short,long_short,base,5.0,0.01,G00__mom_255_21__top20__monthly__long_short,delta_vs_same_scenario_G00,annualized_volatility,-0.04110942729990924
G33,G33__mom_255_21__top20__monthly__long_short,long_short,base,5.0,0.01,G00__mom_255_21__top20__monthly__long_short,delta_vs_same_scenario_G00,annualized_l1_turnover,-0.4530522356717732
G33,G33__mom_255_21__top20__monthly__long_short,long_short,base,5.0,0.03,G00__mom_255_21__top20__monthly__long_short,delta_vs_same_scenario_G00,cagr,0.0018239529430503776
G33,G33__mom_255_21__top20__monthly__long_short,long_short,base,5.0,0.03,G00__mom_255_21__top20__monthly__long_short,delta_vs_same_scenario_G00,sharpe_excess_rf,0.018368080514898744
G33,G33__mom_255_21__top20__monthly__long_short,long_short,base,5.0,0.03,G00__mom_255_21__top20__monthly__long_short,delta_vs_same_scenario_G00,max_drawdown,0.05794640202980045
G33,G33__mom_255_21__top20__monthly__long_short,long_short,base,5.0,0.03,G00__mom_255_21__top20__monthly__long_short,delta_vs_same_scenario_G00,annualized_volatility,-0.04113600188367647
G33,G33__mom_255_21__top20__monthly__long_short,long_short,base,5.0,0.03,G00__mom_255_21__top20__monthly__long_short,delta_vs_same_scenario_G00,annualized_l1_turnover,-0.45382613787375803
G33,G33__mom_255_21__top20__monthly__long_short,long_short,base,10.0,0.0,G00__mom_255_21__top20__monthly__long_short,delta_vs_same_scenario_G00,cagr,0.00072941781349245
G33,G33__mom_255_21__top20__monthly__long_short,long_short,base,10.0,0.0,G00__mom_255_21__top20__monthly__long_short,delta_vs_same_scenario_G00,sharpe_excess_rf,0.02612366355746032
G33,G33__mom_255_21__top20__monthly__long_short,long_short,base,10.0,0.0,G00__mom_255_21__top20__monthly__long_short,delta_vs_same_scenario_G00,max_drawdown,0.055237385882855705
G33,G33__mom_255_21__top20__monthly__long_short,long_short,base,10.0,0.0,G00__mom_255_21__top20__monthly__long_short,delta_vs_same_scenario_G00,annualized_volatility,-0.041080926331408724
G33,G33__mom_255_21__top20__monthly__long_short,long_short,base,10.0,0.0,G00__mom_255_21__top20__monthly__long_short,delta_vs_same_scenario_G00,annualized_l1_turnover,-0.4526617616182964
G33,G33__mom_255_21__top20__monthly__long_short,long_short,base,10.0,0.01,G00__mom_255_21__top20__monthly__long_short,delta_vs_same_scenario_G00,cagr,0.0011792400574413692
G33,G33__mom_255_21__top20__monthly__long_short,long_short,base,10.0,0.01,G00__mom_255_21__top20__monthly__long_short,delta_vs_same_scenario_G00,sharpe_excess_rf,0.022046770312229957
G33,G33__mom_255_21__top20__monthly__long_short,long_short,base,10.0,0.01,G00__mom_255_21__top20__monthly__long_short,delta_vs_same_scenario_G00,max_drawdown,0.05631210710951606
G33,G33__mom_255_21__top20__monthly__long_short,long_short,base,10.0,0.01,G00__mom_255_21__top20__monthly__long_short,delta_vs_same_scenario_G00,annualized_volatility,-0.04109440379418888
G33,G33__mom_255_21__top20__monthly__long_short,long_short,base,10.0,0.01,G00__mom_255_21__top20__monthly__long_short,delta_vs_same_scenario_G00,annualized_l1_turnover,-0.4530522356717732
G33,G33__mom_255_21__top20__monthly__long_short,long_short,base,10.0,0.03,G00__mom_255_21__top20__monthly__long_short,delta_vs_same_scenario_G00,cagr,0.002054016582530467
G33,G33__mom_255_21__top20__monthly__long_short,long_short,base,10.0,0.03,G00__mom_255_21__top20__monthly__long_short,delta_vs_same_scenario_G00,sharpe_excess_rf,0.014009571586049596
G33,G33__mom_255_21__top20__monthly__long_short,long_short,base,10.0,0.03,G00__mom_255_21__top20__monthly__long_short,delta_vs_same_scenario_G00,max_drawdown,0.058367660170836
G33,G33__mom_255_21__top20__monthly__long_short,long_short,base,10.0,0.03,G00__mom_255_21__top20__monthly__long_short,delta_vs_same_scenario_G00,annualized_volatility,-0.041120937771283866
G33,G33__mom_255_21__top20__monthly__long_short,long_short,base,10.0,0.03,G00__mom_255_21__top20__monthly__long_short,delta_vs_same_scenario_G00,annualized_l1_turnover,-0.45382613787375803
G33,G33__mom_255_21__top20__monthly__long_short,long_short,base,20.0,0.0,G00__mom_255_21__top20__monthly__long_short,delta_vs_same_scenario_G00,cagr,0.001200687472701134
G33,G33__mom_255_21__top20__monthly__long_short,long_short,base,20.0,0.0,G00__mom_255_21__top20__monthly__long_short,delta_vs_same_scenario_G00,sharpe_excess_rf,0.017389654742187316
G33,G33__mom_255_21__top20__monthly__long_short,long_short,base,20.0,0.0,G00__mom_255_21__top20__monthly__long_short,delta_vs_same_scenario_G00,max_drawdown,0.056139418615441805
G33,G33__mom_255_21__top20__monthly__long_short,long_short,base,20.0,0.0,G00__mom_255_21__top20__monthly__long_short,delta_vs_same_scenario_G00,annualized_volatility,-0.04104748553922641
G33,G33__mom_255_21__top20__monthly__long_short,long_short,base,20.0,0.0,G00__mom_255_21__top20__monthly__long_short,delta_vs_same_scenario_G00,annualized_l1_turnover,-0.4526617616182964
G33,G33__mom_255_21__top20__monthly__long_short,long_short,base,20.0,0.01,G00__mom_255_21__top20__monthly__long_short,delta_vs_same_scenario_G00,cagr,0.0016449309672967871
G33,G33__mom_255_21__top20__monthly__long_short,long_short,base,20.0,0.01,G00__mom_255_21__top20__monthly__long_short,delta_vs_same_scenario_G00,sharpe_excess_rf,0.013321063112342657
G33,G33__mom_255_21__top20__monthly__long_short,long_short,base,20.0,0.01,G00__mom_255_21__top20__monthly__long_short,delta_vs_same_scenario_G00,max_drawdown,0.0571840008037362
G33,G33__mom_255_21__top20__monthly__long_short,long_short,base,20.0,0.01,G00__mom_255_21__top20__monthly__long_short,delta_vs_same_scenario_G00,annualized_volatility,-0.041060922092809565
G33,G33__mom_255_21__top20__monthly__long_short,long_short,base,20.0,0.01,G00__mom_255_21__top20__monthly__long_short,delta_vs_same_scenario_G00,annualized_l1_turnover,-0.4530522356717732
G33,G33__mom_255_21__top20__monthly__long_short,long_short,base,20.0,0.03,G00__mom_255_21__top20__monthly__long_short,delta_vs_same_scenario_G00,cagr,0.002508826875699262
G33,G33__mom_255_21__top20__monthly__long_short,long_short,base,20.0,0.03,G00__mom_255_21__top20__monthly__long_short,delta_vs_same_scenario_G00,sharpe_excess_rf,0.00530028570755306
G33,G33__mom_255_21__top20__monthly__long_short,long_short,base,20.0,0.03,G00__mom_255_21__top20__monthly__long_short,delta_vs_same_scenario_G00,max_drawdown,0.05918138276188717
G33,G33__mom_255_21__top20__monthly__long_short,long_short,base,20.0,0.03,G00__mom_255_21__top20__monthly__long_short,delta_vs_same_scenario_G00,annualized_volatility,-0.04108737540896645
G33,G33__mom_255_21__top20__monthly__long_short,long_short,base,20.0,0.03,G00__mom_255_21__top20__monthly__long_short,delta_vs_same_scenario_G00,annualized_l1_turnover,-0.45382613787375803
G33,G33__mom_255_21__top20__weekly__long_only,long_only,base,0.0,0.0,G00__mom_255_21__top20__weekly__long_only,delta_vs_same_scenario_G00,cagr,-0.0555284839856276
G33,G33__mom_255_21__top20__weekly__long_only,long_only,base,0.0,0.0,G00__mom_255_21__top20__weekly__long_only,delta_vs_same_scenario_G00,sharpe_excess_rf,-0.10291050910276145
G33,G33__mom_255_21__top20__weekly__long_only,long_only,base,0.0,0.0,G00__mom_255_21__top20__weekly__long_only,delta_vs_same_scenario_G00,max_drawdown,0.11355717356010148
G33,G33__mom_255_21__top20__weekly__long_only,long_only,base,0.0,0.0,G00__mom_255_21__top20__weekly__long_only,delta_vs_same_scenario_G00,annualized_volatility,-0.048952574827750284
G33,G33__mom_255_21__top20__weekly__long_only,long_only,base,0.0,0.0,G00__mom_255_21__top20__weekly__long_only,delta_vs_same_scenario_G00,annualized_l1_turnover,-0.8720854600034258
G33,G33__mom_255_21__top20__weekly__long_only,long_only,base,5.0,0.0,G00__mom_255_21__top20__weekly__long_only,delta_vs_same_scenario_G00,cagr,-0.054533814009941534
G33,G33__mom_255_21__top20__weekly__long_only,long_only,base,5.0,0.0,G00__mom_255_21__top20__weekly__long_only,delta_vs_same_scenario_G00,sharpe_excess_rf,-0.10713120759997963
G33,G33__mom_255_21__top20__weekly__long_only,long_only,base,5.0,0.0,G00__mom_255_21__top20__weekly__long_only,delta_vs_same_scenario_G00,max_drawdown,0.12085177966914318
G33,G33__mom_255_21__top20__weekly__long_only,long_only,base,5.0,0.0,G00__mom_255_21__top20__weekly__long_only,delta_vs_same_scenario_G00,annualized_volatility,-0.04894932888742845
G33,G33__mom_255_21__top20__weekly__long_only,long_only,base,5.0,0.0,G00__mom_255_21__top20__weekly__long_only,delta_vs_same_scenario_G00,annualized_l1_turnover,-0.8720854600034222
G33,G33__mom_255_21__top20__weekly__long_only,long_only,base,10.0,0.0,G00__mom_255_21__top20__weekly__long_only,delta_vs_same_scenario_G00,cagr,-0.05355189950866299
G33,G33__mom_255_21__top20__weekly__long_only,long_only,base,10.0,0.0,G00__mom_255_21__top20__weekly__long_only,delta_vs_same_scenario_G00,sharpe_excess_rf,-0.11135093786067596
G33,G33__mom_255_21__top20__weekly__long_only,long_only,base,10.0,0.0,G00__mom_255_21__top20__weekly__long_only,delta_vs_same_scenario_G00,max_drawdown,0.1255568109610345
G33,G33__mom_255_21__top20__weekly__long_only,long_only,base,10.0,0.0,G00__mom_255_21__top20__weekly__long_only,delta_vs_same_scenario_G00,annualized_volatility,-0.04894575357215544
G33,G33__mom_255_21__top20__weekly__long_only,long_only,base,10.0,0.0,G00__mom_255_21__top20__weekly__long_only,delta_vs_same_scenario_G00,annualized_l1_turnover,-0.8720854600034222
G33,G33__mom_255_21__top20__weekly__long_only,long_only,base,20.0,0.0,G00__mom_255_21__top20__weekly__long_only,delta_vs_same_scenario_G00,cagr,-0.05162577323623618
G33,G33__mom_255_21__top20__weekly__long_only,long_only,base,20.0,0.0,G00__mom_255_21__top20__weekly__long_only,delta_vs_same_scenario_G00,sharpe_excess_rf,-0.11978464354199136
G33,G33__mom_255_21__top20__weekly__long_only,long_only,base,20.0,0.0,G00__mom_255_21__top20__weekly__long_only,delta_vs_same_scenario_G00,max_drawdown,0.12302162360558777
G33,G33__mom_255_21__top20__weekly__long_only,long_only,base,20.0,0.0,G00__mom_255_21__top20__weekly__long_only,delta_vs_same_scenario_G00,annualized_volatility,-0.048937616679192275
G33,G33__mom_255_21__top20__weekly__long_only,long_only,base,20.0,0.0,G00__mom_255_21__top20__weekly__long_only,delta_vs_same_scenario_G00,annualized_l1_turnover,-0.8720854600034258
G33,G33__mom_255_21__top20__weekly__long_short,long_short,base,0.0,0.0,G00__mom_255_21__top20__weekly__long_short,delta_vs_same_scenario_G00,cagr,0.0036277437680523675
G33,G33__mom_255_21__top20__weekly__long_short,long_short,base,0.0,0.0,G00__mom_255_21__top20__weekly__long_short,delta_vs_same_scenario_G00,sharpe_excess_rf,0.0414982689023069
G33,G33__mom_255_21__top20__weekly__long_short,long_short,base,0.0,0.0,G00__mom_255_21__top20__weekly__long_short,delta_vs_same_scenario_G00,max_drawdown,0.1199748288249044
G33,G33__mom_255_21__top20__weekly__long_short,long_short,base,0.0,0.0,G00__mom_255_21__top20__weekly__long_short,delta_vs_same_scenario_G00,annualized_volatility,-0.03957005496060856
G33,G33__mom_255_21__top20__weekly__long_short,long_short,base,0.0,0.0,G00__mom_255_21__top20__weekly__long_short,delta_vs_same_scenario_G00,annualized_l1_turnover,-1.1914902868042994
G33,G33__mom_255_21__top20__weekly__long_short,long_short,base,0.0,0.01,G00__mom_255_21__top20__weekly__long_short,delta_vs_same_scenario_G00,cagr,0.004049920655572213
G33,G33__mom_255_21__top20__weekly__long_short,long_short,base,0.0,0.01,G00__mom_255_21__top20__weekly__long_short,delta_vs_same_scenario_G00,sharpe_excess_rf,0.037489967592195694
G33,G33__mom_255_21__top20__weekly__long_short,long_short,base,0.0,0.01,G00__mom_255_21__top20__weekly__long_short,delta_vs_same_scenario_G00,max_drawdown,0.12048547443415658
G33,G33__mom_255_21__top20__weekly__long_short,long_short,base,0.0,0.01,G00__mom_255_21__top20__weekly__long_short,delta_vs_same_scenario_G00,annualized_volatility,-0.03957409124008757
G33,G33__mom_255_21__top20__weekly__long_short,long_short,base,0.0,0.01,G00__mom_255_21__top20__weekly__long_short,delta_vs_same_scenario_G00,annualized_l1_turnover,-1.1917756465037144
G33,G33__mom_255_21__top20__weekly__long_short,long_short,base,0.0,0.03,G00__mom_255_21__top20__weekly__long_short,delta_vs_same_scenario_G00,cagr,0.004870154834912384
G33,G33__mom_255_21__top20__weekly__long_short,long_short,base,0.0,0.03,G00__mom_255_21__top20__weekly__long_short,delta_vs_same_scenario_G00,sharpe_excess_rf,0.029590006630363846
G33,G33__mom_255_21__top20__weekly__long_short,long_short,base,0.0,0.03,G00__mom_255_21__top20__weekly__long_short,delta_vs_same_scenario_G00,max_drawdown,0.12146524283276217
G33,G33__mom_255_21__top20__weekly__long_short,long_short,base,0.0,0.03,G00__mom_255_21__top20__weekly__long_short,delta_vs_same_scenario_G00,annualized_volatility,-0.03958198690777351
G33,G33__mom_255_21__top20__weekly__long_short,long_short,base,0.0,0.03,G00__mom_255_21__top20__weekly__long_short,delta_vs_same_scenario_G00,annualized_l1_turnover,-1.1923411201264145
G33,G33__mom_255_21__top20__weekly__long_short,long_short,base,5.0,0.0,G00__mom_255_21__top20__weekly__long_short,delta_vs_same_scenario_G00,cagr,0.004221892824637814
G33,G33__mom_255_21__top20__weekly__long_short,long_short,base,5.0,0.0,G00__mom_255_21__top20__weekly__long_short,delta_vs_same_scenario_G00,sharpe_excess_rf,0.032979502085250384
G33,G33__mom_255_21__top20__weekly__long_short,long_short,base,5.0,0.0,G00__mom_255_21__top20__weekly__long_short,delta_vs_same_scenario_G00,max_drawdown,0.12043226983716393
G33,G33__mom_255_21__top20__weekly__long_short,long_short,base,5.0,0.0,G00__mom_255_21__top20__weekly__long_short,delta_vs_same_scenario_G00,annualized_volatility,-0.03957947060187958
G33,G33__mom_255_21__top20__weekly__long_short,long_short,base,5.0,0.0,G00__mom_255_21__top20__weekly__long_short,delta_vs_same_scenario_G00,annualized_l1_turnover,-1.1914902868042994
G33,G33__mom_255_21__top20__weekly__long_short,long_short,base,5.0,0.01,G00__mom_255_21__top20__weekly__long_short,delta_vs_same_scenario_G00,cagr,0.004637512681996046
G33,G33__mom_255_21__top20__weekly__long_short,long_short,base,5.0,0.01,G00__mom_255_21__top20__weekly__long_short,delta_vs_same_scenario_G00,sharpe_excess_rf,0.02897235988104449
G33,G33__mom_255_21__top20__weekly__long_short,long_short,base,5.0,0.01,G00__mom_255_21__top20__weekly__long_short,delta_vs_same_scenario_G00,max_drawdown,0.12092754657353488
G33,G33__mom_255_21__top20__weekly__long_short,long_short,base,5.0,0.01,G00__mom_255_21__top20__weekly__long_short,delta_vs_same_scenario_G00,annualized_volatility,-0.039583476365742665
G33,G33__mom_255_21__top20__weekly__long_short,long_short,base,5.0,0.01,G00__mom_255_21__top20__weekly__long_short,delta_vs_same_scenario_G00,annualized_l1_turnover,-1.1917756465037144
G33,G33__mom_255_21__top20__weekly__long_short,long_short,base,5.0,0.03,G00__mom_255_21__top20__weekly__long_short,delta_vs_same_scenario_G00,cagr,0.005444965182090068
G33,G33__mom_255_21__top20__weekly__long_short,long_short,base,5.0,0.03,G00__mom_255_21__top20__weekly__long_short,delta_vs_same_scenario_G00,sharpe_excess_rf,0.021074739080660487
G33,G33__mom_255_21__top20__weekly__long_short,long_short,base,5.0,0.03,G00__mom_255_21__top20__weekly__long_short,delta_vs_same_scenario_G00,max_drawdown,0.12187747710234165
G33,G33__mom_255_21__top20__weekly__long_short,long_short,base,5.0,0.03,G00__mom_255_21__top20__weekly__long_short,delta_vs_same_scenario_G00,annualized_volatility,-0.03959131198036778
G33,G33__mom_255_21__top20__weekly__long_short,long_short,base,5.0,0.03,G00__mom_255_21__top20__weekly__long_short,delta_vs_same_scenario_G00,annualized_l1_turnover,-1.1923411201264145
G33,G33__mom_255_21__top20__weekly__long_short,long_short,base,10.0,0.0,G00__mom_255_21__top20__weekly__long_short,delta_vs_same_scenario_G00,cagr,0.004805468265395962
G33,G33__mom_255_21__top20__weekly__long_short,long_short,base,10.0,0.0,G00__mom_255_21__top20__weekly__long_short,delta_vs_same_scenario_G00,sharpe_excess_rf,0.0244606547996859
G33,G33__mom_255_21__top20__weekly__long_short,long_short,base,10.0,0.0,G00__mom_255_21__top20__weekly__long_short,delta_vs_same_scenario_G00,max_drawdown,0.12086407401083032
G33,G33__mom_255_21__top20__weekly__long_short,long_short,base,10.0,0.0,G00__mom_255_21__top20__weekly__long_short,delta_vs_same_scenario_G00,annualized_volatility,-0.0395878530006695
G33,G33__mom_255_21__top20__weekly__long_short,long_short,base,10.0,0.0,G00__mom_255_21__top20__weekly__long_short,delta_vs_same_scenario_G00,annualized_l1_turnover,-1.1914902868042958
G33,G33__mom_255_21__top20__weekly__long_short,long_short,base,10.0,0.01,G00__mom_255_21__top20__weekly__long_short,delta_vs_same_scenario_G00,cagr,0.0052146116736060885
G33,G33__mom_255_21__top20__weekly__long_short,long_short,base,10.0,0.01,G00__mom_255_21__top20__weekly__long_short,delta_vs_same_scenario_G00,sharpe_excess_rf,0.020455380732569167
G33,G33__mom_255_21__top20__weekly__long_short,long_short,base,10.0,0.01,G00__mom_255_21__top20__weekly__long_short,delta_vs_same_scenario_G00,max_drawdown,0.12134426061690262
G33,G33__mom_255_21__top20__weekly__long_short,long_short,base,10.0,0.01,G00__mom_255_21__top20__weekly__long_short,delta_vs_same_scenario_G00,annualized_volatility,-0.03959182831079419
G33,G33__mom_255_21__top20__weekly__long_short,long_short,base,10.0,0.01,G00__mom_255_21__top20__weekly__long_short,delta_vs_same_scenario_G00,annualized_l1_turnover,-1.1917756465037144
G33,G33__mom_255_21__top20__weekly__long_short,long_short,base,10.0,0.03,G00__mom_255_21__top20__weekly__long_short,delta_vs_same_scenario_G00,cagr,0.006009439770451836
G33,G33__mom_255_21__top20__weekly__long_short,long_short,base,10.0,0.03,G00__mom_255_21__top20__weekly__long_short,delta_vs_same_scenario_G00,sharpe_excess_rf,0.012561497012077899
G33,G33__mom_255_21__top20__weekly__long_short,long_short,base,10.0,0.03,G00__mom_255_21__top20__weekly__long_short,delta_vs_same_scenario_G00,max_drawdown,0.12226489590957024
G33,G33__mom_255_21__top20__weekly__long_short,long_short,base,10.0,0.03,G00__mom_255_21__top20__weekly__long_short,delta_vs_same_scenario_G00,annualized_volatility,-0.03959960399846635
G33,G33__mom_255_21__top20__weekly__long_short,long_short,base,10.0,0.03,G00__mom_255_21__top20__weekly__long_short,delta_vs_same_scenario_G00,annualized_l1_turnover,-1.1923411201264145
G33,G33__mom_255_21__top20__weekly__long_short,long_short,base,20.0,0.0,G00__mom_255_21__top20__weekly__long_short,delta_vs_same_scenario_G00,cagr,0.005941439117854948
G33,G33__mom_255_21__top20__weekly__long_short,long_short,base,20.0,0.0,G00__mom_255_21__top20__weekly__long_short,delta_vs_same_scenario_G00,sharpe_excess_rf,0.007438629317417428
G33,G33__mom_255_21__top20__weekly__long_short,long_short,base,20.0,0.0,G00__mom_255_21__top20__weekly__long_short,delta_vs_same_scenario_G00,max_drawdown,0.12155039235028742
G33,G33__mom_255_21__top20__weekly__long_short,long_short,base,20.0,0.0,G00__mom_255_21__top20__weekly__long_short,delta_vs_same_scenario_G00,annualized_volatility,-0.03960152380735177
G33,G33__mom_255_21__top20__weekly__long_short,long_short,base,20.0,0.0,G00__mom_255_21__top20__weekly__long_short,delta_vs_same_scenario_G00,annualized_l1_turnover,-1.1914902868042958
G33,G33__mom_255_21__top20__weekly__long_short,long_short,base,20.0,0.01,G00__mom_255_21__top20__weekly__long_short,delta_vs_same_scenario_G00,cagr,0.006337867864592943
G33,G33__mom_255_21__top20__weekly__long_short,long_short,base,20.0,0.01,G00__mom_255_21__top20__weekly__long_short,delta_vs_same_scenario_G00,sharpe_excess_rf,0.0034392090563912306
G33,G33__mom_255_21__top20__weekly__long_short,long_short,base,20.0,0.01,G00__mom_255_21__top20__weekly__long_short,delta_vs_same_scenario_G00,max_drawdown,0.12041164063148724
G33,G33__mom_255_21__top20__weekly__long_short,long_short,base,20.0,0.01,G00__mom_255_21__top20__weekly__long_short,delta_vs_same_scenario_G00,annualized_volatility,-0.039605438418947564
G33,G33__mom_255_21__top20__weekly__long_short,long_short,base,20.0,0.01,G00__mom_255_21__top20__weekly__long_short,delta_vs_same_scenario_G00,annualized_l1_turnover,-1.1917756465037144
G33,G33__mom_255_21__top20__weekly__long_short,long_short,base,20.0,0.03,G00__mom_255_21__top20__weekly__long_short,delta_vs_same_scenario_G00,cagr,0.007107912135187598
G33,G33__mom_255_21__top20__weekly__long_short,long_short,base,20.0,0.03,G00__mom_255_21__top20__weekly__long_short,delta_vs_same_scenario_G00,sharpe_excess_rf,-0.004443028677687325
G33,G33__mom_255_21__top20__weekly__long_short,long_short,base,20.0,0.03,G00__mom_255_21__top20__weekly__long_short,delta_vs_same_scenario_G00,max_drawdown,0.1192352976435499
G33,G33__mom_255_21__top20__weekly__long_short,long_short,base,20.0,0.03,G00__mom_255_21__top20__weekly__long_short,delta_vs_same_scenario_G00,annualized_volatility,-0.039613094676847094
G33,G33__mom_255_21__top20__weekly__long_short,long_short,base,20.0,0.03,G00__mom_255_21__top20__weekly__long_short,delta_vs_same_scenario_G00,annualized_l1_turnover,-1.1923411201264145
G33,G33__mom_255_21__top50__monthly__long_only,long_only,base,0.0,0.0,G00__mom_255_21__top50__monthly__long_only,delta_vs_same_scenario_G00,cagr,-0.029640942714631774
G33,G33__mom_255_21__top50__monthly__long_only,long_only,base,0.0,0.0,G00__mom_255_21__top50__monthly__long_only,delta_vs_same_scenario_G00,sharpe_excess_rf,-0.061370948061118535
G33,G33__mom_255_21__top50__monthly__long_only,long_only,base,0.0,0.0,G00__mom_255_21__top50__monthly__long_only,delta_vs_same_scenario_G00,max_drawdown,0.07890171608714242
G33,G33__mom_255_21__top50__monthly__long_only,long_only,base,0.0,0.0,G00__mom_255_21__top50__monthly__long_only,delta_vs_same_scenario_G00,annualized_volatility,-0.031601933206667515
G33,G33__mom_255_21__top50__monthly__long_only,long_only,base,0.0,0.0,G00__mom_255_21__top50__monthly__long_only,delta_vs_same_scenario_G00,annualized_l1_turnover,-0.2652762060728726
G33,G33__mom_255_21__top50__monthly__long_only,long_only,base,5.0,0.0,G00__mom_255_21__top50__monthly__long_only,delta_vs_same_scenario_G00,cagr,-0.029377833273478204
G33,G33__mom_255_21__top50__monthly__long_only,long_only,base,5.0,0.0,G00__mom_255_21__top50__monthly__long_only,delta_vs_same_scenario_G00,sharpe_excess_rf,-0.06313806614014073
G33,G33__mom_255_21__top50__monthly__long_only,long_only,base,5.0,0.0,G00__mom_255_21__top50__monthly__long_only,delta_vs_same_scenario_G00,max_drawdown,0.07884122243133046
G33,G33__mom_255_21__top50__monthly__long_only,long_only,base,5.0,0.0,G00__mom_255_21__top50__monthly__long_only,delta_vs_same_scenario_G00,annualized_volatility,-0.031615723273386936
G33,G33__mom_255_21__top50__monthly__long_only,long_only,base,5.0,0.0,G00__mom_255_21__top50__monthly__long_only,delta_vs_same_scenario_G00,annualized_l1_turnover,-0.26527620607287083
G33,G33__mom_255_21__top50__monthly__long_only,long_only,base,10.0,0.0,G00__mom_255_21__top50__monthly__long_only,delta_vs_same_scenario_G00,cagr,-0.029116141740092888
G33,G33__mom_255_21__top50__monthly__long_only,long_only,base,10.0,0.0,G00__mom_255_21__top50__monthly__long_only,delta_vs_same_scenario_G00,sharpe_excess_rf,-0.0649092335289072
G33,G33__mom_255_21__top50__monthly__long_only,long_only,base,10.0,0.0,G00__mom_255_21__top50__monthly__long_only,delta_vs_same_scenario_G00,max_drawdown,0.0787807287755184
G33,G33__mom_255_21__top50__monthly__long_only,long_only,base,10.0,0.0,G00__mom_255_21__top50__monthly__long_only,delta_vs_same_scenario_G00,annualized_volatility,-0.03162912811319693
G33,G33__mom_255_21__top50__monthly__long_only,long_only,base,10.0,0.0,G00__mom_255_21__top50__monthly__long_only,delta_vs_same_scenario_G00,annualized_l1_turnover,-0.26527620607287083
G33,G33__mom_255_21__top50__monthly__long_only,long_only,base,20.0,0.0,G00__mom_255_21__top50__monthly__long_only,delta_vs_same_scenario_G00,cagr,-0.02859698847999015
G33,G33__mom_255_21__top50__monthly__long_only,long_only,base,20.0,0.0,G00__mom_255_21__top50__monthly__long_only,delta_vs_same_scenario_G00,sharpe_excess_rf,-0.06846218162914453
G33,G33__mom_255_21__top50__monthly__long_only,long_only,base,20.0,0.0,G00__mom_255_21__top50__monthly__long_only,delta_vs_same_scenario_G00,max_drawdown,0.07865974146389532
G33,G33__mom_255_21__top50__monthly__long_only,long_only,base,20.0,0.0,G00__mom_255_21__top50__monthly__long_only,delta_vs_same_scenario_G00,annualized_volatility,-0.0316547776987634
G33,G33__mom_255_21__top50__monthly__long_only,long_only,base,20.0,0.0,G00__mom_255_21__top50__monthly__long_only,delta_vs_same_scenario_G00,annualized_l1_turnover,-0.2652762060728726
G33,G33__mom_255_21__top50__monthly__long_short,long_short,base,0.0,0.0,G00__mom_255_21__top50__monthly__long_short,delta_vs_same_scenario_G00,cagr,0.0032461113509425557
G33,G33__mom_255_21__top50__monthly__long_short,long_short,base,0.0,0.0,G00__mom_255_21__top50__monthly__long_short,delta_vs_same_scenario_G00,sharpe_excess_rf,0.039754100725933966
G33,G33__mom_255_21__top50__monthly__long_short,long_short,base,0.0,0.0,G00__mom_255_21__top50__monthly__long_short,delta_vs_same_scenario_G00,max_drawdown,0.04832311692689356
G33,G33__mom_255_21__top50__monthly__long_short,long_short,base,0.0,0.0,G00__mom_255_21__top50__monthly__long_short,delta_vs_same_scenario_G00,annualized_volatility,-0.03026769450859146
G33,G33__mom_255_21__top50__monthly__long_short,long_short,base,0.0,0.0,G00__mom_255_21__top50__monthly__long_short,delta_vs_same_scenario_G00,annualized_l1_turnover,-0.34020782664822846
G33,G33__mom_255_21__top50__monthly__long_short,long_short,base,0.0,0.01,G00__mom_255_21__top50__monthly__long_short,delta_vs_same_scenario_G00,cagr,0.003660723467210379
G33,G33__mom_255_21__top50__monthly__long_short,long_short,base,0.0,0.01,G00__mom_255_21__top50__monthly__long_short,delta_vs_same_scenario_G00,sharpe_excess_rf,0.03451437001249358
G33,G33__mom_255_21__top50__monthly__long_short,long_short,base,0.0,0.01,G00__mom_255_21__top50__monthly__long_short,delta_vs_same_scenario_G00,max_drawdown,0.049714588546896255
G33,G33__mom_255_21__top50__monthly__long_short,long_short,base,0.0,0.01,G00__mom_255_21__top50__monthly__long_short,delta_vs_same_scenario_G00,annualized_volatility,-0.03027756447822544
G33,G33__mom_255_21__top50__monthly__long_short,long_short,base,0.0,0.01,G00__mom_255_21__top50__monthly__long_short,delta_vs_same_scenario_G00,annualized_l1_turnover,-0.34059058900259753
G33,G33__mom_255_21__top50__monthly__long_short,long_short,base,0.0,0.03,G00__mom_255_21__top50__monthly__long_short,delta_vs_same_scenario_G00,cagr,0.004466817951605476
G33,G33__mom_255_21__top50__monthly__long_short,long_short,base,0.0,0.03,G00__mom_255_21__top50__monthly__long_short,delta_vs_same_scenario_G00,sharpe_excess_rf,0.02418473876622497
G33,G33__mom_255_21__top50__monthly__long_short,long_short,base,0.0,0.03,G00__mom_255_21__top50__monthly__long_short,delta_vs_same_scenario_G00,max_drawdown,0.05173171694577772
G33,G33__mom_255_21__top50__monthly__long_short,long_short,base,0.0,0.03,G00__mom_255_21__top50__monthly__long_short,delta_vs_same_scenario_G00,annualized_volatility,-0.030296961540316636
G33,G33__mom_255_21__top50__monthly__long_short,long_short,base,0.0,0.03,G00__mom_255_21__top50__monthly__long_short,delta_vs_same_scenario_G00,annualized_l1_turnover,-0.3413567081412099
G33,G33__mom_255_21__top50__monthly__long_short,long_short,base,5.0,0.0,G00__mom_255_21__top50__monthly__long_short,delta_vs_same_scenario_G00,cagr,0.003411496543266418
G33,G33__mom_255_21__top50__monthly__long_short,long_short,base,5.0,0.0,G00__mom_255_21__top50__monthly__long_short,delta_vs_same_scenario_G00,sharpe_excess_rf,0.03453686820419119
G33,G33__mom_255_21__top50__monthly__long_short,long_short,base,5.0,0.0,G00__mom_255_21__top50__monthly__long_short,delta_vs_same_scenario_G00,max_drawdown,0.0488705364139157
G33,G33__mom_255_21__top50__monthly__long_short,long_short,base,5.0,0.0,G00__mom_255_21__top50__monthly__long_short,delta_vs_same_scenario_G00,annualized_volatility,-0.030256411481247567
G33,G33__mom_255_21__top50__monthly__long_short,long_short,base,5.0,0.0,G00__mom_255_21__top50__monthly__long_short,delta_vs_same_scenario_G00,annualized_l1_turnover,-0.34020782664822846
G33,G33__mom_255_21__top50__monthly__long_short,long_short,base,5.0,0.01,G00__mom_255_21__top50__monthly__long_short,delta_vs_same_scenario_G00,cagr,0.0038239111098230805
G33,G33__mom_255_21__top50__monthly__long_short,long_short,base,5.0,0.01,G00__mom_255_21__top50__monthly__long_short,delta_vs_same_scenario_G00,sharpe_excess_rf,0.02930003864240119
G33,G33__mom_255_21__top50__monthly__long_short,long_short,base,5.0,0.01,G00__mom_255_21__top50__monthly__long_short,delta_vs_same_scenario_G00,max_drawdown,0.0500565466365524
G33,G33__mom_255_21__top50__monthly__long_short,long_short,base,5.0,0.01,G00__mom_255_21__top50__monthly__long_short,delta_vs_same_scenario_G00,annualized_volatility,-0.030266256947846182
G33,G33__mom_255_21__top50__monthly__long_short,long_short,base,5.0,0.01,G00__mom_255_21__top50__monthly__long_short,delta_vs_same_scenario_G00,annualized_l1_turnover,-0.34059058900259753
G33,G33__mom_255_21__top50__monthly__long_short,long_short,base,5.0,0.03,G00__mom_255_21__top50__monthly__long_short,delta_vs_same_scenario_G00,cagr,0.004625724923677726
G33,G33__mom_255_21__top50__monthly__long_short,long_short,base,5.0,0.03,G00__mom_255_21__top50__monthly__long_short,delta_vs_same_scenario_G00,sharpe_excess_rf,0.018976204292423138
G33,G33__mom_255_21__top50__monthly__long_short,long_short,base,5.0,0.03,G00__mom_255_21__top50__monthly__long_short,delta_vs_same_scenario_G00,max_drawdown,0.05188453435424384
G33,G33__mom_255_21__top50__monthly__long_short,long_short,base,5.0,0.03,G00__mom_255_21__top50__monthly__long_short,delta_vs_same_scenario_G00,annualized_volatility,-0.03028560556502799
G33,G33__mom_255_21__top50__monthly__long_short,long_short,base,5.0,0.03,G00__mom_255_21__top50__monthly__long_short,delta_vs_same_scenario_G00,annualized_l1_turnover,-0.3413567081412099
G33,G33__mom_255_21__top50__monthly__long_short,long_short,base,10.0,0.0,G00__mom_255_21__top50__monthly__long_short,delta_vs_same_scenario_G00,cagr,0.0035756997960183848
G33,G33__mom_255_21__top50__monthly__long_short,long_short,base,10.0,0.0,G00__mom_255_21__top50__monthly__long_short,delta_vs_same_scenario_G00,sharpe_excess_rf,0.029317807985089206
G33,G33__mom_255_21__top50__monthly__long_short,long_short,base,10.0,0.0,G00__mom_255_21__top50__monthly__long_short,delta_vs_same_scenario_G00,max_drawdown,0.04926476281802239
G33,G33__mom_255_21__top50__monthly__long_short,long_short,base,10.0,0.0,G00__mom_255_21__top50__monthly__long_short,delta_vs_same_scenario_G00,annualized_volatility,-0.03024376882532212
G33,G33__mom_255_21__top50__monthly__long_short,long_short,base,10.0,0.0,G00__mom_255_21__top50__monthly__long_short,delta_vs_same_scenario_G00,annualized_l1_turnover,-0.34020782664822846
G33,G33__mom_255_21__top50__monthly__long_short,long_short,base,10.0,0.01,G00__mom_255_21__top50__monthly__long_short,delta_vs_same_scenario_G00,cagr,0.003985926284062913
G33,G33__mom_255_21__top50__monthly__long_short,long_short,base,10.0,0.01,G00__mom_255_21__top50__monthly__long_short,delta_vs_same_scenario_G00,sharpe_excess_rf,0.02408521073342408
G33,G33__mom_255_21__top50__monthly__long_short,long_short,base,10.0,0.01,G00__mom_255_21__top50__monthly__long_short,delta_vs_same_scenario_G00,max_drawdown,0.0502374445736426
G33,G33__mom_255_21__top50__monthly__long_short,long_short,base,10.0,0.01,G00__mom_255_21__top50__monthly__long_short,delta_vs_same_scenario_G00,annualized_volatility,-0.03025358989724937
G33,G33__mom_255_21__top50__monthly__long_short,long_short,base,10.0,0.01,G00__mom_255_21__top50__monthly__long_short,delta_vs_same_scenario_G00,annualized_l1_turnover,-0.34059058900259753
G33,G33__mom_255_21__top50__monthly__long_short,long_short,base,10.0,0.03,G00__mom_255_21__top50__monthly__long_short,delta_vs_same_scenario_G00,cagr,0.0047834778896401475
G33,G33__mom_255_21__top50__monthly__long_short,long_short,base,10.0,0.03,G00__mom_255_21__top50__monthly__long_short,delta_vs_same_scenario_G00,sharpe_excess_rf,0.013769796844625717
G33,G33__mom_255_21__top50__monthly__long_short,long_short,base,10.0,0.03,G00__mom_255_21__top50__monthly__long_short,delta_vs_same_scenario_G00,max_drawdown,0.052028266556652825
G33,G33__mom_255_21__top50__monthly__long_short,long_short,base,10.0,0.03,G00__mom_255_21__top50__monthly__long_short,delta_vs_same_scenario_G00,annualized_volatility,-0.030272890294594984
G33,G33__mom_255_21__top50__monthly__long_short,long_short,base,10.0,0.03,G00__mom_255_21__top50__monthly__long_short,delta_vs_same_scenario_G00,annualized_l1_turnover,-0.3413567081412099
G33,G33__mom_255_21__top50__monthly__long_short,long_short,base,20.0,0.0,G00__mom_255_21__top50__monthly__long_short,delta_vs_same_scenario_G00,cagr,0.0039005828587206984
G33,G33__mom_255_21__top50__monthly__long_short,long_short,base,20.0,0.0,G00__mom_255_21__top50__monthly__long_short,delta_vs_same_scenario_G00,sharpe_excess_rf,0.018887499350574127
G33,G33__mom_255_21__top50__monthly__long_short,long_short,base,20.0,0.0,G00__mom_255_21__top50__monthly__long_short,delta_vs_same_scenario_G00,max_drawdown,0.0496507038948214
G33,G33__mom_255_21__top50__monthly__long_short,long_short,base,20.0,0.0,G00__mom_255_21__top50__monthly__long_short,delta_vs_same_scenario_G00,annualized_volatility,-0.030214417393287937
G33,G33__mom_255_21__top50__monthly__long_short,long_short,base,20.0,0.0,G00__mom_255_21__top50__monthly__long_short,delta_vs_same_scenario_G00,annualized_l1_turnover,-0.34020782664822846
G33,G33__mom_255_21__top50__monthly__long_short,long_short,base,20.0,0.01,G00__mom_255_21__top50__monthly__long_short,delta_vs_same_scenario_G00,cagr,0.004306461464992632
G33,G33__mom_255_21__top50__monthly__long_short,long_short,base,20.0,0.01,G00__mom_255_21__top50__monthly__long_short,delta_vs_same_scenario_G00,sharpe_excess_rf,0.013667347497649855
G33,G33__mom_255_21__top50__monthly__long_short,long_short,base,20.0,0.01,G00__mom_255_21__top50__monthly__long_short,delta_vs_same_scenario_G00,max_drawdown,0.050570968415958706
G33,G33__mom_255_21__top50__monthly__long_short,long_short,base,20.0,0.01,G00__mom_255_21__top50__monthly__long_short,delta_vs_same_scenario_G00,annualized_volatility,-0.030224190027470232
G33,G33__mom_255_21__top50__monthly__long_short,long_short,base,20.0,0.01,G00__mom_255_21__top50__monthly__long_short,delta_vs_same_scenario_G00,annualized_l1_turnover,-0.34059058900259753
G33,G33__mom_255_21__top50__monthly__long_short,long_short,base,20.0,0.03,G00__mom_255_21__top50__monthly__long_short,delta_vs_same_scenario_G00,cagr,0.00509554377111208
G33,G33__mom_255_21__top50__monthly__long_short,long_short,base,20.0,0.03,G00__mom_255_21__top50__monthly__long_short,delta_vs_same_scenario_G00,sharpe_excess_rf,0.003376620089670051
G33,G33__mom_255_21__top50__monthly__long_short,long_short,base,20.0,0.03,G00__mom_255_21__top50__monthly__long_short,delta_vs_same_scenario_G00,max_drawdown,0.05228914577811716
G33,G33__mom_255_21__top50__monthly__long_short,long_short,base,20.0,0.03,G00__mom_255_21__top50__monthly__long_short,delta_vs_same_scenario_G00,annualized_volatility,-0.030243394712627852
G33,G33__mom_255_21__top50__monthly__long_short,long_short,base,20.0,0.03,G00__mom_255_21__top50__monthly__long_short,delta_vs_same_scenario_G00,annualized_l1_turnover,-0.3413567081412099
G33,G33__mom_255_21__top50__weekly__long_only,long_only,base,0.0,0.0,G00__mom_255_21__top50__weekly__long_only,delta_vs_same_scenario_G00,cagr,-0.044558664520758906
G33,G33__mom_255_21__top50__weekly__long_only,long_only,base,0.0,0.0,G00__mom_255_21__top50__weekly__long_only,delta_vs_same_scenario_G00,sharpe_excess_rf,-0.10228149392821806
G33,G33__mom_255_21__top50__weekly__long_only,long_only,base,0.0,0.0,G00__mom_255_21__top50__weekly__long_only,delta_vs_same_scenario_G00,max_drawdown,0.12305973312012847
G33,G33__mom_255_21__top50__weekly__long_only,long_only,base,0.0,0.0,G00__mom_255_21__top50__weekly__long_only,delta_vs_same_scenario_G00,annualized_volatility,-0.04122665642880316
G33,G33__mom_255_21__top50__weekly__long_only,long_only,base,0.0,0.0,G00__mom_255_21__top50__weekly__long_only,delta_vs_same_scenario_G00,annualized_l1_turnover,-0.6626719738955611
G33,G33__mom_255_21__top50__weekly__long_only,long_only,base,5.0,0.0,G00__mom_255_21__top50__weekly__long_only,delta_vs_same_scenario_G00,cagr,-0.04382045119913017
G33,G33__mom_255_21__top50__weekly__long_only,long_only,base,5.0,0.0,G00__mom_255_21__top50__weekly__long_only,delta_vs_same_scenario_G00,sharpe_excess_rf,-0.10771401615607767
G33,G33__mom_255_21__top50__weekly__long_only,long_only,base,5.0,0.0,G00__mom_255_21__top50__weekly__long_only,delta_vs_same_scenario_G00,max_drawdown,0.12308710205107831
G33,G33__mom_255_21__top50__weekly__long_only,long_only,base,5.0,0.0,G00__mom_255_21__top50__weekly__long_only,delta_vs_same_scenario_G00,annualized_volatility,-0.04123163504867347
G33,G33__mom_255_21__top50__weekly__long_only,long_only,base,5.0,0.0,G00__mom_255_21__top50__weekly__long_only,delta_vs_same_scenario_G00,annualized_l1_turnover,-0.6626719738955611
G33,G33__mom_255_21__top50__weekly__long_only,long_only,base,10.0,0.0,G00__mom_255_21__top50__weekly__long_only,delta_vs_same_scenario_G00,cagr,-0.04309106820762948
G33,G33__mom_255_21__top50__weekly__long_only,long_only,base,10.0,0.0,G00__mom_255_21__top50__weekly__long_only,delta_vs_same_scenario_G00,sharpe_excess_rf,-0.11314691675962463
G33,G33__mom_255_21__top50__weekly__long_only,long_only,base,10.0,0.0,G00__mom_255_21__top50__weekly__long_only,delta_vs_same_scenario_G00,max_drawdown,0.12311433612080303
G33,G33__mom_255_21__top50__weekly__long_only,long_only,base,10.0,0.0,G00__mom_255_21__top50__weekly__long_only,delta_vs_same_scenario_G00,annualized_volatility,-0.041236060567754196
G33,G33__mom_255_21__top50__weekly__long_only,long_only,base,10.0,0.0,G00__mom_255_21__top50__weekly__long_only,delta_vs_same_scenario_G00,annualized_l1_turnover,-0.6626719738955611
G33,G33__mom_255_21__top50__weekly__long_only,long_only,base,20.0,0.0,G00__mom_255_21__top50__weekly__long_only,delta_vs_same_scenario_G00,cagr,-0.04165842805732864
G33,G33__mom_255_21__top50__weekly__long_only,long_only,base,20.0,0.0,G00__mom_255_21__top50__weekly__long_only,delta_vs_same_scenario_G00,sharpe_excess_rf,-0.12400915386408634
G33,G33__mom_255_21__top50__weekly__long_only,long_only,base,20.0,0.0,G00__mom_255_21__top50__weekly__long_only,delta_vs_same_scenario_G00,max_drawdown,0.12330156608493531
G33,G33__mom_255_21__top50__weekly__long_only,long_only,base,20.0,0.0,G00__mom_255_21__top50__weekly__long_only,delta_vs_same_scenario_G00,annualized_volatility,-0.0412432533822229
G33,G33__mom_255_21__top50__weekly__long_only,long_only,base,20.0,0.0,G00__mom_255_21__top50__weekly__long_only,delta_vs_same_scenario_G00,annualized_l1_turnover,-0.6626719738955611
G33,G33__mom_255_21__top50__weekly__long_short,long_short,base,0.0,0.0,G00__mom_255_21__top50__weekly__long_short,delta_vs_same_scenario_G00,cagr,0.005710276256984795
G33,G33__mom_255_21__top50__weekly__long_short,long_short,base,0.0,0.0,G00__mom_255_21__top50__weekly__long_short,delta_vs_same_scenario_G00,sharpe_excess_rf,0.06250763850298838
G33,G33__mom_255_21__top50__weekly__long_short,long_short,base,0.0,0.0,G00__mom_255_21__top50__weekly__long_short,delta_vs_same_scenario_G00,max_drawdown,0.11019564014304106
G33,G33__mom_255_21__top50__weekly__long_short,long_short,base,0.0,0.0,G00__mom_255_21__top50__weekly__long_short,delta_vs_same_scenario_G00,annualized_volatility,-0.031257496967824955
G33,G33__mom_255_21__top50__weekly__long_short,long_short,base,0.0,0.0,G00__mom_255_21__top50__weekly__long_short,delta_vs_same_scenario_G00,annualized_l1_turnover,-1.0383257081052015
G33,G33__mom_255_21__top50__weekly__long_short,long_short,base,0.0,0.01,G00__mom_255_21__top50__weekly__long_short,delta_vs_same_scenario_G00,cagr,0.006137127385756079
G33,G33__mom_255_21__top50__weekly__long_short,long_short,base,0.0,0.01,G00__mom_255_21__top50__weekly__long_short,delta_vs_same_scenario_G00,sharpe_excess_rf,0.05695848677523754
G33,G33__mom_255_21__top50__weekly__long_short,long_short,base,0.0,0.01,G00__mom_255_21__top50__weekly__long_short,delta_vs_same_scenario_G00,max_drawdown,0.11070625441093407
G33,G33__mom_255_21__top50__weekly__long_short,long_short,base,0.0,0.01,G00__mom_255_21__top50__weekly__long_short,delta_vs_same_scenario_G00,annualized_volatility,-0.031261301809053885
G33,G33__mom_255_21__top50__weekly__long_short,long_short,base,0.0,0.01,G00__mom_255_21__top50__weekly__long_short,delta_vs_same_scenario_G00,annualized_l1_turnover,-1.0386197227966871
G33,G33__mom_255_21__top50__weekly__long_short,long_short,base,0.0,0.03,G00__mom_255_21__top50__weekly__long_short,delta_vs_same_scenario_G00,cagr,0.006966334323888448
G33,G33__mom_255_21__top50__weekly__long_short,long_short,base,0.0,0.03,G00__mom_255_21__top50__weekly__long_short,delta_vs_same_scenario_G00,sharpe_excess_rf,0.04602081878709356
G33,G33__mom_255_21__top50__weekly__long_short,long_short,base,0.0,0.03,G00__mom_255_21__top50__weekly__long_short,delta_vs_same_scenario_G00,max_drawdown,0.11038431916067187
G33,G33__mom_255_21__top50__weekly__long_short,long_short,base,0.0,0.03,G00__mom_255_21__top50__weekly__long_short,delta_vs_same_scenario_G00,annualized_volatility,-0.03126871732317335
G33,G33__mom_255_21__top50__weekly__long_short,long_short,base,0.0,0.03,G00__mom_255_21__top50__weekly__long_short,delta_vs_same_scenario_G00,annualized_l1_turnover,-1.0392045257176985
G33,G33__mom_255_21__top50__weekly__long_short,long_short,base,5.0,0.0,G00__mom_255_21__top50__weekly__long_short,delta_vs_same_scenario_G00,cagr,0.006205818312379235
G33,G33__mom_255_21__top50__weekly__long_short,long_short,base,5.0,0.0,G00__mom_255_21__top50__weekly__long_short,delta_vs_same_scenario_G00,sharpe_excess_rf,0.05187418706641045
G33,G33__mom_255_21__top50__weekly__long_short,long_short,base,5.0,0.0,G00__mom_255_21__top50__weekly__long_short,delta_vs_same_scenario_G00,max_drawdown,0.11054465559766574
G33,G33__mom_255_21__top50__weekly__long_short,long_short,base,5.0,0.0,G00__mom_255_21__top50__weekly__long_short,delta_vs_same_scenario_G00,annualized_volatility,-0.031282603743229845
G33,G33__mom_255_21__top50__weekly__long_short,long_short,base,5.0,0.0,G00__mom_255_21__top50__weekly__long_short,delta_vs_same_scenario_G00,annualized_l1_turnover,-1.0383257081052015
G33,G33__mom_255_21__top50__weekly__long_short,long_short,base,5.0,0.01,G00__mom_255_21__top50__weekly__long_short,delta_vs_same_scenario_G00,cagr,0.0066269327381894075
G33,G33__mom_255_21__top50__weekly__long_short,long_short,base,5.0,0.01,G00__mom_255_21__top50__weekly__long_short,delta_vs_same_scenario_G00,sharpe_excess_rf,0.046320930454705075
G33,G33__mom_255_21__top50__weekly__long_short,long_short,base,5.0,0.01,G00__mom_255_21__top50__weekly__long_short,delta_vs_same_scenario_G00,max_drawdown,0.11059140390099942
G33,G33__mom_255_21__top50__weekly__long_short,long_short,base,5.0,0.01,G00__mom_255_21__top50__weekly__long_short,delta_vs_same_scenario_G00,annualized_volatility,-0.031286376347037514
G33,G33__mom_255_21__top50__weekly__long_short,long_short,base,5.0,0.01,G00__mom_255_21__top50__weekly__long_short,delta_vs_same_scenario_G00,annualized_l1_turnover,-1.0386197227966871
G33,G33__mom_255_21__top50__weekly__long_short,long_short,base,5.0,0.03,G00__mom_255_21__top50__weekly__long_short,delta_vs_same_scenario_G00,cagr,0.0074449597362704865
G33,G33__mom_255_21__top50__weekly__long_short,long_short,base,5.0,0.03,G00__mom_255_21__top50__weekly__long_short,delta_vs_same_scenario_G00,sharpe_excess_rf,0.03537529860371408
G33,G33__mom_255_21__top50__weekly__long_short,long_short,base,5.0,0.03,G00__mom_255_21__top50__weekly__long_short,delta_vs_same_scenario_G00,max_drawdown,0.1098677779457905
G33,G33__mom_255_21__top50__weekly__long_short,long_short,base,5.0,0.03,G00__mom_255_21__top50__weekly__long_short,delta_vs_same_scenario_G00,annualized_volatility,-0.03129372847397438
G33,G33__mom_255_21__top50__weekly__long_short,long_short,base,5.0,0.03,G00__mom_255_21__top50__weekly__long_short,delta_vs_same_scenario_G00,annualized_l1_turnover,-1.0392045257176985
G33,G33__mom_255_21__top50__weekly__long_short,long_short,base,10.0,0.0,G00__mom_255_21__top50__weekly__long_short,delta_vs_same_scenario_G00,cagr,0.0066934385188267345
G33,G33__mom_255_21__top50__weekly__long_short,long_short,base,10.0,0.0,G00__mom_255_21__top50__weekly__long_short,delta_vs_same_scenario_G00,sharpe_excess_rf,0.041222208097047325
G33,G33__mom_255_21__top50__weekly__long_short,long_short,base,10.0,0.0,G00__mom_255_21__top50__weekly__long_short,delta_vs_same_scenario_G00,max_drawdown,0.1094649351624089
G33,G33__mom_255_21__top50__weekly__long_short,long_short,base,10.0,0.0,G00__mom_255_21__top50__weekly__long_short,delta_vs_same_scenario_G00,annualized_volatility,-0.03130652643109996
G33,G33__mom_255_21__top50__weekly__long_short,long_short,base,10.0,0.0,G00__mom_255_21__top50__weekly__long_short,delta_vs_same_scenario_G00,annualized_l1_turnover,-1.0383257081052015
G33,G33__mom_255_21__top50__weekly__long_short,long_short,base,10.0,0.01,G00__mom_255_21__top50__weekly__long_short,delta_vs_same_scenario_G00,cagr,0.007108878015143691
G33,G33__mom_255_21__top50__weekly__long_short,long_short,base,10.0,0.01,G00__mom_255_21__top50__weekly__long_short,delta_vs_same_scenario_G00,sharpe_excess_rf,0.03566616846569469
G33,G33__mom_255_21__top50__weekly__long_short,long_short,base,10.0,0.01,G00__mom_255_21__top50__weekly__long_short,delta_vs_same_scenario_G00,max_drawdown,0.10943391325883539
G33,G33__mom_255_21__top50__weekly__long_short,long_short,base,10.0,0.01,G00__mom_255_21__top50__weekly__long_short,delta_vs_same_scenario_G00,annualized_volatility,-0.031310266858427624
G33,G33__mom_255_21__top50__weekly__long_short,long_short,base,10.0,0.01,G00__mom_255_21__top50__weekly__long_short,delta_vs_same_scenario_G00,annualized_l1_turnover,-1.0386197227966871
G33,G33__mom_255_21__top50__weekly__long_short,long_short,base,10.0,0.03,G00__mom_255_21__top50__weekly__long_short,delta_vs_same_scenario_G00,cagr,0.007915845609420701
G33,G33__mom_255_21__top50__weekly__long_short,long_short,base,10.0,0.03,G00__mom_255_21__top50__weekly__long_short,delta_vs_same_scenario_G00,sharpe_excess_rf,0.02471517714810814
G33,G33__mom_255_21__top50__weekly__long_short,long_short,base,10.0,0.03,G00__mom_255_21__top50__weekly__long_short,delta_vs_same_scenario_G00,max_drawdown,0.1093214617066125
G33,G33__mom_255_21__top50__weekly__long_short,long_short,base,10.0,0.03,G00__mom_255_21__top50__weekly__long_short,delta_vs_same_scenario_G00,annualized_volatility,-0.03131755572467204
G33,G33__mom_255_21__top50__weekly__long_short,long_short,base,10.0,0.03,G00__mom_255_21__top50__weekly__long_short,delta_vs_same_scenario_G00,annualized_l1_turnover,-1.0392045257176985
G33,G33__mom_255_21__top50__weekly__long_short,long_short,base,20.0,0.0,G00__mom_255_21__top50__weekly__long_short,delta_vs_same_scenario_G00,cagr,0.007645273452801282
G33,G33__mom_255_21__top50__weekly__long_short,long_short,base,20.0,0.0,G00__mom_255_21__top50__weekly__long_short,delta_vs_same_scenario_G00,sharpe_excess_rf,0.01988906905840143
G33,G33__mom_255_21__top50__weekly__long_short,long_short,base,20.0,0.0,G00__mom_255_21__top50__weekly__long_short,delta_vs_same_scenario_G00,max_drawdown,0.10842058621301404
G33,G33__mom_255_21__top50__weekly__long_short,long_short,base,20.0,0.0,G00__mom_255_21__top50__weekly__long_short,delta_vs_same_scenario_G00,annualized_volatility,-0.03135081198118257
G33,G33__mom_255_21__top50__weekly__long_short,long_short,base,20.0,0.0,G00__mom_255_21__top50__weekly__long_short,delta_vs_same_scenario_G00,annualized_l1_turnover,-1.0383257081052015
G33,G33__mom_255_21__top50__weekly__long_short,long_short,base,20.0,0.01,G00__mom_255_21__top50__weekly__long_short,delta_vs_same_scenario_G00,cagr,0.008049546044443634
G33,G33__mom_255_21__top50__weekly__long_short,long_short,base,20.0,0.01,G00__mom_255_21__top50__weekly__long_short,delta_vs_same_scenario_G00,sharpe_excess_rf,0.014331424667181777
G33,G33__mom_255_21__top50__weekly__long_short,long_short,base,20.0,0.01,G00__mom_255_21__top50__weekly__long_short,delta_vs_same_scenario_G00,max_drawdown,0.10834394881544634
G33,G33__mom_255_21__top50__weekly__long_short,long_short,base,20.0,0.01,G00__mom_255_21__top50__weekly__long_short,delta_vs_same_scenario_G00,annualized_volatility,-0.03135448827210524
G33,G33__mom_255_21__top50__weekly__long_short,long_short,base,20.0,0.01,G00__mom_255_21__top50__weekly__long_short,delta_vs_same_scenario_G00,annualized_l1_turnover,-1.0386197227966871
G33,G33__mom_255_21__top50__weekly__long_short,long_short,base,20.0,0.03,G00__mom_255_21__top50__weekly__long_short,delta_vs_same_scenario_G00,cagr,0.008834751820115474
G33,G33__mom_255_21__top50__weekly__long_short,long_short,base,20.0,0.03,G00__mom_255_21__top50__weekly__long_short,delta_vs_same_scenario_G00,sharpe_excess_rf,0.0033775188273293677
G33,G33__mom_255_21__top50__weekly__long_short,long_short,base,20.0,0.03,G00__mom_255_21__top50__weekly__long_short,delta_vs_same_scenario_G00,max_drawdown,0.10814554471485888
G33,G33__mom_255_21__top50__weekly__long_short,long_short,base,20.0,0.03,G00__mom_255_21__top50__weekly__long_short,delta_vs_same_scenario_G00,annualized_volatility,-0.03136165106263471
G33,G33__mom_255_21__top50__weekly__long_short,long_short,base,20.0,0.03,G00__mom_255_21__top50__weekly__long_short,delta_vs_same_scenario_G00,annualized_l1_turnover,-1.0392045257176985
