group_id,strategy_id,portfolio_mode,signal,top_n,frequency,variant_id,cost_bps,borrow_fee_annual,valid_scenario,invalid_reason,is_primary_scenario,collateralized_total_return,signed_skipped_rebalance_count,terminal_last_close_count,observations,total_return,cagr,annualized_volatility,sharpe_zero_rf,sharpe_excess_rf,sortino,max_drawdown,max_drawdown_duration,calmar,average_l1_turnover,annualized_l1_turnover,total_cost,corporate_action_events_applied,valuation_fallback_count,valuation_fallback_sid_count,unfilled_execution_count,skipped_signed_rebalance_count,average_target_risk_allocation,minimum_target_risk_allocation,maximum_target_risk_allocation,below_full_investment_fraction,leveraged_rebalance_fraction,average_actual_risky_weight,average_long_exposure,average_short_exposure,average_gross_exposure,average_net_exposure,total_short_borrow_fee,relative_observations,annualized_excess_return,geometric_excess_return,beta,annualized_alpha_zero_rf,annualized_alpha_excess_rf,tracking_error,information_ratio,base_target_gross_exposure,base_target_net_exposure,high_vol_rebalance_count,high_vol_rebalance_fraction,average_q4_target_risk_allocation,minimum_q4_target_risk_allocation,delta_vs_g00_cagr,delta_vs_g00_sharpe_excess_rf,delta_vs_g00_max_drawdown,delta_vs_g00_annualized_volatility,delta_vs_g00_annualized_l1_turnover
G33,G33__mom_12_1__top10__monthly__long_only,long_only,mom_12_1,10,monthly,base,0.0,0.0,True,,False,True,0,0,2134.0,3.307760591358294,0.18822192011960404,0.30326646611652863,0.7213743794294794,0.6294994345379883,0.8687415445969326,-0.39959345598054774,675.0,0.47103353997060127,0.7031429211401505,8.469346600274802,0.0,0.0,0.0,0.0,0.0,0.0,0.9219533872764717,0.2628837056197161,1.0,0.35294117647058826,0.0,0.9229010169533987,0.9229010169533987,0.0,0.9229010169533987,0.9229010169533987,0.0,2134.0,0.06381479614323837,0.03665285259330366,1.1054827603939483,0.04746983497685892,0.050424431218519666,0.21766931129559774,0.2931731430737935,1.0,1.0,36,0.35294117647058826,0.7788679306166699,0.2628837056197161,-0.039690563307185955,-0.060309421617493864,0.049269241224358384,-0.039994139471919876,-0.4390172285516627
G33,G33__mom_12_1__top10__monthly__long_only,long_only,mom_12_1,10,monthly,base,5.0,0.0,True,,True,True,0,0,2134.0,3.1559912349059633,0.1831998588417294,0.30325142271035926,0.7074212405626622,0.6155412570045096,0.8489632475263017,-0.4045462373765567,679.0,0.4528527073438201,0.7031429211401505,8.469346600274802,0.04671922623985336,0.0,0.0,0.0,0.0,0.0,0.9219533872764717,0.2628837056197161,1.0,0.35294117647058826,0.0,0.9229010169533987,0.9229010169533987,0.0,0.9229010169533987,0.9229010169533987,0.0,2134.0,0.05957263500281098,0.032271403251684184,1.1053655560157187,0.04324583510755808,0.04619714937092604,0.2176681797390163,0.2736855477646684,1.0,1.0,36,0.35294117647058826,0.7788679306166699,0.2628837056197161,-0.03925432339998819,-0.06128545673879737,0.04916630060495941,-0.04000483211895256,-0.4390172285516627
G33,G33__mom_12_1__top10__monthly__long_only,long_only,mom_12_1,10,monthly,base,10.0,0.0,True,,False,True,0,0,2134.0,3.0095133424141016,0.17819709362645053,0.30324156835246185,0.6934548507258437,0.6015714008684135,0.8291953699359741,-0.40946022804987037,679.0,0.435200005810447,0.7031429211401505,8.469346600274802,0.09152603290579436,0.0,0.0,0.0,0.0,0.0,0.9219533872764717,0.2628837056197161,1.0,0.35294117647058826,0.0,0.9229010169533987,0.9229010169533987,0.0,0.9229010169533987,0.9229010169533987,0.0,2134.0,0.055330473862383496,0.02790678857536852,1.1052483516374894,0.03902183523825712,0.04196986752333245,0.21767427812639684,0.2541893067873402,1.0,1.0,36,0.35294117647058826,0.7788679306166699,0.2628837056197161,-0.03882082267445908,-0.06226294904395702,0.04906164194856161,-0.04001544999516532,-0.4390172285516609
G33,G33__mom_12_1__top10__monthly__long_only,long_only,mom_12_1,10,monthly,base,20.0,0.0,True,,False,True,0,0,2134.0,2.731707978286731,0.16824918424414803,0.3032374285386476,0.6654851784206877,0.5735995149605114,0.7896933657959034,-0.4191729862388336,960.0,0.40138365249587943,0.7031429211401505,8.469346600274802,0.1756919731298376,0.0,0.0,0.0,0.0,0.0,0.9219533872764717,0.2628837056197161,1.0,0.35294117647058826,0.0,0.9229010169533987,0.9229010169533987,0.0,0.9229010169533987,0.9229010169533987,0.0,2134.0,0.04684615158152877,0.019227830155324747,1.1050139428810302,0.030573835499655488,0.033515303828145264,0.21770816158245776,0.21517866505792724,1.0,1.0,36,0.35294117647058826,0.7788679306166699,0.2628837056197161,-0.037961985720781966,-0.06422176777378785,0.048847300586518594,-0.04003645931287719,-0.4390172285516627
G33,G33__mom_12_1__top10__monthly__long_short,long_short,mom_12_1,10,monthly,base,0.0,0.0,True,,False,True,0,0,2134.0,0.6031334745025339,0.05731521015062824,0.1853548278314472,0.393904541022857,0.24360979032740637,0.3289551546651183,-0.4165542852640923,1462.0,0.13759361547388912,0.7426708821948265,8.945460335490075,0.0,4.0,27.0,3.0,0.0,0.0,0.9242323054865832,0.2251111566649079,1.0,0.23529411764705882,0.0,0.00028097076747327153,0.4646974000887386,0.4644164293212653,0.929113829410004,0.00028097076747327153,0.0,2134.0,-0.0819417542700268,-0.07755545480712182,0.021776348279316755,0.06963777910295224,0.04240093360118272,0.26377086388711896,-0.3106550627407198,1.0,0.0,24,0.23529411764705882,0.6779872983179791,0.2251111566649079,-0.010502808326900065,-0.03611980583122543,0.020575201491609074,-0.0470628848797677,-0.494625996615893
G33,G33__mom_12_1__top10__monthly__long_short,long_short,mom_12_1,10,monthly,base,0.0,0.01,True,,False,True,0,0,2134.0,0.5416715511801276,0.05244546455583343,0.18539174051312202,0.36895890043553514,0.21868788444012277,0.2949957788958702,-0.42084581769837703,1476.0,0.1246191891430924,0.7428428601724005,8.94753180781227,0.0,4.0,27.0,3.0,0.0,0.0,0.9242323054865832,0.2251111566649079,1.0,0.23529411764705882,0.0,0.0002805568171391336,0.46479449906684644,0.4645139422497073,0.9293084413165537,0.0002805568171391336,0.036494234063846685,2134.0,-0.0865519299237921,-0.08180401778745872,0.02176656943634667,0.06502911871867742,0.03779192135448168,0.2637981691486187,-0.3280990546793009,1.0,0.0,24,0.23529411764705882,0.6779872983179791,0.2251111566649079,-0.010038498088116465,-0.039484302215943456,0.022539046629026283,-0.04707631143382837,-0.49495393265143406
G33,G33__mom_12_1__top10__monthly__long_short,long_short,mom_12_1,10,monthly,base,0.0,0.03,True,,False,True,0,0,2134.0,0.42729208516611705,0.042908313362862494,0.1854646099732717,0.3197983616569123,0.16957429819968312,0.22827723543680187,-0.42932348326106406,1511.0,0.09994401665834501,0.7431822252514801,8.951619455418953,0.0,4.0,27.0,3.0,0.0,0.0,0.9242323054865832,0.2251111566649079,1.0,0.23529411764705882,0.0,0.00027973928815951604,0.46498601571501647,0.464706276426857,0.9296922921418734,0.00027973928815951604,0.1043340546980686,2134.0,-0.09564258423855315,-0.09012461415283499,0.021747305025845876,0.055941449498735224,0.02870355878300902,0.26385207384198545,-0.3624856263052575,1.0,0.0,24,0.23529411764705882,0.6779872983179791,0.2251111566649079,-0.009134910553047104,-0.046115577963800586,0.027758123052573858,-0.047102752825946004,-0.4956013742907981
G33,G33__mom_12_1__top10__monthly__long_short,long_short,mom_12_1,10,monthly,base,5.0,0.0,True,,False,True,0,0,2134.0,0.5435365660567868,0.05259573190060629,0.18536158615143192,0.36975921985915666,0.2194640560334874,0.2960074926562579,-0.4210868333982589,1463.0,0.1249047173385777,0.7426708821948265,8.945460335490075,0.03521600011896044,4.0,27.0,3.0,0.0,0.0,0.9242323054865832,0.2251111566649079,1.0,0.23529411764705882,0.0,0.00028097076747327153,0.4646974000887386,0.4644164293212653,0.929113829410004,0.00028097076747327153,0.0,2134.0,-0.08641470716613436,-0.08167291847934803,0.021749692380878743,0.06516895664127016,0.037931343930539776,0.2637793341462008,-0.32760226439209467,1.0,0.0,24,0.23529411764705882,0.6779872983179791,0.2251111566649079,-0.010192960059973707,-0.03994733206330692,0.022243656169852688,-0.04705229809070158,-0.494625996615893
G33,G33__mom_12_1__top10__monthly__long_short,long_short,mom_12_1,10,monthly,base,5.0,0.01,True,,True,True,0,0,2134.0,0.4843464813089118,0.047746637465669206,0.18539850180290832,0.3448141483273656,0.19454274353670148,0.26212211072267455,-0.425346161013183,1477.0,0.1122535991671719,0.7428428601724005,8.94753180781227,0.034566373952814915,4.0,27.0,3.0,0.0,0.0,0.9242323054865832,0.2251111566649079,1.0,0.23529411764705882,0.0,0.0002805568171391336,0.46479449906684644,0.4645139422497073,0.9293084413165537,0.0002805568171391336,0.03577966908648782,2134.0,-0.09102583615300427,-0.0859034645527338,0.021739962868593542,0.06055933527991056,0.0333213720568579,0.26380663467813453,-0.34504756206781223,1.0,0.0,24,0.23529411764705882,0.6779872983179791,0.2251111566649079,-0.009731852359650295,-0.043310511747842534,0.024975257944053197,-0.047065714331259195,-0.49495393265143406
G33,G33__mom_12_1__top10__monthly__long_short,long_short,mom_12_1,10,monthly,base,5.0,0.03,True,,False,True,0,0,2134.0,0.3741962739953253,0.03824994365383971,0.1854713765835903,0.29565473591034697,0.14543033117609813,0.1955489552152928,-0.43376015623117137,1525.0,0.08818224335352393,0.7431822252514801,8.951619455418953,0.03333336884025917,4.0,27.0,3.0,0.0,0.0,0.9242323054865832,0.2251111566649079,1.0,0.23529411764705882,0.0,0.00027973928815951604,0.46498601571501647,0.464706276426857,0.9296922921418734,0.00027973928815951604,0.10231831693092786,2134.0,-0.10011837179059375,-0.09418876426278038,0.021720795826916033,0.05146976964946463,0.02423111573973706,0.2638605296611267,-0.37943671195981726,1.0,0.0,24,0.23529411764705882,0.6779872983179791,0.2251111566649079,-0.008834514733473187,-0.049939181355202866,0.03009156902633342,-0.047092135441972494,-0.4956013742907981
G33,G33__mom_12_1__top10__monthly__long_short,long_short,mom_12_1,10,monthly,base,10.0,0.0,True,,False,True,0,0,2134.0,0.48613239083886484,0.04789542147935655,0.18537768774750946,0.3455982398397486,0.19531024393587051,0.26312701005109396,-0.4255860975951389,1464.0,0.11253991084295141,0.7426708821948265,8.945460335490075,0.06912549248936223,4.0,27.0,3.0,0.0,0.0,0.9242323054865832,0.2251111566649079,1.0,0.23529411764705882,0.0,0.00028097076747327153,0.4646974000887386,0.4644164293212653,0.929113829410004,0.00028097076747327153,0.0,2134.0,-0.09088766006224187,-0.08577365936264393,0.021723036482440814,0.060700134179588076,0.033461754259896885,0.2637943700751746,-0.34453980210548557,1.0,0.0,24,0.23529411764705882,0.6779872983179791,0.2251111566649079,-0.009885529238254254,-0.043773831030742394,0.024682676027203032,-0.04704055536970633,-0.494625996615893
G33,G33__mom_12_1__top10__monthly__long_short,long_short,mom_12_1,10,monthly,base,10.0,0.01,True,,False,True,0,0,2134.0,0.42913103656444784,0.04306689870362823,0.18541460869731502,0.3206549941713852,0.17039078143941921,0.22931688486913493,-0.4298134486656524,1511.0,0.10019904876715373,0.7428428601724005,8.94753180781227,0.06785907863922827,4.0,27.0,3.0,0.0,0.0,0.9242323054865832,0.2251111566649079,1.0,0.23529411764705882,0.0,0.0002805568171391336,0.46479449906684644,0.4645139422497073,0.9293084413165537,0.0002805568171391336,0.035083605931535665,2134.0,-0.09549974238221647,-0.0899862578886557,0.02171335630084029,0.05608955184114369,0.028850822759234115,0.26382166814266694,-0.3619859697444299,1.0,0.0,24,0.23529411764705882,0.6779872983179791,0.2251111566649079,-0.009427606596571471,-0.047135195414371084,0.027361304093097116,-0.047053961274039074,-0.49495393265143406
G33,G33__mom_12_1__top10__monthly__long_short,long_short,mom_12_1,10,monthly,base,10.0,0.03,True,,False,True,0,0,2134.0,0.32305532217314936,0.03361050647406283,0.18548749339554704,0.2714991851408463,0.12128201957386996,0.16289159160777397,-0.43838296427279133,1661.0,0.07666928054519043,0.7431822252514801,8.951619455418953,0.06545510158545453,4.0,27.0,3.0,0.0,0.0,0.9242323054865832,0.2251111566649079,1.0,0.23529411764705882,0.0,0.00027973928815951604,0.46498601571501647,0.464706276426857,0.9296922921418734,0.00027973928815951604,0.10035445889708836,2134.0,-0.10459415934263454,-0.09823639686861477,0.021694286627986198,0.046998089800193876,0.01975867269646493,0.2638755578875411,-0.396376838309559,1.0,0.0,24,0.23529411764705882,0.6779872983179791,0.2251111566649079,-0.008536484715720473,-0.053760276245198343,0.03215760498578746,-0.047080362061372144,-0.4956013742907981
G33,G33__mom_12_1__top10__monthly__long_short,long_short,mom_12_1,10,monthly,base,20.0,0.0,True,,False,True,0,0,2134.0,0.3775857625172414,0.03855202337032404,0.18543790962032874,0.2972439503429561,0.146993016981632,0.19758163542422635,-0.43448569470687326,1512.0,0.08873024783090556,0.7426708821948265,8.945460335490075,0.1332189478323691,4.0,27.0,3.0,0.0,0.0,0.9242323054865832,0.2251111566649079,1.0,0.23529411764705882,0.0,0.00028097076747327153,0.4646974000887386,0.4644164293212653,0.929113829410004,0.00028097076747327153,0.0,2134.0,-0.0998335658544571,-0.09392521770257799,0.021669724685564804,0.051762489256223794,0.02452257491861092,0.2638441339626783,-0.3783808430949574,1.0,0.0,24,0.23529411764705882,0.6779872983179791,0.2251111566649079,-0.00927786600740236,-0.0514177168841555,0.02941084558606466,-0.047013610572100656,-0.494625996615893
G33,G33__mom_12_1__top10__monthly__long_short,long_short,mom_12_1,10,monthly,base,20.0,0.01,True,,False,True,0,0,2134.0,0.3247244714021158,0.03376440651203105,0.18547484814826268,0.27230812326817316,0.122081020711653,0.16392604501678348,-0.43950611626252534,1661.0,0.07682351908810055,0.7428428601724005,8.94753180781227,0.1308119935309859,4.0,27.0,3.0,0.0,0.0,0.9242323054865832,0.2251111566649079,1.0,0.23529411764705882,0.0,0.0002805568171391336,0.46479449906684644,0.4645139422497073,0.9293084413165537,0.0002805568171391336,0.03374488914188811,2134.0,-0.10444755484064085,-0.09810212825206012,0.021660143165333906,0.0471499849636099,0.019909724163986526,0.26387143389602574,-0.39582744254839164,1.0,0.0,24,0.23529411764705882,0.6779872983179791,0.2251111566649079,-0.008826261363280047,-0.05477395843227101,0.03112947109201525,-0.04702699574163982,-0.49495393265143406
G33,G33__mom_12_1__top10__monthly__long_short,long_short,mom_12_1,10,monthly,base,20.0,0.03,True,,False,True,0,0,2134.0,0.22635566268230267,0.02438815220860202,0.18554776646485474,0.2231669450705623,0.07298698257595243,0.0978043851732177,-0.4503178482417619,1678.0,0.05415764066164388,0.7431822252514801,8.951619455418953,0.1262418453280683,4.0,27.0,3.0,0.0,0.0,0.9242323054865832,0.2251111566649079,1.0,0.23529411764705882,0.0,0.00027973928815951604,0.46498601571501647,0.464706276426857,0.9296922921418734,0.00027973928815951604,0.09657652359255926,2134.0,-0.11354573444671591,-0.10628235166462914,0.021641268230126506,0.03805473010165256,0.010813786609920863,0.26392532658029133,-0.43021916811827093,1.0,0.0,24,0.23529411764705882,0.6779872983179791,0.2251111566649079,-0.007947469107956379,-0.06138892085034467,0.03336032645824072,-0.047053355767645855,-0.4956013742907981
G33,G33__mom_12_1__top10__weekly__long_only,long_only,mom_12_1,10,weekly,base,0.0,0.0,True,,False,True,0,0,2134.0,2.853883422250922,0.17270195142939593,0.28934876717355296,0.6963535220501579,0.6000554472018816,0.8209629050708047,-0.3163288558158278,482.0,0.5459569946092621,0.20136520187404625,10.557802112129,0.0,0.0,0.0,0.0,0.0,0.0,0.9145623043926047,0.24982340337110387,1.0,0.36261261261261263,0.0,0.9156012897102912,0.9156012897102912,0.0,0.9156012897102912,0.9156012897102912,0.0,2134.0,0.04653517046883099,0.023112604309343407,0.987767164876233,0.04843069552246021,0.048101917790217386,0.2186349082046221,0.21284419240718122,1.0,1.0,161,0.36261261261261263,0.7643830009336428,0.24982340337110387,-0.07600946010410808,-0.14100533576909113,0.0802194352887608,-0.05183338828530154,-0.10479032016244005
G33,G33__mom_12_1__top10__weekly__long_only,long_only,mom_12_1,10,weekly,base,5.0,0.0,True,,False,True,0,0,2134.0,2.6853727478374427,0.16652677942561667,0.2893893286323069,0.678047405104063,0.5817622639497722,0.7952190912359488,-0.3201484558695895,486.0,0.5201548730675444,0.20136520187404625,10.557802112129,0.05796907055938719,0.0,0.0,0.0,0.0,0.0,0.9145623043926047,0.24982340337110387,1.0,0.36261261261261263,0.0,0.9156012897102912,0.9156012897102912,0.0,0.9156012897102912,0.9156012897102912,0.0,2134.0,0.04126582069059892,0.017725134540795343,0.9879254559057966,0.04313681793777382,0.04281243885535948,0.21866193140404755,0.1887197301589145,1.0,1.0,161,0.36261261261261263,0.7643830009336428,0.24982340337110387,-0.07554400411863793,-0.14364137073660865,0.07677486060309557,-0.05181338838839061,-0.10479032016244005
G33,G33__mom_12_1__top10__weekly__long_only,long_only,mom_12_1,10,weekly,base,10.0,0.0,True,,True,True,0,0,2134.0,2.5241838338785882,0.16038232216385562,0.2894348431923619,0.6597351288448807,0.5634645667771236,0.7695161088045254,-0.3239477701203731,493.0,0.4950869768427807,0.20136520187404625,10.557802112129,0.11300963875557121,0.0,0.0,0.0,0.0,0.0,0.9145623043926047,0.24982340337110387,1.0,0.36261261261261263,0.0,0.9156012897102912,0.9156012897102912,0.0,0.9156012897102912,0.9156012897102912,0.0,2134.0,0.03599647091236702,0.012364461555229208,0.9880837469353598,0.037842940353087724,0.0375229599205019,0.21869551406277338,0.16459629300871145,1.0,1.0,161,0.36261261261261263,0.7643830009336428,0.24982340337110387,-0.07508097464289168,-0.14627376997510566,0.07335050060250087,-0.05179325959647252,-0.10479032016244005
G33,G33__mom_12_1__top10__weekly__long_only,long_only,mom_12_1,10,weekly,base,20.0,0.0,True,,False,True,0,0,2134.0,2.2225203632873316,0.148184976079482,0.2895407220189053,0.6230958904546318,0.5268594135069975,0.7182371662662216,-0.3314859498523697,518.0,0.44703244932546177,0.20136520187404625,10.557802112129,0.21485358993899828,0.0,0.0,0.0,0.0,0.0,0.9145623043926047,0.24982340337110387,1.0,0.36261261261261263,0.0,0.9156012897102912,0.9156012897102912,0.0,0.9156012897102912,0.9156012897102912,0.0,2134.0,0.02545777135590308,0.0017230035932678405,0.9884003289944866,0.02725518518371537,0.02694400205078652,0.21878234508576686,0.11636117779943875,1.0,1.0,161,0.36261261261261263,0.7643830009336428,0.24982340337110387,-0.07416215202271159,-0.151526552641029,0.06656201604821843,-0.051752620414558304,-0.10479032016244005
G33,G33__mom_12_1__top10__weekly__long_short,long_short,mom_12_1,10,weekly,base,0.0,0.0,True,,False,True,4,0,2134.0,0.46723704138454414,0.04631319348816354,0.18428238376258077,0.33849159831057046,0.18730314669359194,0.2513993567117995,-0.4222366778771959,1510.0,0.1096853871648577,0.20987840945226482,11.00415908003515,0.0,3.0,28.0,4.0,7.0,0.0,0.9212078709022951,0.22720255074021165,1.0,0.22972972972972974,0.0,0.0005986142833571489,0.46105728633927157,0.4604586720559145,0.9215159583951861,0.0005986142833571489,0.0,2134.0,-0.09257582403306579,-0.08715405904451319,-0.023577629151378527,0.06603148332949206,0.0375268271350609,0.26929302863414045,-0.3437735633284389,1.0,0.0,102,0.22972972972972974,0.6570224968688139,0.22720255074021165,0.0019622182488075388,0.003493631783480139,0.13729067100274517,-0.04521080960555732,-0.7161512142359339
G33,G33__mom_12_1__top10__weekly__long_short,long_short,mom_12_1,10,weekly,base,0.0,0.01,True,,False,True,4,0,2134.0,0.4114125568966933,0.0415313660805785,0.18429310300220383,0.3136249307276628,0.1624398130407121,0.21780550343424993,-0.4292571812311161,1511.0,0.09675170945647528,0.20989182444138108,11.004862442875936,0.0,3.0,28.0,4.0,7.0,0.0,0.9212078709022951,0.22720255074021165,1.0,0.22972972972972974,0.0,0.0005986992550398708,0.4610832015608339,0.460484502305794,0.9215677038666279,0.0005986992550398708,0.036397918164307576,2134.0,-0.09715495099069146,-0.09132591864308216,-0.02358427179003338,0.06145338567438416,0.03294846403003588,0.26930127239823,-0.3607667729360867,1.0,0.0,102,0.22972972972972974,0.6570224968688139,0.22720255074021165,0.0023651376453624057,0.0003175425649006858,0.13652885835333783,-0.04521504181481045,-0.7164138504487365
G33,G33__mom_12_1__top10__weekly__long_short,long_short,mom_12_1,10,weekly,base,0.0,0.03,True,,False,True,4,0,2134.0,0.307523529220755,0.03217016462313693,0.18431428398305927,0.2646219164301498,0.11344351609598617,0.15180413834123851,-0.4428459032436416,1529.0,0.07264415090555279,0.2099186007084087,11.006266352419136,0.0,3.0,28.0,4.0,7.0,0.0,0.9212078709022951,0.22720255074021165,1.0,0.22972972972972974,0.0,0.0005988668341914054,0.46113428496058284,0.4605354181263914,0.9216697030869742,0.0005988668341914054,0.10411531851913883,2134.0,-0.10618026360029564,-0.09949300934410293,-0.023597365602661853,0.05243010200162362,0.02392465711314741,0.26931755804577173,-0.39425674423443957,1.0,0.0,102,0.22972972972972974,0.6570224968688139,0.22720255074021165,0.0031480185886903315,-0.005941922572249722,0.13501707977872046,-0.045223336786088836,-0.716938289045796
G33,G33__mom_12_1__top10__weekly__long_short,long_short,mom_12_1,10,weekly,base,5.0,0.0,True,,False,True,4,0,2134.0,0.40043262592260964,0.040571261284421345,0.18431048240371845,0.30861264400157834,0.15744077106640128,0.2109934096592761,-0.4308406314679708,1512.0,0.0941676766793929,0.20987840945226482,11.00415908003515,0.043597803519864975,3.0,28.0,4.0,7.0,0.0,0.9212078709022951,0.22720255074021165,1.0,0.22972972972972974,0.0,0.0005986142833571489,0.46105728633927157,0.4604586720559145,0.9215159583951861,0.0005986142833571489,0.0,2134.0,-0.09807331736152575,-0.09216355289209996,-0.023383393611949632,0.06050389245393303,0.03200461780320173,0.269285699218959,-0.36419801588416817,1.0,0.0,102,0.22972972972972974,0.6570224968688139,0.22720255074021165,0.0023234017903284443,-0.0008505743507583319,0.13633934333653253,-0.04524470471451955,-0.7161512142359392
G33,G33__mom_12_1__top10__weekly__long_short,long_short,mom_12_1,10,weekly,base,5.0,0.01,True,,False,True,4,0,2134.0,0.34714585960954336,0.03581531110823155,0.18432122417457467,0.28375012980015596,0.13258163735024023,0.17749774326164686,-0.43775715011467164,1527.0,0.0818154794247213,0.20989182444138108,11.004862442875936,0.0427983612984992,3.0,28.0,4.0,7.0,0.0,0.9212078709022951,0.22720255074021165,1.0,0.22972972972972974,0.0,0.0005986992550398708,0.4610832015608339,0.460484502305794,0.9215677038666279,0.0005986992550398708,0.0355390001357367,2134.0,-0.10265269136888447,-0.09631283614757326,-0.023390047405126922,0.05592554947752844,0.027426009053266892,0.26929396127286964,-0.38119195426320296,1.0,0.0,102,0.22972972972972974,0.6570224968688139,0.22720255074021165,0.0027223982142275532,-0.004028387380222764,0.13557360596303214,-0.045248926889153746,-0.7164138504487365
G33,G33__mom_12_1__top10__weekly__long_short,long_short,mom_12_1,10,weekly,base,5.0,0.03,True,,False,True,4,0,2134.0,0.24797985333739558,0.026504764367059952,0.18434244931792237,0.23475527802193677,0.08359359441161662,0.11168915382776284,-0.45114460513340593,1533.0,0.05875004170607858,0.2099186007084087,11.006266352419136,0.0412814061065679,3.0,28.0,4.0,7.0,0.0,0.9212078709022951,0.22720255074021165,1.0,0.22972972972972974,0.0,0.0005988668341914054,0.46113428496058284,0.4605354181263914,0.9216697030869742,0.0005988668341914054,0.10169060941509728,2134.0,-0.11167849971247001,-0.10443573362573756,-0.02340316301515907,0.04690177344837842,0.018401709148344506,0.2693102827837065,-0.4146833851203645,1.0,0.0,102,0.22972972972972974,0.6570224968688139,0.22720255074021165,0.0034976342670350533,-0.010291224180754774,0.1340548571592307,-0.04525720192131302,-0.7169382890457943
G33,G33__mom_12_1__top10__weekly__long_short,long_short,mom_12_1,10,weekly,base,10.0,0.0,True,,False,True,4,0,2134.0,0.3366515332957536,0.03485916342796447,0.18434669076786706,0.2787305361942212,0.12758190481792533,0.17071752312655314,-0.4393189372288737,1527.0,0.07934819210810334,0.20987840945226482,11.00415908003515,0.08522508790939587,3.0,28.0,4.0,7.0,0.0,0.9212078709022951,0.22720255074021165,1.0,0.22972972972972974,0.0,0.0005986142833571489,0.46105728633927157,0.4604586720559145,0.9215159583951861,0.0005986142833571489,0.0,2134.0,-0.1035708106899858,-0.0971470180486694,-0.023189158072520536,0.05497630157837388,0.02648240847134248,0.2692839242346991,-0.3846156467911425,1.0,0.0,102,0.22972972972972974,0.6570224968688139,0.22720255074021165,0.002680651904223369,-0.005200793318351854,0.1353831978303992,-0.04527781988139365,-0.7161512142359339
G33,G33__mom_12_1__top10__weekly__long_short,long_short,mom_12_1,10,weekly,base,10.0,0.01,True,,True,True,4,0,2134.0,0.2857878194151158,0.030128957960060987,0.18435745510956472,0.25387327503761803,0.1027280706418457,0.13732083699474054,-0.4461329814721904,1529.0,0.06753358126682026,0.20989182444138108,11.004862442875936,0.08367562909227591,3.0,28.0,4.0,7.0,0.0,0.9212078709022951,0.22720255074021165,1.0,0.22972972972972974,0.0,0.0005986992550398708,0.4610832015608339,0.460484502305794,0.9215677038666279,0.0005986992550398708,0.03470688208655986,2134.0,-0.10815043174707782,-0.10127384057956618,-0.023195823020220264,0.050397713280672315,0.021903554076497522,0.26929220476462074,-0.4016099606062066,1.0,0.0,102,0.22972972972972974,0.6570224968688139,0.22720255074021165,0.0030757548749846854,-0.008379921593568998,0.1346138509257273,-0.04528203207303838,-0.7164138504487365
G33,G33__mom_12_1__top10__weekly__long_short,long_short,mom_12_1,10,weekly,base,10.0,0.03,True,,False,True,4,0,2134.0,0.19113141127638134,0.020868806546740393,0.18437872449806636,0.20488875238474347,0.05375044818287334,0.07170657118423321,-0.4593220926965248,1535.0,0.04543392725620203,0.2099186007084087,11.006266352419136,0.08073503731854252,3.0,28.0,4.0,7.0,0.0,0.9212078709022951,0.22720255074021165,1.0,0.22972972972972974,0.0,0.0005988668341914054,0.46113428496058284,0.4605354181263914,0.9216697030869742,0.0005988668341914054,0.09934107790057076,2134.0,-0.11717673582464452,-0.10935277113581972,-0.02320896042765608,0.04137344489513306,0.012878761183541436,0.2693085625096284,-0.4351021546908862,1.0,0.0,102,0.22972972972972974,0.6570224968688139,0.22720255074021165,0.003843403625408994,-0.014645325061783364,0.13308873162318202,-0.045290287269425245,-0.7169382890457943
G33,G33__mom_12_1__top10__weekly__long_short,long_short,mom_12_1,10,weekly,base,20.0,0.0,True,,False,True,4,0,2134.0,0.21762140714993494,0.02352388504244174,0.18444341649109502,0.21897265879581057,0.06789045963636375,0.09057009569529204,-0.45590577673881605,1533.0,0.05159812891758628,0.20987840945226482,11.00415908003515,0.16292449451326396,3.0,28.0,4.0,7.0,0.0,0.9212078709022951,0.22720255074021165,1.0,0.22972972972972974,0.0,0.0005986142833571489,0.46105728633927157,0.4604586720559145,0.9215159583951861,0.0005986142833571489,0.0,2134.0,-0.11456579734690553,-0.1070363732897416,-0.022800686993662715,0.04392111982725602,0.015437989807624364,0.26929703765457547,-0.4254253902854212,1.0,0.0,102,0.22972972972972974,0.6570224968688139,0.22720255074021165,0.003383471955773938,-0.013913252119364047,0.13345797535512693,-0.04534170332582818,-0.7161512142359339
G33,G33__mom_12_1__top10__weekly__long_short,long_short,mom_12_1,10,weekly,base,20.0,0.01,True,,False,True,4,0,2134.0,0.17128017011827845,0.018844773984796337,0.1844542260824708,0.19412919351530378,0.04305051407208174,0.05737381688093637,-0.46251931735366814,1557.0,0.04074375550975435,0.20989182444138108,11.004862442875936,0.16001316383847702,3.0,28.0,4.0,7.0,0.0,0.9212078709022951,0.22720255074021165,1.0,0.22972972972972974,0.0,0.0005986992550398708,0.4610832015608339,0.460484502305794,0.9215677038666279,0.0005986992550398708,0.033119366816072526,2134.0,-0.1191459125034641,-0.11111861899096634,-0.02280737425040706,0.03934204088696055,0.010858644122959237,0.2693053556905042,-0.4424193948834462,1.0,0.0,102,0.22972972972972974,0.6570224968688139,0.22720255074021165,0.0037708758157928377,-0.017093786219612557,0.13268232000725655,-0.04534589571382369,-0.7164138504487365
G33,G33__mom_12_1__top10__weekly__long_short,long_short,mom_12_1,10,weekly,base,20.0,0.03,True,,False,True,4,0,2134.0,0.08504060364776644,0.009684640077929574,0.18447558418804486,0.14517181079666042,-0.005899786288662248,-0.007846993065153596,-0.4753203446545148,1568.0,0.020374974870829118,0.2099186007084087,11.006266352419136,0.15448621027861872,3.0,28.0,4.0,7.0,0.0,0.9212078709022951,0.22720255074021165,1.0,0.22972972972972974,0.0,0.0005988668341914054,0.46113428496058284,0.4605354181263914,0.9216697030869742,0.0005988668341914054,0.0948572640756681,2134.0,-0.12817320804899343,-0.11911029023006828,-0.022820555252650393,0.030316787788642472,0.0018328652539354464,0.2693217870074898,-0.4759110262603038,1.0,0.0,102,0.22972972972972974,0.6570224968688139,0.22720255074021165,0.004523521236685474,-0.02336191008712145,0.13114619190090726,-0.045354111563378846,-0.7169382890457943
G33,G33__mom_12_1__top20__monthly__long_only,long_only,mom_12_1,20,monthly,base,0.0,0.0,True,,False,True,0,0,2134.0,2.4277066245631933,0.15658501835805394,0.25773125520110884,0.6940350725924462,0.5859272999175184,0.8059768916985776,-0.317197767626496,613.0,0.49365107305053485,0.6438132399345218,7.754721424216001,0.0,3.0,5.0,2.0,0.0,0.0,0.9188599331775452,0.2404222477096891,1.0,0.3235294117647059,0.0,0.9195062754864982,0.9195062754864982,0.0,0.9195062754864982,0.9195062754864982,0.0,2134.0,0.0239206677595002,0.009051540159154815,0.9957489255785626,0.024579388161528704,0.024473857184766388,0.17296271054080403,0.13829956575441749,1.0,1.0,33,0.3235294117647059,0.7492034298215031,0.2404222477096891,-0.041952457736373155,-0.0792264044186003,0.06714689957258729,-0.03940274460675397,-0.33233531476231803
G33,G33__mom_12_1__top20__monthly__long_only,long_only,mom_12_1,20,monthly,base,5.0,0.0,True,,True,True,0,0,2134.0,2.3169680868614475,0.15210841461392843,0.2577176364371556,0.6790035855082371,0.5708894841907364,0.7847984582431659,-0.3221036831030589,616.0,0.4722343226521271,0.6438132399345218,7.754721424216001,0.04284579675212761,3.0,5.0,2.0,0.0,0.0,0.9188599331775452,0.2404222477096891,1.0,0.3235294117647059,0.0,0.9195062754864982,0.9195062754864982,0.0,0.9195062754864982,0.9195062754864982,0.0,2134.0,0.02003733653619331,0.005145970027264744,0.9956768099487034,0.02070723153362619,0.020599683958468937,0.17295777056159975,0.1158510338745198,1.0,1.0,33,0.3235294117647059,0.7492034298215031,0.2404222477096891,-0.04159163358434087,-0.08065287397410037,0.06358683396289916,-0.03941003311213359,-0.33233531476231803
G33,G33__mom_12_1__top20__monthly__long_only,long_only,mom_12_1,20,monthly,base,10.0,0.0,True,,False,True,0,0,2134.0,2.209769908500317,0.14764756460539408,0.2577091228848565,0.663957356459905,0.5558390675091772,0.763632687689586,-0.32697631647234815,617.0,0.4515543088818189,0.6438132399345218,7.754721424216001,0.08411393928422746,3.0,5.0,2.0,0.0,0.0,0.9188599331775452,0.2404222477096891,1.0,0.3235294117647059,0.0,0.9195062754864982,0.9195062754864982,0.0,0.9195062754864982,0.9195062754864982,0.0,2134.0,0.01615400531288643,0.001254144091354611,0.9956046943188447,0.016835074905723595,0.016725510732171434,0.17296043831399513,0.09339711132993427,1.0,1.0,33,0.3235294117647059,0.7492034298215031,0.2404222477096891,-0.041232801270707414,-0.08208099528235391,0.06337790410688654,-0.03941704501695492,-0.33233531476231803
G33,G33__mom_12_1__top20__monthly__long_only,long_only,mom_12_1,20,monthly,base,20.0,0.0,True,,False,True,0,0,2134.0,2.0055501475551845,0.13877292598059143,0.25770741313566864,0.6338242409566475,0.5257040023719207,0.7213423947366667,-0.3366225856864683,914.0,0.4122507873249038,0.6438132399345218,7.754721424216001,0.16213415739195391,3.0,5.0,2.0,0.0,0.0,0.9188599331775452,0.2404222477096891,1.0,0.3235294117647059,0.0,0.9195062754864982,0.9195062754864982,0.0,0.9195062754864982,0.9195062754864982,0.0,2134.0,0.008387342866272636,-0.006488449518777343,0.995460463059127,0.009090761649918433,0.008977164279576646,0.17298859460198499,0.04848494714677793,1.0,1.0,33,0.3235294117647059,0.7492034298215031,0.2404222477096891,-0.040521077426865365,-0.08494127881295244,0.06295888961106288,-0.03943023736190354,-0.3323353147623198
G33,G33__mom_12_1__top20__monthly__long_short,long_short,mom_12_1,20,monthly,base,0.0,0.0,True,,False,True,0,0,2134.0,0.525008083563427,0.05109569904122058,0.15193521124118145,0.40447852362723996,0.22111883333122956,0.2951856660126914,-0.3769249480067143,1411.0,0.13555934493439367,0.6729913333389156,8.10617114908317,0.0,7.0,33.0,6.0,0.0,0.0,0.9161736215504971,0.21744883258094513,1.0,0.23529411764705882,0.0,-0.00030002175197033765,0.4599956541771648,0.4602956759291351,0.9202913301062999,-0.00030002175197033765,0.0,2134.0,-0.09349933272351776,-0.08298160780441252,0.0010367502612393532,0.06129388147224,0.03347388916518225,0.24460238582541813,-0.38225028921120885,1.0,0.0,24,0.23529411764705882,0.6437378915896131,0.21744883258094513,-0.003737085769214922,-0.008175375291755549,0.05388842702621155,-0.04303142230346754,-0.4252112766847578
G33,G33__mom_12_1__top20__monthly__long_short,long_short,mom_12_1,20,monthly,base,0.0,0.01,True,,False,True,0,0,2134.0,0.46707951130015957,0.046299927133235164,0.15196387167250686,0.3743336194265586,0.1909993378480221,0.254666642474598,-0.38138687602935606,1464.0,0.12139884732077506,0.673142101524234,8.107987149755814,0.0,7.0,33.0,6.0,0.0,0.0,0.9161736215504971,0.21744883258094513,1.0,0.23529411764705882,0.0,-0.0003003637076369093,0.4600911728462419,0.4603915365538789,0.9204827094001208,-0.0003003637076369093,0.03843030749852687,2134.0,-0.09806867654810111,-0.08716563314902054,0.0010272997476252143,0.05672600204124522,0.0289056625643447,0.24462161190479315,-0.400899478114262,1.0,0.0,24,0.23529411764705882,0.6437378915896131,0.21744883258094513,-0.0032582414538883386,-0.012573576430969124,0.054959210007504034,-0.04304478746496565,-0.425607973672518
G33,G33__mom_12_1__top20__monthly__long_short,long_short,mom_12_1,20,monthly,base,0.0,0.03,True,,False,True,0,0,2134.0,0.35921772252723394,0.03690709897401012,0.15202047082616518,0.31492529642221123,0.1316413966765983,0.17510133286575622,-0.3900916972268539,1513.0,0.0946113419905658,0.6734419991753227,8.111599412747186,0.0,7.0,33.0,6.0,0.0,0.0,0.9161736215504971,0.21744883258094513,1.0,0.23529411764705882,0.0,-0.0003010387696994849,0.4602795713909538,0.46058061016065327,0.9208601815516071,-0.0003010387696994849,0.1098814029733125,2134.0,-0.10707877081616948,-0.09536031626359964,0.001008686648759903,0.04771879194474198,0.019897768471280382,0.2446595778305733,-0.437664332480462,1.0,0.0,24,0.23529411764705882,0.6437378915896131,0.21744883258094513,-0.002326768595125775,-0.02124350122865709,0.05700823035984359,-0.043071095275045324,-0.4263962556534384
G33,G33__mom_12_1__top20__monthly__long_short,long_short,mom_12_1,20,monthly,base,5.0,0.0,True,,False,True,0,0,2134.0,0.4735446722799812,0.0468433596151121,0.15194229690307537,0.37778292575863304,0.19442379173371296,0.25923237076451283,-0.3813971889063259,1463.0,0.12282041131303983,0.6729913333389156,8.10617114908317,0.034072541977697095,7.0,33.0,6.0,0.0,0.0,0.9161736215504971,0.21744883258094513,1.0,0.23529411764705882,0.0,-0.00030002175197033765,0.4599956541771648,0.4602956759291351,0.9202913301062999,-0.00030002175197033765,0.0,2134.0,-0.09755265718281296,-0.08669152067643301,0.0010101605351387915,0.05724467719371097,0.02942392398625381,0.24461078986469248,-0.3988076619055711,1.0,0.0,24,0.23529411764705882,0.6437378915896131,0.21744883258094513,-0.0034985633150452014,-0.012980044027336934,0.05422615587531171,-0.04301899549585303,-0.4252112766847578
G33,G33__mom_12_1__top20__monthly__long_short,long_short,mom_12_1,20,monthly,base,5.0,0.01,True,,True,True,0,0,2134.0,0.4175600721214763,0.0420660430476818,0.1519709819017969,0.34763893795032963,0.1643052786478267,0.21880756547819646,-0.3858281088716121,1502.0,0.10902793777961799,0.673142101524234,8.107987149755814,0.033440323993053134,7.0,33.0,6.0,0.0,0.0,0.9161736215504971,0.21744883258094513,1.0,0.23529411764705882,0.0,-0.0003003637076369093,0.4600911728462419,0.4603915365538789,0.9204827094001208,-0.0003003637076369093,0.037745839462034886,2134.0,-0.10212283190573423,-0.09085944483564162,0.001000750630572827,0.052675960571849395,0.02485486130306306,0.2446300252630833,-0.4174582894961808,1.0,0.0,24,0.23529411764705882,0.6437378915896131,0.21744883258094513,-0.0030225632071842964,-0.017376022906718802,0.05528292468260676,-0.043032339019242,-0.425607973672518
G33,G33__mom_12_1__top20__monthly__long_short,long_short,mom_12_1,20,monthly,base,5.0,0.03,True,,False,True,0,0,2134.0,0.31331892880717715,0.032709357331673905,0.15202762895996846,0.28823236075433195,0.10494921267279736,0.13942717020197737,-0.3944724533024466,1524.0,0.08291924330289106,0.6734419991753227,8.111599412747186,0.03224045889397455,7.0,33.0,6.0,0.0,0.0,0.9161736215504971,0.21744883258094513,1.0,0.23529411764705882,0.0,-0.0003010387696994849,0.4602795713909538,0.46058061016065327,0.9208601815516071,-0.0003010387696994849,0.1079493280964051,2134.0,-0.11113458025832831,-0.09902259582122697,0.0009822174334809348,0.043667084009732016,0.015845302926524835,0.24466800926906915,-0.45422603711182413,1.0,0.0,24,0.23529411764705882,0.6437378915896131,0.21744883258094513,-0.0020966363763698925,-0.026041541264016227,0.05730490776453656,-0.043058604400477624,-0.4263962556534384
G33,G33__mom_12_1__top20__monthly__long_short,long_short,mom_12_1,20,monthly,base,10.0,0.0,True,,False,True,0,0,2134.0,0.4237999755220845,0.04260666825642345,0.1519587700271136,0.35106812855695596,0.1677208864973397,0.22335944247236852,-0.38583911236406476,1499.0,0.1104259959426333,0.6729913333389156,8.10617114908317,0.06698592768800296,7.0,33.0,6.0,0.0,0.0,0.9161736215504971,0.21744883258094513,1.0,0.23529411764705882,0.0,-0.00030002175197033765,0.4599956541771648,0.4602956759291351,0.9202913301062999,-0.00030002175197033765,0.0,2134.0,-0.10160598164210805,-0.09038778154165948,0.0009835708090382938,0.053195472915182056,0.025373958807325476,0.24462502511325732,-0.4153539957535668,1.0,0.0,24,0.23529411764705882,0.6437378915896131,0.21744883258094513,-0.003261810110809449,-0.017783753913075684,0.05455566625796365,-0.043005176119765204,-0.4252112766847578
G33,G33__mom_12_1__top20__monthly__long_short,long_short,mom_12_1,20,monthly,base,10.0,0.01,True,,False,True,0,0,2134.0,0.3696947890998128,0.037847742579470545,0.151987481791417,0.3209269264485623,0.13760522517797003,0.18303049038662703,-0.3902392276551857,1512.0,0.09698600216816927,0.673142101524234,8.107987149755814,0.06575057148437079,7.0,33.0,6.0,0.0,0.0,0.9161736215504971,0.21744883258094513,1.0,0.23529411764705882,0.0,-0.0003003637076369093,0.4600911728462419,0.4603915365538789,0.9204827094001208,-0.0003003637076369093,0.03707732321855822,2134.0,-0.10617698726336738,-0.0945396607443224,0.0009742015135205065,0.04862591910245354,0.02080406004178139,0.2446442718400252,-0.4340056133944446,1.0,0.0,24,0.23529411764705882,0.6437378915896131,0.21744883258094513,-0.0027886405159233546,-0.02217669686208837,0.055598564328142974,-0.043018498040532316,-0.425607973672518
G33,G33__mom_12_1__top20__monthly__long_short,long_short,mom_12_1,20,monthly,base,10.0,0.03,True,,False,True,0,0,2134.0,0.2689540179072367,0.02852707310913849,0.15204418114810683,0.2615257792346747,0.07825471871461406,0.10383820179339494,-0.39882349185283616,1531.0,0.07152806615429974,0.6734419991753227,8.111599412747186,0.06340577171078061,7.0,33.0,6.0,0.0,0.0,0.9161736215504971,0.21744883258094513,1.0,0.23529411764705882,0.0,-0.0003010387696994849,0.4602795713909538,0.46058061016065327,0.9208601815516071,-0.0003010387696994849,0.10606201638523016,2134.0,-0.11519038970048699,-0.10267138970075002,0.0009557482182019615,0.03961537607472223,0.011792837381769453,0.24468227792787084,-0.47077536908677803,1.0,0.0,24,0.23529411764705882,0.6437378915896131,0.21744883258094513,-0.0018682329812613092,-0.03083620518957103,0.057593787756180015,-0.04304472106072796,-0.4263962556534384
G33,G33__mom_12_1__top20__monthly__long_short,long_short,mom_12_1,20,monthly,base,20.0,0.0,True,,False,True,0,0,2134.0,0.3292413846428994,0.0341800220932551,0.15201986471566134,0.29760079169432613,0.11431130788254856,0.1518725374044151,-0.39463278052045214,1514.0,0.08661222224919478,0.6729913333389156,8.10617114908317,0.12949171362636117,7.0,33.0,6.0,0.0,0.0,0.9161736215504971,0.21744883258094513,1.0,0.23529411764705882,0.0,-0.00030002175197033765,0.4599956541771648,0.4602956759291351,0.9202913301062999,-0.00030002175197033765,0.0,2134.0,-0.1097126305606985,-0.09773952841228037,0.0009303913568371514,0.04509706435812396,0.017274028449468556,0.24467098475013513,-0.4484088322640305,1.0,0.0,24,0.23529411764705882,0.6437378915896131,0.21744883258094513,-0.002793575040815399,-0.02737925853547643,0.05519042445581107,-0.04297337131906637,-0.4252112766847578
G33,G33__mom_12_1__top20__monthly__long_short,long_short,mom_12_1,20,monthly,base,20.0,0.01,True,,False,True,0,0,2134.0,0.27870976750348153,0.029457685656675503,0.1520486365848178,0.2674707619099471,0.08420695105195328,0.11174035752290776,-0.3989718915947269,1530.0,0.07383398749954653,0.673142101524234,8.107987149755814,0.12713291188372705,7.0,33.0,6.0,0.0,0.0,0.9161736215504971,0.21744883258094513,1.0,0.23529411764705882,0.0,-0.0003003637076369093,0.4600911728462419,0.4603915365538789,0.9204827094001208,-0.0003003637076369093,0.0357865206682675,2134.0,-0.11428529797863378,-0.10185948568204112,0.0009211032794157764,0.04052583616366174,0.012702457519217954,0.24469026015716389,-0.46706108328639095,1.0,0.0,24,0.23529411764705882,0.6437378915896131,0.21744883258094513,-0.0023260256115297945,-0.03176369582038452,0.05620600630247208,-0.04298665015895842,-0.425607973672518
G33,G33__mom_12_1__top20__monthly__long_short,long_short,mom_12_1,20,monthly,base,20.0,0.03,True,,False,True,0,0,2134.0,0.1846246057169787,0.020208671670073786,0.1521054536796696,0.20809151350481409,0.024878602579968035,0.032934236767085755,-0.40743717514673217,1537.0,0.04959947914128343,0.6734419991753227,8.111599412747186,0.12265472801649413,7.0,33.0,6.0,0.0,0.0,0.9161736215504971,0.21744883258094513,1.0,0.23529411764705882,0.0,-0.0003010387696994849,0.4602795713909538,0.46058061016065327,0.9208601815516071,-0.0003010387696994849,0.102417135767391,2134.0,-0.12330200858480483,-0.10992869949684839,0.0009028097876439976,0.03151196020470216,0.003687906292258196,0.24472832240470185,-0.5038321979787163,1.0,0.0,24,0.23529411764705882,0.6437378915896131,0.21744883258094513,-0.0014165769095195145,-0.040406387523219664,0.05814853346342885,-0.0430127886956328,-0.4263962556534384
G33,G33__mom_12_1__top20__weekly__long_only,long_only,mom_12_1,20,weekly,base,0.0,0.0,True,,False,True,1,0,2134.0,2.3618470491501697,0.15393830070377956,0.24712878327891358,0.7037743236781576,0.5910184843856847,0.8031327540784746,-0.2664603144293024,378.0,0.5777156760978854,0.18192510827720118,9.538536323767332,0.0,4.0,1.0,1.0,2.0,0.0,0.9152748321229657,0.21376172443777686,1.0,0.3490990990990991,0.0,0.9160157916480531,0.9160157916480531,0.0,0.9160157916480531,0.9160157916480531,0.0,2134.0,0.018969029660179684,0.006742436649236406,0.8932518036900196,0.03551007500968855,0.03254328820347606,0.17919740158525635,0.10585549507064047,1.0,1.0,155,0.3490990990990991,0.7573033900812692,0.21376172443777686,-0.06361267320914774,-0.13009311358198694,0.12340361583339238,-0.04798311133376304,0.030137548542981563
G33,G33__mom_12_1__top20__weekly__long_only,long_only,mom_12_1,20,weekly,base,5.0,0.0,True,,False,True,1,0,2134.0,2.2287587069938346,0.1484472295110466,0.247165369013686,0.6844013466517624,0.5716616468425497,0.776164294427905,-0.26683881934588116,477.0,0.5563179670594581,0.18192510827720118,9.538536323767332,0.053668155275048306,4.0,1.0,1.0,2.0,0.0,0.9152748321229657,0.21376172443777686,1.0,0.3490990990990991,0.0,0.9160157916480531,0.9160157916480531,0.0,0.9160157916480531,0.9160157916480531,0.0,2134.0,0.014206448745302816,0.0019518040920053323,0.8934234092314836,0.03072090315330909,0.027758872565956688,0.1792125972251949,0.0792714851816543,1.0,1.0,155,0.3490990990990991,0.7573033900812692,0.21376172443777686,-0.06332815256200819,-0.13331591864670667,0.12328616060859515,-0.04795727663216029,0.030137548542981563
G33,G33__mom_12_1__top20__weekly__long_only,long_only,mom_12_1,20,weekly,base,10.0,0.0,True,,True,True,1,0,2134.0,2.1009055186629246,0.1429808284305636,0.2472067208858676,0.6650212821668006,0.5522998952093939,0.7492364894559972,-0.26721719322962156,481.0,0.5350734610392348,0.18192510827720118,9.538536323767332,0.10490552646472227,4.0,1.0,1.0,2.0,0.0,0.9152748321229657,0.21376172443777686,1.0,0.3490990990990991,0.0,0.9160157916480531,0.9160157916480531,0.0,0.9160157916480531,0.9160157916480531,0.0,2134.0,0.009443867830426394,-0.0028173052616846375,0.8935950147729479,0.025931731296930063,0.02297445692843778,0.17923437273639378,0.052690048712452156,1.0,1.0,155,0.3490990990990991,0.7573033900812692,0.21376172443777686,-0.06304466666116451,-0.13653442590230758,0.12316878859082653,-0.047931126148537784,0.030137548542981563
G33,G33__mom_12_1__top20__weekly__long_only,long_only,mom_12_1,20,weekly,base,20.0,0.0,True,,False,True,1,0,2134.0,1.8600940866753977,0.1321216188858152,0.2473037132034929,0.6262444127823515,0.5135661585358945,0.6955063509990583,-0.26797354800300965,495.0,0.49303977900211,0.18192510827720118,9.538536323767332,0.2004973420291749,4.0,1.0,1.0,2.0,0.0,0.9152748321229657,0.21376172443777686,1.0,0.3490990990990991,0.0,0.9160157916480531,0.9160157916480531,0.0,0.9160157916480531,0.9160157916480531,0.0,2134.0,-8.129399932720594e-05,-0.01229131879472795,0.893938225855876,0.016353387584171323,0.01340562565339911,0.17929765305874656,-0.0004534024731521171,1.0,1.0,155,0.3490990990990991,0.7573033900812692,0.21376172443777686,-0.06248078858882161,-0.14295697192248813,0.12293429409313006,-0.04787788472267182,0.030137548542981563
G33,G33__mom_12_1__top20__weekly__long_short,long_short,mom_12_1,20,weekly,base,0.0,0.0,True,,False,True,7,0,2134.0,0.5136346431282848,0.050166945072565916,0.15285973826236132,0.3972645667847174,0.21501635191280313,0.28674227490832976,-0.3903166224680894,1480.0,0.1285288460310638,0.1885267349637873,9.88466697358399,0.0,7.0,29.0,5.0,10.0,2.0,0.9134295487507604,0.22211074358672123,1.0,0.25225225225225223,0.0,0.00032809638854947135,0.4570065978498215,0.4566785014612721,0.9136850993110935,0.00032809638854947135,0.0,2134.0,-0.09422810495372143,-0.0837918903237468,-0.041448200594547645,0.06714831648177802,0.03814574675685942,0.25147745718613007,-0.37469801869349606,1.0,0.0,112,0.25225225225225223,0.6568099968333714,0.22211074358672123,5.0909886149017036e-05,0.008586067988322538,0.11279630486883407,-0.04177924954918058,-0.5636073200668577
G33,G33__mom_12_1__top20__weekly__long_short,long_short,mom_12_1,20,weekly,base,0.0,0.01,True,,False,True,7,0,2134.0,0.4565174514285293,0.04540756719625616,0.15286848574284326,0.36753263187043855,0.1852852665296078,0.24679756631227281,-0.39608650328913353,1512.0,0.11464053134653199,0.18853991346287982,9.885357936989081,0.0,7.0,29.0,5.0,10.0,2.0,0.9134295487507604,0.22211074358672123,1.0,0.25225225225225223,0.0,0.00032814831195981085,0.45703245995910347,0.45670431164714365,0.9137367716062469,0.00032814831195981085,0.037926510750883824,2134.0,-0.09876970575822787,-0.08794416404341485,-0.04145675752738386,0.062608041607067,0.03360515072175402,0.2514840273209553,-0.3927474313594219,1.0,0.0,112,0.25225225225225223,0.6568099968333714,0.22211074358672123,0.000505105162799363,0.004433998373247705,0.11223159499292257,-0.041783475569340534,-0.5638046681508104
G33,G33__mom_12_1__top20__weekly__long_short,long_short,mom_12_1,20,weekly,base,0.0,0.03,True,,False,True,7,0,2134.0,0.35017162692640413,0.036089771463197584,0.15288579435294347,0.30894167287120644,0.12669624690625886,0.16835980230417918,-0.410408823789674,1529.0,0.08793614895983046,0.18856629405128714,9.886741100660926,0.0,7.0,29.0,5.0,10.0,2.0,0.9134295487507604,0.22211074358672123,1.0,0.25225225225225223,0.0,0.0003282507249905788,0.4570834389914141,0.45675518826642353,0.9138386272578376,0.0003282507249905788,0.10846068789200067,2134.0,-0.10772106958770206,-0.09607338583523434,-0.04147362480944127,0.05365929142810007,0.02465576748035543,0.25149701860218393,-0.4283194694967515,1.0,0.0,112,0.25225225225225223,0.6568099968333714,0.22211074358672123,0.0013878192600691869,-0.0037491418083597516,0.11159140426488001,-0.04179174233797253,-0.5641955179787992
G33,G33__mom_12_1__top20__weekly__long_short,long_short,mom_12_1,20,weekly,base,5.0,0.0,True,,False,True,7,0,2134.0,0.45158369459943004,0.04498877034730575,0.15288211789281686,0.3648953778711188,0.18266353397641838,0.24321869014647865,-0.39665881128457736,1512.0,0.11341931420005487,0.1885267349637873,9.88466697358399,0.041302463141165965,7.0,29.0,5.0,10.0,2.0,0.9134295487507604,0.22211074358672123,1.0,0.25225225225225223,0.0,0.00032809638854947135,0.4570065978498215,0.4566785014612721,0.9136850993110935,0.00032809638854947135,0.0,2134.0,-0.09916788447510733,-0.08830953934980272,-0.04122955804610509,0.06217465745297055,0.03317814458995338,0.25145904634542515,-0.394369921927096,1.0,0.0,112,0.25225225225225223,0.6568099968333714,0.22211074358672123,0.0003451560710557508,0.0030785399245618905,0.11191916527633139,-0.04179976233610824,-0.5636073200668577
G33,G33__mom_12_1__top20__weekly__long_short,long_short,mom_12_1,20,weekly,base,5.0,0.01,True,,False,True,7,0,2134.0,0.3968039157855092,0.04025250060084873,0.15289088980503454,0.3351679428123138,0.15293702709461837,0.20339393827938193,-0.4039618078019924,1514.0,0.09964432236767061,0.18853991346287982,9.885357936989081,0.040532230731054227,7.0,29.0,5.0,10.0,2.0,0.9134295487507604,0.22211074358672123,1.0,0.25225225225225223,0.0,0.00032814831195981085,0.45703245995910347,0.45670431164714365,0.9137367716062469,0.00032814831195981085,0.03711503573766223,2134.0,-0.10370973764264607,-0.09244165260253703,-0.04123813392963178,0.05763413315170995,0.028637298583911376,0.2514656353692177,-0.41242111467983655,1.0,0.0,112,0.25225225225225223,0.6568099968333714,0.22211074358672123,0.0007957520028941262,-0.0010746258601071201,0.11160312991696353,-0.04180397592741705,-0.5638046681508104
G33,G33__mom_12_1__top20__weekly__long_short,long_short,mom_12_1,20,weekly,base,5.0,0.03,True,,False,True,7,0,2134.0,0.29481041677462905,0.030979939206994933,0.1529082464247415,0.27658582279226795,0.09435700118160571,0.12519160085073996,-0.4180983574571143,1532.0,0.07409725165010399,0.18856629405128714,9.886741100660926,0.03907129434441842,7.0,29.0,5.0,10.0,2.0,0.9134295487507604,0.22211074358672123,1.0,0.25225225225225223,0.0,0.0003282507249905788,0.4570834389914141,0.45675518826642353,0.9138386272578376,0.0003282507249905788,0.10616970027626134,2134.0,-0.11266160950423368,-0.10053141012764491,-0.041255038057333666,0.048684880650004536,0.01968741196117605,0.25147866372924377,-0.44799669217875115,1.0,0.0,112,0.25225225225225223,0.6568099968333714,0.22211074358672123,0.0016714516815171318,-0.009259903209917292,0.11094871825679509,-0.041812218261159606,-0.5641955179787992
G33,G33__mom_12_1__top20__weekly__long_short,long_short,mom_12_1,20,weekly,base,10.0,0.0,True,,False,True,7,0,2134.0,0.39206060377386365,0.039834725683788985,0.15291266582254368,0.3325179008772087,0.1503121882875876,0.1998346862086008,-0.40452830086828584,1523.0,0.09847203668640021,0.1885267349637873,9.88466697358399,0.08089516787951598,7.0,29.0,5.0,10.0,2.0,0.9134295487507604,0.22211074358672123,1.0,0.25225225225225223,0.0,0.00032809638854947135,0.4570065978498215,0.4566785014612721,0.9136850993110935,0.00032809638854947135,0.0,2134.0,-0.10410766399649335,-0.09280613633421926,-0.04101091549766263,0.05720099842416302,0.028210542423047262,0.2514456034869327,-0.4140365254065924,1.0,0.0,112,0.25225225225225223,0.6568099968333714,0.22211074358672123,0.0006365577962408886,-0.0024338166953041807,0.11129393409336785,-0.041819134469181035,-0.5636073200668577
G33,G33__mom_12_1__top20__weekly__long_short,long_short,mom_12_1,20,weekly,base,10.0,0.01,True,,True,True,7,0,2134.0,0.3395231824138065,0.03512145810652867,0.15292146221975056,0.3027965627201453,0.12059185737413324,0.1601310200828082,-0.4117365440917157,1530.0,0.0853008036583346,0.18853991346287982,9.885357936989081,0.07939797291704755,7.0,29.0,5.0,10.0,2.0,0.9134295487507604,0.22211074358672123,1.0,0.25225225225225223,0.0,0.00032814831195981085,0.45703245995910347,0.45670431164714365,0.9137367716062469,0.00032814831195981085,0.0363263155357853,2134.0,-0.10864976952706462,-0.09691818156438237,-0.04101951033187977,0.052660224696352544,0.023669446446068398,0.2514522115943856,-0.4320891386802603,1.0,0.0,112,0.25225225225225223,0.6568099968333714,0.22211074358672123,0.0010835777215294704,-0.006587404626940754,0.11097050285161292,-0.04182333565978605,-0.5638046681508104
G33,G33__mom_12_1__top20__weekly__long_short,long_short,mom_12_1,20,weekly,base,10.0,0.03,True,,False,True,7,0,2134.0,0.2417049999442633,0.02589392366591947,0.1529388669642484,0.24422642833695013,0.06202397263142519,0.08216631722424966,-0.4256896824338753,1535.0,0.06082816834523989,0.18856629405128714,9.886741100660926,0.07655777024127068,7.0,29.0,5.0,10.0,2.0,0.9134295487507604,0.22211074358672123,1.0,0.25225225225225223,0.0,0.0003282507249905788,0.4570834389914141,0.45675518826642353,0.9138386272578376,0.0003282507249905788,0.10394255553605519,2134.0,-0.11760214942076529,-0.10496865575467246,-0.041036451305226054,0.043710469871908984,0.014719056441996654,0.2514652774244678,-0.46766754688861273,1.0,0.0,112,0.25225225225225223,0.6568099968333714,0.22211074358672123,0.0019523085174879724,-0.014773491117213211,0.11030237662903908,-0.04183155361626109,-0.5641955179787992
G33,G33__mom_12_1__top20__weekly__long_short,long_short,mom_12_1,20,weekly,base,20.0,0.0,True,,False,True,7,0,2134.0,0.28019276886886724,0.029598602270512364,0.15299824570075662,0.2677588845966452,0.08563466048309383,0.11350294103453921,-0.4199669940394206,1532.0,0.07047840113771908,0.1885267349637873,9.88466697358399,0.155232370913395,7.0,29.0,5.0,10.0,2.0,0.9134295487507604,0.22211074358672123,1.0,0.25225225225225223,0.0,0.00032809638854947135,0.4570065978498215,0.4566785014612721,0.9136850993110935,0.00032809638854947135,0.0,2134.0,-0.1139872230392656,-0.10173654432972437,-0.04057363040077751,0.047253680366547667,0.018275338089234792,0.2514336246094514,-0.4533491620952468,1.0,0.0,112,0.25225225225225223,0.6568099968333714,0.22211074358672123,0.0012109055851368643,-0.013463881158288574,0.11003111071745342,-0.04185445528715637,-0.5636073200668577
G33,G33__mom_12_1__top20__weekly__long_short,long_short,mom_12_1,20,weekly,base,20.0,0.01,True,,False,True,7,0,2134.0,0.23187010731036461,0.024931022981611095,0.15300709121307873,0.2380545180531403,0.05593146042141602,0.07404497462292263,-0.42698932723653016,1537.0,0.058387930075358974,0.18853991346287982,9.885357936989081,0.1524030308068952,7.0,29.0,5.0,10.0,2.0,0.9134295487507604,0.22211074358672123,1.0,0.25225225225225223,0.0,0.00032814831195981085,0.45703245995910347,0.45670431164714365,0.9137367716062469,0.00032814831195981085,0.03481433482736555,2134.0,-0.11852983329590135,-0.1058087292495734,-0.04058226313637557,0.04271240778563812,0.01373374217038281,0.25144027146380593,-0.47140353693486753,1.0,0.0,112,0.25225225225225223,0.6568099968333714,0.22211074358672123,0.0016508429828825943,-0.01761629533116308,0.10969366287867599,-0.04185863177141666,-0.5638046681508104
G33,G33__mom_12_1__top20__weekly__long_short,long_short,mom_12_1,20,weekly,base,20.0,0.03,True,,False,True,7,0,2134.0,0.14189985891721602,0.015792923874441867,0.15302459252396108,0.17951776865678448,-0.00260272616942016,-0.0034375324139064986,-0.44058260451870834,1570.0,0.03584554567626207,0.18856629405128714,9.886741100660926,0.14703419244472338,7.0,29.0,5.0,10.0,2.0,0.9134295487507604,0.22211074358672123,1.0,0.25225225225225223,0.0,0.0003282507249905788,0.4570834389914141,0.45675518826642353,0.9138386272578376,0.0003282507249905788,0.09967195336901866,2134.0,-0.1274832292538285,-0.11378117643837238,-0.04059927780101093,0.03376164831571794,0.004782345403637899,0.2514534133989446,-0.506985479061958,1.0,0.0,112,0.25225225225225223,0.6568099968333714,0.22211074358672123,0.0025057715881766657,-0.02580002396482666,0.10899958318470537,-0.041866801167073225,-0.5641955179787992
G33,G33__mom_12_1__top50__monthly__long_only,long_only,mom_12_1,50,monthly,base,0.0,0.0,True,,False,True,0,0,2134.0,1.9245440152093471,0.13510469934270652,0.20798890632676315,0.7137941699875076,0.5798087821427962,0.7953878953500655,-0.2805973131747005,418.0,0.48148964013276224,0.6161169129882125,7.421119555505629,0.0,7.0,8.0,5.0,1.0,0.0,0.927358220354547,0.22262829534795356,1.0,0.30392156862745096,0.0,0.9275130118804737,0.9275130118804737,0.0,0.9275130118804737,0.9275130118804737,0.0,2134.0,-0.0064925938952222996,-0.009688758773920694,0.8723722839296104,0.013283813691508774,0.009731448411536335,0.12584166705254934,-0.05159335574052037,1.0,1.0,31,0.30392156862745096,0.7609851121343152,0.22262829534795356,-0.029815650729934084,-0.060158248209027265,0.08007399179980851,-0.03235732974114816,-0.2099309072052158
G33,G33__mom_12_1__top50__monthly__long_only,long_only,mom_12_1,50,monthly,base,5.0,0.0,True,,True,True,0,0,2134.0,1.8340632673755048,0.13089994251579795,0.20797038416022212,0.6959868222646597,0.5619892112923923,0.7703781469713157,-0.2808524267232908,419.0,0.46608086689158934,0.6161169129882125,7.421119555505629,0.044570059699240626,7.0,8.0,5.0,1.0,0.0,0.927358220354547,0.22262829534795356,1.0,0.30392156862745096,0.0,0.9275130118804737,0.9275130118804737,0.0,0.9275130118804737,0.9275130118804737,0.0,2134.0,-0.010209215856510155,-0.013357158662247648,0.8723001484384917,0.00957836940320416,0.006023967709444359,0.12583216241800618,-0.0811335962152173,1.0,1.0,31,0.30392156862745096,0.7609851121343152,0.22262829534795356,-0.029583351168738448,-0.06210561968070649,0.0800090982885509,-0.03236732477062168,-0.2099309072052158
G33,G33__mom_12_1__top50__monthly__long_only,long_only,mom_12_1,50,monthly,base,10.0,0.0,True,,False,True,0,0,2134.0,1.7463535587939587,0.12670939071607035,0.20795746921766933,0.6781580164737037,0.5441517992489936,0.7453841487830333,-0.2811075402718809,421.0,0.4507505938599864,0.6161169129882125,7.421119555505629,0.08756755191794154,7.0,8.0,5.0,1.0,0.0,0.927358220354547,0.22262829534795356,1.0,0.30392156862745096,0.0,0.9275130118804737,0.9275130118804737,0.0,0.9275130118804737,0.9275130118804737,0.0,2134.0,-0.01392583781779775,-0.017013165510439073,0.8722280129473737,0.005872925114899684,0.002316487007352616,0.1258319268466415,-0.11067014681234247,1.0,1.0,31,0.30392156862745096,0.7609851121343152,0.22262829534795356,-0.029352267373800645,-0.0640568071582982,0.07994420477729319,-0.032376810082170554,-0.2099309072052158
G33,G33__mom_12_1__top50__monthly__long_only,long_only,mom_12_1,50,monthly,base,20.0,0.0,True,,False,True,0,0,2134.0,1.5789137825215858,0.11837072866909581,0.2079484647298788,0.6424417755933305,0.5084292039758693,0.6954485071142947,-0.2816177673690614,534.0,0.42032407889226114,0.6161169129882125,7.421119555505629,0.1690502398760245,7.0,8.0,5.0,1.0,0.0,0.927358220354547,0.22262829534795356,1.0,0.30392156862745096,0.0,0.9275130118804737,0.9275130118804737,0.0,0.9275130118804737,0.9275130118804737,0.0,2134.0,-0.021359081740373268,-0.024288151480178106,0.8720837419651366,-0.001537963461709407,-0.005098474396831159,0.1258592610537394,-0.1697060793266009,1.0,1.0,31,0.30392156862745096,0.7609851121343152,0.22262829534795356,-0.028893726718740992,-0.0679689188986573,0.07981441775477788,-0.032394248374682105,-0.2099309072052158
G33,G33__mom_12_1__top50__monthly__long_short,long_short,mom_12_1,50,monthly,base,0.0,0.0,True,,False,True,1,0,2134.0,0.5114150740075585,0.04998497788941125,0.116560624686271,0.4771316500788297,0.2381158879381859,0.3150734928571328,-0.2686257041640515,1209.0,0.18607667514529844,0.6011917550985939,7.241346238544637,0.0,18.0,43.0,13.0,1.0,1.0,0.9230301516550469,0.23562996099520764,1.0,0.23529411764705882,0.0,-0.00012143177593435667,0.462764061806297,0.4628854935822313,0.9256495553885281,-0.00012143177593435667,0.0,2134.0,-0.099339099462564,-0.08395064585274523,-0.012584674515127904,0.05756480711713381,0.02935653591627494,0.2265734853161015,-0.43844097346153355,1.0,0.0,24,0.23529411764705882,0.6728781445339492,0.23562996099520764,0.003093587221749551,0.0419819478581725,0.04894120701715987,-0.031066591879080188,-0.3242946920975278
G33,G33__mom_12_1__top50__monthly__long_short,long_short,mom_12_1,50,monthly,base,0.0,0.01,True,,False,True,1,0,2134.0,0.45367519376978915,0.04516645814253062,0.11658233718032328,0.4376039560058104,0.19861957770613914,0.2623989498490985,-0.2738588216014751,1403.0,0.16492606620595834,0.601323787173457,7.242936563030243,0.0,18.0,43.0,13.0,1.0,1.0,0.9230301516550469,0.23562996099520764,1.0,0.23529411764705882,0.0,-0.00012165377159251358,0.46286231170290115,0.4629839654744937,0.9258462771773949,-0.00012165377159251358,0.04155548641483267,2134.0,-0.10393697070283092,-0.08815451733188312,-0.012592875167404332,0.05296820659961341,0.024759620735018084,0.22658598875120733,-0.4587087280888948,1.0,0.0,24,0.23529411764705882,0.6728781445339492,0.23562996099520764,0.0035008448220349223,0.036397868640540926,0.050050788355540665,-0.031076167290202808,-0.32466843364917786
G33,G33__mom_12_1__top50__monthly__long_short,long_short,mom_12_1,50,monthly,base,0.0,0.03,True,,False,True,1,0,2134.0,0.3461991225325285,0.03572932310980659,0.11662524701514622,0.35970274680237957,0.1207808672906337,0.15907103043227439,-0.2840682397998605,1503.0,0.12577725385625504,0.6015871616297934,7.24610890465427,0.0,18.0,43.0,13.0,1.0,1.0,0.9230301516550469,0.23562996099520764,1.0,0.23529411764705882,0.0,-0.00012209219729552572,0.46305610353631216,0.4631781957336077,0.92623429926992,-0.00012209219729552572,0.11875345705697773,2134.0,-0.11300344095548955,-0.096387855554595,-0.012609008509604055,0.043904236270646144,0.015695030933198916,0.22661069112702792,-0.4986677389026841,1.0,0.0,24,0.23529411764705882,0.6728781445339492,0.23562996099520764,0.0042926331723884895,0.0253900583026931,0.052177315138159486,-0.031094981033629468,-0.3254162633402471
G33,G33__mom_12_1__top50__monthly__long_short,long_short,mom_12_1,50,monthly,base,5.0,0.0,True,,False,True,1,0,2134.0,0.4657697634952047,0.04618957839345761,0.1165601378667525,0.4460603922686772,0.20703348913020295,0.2735663892655461,-0.27311600944701486,1220.0,0.1691207281732728,0.6011917550985939,7.241346238544637,0.03271357091315763,18.0,43.0,13.0,1.0,1.0,0.9230301516550469,0.23562996099520764,1.0,0.23529411764705882,0.0,-0.00012143177593435667,0.462764061806297,0.4628854935822313,0.9256495553885281,-0.00012143177593435667,0.0,2134.0,-0.10296100183360896,-0.08726190585189925,-0.01263003393856162,0.053949933363957654,0.025740374207074913,0.2265806065034873,-0.4544122439359094,1.0,0.0,24,0.23529411764705882,0.6728781445339492,0.23562996099520764,0.0032515711690993057,0.036535833697850156,0.04906563518639223,-0.031056835107652905,-0.3242946920975278
G33,G33__mom_12_1__top50__monthly__long_short,long_short,mom_12_1,50,monthly,base,5.0,0.01,True,,True,True,1,0,2134.0,0.4097641534429226,0.04138764787545446,0.11658187546198981,0.40653200068423784,0.16753661344128765,0.22102869529860797,-0.27831802117424653,1463.0,0.14870631697091183,0.601323787173457,7.242936563030243,0.03209242794072249,18.0,43.0,13.0,1.0,1.0,0.9230301516550469,0.23562996099520764,1.0,0.23529411764705882,0.0,-0.00012165377159251358,0.46286231170290115,0.4629839654744937,0.9258462771773949,-0.00012165377159251358,0.040891401954673695,2134.0,-0.1075595995782603,-0.09145130421692967,-0.012638204566262879,0.049352601689628926,0.021142728680426166,0.2265931175344,-0.4746816706025118,1.0,0.0,24,0.23529411764705882,0.6728781445339492,0.23562996099520764,0.0036567032988848586,0.030954271721116033,0.05016524963315078,-0.03106638812851828,-0.32466843364917786
G33,G33__mom_12_1__top50__monthly__long_short,long_short,mom_12_1,50,monthly,base,5.0,0.03,True,,False,True,1,0,2134.0,0.30551706050541183,0.031982995431199424,0.11662483437255426,0.3286293376106413,0.08969670856360516,0.11796925474589012,-0.2884667563410751,1512.0,0.11087237862994381,0.6015871616297934,7.24610890465427,0.030913888951210212,18.0,43.0,13.0,1.0,1.0,0.9230301516550469,0.23562996099520764,1.0,0.23529411764705882,0.0,-0.00012209219729552572,0.46305610353631216,0.4631781957336077,0.92623429926992,-0.00012209219729552572,0.11687930489088172,2134.0,-0.1166275205845404,-0.09965630331592326,-0.012654278931205305,0.040287171468286344,0.012076680579078706,0.22661783471866054,-0.5146440514239758,1.0,0.0,24,0.23529411764705882,0.6728781445339492,0.23562996099520764,0.004444351436135422,0.01995149013855696,0.05227255838587069,-0.031085157790600546,-0.3254162633402471
G33,G33__mom_12_1__top50__monthly__long_short,long_short,mom_12_1,50,monthly,base,10.0,0.0,True,,False,True,1,0,2134.0,0.4214886594787819,0.042406659937292535,0.1165694007423468,0.4149541658501282,0.17593613593902452,0.23215755811973438,-0.2775802774920414,1406.0,0.15277259724804618,0.6011917550985939,7.241346238544637,0.06442004819200037,18.0,43.0,13.0,1.0,1.0,0.9230301516550469,0.23562996099520764,1.0,0.23529411764705882,0.0,-0.00012143177593435667,0.462764061806297,0.4628854935822313,0.9256495553885281,-0.00012143177593435667,0.0,2134.0,-0.10658290420465384,-0.09056227688723281,-0.012675393361995357,0.05033505961078156,0.022124212497874947,0.22659274299134455,-0.4703720992897162,1.0,0.0,24,0.23529411764705882,0.6728781445339492,0.23562996099520764,0.0034084269908412346,0.03108642573184542,0.04918657994765302,-0.031045566294443813,-0.3242946920975278
G33,G33__mom_12_1__top50__monthly__long_short,long_short,mom_12_1,50,monthly,base,10.0,0.01,True,,False,True,1,0,2134.0,0.36716577088154656,0.03762126678738853,0.11659116579377302,0.3754283946099096,0.1364420133086398,0.1797599830216968,-0.2827513580462152,1481.0,0.13305423905776395,0.601323787173457,7.242936563030243,0.06320324904291755,18.0,43.0,13.0,1.0,1.0,0.9230301516550469,0.23562996099520764,1.0,0.23529411764705882,0.0,-0.00012165377159251358,0.46286231170290115,0.4629839654744937,0.9258462771773949,-0.00012165377159251358,0.04024108330802371,2134.0,-0.11118222845368966,-0.09473724738359356,-0.012683533965121481,0.045736996779644455,0.017525836625834266,0.22660526348843366,-0.4906427447540936,1.0,0.0,24,0.23529411764705882,0.6728781445339492,0.23562996099520764,0.0038114427260236283,0.025508805048721814,0.050276304102572,-0.03105509693516198,-0.32466843364917786
G33,G33__mom_12_1__top50__monthly__long_short,long_short,mom_12_1,50,monthly,base,10.0,0.03,True,,False,True,1,0,2134.0,0.2660516546736875,0.028248995416213507,0.11663417851001179,0.2975308171504264,0.058607454783739125,0.07697537716721439,-0.2954613863821116,1523.0,0.09560977074574444,0.6015871616297934,7.24610890465427,0.06089430597427871,18.0,43.0,13.0,1.0,1.0,0.9230301516550469,0.23562996099520764,1.0,0.23529411764705882,0.0,-0.00012209219729552572,0.46305610353631216,0.4631781957336077,0.92623429926992,-0.00012209219729552572,0.11504377301033772,2134.0,-0.12025160021359119,-0.10291399592500187,-0.012699549352806561,0.03667010666592665,0.0084583302249586,0.22662999921739577,-0.5306076010627321,1.0,0.0,24,0.23529411764705882,0.6728781445339492,0.23562996099520764,0.004594968341139507,0.014513858930837925,0.0521704133670145,-0.031073822542965507,-0.3254162633402453
G33,G33__mom_12_1__top50__monthly__long_short,long_short,mom_12_1,50,monthly,base,20.0,0.0,True,,False,True,1,0,2134.0,0.33685887036485207,0.03487811810660446,0.11661716384053168,0.3526681009224291,0.11372781830832744,0.14966679982459247,-0.2864312703914669,1512.0,0.12176784350024487,0.6011917550985939,7.241346238544637,0.124933284080024,18.0,43.0,13.0,1.0,1.0,0.9230301516550469,0.23562996099520764,1.0,0.23529411764705882,0.0,-0.00012143177593435667,0.462764061806297,0.4628854935822313,0.9256495553885281,-0.00012143177593435667,0.0,2134.0,-0.11382670894674358,-0.0971304812205321,-0.012766112208862795,0.04310531210442937,0.014891889079475052,0.2266320583125892,-0.5022533431247604,1.0,0.0,24,0.23529411764705882,0.6728781445339492,0.23562996099520764,0.0037187755657366595,0.020191797497007946,0.04941816278922162,-0.03101850424521653,-0.3242946920975278
G33,G33__mom_12_1__top50__monthly__long_short,long_short,mom_12_1,50,monthly,base,20.0,0.01,True,,False,True,1,0,2134.0,0.2857527988895161,0.030125644694166454,0.1166389908405717,0.3131575143574551,0.07424914735076321,0.09755916904439892,-0.29244928896587696,1514.0,0.10301151628951821,0.601323787173457,7.242936563030243,0.12259819000188574,18.0,43.0,13.0,1.0,1.0,0.9230301516550469,0.23562996099520764,1.0,0.23529411764705882,0.0,-0.00012165377159251358,0.46286231170290115,0.4629839654744937,0.9258462771773949,-0.00012165377159251358,0.03898049369106074,2134.0,-0.11842748620454825,-0.10127673120671471,-0.012774192762838551,0.03850578695967562,0.010292052516650566,0.2266446033493717,-0.5225250654743929,1.0,0.0,24,0.23529411764705882,0.6728781445339492,0.23562996099520764,0.004117585607859055,0.014626319794772809,0.050518807472544724,-0.0310279901809479,-0.32466843364917963
G33,G33__mom_12_1__top50__monthly__long_short,long_short,mom_12_1,50,monthly,base,20.0,0.03,True,,False,True,1,0,2134.0,0.19062784636227592,0.020817832064906394,0.11668212530142581,0.23528970791994339,-0.003555115489313733,-0.004656781317561271,-0.30936023252948897,1537.0,0.06729317435110858,0.6015871616297934,7.24610890465427,0.11816635791977667,18.0,43.0,13.0,1.0,1.0,0.9230301516550469,0.23562996099520764,1.0,0.23529411764705882,0.0,-0.00012209219729552572,0.46305610353631216,0.4631781957336077,0.92623429926992,-0.00012209219729552572,0.11148507526396587,2134.0,-0.12749975947169295,-0.1093972433350846,-0.012790090196009083,0.029435977061206983,0.0012216295167181144,0.22666938736908274,-0.562492187196354,1.0,0.0,24,0.23529411764705882,0.6728781445339492,0.23562996099520764,0.004892918995122394,0.0036554414927053667,0.05235929388262506,-0.031046627810590074,-0.3254162633402471
G33,G33__mom_12_1__top50__weekly__long_only,long_only,mom_12_1,50,weekly,base,0.0,0.0,True,,False,True,2,0,2134.0,1.4813104776183033,0.11328700905739875,0.1975374921889029,0.642552272057965,0.501461471587504,0.6787978390133601,-0.22493382443803944,413.0,0.5036459471599165,0.16962044232374943,8.893388964723373,0.0,9.0,7.0,4.0,5.0,0.0,0.9209999764182024,0.20676124389123385,1.0,0.31981981981981983,0.0,0.921438735719972,0.921438735719972,0.0,0.921438735719972,0.921438735719972,0.0,2134.0,-0.0280256982307316,-0.028723394045574717,0.781501768516082,0.005831446720625906,-0.0002583181741924478,0.13524029097208404,-0.20722891106849653,1.0,1.0,142,0.31981981981981983,0.7529858417583228,0.20676124389123385,-0.03872157382656666,-0.09893444269511487,0.11641403582566567,-0.0383320083514502,0.13154315021354712
G33,G33__mom_12_1__top50__weekly__long_only,long_only,mom_12_1,50,weekly,base,5.0,0.0,True,,False,True,2,0,2134.0,1.3896010605310627,0.10834694102238296,0.197564096103702,0.6199754506432911,0.47890400830228247,0.647607126887995,-0.22532796634967278,414.0,0.4808410725823794,0.16962044232374943,8.893388964723373,0.051059873637509544,9.0,7.0,4.0,5.0,0.0,0.9209999764182024,0.20676124389123385,1.0,0.31981981981981983,0.0,0.921438735719972,0.921438735719972,0.0,0.921438735719972,0.921438735719972,0.0,2134.0,-0.03246897314051654,-0.03303330916647033,0.7816142901118555,0.0013707361549439212,-0.004715915174944609,0.13524851543567604,-0.24006897995090182,1.0,1.0,142,0.31981981981981983,0.7529858417583228,0.20676124389123385,-0.03862514357889443,-0.10289659966326631,0.11628582761327722,-0.03831443770762419,0.13154315021354712
G33,G33__mom_12_1__top50__weekly__long_only,long_only,mom_12_1,50,weekly,base,10.0,0.0,True,,True,True,2,0,2134.0,1.301259731427876,0.10342757660731472,0.19759586674785024,0.5973890878682905,0.4563406946700069,0.6164726014430596,-0.22572197536517558,414.0,0.45820783040724505,0.16962044232374943,8.893388964723373,0.10000466412292983,9.0,7.0,4.0,5.0,0.0,0.9209999764182024,0.20676124389123385,1.0,0.31981981981981983,0.0,0.921438735719972,0.921438735719972,0.0,0.921438735719972,0.921438735719972,0.0,2134.0,-0.03691224805030115,-0.0373251616121087,0.7817268117076293,-0.003089974410737722,-0.009173512175696471,0.13526429237039647,-0.272889817434033,1.0,1.0,142,0.31981981981981983,0.7529858417583228,0.20676124389123385,-0.03852868158877509,-0.10685486046526688,0.1161577058577275,-0.03829637997237856,0.13154315021354712
G33,G33__mom_12_1__top50__weekly__long_only,long_only,mom_12_1,50,weekly,base,20.0,0.0,True,,False,True,2,0,2134.0,1.1341941607508708,0.09365063159267506,0.19767489785419234,0.5521948713183947,0.4112036268586267,0.5543784716267222,-0.22650959481014654,418.0,0.4134510578731562,0.16962044232374943,8.893388964723373,0.19187563343124775,9.0,7.0,4.0,5.0,0.0,0.9209999764182024,0.20676124389123385,1.0,0.31981981981981983,0.0,0.921438735719972,0.921438735719972,0.0,0.921438735719972,0.921438735719972,0.0,2134.0,-0.04579879786987113,-0.045854963804323724,0.7819518548991757,-0.012011395542101665,-0.018088706177200903,0.13531849182204223,-0.3384518793639917,1.0,1.0,142,0.31981981981981983,0.7529858417583228,0.20676124389123385,-0.03833567174687655,-0.11475702701921947,0.11590172163420515,-0.03825881005530335,0.13154315021354712
G33,G33__mom_12_1__top50__weekly__long_short,long_short,mom_12_1,50,weekly,base,0.0,0.0,True,,False,True,12,0,2134.0,0.3967982231528646,0.04025199996333417,0.115846968677077,0.3989188181481958,0.15841013008858026,0.20872925117548935,-0.30821276849859003,1488.0,0.13059809351642196,0.16630163377972368,8.719380131371004,0.0,16.0,37.0,9.0,15.0,5.0,0.9128779311740178,0.21514697272385508,1.0,0.24549549549549549,0.0,0.00010155707915337776,0.45636274569764396,0.45626118861849063,0.9126239343161346,0.00010155707915337776,0.0,2134.0,-0.10874032682263306,-0.09244208937894849,-0.055077159106166874,0.054747954378183944,0.025356629169502296,0.23302152936424675,-0.46665356252407053,1.0,0.0,109,0.24549549549549549,0.6451174444152649,0.21514697272385508,0.008956765258005372,0.06336637901410336,0.11500878820992988,-0.03335309497847749,-0.41391683339614005
G33,G33__mom_12_1__top50__weekly__long_short,long_short,mom_12_1,50,weekly,base,0.0,0.01,True,,False,True,12,0,2134.0,0.34413692620808,0.035541838058693154,0.11585332391209788,0.359726760059565,0.11921696026233237,0.15684067544264868,-0.3112982459618495,1521.0,0.11417294674718118,0.16631162814227027,8.7199041469458,0.0,16.0,37.0,9.0,15.0,5.0,0.9128779311740178,0.21514697272385508,1.0,0.24549549549549549,0.0,0.00010158299524222029,0.4563890847557943,0.45628750176055216,0.9126765865163465,0.00010158299524222029,0.03981281949511757,2134.0,-0.11327832180031336,-0.09655142509473276,-0.055084495073758365,0.050211096137018234,0.020819476231375526,0.23302584816387079,-0.4861191266672384,1.0,0.0,109,0.24549549549549549,0.6451174444152649,0.21514697272385508,0.009369113509528255,0.057553465124250476,0.1158120976332826,-0.03335716604057992,-0.41419081517905454
G33,G33__mom_12_1__top50__weekly__long_short,long_short,mom_12_1,50,weekly,base,0.0,0.03,True,,False,True,12,0,2134.0,0.24608208371692397,0.02632030767867488,0.11586593867585109,0.2824924465464789,0.04198109622256397,0.05505984826090399,-0.31733948420606406,1543.0,0.08294053840959739,0.16633168263428105,8.720955626328228,0.0,16.0,37.0,9.0,15.0,5.0,0.9128779311740178,0.21514697272385508,1.0,0.24549549549549549,0.0,0.00010163411993995423,0.4564410044178623,0.4563393702979223,0.9127803747157848,0.00010163411993995423,0.11384726739479445,2134.0,-0.1222226101653982,-0.10459666109976877,-0.05509895422944774,0.041269048273958185,0.01187684751461775,0.23303440483543544,-0.5244831133484755,1.0,0.0,109,0.24549549549549549,0.6451174444152649,0.21514697272385508,0.01016992757119288,0.04609617604956977,0.11735935858410074,-0.03336510489338561,-0.4147341639167479
G33,G33__mom_12_1__top50__weekly__long_short,long_short,mom_12_1,50,weekly,base,5.0,0.0,True,,False,True,12,0,2134.0,0.34616421609919223,0.035726151691446884,0.11586786036267605,0.3612345532653713,0.12075558780080729,0.15882986994179243,-0.311543434195921,1521.0,0.1146747058998512,0.16630163377972368,8.719380131371004,0.038301025563455604,16.0,37.0,9.0,15.0,5.0,0.9128779311740178,0.21514697272385508,1.0,0.24549549549549549,0.0,0.00010155707915337776,0.45636274569764396,0.45626118861849063,0.9126239343161346,0.00010155707915337776,0.0,2134.0,-0.11309838787741797,-0.09639062242821721,-0.054921273944820076,0.05036573831551801,0.020978713224465616,0.23300728301589835,-0.4853856343610562,1.0,0.0,109,0.24549549549549549,0.6451174444152649,0.21514697272385508,0.009130332602327984,0.0563050042914125,0.11541890810175587,-0.03337679266580415,-0.4139168333961418
G33,G33__mom_12_1__top50__weekly__long_short,long_short,mom_12_1,50,weekly,base,5.0,0.01,True,,False,True,12,0,2134.0,0.2954090190585186,0.03103621219909769,0.11587423981382142,0.32205000292562946,0.08157009231620783,0.10712155116770747,-0.3146142064805164,1536.0,0.09864847664156487,0.16631162814227027,8.7199041469458,0.037582937930988554,16.0,37.0,9.0,15.0,5.0,0.9128779311740178,0.21514697272385508,1.0,0.24549549549549549,0.0,0.00010158299524222029,0.4563890847557943,0.45628750176055216,0.9126765865163465,0.00010158299524222029,0.03905830002892385,2134.0,-0.1176365633822974,-0.10048231529375921,-0.054928618798231396,0.04582870092404529,0.01644138087462105,0.23301161609601415,-0.5048527852526649,1.0,0.0,109,0.24549549549549549,0.6451174444152649,0.21514697272385508,0.009539968614290791,0.050489718973249435,0.11621234998474617,-0.03338085091344847,-0.41419081517905454
G33,G33__mom_12_1__top50__weekly__long_short,long_short,mom_12_1,50,weekly,base,5.0,0.03,True,,False,True,12,0,2134.0,0.2009035316590584,0.021854267206083744,0.11588690205786646,0.24483047919543321,0.004349345579704858,0.0056941866347467686,-0.32421584162540296,1571.0,0.06740653725160671,0.16633168263428105,8.720955626328228,0.036220714048906845,16.0,37.0,9.0,15.0,5.0,0.9128779311740178,0.21514697272385508,1.0,0.24549549549549549,0.0,0.00010163411993995423,0.4564410044178623,0.4563393702979223,0.9127803747157848,0.00010163411993995423,0.11171650188137248,2134.0,-0.126581216890042,-0.10849301540641557,-0.054943095550584,0.03688629064499641,0.007498389223740823,0.23302020081631578,-0.5432199287727116,1.0,0.0,109,0.24549549549549549,0.6451174444152649,0.21514697272385508,0.010335500914841443,0.03902781326492476,0.11496575022213507,-0.03338876454817473,-0.4147341639167479
G33,G33__mom_12_1__top50__weekly__long_short,long_short,mom_12_1,50,weekly,base,10.0,0.0,True,,False,True,12,0,2134.0,0.29735415724139314,0.03121891121428355,0.115897142961277,0.3235404494282376,0.08310868357050674,0.10911951663208865,-0.3148588686420212,1536.0,0.09915207835475613,0.16630163377972368,8.719380131371004,0.07519352440941265,16.0,37.0,9.0,15.0,5.0,0.9128779311740178,0.21514697272385508,1.0,0.24549549549549549,0.0,0.00010155707915337776,0.45636274569764396,0.45626118861849063,0.9126239343161346,0.00010155707915337776,0.0,2134.0,-0.1174564489322034,-0.10032292128490297,-0.05476538878347321,0.045983522252851544,0.01660079727942841,0.23299721135209867,-0.5041109644643198,1.0,0.0,109,0.24549549549549549,0.6451174444152649,0.21514697272385508,0.00930226834747665,0.04923461844062314,0.11582102049994614,-0.03339919831273751,-0.4139168333961418
G33,G33__mom_12_1__top50__weekly__long_short,long_short,mom_12_1,50,weekly,base,10.0,0.01,True,,True,True,12,0,2134.0,0.24843650193509714,0.026549112116580176,0.1159035467194182,0.2843662564429536,0.04393371322066466,0.05759378599266718,-0.3179150023278371,1540.0,0.08351009522099391,0.16631162814227027,8.7199041469458,0.07379289724949965,16.0,37.0,9.0,15.0,5.0,0.9128779311740178,0.21514697272385508,1.0,0.24549549549549549,0.0,0.00010158299524222029,0.4563890847557943,0.45628750176055216,0.9126765865163465,0.00010158299524222029,0.03832238088484624,2134.0,-0.12199480496428172,-0.1043970428557153,-0.05477274252270436,0.041446305711072016,0.012063285517866267,0.23300155891671845,-0.5235793508484046,1.0,0.0,109,0.24549549549549549,0.6451174444152649,0.21514697272385508,0.009709207063440875,0.04341822790152326,0.11660467677234332,-0.03340324372283861,-0.41419081517905276
G33,G33__mom_12_1__top50__weekly__long_short,long_short,mom_12_1,50,weekly,base,10.0,0.03,True,,False,True,12,0,2134.0,0.1573526995177823,0.01740659198881933,0.11591625662830811,0.20716713718301402,-0.033266299299397506,-0.04347559475317201,-0.33197503913927606,1578.0,0.0524334360617896,0.16633168263428105,8.720955626328228,0.07113556259382754,16.0,37.0,9.0,15.0,5.0,0.9128779311740178,0.21514697272385508,1.0,0.24549549549549549,0.0,0.00010163411993995423,0.4564410044178623,0.4563393702979223,0.9127803747157848,0.00010163411993995423,0.10963793980814082,2134.0,-0.1309398236146855,-0.112373347121657,-0.05478723687172021,0.032503533016034904,0.0031199309328641756,0.23301017209290123,-0.5619489588741207,1.0,0.0,109,0.24549549549549549,0.6451174444152649,0.21514697272385508,0.010499486740175631,0.031954200520886294,0.11450048435200322,-0.033411132098331395,-0.4147341639167479
G33,G33__mom_12_1__top50__weekly__long_short,long_short,mom_12_1,50,weekly,base,20.0,0.0,True,,False,True,12,0,2134.0,0.20494705190639118,0.02225996501415395,0.11598085365406795,0.24815554209847815,0.007870471516013845,0.010297605039591491,-0.32327060845525457,1570.0,0.06885861081068574,0.16630163377972368,8.719380131371004,0.14495718556196252,16.0,37.0,9.0,15.0,5.0,0.9128779311740178,0.21514697272385508,1.0,0.24549549549549549,0.0,0.00010155707915337776,0.45636274569764396,0.45626118861849063,0.9126239343161346,0.00010155707915337776,0.0,2134.0,-0.1261725710417742,-0.10813906823299127,-0.05445361846077967,0.03721909012751872,0.007844965389354114,0.23298959401929772,-0.5415373659620342,1.0,0.0,109,0.24549549549549549,0.6451174444152649,0.21514697272385508,0.009641285209933048,0.03508213237693965,0.11477521046467343,-0.03344013024904606,-0.4139168333961418
G33,G33__mom_12_1__top50__weekly__long_short,long_short,mom_12_1,50,weekly,base,20.0,0.01,True,,False,True,12,0,2134.0,0.1595085198740771,0.0176302019072907,0.11598730627891399,0.20901058316500312,-0.03127492610985396,-0.040855911018769044,-0.33143242749819357,1578.0,0.05319395582493747,0.16631162814227027,8.7199041469458,0.1422923168037364,16.0,37.0,9.0,15.0,5.0,0.9128779311740178,0.21514697272385508,1.0,0.24549549549549549,0.0,0.00010158299524222029,0.4563890847557943,0.45628750176055216,0.9126765865163465,0.00010158299524222029,0.03690432649985445,2134.0,-0.13071128812825003,-0.11217826078641421,-0.05446098997165039,0.03268151528512588,0.003307094804357101,0.23299397116189516,-0.5610071688826047,1.0,0.0,109,0.24549549549549549,0.6451174444152649,0.21514697272385508,0.0100428738743548,0.029267321619637438,0.11376935250628273,-0.033444149930004025,-0.41419081517905276
G33,G33__mom_12_1__top50__weekly__long_short,long_short,mom_12_1,50,weekly,base,20.0,0.03,True,,False,True,12,0,2134.0,0.0749031683224688,0.008566052399535895,0.11600011203214715,0.13186905875686838,-0.10841667849408898,-0.14119549935748463,-0.34723254987999164,1578.0,0.02466949714966653,0.16633168263428105,8.720955626328228,0.1372351673799112,16.0,37.0,9.0,15.0,5.0,0.9128779311740178,0.21514697272385508,1.0,0.24549549549549549,0.0,0.00010163411993995423,0.4564410044178623,0.4563393702979223,0.9127803747157848,0.00010163411993995423,0.10563178512254112,2134.0,-0.13965703706397312,-0.1200861913543004,-0.0544755195139929,0.023738017758111327,-0.00563698564888971,0.2330026424652487,-0.5993796275714013,1.0,0.0,109,0.24549549549549549,0.6451174444152649,0.21514697272385508,0.010822735149070594,0.017806519105575708,0.11355287894965277,-0.03345198769337794,-0.4147341639167479
G33,G33__mom_255_0__top10__monthly__long_only,long_only,mom_255_0,10,monthly,base,0.0,0.0,True,,False,True,0,0,2134.0,3.885497346412339,0.2060128282072724,0.302202029425457,0.7719924936493593,0.6797951554080742,0.944571100468414,-0.4347148832336334,998.0,0.473903324116356,0.6845335365703834,8.245196824744674,0.0,0.0,0.0,0.0,0.0,0.0,0.9217223577502902,0.2562593740148121,1.0,0.35294117647058826,0.0,0.9228826196394936,0.9228826196394936,0.0,0.9228826196394936,0.9228826196394936,0.0,2134.0,0.07834383562871192,0.05217436024016856,1.0583937754810149,0.06929549456301651,0.07093718619766888,0.22406093421896014,0.3496541505631303,1.0,1.0,36,0.35294117647058826,0.778213346959156,0.2562593740148121,-0.03865807911991109,-0.05394418027827297,0.07508070246436827,-0.037090599400591506,-0.27254789997846984
G33,G33__mom_255_0__top10__monthly__long_only,long_only,mom_255_0,10,monthly,base,5.0,0.0,True,,True,True,0,0,2134.0,3.7178501762589624,0.20105021211063612,0.30217804984566293,0.7583768383186793,0.6661717647715187,0.925087732312836,-0.4401602278086325,1000.0,0.45676596704699607,0.6845335365703834,8.245196824744674,0.046673522430199364,0.0,0.0,0.0,0.0,0.0,0.9217223577502902,0.2562593740148121,1.0,0.35294117647058826,0.0,0.9228826196394936,0.9228826196394936,0.0,0.9228826196394936,0.9228826196394936,0.0,2134.0,0.0742109713979145,0.04784477327851162,1.058247228144272,0.06518533840810896,0.06682295192767895,0.22405267662590161,0.33122108834175534,1.0,1.0,36,0.35294117647058826,0.778213346959156,0.2562593740148121,-0.03833001865966018,-0.05502321500170604,0.07472667080911555,-0.03709795268791094,-0.27254789997846984
G33,G33__mom_255_0__top10__monthly__long_only,long_only,mom_255_0,10,monthly,base,10.0,0.0,True,,False,True,0,0,2134.0,3.555895180547103,0.19610613529612664,0.3021590826709612,0.7447466673226283,0.6525353854829836,0.9056115548275433,-0.44555545765776494,1002.0,0.4401385549781717,0.6845335365703834,8.245196824744674,0.09139675889100597,0.0,0.0,0.0,0.0,0.0,0.9217223577502902,0.2562593740148121,1.0,0.35294117647058826,0.0,0.9228826196394936,0.9228826196394936,0.0,0.9228826196394936,0.9228826196394936,0.0,2134.0,0.07007810716711715,0.043531360736277176,1.0581006808075297,0.061075182253201445,0.062708717657689,0.22405118115232986,0.3127772270902328,1.0,1.0,36,0.35294117647058826,0.778213346959156,0.2562593740148121,-0.03800380765658806,-0.05610392241546047,0.07437221725197429,-0.037105121109182404,-0.27254789997846984
G33,G33__mom_255_0__top10__monthly__long_only,long_only,mom_255_0,10,monthly,base,20.0,0.0,True,,False,True,0,0,2134.0,3.248303225223771,0.1862733502645233,0.3021361890633284,0.7174454739462914,0.6252263600380836,0.8666827276810725,-0.4561973287208809,1013.0,0.40831749450793586,0.6845335365703834,8.245196824744674,0.17528790627200536,0.0,0.0,0.0,0.0,0.0,0.9217223577502902,0.2562593740148121,1.0,0.35294117647058826,0.0,0.9228826196394936,0.9228826196394936,0.0,0.9228826196394936,0.9228826196394936,0.0,2134.0,0.06181237870552225,0.034952841455196934,1.0578075861340448,0.05285486994338616,0.054480249117709004,0.22406847649300793,0.27586378803914935,1.0,1.0,36,0.35294117647058826,0.778213346959156,0.2562593740148121,-0.03735690093254801,-0.05826979284842293,0.07366219856061473,-0.037118901635731893,-0.27254789997846984
G33,G33__mom_255_0__top10__monthly__long_short,long_short,mom_255_0,10,monthly,base,0.0,0.0,True,,False,True,0,0,2134.0,0.3159571667748622,0.03295411911750912,0.19275720447297037,0.2653742481107122,0.12082541415512288,0.1608109316877446,-0.5158801204251466,2022.0,0.06387941270222043,0.7266472074610829,8.752455398584665,0.0,4.0,28.0,4.0,0.0,0.0,0.9191916138850232,0.22228796544645507,1.0,0.24509803921568626,0.0,0.0002493940590242176,0.46253171482755084,0.4622823207685266,0.9248140355960774,0.0002493940590242176,0.0,2134.0,-0.10380106444840635,-0.09880905574155271,-0.022873030705468967,0.054697062663338264,0.02621966715745603,0.2750676066218898,-0.3773656437527817,1.0,0.0,25,0.24509803921568626,0.6703017846508947,0.22228796544645507,-0.005460653765354484,-0.04337716230143451,0.05359995827338415,-0.052692784675194115,-0.5133701961749466
G33,G33__mom_255_0__top10__monthly__long_short,long_short,mom_255_0,10,monthly,base,0.0,0.01,True,,False,True,0,0,2134.0,0.2656224971226513,0.02820782979470504,0.1927971031708416,0.24147108707462372,0.09694599566306507,0.1289045768676844,-0.5241050014009663,2033.0,0.053820951372918986,0.7268207170973793,8.754545319714639,0.0,4.0,28.0,4.0,0.0,0.0,0.9191916138850232,0.22228796544645507,1.0,0.24509803921568626,0.0,0.0002487051066200894,0.46262824120764007,0.46237953610102,0.9250077773086602,0.0002487051066200894,0.030461364289267767,2134.0,-0.10839893656584215,-0.10294991047786597,-0.022888296484786016,0.05010155603737405,0.02162366258897658,0.27509761098903646,-0.3940380877032124,1.0,0.0,25,0.24509803921568626,0.6703017846508947,0.22228796544645507,-0.004992775353854055,-0.04677091812588653,0.05392001404775426,-0.0527131757447076,-0.5137735592498647
G33,G33__mom_255_0__top10__monthly__long_short,long_short,mom_255_0,10,monthly,base,0.0,0.03,True,,False,True,0,0,2134.0,0.17193768897472528,0.01891229735168909,0.19287586599286058,0.19436605883757793,0.0498879153654035,0.0662076969086702,-0.5399167105248024,2042.0,0.03502817561120903,0.7271648811075172,8.758690770378454,0.0,4.0,28.0,4.0,0.0,0.0,0.9191916138850232,0.22228796544645507,1.0,0.24509803921568626,0.0,0.000247344804540915,0.46281862867664675,0.4625712838721058,0.9253899125487525,0.000247344804540915,0.08718731297769283,2134.0,-0.11746534073542653,-0.11105970887517064,-0.022918375910076928,0.04103981279092489,0.012560938074326365,0.27515684155541953,-0.42690321662152003,1.0,0.0,25,0.24509803921568626,0.6703017846508947,0.22228796544645507,-0.004082556415686712,-0.05346199533054231,0.05446564661043629,-0.05275338298389601,-0.514579500427244
G33,G33__mom_255_0__top10__monthly__long_short,long_short,mom_255_0,10,monthly,base,5.0,0.0,True,,False,True,0,0,2134.0,0.2680723527607607,0.028442659448201013,0.19275559647158644,0.2426655617605856,0.09810970391114941,0.13045092473654507,-0.5242651089301106,2033.0,0.05425243634131045,0.7266472074610829,8.752455398584665,0.028974232820720574,4.0,28.0,4.0,0.0,0.0,0.9191916138850232,0.22228796544645507,1.0,0.24509803921568626,0.0,0.0002493940590242176,0.46253171482755084,0.4622823207685266,0.9248140355960774,0.0002493940590242176,0.0,2134.0,-0.10817871755306939,-0.10274503559208308,-0.022944447165526526,0.050330475815018164,0.021851085105400066,0.2750760399493226,-0.39326841251967715,1.0,0.0,25,0.24509803921568626,0.6703017846508947,0.22228796544645507,-0.005171362967948984,-0.04720016093841538,0.05345163354614557,-0.052668786772860854,-0.5133701961749466
G33,G33__mom_255_0__top10__monthly__long_short,long_short,mom_255_0,10,monthly,base,5.0,0.01,True,,True,True,0,0,2134.0,0.21955845560902443,0.023716029499544433,0.19279551166075143,0.2187618911318648,0.0742298044943702,0.0986040352268531,-0.5323495466815822,2039.0,0.0445497317455778,0.7268207170973793,8.754545319714639,0.028458754576915275,4.0,28.0,4.0,0.0,0.0,0.9191916138850232,0.22228796544645507,1.0,0.24509803921568626,0.0,0.0002487051066200894,0.46262824120764007,0.46237953610102,0.9250077773086602,0.0002487051066200894,0.02989129654405386,2134.0,-0.11277755192070218,-0.10686873869540177,-0.022959694510265652,0.04573400408234791,0.017254115926244602,0.27510605225322177,-0.4099420968641429,1.0,0.0,25,0.24509803921568626,0.6703017846508947,0.22228796544645507,-0.004706648428061767,-0.0505921716865457,0.053751164752065206,-0.05268913781088458,-0.5137735592498647
G33,G33__mom_255_0__top10__monthly__long_short,long_short,mom_255_0,10,monthly,base,5.0,0.03,True,,False,True,0,0,2134.0,0.12926360291923378,0.014459001680026784,0.19287430659822652,0.17165581849265096,0.027170735981955785,0.03602403977327507,-0.5478911940955917,2047.0,0.02639027937635386,0.7271648811075172,8.758690770378454,0.027480419377971264,4.0,28.0,4.0,0.0,0.0,0.9191916138850232,0.22228796544645507,1.0,0.24509803921568626,0.0,0.000247344804540915,0.46281862867664675,0.4625712838721058,0.9253899125487525,0.000247344804540915,0.08557853532081756,2134.0,-0.12184586568802257,-0.11494494410210909,-0.022989734762004818,0.03667034516806958,0.008189476799580745,0.27516529781586446,-0.44280970985505436,1.0,0.0,25,0.24509803921568626,0.6703017846508947,0.22228796544645507,-0.0038025982497451177,-0.05727977786092461,0.05425861076467853,-0.05272926570276687,-0.5145795004272475
G33,G33__mom_255_0__top10__monthly__long_short,long_short,mom_255_0,10,monthly,base,10.0,0.0,True,,False,True,0,0,2134.0,0.22191196141933234,0.023949122378609466,0.19276261950104237,0.21994664787890536,0.07539023851127634,0.10014515228312117,-0.5325083053780879,2039.0,0.044974176246143756,0.7266472074610829,8.752455398584665,0.05692687046629842,4.0,28.0,4.0,0.0,0.0,0.9191916138850232,0.22228796544645507,1.0,0.24509803921568626,0.0,0.0002493940590242176,0.46253171482755084,0.4622823207685266,0.9248140355960774,0.0002493940590242176,0.0,2134.0,-0.11255637065773248,-0.1066653790418628,-0.02301586362558413,0.045963888966698035,0.017482503053344034,0.2750905209319507,-0.40916121092218816,1.0,0.0,25,0.24509803921568626,0.6703017846508947,0.22228796544645507,-0.004884367393773032,-0.05101908380730395,0.05329112896546784,-0.052643675879809226,-0.5133701961749466
G33,G33__mom_255_0__top10__monthly__long_short,long_short,mom_255_0,10,monthly,base,10.0,0.01,True,,False,True,0,0,2134.0,0.1751536558567075,0.01924207790704502,0.19280255343263664,0.19604354146164077,0.05151093181583275,0.068358952952746,-0.5404546408744487,2042.0,0.03560350203656607,0.7268207170973793,8.754545319714639,0.05592145374036034,4.0,28.0,4.0,0.0,0.0,0.9191916138850232,0.22228796544645507,1.0,0.24509803921568626,0.0,0.0002487051066200894,0.46262824120764007,0.46237953610102,0.9250077773086602,0.0002487051066200894,0.02933561690555893,2134.0,-0.11715616727556237,-0.11077199498296603,-0.023031092535745215,0.041366452127321617,0.012884569263512485,0.27512054334233293,-0.42583576585113375,1.0,0.0,25,0.24509803921568626,0.6703017846508947,0.22228796544645507,-0.004422799825519283,-0.054408900440397555,0.05357075683099999,-0.052663986927898865,-0.5137735592498647
G33,G33__mom_255_0__top10__monthly__long_short,long_short,mom_255_0,10,monthly,base,10.0,0.03,True,,False,True,0,0,2134.0,0.08812736531328302,0.01002340997569573,0.19288138496529086,0.14893854074043672,0.004452991109562077,0.005898240574831871,-0.555730729238092,2072.0,0.01803645083552937,0.7271648811075172,8.758690770378454,0.05401301665679799,4.0,28.0,4.0,0.0,0.0,0.9191916138850232,0.22228796544645507,1.0,0.24509803921568626,0.0,0.000247344804540915,0.46281862867664675,0.4625712838721058,0.9253899125487525,0.000247344804540915,0.08401011355647096,2134.0,-0.12622639064061886,-0.11881473367203262,-0.02306109361393269,0.03230087754521405,0.0038180155248348766,0.27517980821012966,-0.45870513342400215,1.0,0.0,25,0.24509803921568626,0.6703017846508947,0.22228796544645507,-0.00352488542504417,-0.061092150422725026,0.05404118818227377,-0.05270403556372133,-0.5145795004272475
G33,G33__mom_255_0__top10__monthly__long_short,long_short,mom_255_0,10,monthly,base,20.0,0.0,True,,False,True,0,0,2134.0,0.13452080573841663,0.015015559353724672,0.1928025537206104,0.17449035366531554,0.029952256670868756,0.039710654193201626,-0.5485786435838284,2045.0,0.02737175340189878,0.7266472074610829,8.752455398584665,0.10991556393489646,4.0,28.0,4.0,0.0,0.0,0.9191916138850232,0.22228796544645507,1.0,0.24509803921568626,0.0,0.0002493940590242176,0.46253171482755084,0.4622823207685266,0.9248140355960774,0.0002493940590242176,0.0,2134.0,-0.12131167686705836,-0.11445938068141963,-0.023158696545699346,0.037230715270058064,0.008745338949232321,0.2751376216444152,-0.44091271903135165,1.0,0.0,25,0.24509803921568626,0.6703017846508947,0.22228796544645507,-0.0043172111047220275,-0.05863943108375454,0.05293545245147924,-0.05259012601227481,-0.5133701961749466
G33,G33__mom_255_0__top10__monthly__long_short,long_short,mom_255_0,10,monthly,base,20.0,0.01,True,,False,True,0,0,2134.0,0.09108729555654138,0.010347465144089352,0.19284253187983486,0.15059159608087477,0.00607735530697447,0.00804958174857806,-0.5562556457998418,2072.0,0.018601995723046907,0.7268207170973793,8.754545319714639,0.10800269882187852,4.0,28.0,4.0,0.0,0.0,0.9191916138850232,0.22228796544645507,1.0,0.24509803921568626,0.0,0.0002487051066200894,0.46262824120764007,0.46237953610102,0.9250077773086602,0.0002487051066200894,0.028265830128178248,2134.0,-0.1259133979852824,-0.11853201483893906,-0.02317388858670429,0.03263134821726937,0.004145475938048572,0.2751676707730937,-0.4575879049727174,1.0,0.0,25,0.24509803921568626,0.6703017846508947,0.22228796544645507,-0.0038618870820285485,-0.06202351535748543,0.05317707702987606,-0.052610357223753956,-0.5137735592498647
G33,G33__mom_255_0__top10__monthly__long_short,long_short,mom_255_0,10,monthly,base,20.0,0.03,True,,False,True,0,0,2134.0,0.01025100485907604,0.0012050847394782238,0.192921450021211,0.10349508624021568,-0.04097198373237447,-0.05416520110699908,-0.5710138322283411,2080.0,0.00211043003069727,0.7271648811075172,8.758690770378454,0.10437086394358176,4.0,28.0,4.0,0.0,0.0,0.9191916138850232,0.22228796544645507,1.0,0.24509803921568626,0.0,0.000247344804540915,0.46281862867664675,0.4625712838721058,0.9253899125487525,0.000247344804540915,0.08098988714696123,2134.0,-0.134987440545811,-0.1265081972047541,-0.023203811317788356,0.02356194229950337,-0.00492490702465644,0.2752269871704051,-0.4904585917740485,1.0,0.0,25,0.24509803921568626,0.6703017846508947,0.22228796544645507,-0.002976145881281576,-0.06869540337322708,0.053576880336268395,-0.05265024765800591,-0.5145795004272458
G33,G33__mom_255_0__top10__weekly__long_only,long_only,mom_255_0,10,weekly,base,0.0,0.0,True,,False,True,0,0,2134.0,2.1924231557920013,0.14691339534859016,0.28875068030723344,0.6201488155081247,0.5236520545282098,0.7151047313970811,-0.38497456038885813,1045.0,0.3816184508404782,0.3480498442930498,18.248641508088454,0.0,0.0,0.0,0.0,0.0,0.0,0.9191602020824967,0.29754590641765144,1.0,0.36711711711711714,0.0,0.9199645743012662,0.9199645743012662,0.0,0.9199645743012662,0.9199645743012662,0.0,2134.0,0.024114529716352362,0.0006136251432826189,0.9492444499386609,0.03197929824945197,0.030578280774129864,0.2242598152137815,0.10752942828105232,1.0,1.0,163,0.36711711711711714,0.7797983418688865,0.29754590641765144,-0.05910247816718153,-0.12230882574271351,0.05924158719702055,-0.04494990546890948,-0.7956807184586978
G33,G33__mom_255_0__top10__weekly__long_only,long_only,mom_255_0,10,weekly,base,5.0,0.0,True,,False,True,0,0,2134.0,1.9550173650292475,0.13649502659791524,0.288760052378848,0.5885262192545025,0.49203148884786,0.6710118003554527,-0.3901512601185576,1046.0,0.3498515589990346,0.3480498442930498,18.248641508088454,0.08164751825084259,0.0,0.0,0.0,0.0,0.0,0.9191602020824967,0.29754590641765144,1.0,0.36711711711711714,0.0,0.9199645743012662,0.9199645743012662,0.0,0.9199645743012662,0.9199645743012662,0.0,2134.0,0.014988999244911878,-0.008475781054231213,0.9492794910192712,0.02284833802721938,0.021448300015716897,0.22426612896377743,0.06683576924508668,1.0,1.0,163,0.36711711711711714,0.7797983418688865,0.29754590641765144,-0.058090115016986965,-0.12536769552528576,0.06543367862509769,-0.04495244542717808,-0.7956807184586978
G33,G33__mom_255_0__top10__weekly__long_only,long_only,mom_255_0,10,weekly,base,10.0,0.0,True,,True,True,0,0,2134.0,1.735219035752408,0.1261689962267949,0.2887753568279992,0.5568942349973516,0.46040351620410985,0.627031195168094,-0.395285499804346,1050.0,0.31918447878620543,0.3480498442930498,18.248641508088454,0.15642986860036986,0.0,0.0,0.0,0.0,0.0,0.9191602020824967,0.29754590641765144,1.0,0.36711711711711714,0.0,0.9199645743012662,0.9199645743012662,0.0,0.9199645743012662,0.9199645743012662,0.0,2134.0,0.00586346877347213,-0.017484627515428636,0.9493145320998818,0.013717377804987524,0.012318319257304686,0.22428008130557245,0.026143511003473348,1.0,1.0,163,0.36711711711711714,0.7797983418688865,0.29754590641765144,-0.0570910657780718,-0.12842588814952288,0.07143847654921559,-0.04495478523350688,-0.7956807184586978
G33,G33__mom_255_0__top10__weekly__long_only,long_only,mom_255_0,10,weekly,base,20.0,0.0,True,,False,True,0,0,2134.0,1.343331355356121,0.10579076459284509,0.2888237587211613,0.49360991323976433,0.39713315746393985,0.5394134409426371,-0.4054279532251298,1524.0,0.26093603993334075,0.3480498442930498,18.248641508088454,0.28757297536960735,0.0,0.0,0.0,0.0,0.0,0.9191602020824967,0.29754590641765144,1.0,0.36711711711711714,0.0,0.9199645743012662,0.9199645743012662,0.0,0.9199645743012662,0.9199645743012662,0.0,2134.0,-0.012387592169408662,-0.03526342085061148,0.9493846142611034,-0.004544542639477657,-0.005941642259521107,0.22433089528324487,-0.05522017889585753,1.0,1.0,163,0.36711711711711714,0.7797983418688865,0.29754590641765144,-0.05513229578639081,-0.134538334756375,0.0829030943447297,-0.04495886459659859,-0.7956807184586978
G33,G33__mom_255_0__top10__weekly__long_short,long_short,mom_255_0,10,weekly,base,0.0,0.0,True,,False,True,4,0,2134.0,0.3468937054497352,0.03579241425415014,0.18815816559225582,0.2815668640144712,0.13348417778852867,0.18015852339611754,-0.44878585572440255,1472.0,0.07975388216363509,0.35659598600638376,18.696725249429367,0.0,5.0,28.0,4.0,7.0,0.0,0.9196620491045968,0.215354648045434,1.0,0.240990990990991,0.0,0.0003771596682847266,0.46005405276500466,0.45967689309671983,0.9197309458617245,0.0003771596682847266,0.0,2134.0,-0.1019747580288166,-0.09633281228897958,-0.08026541511561486,0.06541654073416564,0.0353347625074046,0.27952994622485244,-0.3648079907216404,1.0,0.0,107,0.240990990990991,0.6666350448826264,0.215354648045434,0.02887986938434044,0.09835060974177047,0.2092745553924379,-0.05322040353710228,-1.4684735163615414
G33,G33__mom_255_0__top10__weekly__long_short,long_short,mom_255_0,10,weekly,base,0.0,0.01,True,,False,True,4,0,2134.0,0.29574222872651545,0.031067526409670476,0.18816873619105473,0.2572626037774753,0.10918252511348267,0.14720931467054552,-0.4527776473717128,1482.0,0.06861541551357823,0.3566174876726439,18.697852605771686,0.0,5.0,28.0,4.0,7.0,0.0,0.9196620491045968,0.215354648045434,1.0,0.240990990990991,0.0,0.00037724188234465307,0.46007993153491356,0.4597026896525689,0.9197826211874824,0.00037724188234465307,0.033086481843022805,2134.0,-0.10654508363131608,-0.1004549955101679,-0.08027656469624808,0.06084794280225227,0.030765770381477812,0.2795385303408644,-0.38114632534340387,1.0,0.0,107,0.240990990990991,0.6666350448826264,0.215354648045434,0.029159559417407676,0.09467808029365987,0.20853358908090047,-0.05322596068945637,-1.468785961706761
G33,G33__mom_255_0__top10__weekly__long_short,long_short,mom_255_0,10,weekly,base,0.0,0.03,True,,False,True,4,0,2134.0,0.20053941591679525,0.021817675345385146,0.18818962632572192,0.20936761753184502,0.06129282218590718,0.08247438773908496,-0.4609787232160436,2038.0,0.047329028969434694,0.35666001241444467,18.700082225411144,0.0,5.0,28.0,4.0,7.0,0.0,0.9196620491045968,0.215354648045434,1.0,0.240990990990991,0.0,0.0003774040285680684,0.4601309430695418,0.45975353904097377,0.9198844821105157,0.0003774040285680684,0.09461145499610571,2134.0,-0.11555304894531908,-0.10852493962539464,-0.08029854222111364,0.05184338299061873,0.02176043355696153,0.2795554876068585,-0.41334566505745873,1.0,0.0,107,0.240990990990991,0.6666350448826264,0.215354648045434,0.029701204709589746,0.08743987604884298,0.2066498295073651,-0.053236865165013775,-1.4694041072372066
G33,G33__mom_255_0__top10__weekly__long_short,long_short,mom_255_0,10,weekly,base,5.0,0.0,True,,False,True,4,0,2134.0,0.24436840544047178,0.026153531045335576,0.18816695906554065,0.23187622075215855,0.08378892006446412,0.11282550070137523,-0.4578761649799855,1520.0,0.057119223592865524,0.35659598600638376,18.696725249429367,0.06583048644560474,5.0,28.0,4.0,7.0,0.0,0.9196620491045968,0.215354648045434,1.0,0.240990990990991,0.0,0.0003771596682847266,0.46005405276500466,0.45967689309671983,0.9197309458617245,0.0003771596682847266,0.0,2134.0,-0.11132241931479998,-0.10474216377883115,-0.0801382518543907,0.056049175009668,0.02597092697526619,0.279519114080064,-0.39826406749025883,1.0,0.0,107,0.240990990990991,0.6666350448826264,0.215354648045434,0.029343426831273077,0.09040199930764281,0.20743603839251812,-0.05323798763914825,-1.468473516361538
G33,G33__mom_255_0__top10__weekly__long_short,long_short,mom_255_0,10,weekly,base,5.0,0.01,True,,False,True,4,0,2134.0,0.19710485416859314,0.02147203618081628,0.18817756414507875,0.2075737908691745,0.05948916318975393,0.08002320549160609,-0.4631181360266029,2038.0,0.04636405813220595,0.3566174876726439,18.697852605771686,0.06462178508775507,5.0,28.0,4.0,7.0,0.0,0.9196620491045968,0.215354648045434,1.0,0.240990990990991,0.0,0.00037724188234465307,0.46007993153491356,0.4597026896525689,0.9197826211874824,0.00037724188234465307,0.03175913031658796,2134.0,-0.11589313230722242,-0.10882648920956942,-0.0801494056622694,0.05148019034285966,0.021401547979739376,0.2795277226304864,-0.41460335746527727,1.0,0.0,107,0.240990990990991,0.6666350448826264,0.215354648045434,0.029617012685945278,0.08672848338281493,0.2053765921693489,-0.053243517750578645,-1.468785961706761
G33,G33__mom_255_0__top10__weekly__long_short,long_short,mom_255_0,10,weekly,base,5.0,0.03,True,,False,True,4,0,2134.0,0.10913880862804337,0.012307138821006536,0.18819852194415063,0.15968243202654633,0.011603216407363826,0.015577018735295503,-0.4806808254111469,2045.0,0.0256035568102383,0.35666001241444467,18.700082225411144,0.06232842415543609,5.0,28.0,4.0,7.0,0.0,0.9196620491045968,0.215354648045434,1.0,0.240990990990991,0.0,0.0003774040285680684,0.4601309430695418,0.45975353904097377,0.9198844821105157,0.0003774040285680684,0.09086716774243739,2134.0,-0.12490186496550033,-0.11682231627764382,-0.08017139233816958,0.04247486460493937,0.012395444940130815,0.27954472797103747,-0.44680458069107615,1.0,0.0,107,0.240990990990991,0.6666350448826264,0.215354648045434,0.030146764581765035,0.07948837204956533,0.19399847413526705,-0.05325436893202867,-1.469404107237203
G33,G33__mom_255_0__top10__weekly__long_short,long_short,mom_255_0,10,weekly,base,10.0,0.0,True,,False,True,4,0,2134.0,0.14962758478627003,0.01660228540163211,0.18818467364422387,0.18218158465644396,0.034096703736753435,0.04580699819904264,-0.47394086106912103,2042.0,0.03503028914658359,0.35659598600638376,18.696725249429367,0.12662120894533868,5.0,28.0,4.0,7.0,0.0,0.9196620491045968,0.215354648045434,1.0,0.240990990990991,0.0,0.0003771596682847266,0.46005405276500466,0.45967689309671983,0.9197309458617245,0.0003771596682847266,0.0,2134.0,-0.12067008060078321,-0.1130750567129795,-0.08001108859316682,0.046681809285170524,0.016607091443127914,0.2795142879021016,-0.4317134608984543,1.0,0.0,107,0.240990990990991,0.6666350448826264,0.215354648045434,0.02979554891746871,0.08244579514138214,0.1984712478642784,-0.053254530304065434,-1.4684735163615414
G33,G33__mom_255_0__top10__weekly__long_short,long_short,mom_255_0,10,weekly,base,10.0,0.01,True,,True,True,4,0,2134.0,0.10595719292389116,0.011963794216010681,0.18819531345860568,0.15788215510876766,0.009800012860056573,0.013152362666976492,-0.4827443107071071,2045.0,0.024782879778503304,0.3566174876726439,18.697852605771686,0.12433070074550825,5.0,28.0,4.0,7.0,0.0,0.9196620491045968,0.215354648045434,1.0,0.240990990990991,0.0,0.00037724188234465307,0.46007993153491356,0.4597026896525689,0.9197826211874824,0.00037724188234465307,0.030503101643692243,2134.0,-0.12524118098312895,-0.11712186399525844,-0.08002224662829058,0.04211243788346686,0.012037325578000746,0.2795229212161554,-0.4480533490356585,1.0,0.0,107,0.240990990990991,0.6666350448826264,0.215354648045434,0.03006311970240208,0.07877178829751907,0.19278343963801892,-0.05326003341147831,-1.468785961706761
G33,G33__mom_255_0__top10__weekly__long_short,long_short,mom_255_0,10,weekly,base,10.0,0.03,True,,False,True,4,0,2134.0,0.02467920929830303,0.002883088363040631,0.18821633942863136,0.10999672892646098,-0.03807987210745449,-0.05100362549814314,-0.49966704775242876,2080.0,0.005770019007675531,0.35666001241444467,18.700082225411144,0.1199835711250827,5.0,28.0,4.0,7.0,0.0,0.9196620491045968,0.215354648045434,1.0,0.240990990990991,0.0,0.0003774040285680684,0.4601309430695418,0.45975353904097377,0.9198844821105157,0.0003774040285680684,0.08732286575838556,2134.0,-0.13425068098568174,-0.12504423898821793,-0.08004424245522564,0.033106346219259904,0.003030456323299966,0.27953997528492597,-0.4802557517895049,1.0,0.0,107,0.240990990990991,0.6666350448826264,0.215354648045434,0.03058115212190723,0.07153074632023021,0.1819152835650959,-0.053270831373601835,-1.469404107237203
G33,G33__mom_255_0__top10__weekly__long_short,long_short,mom_255_0,10,weekly,base,20.0,0.0,True,,False,True,4,0,2134.0,-0.018814313656229653,-0.002240399279194283,0.1882468547754351,0.08280860521781071,-0.06525034065574753,-0.08725872970653724,-0.5117094034086118,2080.0,-0.004378264820365773,0.35659598600638376,18.696725249429367,0.23462879575543952,5.0,28.0,4.0,7.0,0.0,0.9196620491045968,0.215354648045434,1.0,0.240990990990991,0.0,0.0003771596682847266,0.46005405276500466,0.45967689309671983,0.9197309458617245,0.0003771596682847266,0.0,2134.0,-0.13936540317275012,-0.12951417679159988,-0.07975676207071858,0.027947077836175085,-0.002120579621149044,0.27952265430388545,-0.49858357105194717,1.0,0.0,107,0.240990990990991,0.6666350448826264,0.215354648045434,0.03066616940029672,0.06652255112903277,0.1744593582515762,-0.05328448848245709,-1.4684735163615414
G33,G33__mom_255_0__top10__weekly__long_short,long_short,mom_255_0,10,weekly,base,20.0,0.01,True,,False,True,4,0,2134.0,-0.05609520129065626,-0.006794037397292008,0.18825756480235145,0.05851868067011309,-0.08953739467197518,-0.11961589077507823,-0.5198828133677245,2080.0,-0.013068401613973796,0.3566174876726439,18.697852605771686,0.23051154867191487,5.0,28.0,4.0,7.0,0.0,0.9196620491045968,0.215354648045434,1.0,0.240990990990991,0.0,0.00037724188234465307,0.46007993153491356,0.4597026896525689,0.9197826211874824,0.00037724188234465307,0.028188309885085833,2134.0,-0.14393727833494172,-0.13348695482647077,-0.07976792856033316,0.023376932964681522,-0.006691119225476244,0.2795313381264796,-0.5149235835225544,1.0,0.0,107,0.240990990990991,0.6666350448826264,0.215354648045434,0.030921972957577294,0.06284904775662321,0.16927195864047007,-0.053289937709388946,-1.468785961706761
G33,G33__mom_255_0__top10__weekly__long_short,long_short,mom_255_0,10,weekly,base,20.0,0.03,True,,False,True,4,0,2134.0,-0.12548031413619587,-0.015708620176128174,0.1882787285957276,0.010652024486555788,-0.1373982503188281,-0.1831872776606935,-0.5355943523358656,2080.0,-0.029329323783230377,0.35666001241444467,18.700082225411144,0.22269316379228327,5.0,28.0,4.0,7.0,0.0,0.9196620491045968,0.215354648045434,1.0,0.240990990990991,0.0,0.0003774040285680684,0.4601309430695418,0.45975353904097377,0.9198844821105157,0.0003774040285680684,0.08078753770570588,2134.0,-0.15294831302604436,-0.14126439733184856,-0.07978994268933748,0.014369309447901046,-0.015699520910361614,0.2795484916001097,-0.5471262325565857,1.0,0.0,107,0.240990990990991,0.6666350448826264,0.215354648045434,0.03141707956198283,0.05560907108676169,0.16404745385203678,-0.053300629490320384,-1.4694041072372066
G33,G33__mom_255_0__top20__monthly__long_only,long_only,mom_255_0,20,monthly,base,0.0,0.0,True,,False,True,0,0,2134.0,3.831044023639026,0.20441761809156356,0.2542054680287299,0.8596297844300301,0.7500202822525559,1.0383079583430592,-0.28601664679834315,365.0,0.7147053165604336,0.6454576167032269,7.77452791927823,0.0,2.0,0.0,0.0,0.0,0.0,0.9233249362426308,0.2499453412584986,1.0,0.3431372549019608,0.0,0.9242406985033462,0.9242406985033462,0.0,0.9242406985033462,0.9242406985033462,0.0,2134.0,0.06356872902912834,0.050782634427896454,0.9461469596749993,0.07191346564311345,0.0704224248982147,0.1782246985753727,0.35667743885814235,1.0,1.0,35,0.3431372549019608,0.7765469570499522,0.2499453412584986,-0.03521060376577953,-0.04411964225302101,0.08230314019481105,-0.033791556467821615,-0.22934564378193212
G33,G33__mom_255_0__top20__monthly__long_only,long_only,mom_255_0,20,monthly,base,5.0,0.0,True,,True,True,0,0,2134.0,3.674576354619802,0.19974400652514168,0.2541735484953975,0.8444002723231059,0.7347765150687139,1.0165180956911815,-0.2863485486922338,365.0,0.6975555051261171,0.6454576167032269,7.77452791927823,0.05354160801833796,2.0,0.0,0.0,0.0,0.0,0.9233249362426308,0.2499453412584986,1.0,0.3431372549019608,0.0,0.9242406985033462,0.9242406985033462,0.0,0.9242406985033462,0.9242406985033462,0.0,2134.0,0.05967035091350012,0.046705186705205716,0.9460267964632785,0.06803370728129025,0.06653929968022489,0.17820399925307312,0.33484293934818143,1.0,1.0,35,0.3431372549019608,0.7765469570499522,0.2499453412584986,-0.03493232704336363,-0.04549744935217093,0.0865802161077569,-0.033798898724858584,-0.22934564378193212
G33,G33__mom_255_0__top20__monthly__long_only,long_only,mom_255_0,20,monthly,base,10.0,0.0,True,,False,True,0,0,2134.0,3.523124579462559,0.19508691498131792,0.2541467438243027,0.8291502471379099,0.7195144390466605,0.9947369666078103,-0.2897901587736408,631.0,0.673200621466594,0.6454576167032269,7.77452791927823,0.10495907960331385,2.0,0.0,0.0,0.0,0.0,0.9233249362426308,0.2499453412584986,1.0,0.3431372549019608,0.0,0.9242406985033462,0.9242406985033462,0.0,0.9242406985033462,0.9242406985033462,0.0,2134.0,0.05577197279787196,0.04264215171826704,0.9459066332515583,0.06415394891946694,0.06265617446223516,0.17819059846134727,0.3129905465240912,1.0,1.0,35,0.3431372549019608,0.7765469570499522,0.2499453412584986,-0.03465554174649038,-0.0468784137049284,0.08771593196976912,-0.033805929421022396,-0.22934564378193212
G33,G33__mom_255_0__top20__monthly__long_only,long_only,mom_255_0,20,monthly,base,20.0,0.0,True,,False,True,0,0,2134.0,3.2346371623807366,0.18582208110759257,0.25410848523446394,0.7985922982175044,0.6889390095074893,0.9512039776084475,-0.3006000886828831,638.0,0.618170413461271,0.6454576167032269,7.77452791927823,0.20172355474470566,2.0,0.0,0.0,0.0,0.0,0.9233249362426308,0.2499453412584986,1.0,0.3431372549019608,0.0,0.9242406985033462,0.9242406985033462,0.0,0.9242406985033462,0.9242406985033462,0.0,2134.0,0.047975216566615644,0.034559135994206513,0.9456663068281178,0.05639443219582037,0.05488992402625579,0.17818569815956517,0.26924280153872887,1.0,1.0,35,0.3431372549019608,0.7765469570499522,0.2499453412584986,-0.03410641981645263,-0.04964892349618355,0.08669941345989907,-0.03381905368321125,-0.22934564378193212
G33,G33__mom_255_0__top20__monthly__long_short,long_short,mom_255_0,20,monthly,base,0.0,0.0,True,,False,True,0,0,2134.0,0.7239829249757885,0.0664284614156283,0.16266999527714832,0.47743805213143126,0.30621603811148085,0.4067170477496734,-0.4049781550833459,1069.0,0.16402973983116967,0.6671134993223037,8.035372720984299,0.0,7.0,28.0,4.0,0.0,0.0,0.9193109699948198,0.21795350104741093,1.0,0.23529411764705882,0.0,0.000725860463307025,0.4620358332465005,0.46130997278319347,0.923345806029694,0.000725860463307025,0.0,2134.0,-0.07728901696799285,-0.0696046858806293,-0.04086602950926639,0.08399719480911715,0.05501492344584106,0.25747517436927897,-0.3001804626691602,1.0,0.0,24,0.23529411764705882,0.6570716224779838,0.21795350104741093,-0.004049053921734991,0.007085942981102933,0.051273961981917304,-0.04406204624090129,-0.3724048324166951
G33,G33__mom_255_0__top20__monthly__long_short,long_short,mom_255_0,20,monthly,base,0.0,0.01,True,,False,True,0,0,2134.0,0.6583451682681425,0.061551319575132935,0.16270254429833123,0.44919702142805856,0.27799989849025325,0.3688284134183968,-0.4093216543064744,1127.0,0.15037396367270411,0.6672676287440129,8.037229207702019,0.0,7.0,28.0,4.0,0.0,0.0,0.9193109699948198,0.21795350104741093,1.0,0.23529411764705882,0.0,0.0007255927998293289,0.46213203526185387,0.4614064424620245,0.9235384777238782,0.0007255927998293289,0.039317250293100584,2134.0,-0.08186836437576653,-0.07385970164480817,-0.04088393357217267,0.079420621705048,0.050437778173681606,0.2574983000220179,-0.3179374946116779,1.0,0.0,24,0.23529411764705882,0.6570716224779838,0.21795350104741093,-0.0035787392178622673,0.00311777645062844,0.05222704755361923,-0.04407765280840659,-0.3728199540270971
G33,G33__mom_255_0__top20__monthly__long_short,long_short,mom_255_0,20,monthly,base,0.0,0.03,True,,False,True,0,0,2134.0,0.5361451674319504,0.05199925137849615,0.16276681430401624,0.3935424949203789,0.22239467061910803,0.294407460635382,-0.41779385613296494,1157.0,0.12446150323940411,0.6675734706020823,8.040913068582908,0.0,7.0,28.0,4.0,0.0,0.0,0.9193109699948198,0.21795350104741093,1.0,0.23529411764705882,0.0,0.0007250639516779686,0.4623217821691668,0.4615967182174889,0.9239185003866557,0.0007250639516779686,0.11224821234598559,2134.0,-0.0908982044618991,-0.08219331220739975,-0.040919217720312956,0.0703962490339602,0.041412277807212954,0.2575439592063236,-0.35294248306976883,1.0,0.0,24,0.23529411764705882,0.6570716224779838,0.21795350104741093,-0.0026638424321944534,-0.0047052712771749605,0.054049505918051466,-0.044108396753703955,-0.37364850267730887
G33,G33__mom_255_0__top20__monthly__long_short,long_short,mom_255_0,20,monthly,base,5.0,0.0,True,,False,True,0,0,2134.0,0.6663046203545255,0.06215171586517232,0.1626669311677921,0.45273585447390274,0.28150258555551866,0.373489485017023,-0.4089219315935002,1125.0,0.1519891966248362,0.6671134993223037,8.035372720984299,0.034373042005315206,7.0,28.0,4.0,0.0,0.0,0.9193109699948198,0.21795350104741093,1.0,0.23529411764705882,0.0,0.000725860463307025,0.4620358332465005,0.46130997278319347,0.923345806029694,0.000725860463307025,0.0,2134.0,-0.08130871057644579,-0.07333589164247134,-0.04092675514061522,0.0799869108718038,0.05100293369388004,0.25748192300022754,-0.31578415148147676,1.0,0.0,24,0.23529411764705882,0.6570716224779838,0.21795350104741093,-0.00383425302766488,0.0027110621206505314,0.05143002647472761,-0.044042981323169694,-0.3724048324166951
G33,G33__mom_255_0__top20__monthly__long_short,long_short,mom_255_0,20,monthly,base,5.0,0.01,True,,True,True,0,0,2134.0,0.6028502641546574,0.05729315124949608,0.1626995062461946,0.42449393238793826,0.2532856095790556,0.3356771809203349,-0.4132376054865583,1137.0,0.13864457273204217,0.6672676287440129,8.037229207702019,0.03369919186355773,7.0,28.0,4.0,0.0,0.0,0.9193109699948198,0.21795350104741093,1.0,0.23529411764705882,0.0,0.0007255927998293289,0.46213203526185387,0.4614064424620245,0.9235384777238782,0.0007255927998293289,0.03860790513762449,2134.0,-0.0858889094493206,-0.07757469988448915,-0.04094464377312751,0.07540948391163435,0.04642493497751222,0.2575050619168322,-0.3335426061529641,1.0,0.0,24,0.23529411764705882,0.6570716224779838,0.21795350104741093,-0.00336659298238752,-0.001254978824204278,0.05237264389344898,-0.04405855151455121,-0.37281995402709533
G33,G33__mom_255_0__top20__monthly__long_short,long_short,mom_255_0,20,monthly,base,5.0,0.03,True,,False,True,0,0,2134.0,0.48471639981220815,0.04777746831214924,0.16276382724557203,0.36883761972837176,0.19767870359008216,0.26140623215274705,-0.42165552818072094,1159.0,0.11330924206849693,0.6675734706020823,8.040913068582908,0.03242210263819733,7.0,28.0,4.0,0.0,0.0,0.9193109699948198,0.21795350104741093,1.0,0.23529411764705882,0.0,0.0007250639516779686,0.4623217821691668,0.4615967182174889,0.9239185003866557,0.0007250639516779686,0.11024914549920223,2134.0,-0.09492044003420698,-0.08587656647552247,-0.04097989663138618,0.06638341589330472,0.03739774009893091,0.2575507468970707,-0.3685504358958106,1.0,0.0,24,0.23529411764705882,0.6570716224779838,0.21795350104741093,-0.0024568699886319614,-0.009073790671776938,0.05417493300798876,-0.04408922370715587,-0.37364850267730887
G33,G33__mom_255_0__top20__monthly__long_short,long_short,mom_255_0,20,monthly,base,10.0,0.0,True,,False,True,0,0,2134.0,0.6105363442817728,0.05789059492916926,0.1626723520331046,0.42801040003574714,0.25677480567338307,0.3403166143824183,-0.41284104106099817,1136.0,0.1402249029805537,0.6671134993223037,8.035372720984299,0.0675416982183468,7.0,28.0,4.0,0.0,0.0,0.9193109699948198,0.21795350104741093,1.0,0.23529411764705882,0.0,0.000725860463307025,0.4620358332465005,0.46130997278319347,0.923345806029694,0.000725860463307025,0.0,2134.0,-0.0853284041848987,-0.0770534658588331,-0.040987480771963944,0.07597662693449043,0.04699094394191902,0.2574940318058943,-0.33138012398369476,1.0,0.0,24,0.23529411764705882,0.6570716224779838,0.21795350104741093,-0.003621031586236542,-0.001664811187954529,0.05158142939034305,-0.044022601147250096,-0.3724048324166951
G33,G33__mom_255_0__top20__monthly__long_short,long_short,mom_255_0,20,monthly,base,10.0,0.01,True,,False,True,0,0,2134.0,0.5491935020790712,0.05305054322539382,0.16270495523639808,0.3997690668730042,0.22855847372318608,0.3025822137474397,-0.41712905778148,1157.0,0.12718016699087223,0.6672676287440129,8.037229207702019,0.06622544352381739,7.0,28.0,4.0,0.0,0.0,0.9193109699948198,0.21795350104741093,1.0,0.23529411764705882,0.0,0.0007255927998293289,0.46213203526185387,0.4614064424620245,0.9235384777238782,0.0007255927998293289,0.03791524521338535,2134.0,-0.0899094545228749,-0.08127612268788097,-0.04100535397408242,0.07139834611822048,0.042412091781342594,0.2575171858837226,-0.34913962815465044,1.0,0.0,24,0.23529411764705882,0.6570716224779838,0.21795350104741093,-0.0031560137797143825,-0.005628085717939324,0.05251367278861441,-0.04403813495685721,-0.37281995402709533
G33,G33__mom_255_0__top20__monthly__long_short,long_short,mom_255_0,20,monthly,base,10.0,0.03,True,,False,True,0,0,2134.0,0.4349918599972127,0.04357111958577797,0.16276933134936988,0.34411388547518046,0.17295280719064743,0.2284643557621904,-0.42549302938724676,1160.0,0.10240148857085818,0.6675734706020823,8.040913068582908,0.06373059938317487,7.0,28.0,4.0,0.0,0.0,0.9193109699948198,0.21795350104741093,1.0,0.23529411764705882,0.0,0.0007250639516779686,0.4623217821691668,0.4615967182174889,0.9239185003866557,0.0007250639516779686,0.10829684204363799,2134.0,-0.0989426756065149,-0.08954635520131518,-0.04104057554245942,0.062370582752649194,0.03338320239064882,0.25756290043046903,-0.38414956284911544,1.0,0.0,24,0.23529411764705882,0.6570716224779838,0.21795350104741093,-0.0022514403507991262,-0.013441398638025959,0.05429597465341912,-0.04406873539290851,-0.37364850267730887
G33,G33__mom_255_0__top20__monthly__long_short,long_short,mom_255_0,20,monthly,base,20.0,0.0,True,,False,True,0,0,2134.0,0.5044815098942426,0.0494150207958568,0.1627086439680403,0.37850522104797396,0.2072917643412954,0.27414941365269885,-0.4206058388458873,1158.0,0.11748534193307474,0.6671134993223037,8.035372720984299,0.13043147605549962,7.0,28.0,4.0,0.0,0.0,0.9193109699948198,0.21795350104741093,1.0,0.23529411764705882,0.0,0.000725860463307025,0.4620358332465005,0.46130997278319347,0.923345806029694,0.000725860463307025,0.0,2134.0,-0.09336779140180447,-0.0844478994691638,-0.04110893203466155,0.06795605905986377,0.03896696443799705,0.2575343265823811,-0.36254503483417233,1.0,0.0,24,0.23529411764705882,0.6570716224779838,0.21795350104741093,-0.0031992946967360006,-0.0104124954608725,0.051870463493125796,-0.0439779052214678,-0.3724048324166951
G33,G33__mom_255_0__top20__monthly__long_short,long_short,mom_255_0,20,monthly,base,20.0,0.01,True,,False,True,0,0,2134.0,0.4471553300253861,0.044611802779005894,0.16274130960600328,0.3502695051512472,0.17908115998513408,0.23657592679036474,-0.42483904187461374,1159.0,0.10500871714180295,0.6672676287440129,8.037229207702019,0.12791995193773062,7.0,28.0,4.0,0.0,0.0,0.9193109699948198,0.21795350104741093,1.0,0.23529411764705882,0.0,0.0007255927998293289,0.46213203526185387,0.4614064424620245,0.9235384777238782,0.0007255927998293289,0.0365782774097512,2134.0,-0.09795054466998297,-0.08863842110025344,-0.04112677437599203,0.06337607053139321,0.03438640538900386,0.2575575166699376,-0.38030551752643094,1.0,0.0,24,0.23529411764705882,0.6570716224779838,0.21795350104741093,-0.0027395243066738045,-0.014368318823698933,0.052782238287008953,-0.04399336627222353,-0.37281995402709533
G33,G33__mom_255_0__top20__monthly__long_short,long_short,mom_255_0,20,monthly,base,20.0,0.03,True,,False,True,0,0,2134.0,0.3404337080724298,0.03520452142061581,0.1628058082703093,0.29462533561808235,0.12348672198205532,0.1627742858512822,-0.4330960879848994,1218.0,0.08128570633000792,0.6675734706020823,8.040913068582908,0.1231585699940977,7.0,28.0,4.0,0.0,0.0,0.9193109699948198,0.21795350104741093,1.0,0.23529411764705882,0.0,0.0007250639516779686,0.4623217821691668,0.4615967182174889,0.9239185003866557,0.0007250639516779686,0.10452776430013691,2134.0,-0.10698714675113062,-0.0968457137702465,-0.04116193336460587,0.054344916471338274,0.025354126974084783,0.257603301652032,-0.4153174515427904,1.0,0.0,24,0.23529411764705882,0.6570716224779838,0.21795350104741093,-0.0018451777134668931,-0.02216685296471199,0.05452510591650328,-0.04402382322627629,-0.37364850267730887
G33,G33__mom_255_0__top20__weekly__long_only,long_only,mom_255_0,20,weekly,base,0.0,0.0,True,,False,True,0,0,2134.0,2.824255249854721,0.17163369146304452,0.2422217843835836,0.7758855588190521,0.6608593035512317,0.9038839043384996,-0.271657597413391,364.0,0.6318015512809805,0.3073225219219982,16.113262573949644,0.0,2.0,0.0,0.0,0.0,0.0,0.9185052308633498,0.2497120727744978,1.0,0.3536036036036036,0.0,0.9194247360933693,0.9194247360933693,0.0,0.9194247360933693,0.9194247360933693,0.0,2134.0,0.03298252188126099,0.022180611116257503,0.8576289582559677,0.055043464729479234,0.05108723934754106,0.1798162985541836,0.18342342794539532,1.0,1.0,157,0.3536036036036036,0.7695307165817025,0.2497120727744978,-0.05236964123116797,-0.09678513042418979,0.0906031629911851,-0.041218739821777595,-0.5880165576943988
G33,G33__mom_255_0__top20__weekly__long_only,long_only,mom_255_0,20,weekly,base,5.0,0.0,True,,False,True,0,0,2134.0,2.572022182055574,0.16223133339110118,0.24222275736884935,0.7426031780943523,0.6275759667272792,0.8571580878847578,-0.27353621308822784,365.0,0.5930890523031925,0.3073225219219982,16.113262573949644,0.0919213172671486,2.0,0.0,0.0,0.0,0.0,0.9185052308633498,0.2497120727744978,1.0,0.3536036036036036,0.0,0.9194247360933693,0.9194247360933693,0.0,0.9194247360933693,0.9194247360933693,0.0,2134.0,0.02492152677554101,0.013977613720448373,0.8576549858026622,0.046978436554863556,0.04302294385038256,0.179812279311571,0.13859746882112572,1.0,1.0,157,0.3536036036036036,0.7695307165817025,0.2497120727744978,-0.05159238144932621,-0.10059202979493043,0.09804436794062693,-0.041214044524237325,-0.5880165576943988
G33,G33__mom_255_0__top20__weekly__long_only,long_only,mom_255_0,20,weekly,base,10.0,0.0,True,,True,True,0,0,2134.0,2.336383583319074,0.15290272161425622,0.2422287868023185,0.7093062579031189,0.594280488226365,0.8105493794629555,-0.2754103252570249,589.0,0.5551815149688405,0.3073225219219982,16.113262573949644,0.176724299208141,2.0,0.0,0.0,0.0,0.0,0.9185052308633498,0.2497120727744978,1.0,0.3536036036036036,0.0,0.9194247360933693,0.9194247360933693,0.0,0.9194247360933693,0.9194247360933693,0.0,2134.0,0.016860531669821228,0.005838955574646027,0.857681013349357,0.03891340838024801,0.03495864835322433,0.17981507158097448,0.09376595366328111,1.0,1.0,157,0.3536036036036036,0.7695307165817025,0.2497120727744978,-0.050824120335637574,-0.10439884140892564,0.10535580440581338,-0.041208935046440714,-0.5880165576943988
G33,G33__mom_255_0__top20__weekly__long_only,long_only,mom_255_0,20,weekly,base,20.0,0.0,True,,False,True,0,0,2134.0,1.9106050702271329,0.13446448070511052,0.24225601318706713,0.6426771499434413,0.5276614554860553,0.7176903481730286,-0.2826564483219519,745.0,0.4757170108921503,0.3073225219219982,16.113262573949644,0.32700275358782066,2.0,0.0,0.0,0.0,0.0,0.9185052308633498,0.2497120727744978,1.0,0.3536036036036036,0.0,0.9194247360933693,0.9194247360933693,0.0,0.9194247360933693,0.9194247360933693,0.0,2134.0,0.0007385414583813418,-0.010247311402607116,0.8577330684427465,0.022783352031016654,0.018830057358907415,0.17984108861277578,0.004106633606803448,1.0,1.0,157,0.3536036036036036,0.7695307165817025,0.2497120727744978,-0.04931422695349097,-0.11200965043146605,0.11608556322025548,-0.04119747496799164,-0.5880165576943988
G33,G33__mom_255_0__top20__weekly__long_short,long_short,mom_255_0,20,weekly,base,0.0,0.0,True,,False,True,5,0,2134.0,0.5695164975538576,0.0546724969452792,0.15603103598511245,0.4196384247392087,0.24109696645788503,0.324048532414633,-0.39235194478736546,1169.0,0.13934554848430503,0.3116983376828639,16.342691474536213,0.0,7.0,28.0,4.0,8.0,1.0,0.9112764793154491,0.2056588647031354,1.0,0.25675675675675674,0.0,0.0003514268733892076,0.4560032866968916,0.4556518598235024,0.9116551465203939,0.0003514268733892076,0.0,2134.0,-0.08947724450212431,-0.07986106467386749,-0.08523969486847369,0.07868483812248175,0.04846014281803508,0.2597027325356862,-0.3445371699730925,1.0,0.0,114,0.25675675675675674,0.6544452352285907,0.2056588647031354,0.017037561793459804,0.09310202645377594,0.1828286721793969,-0.04976422258574914,-1.270734307871404
G33,G33__mom_255_0__top20__weekly__long_short,long_short,mom_255_0,20,weekly,base,0.0,0.01,True,,False,True,5,0,2134.0,0.510430635435722,0.04990419509897648,0.156039727204707,0.39057948175783425,0.21203942366917383,0.2846519414705829,-0.39665318102398217,1466.0,0.12581317253058713,0.31171691672177215,16.343665594266934,0.0,7.0,28.0,4.0,8.0,1.0,0.9112764793154491,0.2056588647031354,1.0,0.25675675675675674,0.0,0.00035148709640964984,0.45602899639823774,0.4556775093018281,0.9117065057000658,0.00035148709640964984,0.038555164609066675,2134.0,-0.09400794686809538,-0.08402112402582573,-0.08524935617518156,0.07415563281330334,0.04393058383766925,0.2597093241808108,-0.36197370719984867,1.0,0.0,114,0.25675675675675674,0.6544452352285907,0.2056588647031354,0.01742348102843288,0.08824284789027563,0.1825046534622803,-0.04976939205897821,-1.2710430552622647
G33,G33__mom_255_0__top20__weekly__long_short,long_short,mom_255_0,20,weekly,base,0.0,0.03,True,,False,True,5,0,2134.0,0.400404383259118,0.04056878314779455,0.15605692893809864,0.33331451218211344,0.15477747156707714,0.2072903601916302,-0.40504199555066933,1520.0,0.1001594491273425,0.31175379604698067,16.34559921841826,0.0,7.0,28.0,4.0,8.0,1.0,0.9112764793154491,0.2056588647031354,1.0,0.25675675675675674,0.0,0.0003516058727802933,0.4560796748924692,0.45572806901968893,0.9118077439121581,0.0003516058727802933,0.11016000136686394,2134.0,-0.10293782351170257,-0.0921657149187055,-0.08526840035089955,0.0652287071382847,0.03500296101945836,0.25972235978693065,-0.3963379340775667,1.0,0.0,114,0.25675675675675674,0.6544452352285907,0.2056588647031354,0.018172396900519652,0.07866587224179383,0.18184641907430055,-0.04977951504203176,-1.2716534337289929
G33,G33__mom_255_0__top20__weekly__long_short,long_short,mom_255_0,20,weekly,base,5.0,0.0,True,,False,True,5,0,2134.0,0.464573543206223,0.046088718556826835,0.15604328855285515,0.3672411670040187,0.18869851125875137,0.25302436020980273,-0.40080119538730186,1472.0,0.11499146980410183,0.3116983376828639,16.342691474536213,0.06824737790822108,7.0,28.0,4.0,8.0,1.0,0.9112764793154491,0.2056588647031354,1.0,0.25675675675675674,0.0,0.0003514268733892076,0.4560032866968916,0.4556518598235024,0.9116551465203939,0.0003514268733892076,0.0,2134.0,-0.09764834326204831,-0.0873499000519597,-0.08514015189288773,0.0704983147939907,0.04027630757381849,0.2596959802957305,-0.3760102222254293,1.0,0.0,114,0.25675675675675674,0.6544452352285907,0.2056588647031354,0.017552700714291734,0.08349936071315617,0.18183615439559664,-0.04977180382178745,-1.270734307871404
G33,G33__mom_255_0__top20__weekly__long_short,long_short,mom_255_0,20,weekly,base,5.0,0.01,True,,False,True,5,0,2134.0,0.40943253870586016,0.04135871770727806,0.15605202149001546,0.33818519651285633,0.15964407362686733,0.21380916631527463,-0.40504301482181515,1491.0,0.10210944564856257,0.31171691672177215,16.343665594266934,0.06691858496902166,7.0,28.0,4.0,8.0,1.0,0.9112764793154491,0.2056588647031354,1.0,0.25675675675675674,0.0,0.00035148709640964984,0.45602899639823774,0.4556775093018281,0.9117065057000658,0.00035148709640964984,0.037196923215675345,2134.0,-0.1021793790995143,-0.09147654406552913,-0.08514982951565368,0.0659687785415536,0.03574641717429107,0.25970259990323996,-0.39344765565529316,1.0,0.0,114,0.25675675675675674,0.6544452352285907,0.2056588647031354,0.01793238068470826,0.07864034617886774,0.18150245155003575,-0.04977693971038524,-1.2710430552622647
G33,G33__mom_255_0__top20__weekly__long_short,long_short,mom_255_0,20,weekly,base,5.0,0.03,True,,False,True,5,0,2134.0,0.3067527207208718,0.032098291365118437,0.1560693053060411,0.28092611011236146,0.10238826596100098,0.1368038689699632,-0.4133159504904096,1537.0,0.07766042255817376,0.31175379604698067,16.34559921841826,0.06439974950403754,7.0,28.0,4.0,8.0,1.0,0.9112764793154491,0.2056588647031354,1.0,0.25675675675675674,0.0,0.0003516058727802933,0.4560796748924692,0.45572806901968893,0.9118077439121581,0.0003516058727802933,0.10632871058128152,2134.0,-0.111109919805779,-0.09955571448081947,-0.0851689054763455,0.05704119372908192,0.02681813429115837,0.2597156904929994,-0.4278136588315751,1.0,0.0,114,0.25675675675675674,0.6544452352285907,0.2056588647031354,0.018669136625480538,0.06906375083252968,0.18082577212527973,-0.049786996461090305,-1.2716534337289929
G33,G33__mom_255_0__top20__weekly__long_short,long_short,mom_255_0,20,weekly,base,10.0,0.0,True,,False,True,5,0,2134.0,0.366629713292423,0.03757321490979382,0.15606363663141368,0.31483580475197154,0.1363013223759735,0.18233677695540684,-0.4091346359800727,1522.0,0.0918358203034755,0.3116983376828639,16.342691474536213,0.13173671542708332,7.0,28.0,4.0,8.0,1.0,0.9112764793154491,0.2056588647031354,1.0,0.25675675675675674,0.0,0.0003514268733892076,0.4560032866968916,0.4556518598235024,0.9116551465203939,0.0003514268733892076,0.0,2134.0,-0.10581944202197328,-0.0947791697847358,-0.08504060891730186,0.06231179146549869,0.03209247232960096,0.259694093389605,-0.40747727697918074,1.0,0.0,114,0.25675675675675674,0.6544452352285907,0.2056588647031354,0.018058081945351117,0.073891822157647,0.1808301853218066,-0.04977813615871682,-1.270734307871404
G33,G33__mom_255_0__top20__weekly__long_short,long_short,mom_255_0,20,weekly,base,10.0,0.01,True,,True,True,5,0,2134.0,0.315170853657198,0.03288121444207959,0.15607241152429818,0.2857843412989538,0.10725152496424367,0.14330381756164248,-0.4133178477075332,1536.0,0.07955430578295902,0.31171691672177215,16.343665594266934,0.1292023176669525,7.0,28.0,4.0,8.0,1.0,0.9112764793154491,0.2056588647031354,1.0,0.25675675675675674,0.0,0.00035148709640964984,0.45602899639823774,0.4556775093018281,0.9117065057000658,0.00035148709640964984,0.03590170804655837,2134.0,-0.11035081133093286,-0.09887266072852792,-0.0850503028561259,0.05778192426980422,0.027562250510913273,0.259700741257009,-0.4249152728514002,1.0,0.0,114,0.25675675675675674,0.6544452352285907,0.2056588647031354,0.018431598383795586,0.06903369935159007,0.18048717481855014,-0.04978323848378033,-1.2710430552622647
G33,G33__mom_255_0__top20__weekly__long_short,long_short,mom_255_0,20,weekly,base,10.0,0.03,True,,False,True,5,0,2134.0,0.21934818822689683,0.02369518516976865,0.15608977790253634,0.22853416176786762,0.050004886418885446,0.06665645820667823,-0.4214764824249999,1543.0,0.05621947168543411,0.31175379604698067,16.34559921841826,0.12439709290728557,7.0,28.0,4.0,8.0,1.0,0.9112764793154491,0.2056588647031354,1.0,0.25675675675675674,0.0,0.0003516058727802933,0.4560796748924692,0.45572806901968893,0.9118077439121581,0.0003516058727802933,0.1026741580549303,2134.0,-0.1192820160998549,-0.10688692413160349,-0.08506941060179136,0.04885368031987964,0.01863330756285891,0.25971388742432006,-0.45928239449503205,1.0,0.0,114,0.25675675675675674,0.6544452352285907,0.2056588647031354,0.019156342211710753,0.059458918216796046,0.1797927772385406,-0.049793229045576454,-1.2716534337289929
G33,G33__mom_255_0__top20__weekly__long_short,long_short,mom_255_0,20,weekly,base,20.0,0.0,True,,False,True,5,0,2134.0,0.1899078301521253,0.020744913779110474,0.15612860540073073,0.21003340821084668,0.03154336488395464,0.04200070902135906,-0.4254603245400932,1567.0,0.048758750422932984,0.3116983376828639,16.342691474536213,0.24573715127769621,7.0,28.0,4.0,8.0,1.0,0.9112764793154491,0.2056588647031354,1.0,0.25675675675675674,0.0,0.0003514268733892076,0.4560032866968916,0.4556518598235024,0.9116551465203939,0.0003514268733892076,0.0,2134.0,-0.12216163954182177,-0.1094608601962928,-0.08484152296612993,0.045938744808516084,0.01572480184116732,0.2597049157295955,-0.47038631979156065,1.0,0.0,114,0.25675675675675674,0.6544452352285907,0.2056588647031354,0.019040064947935274,0.054677678738950644,0.17878046932140168,-0.04978705672719996,-1.270734307871404
G33,G33__mom_255_0__top20__weekly__long_short,long_short,mom_255_0,20,weekly,base,20.0,0.01,True,,False,True,5,0,2134.0,0.14509377135582602,0.01612802143166192,0.15613746489377703,0.18099555336574102,0.0025074437366043906,0.003334730803191984,-0.4295287048432299,1571.0,0.037548180714833373,0.31171691672177215,16.343665594266934,0.24112371033343788,7.0,28.0,4.0,8.0,1.0,0.9112764793154491,0.2056588647031354,1.0,0.25675675675675674,0.0,0.00035148709640964984,0.45602899639823774,0.4556775093018281,0.9117065057000658,0.00035148709640964984,0.03348757542891071,2134.0,-0.12669367579377053,-0.113488823778733,-0.08485124953707,0.04140821572630487,0.01119391718415709,0.25971162100295286,-0.48782443890845406,1.0,0.0,114,0.25675675675675674,0.6544452352285907,0.2056588647031354,0.01940147831358592,0.04982351786575749,0.17841993620798813,-0.04979209201120957,-1.2710430552622647
G33,G33__mom_255_0__top20__weekly__long_short,long_short,mom_255_0,20,weekly,base,20.0,0.03,True,,False,True,5,0,2134.0,0.06164542952060548,0.00708903869562949,0.15615499778447334,0.12377224065548575,-0.054711801014987,-0.07259185452471233,-0.43746338694685216,1578.0,0.016204873155455053,0.31175379604698067,16.34559921841826,0.23237265749884284,7.0,28.0,4.0,8.0,1.0,0.9112764793154491,0.2056588647031354,1.0,0.25675675675675674,0.0,0.0003516058727802933,0.4560796748924692,0.45572806901968893,0.9118077439121581,0.0003516058727802933,0.09585954586715216,2134.0,-0.13562620868800698,-0.1213747978372712,-0.08487042085268318,0.03247865350147482,0.00226365410625969,0.25972488009458455,-0.5221918232809106,1.0,0.0,114,0.25675675675675674,0.6544452352285907,0.2056588647031354,0.02010263510767489,0.040256657693452796,0.17769221185402406,-0.04980195037026566,-1.2716534337289929
G33,G33__mom_255_0__top50__monthly__long_only,long_only,mom_255_0,50,monthly,base,0.0,0.0,True,,False,True,0,0,2134.0,2.2139225056269063,0.14782279641123552,0.20619136582406802,0.7722801362591933,0.637132814226154,0.87499342885811,-0.27522216283508083,579.0,0.5371035344265287,0.590098842183875,7.107732258432205,0.0,7.0,2.0,2.0,1.0,0.0,0.9317504232458806,0.22159931705557415,1.0,0.28431372549019607,0.0,0.9321469658944839,0.9321469658944839,0.0,0.9321469658944839,0.9321469658944839,0.0,2134.0,0.0042836334407367685,0.0014070234048197314,0.8507650911368644,0.027408159011799323,0.023254714395997685,0.12916220594551045,0.033164759066935584,1.0,1.0,29,0.28431372549019607,0.7599497645199935,0.22159931705557415,-0.02670447461633807,-0.04798342922139587,0.07847372290589849,-0.028320708131494676,-0.12139063358502522
G33,G33__mom_255_0__top50__monthly__long_only,long_only,mom_255_0,50,monthly,base,5.0,0.0,True,,True,True,0,0,2134.0,2.118625504683269,0.14375018577303855,0.2061635743509806,0.7551076542030378,0.6199417573654714,0.8507467268492928,-0.27966187985294644,589.0,0.514014229785719,0.590098842183875,7.107732258432205,0.04294581836357202,7.0,2.0,2.0,1.0,0.0,0.9317504232458806,0.22159931705557415,1.0,0.28431372549019607,0.0,0.9321469658944839,0.9321469658944839,0.0,0.9321469658944839,0.9321469658944839,0.0,2134.0,0.0007218303569388757,-0.002146086804731804,0.8506857777978517,0.023858645836241376,0.019702985397808986,0.12914045262313711,0.005589498428082409,1.0,1.0,29,0.28431372549019607,0.7599497645199935,0.22159931705557415,-0.026538672525041135,-0.04978404723332086,0.07813971804293834,-0.02833051650805951,-0.12139063358502522
G33,G33__mom_255_0__top50__monthly__long_only,long_only,mom_255_0,50,monthly,base,10.0,0.0,True,,False,True,0,0,2134.0,2.0261254037031864,0.13969074525406788,0.20614101006705496,0.7379118297567463,0.6027307813778412,0.8265118017870812,-0.28407598787180466,589.0,0.4917372506581102,0.590098842183875,7.107732258432205,0.0844107228373202,7.0,2.0,2.0,1.0,0.0,0.9317504232458806,0.22159931705557415,1.0,0.28431372549019607,0.0,0.9321469658944839,0.9321469658944839,0.0,0.9321469658944839,0.9321469658944839,0.0,2134.0,-0.0028399727268592924,-0.00568770686969427,0.8506064644588381,0.020309132660683293,0.01615125639962,0.12912704657128457,-0.02199363187085276,1.0,1.0,29,0.28431372549019607,0.7599497645199935,0.22159931705557415,-0.026373649093796026,-0.05158905601916686,0.07780674552597872,-0.028339815813205244,-0.12139063358502522
G33,G33__mom_255_0__top50__monthly__long_only,long_only,mom_255_0,50,monthly,base,20.0,0.0,True,,False,True,0,0,2134.0,1.8491932646300735,0.13161122064919395,0.20611156953601484,0.7034553377342254,0.5682542691110647,0.7780836036150003,-0.29282793068450064,590.0,0.44944900010578165,0.590098842183875,7.107732258432205,0.16308552375807567,7.0,2.0,2.0,1.0,0.0,0.9317504232458806,0.22159931705557415,1.0,0.28431372549019607,0.0,0.9321469658944839,0.9321469658944839,0.0,0.9321469658944839,0.9321469658944839,0.0,2134.0,-0.00996357889445505,-0.01273661085591057,0.8504478377808121,0.013210106309567538,0.009047798403242628,0.1291252850598896,-0.07716210570093879,1.0,1.0,29,0.28431372549019607,0.7599497645199935,0.22159931705557415,-0.02604592611576015,-0.05521075239476647,0.07714389561553686,-0.028356883658203158,-0.12139063358502522
G33,G33__mom_255_0__top50__monthly__long_short,long_short,mom_255_0,50,monthly,base,0.0,0.0,True,,False,True,1,0,2134.0,0.5405280826177905,0.052353254097549096,0.1220862769034039,0.4794757713317881,0.25130350054751344,0.33211864826326737,-0.31615076460061353,1203.0,0.16559584843543187,0.5929284424757086,7.141814754168516,0.0,15.0,32.0,7.0,1.0,1.0,0.9188828616731775,0.2334693349161757,1.0,0.21568627450980393,0.0,0.0007205809476073255,0.46000347759793664,0.45928289665032934,0.919286374248266,0.0007205809476073255,0.0,2134.0,-0.09641645086605782,-0.08188446592008516,-0.04290037627659153,0.06518499080062556,0.036136747666252814,0.2342793546167966,-0.41154480309954405,1.0,0.0,22,0.21568627450980393,0.6239114495756403,0.2334693349161757,0.0021243389674296953,0.036919409323475844,0.051226578370430154,-0.0334916825359905,-0.276910229480297
G33,G33__mom_255_0__top50__monthly__long_short,long_short,mom_255_0,50,monthly,base,0.0,0.01,True,,False,True,1,0,2134.0,0.48208700936608606,0.04755817461492762,0.12210924545163832,0.44200217430832645,0.21385771878183524,0.2822158859161321,-0.31931548046126257,1217.0,0.1489378922256702,0.593061567743917,7.143418246152598,0.0,15.0,32.0,7.0,1.0,1.0,0.9188828616731775,0.2334693349161757,1.0,0.21568627450980393,0.0,0.0007205092056512949,0.4601002473803285,0.4593797381746772,0.9194799855550058,0.0007205092056512949,0.03962064725185491,2134.0,-0.1009813106605704,-0.08606788716480568,-0.042913803735148325,0.06062221164268198,0.03157351310988247,0.2342934349869608,-0.4310035860210524,1.0,0.0,22,0.21568627450980393,0.6239114495756403,0.2334693349161757,0.002560373427041421,0.03158743627450733,0.052489624130729606,-0.03350309096385298,-0.27730467356435184
G33,G33__mom_255_0__top50__monthly__long_short,long_short,mom_255_0,50,monthly,base,0.0,0.03,True,,False,True,1,0,2134.0,0.37326173636076865,0.0381665397571449,0.12215463652633073,0.3681499486796152,0.14006087574069145,0.18429581707565637,-0.3255127769277063,1404.0,0.11725051199947636,0.5933266588946096,7.14661126533601,0.0,15.0,32.0,7.0,1.0,1.0,0.9188828616731775,0.2334693349161757,1.0,0.21568627450980393,0.0,0.0007203671758303329,0.46029111700568914,0.45957074982985874,0.9198618668355478,0.0007203671758303329,0.11322687344886204,2134.0,-0.10998263948519796,-0.09426152919495591,-0.04294026479668058,0.05162498306174876,0.02257538696452465,0.23432125340244803,-0.46936689646458224,1.0,0.0,22,0.21568627450980393,0.6239114495756403,0.2334693349161757,0.0034082392146784005,0.02107543451094876,0.054933609951596296,-0.03352552381866426,-0.2780886338464992
G33,G33__mom_255_0__top50__monthly__long_short,long_short,mom_255_0,50,monthly,base,5.0,0.0,True,,False,True,1,0,2134.0,0.4946335230624317,0.04860149579658968,0.1220787207559585,0.45023746605030657,0.22203947766615498,0.2930589200371689,-0.3188657242047277,1207.0,0.15241994390524424,0.5929284424757086,7.141814754168516,0.030927942597576665,15.0,32.0,7.0,1.0,1.0,0.9188828616731775,0.2334693349161757,1.0,0.21568627450980393,0.0,0.0007205809476073255,0.46000347759793664,0.45928289665032934,0.919286374248266,0.0007205809476073255,0.0,2134.0,-0.09998944876151794,-0.08515765157596003,-0.04296232624627049,0.06162159229225845,0.03257160609643117,0.23428515390938026,-0.42678525332507034,1.0,0.0,22,0.21568627450980393,0.6239114495756403,0.2334693349161757,0.0022616792482581805,0.03150762304500329,0.0514909282765017,-0.0334816684292082,-0.2769102294802961
G33,G33__mom_255_0__top50__monthly__long_short,long_short,mom_255_0,50,monthly,base,5.0,0.01,True,,True,True,1,0,2134.0,0.4379237278505763,0.04382267414223362,0.1221017216290682,0.41276093240560746,0.1845908841846494,0.24327471414786392,-0.3220185486798247,1373.0,0.13608742205035354,0.593061567743917,7.143418246152598,0.030342617204814168,15.0,32.0,7.0,1.0,1.0,0.9188828616731775,0.2334693349161757,1.0,0.21568627450980393,0.0,0.0007205092056512949,0.4601002473803285,0.4593797381746772,0.9194799855550058,0.0007205092056512949,0.03899160594026052,2134.0,-0.10455504218539954,-0.08932688883386528,-0.042975733173247745,0.05705807632349828,0.028007635285234714,0.23429924680920972,-0.4462457460246934,1.0,0.0,22,0.21568627450980393,0.6239114495756403,0.2334693349161757,0.0026956406260777166,0.026177165526659496,0.05274650302576711,-0.03349304792556741,-0.27730467356435184
G33,G33__mom_255_0__top50__monthly__long_short,long_short,mom_255_0,50,monthly,base,5.0,0.03,True,,False,True,1,0,2134.0,0.33232321528405473,0.03446287692453165,0.12214717577177114,0.33890287835366395,0.11078845770762835,0.14558736640260933,-0.32819255876918596,1461.0,0.10500809967714408,0.5933266588946096,7.14661126533601,0.0292319817202511,15.0,32.0,7.0,1.0,1.0,0.9188828616731775,0.2334693349161757,1.0,0.21568627450980393,0.0,0.0007203671758303329,0.46029111700568914,0.45957074982985874,0.9198618668355478,0.0007203671758303329,0.1114518623956872,2134.0,-0.11355783320151949,-0.09749275441935207,-0.04300215435325458,0.04805937937127625,0.019008041847282383,0.2343270896856132,-0.4846124848555721,1.0,0.0,22,0.21568627450980393,0.6239114495756403,0.2334693349161757,0.00353946668512585,0.01566821272100065,0.055175971646344524,-0.03351542379434297,-0.2780886338464992
G33,G33__mom_255_0__top50__monthly__long_short,long_short,mom_255_0,50,monthly,base,10.0,0.0,True,,False,True,1,0,2134.0,0.45009208051002836,0.04486190908948462,0.12208019273557955,0.4209644074504155,0.19275758025281403,0.25408124823625544,-0.32157082925692526,1369.0,0.13950864011250635,0.5929284424757086,7.141814754168516,0.0609120007216562,15.0,32.0,7.0,1.0,1.0,0.9188828616731775,0.2334693349161757,1.0,0.21568627450980393,0.0,0.0007205809476073255,0.46000347759793664,0.45928289665032934,0.919286374248266,0.0007205809476073255,0.0,2134.0,-0.10356244665697789,-0.08842021824115848,-0.04302427621594951,0.058058193783891515,0.029006464526609717,0.23429565729797364,-0.442016074268371,1.0,0.0,22,0.21568627450980393,0.6239114495756403,0.2334693349161757,0.0023980556051022214,0.02609137488947283,0.05175213752190572,-0.03347009537622164,-0.2769102294802961
G33,G33__mom_255_0__top50__monthly__long_short,long_short,mom_255_0,50,monthly,base,10.0,0.01,True,,False,True,1,0,2134.0,0.3950628073874858,0.04009929519441169,0.12210322825902842,0.3834877227306461,0.15530896197738447,0.20441833289201694,-0.32471180320524984,1401.0,0.12349195439952944,0.593061567743917,7.143418246152598,0.059765220651703144,15.0,32.0,7.0,1.0,1.0,0.9188828616731775,0.2334693349161757,1.0,0.21568627450980393,0.0,0.0007205092056512949,0.4601002473803285,0.4593797381746772,0.9194799855550058,0.0007205092056512949,0.03837557689751714,2134.0,-0.1081287737102286,-0.09257531519445374,-0.043037662611347186,0.05349394100431471,0.024441757460587066,0.2343097645409099,-0.4614778813084829,1.0,0.0,22,0.21568627450980393,0.6239114495756403,0.2334693349161757,0.0028299522567680896,0.020763675830266087,0.05300027840620586,-0.03348144586019469,-0.27730467356435184
G33,G33__mom_255_0__top50__monthly__long_short,long_short,mom_255_0,50,monthly,base,10.0,0.03,True,,False,True,1,0,2134.0,0.29259248901193446,0.030771237588363975,0.1221487501218808,0.30962933061341,0.08150644514629779,0.10696904831660306,-0.3308626069236209,1466.0,0.09300306817526667,0.5933266588946096,7.14661126533601,0.05758903737976411,15.0,32.0,7.0,1.0,1.0,0.9188828616731775,0.2334693349161757,1.0,0.21568627450980393,0.0,0.0007203671758303329,0.46029111700568914,0.45957074982985874,0.9198618668355478,0.0007203671758303329,0.1097133591100084,2134.0,-0.11713302691784103,-0.10071348985924275,-0.04306404390982857,0.04449377568080377,0.015440696730040131,0.23433763549234318,-0.4998472681169828,1.0,0.0,22,0.21568627450980393,0.6239114495756403,0.2334693349161757,0.0036697548866369764,0.010260221911278788,0.05541530217062568,-0.033503764583296305,-0.2780886338464992
G33,G33__mom_255_0__top50__monthly__long_short,long_short,mom_255_0,50,monthly,base,20.0,0.0,True,,False,True,1,0,2134.0,0.3649117765499337,0.03741910802437309,0.12211021776760106,0.3623400319345339,0.1341661757633644,0.176398300306782,-0.3269516057309594,1404.0,0.11444846077668258,0.5929284424757086,7.141814754168516,0.1181618381979259,15.0,32.0,7.0,1.0,1.0,0.9188828616731775,0.2334693349161757,1.0,0.21568627450980393,0.0,0.0007205809476073255,0.46000347759793664,0.45928289665032934,0.919286374248266,0.0007205809476073255,0.0,2134.0,-0.11070844244789821,-0.09491361886337232,-0.04314817615530747,0.05093139676715724,0.021876181386966384,0.2343307735496756,-0.4724451712887348,1.0,0.0,22,0.21568627450980393,0.6239114495756403,0.2334693349161757,0.0026679345333631907,0.0152577582924604,0.05226521279924362,-0.03344228048440134,-0.276910229480297
G33,G33__mom_255_0__top50__monthly__long_short,long_short,mom_255_0,50,monthly,base,20.0,0.01,True,,False,True,1,0,2134.0,0.31309712721086,0.03268875999602083,0.12213332953663426,0.3248714011481642,0.09672586777200246,0.12698623843689216,-0.33006900069152845,1462.0,0.09903614070856252,0.593061567743917,7.143418246152598,0.11596055795554634,15.0,32.0,7.0,1.0,1.0,0.9188828616731775,0.2334693349161757,1.0,0.21568627450980393,0.0,0.0007205092056512949,0.4601002473803285,0.4593797381746772,0.9194799855550058,0.0007205092056512949,0.037181380405452324,2134.0,-0.11527623675988681,-0.09904056576976865,-0.04316152148754605,0.046365670365947395,0.017310001811291647,0.2343449149146698,-0.49190841969778376,1.0,0.0,22,0.21568627450980393,0.6239114495756403,0.2334693349161757,0.003095726683455532,0.009939299583219055,0.05349859675172397,-0.03345357272924453,-0.27730467356435184
G33,G33__mom_255_0__top50__monthly__long_short,long_short,mom_255_0,50,monthly,base,20.0,0.03,True,,False,True,1,0,2134.0,0.21661439613710698,0.023423888614497512,0.12217900073460397,0.251028802973121,0.022939647812364843,0.03002925755744641,-0.33617363068662853,1521.0,0.06967794757326637,0.5933266588946096,7.14661126533601,0.11178250747427293,15.0,32.0,7.0,1.0,1.0,0.9188828616731775,0.2334693349161757,1.0,0.21568627450980393,0.0,0.0007203671758303329,0.46029111700568914,0.45957074982985874,0.9198618668355478,0.0007203671758303329,0.10634258881009861,2134.0,-0.12428341435048394,-0.10712361421714928,-0.04318782302297668,0.03736256829985894,0.008306006495555764,0.2343728528496876,-0.530280759223389,1.0,0.0,22,0.21568627450980393,0.6239114495756403,0.2334693349161757,0.003927531126497113,-0.0005458174004204577,0.05588494658797627,-0.03347577673772112,-0.2780886338464992
G33,G33__mom_255_0__top50__weekly__long_only,long_only,mom_255_0,50,weekly,base,0.0,0.0,True,,False,True,1,0,2134.0,1.5090095069037273,0.11474739812227641,0.1959458392064728,0.6528730295256229,0.5106545943673236,0.6911623992557576,-0.23052054213754836,576.0,0.4977751529571202,0.29201575272881153,15.310711593871256,0.0,9.0,4.0,3.0,2.0,0.0,0.9228182276669422,0.22656784550853457,1.0,0.33783783783783783,0.0,0.9234072169514603,0.9234072169514603,0.0,0.9234072169514603,0.9234072169514603,0.0,2134.0,-0.027026108987673214,-0.027449291569960045,0.7695751812413676,0.00867910673017351,0.0022617230386409214,0.13616893111779177,-0.19847485594415448,1.0,1.0,150,0.33783783783783783,0.7715419538941486,0.22656784550853457,-0.0335010545885332,-0.0854791473319032,0.12365489309791433,-0.0337378822687803,-0.46320811171922216
G33,G33__mom_255_0__top50__weekly__long_only,long_only,mom_255_0,50,weekly,base,5.0,0.0,True,,False,True,1,0,2134.0,1.3515041244312815,0.10624548835411218,0.1959559482566188,0.6137669264150667,0.47155511387680177,0.6371760588971224,-0.2405120154855187,589.0,0.44174711246602666,0.29201575272881153,15.310711593871256,0.07995591927859441,9.0,4.0,3.0,2.0,0.0,0.9228182276669422,0.22656784550853457,1.0,0.33783783783783783,0.0,0.9234072169514603,0.9234072169514603,0.0,0.9234072169514603,0.9234072169514603,0.0,2134.0,-0.034682582579128915,-0.034866701453101105,0.7695673527972204,0.0010238461863769778,-0.005393771809492326,0.13618559424666232,-0.2546714487019168,1.0,1.0,150,0.33783783783783783,0.7715419538941486,0.22656784550853457,-0.0329816279199481,-0.09021134239971634,0.1225237966847727,-0.0337369028959435,-0.46320811171922216
G33,G33__mom_255_0__top50__weekly__long_only,long_only,mom_255_0,50,weekly,base,10.0,0.0,True,,True,True,1,0,2134.0,1.203862554372737,0.09780702456031554,0.19597135888310147,0.5746493116370887,0.43244797732439305,0.583361715938003,-0.25037550711060275,589.0,0.39064134383204474,0.29201575272881153,15.310711593871256,0.15429661152254526,9.0,4.0,3.0,2.0,0.0,0.9228182276669422,0.22656784550853457,1.0,0.33783783783783783,0.0,0.9234072169514603,0.9234072169514603,0.0,0.9234072169514603,0.9234072169514603,0.0,2134.0,-0.042339056170584546,-0.042228758502565515,0.7695595243530735,-0.006631414357419542,-0.013049266657625465,0.1362098838168072,-0.3108368863123592,1.0,1.0,150,0.33783783783783783,0.7715419538941486,0.22656784550853457,-0.03246811164334806,-0.09494294319240154,0.12140075188181976,-0.03373540204140224,-0.46320811171922216
G33,G33__mom_255_0__top50__weekly__long_only,long_only,mom_255_0,50,weekly,base,20.0,0.0,True,,False,True,1,0,2134.0,0.9357443064925774,0.08111858576036135,0.196018079433295,0.496392269433287,0.3542234472217898,0.4762598726867932,-0.26972499264733274,613.0,0.30074552960104983,0.29201575272881153,15.310711593871256,0.2876127941804261,9.0,4.0,3.0,2.0,0.0,0.9228182276669422,0.22656784550853457,1.0,0.33783783783783783,0.0,0.9234072169514603,0.9234072169514603,0.0,0.9234072169514603,0.9234072169514603,0.0,2134.0,-0.057652003353496045,-0.05678842736102212,0.7695438674647795,-0.021941935445012745,-0.028360256353892013,0.13628132468934265,-0.42303671089869077,1.0,1.0,150,0.33783783783783783,0.7715419538941486,0.22656784550853457,-0.03145857687905425,-0.10440024791594793,0.11917875380557758,-0.0337308375477926,-0.46320811171922216
G33,G33__mom_255_0__top50__weekly__long_short,long_short,mom_255_0,50,weekly,base,0.0,0.0,True,,False,True,8,0,2134.0,0.3660955203776406,0.03752531364176903,0.11784061386870684,0.3718919675784477,0.13544326191631442,0.17929993464032445,-0.2934375521539845,1473.0,0.12788177029938289,0.27931128029084196,14.644601934949263,0.0,17.0,35.0,9.0,11.0,2.0,0.9088741313920572,0.21605563312589263,1.0,0.24324324324324326,0.0,7.714572466533114e-06,0.45455705438772154,0.45454933981525497,0.9091063942029765,7.714572466533114e-06,0.0,2134.0,-0.11112988490105817,-0.09482096078799748,-0.07982686542263993,0.05619345889303219,0.02611217806142747,0.23788150192126395,-0.4671648867335675,1.0,0.0,108,0.24324324324324326,0.625371429056235,0.21605563312589263,0.01575810136683313,0.09745678372636413,0.16340410642513303,-0.03802534354281856,-1.0470161325768856
G33,G33__mom_255_0__top50__weekly__long_short,long_short,mom_255_0,50,weekly,base,0.0,0.01,True,,False,True,8,0,2134.0,0.31478207248174717,0.03284515357414719,0.11784692517056324,0.33351009172788443,0.09706057291622143,0.1282912334136103,-0.3019753756953554,1489.0,0.10876765530472482,0.27932750417859825,14.645452571478446,0.0,17.0,35.0,9.0,11.0,2.0,0.9088741313920572,0.21605563312589263,1.0,0.24324324324324326,0.0,7.733246564324388e-06,0.45458288026229376,0.45457514701572943,0.9091580272780232,7.733246564324388e-06,0.03789972345178372,2134.0,-0.11565072382986,-0.09890412168794684,-0.07983446654425634,0.051673797787385324,0.02159221842661328,0.23788580502868012,-0.4861606761946845,1.0,0.0,108,0.24324324324324326,0.625371429056235,0.21605563312589263,0.01615514017527579,0.09103341080109413,0.16266567614406302,-0.03802978542400097,-1.0473360180313023
G33,G33__mom_255_0__top50__weekly__long_short,long_short,mom_255_0,50,weekly,base,0.0,0.03,True,,False,True,8,0,2134.0,0.21921673370663264,0.023682152145015678,0.1178594572355053,0.25787228800219936,0.02142176743614215,0.02822876543543598,-0.3185027189938481,1539.0,0.0743546310054361,0.27935981658326203,14.647146746892233,0.0,17.0,35.0,9.0,11.0,2.0,0.9088741313920572,0.21605563312589263,1.0,0.24324324324324326,0.0,7.770090937053044e-06,0.45463378803617904,0.45462601794524204,0.9092598059814211,7.770090937053044e-06,0.10840866810255331,2134.0,-0.12456117475332654,-0.10689829466942867,-0.07984944995914847,0.042765668601932046,0.012683500784884736,0.2378943327856446,-0.5235987477917886,1.0,0.0,108,0.24324324324324326,0.625371429056235,0.21605563312589263,0.016925768492305277,0.07837305631433295,0.16118492199107332,-0.038038451362522194,-1.0479683008920428
G33,G33__mom_255_0__top50__weekly__long_short,long_short,mom_255_0,50,weekly,base,5.0,0.0,True,,False,True,8,0,2134.0,0.2839541979142508,0.02995537329152409,0.11785058884776752,0.3097285130119283,0.073278129722064,0.09673990266321678,-0.30718333366167794,1522.0,0.09751627125876561,0.27931128029084196,14.644601934949263,0.06052123690777198,17.0,35.0,9.0,11.0,2.0,0.9088741313920572,0.21605563312589263,1.0,0.24324324324324326,0.0,7.714572466533114e-06,0.45455705438772154,0.45454933981525497,0.9091063942029765,7.714572466533114e-06,0.0,2134.0,-0.11845217501194451,-0.1014252828638386,-0.07974902323926407,0.0488591068351544,0.01877989765400524,0.23787439396408727,-0.4979610164758956,1.0,0.0,108,0.24324324324324326,0.625371429056235,0.21605563312589263,0.01617405675248959,0.08562291412798011,0.16186249364087346,-0.03803644513035369,-1.0470161325768856
G33,G33__mom_255_0__top50__weekly__long_short,long_short,mom_255_0,50,weekly,base,5.0,0.01,True,,False,True,8,0,2134.0,0.23572170098161727,0.025308924214839212,0.11785694693699776,0.2713506600786612,0.034899752561467774,0.04600293847455387,-0.3155557806729252,1537.0,0.08020428008280416,0.27932750417859825,14.645452571478446,0.05939125348209748,17.0,35.0,9.0,11.0,2.0,0.9088741313920572,0.21605563312589263,1.0,0.24324324324324326,0.0,7.733246564324388e-06,0.45458288026229376,0.45457514701572943,0.9091580272780232,7.733246564324388e-06,0.03671719262342009,2134.0,-0.12297330230713356,-0.10547903293208301,-0.07975663884452563,0.04433915960741705,0.014259651473666876,0.23787872288751483,-0.5169579725938065,1.0,0.0,108,0.24324324324324326,0.625371429056235,0.21605563312589263,0.016565714821359413,0.07919881497007827,0.161115304976299,-0.03804085016996693,-1.0473360180312987
G33,G33__mom_255_0__top50__weekly__long_short,long_short,mom_255_0,50,weekly,base,5.0,0.03,True,,False,True,8,0,2134.0,0.14589466821736297,0.016211920316759665,0.11786957101004543,0.19572084710110854,-0.04073049326324486,-0.053526204265947674,-0.33176297918980746,1570.0,0.04886597159318532,0.27935981658326203,14.647146746892233,0.0572467664477399,17.0,35.0,9.0,11.0,2.0,0.9088741313920572,0.21605563312589263,1.0,0.24324324324324326,0.0,7.770090937053044e-06,0.45463378803617904,0.45462601794524204,0.9092598059814211,7.770090937053044e-06,0.10506925141575447,2134.0,-0.1318843303678133,-0.11341562699865876,-0.07977165082168454,0.03543045771058415,0.005350360285338035,0.23788730143605788,-0.5543983624668706,1.0,0.0,108,0.24324324324324326,0.625371429056235,0.21605563312589263,0.017325858084876966,0.06653714301163503,0.15961871983434306,-0.03804944345166088,-1.0479683008920428
G33,G33__mom_255_0__top50__weekly__long_short,long_short,mom_255_0,50,weekly,base,10.0,0.0,True,,False,True,8,0,2134.0,0.2067397257151229,0.02243944500856676,0.11786887108873167,0.24755813185439177,0.011122997949911199,0.014644282984571365,-0.3206638514120843,1540.0,0.06997809360098368,0.27931128029084196,14.644601934949263,0.11735271207602843,17.0,35.0,9.0,11.0,2.0,0.9088741313920572,0.21605563312589263,1.0,0.24324324324324326,0.0,7.714572466533114e-06,0.45455705438772154,0.45454933981525497,0.9091063942029765,7.714572466533114e-06,0.0,2134.0,-0.1257744651228311,-0.10798248262802934,-0.07967118105588829,0.04152475477727633,0.011447617246582715,0.23787140247705674,-0.5287498363110814,1.0,0.0,108,0.24324324324324326,0.625371429056235,0.21605563312589263,0.01658294122643936,0.07378268182745851,0.1603139831396847,-0.038046158331047825,-1.0470161325768856
G33,G33__mom_255_0__top50__weekly__long_short,long_short,mom_255_0,50,weekly,base,10.0,0.01,True,,True,True,8,0,2134.0,0.16140365074722962,0.01782646949453026,0.11787527624171472,0.20918705478469224,-0.0272483129771023,-0.03581941120372881,-0.32887409942192836,1545.0,0.0542045406611964,0.27932750417859825,14.645452571478446,0.11518527948843707,17.0,35.0,9.0,11.0,2.0,0.9088741313920572,0.21605563312589263,1.0,0.24324324324324326,0.0,7.733246564324388e-06,0.45458288026229376,0.45457514701572943,0.9091580272780232,7.733246564324388e-06,0.03558354445000171,2134.0,-0.13029588078440738,-0.11200702900661058,-0.07967881114479462,0.037004521427448527,0.006927084520720229,0.23787575750723988,-0.5477476231702246,1.0,0.0,108,0.24324324324324326,0.625371429056235,0.21605563312589263,0.01696927561959836,0.06735918822969961,0.15955871719104803,-0.038050526537738785,-1.0473360180312987
G33,G33__mom_255_0__top50__weekly__long_short,long_short,mom_255_0,50,weekly,base,10.0,0.03,True,,False,True,8,0,2134.0,0.07697121315820743,0.008794998327775305,0.11788799287895035,0.13357065708304913,-0.10286457185977999,-0.13481226880450659,-0.3447673046199071,1578.0,0.02550995471415556,0.27935981658326203,14.647146746892233,0.11107108561586387,17.0,35.0,9.0,11.0,2.0,0.9088741313920572,0.21605563312589263,1.0,0.24324324324324326,0.0,7.770090937053044e-06,0.45463378803617904,0.45462601794524204,0.9092598059814211,7.770090937053044e-06,0.10186703011321484,2134.0,-0.13920748598230046,-0.11988644966835756,-0.0796938516842204,0.028095246819235847,-0.0019827802142090597,0.2378843874284812,-0.5851896691797503,1.0,0.0,108,0.24324324324324326,0.625371429056235,0.21605563312589263,0.017719045190095706,0.05469882309798091,0.1580475951956637,-0.03805904718298156,-1.0479683008920393
G33,G33__mom_255_0__top50__weekly__long_short,long_short,mom_255_0,50,weekly,base,20.0,0.0,True,,False,True,8,0,2134.0,0.06592979524286946,0.007568120269434875,0.1179303401467533,0.12324917651091809,-0.11310472860796207,-0.14810747160121904,-0.34684930947583625,1578.0,0.021819620401931687,0.27931128029084196,14.644601934949263,0.2208345152549106,17.0,35.0,9.0,11.0,2.0,0.9088741313920572,0.21605563312589263,1.0,0.24324324324324326,0.0,7.714572466533114e-06,0.45455705438772154,0.45454933981525497,0.9091063942029765,7.714572466533114e-06,0.0,2134.0,-0.14041904534460387,-0.12095682769911688,-0.07951549668913656,0.026856050661520674,-0.003216943568261821,0.23787776932093932,-0.5902991513055331,1.0,0.0,108,0.24324324324324326,0.625371429056235,0.21605563312589263,0.017379818016384573,0.05010892510813124,0.1572000175745707,-0.03806142096033499,-1.0470161325768856
G33,G33__mom_255_0__top50__weekly__long_short,long_short,mom_255_0,50,weekly,base,20.0,0.01,True,,False,True,8,0,2134.0,0.025876419142938367,0.0030213861228522987,0.1179368402169139,0.08489989129752107,-0.15145366334613566,-0.19802039884637673,-0.3547444509809382,1578.0,0.008517077897899662,0.27932750417859825,14.645452571478446,0.21684476380849593,17.0,35.0,9.0,11.0,2.0,0.9088741313920572,0.21605563312589263,1.0,0.24324324324324326,0.0,7.733246564324388e-06,0.45458288026229376,0.45457514701572943,0.9091580272780232,7.733246564324388e-06,0.03345399795131436,2134.0,-0.14494103773895456,-0.12492358243005437,-0.07952315574533306,0.0223352450675119,-0.007738049385172637,0.2378821774314509,-0.6092975913705069,1.0,0.0,108,0.24324324324324326,0.625371429056235,0.21605563312589263,0.0177556741128753,0.04369062942870544,0.15643054387236466,-0.0380657155615481,-1.0473360180312987
G33,G33__mom_255_0__top50__weekly__long_short,long_short,mom_255_0,50,weekly,base,20.0,0.03,True,,False,True,8,0,2134.0,-0.0487170385382838,-0.005880401203572139,0.11794974357314758,0.00932656069224133,-0.22702570500157868,-0.29593251068563053,-0.37002765718323294,1578.0,-0.015891788328298496,0.27935981658326203,14.647146746892233,0.20926836050147687,17.0,35.0,9.0,11.0,2.0,0.9088741313920572,0.21605563312589263,1.0,0.24324324324324326,0.0,7.770090937053044e-06,0.45463378803617904,0.45462601794524204,0.9092598059814211,7.770090937053044e-06,0.09584928798417602,2134.0,-0.15385379721127443,-0.1326898616653243,-0.0795382534092924,0.0134248250365396,-0.01664906121330291,0.2378909118307901,-0.6467409621797969,1.0,0.0,108,0.24324324324324326,0.625371429056235,0.21605563312589263,0.018485026205672262,0.031040733693640438,0.15489404587906275,-0.03807409106280002,-1.0479683008920428
G33,G33__mom_255_21__top10__monthly__long_only,long_only,mom_255_21,10,monthly,base,0.0,0.0,True,,False,True,0,0,2134.0,2.865371167629454,0.17311420065685224,0.30332886106737217,0.6791024659239294,0.5872438362641048,0.8102747882994922,-0.4131853133997535,841.0,0.4189747191942556,0.7198478984015281,8.67055781654774,0.0,0.0,0.0,0.0,0.0,0.0,0.9173173905178189,0.26096228276974426,1.0,0.35294117647058826,0.0,0.918291479743607,0.918291479743607,0.0,0.918291479743607,0.918291479743607,0.0,2134.0,0.051037514883405764,0.023472267205969625,1.0877733915321488,0.037436688827314976,0.03989695877547179,0.22073055843897965,0.231220884160065,1.0,1.0,36,0.35294117647058826,0.7657326064671547,0.26096228276974426,-0.031492541552227776,-0.04315286048736855,0.07458957189777327,-0.04434375649417621,-0.43646511701568613
G33,G33__mom_255_21__top10__monthly__long_only,long_only,mom_255_21,10,monthly,base,5.0,0.0,True,,True,True,0,0,2134.0,2.726010128434315,0.16803840029000683,0.30331739771461713,0.6648141911236873,0.5729517710224843,0.79007841782392,-0.4181758123854695,844.0,0.40183672826851835,0.7198478984015281,8.67055781654774,0.04563176609132597,0.0,0.0,0.0,0.0,0.0,0.9173173905178189,0.26096228276974426,1.0,0.35294117647058826,0.0,0.918291479743607,0.918291479743607,0.0,0.918291479743607,0.918291479743607,0.0,2134.0,0.046695847762041276,0.019043933710021065,1.0877084544647186,0.03310508395537819,0.035563607542218094,0.2207256385247561,0.21155606604714375,1.0,1.0,36,0.35294117647058826,0.7657326064671547,0.26096228276974426,-0.031094439856021283,-0.04433886338505877,0.07422160047267995,-0.04435411793535027,-0.43646511701568613
G33,G33__mom_255_21__top10__monthly__long_only,long_only,mom_255_21,10,monthly,base,10.0,0.0,True,,False,True,0,0,2134.0,2.591619831381565,0.1629825067913524,0.30331152343138773,0.650512849171897,0.5586483247048388,0.7698927255901943,-0.42312602938215904,849.0,0.3851866712840534,0.7198478984015281,8.67055781654774,0.08937408128192026,0.0,0.0,0.0,0.0,0.0,0.9173173905178189,0.26096228276974426,1.0,0.35294117647058826,0.0,0.918291479743607,0.918291479743607,0.0,0.918291479743607,0.918291479743607,0.0,2134.0,0.04235418064067696,0.014632967770880296,1.0876435173972887,0.028773479083441533,0.031230256308964564,0.22072839931803698,0.191883694039981,1.0,1.0,36,0.35294117647058826,0.7657326064671547,0.26096228276974426,-0.030698952794712298,-0.0455267230565537,0.07385435689739828,-0.044364319447750045,-0.43646511701568613
G33,G33__mom_255_21__top10__monthly__long_only,long_only,mom_255_21,10,monthly,base,20.0,0.0,True,,False,True,0,0,2134.0,2.337056052556612,0.15293015987891323,0.3033165430634561,0.6218741224801251,0.5300104486207539,0.729556542188588,-0.43290684648868005,999.0,0.3532634355851246,0.7198478984015281,8.67055781654774,0.17148163007134284,0.0,0.0,0.0,0.0,0.0,0.9173173905178189,0.26096228276974426,1.0,0.35294117647058826,0.0,0.918291479743607,0.918291479743607,0.0,0.918291479743607,0.918291479743607,0.0,2134.0,0.03367084639794818,0.005862893826284806,1.0875136432624293,0.020110269339567985,0.02256355384245726,0.22075696107275486,0.15252450583812524,1.0,1.0,36,0.35294117647058826,0.7657326064671547,0.26096228276974426,-0.029915770602461284,-0.04790731455593944,0.07312210218418458,-0.04438424063115237,-0.43646511701568613
G33,G33__mom_255_21__top10__monthly__long_short,long_short,mom_255_21,10,monthly,base,0.0,0.0,True,,False,True,0,0,2134.0,0.5073094639771947,0.049647765177934344,0.18719797563995036,0.35302142490532695,0.20419712585404787,0.2765235815670369,-0.40913591725774234,1477.0,0.12134785308193283,0.7373510385385584,8.881382893437257,0.0,4.0,27.0,3.0,0.0,0.0,0.9248050980913953,0.23774131886604263,1.0,0.2549019607843137,0.0,0.0002503668219625285,0.4648121150231231,0.46456174820116053,0.9293738632242837,0.0002503668219625285,0.0,2134.0,-0.08886896655353571,-0.08424484385848933,0.020377803920903558,0.0629272766698715,0.03565179034716357,0.2652635179486858,-0.3350214429815678,1.0,0.0,26,0.2549019607843137,0.7050046155893205,0.23774131886604263,-0.008091171048520258,-0.034666990975860235,0.02423678035682547,-0.04473477612700383,-0.5457709357157334
G33,G33__mom_255_21__top10__monthly__long_short,long_short,mom_255_21,10,monthly,base,0.0,0.01,True,,False,True,0,0,2134.0,0.4494871384765504,0.04481042617692266,0.18723398095592117,0.32831631367373876,0.1795145902547354,0.2428493410465448,-0.415068057138653,1511.0,0.10795922597809975,0.73752289803479,8.883452938653347,0.0,4.0,27.0,3.0,0.0,0.0,0.9248050980913953,0.23774131886604263,1.0,0.2549019607843137,0.0,0.00024994700448511615,0.46490898787655305,0.46465904087206794,0.9295680287486209,0.00024994700448511615,0.03548516005521211,2134.0,-0.09348189223143662,-0.08846513401594999,0.020368345825109532,0.058315816560447216,0.031039994883521844,0.265290241121727,-0.35237591792358075,1.0,0.0,26,0.2549019607843137,0.7050046155893205,0.23774131886604263,-0.007644470301922945,-0.03775498490744961,0.02532967747119208,-0.04474802601499642,-0.5460893501279571
G33,G33__mom_255_21__top10__monthly__long_short,long_short,mom_255_21,10,monthly,base,0.0,0.03,True,,False,True,0,0,2134.0,0.3418848278713351,0.03533679800921097,0.18730505227669536,0.27962891413866525,0.13087183899307395,0.17668744810813883,-0.4265915779124356,1525.0,0.08283519844000385,0.7378642184653685,8.887564138441347,0.0,4.0,27.0,3.0,0.0,0.0,0.9248050980913953,0.23774131886604263,1.0,0.2549019607843137,0.0,0.0002491179809164455,0.4651000579100644,0.464850939929148,0.9299509978392124,0.0002491179809164455,0.10147253290103672,2134.0,-0.10257795427252542,-0.09673031032533817,0.02034971884138756,0.04922264084243572,0.02194615850497025,0.26534299085818785,-0.38658625931953877,1.0,0.0,26,0.2549019607843137,0.7050046155893205,0.23774131886604263,-0.006775267916304131,-0.043841734818928946,0.02740566053662269,-0.044774125593091435,-0.5467235630052816
G33,G33__mom_255_21__top10__monthly__long_short,long_short,mom_255_21,10,monthly,base,5.0,0.0,True,,False,True,0,0,2134.0,0.4516687851638874,0.044996003803354556,0.18719440743779822,0.3292948708082443,0.18046206013564922,0.2441123140948469,-0.4155092047513165,1478.0,0.10829123227314495,0.7373510385385584,8.881382893437257,0.03401328201868007,4.0,27.0,3.0,0.0,0.0,0.9248050980913953,0.23774131886604263,1.0,0.2549019607843137,0.0,0.0002503668219625285,0.4648121150231231,0.46456174820116053,0.9293738632242837,0.0002503668219625285,0.0,2134.0,-0.09331170444008806,-0.08830322859023813,0.020356954479552894,0.0584877694847906,0.031211719869488005,0.26526389407247003,-0.35176933810145805,1.0,0.0,26,0.2549019607843137,0.7050046155893205,0.23774131886604263,-0.007767878248449746,-0.03806841851968018,0.025021699335288416,-0.04472207892112717,-0.5457709357157334
G33,G33__mom_255_21__top10__monthly__long_short,long_short,mom_255_21,10,monthly,base,5.0,0.01,True,,True,True,0,0,2134.0,0.395968666934146,0.04017902555266084,0.18723042139034418,0.30458874969440797,0.15577853470614414,0.2105067908782338,-0.42137878799700934,1525.0,0.09535132450223385,0.73752289803479,8.883452938653347,0.03338730491484473,4.0,27.0,3.0,0.0,0.0,0.9248050980913953,0.23774131886604263,1.0,0.2549019607843137,0.0,0.00024994700448511615,0.46490898787655305,0.46465904087206794,0.9295680287486209,0.00024994700448511615,0.03480044303240058,2134.0,-0.0979255826973016,-0.09250575520577096,0.02034754971167435,0.05387534853268719,0.026598965026328608,0.26529061541673904,-0.3691256946404701,1.0,0.0,26,0.2549019607843137,0.7050046155893205,0.23774131886604263,-0.007324418603941757,-0.041155439424268164,0.026090547836432054,-0.04473531323789143,-0.5460893501279589
G33,G33__mom_255_21__top10__monthly__long_short,long_short,mom_255_21,10,monthly,base,5.0,0.03,True,,False,True,0,0,2134.0,0.29231678115800697,0.03074527208308342,0.18730150891189026,0.25589929901066755,0.10713377117362304,0.1444798834093701,-0.4327807491137997,1527.0,0.07104121924563458,0.7378642184653685,8.887564138441347,0.032199323620173845,4.0,27.0,3.0,0.0,0.0,0.9248050980913953,0.23774131886604263,1.0,0.2549019607843137,0.0,0.0002491179809164455,0.4651000579100644,0.464850939929148,0.9299509978392124,0.0002491179809164455,0.09954066534462465,2134.0,-0.10702353781915065,-0.10073614321604636,0.020329028333761465,0.044780263369887406,0.01750322209945391,0.26534336090604527,-0.40333979886930865,1.0,0.0,26,0.2549019607843137,0.7050046155893205,0.23774131886604263,-0.006461539020558682,-0.04724025895433327,0.028120360791182963,-0.04476138189364573,-0.5467235630052816
G33,G33__mom_255_21__top10__monthly__long_short,long_short,mom_255_21,10,monthly,base,10.0,0.0,True,,False,True,0,0,2134.0,0.39806085431676896,0.04036299778837216,0.1871999726810133,0.3055525036008966,0.15671843176809655,0.2117614286526993,-0.42181642996360846,1524.0,0.0956885387130473,0.7373510385385584,8.881382893437257,0.06677874115244471,4.0,27.0,3.0,0.0,0.0,0.9248050980913953,0.23774131886604263,1.0,0.2549019607843137,0.0,0.0002503668219625285,0.4648121150231231,0.46456174820116053,0.9293738632242837,0.0002503668219625285,0.0,2134.0,-0.0977544423266406,-0.09234525038784115,0.02033610503820206,0.05404826229970953,0.02677164939181227,0.2652707155830799,-0.36850823172007835,1.0,0.0,26,0.2549019607843137,0.7050046155893205,0.23774131886604263,-0.007447134336506546,-0.04146846819884395,0.02578562643715121,-0.044708512422690194,-0.5457709357157334
G33,G33__mom_255_21__top10__monthly__long_short,long_short,mom_255_21,10,monthly,base,10.0,0.01,True,,False,True,0,0,2134.0,0.3444058588812666,0.03556630251223236,0.18723599757120574,0.2808465795696098,0.13203512340540915,0.17822600872307232,-0.4276240902641335,1525.0,0.0831718869960387,0.73752289803479,8.883452938653347,0.06555816410973499,4.0,27.0,3.0,0.0,0.0,0.9248050980913953,0.23774131886604263,1.0,0.2549019607843137,0.0,0.00024994700448511615,0.46490898787655305,0.46465904087206794,0.9295680287486209,0.00024994700448511615,0.03413324207596179,2134.0,-0.10236927316316677,-0.09653008131616712,0.02032675359823911,0.049434880504927,0.022157935169135185,0.26529743731335825,-0.38586604604948543,1.0,0.0,26,0.2549019607843137,0.7050046155893205,0.23774131886604263,-0.007006897799121038,-0.04455407771099196,0.026830819931472683,-0.04472173126202855,-0.5460893501279589
G33,G33__mom_255_21__top10__monthly__long_short,long_short,mom_255_21,10,monthly,base,10.0,0.03,True,,False,True,0,0,2134.0,0.24456086465105398,0.02617227143327372,0.18730710588518634,0.23215745650473543,0.0833907262590156,0.11233680329313678,-0.4389057235077197,1541.0,0.05963073624127252,0.7378642184653685,8.887564138441347,0.06324146114376807,4.0,27.0,3.0,0.0,0.0,0.9248050980913953,0.23774131886604263,1.0,0.2549019607843137,0.0,0.0002491179809164455,0.4651000579100644,0.464850939929148,0.9299509978392124,0.0002491179809164455,0.09765792169362134,2134.0,-0.11146912136577564,-0.10472581390656763,0.020308337826135378,0.04033788589733933,0.013060285693937822,0.265350182962781,-0.4200830770914174,1.0,0.0,26,0.2549019607843137,0.7050046155893205,0.23774131886604263,-0.006150305877805781,-0.0506361028654425,0.028815221447373862,-0.04474776918151466,-0.5467235630052834
G33,G33__mom_255_21__top10__monthly__long_short,long_short,mom_255_21,10,monthly,base,20.0,0.0,True,,False,True,0,0,2134.0,0.2966519026517058,0.03115297914340376,0.18723849890931046,0.2580342442127743,0.10921940049202286,0.14725696580656644,-0.4342353160544079,1527.0,0.07174215912807151,0.7373510385385584,8.881382893437257,0.12874988581258895,4.0,27.0,3.0,0.0,0.0,0.9248050980913953,0.23774131886604263,1.0,0.2549019607843137,0.0,0.0002503668219625285,0.4648121150231231,0.46456174820116053,0.9293738632242837,0.0002503668219625285,0.0,2134.0,-0.10663991809974536,-0.10038044308970905,0.020294406155500638,0.04516924792954767,0.01789150843646107,0.26530369230632433,-0.40195414233668875,1.0,0.0,26,0.2549019607843137,0.7050046155893205,0.23774131886604263,-0.006813236617086542,-0.04825921853048884,0.027251942643998106,-0.044678778680320136,-0.5457709357157334
G33,G33__mom_255_21__top10__monthly__long_short,long_short,mom_255_21,10,monthly,base,20.0,0.01,True,,False,True,0,0,2134.0,0.2468668836360226,0.026396617557585822,0.18727455257099765,0.23333233457803004,0.08454014625503765,0.11386601642813168,-0.4399210069591838,1538.0,0.06000308496301228,0.73752289803479,8.883452938653347,0.12642904183440726,4.0,27.0,3.0,0.0,0.0,0.9248050980913953,0.23774131886604263,1.0,0.2549019607843137,0.0,0.00024994700448511615,0.46490898787655305,0.46465904087206794,0.9295680287486209,0.00024994700448511615,0.03284942795733682,2134.0,-0.1112566540948968,-0.10453008527557851,0.020285161371368626,0.04055394444940692,0.013275875454748657,0.2653304214520961,-0.41931359957148207,1.0,0.0,26,0.2549019607843137,0.7050046155893205,0.23774131886604263,-0.006379392639737677,-0.051340692445310546,0.028250984809177093,-0.04469196685510815,-0.5460893501279571
G33,G33__mom_255_21__top10__monthly__long_short,long_short,mom_255_21,10,monthly,base,20.0,0.03,True,,False,True,0,0,2134.0,0.1542255316666028,0.01708157642950714,0.18734571623142585,0.1846510018493535,0.035903616577812214,0.04826057810167689,-0.452292959036691,2042.0,0.03776662025844502,0.7378642184653685,8.887564138441347,0.12202288185586362,4.0,27.0,3.0,0.0,0.0,0.9248050980913953,0.23774131886604263,1.0,0.2549019607843137,0.0,0.0002491179809164455,0.4651000579100644,0.464850939929148,0.9299509978392124,0.0002491179809164455,0.09403432557255903,2134.0,-0.12036028845902622,-0.11265690383862474,0.02026695681088317,0.031453130952242635,0.004174412882905063,0.2653831806420051,-0.4535339736597289,1.0,0.0,26,0.2549019607843137,0.7050046155893205,0.23774131886604263,-0.00553527126812936,-0.05741454135286149,0.03859048649064051,-0.044717943877830346,-0.5467235630052816
G33,G33__mom_255_21__top10__weekly__long_only,long_only,mom_255_21,10,weekly,base,0.0,0.0,True,,False,True,0,0,2134.0,1.9501404346823104,0.1362733721499534,0.2917239982894328,0.5848046718468015,0.48928934818011605,0.6693773109668804,-0.4078456023352157,1198.0,0.3341298064014622,0.3619514629075854,18.977518876196775,0.0,0.0,0.0,0.0,0.0,0.0,0.913853561767187,0.24643603961273067,1.0,0.3761261261261261,0.0,0.914558548209511,0.914558548209511,0.0,0.914558548209511,0.914558548209511,0.0,2134.0,0.015647694436144954,-0.008669161357924986,1.0023530542885033,0.015283079585108331,0.015362107854530552,0.2193336070169813,0.07134198287694907,1.0,1.0,167,0.3761261261261261,0.770963960626533,0.24643603961273067,-0.05671488068635591,-0.11396145731403451,0.12053470521541088,-0.0544540796573138,-1.0307584009065636
G33,G33__mom_255_21__top10__weekly__long_only,long_only,mom_255_21,10,weekly,base,5.0,0.0,True,,False,True,0,0,2134.0,1.7223362619678824,0.12554132723213618,0.2917636889469555,0.5522296882321786,0.4567262896964277,0.6239642956401142,-0.42077054456928886,1476.0,0.2983605408041178,0.3619514629075854,18.977518876196775,0.0833781562876697,0.0,0.0,0.0,0.0,0.0,0.913853561767187,0.24643603961273067,1.0,0.3761261261261261,0.0,0.914558548209511,0.914558548209511,0.0,0.914558548209511,0.914558548209511,0.0,2134.0,0.0061667083313038905,-0.01803223132813372,1.0023727526983133,0.005799041135579089,0.005878619046741701,0.2193830884384115,0.028109314966796545,1.0,1.0,167,0.3761261261261261,0.770963960626533,0.24643603961273067,-0.055570174324418325,-0.1175879505010674,0.11691686788050548,-0.0544482278509929,-1.0307584009065636
G33,G33__mom_255_21__top10__weekly__long_only,long_only,mom_255_21,10,weekly,base,10.0,0.0,True,,True,True,0,0,2134.0,1.5120768629101344,0.11490824419643841,0.2918095208059597,0.5196526297736543,0.4241631626462811,0.5786779576085147,-0.4334163337264765,1483.0,0.265122089904797,0.3619514629075854,18.977518876196775,0.15951686738851667,0.0,0.0,0.0,0.0,0.0,0.913853561767187,0.24643603961273067,1.0,0.3761261261261261,0.0,0.914558548209511,0.914558548209511,0.0,0.914558548209511,0.914558548209511,0.0,2134.0,-0.003314277773536821,-0.02730896295054648,1.0023924511081233,-0.003684997313949825,-0.0036048697610468225,0.21944073243948456,-0.01510329343459881,1.0,1.0,167,0.3761261261261261,0.770963960626533,0.24643603961273067,-0.054441908840452385,-0.1212109516981909,0.11339679615357401,-0.05444207989093164,-1.0307584009065636
G33,G33__mom_255_21__top10__weekly__long_only,long_only,mom_255_21,10,weekly,base,20.0,0.0,True,,False,True,0,0,2134.0,1.138904774521047,0.0939354093015925,0.2919195961706851,0.45450053511497845,0.35904493871656196,0.48849289520270467,-0.4578941883273395,1521.0,0.20514654192212617,0.3619514629075854,18.977518876196775,0.29244563970177134,0.0,0.0,0.0,0.0,0.0,0.913853561767187,0.24643603961273067,1.0,0.3761261261261261,0.0,0.914558548209511,0.914558548209511,0.0,0.914558548209511,0.914558548209511,0.0,2134.0,-0.02227624998321891,-0.04560651221518383,1.0024318479277428,-0.0226530742130082,-0.0225718473766244,0.21958048155629967,-0.10144913530261732,1.0,1.0,167,0.3761261261261261,0.770963960626533,0.24643603961273067,-0.0522338890643641,-0.12844412036685254,0.10800158393690973,-0.054428899134826625,-1.0307584009065636
G33,G33__mom_255_21__top10__weekly__long_short,long_short,mom_255_21,10,weekly,base,0.0,0.0,True,,False,True,4,0,2134.0,0.31054434008438214,0.03245147737872678,0.18547557663649,0.26570387740729956,0.11547577950361329,0.1540377128350045,-0.44525430657501275,1684.0,0.07288301741166792,0.3703745609836358,19.419151302407236,0.0,3.0,27.0,3.0,7.0,0.0,0.9218622532468996,0.22890441724819274,1.0,0.240990990990991,0.0,0.0004708831970531498,0.4612357854806667,0.4607649022836135,0.9220006877642801,0.0004708831970531498,0.0,2134.0,-0.10567228277667354,-0.09924758072036437,0.008842453108168061,0.04791140761222842,0.020313837973778857,0.26565458646423135,-0.39778075802542795,1.0,0.0,107,0.240990990990991,0.6757648639404062,0.22890441724819274,0.005724584053888079,0.006318558787865192,0.10124913702996663,-0.043185828855094394,-1.483210958975011
G33,G33__mom_255_21__top10__weekly__long_short,long_short,mom_255_21,10,weekly,base,0.0,0.01,True,,False,True,4,0,2134.0,0.26064580620986066,0.027729554707986992,0.18548612663729597,0.24098478479280833,0.0907592319956413,0.12094603006288315,-0.45405261242078176,1976.0,0.06107123700962066,0.3703953425020106,19.420240900592763,0.0,3.0,27.0,3.0,7.0,0.0,0.9218622532468996,0.22890441724819274,1.0,0.240990990990991,0.0,0.00047095820020306105,0.4612616979439392,0.46079073974373613,0.9220524376876752,0.00047095820020306105,0.033394581645963727,2134.0,-0.11025452834360329,-0.10336717700407233,0.008835733599858444,0.043330203259066356,0.015732370648967202,0.2656628837684931,-0.41501668121498875,1.0,0.0,107,0.240990990990991,0.6757648639404062,0.22890441724819274,0.006100577876243792,0.003365179564085108,0.10071667131156015,-0.04319000115191693,-1.4835213452630178
G33,G33__mom_255_21__top10__weekly__long_short,long_short,mom_255_21,10,weekly,base,0.0,0.03,True,,False,True,4,0,2134.0,0.1677888361621862,0.018485673263651137,0.185506971768885,0.1922724265008497,0.042052027013507264,0.0559280580309569,-0.4709877269661017,1996.0,0.039248736655470434,0.37043638888306596,19.42239300812956,0.0,3.0,27.0,3.0,7.0,0.0,0.9218622532468996,0.22890441724819274,1.0,0.240990990990991,0.0,0.00047110612817224484,0.46131277590744685,0.46084166977927465,0.9221544456867217,0.00047110612817224484,0.09549352993551369,2134.0,-0.11928598705851551,-0.11143191298145666,0.008822488139100488,0.03430079697946121,0.006702446006691428,0.2656792740705584,-0.44898491790833434,1.0,0.0,107,0.240990990990991,0.6757648639404062,0.22890441724819274,0.006830883648175237,-0.0024554830196754363,0.09963531061280584,-0.0431981803586069,-1.4841352078037353
G33,G33__mom_255_21__top10__weekly__long_short,long_short,mom_255_21,10,weekly,base,5.0,0.0,True,,False,True,4,0,2134.0,0.2070874340142037,0.02247422984734415,0.18550618513423414,0.21334604759240655,0.06313015990297051,0.08401538776044595,-0.46484661071899425,1993.0,0.04834762549431626,0.3703745609836358,19.419151302407236,0.06901916025525491,3.0,27.0,3.0,7.0,0.0,0.9218622532468996,0.22890441724819274,1.0,0.240990990990991,0.0,0.0004708831970531498,0.4612357854806667,0.4607649022836135,0.9220006877642801,0.0004708831970531498,0.0,2134.0,-0.11537685125100958,-0.1079521349280456,0.008932767852534211,0.038192844519398306,0.010597801140698075,0.26566343989725777,-0.4342970613330545,1.0,0.0,107,0.240990990990991,0.6757648639404062,0.22890441724819274,0.00642321400355985,-0.0003491057330763936,0.09999081230689766,-0.04320269116354386,-1.483210958975011
G33,G33__mom_255_21__top10__weekly__long_short,long_short,mom_255_21,10,weekly,base,5.0,0.01,True,,False,True,4,0,2134.0,0.1611226289414276,0.01779738355865157,0.185516768076798,0.18863202869659804,0.03841874616093396,0.0510775479380268,-0.4733351620987687,1996.0,0.03759996083903412,0.3703953425020106,19.420240900592763,0.06773488744955927,3.0,27.0,3.0,7.0,0.0,0.9218622532468996,0.22890441724819274,1.0,0.240990990990991,0.0,0.00047095820020306105,0.4612616979439392,0.46079073974373613,0.9220524376876752,0.00047095820020306105,0.032024192528230584,2134.0,-0.11995945833378097,-0.11203240475325255,0.008926045045653742,0.0336112791615209,0.006015972706020863,0.26567176160068573,-0.45153258897753834,1.0,0.0,107,0.240990990990991,0.6757648639404062,0.22890441724819274,0.0067919840792643685,-0.00330263905798564,0.09943522497291313,-0.043206839834579985,-1.4835213452630178
G33,G33__mom_255_21__top10__weekly__long_short,long_short,mom_255_21,10,weekly,base,5.0,0.03,True,,False,True,4,0,2134.0,0.07558655920371682,0.008641751128395159,0.18553767795500067,0.13992969574373554,-0.010278315335119447,-0.013638019481132434,-0.48967401687159295,2026.0,0.01764796748580859,0.37043638888306596,19.42239300812956,0.06529934935779333,3.0,27.0,3.0,7.0,0.0,0.9218622532468996,0.22890441724819274,1.0,0.240990990990991,0.0,0.00047110612817224484,0.46131277590744685,0.46084166977927465,0.9221544456867217,0.00047110612817224484,0.09162883307384981,2134.0,-0.12899163182810125,-0.12002014872212803,0.008912793214414964,0.02458115908963832,-0.003014665932273787,0.2656881998564279,-0.48550004064089225,1.0,0.0,107,0.240990990990991,0.6757648639404062,0.22890441724819274,0.007508205517464459,-0.009123569068559947,0.09831161242918629,-0.04321497253246312,-1.4841352078037353
G33,G33__mom_255_21__top10__weekly__long_short,long_short,mom_255_21,10,weekly,base,10.0,0.0,True,,False,True,4,0,2134.0,0.1117774938362106,0.012591234709949939,0.185546272879299,0.16099726749795995,0.010801260094920991,0.014341190694338828,-0.4837512035110416,2001.0,0.02602832740996487,0.3703745609836358,19.419151302407236,0.1325650091297376,3.0,27.0,3.0,7.0,0.0,0.9218622532468996,0.22890441724819274,1.0,0.240990990990991,0.0,0.0004708831970531498,0.4612357854806667,0.4607649022836135,0.9220006877642801,0.0004708831970531498,0.0,2134.0,-0.1250814197253457,-0.11657445953582131,0.009023082596900397,0.02847428142656809,0.0008817643076171895,0.2656789166428723,-0.47079919365028555,1.0,0.0,107,0.240990990990991,0.6757648639404062,0.22890441724819274,0.007107558148539639,-0.007018222671174707,0.09868341149915993,-0.043218858442619995,-1.483210958975011
G33,G33__mom_255_21__top10__weekly__long_short,long_short,mom_255_21,10,weekly,base,10.0,0.01,True,,True,True,4,0,2134.0,0.06943706858176668,0.007959044222089595,0.18555688889263502,0.13628960088901734,-0.013903741203567804,-0.018441984668864934,-0.49194083873191063,2027.0,0.016178864602105086,0.3703953425020106,19.420240900592763,0.13013625936206508,3.0,27.0,3.0,7.0,0.0,0.9218622532468996,0.22890441724819274,1.0,0.240990990990991,0.0,0.00047095820020306105,0.4612616979439392,0.46079073974373613,0.9220524376876752,0.00047095820020306105,0.030729594705005296,2134.0,-0.12966438832395868,-0.12061576983458469,0.009016356491448996,0.02389235506397539,-0.0037004252369254973,0.2656872630122323,-0.4880338893701086,1.0,0.0,107,0.240990990990991,0.6757648639404062,0.22890441724819274,0.007469208419660595,-0.009971467361639605,0.09810718947185204,-0.04322298361534649,-1.4835213452630178
G33,G33__mom_255_21__top10__weekly__long_short,long_short,mom_255_21,10,weekly,base,10.0,0.03,True,,False,True,4,0,2134.0,-0.009353861697119048,-0.001109162641394268,0.18557786377419092,0.0875998124185611,-0.06258813987177407,-0.08285354941012199,-0.5077042982422494,2034.0,-0.0021846626968382186,0.37043638888306596,19.42239300812956,0.1255289955864285,3.0,27.0,3.0,7.0,0.0,0.9218622532468996,0.22890441724819274,1.0,0.240990990990991,0.0,0.00047110612817224484,0.46131277590744685,0.46084166977927465,0.9221544456867217,0.00047110612817224484,0.08797657262540039,2134.0,-0.13869727659768724,-0.12852724020368061,0.009003098289729354,0.014861521199815132,-0.012731777871239315,0.2657037497500297,-0.5219996960079474,1.0,0.0,107,0.240990990990991,0.6757648639404062,0.22890441724819274,0.008171548457334732,-0.01579179254807557,0.09694602299137467,-0.043231070058044496,-1.4841352078037353
G33,G33__mom_255_21__top10__weekly__long_short,long_short,mom_255_21,10,weekly,base,20.0,0.0,True,,False,True,4,0,2134.0,-0.05691121629064655,-0.006895470803075732,0.18565486009759394,0.05635891230547437,-0.09377436434805778,-0.12393154809940353,-0.5195923864324076,2034.0,-0.013270923483734967,0.3703745609836358,19.419151302407236,0.24497755140724853,3.0,27.0,3.0,7.0,0.0,0.9218622532468996,0.22890441724819274,1.0,0.240990990990991,0.0,0.0004708831970531498,0.4612357854806667,0.4607649022836135,0.9220006877642801,0.0004708831970531498,0.0,2134.0,-0.14449055667401825,-0.13357544943145452,0.009203712085632764,0.00903715524090735,-0.018550309358544903,0.2657297349475136,-0.5437500500369585,1.0,0.0,107,0.240990990990991,0.6757648639404062,0.22890441724819274,0.008434220319772768,-0.02034976744483348,0.09594280953285172,-0.04324910700964335,-1.483210958975011
G33,G33__mom_255_21__top10__weekly__long_short,long_short,mom_255_21,10,weekly,base,20.0,0.01,True,,False,True,4,0,2134.0,-0.09283575929343058,-0.011439596130845775,0.1856655426203784,0.03166777349231219,-0.11846271732282192,-0.15640306456112768,-0.527215209706085,2034.0,-0.021698152709257356,0.3703953425020106,19.420240900592763,0.24062922409515342,3.0,27.0,3.0,7.0,0.0,0.9218622532468996,0.22890441724819274,1.0,0.240990990990991,0.0,0.00047095820020306105,0.4612616979439392,0.46079073974373613,0.9220524376876752,0.00047095820020306105,0.028349473740446357,2134.0,-0.14907424830431426,-0.13753992812336405,0.009196979383039592,0.004454506868884227,-0.02313322112281838,0.26573813144159303,-0.5609817736566705,1.0,0.0,107,0.240990990990991,0.6757648639404062,0.22890441724819274,0.008781937596410626,-0.02330111049378042,0.09533217354501922,-0.0432531855838294,-1.4835213452630143
G33,G33__mom_255_21__top10__weekly__long_short,long_short,mom_255_21,10,weekly,base,20.0,0.03,True,,False,True,4,0,2134.0,-0.15968655011425503,-0.020335392241390804,0.18568664824125147,-0.01698939322453008,-0.16711425717476977,-0.22020207493348978,-0.5418875949166172,2034.0,-0.03752695657209113,0.37043638888306596,19.42239300812956,0.23237581919843486,3.0,27.0,3.0,7.0,0.0,0.9218622532468996,0.22890441724819274,1.0,0.240990990990991,0.0,0.00047110612817224484,0.46131277590744685,0.46084166977927465,0.9221544456867217,0.00047110612817224484,0.0812582411618988,2134.0,-0.15810856613685928,-0.14530098037962683,0.00918370844035831,-0.004577754579831252,-0.03216600174917036,0.2657547167140064,-0.5949417120111129,1.0,0.0,107,0.240990990990991,0.6757648639404062,0.22890441724819274,0.009457113450533298,-0.029117616891405573,0.09410884152354015,-0.04326118030779802,-1.4841352078037353
G33,G33__mom_255_21__top20__monthly__long_only,long_only,mom_255_21,20,monthly,base,0.0,0.0,True,,False,True,0,0,2134.0,2.6945660761083836,0.16687003290936242,0.2578872657071677,0.7281223837543044,0.6200765668946722,0.8541520397761208,-0.32985024443558664,612.0,0.5058963445514405,0.6465038941955941,7.787130316965113,0.0,1.0,0.0,0.0,0.0,0.0,0.919214645196476,0.2383999168268359,1.0,0.3333333333333333,0.0,0.9201938135271591,0.9201938135271591,0.0,0.9201938135271591,0.9201938135271591,0.0,2134.0,0.03281962799323898,0.018024602760545398,0.9912602686853499,0.034173883118996363,0.0339414499416618,0.17414679759706292,0.18845955507706968,1.0,1.0,34,0.3333333333333333,0.7576439355894281,0.2383999168268359,-0.03997096782044918,-0.06986811588680175,0.06952861151756629,-0.03807239167616011,-0.3160270060958954
G33,G33__mom_255_21__top20__monthly__long_only,long_only,mom_255_21,20,monthly,base,5.0,0.0,True,,True,True,0,0,2134.0,2.574715483850086,0.162334782136625,0.2578713101106482,0.7130423041072116,0.6049893596949915,0.8328540186298719,-0.33449006161480965,613.0,0.4853201956223311,0.6465038941955941,7.787130316965113,0.04534125960566244,1.0,0.0,0.0,0.0,0.0,0.919214645196476,0.2383999168268359,1.0,0.3333333333333333,0.0,0.9201938135271591,0.9201938135271591,0.0,0.9201938135271591,0.9201938135271591,0.0,2134.0,0.02891929047109819,0.014067866589317786,0.9911979095285272,0.030283208389077092,0.030049052979066168,0.17413635548459858,0.16607267558012,1.0,1.0,34,0.3333333333333333,0.7576439355894281,0.2383999168268359,-0.03962560042370469,-0.07126267936752129,0.06931240060089416,-0.0380821254519359,-0.3160270060958954
G33,G33__mom_255_21__top20__monthly__long_only,long_only,mom_255_21,20,monthly,base,10.0,0.0,True,,False,True,0,0,2134.0,2.458712490414196,0.15781556466798774,0.25786048034495734,0.6979464839340233,0.5898885561453964,0.8115678522314532,-0.33909952362233964,617.0,0.46539600817531485,0.6465038941955941,7.787130316965113,0.08895808967044891,1.0,0.0,0.0,0.0,0.0,0.919214645196476,0.2383999168268359,1.0,0.3333333333333333,0.0,0.9201938135271591,0.9201938135271591,0.0,0.9201938135271591,0.9201938135271591,0.0,2134.0,0.025018952948957625,0.010125118520942904,0.9911355503717049,0.026392533659157932,0.026156656016470697,0.17413350473384456,0.1436768471822697,1.0,1.0,34,0.3333333333333333,0.7576439355894281,0.2383999168268359,-0.039282146118368555,-0.07265940352338485,0.06909576774564075,-0.038091582653177636,-0.3160270060958954
G33,G33__mom_255_21__top20__monthly__long_only,long_only,mom_255_21,20,monthly,base,20.0,0.0,True,,False,True,0,0,2134.0,2.2377642318435966,0.1488250252683554,0.25785420058376834,0.667711211096159,0.559649752261684,0.769032368563954,-0.34877746015996836,840.0,0.42670482547838995,0.6465038941955941,7.787130316965113,0.1712596511253052,1.0,0.0,0.0,0.0,0.0,0.919214645196476,0.2383999168268359,1.0,0.3333333333333333,0.0,0.9201938135271591,0.9201938135271591,0.0,0.9201938135271591,0.9201938135271591,0.0,2134.0,0.017218277904676213,0.002281408388037951,0.99101083205806,0.018611184199319394,0.018371862091279646,0.17415057781592516,0.09887005900649784,1.0,1.0,34,0.3333333333333333,0.7576439355894281,0.2383999168268359,-0.03860094331192809,-0.07545843644704575,0.06854119193431546,-0.03810966508586133,-0.3160270060958954
G33,G33__mom_255_21__top20__monthly__long_short,long_short,mom_255_21,20,monthly,base,0.0,0.0,True,,False,True,0,0,2134.0,0.772667473081387,0.06994122674597136,0.1538315738358828,0.5169317404768077,0.33587385217630256,0.45125609340171996,-0.36213788768978217,1069.0,0.19313424284919078,0.6674085396827647,8.038926477978345,0.0,6.0,28.0,4.0,0.0,0.0,0.918824703550867,0.22167887894648727,1.0,0.23529411764705882,0.0,0.0007893848147886945,0.46120160305137675,0.460412218236588,0.9216138212879648,0.0007893848147886945,0.0,2134.0,-0.07543343945007422,-0.06654000735675185,0.0031658254281354886,0.07902986632469368,0.051271393026826775,0.24546563233690855,-0.3073075392751507,1.0,0.0,24,0.23529411764705882,0.6550049900911846,0.22167887894648727,0.0002508839321784667,0.03485684723989374,0.05412763112093982,-0.04110978326090628,-0.4526617616182964
G33,G33__mom_255_21__top20__monthly__long_short,long_short,mom_255_21,20,monthly,base,0.0,0.01,True,,False,True,0,0,2134.0,0.7053754685328342,0.06506272149090742,0.15386028200862012,0.48715549394981833,0.30612163368533174,0.41078682277725614,-0.36510844655728736,1083.0,0.17820108547036517,0.6675542055328639,8.040681021095,0.0,6.0,28.0,4.0,0.0,0.0,0.918824703550867,0.22167887894648727,1.0,0.23529411764705882,0.0,0.0007893564140300816,0.4612972561087688,0.4605078996947387,0.9218051558035075,0.0007893564140300816,0.04059931446010058,2134.0,-0.07999998097217598,-0.07079621261893619,0.0031571908264710017,0.0744646627674723,0.04670586567471866,0.24548491974559122,-0.3258855210132016,1.0,0.0,24,0.23529411764705882,0.6550049900911846,0.22167887894648727,0.0007063399876328091,0.03077451426433353,0.05537371994551282,-0.04112330199549469,-0.4530522356717732
G33,G33__mom_255_21__top20__monthly__long_short,long_short,mom_255_21,20,monthly,base,0.0,0.03,True,,False,True,0,0,2134.0,0.5800745683454476,0.055507826213698985,0.15391697165327467,0.4284733901631142,0.24748717700579226,0.331315432638731,-0.3738451375850341,1170.0,0.14847812806197935,0.667842735579433,8.044156361449739,0.0,6.0,28.0,4.0,0.0,0.0,0.918824703550867,0.22167887894648727,1.0,0.23529411764705882,0.0,0.0007892998627729495,0.4614859193341329,0.4606966194713599,0.9221825388054928,0.0007892998627729495,0.11591852874374994,2134.0,-0.08900453600542513,-0.07913228964093665,0.0031401879875413157,0.06546274238979138,0.03770330743281815,0.245523004574505,-0.36250996585705403,1.0,0.0,24,0.23529411764705882,0.6550049900911846,0.22167887894648727,0.001592104668544786,0.02272653469370567,0.05751539328501909,-0.041149917359599525,-0.45382613787375803
G33,G33__mom_255_21__top20__monthly__long_short,long_short,mom_255_21,20,monthly,base,5.0,0.0,True,,False,True,0,0,2134.0,0.7133344631941794,0.06564849192912448,0.15383972158672923,0.49077462975420755,0.3097179954979556,0.41561662237280633,-0.3651184300320037,1082.0,0.17980054286322986,0.6674085396827647,8.038926477978345,0.03556038707600112,6.0,28.0,4.0,0.0,0.0,0.918824703550867,0.22167887894648727,1.0,0.23529411764705882,0.0,0.0007893848147886945,0.46120160305137675,0.460412218236588,0.9216138212879648,0.0007893848147886945,0.0,2134.0,-0.07945323025012627,-0.07028516280116943,0.0031364051286692303,0.07501463431368434,0.04725532955665851,0.2454751517728779,-0.3236711727288763,1.0,0.0,24,0.23529411764705882,0.6550049900911846,0.22167887894648727,0.0004910635992210755,0.030491348163604715,0.05473291483010728,-0.04109592924455496,-0.4526617616182964
G33,G33__mom_255_21__top20__monthly__long_short,long_short,mom_255_21,20,monthly,base,5.0,0.01,True,,True,True,0,0,2134.0,0.6482825417659446,0.0607886288787578,0.15386845199295535,0.46099956686152715,0.27996701842044397,0.3752400851382191,-0.36927770259531345,1147.0,0.16461494547742908,0.6675542055328639,8.040681021095,0.03487107476485874,6.0,28.0,4.0,0.0,0.0,0.918824703550867,0.22167887894648727,1.0,0.23529411764705882,0.0,0.0007893564140300816,0.4612972561087688,0.4605078996947387,0.9218051558035075,0.0007893564140300816,0.039860321172301406,2134.0,-0.08402057293093758,-0.07452510385011808,0.003127811373142101,0.07044862326848667,0.04268899583820802,0.24549444719511246,-0.3422504007357864,1.0,0.0,24,0.23529411764705882,0.6550049900911846,0.22167887894648727,0.0009436958378246998,0.026411376445590273,0.05586129746190455,-0.04110942729990924,-0.4530522356717732
G33,G33__mom_255_21__top20__monthly__long_short,long_short,mom_255_21,20,monthly,base,5.0,0.03,True,,False,True,0,0,2134.0,0.52715401123379,0.051270249902222176,0.15392518487678922,0.40231978381984196,0.22133499560512504,0.2959507832341245,-0.37825879691738984,1211.0,0.1355427826663854,0.667842735579433,8.044156361449739,0.03356419587807636,6.0,28.0,4.0,0.0,0.0,0.918824703550867,0.22167887894648727,1.0,0.23529411764705882,0.0,0.0007892998627729495,0.4614859193341329,0.4606966194713599,0.9221825388054928,0.0007892998627729495,0.11383493256276728,2134.0,-0.09302671554928461,-0.08282932257476217,0.0031108893582159542,0.0614451027817163,0.03368483970503531,0.24553254741819192,-0.3788773281891674,1.0,0.0,24,0.23529411764705882,0.6550049900911846,0.22167887894648727,0.0018239529430503776,0.018368080514898744,0.05794640202980045,-0.04113600188367647,-0.45382613787375803
G33,G33__mom_255_21__top20__monthly__long_short,long_short,mom_255_21,20,monthly,base,10.0,0.0,True,,False,True,0,0,2134.0,0.6559669340463175,0.06137143181589155,0.15385693361744998,0.4645929170855269,0.2835482018208691,0.38004833135643207,-0.3691506406868912,1147.0,0.1662503732939367,0.6674085396827647,8.038926477978345,0.06987513866758355,6.0,28.0,4.0,0.0,0.0,0.918824703550867,0.22167887894648727,1.0,0.23529411764705882,0.0,0.0007893848147886945,0.46120160305137675,0.460412218236588,0.9216138212879648,0.0007893848147886945,0.0,2134.0,-0.08347302105017833,-0.07401664300029753,0.0031069848292029365,0.07099940230267501,0.043239266086490244,0.24549035189290203,-0.34002566865273137,1.0,0.0,24,0.23529411764705882,0.6550049900911846,0.22167887894648727,0.00072941781349245,0.02612366355746032,0.055237385882855705,-0.041080926331408724,-0.4526617616182964
G33,G33__mom_255_21__top20__monthly__long_short,long_short,mom_255_21,20,monthly,base,10.0,0.01,True,,False,True,0,0,2134.0,0.5930812957692613,0.05653014626815467,0.1538856883587849,0.43482079767962056,0.25380022620876536,0.3397661758056416,-0.37372332699335264,1162.0,0.15126202242430578,0.6675542055328639,8.040681021095,0.06852866504667268,6.0,28.0,4.0,0.0,0.0,0.918824703550867,0.22167887894648727,1.0,0.23529411764705882,0.0,0.0007893564140300816,0.4612972561087688,0.4605078996947387,0.9218051558035075,0.0007893564140300816,0.039138698711441613,2134.0,-0.0880411648896993,-0.07824037628471167,0.0030984319198129997,0.0664325837695009,0.038672126001697255,0.2455096572617476,-0.3586057097372554,1.0,0.0,24,0.23529411764705882,0.6550049900911846,0.22167887894648727,0.0011792400574413692,0.022046770312229957,0.05631210710951606,-0.04109440379418888,-0.4530522356717732
G33,G33__mom_255_21__top20__monthly__long_short,long_short,mom_255_21,20,monthly,base,10.0,0.03,True,,False,True,0,0,2134.0,0.4759876349382679,0.04704815684220387,0.15394246865866693,0.3761468038335216,0.1951741060945635,0.2606621762133278,-0.3826430591223914,1215.0,0.12295573046617095,0.667842735579433,8.044156361449739,0.06597559517058812,6.0,28.0,4.0,0.0,0.0,0.918824703550867,0.22167887894648727,1.0,0.23529411764705882,0.0,0.0007892998627729495,0.4614859193341329,0.4606966194713599,0.9221825388054928,0.0007892998627729495,0.11180004307449362,2134.0,-0.09704889509314402,-0.08651284729389985,0.003081590728890515,0.057427463173641315,0.029666371977252567,0.24554777671356157,-0.39523426516850246,1.0,0.0,24,0.23529411764705882,0.6550049900911846,0.22167887894648727,0.002054016582530467,0.014009571586049596,0.058367660170836,-0.041120937771283866,-0.45382613787375803
G33,G33__mom_255_21__top20__monthly__long_short,long_short,mom_255_21,20,monthly,base,20.0,0.0,True,,False,True,0,0,2134.0,0.5468726798748198,0.052864129188438636,0.1539185367537047,0.4121742666029743,0.2311853532584625,0.30914156597187276,-0.3780155377916866,1177.0,0.1398464451944579,0.6674085396827647,8.038926477978345,0.13493839843990493,6.0,28.0,4.0,0.0,0.0,0.918824703550867,0.22167887894648727,1.0,0.23529411764705882,0.0,0.0007893848147886945,0.46120160305137675,0.460412218236588,0.9216138212879648,0.0007893848147886945,0.0,2134.0,-0.09151260265028248,-0.08143875783195749,0.0030481442302703987,0.06296893828065628,0.03520713914615366,0.24553778957085357,-0.3727027225024162,1.0,0.0,24,0.23529411764705882,0.6550049900911846,0.22167887894648727,0.001200687472701134,0.017389654742187316,0.056139418615441805,-0.04104748553922641,-0.4526617616182964
G33,G33__mom_255_21__top20__monthly__long_short,long_short,mom_255_21,20,monthly,base,20.0,0.01,True,,False,True,0,0,2134.0,0.4881077544048482,0.048059805348302786,0.15394734645193353,0.38241330690621783,0.20144865378162155,0.2690532747807398,-0.3825259363802245,1214.0,0.12563803072566596,0.6675542055328639,8.040681021095,0.1323691556424105,6.0,28.0,4.0,0.0,0.0,0.918824703550867,0.22167887894648727,1.0,0.23529411764705882,0.0,0.0007893564140300816,0.4612972561087688,0.4605078996947387,0.9218051558035075,0.0007893564140300816,0.037745794625804206,2134.0,-0.09608234880722256,-0.08563024422799788,0.003039673013155098,0.05840050477152958,0.030638386328675892,0.24555712062799517,-0.3912830894966462,1.0,0.0,24,0.23529411764705882,0.6550049900911846,0.22167887894648727,0.0016449309672967871,0.013321063112342657,0.0571840008037362,-0.041060922092809565,-0.4530522356717732
G33,G33__mom_255_21__top20__monthly__long_short,long_short,mom_255_21,20,monthly,base,20.0,0.03,True,,False,True,0,0,2134.0,0.3786891246339459,0.038650216357295264,0.15400423407901126,0.3237612833871805,0.14284473191065467,0.19032991160451457,-0.39132412952171314,1420.0,0.09876778210567949,0.667842735579433,8.044156361449739,0.1274965407598033,6.0,28.0,4.0,0.0,0.0,0.918824703550867,0.22167887894648727,1.0,0.23529411764705882,0.0,0.0007892998627729495,0.4614859193341329,0.4606966194713599,0.9221825388054928,0.0007892998627729495,0.10787143123057881,2134.0,-0.10509325418086321,-0.09383955017000281,0.0030229934702397255,0.04939218395749096,0.02162943652168671,0.2455952900329775,-0.42791233564272235,1.0,0.0,24,0.23529411764705882,0.6550049900911846,0.22167887894648727,0.002508826875699262,0.00530028570755306,0.05918138276188717,-0.04108737540896645,-0.45382613787375803
G33,G33__mom_255_21__top20__weekly__long_only,long_only,mom_255_21,20,weekly,base,0.0,0.0,True,,False,True,0,0,2134.0,2.479250809379074,0.1586253343206685,0.2469404590093044,0.720495192697431,0.6076476981768579,0.8304678933990837,-0.2770197774822406,577.0,0.5726137525716473,0.32401519892834424,16.988478246342353,0.0,0.0,0.0,0.0,0.0,0.0,0.9119403739222143,0.22218546626685676,1.0,0.36261261261261263,0.0,0.9128534287480089,0.9128534287480089,0.0,0.9128534287480089,0.9128534287480089,0.0,2134.0,0.022965550945357172,0.010831594311516637,0.9055052285556701,0.03760788078120094,0.03498056864151882,0.176398024985684,0.13019165575816963,1.0,1.0,161,0.36261261261261263,0.7571523355370382,0.22218546626685676,-0.0555284839856276,-0.10291050910276145,0.11355717356010148,-0.048952574827750284,-0.8720854600034258
G33,G33__mom_255_21__top20__weekly__long_only,long_only,mom_255_21,20,weekly,base,5.0,0.0,True,,False,True,0,0,2134.0,2.2377501840705434,0.14882443666449596,0.24695294059681835,0.686056878819973,0.5732146592811624,0.7822871866915858,-0.2787367482027564,579.0,0.5339247071801215,0.32401519892834424,16.988478246342353,0.10031748382208615,0.0,0.0,0.0,0.0,0.0,0.9119403739222143,0.22218546626685676,1.0,0.36261261261261263,0.0,0.9128534287480089,0.9128534287480089,0.0,0.9128534287480089,0.9128534287480089,0.0,2134.0,0.01446990098792374,0.0022808948662290307,0.9054586887953052,0.029119442339403015,0.02649085919999904,0.17642521135338302,0.0820171951441807,1.0,1.0,161,0.36261261261261263,0.7571523355370382,0.22218546626685676,-0.054533814009941534,-0.10713120759997963,0.12085177966914318,-0.04894932888742845,-0.8720854600034222
G33,G33__mom_255_21__top20__weekly__long_only,long_only,mom_255_21,20,weekly,base,10.0,0.0,True,,True,True,0,0,2134.0,2.012970864944335,0.1391045857701707,0.24697087409922433,0.6516076613114241,0.5387731982303934,0.7342346993920584,-0.2829118671835944,590.0,0.4916887621398342,0.32401519892834424,16.988478246342353,0.19251859586366535,0.0,0.0,0.0,0.0,0.0,0.9119403739222143,0.22218546626685676,1.0,0.36261261261261263,0.0,0.9128534287480089,0.9128534287480089,0.0,0.9128534287480089,0.9128534287480089,0.0,2134.0,0.005974251030490071,-0.006199096106643406,0.905412149034941,0.020631003897604763,0.01800114975847897,0.1764600249165549,0.03385611575944863,1.0,1.0,161,0.36261261261261263,0.7571523355370382,0.22218546626685676,-0.05355189950866299,-0.11135093786067596,0.1255568109610345,-0.04894575357215544,-0.8720854600034222
G33,G33__mom_255_21__top20__weekly__long_only,long_only,mom_255_21,20,weekly,base,20.0,0.0,True,,False,True,0,0,2134.0,1.609036164856966,0.11990540975986841,0.2470230917381238,0.5826856621224672,0.4698741497558817,0.6385231565463616,-0.30282060920653575,593.0,0.395961853699621,0.32401519892834424,16.988478246342353,0.35498277493151814,0.0,0.0,0.0,0.0,0.0,0.9119403739222143,0.22218546626685676,1.0,0.36261261261261263,0.0,0.9128534287480089,0.9128534287480089,0.0,0.9128534287480089,0.9128534287480089,0.0,2134.0,-0.01101704888437606,-0.0229492336369438,0.9053190695142125,0.0036541270140094282,0.001021730875440093,0.1765525145931658,-0.062400974065778166,1.0,1.0,161,0.36261261261261263,0.7571523355370382,0.22218546626685676,-0.05162577323623618,-0.11978464354199136,0.12302162360558777,-0.048937616679192275,-0.8720854600034258
G33,G33__mom_255_21__top20__weekly__long_short,long_short,mom_255_21,20,weekly,base,0.0,0.0,True,,False,True,5,0,2134.0,0.6651971345197705,0.06206832782294747,0.15234612134559083,0.4719915461686555,0.2891513973938874,0.3866745076221806,-0.3806531495180404,1129.0,0.16305743930277358,0.32679614568966986,17.134286386563158,0.0,5.0,28.0,4.0,8.0,1.0,0.9172523102455766,0.21615262656592435,1.0,0.24324324324324326,0.0,0.0005877877153572872,0.4589121992535493,0.45832441153819203,0.9172366107917413,0.0005877877153572872,0.0,2134.0,-0.08304778128664063,-0.073408642742564,-0.025275670046211736,0.07582264407151496,0.047270546708890596,0.24878330083584713,-0.3338157384664554,1.0,0.0,108,0.24324324324324326,0.6598150532318149,0.21615262656592435,0.0036277437680523675,0.0414982689023069,0.1199748288249044,-0.03957005496060856,-1.1914902868042994
G33,G33__mom_255_21__top20__weekly__long_short,long_short,mom_255_21,20,weekly,base,0.0,0.01,True,,False,True,5,0,2134.0,0.6021441208496159,0.057238135653648214,0.15235455972684622,0.44204949882091943,0.25920982447913,0.3462135152003855,-0.38343876692709644,1141.0,0.14927581817654592,0.3268146191735975,17.13525497192853,0.0,5.0,28.0,4.0,8.0,1.0,0.9172523102455766,0.21615262656592435,1.0,0.24324324324324326,0.0,0.0005878708096079883,0.4589380620271736,0.45835019121756565,0.9172882532447394,0.0005878708096079883,0.04155122100492327,2134.0,-0.08760560588300946,-0.07762269771503429,-0.025283717665121445,0.07126606648478134,0.04271366254338195,0.24878965939141554,-0.3521271989250221,1.0,0.0,108,0.24324324324324326,0.6598150532318149,0.21615262656592435,0.004049920655572213,0.037489967592195694,0.12048547443415658,-0.03957409124008757,-1.1917756465037144
G33,G33__mom_255_21__top20__weekly__long_short,long_short,mom_255_21,20,weekly,base,0.0,0.03,True,,False,True,5,0,2134.0,0.48476997779668207,0.04778193320598079,0.1523712563684721,0.38304418709667404,0.20020571164582024,0.2667652185506371,-0.3888925719251609,1207.0,0.12286666461496729,0.32685142303954573,17.13718463966668,0.0,5.0,28.0,4.0,8.0,1.0,0.9172523102455766,0.21615262656592435,1.0,0.24324324324324326,0.0,0.0005880346781993985,0.458989042215393,0.4584010075371936,0.9173900497525866,0.0005880346781993985,0.11865602086304153,2134.0,-0.09658893862078335,-0.08587267112159248,-0.025299581355184137,0.0622851918870586,0.03373218361852988,0.2488022322953921,-0.3882157235072855,1.0,0.0,108,0.24324324324324326,0.6598150532318149,0.21615262656592435,0.004870154834912384,0.029590006630363846,0.12146524283276217,-0.03958198690777351,-1.1923411201264145
G33,G33__mom_255_21__top20__weekly__long_short,long_short,mom_255_21,20,weekly,base,5.0,0.0,True,,False,True,5,0,2134.0,0.5486565242309134,0.05300743378016781,0.15238164460151693,0.41568220583602483,0.232867023021798,0.3106440107461877,-0.3867371042358917,1161.0,0.13706322253433365,0.32679614568966986,17.134286386563158,0.07632327597490493,5.0,28.0,4.0,8.0,1.0,0.9172523102455766,0.21615262656592435,1.0,0.24324324324324326,0.0,0.0005877877153572872,0.4589121992535493,0.45832441153819203,0.9172366107917413,0.0005877877153572872,0.0,2134.0,-0.09161152449646394,-0.08131373311116208,-0.02522556380263609,0.06725113670570655,0.0387004333543706,0.24879763993238094,-0.3682170157295802,1.0,0.0,108,0.24324324324324326,0.6598150532318149,0.21615262656592435,0.004221892824637814,0.032979502085250384,0.12043226983716393,-0.03957947060187958,-1.1914902868042994
G33,G33__mom_255_21__top20__weekly__long_short,long_short,mom_255_21,20,weekly,base,5.0,0.01,True,,False,True,5,0,2134.0,0.49001023155164725,0.048217942006629544,0.15239012439518193,0.3857480344208208,0.2029334387092355,0.2703842871863532,-0.3894956396672733,1207.0,0.12379584543698545,0.3268146191735975,17.13525497192853,0.0748380196030291,5.0,28.0,4.0,8.0,1.0,0.9172523102455766,0.21615262656592435,1.0,0.24324324324324326,0.0,0.0005878708096079883,0.4589380620271736,0.45835019121756565,0.9172882532447394,0.0005878708096079883,0.039988698365146,2134.0,-0.09616967170275786,-0.08549227941252231,-0.025233626887135836,0.06269423890550076,0.034143228531604036,0.24880402697986884,-0.38652779406395665,1.0,0.0,108,0.24324324324324326,0.6598150532318149,0.21615262656592435,0.004637512681996046,0.02897235988104449,0.12092754657353488,-0.039583476365742665,-1.1917756465037144
G33,G33__mom_255_21__top20__weekly__long_short,long_short,mom_255_21,20,weekly,base,5.0,0.03,True,,False,True,5,0,2134.0,0.3808398074122852,0.038841415922945766,0.15240690231249374,0.32675824582769497,0.1439450704950022,0.19133122798351662,-0.39489642042568285,1512.0,0.09835849076848112,0.32685142303954573,17.13718463966668,0.07202237006624145,5.0,28.0,4.0,8.0,1.0,0.9172523102455766,0.21615262656592435,1.0,0.24324324324324326,0.0,0.0005880346781993985,0.458989042215393,0.4584010075371936,0.9173900497525866,0.0005880346781993985,0.11425107062889214,2134.0,-0.10515365060168033,-0.09367273993717523,-0.025249521286387955,0.05371272290513696,0.025161107323094976,0.2488166558725696,-0.4226149983123893,1.0,0.0,108,0.24324324324324326,0.6598150532318149,0.21615262656592435,0.005444965182090068,0.021074739080660487,0.12187747710234165,-0.03959131198036778,-1.1923411201264145
G33,G33__mom_255_21__top20__weekly__long_short,long_short,mom_255_21,20,weekly,base,10.0,0.0,True,,False,True,5,0,2134.0,0.4402520370735654,0.044022121265631764,0.1524260410792334,0.35937819128020154,0.1765986175117243,0.23500791757618283,-0.39276263464400996,1220.0,0.11208327214102812,0.32679614568966986,17.134286386563158,0.14704469849330307,5.0,28.0,4.0,8.0,1.0,0.9172523102455766,0.21615262656592435,1.0,0.24324324324324326,0.0,0.0005877877153572872,0.4589121992535493,0.45832441153819203,0.9172366107917413,0.0005877877153572872,0.0,2134.0,-0.10017526770628707,-0.08915288309814313,-0.02517545755906037,0.05867962933989832,0.03013031999985078,0.24881741892856563,-0.4026055255200881,1.0,0.0,108,0.24324324324324326,0.6598150532318149,0.21615262656592435,0.004805468265395962,0.0244606547996859,0.12086407401083032,-0.0395878530006695,-1.1914902868042958
G33,G33__mom_255_21__top20__weekly__long_short,long_short,mom_255_21,20,weekly,base,10.0,0.01,True,,True,True,5,0,2134.0,0.3857052429598431,0.03927299461879219,0.1524345624478931,0.3294536640796531,0.14667479066204347,0.19495036815142486,-0.39549434550417084,1512.0,0.09930102684205891,0.3268146191735975,17.13525497192853,0.14421891829528294,5.0,28.0,4.0,8.0,1.0,0.9172523102455766,0.21615262656592435,1.0,0.24324324324324326,0.0,0.0005878708096079883,0.4589380620271736,0.45835019121756565,0.9172882532447394,0.0005878708096079883,0.038503396194164305,2134.0,-0.10473373752250659,-0.09329621323068031,-0.025183536109150157,0.054122411326219845,0.02557279451982577,0.24882383473973263,-0.4209152134965571,1.0,0.0,108,0.24324324324324326,0.6598150532318149,0.21615262656592435,0.0052146116736060885,0.020455380732569167,0.12134426061690262,-0.03959182831079419,-1.1917756465037144
G33,G33__mom_255_21__top20__weekly__long_short,long_short,mom_255_21,20,weekly,base,10.0,0.03,True,,False,True,5,0,2134.0,0.2841665631320158,0.029975488600900935,0.15245142197758496,0.2704828825855693,0.0877056521522459,0.11629430745582207,-0.4008426060206133,1531.0,0.07478119379195795,0.32685142303954573,17.13718463966668,0.138860719289946,5.0,28.0,4.0,8.0,1.0,0.9172523102455766,0.21615262656592435,1.0,0.24324324324324326,0.0,0.0005880346781993985,0.458989042215393,0.4584010075371936,0.9173900497525866,0.0005880346781993985,0.11006256261374524,2134.0,-0.11371836258257748,-0.10140773345451232,-0.02519946121759185,0.04514025392321517,0.016590031027659942,0.24883652016808455,-0.4570002928258392,1.0,0.0,108,0.24324324324324326,0.6598150532318149,0.21615262656592435,0.006009439770451836,0.012561497012077899,0.12226489590957024,-0.03959960399846635,-1.1923411201264145
G33,G33__mom_255_21__top20__weekly__long_short,long_short,mom_255_21,20,weekly,base,20.0,0.0,True,,False,True,5,0,2134.0,0.2456243544543808,0.026275780884218447,0.15254142116147104,0.24682547363679866,0.06414896702112773,0.0849530989062476,-0.40514182717111535,1535.0,0.06485575944524886,0.32679614568966986,17.134286386563158,0.27328475628858195,5.0,28.0,4.0,8.0,1.0,0.9172523102455766,0.21615262656592435,1.0,0.24324324324324326,0.0,0.0005877877153572872,0.4589121992535493,0.45832441153819203,0.9172366107917413,0.0005877877153572872,0.0,2134.0,-0.11730275412593319,-0.10463550807583394,-0.025075245071908968,0.04153661460828199,0.0129900932908113,0.24887329107519252,-0.47133524702131385,1.0,0.0,108,0.24324324324324326,0.6598150532318149,0.21615262656592435,0.005941439117854948,0.007438629317417428,0.12155039235028742,-0.03960152380735177,-1.1914902868042958
G33,G33__mom_255_21__top20__weekly__long_short,long_short,mom_255_21,20,weekly,base,20.0,0.01,True,,False,True,5,0,2134.0,0.1984388705390694,0.021606389458082242,0.15255002614006655,0.21692551832771273,0.03424994004901643,0.04530266552883546,-0.41062276284479915,1562.0,0.05261858672518038,0.3268146191735975,17.13525497192853,0.2681659407113516,5.0,28.0,4.0,8.0,1.0,0.9172523102455766,0.21615262656592435,1.0,0.24324324324324326,0.0,0.0005878708096079883,0.4589380620271736,0.45835019121756565,0.9172882532447394,0.0005878708096079883,0.03574785649752488,2134.0,-0.1218618691620036,-0.10870927397748593,-0.025083354553178946,0.03697875616765847,0.008431926496269719,0.24887976522130095,-0.48964153053441484,1.0,0.0,108,0.24324324324324326,0.6598150532318149,0.21615262656592435,0.006337867864592943,0.0034392090563912306,0.12041164063148724,-0.039605438418947564,-1.1917756465037144
G33,G33__mom_255_21__top20__weekly__long_short,long_short,mom_255_21,20,weekly,base,20.0,0.03,True,,False,True,5,0,2134.0,0.11060411693488748,0.012464975767332298,0.15256704984997882,0.1580031607917683,-0.024670326423063924,-0.032553903682766706,-0.42459419438711954,1570.0,0.029357386257541432,0.32685142303954573,17.13718463966668,0.25845501749748834,5.0,28.0,4.0,8.0,1.0,0.9172523102455766,0.21615262656592435,1.0,0.24324324324324326,0.0,0.0005880346781993985,0.458989042215393,0.4584010075371936,0.9173900497525866,0.0005880346781993985,0.10228850266378642,2134.0,-0.13084778654437174,-0.11668461294303666,-0.025099341079999584,0.02799531595937161,-0.000552121563210117,0.2488925653465971,-0.5257199481316718,1.0,0.0,108,0.24324324324324326,0.6598150532318149,0.21615262656592435,0.007107912135187598,-0.004443028677687325,0.1192352976435499,-0.039613094676847094,-1.1923411201264145
G33,G33__mom_255_21__top50__monthly__long_only,long_only,mom_255_21,50,monthly,base,0.0,0.0,True,,False,True,0,0,2134.0,1.9037064694785437,0.13414662567138813,0.20784622408957037,0.7100645007154175,0.5759865550510163,0.7908930516500952,-0.2715926818964255,411.0,0.4939257741949993,0.613166584510044,7.385582890462123,0.0,6.0,7.0,4.0,0.0,0.0,0.9294323765847166,0.22360585262066585,1.0,0.27450980392156865,0.0,0.9299490041481264,0.9299490041481264,0.0,0.9299490041481264,0.9299490041481264,0.0,2134.0,-0.007369637319598102,-0.010524620987491073,0.867166261184092,0.013213463600612199,0.009515832809874052,0.12712273231312904,-0.05797261579813431,1.0,1.0,28,0.27450980392156865,0.7429322289871824,0.22360585262066585,-0.029640942714631774,-0.061370948061118535,0.07890171608714242,-0.031601933206667515,-0.2652762060728726
G33,G33__mom_255_21__top50__monthly__long_only,long_only,mom_255_21,50,monthly,base,5.0,0.0,True,,True,True,0,0,2134.0,1.8142939297310323,0.12996550007397278,0.20782386609983455,0.6923394002322921,0.5582468792689624,0.7659441306814289,-0.2718710399765861,411.0,0.47804098621598523,0.613166584510044,7.385582890462123,0.0439292827818993,6.0,7.0,4.0,0.0,0.0,0.9294323765847166,0.22360585262066585,1.0,0.27450980392156865,0.0,0.9299490041481264,0.9299490041481264,0.0,0.9299490041481264,0.9299490041481264,0.0,2134.0,-0.011069211843828006,-0.014172404035607884,0.8670933425657285,0.009525188097957082,0.005825531455182313,0.12710729953793887,-0.08708557167107528,1.0,1.0,28,0.27450980392156865,0.7429322289871824,0.22360585262066585,-0.029377833273478204,-0.06313806614014073,0.07884122243133046,-0.031615723273386936,-0.26527620607287083
G33,G33__mom_255_21__top50__monthly__long_only,long_only,mom_255_21,50,monthly,base,10.0,0.0,True,,False,True,0,0,2134.0,1.7276067293864337,0.1257984286509064,0.20780708280967197,0.6745923882376997,0.5404888844431561,0.7410122226341901,-0.2721493980567462,418.0,0.46224033398257236,0.613166584510044,7.385582890462123,0.08631833394859713,6.0,7.0,4.0,0.0,0.0,0.9294323765847166,0.22360585262066585,1.0,0.27450980392156865,0.0,0.9299490041481264,0.9299490041481264,0.0,0.9299490041481264,0.9299490041481264,0.0,2134.0,-0.014768786368057608,-0.017807925653696325,0.8670204239473646,0.005836912595302293,0.0021352301004908896,0.12710098352763838,-0.11619726266591873,1.0,1.0,28,0.27450980392156865,0.7429322289871824,0.22360585262066585,-0.029116141740092888,-0.0649092335289072,0.0787807287755184,-0.03162912811319693,-0.26527620607287083
G33,G33__mom_255_21__top50__monthly__long_only,long_only,mom_255_21,50,monthly,base,20.0,0.0,True,,False,True,0,0,2134.0,1.5620819218186752,0.11750627752604026,0.2077902452826292,0.6390383102739756,0.5049236279528656,0.6912049299018709,-0.2727061142170667,421.0,0.4308897798767667,0.613166584510044,7.385582890462123,0.16667563208062652,6.0,7.0,4.0,0.0,0.0,0.9294323765847166,0.22360585262066585,1.0,0.27450980392156865,0.0,0.9299490041481264,0.9299490041481264,0.0,0.9299490041481264,0.9299490041481264,0.0,2134.0,-0.022167935416517376,-0.025042333614173826,0.8668745867106372,-0.0015396384100078596,-0.005245372608892518,0.12711570527596466,-0.17439179028579832,1.0,1.0,28,0.27450980392156865,0.7429322289871824,0.22360585262066585,-0.02859698847999015,-0.06846218162914453,0.07865974146389532,-0.0316547776987634,-0.2652762060728726
G33,G33__mom_255_21__top50__monthly__long_short,long_short,mom_255_21,50,monthly,base,0.0,0.0,True,,False,True,0,0,2134.0,0.49374573201917915,0.04852792483751456,0.11740280390644664,0.46277554326820836,0.22547042031163597,0.29747086471570827,-0.28004838579982005,1403.0,0.17328407267522175,0.6050478330260846,7.287792642972107,0.0,15.0,39.0,10.0,0.0,0.0,0.9215359356662598,0.2434013481360029,1.0,0.23529411764705882,0.0,-0.00012673320825437435,0.46201131460686057,0.4621380478151149,0.9241493624219755,-0.00012673320825437435,0.0,2134.0,-0.1006227162943269,-0.08522183785572826,-0.015937543234673574,0.056800730244434106,0.028499130921363927,0.2275511031193422,-0.44219832343134796,1.0,0.0,24,0.23529411764705882,0.6665277265816046,0.2434013481360029,0.0032461113509425557,0.039754100725933966,0.04832311692689356,-0.03026769450859146,-0.34020782664822846
G33,G33__mom_255_21__top50__monthly__long_short,long_short,mom_255_21,50,monthly,base,0.0,0.01,True,,False,True,0,0,2134.0,0.4367777305891871,0.04372440135885558,0.11742445462187945,0.4236024065687011,0.18632812750397698,0.2454516118686487,-0.28301918625379696,1463.0,0.15449271103354031,0.6051801267029351,7.289386118449974,0.0,15.0,39.0,10.0,0.0,0.0,0.9215359356662598,0.2434013481360029,1.0,0.23529411764705882,0.0,-0.00012690309882977988,0.4621073731537421,0.4622342762525719,0.924341649406314,-0.00012690309882977988,0.04158876107654431,2134.0,-0.1052125810854983,-0.08941262598405154,-0.015947432002235664,0.052212397755993324,0.023910439385332535,0.2275638744719702,-0.4623430732563735,1.0,0.0,24,0.23529411764705882,0.6665277265816046,0.2434013481360029,0.003660723467210379,0.03451437001249358,0.049714588546896255,-0.03027756447822544,-0.34059058900259753
G33,G33__mom_255_21__top50__monthly__long_short,long_short,mom_255_21,50,monthly,base,0.0,0.03,True,,False,True,0,0,2134.0,0.33072926256723956,0.03431665378749438,0.11746724015002435,0.3464006006229358,0.10918772567985156,0.1433988760074771,-0.2980807154480124,1514.0,0.11512537379654629,0.6054433787160308,7.292556985246887,0.0,15.0,39.0,10.0,0.0,0.0,0.9215359356662598,0.2434013481360029,1.0,0.23529411764705882,0.0,-0.00012723853805468572,0.46229683638348634,0.462424074921541,0.9247209113050273,-0.00012723853805468572,0.1188686045360558,2134.0,-0.11426314011185658,-0.09762032539709448,-0.015966908707703637,0.04316485672037906,0.014862190948135186,0.22758910625691245,-0.5020589165760483,1.0,0.0,24,0.23529411764705882,0.6665277265816046,0.2434013481360029,0.004466817951605476,0.02418473876622497,0.05173171694577772,-0.030296961540316636,-0.3413567081412099
G33,G33__mom_255_21__top50__monthly__long_short,long_short,mom_255_21,50,monthly,base,5.0,0.0,True,,False,True,0,0,2134.0,0.448349173268624,0.04471352955507002,0.11740342407715033,0.4317264953562375,0.1944126417042554,0.2561462827104063,-0.2824429217446629,1463.0,0.15830996676734715,0.6050478330260846,7.287792642972107,0.03300757235224772,15.0,39.0,10.0,0.0,0.0,0.9215359356662598,0.2434013481360029,1.0,0.23529411764705882,0.0,-0.00012673320825437435,0.46201131460686057,0.4621380478151149,0.9241493624219755,-0.00012673320825437435,0.0,2134.0,-0.10426769383369343,-0.08854967054717403,-0.01597770114415735,0.05316197532825816,0.024859255043046296,0.2275579213509633,-0.45820287518306624,1.0,0.0,24,0.23529411764705882,0.6665277265816046,0.2434013481360029,0.003411496543266418,0.03453686820419119,0.0488705364139157,-0.030256411481247567,-0.34020782664822846
G33,G33__mom_255_21__top50__monthly__long_short,long_short,mom_255_21,50,monthly,base,5.0,0.01,True,,True,True,0,0,2134.0,0.3931030889639078,0.03992665178123578,0.11742510218829003,0.39255300377850644,0.15527010824461898,0.20426043783247672,-0.2882064725950664,1483.0,0.1385348893164284,0.6051801267029351,7.289386118449974,0.03238926462574952,15.0,39.0,10.0,0.0,0.0,0.9215359356662598,0.2434013481360029,1.0,0.23529411764705882,0.0,-0.00012690309882977988,0.4621073731537421,0.4622342762525719,0.924341649406314,-0.00012690309882977988,0.04091610327006718,2134.0,-0.10885828607033235,-0.09272593628948632,-0.015987555945182592,0.04857291013110379,0.0202698317213501,0.22757070101996968,-0.47834930235935724,1.0,0.0,24,0.23529411764705882,0.6665277265816046,0.2434013481360029,0.0038239111098230805,0.02930003864240119,0.0500565466365524,-0.030266256947846182,-0.34059058900259753
G33,G33__mom_255_21__top50__monthly__long_short,long_short,mom_255_21,50,monthly,base,5.0,0.03,True,,False,True,0,0,2134.0,0.29026091448269575,0.030551501301713024,0.1174679411391584,0.31535045571883114,0.07812918826194164,0.10246950866812239,-0.30527794384767926,1528.0,0.10007765682854876,0.6054433787160308,7.292556985246887,0.031215843268381272,15.0,39.0,10.0,0.0,0.0,0.9215359356662598,0.2434013481360029,1.0,0.23529411764705882,0.0,-0.00012723853805468572,0.46229683638348634,0.462424074921541,0.9247209113050273,-0.00012723853805468572,0.1169695469948208,2134.0,-0.11791029388275723,-0.1009051966814431,-0.01600696474871959,0.039523909787756446,0.011220125821632355,0.22759594875689396,-0.5180685092453153,1.0,0.0,24,0.23529411764705882,0.6665277265816046,0.2434013481360029,0.004625724923677726,0.018976204292423138,0.05188453435424384,-0.03028560556502799,-0.3413567081412099
G33,G33__mom_255_21__top50__monthly__long_short,long_short,mom_255_21,50,monthly,base,10.0,0.0,True,,False,True,0,0,2134.0,0.40431812182691274,0.040911772528950285,0.11741372958216817,0.40064472398318174,0.1633417097335894,0.214920282638385,-0.2869813166677513,1465.0,0.1425590104749409,0.6050478330260846,7.287792642972107,0.0649951672773536,15.0,39.0,10.0,0.0,0.0,0.9215359356662598,0.2434013481360029,1.0,0.23529411764705882,0.0,-0.00012673320825437435,0.46201131460686057,0.4621380478151149,0.9241493624219755,-0.00012673320825437435,0.0,2134.0,-0.10791267137305996,-0.09186647711273263,-0.016017859053641035,0.049523220412082215,0.02121937916472867,0.22756973633970876,-0.4741960557179335,1.0,0.0,24,0.23529411764705882,0.6665277265816046,0.2434013481360029,0.0035756997960183848,0.029317807985089206,0.04926476281802239,-0.03024376882532212,-0.34020782664822846
G33,G33__mom_255_21__top50__monthly__long_short,long_short,mom_255_21,50,monthly,base,10.0,0.01,True,,False,True,0,0,2134.0,0.3507424429351116,0.03614148803518091,0.11743543731775892,0.36147412201749224,0.12420218058854068,0.16317089551500716,-0.2955042209971599,1512.0,0.12230447305701353,0.6051801267029351,7.289386118449974,0.06378412052357164,15.0,39.0,10.0,0.0,0.0,0.9215359356662598,0.2434013481360029,1.0,0.23529411764705882,0.0,-0.00012690309882977988,0.4621073731537421,0.4622342762525719,0.924341649406314,-0.00012690309882977988,0.040257477626088944,2134.0,-0.11250399105516652,-0.0960282662065154,-0.01602767988812965,0.04493342250621415,0.016629224057367553,0.2275825261177682,-0.4943437133523536,1.0,0.0,24,0.23529411764705882,0.6665277265816046,0.2434013481360029,0.003985926284062913,0.02408521073342408,0.0502374445736426,-0.03025358989724937,-0.34059058900259753
G33,G33__mom_255_21__top50__monthly__long_short,long_short,mom_255_21,50,monthly,base,10.0,0.03,True,,False,True,0,0,2134.0,0.2510106187675445,0.02679883200157085,0.11747833415248862,0.28427722644020964,0.04706713797912162,0.061647696243476595,-0.31240380343593965,1535.0,0.08578266879860864,0.6054433787160308,7.292556985246887,0.06148557821801083,15.0,39.0,10.0,0.0,0.0,0.9215359356662598,0.2434013481360029,1.0,0.23529411764705882,0.0,-0.00012723853805468572,0.46229683638348634,0.462424074921541,0.9247209113050273,-0.00012723853805468572,0.11510987414004682,2134.0,-0.12155744765365804,-0.10417917712984304,-0.016047020789735387,0.03588296285513363,0.007578060695129341,0.22760779337940718,-0.5340654019303716,1.0,0.0,24,0.23529411764705882,0.6665277265816046,0.2434013481360029,0.0047834778896401475,0.013769796844625717,0.052028266556652825,-0.030272890294594984,-0.3413567081412099
G33,G33__mom_255_21__top50__monthly__long_short,long_short,mom_255_21,50,monthly,base,20.0,0.0,True,,False,True,0,0,2134.0,0.32019114283338745,0.033346021999485,0.11746338400259097,0.3384138515937349,0.10119117978167053,0.1327939822423847,-0.3013300042053977,1514.0,0.11066280003353106,0.6050478330260846,7.287792642972107,0.12603408354504217,15.0,39.0,10.0,0.0,0.0,0.9215359356662598,0.2434013481360029,1.0,0.23529411764705882,0.0,-0.00012673320825437435,0.46201131460686057,0.4621380478151149,0.9241493624219755,-0.00012673320825437435,0.0,2134.0,-0.11520262645179295,-0.09846714381949564,-0.016098174872608475,0.042245710579730394,0.013939627408093486,0.22760835314694905,-0.5061441061322367,1.0,0.0,24,0.23529411764705882,0.6665277265816046,0.2434013481360029,0.0039005828587206984,0.018887499350574127,0.0496507038948214,-0.030214417393287937,-0.34020782664822846
G33,G33__mom_255_21__top50__monthly__long_short,long_short,mom_255_21,50,monthly,base,20.0,0.01,True,,False,True,0,0,2134.0,0.2698077949648354,0.028608767386556933,0.11748515764288836,0.2992587517767798,0.06206738326813076,0.08132667125075829,-0.3098833362486979,1532.0,0.09232109003627376,0.6051801267029351,7.289386118449974,0.12371078694308121,15.0,39.0,10.0,0.0,0.0,0.9215359356662598,0.2434013481360029,1.0,0.23529411764705882,0.0,-0.00012690309882977988,0.4621073731537421,0.4622342762525719,0.924341649406314,-0.00012690309882977988,0.03898104352604551,2134.0,-0.11979540102483469,-0.1026001163095657,-0.016107927774023662,0.03765444725643501,0.009348008729402606,0.22762116851731573,-0.5262928830616276,1.0,0.0,24,0.23529411764705882,0.6665277265816046,0.2434013481360029,0.004306461464992632,0.013667347497649855,0.050570968415958706,-0.030224190027470232,-0.34059058900259753
G33,G33__mom_255_21__top50__monthly__long_short,long_short,mom_255_21,50,monthly,base,20.0,0.03,True,,False,True,0,0,2134.0,0.1760201231327232,0.01933079347171418,0.11752818356918004,0.22209232428509174,-0.015036739356364048,-0.01964310307130979,-0.32644414533284494,1563.0,0.05921623575758835,0.6054433787160308,7.292556985246887,0.11930035117821897,15.0,39.0,10.0,0.0,0.0,0.9215359356662598,0.2434013481360029,1.0,0.23529411764705882,0.0,-0.00012723853805468572,0.46229683638348634,0.462424074921541,0.9247209113050273,-0.00012723853805468572,0.11150510350306114,2134.0,-0.12885175519545952,-0.1106945959368563,-0.016127132871767216,0.028601068989888165,0.0002939304421234626,0.2276464855391194,-0.566016887501289,1.0,0.0,24,0.23529411764705882,0.6665277265816046,0.2434013481360029,0.00509554377111208,0.003376620089670051,0.05228914577811716,-0.030243394712627852,-0.3413567081412099
G33,G33__mom_255_21__top50__weekly__long_only,long_only,mom_255_21,50,weekly,base,0.0,0.0,True,,False,True,1,0,2134.0,1.7697750481793992,0.1278398333976114,0.19962654346902764,0.7029831983309016,0.5633855479545185,0.7676984675578314,-0.23569386265230374,347.0,0.5423978034854522,0.3032208075247316,15.898205113555372,0.0,8.0,5.0,2.0,2.0,0.0,0.9197592802956254,0.20689420162447347,1.0,0.3310810810810811,0.0,0.9203568486656507,0.9203568486656507,0.0,0.9203568486656507,0.9203568486656507,0.0,2134.0,-0.014619756653743883,-0.01602692160206468,0.800334834004922,0.016319132054514497,0.01075869700828686,0.13316409474877253,-0.10978752704567644,1.0,1.0,147,0.3310810810810811,0.7576402751786235,0.20689420162447347,-0.044558664520758906,-0.10228149392821806,0.12305973312012847,-0.04122665642880316,-0.6626719738955611
G33,G33__mom_255_21__top50__weekly__long_only,long_only,mom_255_21,50,weekly,base,5.0,0.0,True,,False,True,1,0,2134.0,1.5894496540134777,0.11890930155388912,0.19964503915307044,0.6631022732215166,0.5235171783436384,0.7121780034553213,-0.2363121904580069,419.0,0.5031873358857445,0.3032208075247316,15.898205113555372,0.09005240100734005,8.0,5.0,2.0,2.0,0.0,0.9197592802956254,0.20689420162447347,1.0,0.3310810810810811,0.0,0.9203568486656507,0.9203568486656507,0.0,0.9203568486656507,0.9203568486656507,0.0,2134.0,-0.022568783353543995,-0.023818278716600482,0.80038265017441,0.008362696054554915,0.0028036248756087515,0.13317860009001264,-0.1694625363105651,1.0,1.0,147,0.3310810810810811,0.7576402751786235,0.20689420162447347,-0.04382045119913017,-0.10771401615607767,0.12308710205107831,-0.04123163504867347,-0.6626719738955611
G33,G33__mom_255_21__top50__weekly__long_only,long_only,mom_255_21,50,weekly,base,10.0,0.0,True,,True,True,1,0,2134.0,1.4208365745479834,0.11004798317512532,0.1996690425986421,0.6232115453677536,0.4836428355938929,0.6568361361849474,-0.23693013645877326,422.0,0.4644744008505397,0.3032208075247316,15.898205113555372,0.1734348028646821,8.0,5.0,2.0,2.0,0.0,0.9197592802956254,0.20689420162447347,1.0,0.3310810810810811,0.0,0.9203568486656507,0.9203568486656507,0.0,0.9203568486656507,0.9203568486656507,0.0,2134.0,-0.030517810053344096,-0.03154925120544199,0.8004304663438984,0.0004062600545953043,-0.005151447257069343,0.13320136270473676,-0.22911034417111753,1.0,1.0,147,0.3310810810810811,0.7576402751786235,0.20689420162447347,-0.04309106820762948,-0.11314691675962463,0.12311433612080303,-0.041236060567754196,-0.6626719738955611
G33,G33__mom_255_21__top50__weekly__long_only,long_only,mom_255_21,50,weekly,base,20.0,0.0,True,,False,True,1,0,2134.0,1.1157607124912987,0.09253089132569525,0.1997335643758369,0.5434139201369487,0.40388945226210066,0.5467007111798993,-0.2502331655108885,589.0,0.36977868675712744,0.3032208075247316,15.898205113555372,0.32202463650760194,8.0,5.0,2.0,2.0,0.0,0.9197592802956254,0.20689420162447347,1.0,0.3310810810810811,0.0,0.9203568486656507,0.9203568486656507,0.0,0.9203568486656507,0.9203568486656507,0.0,2134.0,-0.046415863452944545,-0.04683187049344726,0.8005260986828739,-0.015506611945324,-0.02106159152242575,0.13327164129584768,-0.34828012172452116,1.0,1.0,147,0.3310810810810811,0.7576402751786235,0.20689420162447347,-0.04165842805732864,-0.12400915386408634,0.12330156608493531,-0.0412432533822229,-0.6626719738955611
G33,G33__mom_255_21__top50__weekly__long_short,long_short,mom_255_21,50,weekly,base,0.0,0.0,True,,False,True,9,0,2134.0,0.5233497708241324,0.0509606625910235,0.11436820076318194,0.4921583905469205,0.24857412043920069,0.3295565251598154,-0.2643955330895583,1166.0,0.19274403767540832,0.2880590841862208,15.103259049403878,0.0,16.0,36.0,8.0,12.0,3.0,0.9138007170808541,0.2165415746485768,1.0,0.24549549549549549,0.0,0.00020833238674434796,0.45694869470212696,0.4567403623153825,0.9136890570175096,0.00020833238674434796,0.0,2134.0,-0.09866659303598896,-0.0830994190641869,-0.03242116912554472,0.061311055005095184,0.03255133532684572,0.22867029508125966,-0.4314797118748068,1.0,0.0,109,0.24549549549549549,0.6488763154486166,0.2165415746485768,0.005710276256984795,0.06250763850298838,0.11019564014304106,-0.031257496967824955,-1.0383257081052015
G33,G33__mom_255_21__top50__weekly__long_short,long_short,mom_255_21,50,weekly,base,0.0,0.01,True,,False,True,9,0,2134.0,0.46585703362520103,0.04619693377114098,0.11437414645367582,0.452411460527417,0.20882476357953733,0.2764163915355217,-0.26984513139451705,1204.0,0.17119795170067556,0.2880746675159451,15.104076100761043,0.0,16.0,36.0,8.0,12.0,3.0,0.9138007170808541,0.2165415746485768,1.0,0.24549549549549549,0.0,0.00020835539646806613,0.45697473130502314,0.4567663759085551,0.9137411072135784,0.00020835539646806613,0.04147092873794342,2134.0,-0.1032096880096595,-0.0872554887229692,-0.03242729200861032,0.05676890879580623,0.028008929762751208,0.2286742547858863,-0.4513393434092415,1.0,0.0,109,0.24549549549549549,0.6488763154486166,0.2165415746485768,0.006137127385756079,0.05695848677523754,0.11070625441093407,-0.031261301809053885,-1.0386197227966871
G33,G33__mom_255_21__top50__weekly__long_short,long_short,mom_255_21,50,weekly,base,0.0,0.03,True,,False,True,9,0,2134.0,0.3588128076323833,0.03687061704832795,0.11438595260611664,0.3740831110454361,0.13049228391988227,0.17218787409741892,-0.28243703315038804,1461.0,0.13054455585042068,0.2881057484025113,15.105705706307491,0.0,16.0,36.0,8.0,12.0,3.0,0.9138007170808541,0.2165415746485768,1.0,0.24549549549549549,0.0,0.0002084007752574284,0.45702605451575895,0.45681765374050154,0.9138437082562606,0.0002084007752574284,0.11850607364066307,2134.0,-0.11216400964255174,-0.09539214457082831,-0.032439362043516405,0.047816457461445055,0.019055967180788214,0.2286821035259719,-0.49048005031059655,1.0,0.0,109,0.24549549549549549,0.6488763154486166,0.2165415746485768,0.006966334323888448,0.04602081878709356,0.11038431916067187,-0.03126871732317335,-1.0392045257176985
G33,G33__mom_255_21__top50__weekly__long_short,long_short,mom_255_21,50,weekly,base,5.0,0.0,True,,False,True,9,0,2134.0,0.42897492500052703,0.043053443129513536,0.11438180120676354,0.42607809937686403,0.18249819653571625,0.2412681022301062,-0.27432764130717735,1207.0,0.15694168813745096,0.2880590841862208,15.103259049403878,0.06787997418435865,16.0,36.0,8.0,12.0,3.0,0.9138007170808541,0.2165415746485768,1.0,0.24549549549549549,0.0,0.00020833238674434796,0.45694869470212696,0.4567403623153825,0.9136890570175096,0.00020833238674434796,0.0,2134.0,-0.10621828219186355,-0.08999799707563187,-0.03231346199558271,0.053742676213397664,0.02498591085270026,0.22865975354328796,-0.46452548183891573,1.0,0.0,109,0.24549549549549549,0.6488763154486166,0.2165415746485768,0.006205818312379235,0.05187418706641045,0.11054465559766574,-0.031282603743229845,-1.0383257081052015
G33,G33__mom_255_21__top50__weekly__long_short,long_short,mom_255_21,50,weekly,base,5.0,0.01,True,,False,True,9,0,2134.0,0.37503923069766554,0.03832513140582461,0.11438779106232477,0.38633684423621295,0.14275478605804368,0.1884257951561374,-0.28014407761404647,1456.0,0.13680507448965246,0.2880746675159451,15.104076100761043,0.06657876324003653,16.0,36.0,8.0,12.0,3.0,0.9138007170808541,0.2165415746485768,1.0,0.24549549549549549,0.0,0.00020835539646806613,0.45697473130502314,0.4567663759085551,0.9137411072135784,0.00020835539646806613,0.04011002331531423,2134.0,-0.11076164443517382,-0.0941231674274958,-0.03231959387723705,0.049200264128835075,0.020443239146155125,0.22866373732649672,-0.48438657449660766,1.0,0.0,109,0.24549549549549549,0.6488763154486166,0.2165415746485768,0.0066269327381894075,0.046320930454705075,0.11059140390099942,-0.031286376347037514,-1.0386197227966871
G33,G33__mom_255_21__top50__weekly__long_short,long_short,mom_255_21,50,weekly,base,5.0,0.03,True,,False,True,9,0,2134.0,0.27461817943858846,0.029068149191963988,0.11439968384919033,0.3080197340227246,0.06443407972851438,0.08478174092898025,-0.2970838083469889,1512.0,0.09784494602281683,0.2881057484025113,15.105705706307491,0.0641109503413387,16.0,36.0,8.0,12.0,3.0,0.9138007170808541,0.2165415746485768,1.0,0.24549549549549549,0.0,0.0002084007752574284,0.45702605451575895,0.45681765374050154,0.9138437082562606,0.0002084007752574284,0.11466579883287817,2134.0,-0.11971650246183228,-0.10219933304598398,-0.03233168159661321,0.040247279140984624,0.0114897423849264,0.228671633321116,-0.5235301848468383,1.0,0.0,109,0.24549549549549549,0.6488763154486166,0.2165415746485768,0.0074449597362704865,0.03537529860371408,0.1098677779457905,-0.03129372847397438,-1.0392045257176985
G33,G33__mom_255_21__top50__weekly__long_short,long_short,mom_255_21,50,weekly,base,10.0,0.0,True,,False,True,9,0,2134.0,0.3404327600446284,0.03520443496202463,0.11440423277236184,0.35998573048911414,0.11642914208943622,0.15348869686364824,-0.2862666142501702,1463.0,0.12297778787176089,0.2880590841862208,15.103259049403878,0.1314045945994316,16.0,36.0,8.0,12.0,3.0,0.9138007170808541,0.2165415746485768,1.0,0.24549549549549549,0.0,0.00020833238674434796,0.45694869470212696,0.4567403623153825,0.9136890570175096,0.00020833238674434796,0.0,2134.0,-0.11376997134773834,-0.09684578920021776,-0.03220575486562044,0.04617429742169993,0.017420486378554582,0.22865363075148643,-0.49756468320150976,1.0,0.0,109,0.24549549549549549,0.6488763154486166,0.2165415746485768,0.0066934385188267345,0.041222208097047325,0.1094649351624089,-0.03130652643109996,-1.0383257081052015
G33,G33__mom_255_21__top50__weekly__long_short,long_short,mom_255_21,50,weekly,base,10.0,0.01,True,,True,True,9,0,2134.0,0.28983456556476184,0.03051128272122039,0.11441026696660418,0.32025326715959157,0.07669479663902269,0.1009460962163303,-0.2948386239504952,1511.0,0.10348468702100366,0.2880746675159451,15.104076100761043,0.12891323068252833,16.0,36.0,8.0,12.0,3.0,0.9138007170808541,0.2165415746485768,1.0,0.24549549549549549,0.0,0.00020835539646806613,0.45697473130502314,0.4567663759085551,0.9137411072135784,0.00020835539646806613,0.038807589535184414,2134.0,-0.11831360086068758,-0.10094028499742966,-0.0322118957458636,0.04163161946186445,0.01287754852955961,0.2286576388632187,-0.517426845868298,1.0,0.0,109,0.24549549549549549,0.6488763154486166,0.2165415746485768,0.007108878015143691,0.03566616846569469,0.10943391325883539,-0.031310266858427624,-1.0386197227966871
G33,G33__mom_255_21__top50__weekly__long_short,long_short,mom_255_21,50,weekly,base,10.0,0.03,True,,False,True,9,0,2134.0,0.19562787699789141,0.0213231307306736,0.11442224674605866,0.2419535375290515,-0.0016079917743335582,-0.0021098210757364024,-0.3114340222985986,1530.0,0.06846757002749455,0.2881057484025113,15.105705706307491,0.12418724429518962,16.0,36.0,8.0,12.0,3.0,0.9138007170808541,0.2165415746485768,1.0,0.24549549549549549,0.0,0.0002084007752574284,0.45702605451575895,0.45681765374050154,0.9138437082562606,0.0002084007752574284,0.11098954162238597,2134.0,-0.12726899528111277,-0.10895640034573276,-0.03222400114970984,0.03267810082052421,0.003923517589064608,0.22866558261545578,-0.5565725887797446,1.0,0.0,109,0.24549549549549549,0.6488763154486166,0.2165415746485768,0.007915845609420701,0.02471517714810814,0.1093214617066125,-0.03131755572467204,-1.0392045257176985
G33,G33__mom_255_21__top50__weekly__long_short,long_short,mom_255_21,50,weekly,base,20.0,0.0,True,,False,True,9,0,2134.0,0.17943014584900108,0.019679378836959582,0.11447556646022942,0.22782602262044582,-0.01562717437587457,-0.020486126287655088,-0.31511405758710176,1533.0,0.06245160557941766,0.2880590841862208,15.103259049403878,0.2464790576061364,16.0,36.0,8.0,12.0,3.0,0.9138007170808541,0.2165415746485768,1.0,0.24549549549549549,0.0,0.00020833238674434796,0.45694869470212696,0.4567403623153825,0.9136890570175096,0.00020833238674434796,0.0,2134.0,-0.12887334965948707,-0.11039047596807322,-0.03199034060569637,0.03103753983830533,0.00228963743026411,0.2286546425700914,-0.5636157141221503,1.0,0.0,109,0.24549549549549549,0.6488763154486166,0.2165415746485768,0.007645273452801282,0.01988906905840143,0.10842058621301404,-0.03135081198118257,-1.0383257081052015
G33,G33__mom_255_21__top50__weekly__long_short,long_short,mom_255_21,50,weekly,base,20.0,0.01,True,,False,True,9,0,2134.0,0.134901562278106,0.015055780039373134,0.11448168981236215,0.18812046692293297,-0.055334061399345616,-0.0724239377837764,-0.32334104878406855,1561.0,0.0465631570627693,0.2880746675159451,15.104076100761043,0.24190939905135267,16.0,36.0,8.0,12.0,3.0,0.9138007170808541,0.2165415746485768,1.0,0.24549549549549549,0.0,0.00020835539646806613,0.45697473130502314,0.4567663759085551,0.9137411072135784,0.00020835539646806613,0.03636714097591902,2134.0,-0.13341751371171576,-0.11442429052881027,-0.03199649948311687,0.026494330127922613,-0.002253832703632027,0.22865870008308312,-0.5834788427610169,1.0,0.0,109,0.24549549549549549,0.6488763154486166,0.2165415746485768,0.008049546044443634,0.014331424667181777,0.10834394881544634,-0.03135448827210524,-1.0386197227966871
G33,G33__mom_255_21__top50__weekly__long_short,long_short,mom_255_21,50,weekly,base,20.0,0.03,True,,False,True,9,0,2134.0,0.05199630831256874,0.006003789961526174,0.11449384457237989,0.10987386947004621,-0.13358263468008932,-0.17429313412853784,-0.33926847186552134,1568.0,0.01769628026003532,0.2881057484025113,15.105705706307491,0.23323731653098603,16.0,36.0,8.0,12.0,3.0,0.9138007170808541,0.2165415746485768,1.0,0.24549549549549549,0.0,0.0002084007752574284,0.45702605451575895,0.45681765374050154,0.9138437082562606,0.0002084007752574284,0.1040983408361763,2134.0,-0.1423739809196742,-0.1223216127183396,-0.03200864025590301,0.01753974417960291,-0.011208932002659457,0.22866674084879396,-0.6226265367284834,1.0,0.0,109,0.24549549549549549,0.6488763154486166,0.2165415746485768,0.008834751820115474,0.0033775188273293677,0.10814554471485888,-0.03136165106263471,-1.0392045257176985
