factor_id,frequency,pair_id,left_state,right_state,left_bin,right_bin,observations,calendar_years,mean_active_return,active_ir,mean_rank_ic,relative_log_contribution
XS001_MOM_255_0,monthly,trend_x_volatility,MKT_TREND126,MKT_LOG_RV21,low,low,3,3,0.014121699423550757,1.9140418895237843,0.032723919592006705,0.04058953742560446
XS001_MOM_255_0,monthly,trend_x_volatility,MKT_TREND126,MKT_LOG_RV21,low,mid,7,4,-0.004925568234801868,-0.47199981222050075,-0.08980243742591373,-0.04067499952636641
XS001_MOM_255_0,monthly,trend_x_volatility,MKT_TREND126,MKT_LOG_RV21,low,high,28,7,0.021008791742606225,1.1846941427189246,0.02463351254785588,0.5386176579391125
XS001_MOM_255_0,monthly,trend_x_volatility,MKT_TREND126,MKT_LOG_RV21,mid,low,3,3,-0.006740752872848255,-0.4201754485660354,0.040836311763874956,-0.021841133658717343
XS001_MOM_255_0,monthly,trend_x_volatility,MKT_TREND126,MKT_LOG_RV21,mid,mid,13,5,0.015346216535866857,0.9742368466292087,0.06528137593123852,0.17970776734857832
XS001_MOM_255_0,monthly,trend_x_volatility,MKT_TREND126,MKT_LOG_RV21,mid,high,3,3,-0.03258118852662332,-2.9604920677856303,-0.2083367016260991,-0.09865427335997401
XS001_MOM_255_0,monthly,trend_x_volatility,MKT_TREND126,MKT_LOG_RV21,high,low,16,8,0.0022584897999242404,0.16941101444123147,0.08224166885109442,0.019457825435385212
XS001_MOM_255_0,monthly,trend_x_volatility,MKT_TREND126,MKT_LOG_RV21,high,mid,16,7,0.015111970348458653,1.4479521006850893,0.06495246048721179,0.23149642125798525
XS001_MOM_255_0,monthly,trend_x_volatility,MKT_TREND126,MKT_LOG_RV21,high,high,12,6,-0.004899912300738783,-0.47931132271290117,-0.15239243216840234,-0.0561437279421037
XS001_MOM_255_0,monthly,breadth_x_volatility,MKT_BREADTH_RSP63,MKT_LOG_RV21,low,low,16,7,-0.010934295595266617,-0.9122721108281655,0.03526884256438349,-0.18901003823977996
XS001_MOM_255_0,monthly,breadth_x_volatility,MKT_BREADTH_RSP63,MKT_LOG_RV21,low,mid,19,7,0.0030537482795192318,0.27905103656830854,0.011944370770776702,0.05076428813205578
XS001_MOM_255_0,monthly,breadth_x_volatility,MKT_BREADTH_RSP63,MKT_LOG_RV21,low,high,14,7,-0.00276080804853487,-0.24429827577210303,-0.0846391904478012,-0.019281334851890305
XS001_MOM_255_0,monthly,breadth_x_volatility,MKT_BREADTH_RSP63,MKT_LOG_RV21,mid,low,5,4,0.04190805829602982,5.151847334040336,0.1986421248410066,0.20374849335225886
XS001_MOM_255_0,monthly,breadth_x_volatility,MKT_BREADTH_RSP63,MKT_LOG_RV21,mid,mid,12,6,0.027975550417059913,1.806984584172406,0.06232371377348189,0.3063870477885592
XS001_MOM_255_0,monthly,breadth_x_volatility,MKT_BREADTH_RSP63,MKT_LOG_RV21,mid,high,6,3,0.022938695114455603,1.6171460811454217,0.01401326903148712,0.12510191807303453
XS001_MOM_255_0,monthly,breadth_x_volatility,MKT_BREADTH_RSP63,MKT_LOG_RV21,high,low,1,1,0.02368711449501215,,-0.02096470955001334,0.02346777408979346
XS001_MOM_255_0,monthly,breadth_x_volatility,MKT_BREADTH_RSP63,MKT_LOG_RV21,high,mid,5,4,0.0026171081164820366,0.3336183857236394,0.0568905165987106,0.013377853159582218
XS001_MOM_255_0,monthly,breadth_x_volatility,MKT_BREADTH_RSP63,MKT_LOG_RV21,high,high,23,8,0.014466208591173632,0.7652150487232756,-0.028830951629515926,0.27799907341589064
XS001_MOM_255_0,monthly,dispersion_x_correlation,MKT_XS_DISP21,MKT_AVG_CORR63,low,low,4,3,0.028827165046567377,5.56670358517779,0.12220568232611678,0.11227149274927083
XS001_MOM_255_0,monthly,dispersion_x_correlation,MKT_XS_DISP21,MKT_AVG_CORR63,low,mid,0,0,,,,0.0
XS001_MOM_255_0,monthly,dispersion_x_correlation,MKT_XS_DISP21,MKT_AVG_CORR63,low,high,1,1,-0.01831104330643174,,-0.5342908065288173,-0.01736927787366173
XS001_MOM_255_0,monthly,dispersion_x_correlation,MKT_XS_DISP21,MKT_AVG_CORR63,mid,low,22,8,0.00710566265155295,0.42828886076874834,0.05643426398801608,0.11020077888475552
XS001_MOM_255_0,monthly,dispersion_x_correlation,MKT_XS_DISP21,MKT_AVG_CORR63,mid,mid,6,3,0.012837672000234909,1.741202117642404,0.0018492106141560019,0.07537943113973192
XS001_MOM_255_0,monthly,dispersion_x_correlation,MKT_XS_DISP21,MKT_AVG_CORR63,mid,high,7,4,0.016951735077671337,1.9421410817260252,0.08840677230024574,0.10992723197900159
XS001_MOM_255_0,monthly,dispersion_x_correlation,MKT_XS_DISP21,MKT_AVG_CORR63,high,low,26,8,0.013629782800679268,1.0171842021244921,0.006099136907334913,0.3294037890771936
XS001_MOM_255_0,monthly,dispersion_x_correlation,MKT_XS_DISP21,MKT_AVG_CORR63,high,mid,14,6,-0.0055589458320017115,-0.36674996428020074,-0.040869578906211665,-0.08767620796602793
XS001_MOM_255_0,monthly,dispersion_x_correlation,MKT_XS_DISP21,MKT_AVG_CORR63,high,high,21,6,0.008154105286875254,0.5091072654040119,-0.018123105055062667,0.16041783692924058
XS001_MOM_255_0,weekly,trend_x_volatility,MKT_TREND126,MKT_LOG_RV21,low,low,9,3,0.0058851522166801905,2.4278385147501664,0.0697236176021625,0.05185640023392634
XS001_MOM_255_0,weekly,trend_x_volatility,MKT_TREND126,MKT_LOG_RV21,low,mid,28,6,0.005049936270209986,1.4438067611046053,-0.025940891381117274,0.13298323522001934
XS001_MOM_255_0,weekly,trend_x_volatility,MKT_TREND126,MKT_LOG_RV21,low,high,123,7,0.0015977221264102325,0.345529001614285,0.0076341832190190625,0.17211179974250862
XS001_MOM_255_0,weekly,trend_x_volatility,MKT_TREND126,MKT_LOG_RV21,mid,low,14,7,-0.0015343593032203229,-0.5717901543486276,0.00490327061556649,-0.023029763130406677
XS001_MOM_255_0,weekly,trend_x_volatility,MKT_TREND126,MKT_LOG_RV21,mid,mid,44,8,0.003465527384778917,0.7717301103250023,-0.010429397636429784,0.12221010910655192
XS001_MOM_255_0,weekly,trend_x_volatility,MKT_TREND126,MKT_LOG_RV21,mid,high,36,8,0.01087700465631123,3.0410219588538387,0.07534314961241557,0.372581148111512
XS001_MOM_255_0,weekly,trend_x_volatility,MKT_TREND126,MKT_LOG_RV21,high,low,68,9,0.0024861270355900373,0.8068208870432336,0.03719232880504205,0.14874623708493345
XS001_MOM_255_0,weekly,trend_x_volatility,MKT_TREND126,MKT_LOG_RV21,high,mid,72,7,0.0008673564396160685,0.2323815652482869,0.012003513387117361,0.023663405302553925
XS001_MOM_255_0,weekly,trend_x_volatility,MKT_TREND126,MKT_LOG_RV21,high,high,49,8,-0.008456077163424454,-1.9294277505957391,-0.0760371174860887,-0.438506332855135
XS001_MOM_255_0,weekly,breadth_x_volatility,MKT_BREADTH_RSP63,MKT_LOG_RV21,low,low,71,8,0.0013032717769872854,0.4132419795319456,0.03943678673825381,0.07272154731020114
XS001_MOM_255_0,weekly,breadth_x_volatility,MKT_BREADTH_RSP63,MKT_LOG_RV21,low,mid,79,8,-0.00044352248430760597,-0.105415094474066,-0.028698011199368698,-0.08798107781503262
XS001_MOM_255_0,weekly,breadth_x_volatility,MKT_BREADTH_RSP63,MKT_LOG_RV21,low,high,72,9,-0.0034050664744668963,-0.6888990258385552,-0.023646715991660777,-0.24602141634941332
XS001_MOM_255_0,weekly,breadth_x_volatility,MKT_BREADTH_RSP63,MKT_LOG_RV21,mid,low,10,7,0.006191591777010108,2.548414945676343,0.02360556483333117,0.05983136780136379
XS001_MOM_255_0,weekly,breadth_x_volatility,MKT_BREADTH_RSP63,MKT_LOG_RV21,mid,mid,26,7,0.0029137364963254895,1.0535673656711129,0.011656122525372804,0.07070647791199755
XS001_MOM_255_0,weekly,breadth_x_volatility,MKT_BREADTH_RSP63,MKT_LOG_RV21,mid,high,40,8,0.0036249448669643386,0.9197352886443534,0.02072028028214918,0.12430339853034747
XS001_MOM_255_0,weekly,breadth_x_volatility,MKT_BREADTH_RSP63,MKT_LOG_RV21,high,low,10,5,0.004609376418896138,2.5972527534265137,0.018916919903092126,0.045019959076888175
XS001_MOM_255_0,weekly,breadth_x_volatility,MKT_BREADTH_RSP63,MKT_LOG_RV21,high,mid,39,6,0.00809262080780377,2.061066461904109,0.04213072328945357,0.29613134953216025
XS001_MOM_255_0,weekly,breadth_x_volatility,MKT_BREADTH_RSP63,MKT_LOG_RV21,high,high,96,9,0.0028532416630302876,0.6644097987838038,0.008325953180016318,0.22790463281795134
XS001_MOM_255_0,weekly,dispersion_x_correlation,MKT_XS_DISP21,MKT_AVG_CORR63,low,low,26,7,0.0014222765665373683,0.45414780888879425,-0.015984874221436733,0.026169407887738416
XS001_MOM_255_0,weekly,dispersion_x_correlation,MKT_XS_DISP21,MKT_AVG_CORR63,low,mid,4,2,0.0252275738323951,10.740637967809828,0.1871370677647749,0.09903164890463297
XS001_MOM_255_0,weekly,dispersion_x_correlation,MKT_XS_DISP21,MKT_AVG_CORR63,low,high,6,4,-0.0014953127776879034,-0.7338281264554882,-0.2334109000410163,-0.009845610353954877
XS001_MOM_255_0,weekly,dispersion_x_correlation,MKT_XS_DISP21,MKT_AVG_CORR63,mid,low,75,9,0.0022175417890418977,0.644451888990587,0.012348209437505014,0.13854123556767145
XS001_MOM_255_0,weekly,dispersion_x_correlation,MKT_XS_DISP21,MKT_AVG_CORR63,mid,mid,20,7,-0.0005099952784189787,-0.21500812524842522,0.006492108624198076,-0.014348349763392023
XS001_MOM_255_0,weekly,dispersion_x_correlation,MKT_XS_DISP21,MKT_AVG_CORR63,mid,high,31,6,-0.0029406228166571867,-0.6550886553102994,-0.04703818321508288,-0.10316231386719345
XS001_MOM_255_0,weekly,dispersion_x_correlation,MKT_XS_DISP21,MKT_AVG_CORR63,high,low,124,8,0.002175845949216355,0.4711773184838586,0.02312461048994703,0.18285902037401103
XS001_MOM_255_0,weekly,dispersion_x_correlation,MKT_XS_DISP21,MKT_AVG_CORR63,high,mid,78,7,0.003897761927114648,1.2614842584944403,0.025007408205904816,0.2704149039538748
XS001_MOM_255_0,weekly,dispersion_x_correlation,MKT_XS_DISP21,MKT_AVG_CORR63,high,high,79,6,-0.0004694568134563525,-0.09741758531491627,-0.006563158257626001,-0.0270437038869245
XS002_MOM_12_1,monthly,trend_x_volatility,MKT_TREND126,MKT_LOG_RV21,low,low,3,3,0.014151023323282145,1.5927338593160076,0.02477897793091226,0.04052680284704162
XS002_MOM_12_1,monthly,trend_x_volatility,MKT_TREND126,MKT_LOG_RV21,low,mid,7,4,0.0006560943519301794,0.06501986656041882,-0.07135545760632002,-0.0025661410901823556
XS002_MOM_12_1,monthly,trend_x_volatility,MKT_TREND126,MKT_LOG_RV21,low,high,28,7,0.02044982020059073,1.2853091630670412,0.031201440980780096,0.5079865263830169
XS002_MOM_12_1,monthly,trend_x_volatility,MKT_TREND126,MKT_LOG_RV21,mid,low,3,3,-0.008244003185155094,-0.5001401540463545,0.05669919203576915,-0.026561043023564507
XS002_MOM_12_1,monthly,trend_x_volatility,MKT_TREND126,MKT_LOG_RV21,mid,mid,13,5,0.009842083096137228,0.6673435199752126,0.04888255844317911,0.11189368051258088
XS002_MOM_12_1,monthly,trend_x_volatility,MKT_TREND126,MKT_LOG_RV21,mid,high,3,3,-0.03134786847518726,-2.967699413979301,-0.19495992279882565,-0.09537562658422186
XS002_MOM_12_1,monthly,trend_x_volatility,MKT_TREND126,MKT_LOG_RV21,high,low,16,8,-0.0036576546610802355,-0.3097424953676018,0.07090429610037431,-0.07316991599445684
XS002_MOM_12_1,monthly,trend_x_volatility,MKT_TREND126,MKT_LOG_RV21,high,mid,16,7,0.012396250079589714,1.354758630055592,0.049034754001501146,0.18997960213848972
XS002_MOM_12_1,monthly,trend_x_volatility,MKT_TREND126,MKT_LOG_RV21,high,high,12,6,-0.009947996874020778,-0.8051737520191761,-0.1521834222254211,-0.116482441773069
XS002_MOM_12_1,monthly,breadth_x_volatility,MKT_BREADTH_RSP63,MKT_LOG_RV21,low,low,16,7,-0.014867046123673629,-1.362920562922554,0.025346264767179327,-0.25061434534605964
XS002_MOM_12_1,monthly,breadth_x_volatility,MKT_BREADTH_RSP63,MKT_LOG_RV21,low,mid,19,7,0.0009308902318493468,0.08546495712397512,0.004035215442268173,0.00690259315749614
XS002_MOM_12_1,monthly,breadth_x_volatility,MKT_BREADTH_RSP63,MKT_LOG_RV21,low,high,14,7,-0.0029199789995581087,-0.30692444920985246,-0.09371616201469676,-0.04216799261469213
XS002_MOM_12_1,monthly,breadth_x_volatility,MKT_BREADTH_RSP63,MKT_LOG_RV21,mid,low,5,4,0.036320599104923336,4.803353594384372,0.19746675772290095,0.17602713620985014
XS002_MOM_12_1,monthly,breadth_x_volatility,MKT_BREADTH_RSP63,MKT_LOG_RV21,mid,mid,12,6,0.024643057703636173,1.9093410706743636,0.045250165965894235,0.2739002404590821
XS002_MOM_12_1,monthly,breadth_x_volatility,MKT_BREADTH_RSP63,MKT_LOG_RV21,mid,high,6,3,0.028912583555488685,2.2189377856208923,0.025443059473728245,0.15728944953768775
XS002_MOM_12_1,monthly,breadth_x_volatility,MKT_BREADTH_RSP63,MKT_LOG_RV21,high,low,1,1,0.01546832829125877,,-0.013970777383341052,0.015383052965229769
XS002_MOM_12_1,monthly,breadth_x_volatility,MKT_BREADTH_RSP63,MKT_LOG_RV21,high,mid,5,4,0.003495227027591796,0.4877633917382577,0.060174007109456105,0.018504307944309958
XS002_MOM_12_1,monthly,breadth_x_volatility,MKT_BREADTH_RSP63,MKT_LOG_RV21,high,high,23,8,0.009851287059287424,0.5364858845973068,-0.01643793809896968,0.1810070011027304
XS002_MOM_12_1,monthly,dispersion_x_correlation,MKT_XS_DISP21,MKT_AVG_CORR63,low,low,4,3,0.026868174007069145,3.7567879602852323,0.1268485174267327,0.10357126358138616
XS002_MOM_12_1,monthly,dispersion_x_correlation,MKT_XS_DISP21,MKT_AVG_CORR63,low,mid,0,0,,,,0.0
XS002_MOM_12_1,monthly,dispersion_x_correlation,MKT_XS_DISP21,MKT_AVG_CORR63,low,high,1,1,-0.025651179069206664,,-0.48377353966132075,-0.024417498966935056
XS002_MOM_12_1,monthly,dispersion_x_correlation,MKT_XS_DISP21,MKT_AVG_CORR63,mid,low,22,8,0.004163212506583999,0.25474987811626637,0.05269709881111318,0.044396232885151626
XS002_MOM_12_1,monthly,dispersion_x_correlation,MKT_XS_DISP21,MKT_AVG_CORR63,mid,mid,6,3,0.0043749708305813595,0.49161706766435487,-0.004248290115036152,0.025491046215210263
XS002_MOM_12_1,monthly,dispersion_x_correlation,MKT_XS_DISP21,MKT_AVG_CORR63,mid,high,7,4,0.021895917820405435,2.4585098116080646,0.06552961490737665,0.14366927462122758
XS002_MOM_12_1,monthly,dispersion_x_correlation,MKT_XS_DISP21,MKT_AVG_CORR63,high,low,26,8,0.012792091314784631,0.9510998877080395,0.011735570553191828,0.307866172803642
XS002_MOM_12_1,monthly,dispersion_x_correlation,MKT_XS_DISP21,MKT_AVG_CORR63,high,mid,14,6,-0.01012167073886816,-0.9228857892725609,-0.05993389846220567,-0.14443228035444944
XS002_MOM_12_1,monthly,dispersion_x_correlation,MKT_XS_DISP21,MKT_AVG_CORR63,high,high,21,6,0.005020442850288909,0.3610177788089038,-0.015248602050294076,0.0800872326304014
XS002_MOM_12_1,weekly,trend_x_volatility,MKT_TREND126,MKT_LOG_RV21,low,low,9,3,0.0011285946241590653,0.3712671573414601,0.08941643929337673,0.00852817844898265
XS002_MOM_12_1,weekly,trend_x_volatility,MKT_TREND126,MKT_LOG_RV21,low,mid,28,6,0.0043825086954664095,1.2611094035614228,-0.01393046168456495,0.11455665020056019
XS002_MOM_12_1,weekly,trend_x_volatility,MKT_TREND126,MKT_LOG_RV21,low,high,123,7,0.0019641781651216325,0.4266107676412455,0.014895708331309217,0.18717841012487224
XS002_MOM_12_1,weekly,trend_x_volatility,MKT_TREND126,MKT_LOG_RV21,mid,low,14,7,-0.002757281064056744,-0.9336524825286392,-0.011992792796964089,-0.040343085991387785
XS002_MOM_12_1,weekly,trend_x_volatility,MKT_TREND126,MKT_LOG_RV21,mid,mid,44,8,0.0023020898395187824,0.5165564012159279,-0.013152654227580485,0.07126982717638328
XS002_MOM_12_1,weekly,trend_x_volatility,MKT_TREND126,MKT_LOG_RV21,mid,high,36,8,0.012549337329223673,3.4834509545709427,0.09869309842212558,0.4297939203355068
XS002_MOM_12_1,weekly,trend_x_volatility,MKT_TREND126,MKT_LOG_RV21,high,low,68,9,0.001691753230153896,0.5592695783474598,0.03595123324597865,0.09419056601389172
XS002_MOM_12_1,weekly,trend_x_volatility,MKT_TREND126,MKT_LOG_RV21,high,mid,72,7,0.00023581161519170866,0.06516096486126273,0.012719646932144692,-0.01909073576742583
XS002_MOM_12_1,weekly,trend_x_volatility,MKT_TREND126,MKT_LOG_RV21,high,high,49,8,-0.008006875348978938,-1.8804339091575173,-0.0718576532024033,-0.4140053015369214
XS002_MOM_12_1,weekly,breadth_x_volatility,MKT_BREADTH_RSP63,MKT_LOG_RV21,low,low,71,8,8.299012334636786e-05,0.025991829379649466,0.036329042874145644,-0.014270223073312879
XS002_MOM_12_1,weekly,breadth_x_volatility,MKT_BREADTH_RSP63,MKT_LOG_RV21,low,mid,79,8,-0.001944529886350333,-0.4769050401650187,-0.026435437389541173,-0.20465080667462948
XS002_MOM_12_1,weekly,breadth_x_volatility,MKT_BREADTH_RSP63,MKT_LOG_RV21,low,high,72,9,-0.001102412458463437,-0.22631527468495385,-0.011603144238370918,-0.10602523878687263
XS002_MOM_12_1,weekly,breadth_x_volatility,MKT_BREADTH_RSP63,MKT_LOG_RV21,mid,low,10,7,0.004179980450171916,1.6782528566964425,0.02379899271926466,0.03930670350420666
XS002_MOM_12_1,weekly,breadth_x_volatility,MKT_BREADTH_RSP63,MKT_LOG_RV21,mid,mid,26,7,0.002636604839447648,0.9126364046848301,0.004306237684866581,0.06313345235767186
XS002_MOM_12_1,weekly,breadth_x_volatility,MKT_BREADTH_RSP63,MKT_LOG_RV21,mid,high,40,8,0.0025599219157162014,0.656268997145684,0.02242584714855122,0.08198816813017154
XS002_MOM_12_1,weekly,breadth_x_volatility,MKT_BREADTH_RSP63,MKT_LOG_RV21,high,low,10,5,0.0038902533111790814,2.108681447490502,0.026418074395245413,0.037339178040592835
XS002_MOM_12_1,weekly,breadth_x_volatility,MKT_BREADTH_RSP63,MKT_LOG_RV21,high,mid,39,6,0.008360173535941703,2.182066664837319,0.049320057433340475,0.30825309592647526
XS002_MOM_12_1,weekly,breadth_x_volatility,MKT_BREADTH_RSP63,MKT_LOG_RV21,high,high,96,9,0.0028959373587787974,0.6673473310739849,0.018775949585942198,0.22700409958015869
XS002_MOM_12_1,weekly,dispersion_x_correlation,MKT_XS_DISP21,MKT_AVG_CORR63,low,low,26,7,0.0006917243041069879,0.23170312045139935,-0.007900563003475533,0.007501794405334045
XS002_MOM_12_1,weekly,dispersion_x_correlation,MKT_XS_DISP21,MKT_AVG_CORR63,low,mid,4,2,0.02650828572316663,9.423220297705539,0.22797173703058102,0.10380639335711403
XS002_MOM_12_1,weekly,dispersion_x_correlation,MKT_XS_DISP21,MKT_AVG_CORR63,low,high,6,4,-0.004495126066637045,-2.930580118190965,-0.22610582969949733,-0.027232665382494935
XS002_MOM_12_1,weekly,dispersion_x_correlation,MKT_XS_DISP21,MKT_AVG_CORR63,mid,low,75,9,0.0007122300312730667,0.21295512674249212,0.010515829948050321,0.026339104496614245
XS002_MOM_12_1,weekly,dispersion_x_correlation,MKT_XS_DISP21,MKT_AVG_CORR63,mid,mid,20,7,-0.00034492440241357667,-0.1507643687341698,-0.0006940353645027431,-0.011103243520728744
XS002_MOM_12_1,weekly,dispersion_x_correlation,MKT_XS_DISP21,MKT_AVG_CORR63,mid,high,31,6,-0.0035383175295628814,-0.7451867108053277,-0.053496222166041774,-0.12317328352724306
XS002_MOM_12_1,weekly,dispersion_x_correlation,MKT_XS_DISP21,MKT_AVG_CORR63,high,low,124,8,0.0019354791578940632,0.41421439527964077,0.032276495073635475,0.15047546504779558
XS002_MOM_12_1,weekly,dispersion_x_correlation,MKT_XS_DISP21,MKT_AVG_CORR63,high,mid,78,7,0.0035121781772288296,1.1536160470600203,0.026437358180895185,0.23896901052934116
XS002_MOM_12_1,weekly,dispersion_x_correlation,MKT_XS_DISP21,MKT_AVG_CORR63,high,high,79,6,0.0010225440817182088,0.22128976328773547,0.004582480144686942,0.06649585359872952
XS003_MOM_12_7,monthly,trend_x_volatility,MKT_TREND126,MKT_LOG_RV21,low,low,3,3,0.02298281899404664,2.897612190179541,0.011981887583838717,0.06651080778235256
XS003_MOM_12_7,monthly,trend_x_volatility,MKT_TREND126,MKT_LOG_RV21,low,mid,7,4,-0.0005820572702861357,-0.07528034990439955,-0.027361815407908472,-0.009264659317311845
XS003_MOM_12_7,monthly,trend_x_volatility,MKT_TREND126,MKT_LOG_RV21,low,high,28,7,0.029588680162866397,1.9057061126961359,0.026662948806566143,0.7842796360557418
XS003_MOM_12_7,monthly,trend_x_volatility,MKT_TREND126,MKT_LOG_RV21,mid,low,3,3,0.0006768476807041587,0.054092154502681566,0.025337427083963786,0.00099993807559845
XS003_MOM_12_7,monthly,trend_x_volatility,MKT_TREND126,MKT_LOG_RV21,mid,mid,13,5,0.020994038714582684,1.2224722242136314,0.04815462335024286,0.24647740509571398
XS003_MOM_12_7,monthly,trend_x_volatility,MKT_TREND126,MKT_LOG_RV21,mid,high,3,3,-0.04896820503454028,-4.162210060401576,-0.21535781066464602,-0.1581242732474224
XS003_MOM_12_7,monthly,trend_x_volatility,MKT_TREND126,MKT_LOG_RV21,high,low,16,8,0.008479212192931428,1.031775892314765,0.07073662605006266,0.13009332885454997
XS003_MOM_12_7,monthly,trend_x_volatility,MKT_TREND126,MKT_LOG_RV21,high,mid,16,7,0.002422885146955975,0.3757388500375089,0.0255241154298261,0.03215887471592283
XS003_MOM_12_7,monthly,trend_x_volatility,MKT_TREND126,MKT_LOG_RV21,high,high,12,6,-0.007837894186835568,-0.526202651323511,-0.11086709483906487,-0.08801705203407711
XS003_MOM_12_7,monthly,breadth_x_volatility,MKT_BREADTH_RSP63,MKT_LOG_RV21,low,low,16,7,0.0026434350297695128,0.3286740796580028,0.035599323212953476,0.03683727898436916
XS003_MOM_12_7,monthly,breadth_x_volatility,MKT_BREADTH_RSP63,MKT_LOG_RV21,low,mid,19,7,0.003972341485145306,0.4825588364750637,0.021624654675091545,0.06583175418866649
XS003_MOM_12_7,monthly,breadth_x_volatility,MKT_BREADTH_RSP63,MKT_LOG_RV21,low,high,14,7,0.0060851660181059685,0.5020220208031325,-0.040995996073156606,0.10607752066847506
XS003_MOM_12_7,monthly,breadth_x_volatility,MKT_BREADTH_RSP63,MKT_LOG_RV21,mid,low,5,4,0.027195733273929434,3.0161964317533716,0.13810817302421824,0.13272905648679614
XS003_MOM_12_7,monthly,breadth_x_volatility,MKT_BREADTH_RSP63,MKT_LOG_RV21,mid,mid,12,6,0.021846008504144605,1.2692616711532938,0.038239503871627896,0.23316291191592564
XS003_MOM_12_7,monthly,breadth_x_volatility,MKT_BREADTH_RSP63,MKT_LOG_RV21,mid,high,6,3,0.041734397883305074,2.9127548549337448,0.024855807691708434,0.22569579330998407
XS003_MOM_12_7,monthly,breadth_x_volatility,MKT_BREADTH_RSP63,MKT_LOG_RV21,high,low,1,1,0.028372768265195858,,-0.016386075723936504,0.0280377392413357
XS003_MOM_12_7,monthly,breadth_x_volatility,MKT_BREADTH_RSP63,MKT_LOG_RV21,high,mid,5,4,-0.006002465103725707,-3.55223071037065,-0.005375848542251713,-0.029623045610267223
XS003_MOM_12_7,monthly,breadth_x_volatility,MKT_BREADTH_RSP63,MKT_LOG_RV21,high,high,23,8,0.010953260333099889,0.5798793237358962,-0.035004648026300995,0.20636499679578318
XS003_MOM_12_7,monthly,dispersion_x_correlation,MKT_XS_DISP21,MKT_AVG_CORR63,low,low,4,3,0.030229760196625294,3.427377749981497,0.10291118678841926,0.11580269836393285
XS003_MOM_12_7,monthly,dispersion_x_correlation,MKT_XS_DISP21,MKT_AVG_CORR63,low,mid,0,0,,,,0.0
XS003_MOM_12_7,monthly,dispersion_x_correlation,MKT_XS_DISP21,MKT_AVG_CORR63,low,high,1,1,-0.041825845493765224,,-0.4878268330314115,-0.040126510652694965
XS003_MOM_12_7,monthly,dispersion_x_correlation,MKT_XS_DISP21,MKT_AVG_CORR63,mid,low,22,8,0.013390072147217597,0.9421174068026874,0.041487938319661105,0.2571574569491936
XS003_MOM_12_7,monthly,dispersion_x_correlation,MKT_XS_DISP21,MKT_AVG_CORR63,mid,mid,6,3,0.011859225275534494,0.8168484278847283,-0.02369048267531761,0.06773860357967142
XS003_MOM_12_7,monthly,dispersion_x_correlation,MKT_XS_DISP21,MKT_AVG_CORR63,mid,high,7,4,0.02222670175588778,1.9034349715186367,0.07661364701226588,0.1400300951176468
XS003_MOM_12_7,monthly,dispersion_x_correlation,MKT_XS_DISP21,MKT_AVG_CORR63,high,low,26,8,0.007573372435066787,0.5328835177446519,0.005625470678452764,0.17287838770774988
XS003_MOM_12_7,monthly,dispersion_x_correlation,MKT_XS_DISP21,MKT_AVG_CORR63,high,mid,14,6,-0.01160501285625472,-0.9191888063570799,-0.08903030255632963,-0.17388608888038226
XS003_MOM_12_7,monthly,dispersion_x_correlation,MKT_XS_DISP21,MKT_AVG_CORR63,high,high,21,6,0.022234752822596158,1.858188512637368,0.03457847656479235,0.4655193637959509
XS003_MOM_12_7,weekly,trend_x_volatility,MKT_TREND126,MKT_LOG_RV21,low,low,9,3,-0.0017779353779861199,-0.6255912691344772,0.046025869717948295,-0.01843223827773916
XS003_MOM_12_7,weekly,trend_x_volatility,MKT_TREND126,MKT_LOG_RV21,low,mid,28,6,0.0040983238237135965,1.5017826560710983,0.00519834494042247,0.10575743728834779
XS003_MOM_12_7,weekly,trend_x_volatility,MKT_TREND126,MKT_LOG_RV21,low,high,123,7,0.00526939534713234,1.332443791935784,0.0057397971626467394,0.5884020371163514
XS003_MOM_12_7,weekly,trend_x_volatility,MKT_TREND126,MKT_LOG_RV21,mid,low,14,7,-0.0017612089923557514,-0.6507433605652606,-0.013654836280788087,-0.026611339015100308
XS003_MOM_12_7,weekly,trend_x_volatility,MKT_TREND126,MKT_LOG_RV21,mid,mid,44,8,0.006256332399797496,1.7914510088439601,0.0197637392672721,0.2571228657857768
XS003_MOM_12_7,weekly,trend_x_volatility,MKT_TREND126,MKT_LOG_RV21,mid,high,36,8,0.010862671964231593,3.2882109468705174,0.06914145085277408,0.3713105082131196
XS003_MOM_12_7,weekly,trend_x_volatility,MKT_TREND126,MKT_LOG_RV21,high,low,68,9,0.0014317522468856282,0.5677430914639652,0.04426074647582727,0.08329649198232861
XS003_MOM_12_7,weekly,trend_x_volatility,MKT_TREND126,MKT_LOG_RV21,high,mid,72,7,-0.0002431729569165705,-0.07387846726479996,0.008996201707596869,-0.047440869725976276
XS003_MOM_12_7,weekly,trend_x_volatility,MKT_TREND126,MKT_LOG_RV21,high,high,49,8,-0.008093209128605566,-2.3774875671952582,-0.06592414721209476,-0.40603413569647817
XS003_MOM_12_7,weekly,breadth_x_volatility,MKT_BREADTH_RSP63,MKT_LOG_RV21,low,low,71,8,0.001609133034281897,0.6105697094270512,0.04640782712358347,0.099907899807999
XS003_MOM_12_7,weekly,breadth_x_volatility,MKT_BREADTH_RSP63,MKT_LOG_RV21,low,mid,79,8,-0.0015667997479149485,-0.45598087137720955,-0.008707697125606612,-0.1597084459575635
XS003_MOM_12_7,weekly,breadth_x_volatility,MKT_BREADTH_RSP63,MKT_LOG_RV21,low,high,72,9,0.003546433736663198,0.8998810990673396,0.006924927400931489,0.24250128540271698
XS003_MOM_12_7,weekly,breadth_x_volatility,MKT_BREADTH_RSP63,MKT_LOG_RV21,mid,low,10,7,-0.00219092223971602,-0.7851461155411071,-0.010394191316122264,-0.02463281609769672
XS003_MOM_12_7,weekly,breadth_x_volatility,MKT_BREADTH_RSP63,MKT_LOG_RV21,mid,mid,26,7,0.005455412700210844,2.3156799011345552,0.021386377146785016,0.135668544260413
XS003_MOM_12_7,weekly,breadth_x_volatility,MKT_BREADTH_RSP63,MKT_LOG_RV21,mid,high,40,8,0.0018272157690471026,0.527073030383879,0.008872096768955992,0.05394736454955618
XS003_MOM_12_7,weekly,breadth_x_volatility,MKT_BREADTH_RSP63,MKT_LOG_RV21,high,low,10,5,-0.0035638414543487373,-2.064443510262571,0.004178206727355258,-0.03702216902081312
XS003_MOM_12_7,weekly,breadth_x_volatility,MKT_BREADTH_RSP63,MKT_LOG_RV21,high,mid,39,6,0.00908870999068914,2.8128099428185576,0.04601915323449457,0.33947933504529876
XS003_MOM_12_7,weekly,breadth_x_volatility,MKT_BREADTH_RSP63,MKT_LOG_RV21,high,high,96,9,0.0032728407427740427,0.8394386874449611,-0.00925702682617223,0.2572297596807198
XS003_MOM_12_7,weekly,dispersion_x_correlation,MKT_XS_DISP21,MKT_AVG_CORR63,low,low,26,7,0.0013270820021855432,0.4062585177618024,-0.020891756161905046,0.023010164445345222
XS003_MOM_12_7,weekly,dispersion_x_correlation,MKT_XS_DISP21,MKT_AVG_CORR63,low,mid,4,2,0.00873407475881638,2.2985156798852904,0.1520574785118466,0.033538633920972435
XS003_MOM_12_7,weekly,dispersion_x_correlation,MKT_XS_DISP21,MKT_AVG_CORR63,low,high,6,4,0.0023544864048190748,0.9895130421502928,-0.12868624806534415,0.012818689203086958
XS003_MOM_12_7,weekly,dispersion_x_correlation,MKT_XS_DISP21,MKT_AVG_CORR63,mid,low,75,9,0.0024102982598279508,0.845063738000818,0.031159092770253055,0.16065353905580126
XS003_MOM_12_7,weekly,dispersion_x_correlation,MKT_XS_DISP21,MKT_AVG_CORR63,mid,mid,20,7,-0.0024454437598302125,-0.9823140013429102,0.0033042539133224815,-0.05176710250706579
XS003_MOM_12_7,weekly,dispersion_x_correlation,MKT_XS_DISP21,MKT_AVG_CORR63,mid,high,31,6,0.004672871578550313,1.3567626710252572,-0.02320333499373227,0.13053246311990085
XS003_MOM_12_7,weekly,dispersion_x_correlation,MKT_XS_DISP21,MKT_AVG_CORR63,high,low,124,8,0.0021827050700316585,0.5786916422908289,0.018785074630481666,0.21075132623480416
XS003_MOM_12_7,weekly,dispersion_x_correlation,MKT_XS_DISP21,MKT_AVG_CORR63,high,mid,78,7,0.003177389765884311,1.0071085635078136,0.009374615847617236,0.20810540117157636
XS003_MOM_12_7,weekly,dispersion_x_correlation,MKT_XS_DISP21,MKT_AVG_CORR63,high,high,79,6,0.0024438851416320163,0.626915318052084,0.010421201902138152,0.17972764302620894
XS004_HIGH_52W,monthly,trend_x_volatility,MKT_TREND126,MKT_LOG_RV21,low,low,3,3,-0.013753242449862904,-5.261134653228579,0.010502516681866402,-0.04118703579932741
XS004_HIGH_52W,monthly,trend_x_volatility,MKT_TREND126,MKT_LOG_RV21,low,mid,7,4,-0.01167985598443896,-1.7041354801870237,-0.0977681787923076,-0.07762058902416405
XS004_HIGH_52W,monthly,trend_x_volatility,MKT_TREND126,MKT_LOG_RV21,low,high,28,7,-0.006580985107311603,-0.48377227011620044,-0.012614995821699013,-0.13142420165791968
XS004_HIGH_52W,monthly,trend_x_volatility,MKT_TREND126,MKT_LOG_RV21,mid,low,3,3,-0.0008167093954788059,-0.08240613582441843,0.05376400586839799,-0.0027298551140280264
XS004_HIGH_52W,monthly,trend_x_volatility,MKT_TREND126,MKT_LOG_RV21,mid,mid,13,5,0.007799146500489766,1.2007236589318742,0.07798748314041469,0.10251376684423023
XS004_HIGH_52W,monthly,trend_x_volatility,MKT_TREND126,MKT_LOG_RV21,mid,high,3,3,0.0009009985538876997,0.06628702382204962,-0.08551403899182815,0.005689445440452821
XS004_HIGH_52W,monthly,trend_x_volatility,MKT_TREND126,MKT_LOG_RV21,high,low,16,8,-0.001541263759369603,-0.20986270484720665,0.08405742525114324,-0.025568607537484883
XS004_HIGH_52W,monthly,trend_x_volatility,MKT_TREND126,MKT_LOG_RV21,high,mid,16,7,0.007946122739579543,1.3405164316253892,0.0673992362654709,0.13065697395887244
XS004_HIGH_52W,monthly,trend_x_volatility,MKT_TREND126,MKT_LOG_RV21,high,high,12,6,-0.014023743714486217,-1.7768708043685435,-0.14829929846323903,-0.16133436296104145
XS004_HIGH_52W,monthly,breadth_x_volatility,MKT_BREADTH_RSP63,MKT_LOG_RV21,low,low,16,7,-0.0037949718302463034,-0.5474956542415161,0.06229807788555014,-0.061931849684559837
XS004_HIGH_52W,monthly,breadth_x_volatility,MKT_BREADTH_RSP63,MKT_LOG_RV21,low,mid,19,7,0.0022825641574017656,0.2967394095569396,0.016647294138676137,0.05043389809297961
XS004_HIGH_52W,monthly,breadth_x_volatility,MKT_BREADTH_RSP63,MKT_LOG_RV21,low,high,14,7,-0.0075410600943482875,-0.5560584427372802,-0.09202801002565793,-0.06813615617457501
XS004_HIGH_52W,monthly,breadth_x_volatility,MKT_BREADTH_RSP63,MKT_LOG_RV21,mid,low,5,4,0.005869593764275804,0.8270599707649906,0.14448053279944792,0.030243315959357104
XS004_HIGH_52W,monthly,breadth_x_volatility,MKT_BREADTH_RSP63,MKT_LOG_RV21,mid,mid,12,6,0.0030151528512129544,0.5658958243410094,0.07270655136664471,0.038297638343290696
XS004_HIGH_52W,monthly,breadth_x_volatility,MKT_BREADTH_RSP63,MKT_LOG_RV21,mid,high,6,3,-0.01121048845655583,-0.8616697012530402,-0.012061361056403918,-0.05446547783840244
XS004_HIGH_52W,monthly,breadth_x_volatility,MKT_BREADTH_RSP63,MKT_LOG_RV21,high,low,1,1,-0.03699849522337695,,-0.18145353849695714,-0.03779696472563757
XS004_HIGH_52W,monthly,breadth_x_volatility,MKT_BREADTH_RSP63,MKT_LOG_RV21,high,mid,5,4,0.013443464648675584,3.107080485472176,0.04381412089843778,0.06681861534266831
XS004_HIGH_52W,monthly,breadth_x_volatility,MKT_BREADTH_RSP63,MKT_LOG_RV21,high,high,23,8,-0.007696162602464582,-0.6739240822279213,-0.04472144673236047,-0.1644674851655309
XS004_HIGH_52W,monthly,dispersion_x_correlation,MKT_XS_DISP21,MKT_AVG_CORR63,low,low,4,3,0.00727027943097705,1.9435921568745138,0.11226054549786305,0.029191659456909404
XS004_HIGH_52W,monthly,dispersion_x_correlation,MKT_XS_DISP21,MKT_AVG_CORR63,low,mid,0,0,,,,0.0
XS004_HIGH_52W,monthly,dispersion_x_correlation,MKT_XS_DISP21,MKT_AVG_CORR63,low,high,1,1,-0.05992767608201577,,-0.5987976049065478,-0.05800488870505165
XS004_HIGH_52W,monthly,dispersion_x_correlation,MKT_XS_DISP21,MKT_AVG_CORR63,mid,low,22,8,-0.004432393473629347,-0.7399053386686749,0.05394187982134528,-0.0977207887333586
XS004_HIGH_52W,monthly,dispersion_x_correlation,MKT_XS_DISP21,MKT_AVG_CORR63,mid,mid,6,3,-0.0036259919181406697,-0.4188195172125877,-0.030274858152610152,-0.02549778430736426
XS004_HIGH_52W,monthly,dispersion_x_correlation,MKT_XS_DISP21,MKT_AVG_CORR63,mid,high,7,4,-0.005897548850223898,-0.7951193184613802,0.05302981022368784,-0.036943804006276795
XS004_HIGH_52W,monthly,dispersion_x_correlation,MKT_XS_DISP21,MKT_AVG_CORR63,high,low,26,8,0.0011937003275734241,0.140133373407725,0.0009268835846817768,0.04568138592847004
XS004_HIGH_52W,monthly,dispersion_x_correlation,MKT_XS_DISP21,MKT_AVG_CORR63,high,mid,14,6,0.009078482523786322,0.8004251478691544,0.020921724992497403,0.14041865756934932
XS004_HIGH_52W,monthly,dispersion_x_correlation,MKT_XS_DISP21,MKT_AVG_CORR63,high,high,21,6,-0.011342317465039109,-0.8866699121519988,-0.04701504663082918,-0.19812890305308747
XS004_HIGH_52W,weekly,trend_x_volatility,MKT_TREND126,MKT_LOG_RV21,low,low,9,3,-0.006154597542055853,-5.975725494822044,0.02751841407374346,-0.05511072963936313
XS004_HIGH_52W,weekly,trend_x_volatility,MKT_TREND126,MKT_LOG_RV21,low,mid,28,6,-0.004401788255672267,-1.2627270203318957,-0.05257145100809862,-0.1266227924319984
XS004_HIGH_52W,weekly,trend_x_volatility,MKT_TREND126,MKT_LOG_RV21,low,high,123,7,-0.0035434165693291144,-0.8457001809519774,-0.0026291722847937987,-0.3835761414637051
XS004_HIGH_52W,weekly,trend_x_volatility,MKT_TREND126,MKT_LOG_RV21,mid,low,14,7,0.0017485943375265625,1.111473385440874,0.04852990164164484,0.024605708683971036
XS004_HIGH_52W,weekly,trend_x_volatility,MKT_TREND126,MKT_LOG_RV21,mid,mid,44,8,-0.00011605027421202315,-0.054862637769591174,-0.009338211284558435,-0.0071694373010140235
XS004_HIGH_52W,weekly,trend_x_volatility,MKT_TREND126,MKT_LOG_RV21,mid,high,36,8,-0.003264019679632169,-1.6381079490113888,0.024230192576699703,-0.1184736357357908
XS004_HIGH_52W,weekly,trend_x_volatility,MKT_TREND126,MKT_LOG_RV21,high,low,68,9,-0.0005640178803016274,-0.4016809005217813,0.02365760384582451,-0.0372956842832582
XS004_HIGH_52W,weekly,trend_x_volatility,MKT_TREND126,MKT_LOG_RV21,high,mid,72,7,0.0008270101748735061,0.41768562043437135,0.01536730097861954,0.059273312622294
XS004_HIGH_52W,weekly,trend_x_volatility,MKT_TREND126,MKT_LOG_RV21,high,high,49,8,-0.009393251836838057,-4.618908421447877,-0.07337743833785855,-0.46121368203279467
XS004_HIGH_52W,weekly,breadth_x_volatility,MKT_BREADTH_RSP63,MKT_LOG_RV21,low,low,71,8,-0.0005226537863262808,-0.3457435018878888,0.027494529942300422,-0.0360277833548642
XS004_HIGH_52W,weekly,breadth_x_volatility,MKT_BREADTH_RSP63,MKT_LOG_RV21,low,mid,79,8,7.241446215423426e-05,0.03161838740122744,-0.016676202704499116,0.0048275982493712725
XS004_HIGH_52W,weekly,breadth_x_volatility,MKT_BREADTH_RSP63,MKT_LOG_RV21,low,high,72,9,-0.008005402417321152,-1.766237539933289,-0.043384055344087485,-0.5415734981921704
XS004_HIGH_52W,weekly,breadth_x_volatility,MKT_BREADTH_RSP63,MKT_LOG_RV21,mid,low,10,7,-0.002408387776474075,-2.3559642260058618,0.03274784077884877,-0.023849039327012787
XS004_HIGH_52W,weekly,breadth_x_volatility,MKT_BREADTH_RSP63,MKT_LOG_RV21,mid,mid,26,7,-0.001495530853977104,-1.0851224417331224,-0.0047771507935668745,-0.03884522250910415
XS004_HIGH_52W,weekly,breadth_x_volatility,MKT_BREADTH_RSP63,MKT_LOG_RV21,mid,high,40,8,-0.0030339914824995514,-1.2108497859992873,0.023853413113549177,-0.12089715466923599
XS004_HIGH_52W,weekly,breadth_x_volatility,MKT_BREADTH_RSP63,MKT_LOG_RV21,high,low,10,5,-0.0008071976419734783,-0.7826255574782638,0.025621137747096796,-0.007923882556773286
XS004_HIGH_52W,weekly,breadth_x_volatility,MKT_BREADTH_RSP63,MKT_LOG_RV21,high,mid,39,6,-0.0009140638702574322,-0.3003887006446938,0.017056145641062656,-0.04050129285098549
XS004_HIGH_52W,weekly,breadth_x_volatility,MKT_BREADTH_RSP63,MKT_LOG_RV21,high,high,96,9,-0.0032902672203354057,-1.148105590112274,-0.009136252881158194,-0.30079280637088435
XS004_HIGH_52W,weekly,dispersion_x_correlation,MKT_XS_DISP21,MKT_AVG_CORR63,low,low,26,7,-0.00339122073067855,-1.9462518376174034,-0.032357563118453274,-0.0872700394268153
XS004_HIGH_52W,weekly,dispersion_x_correlation,MKT_XS_DISP21,MKT_AVG_CORR63,low,mid,4,2,0.006068118663833916,4.4755311591866604,0.1604077396758199,0.023918368613890104
XS004_HIGH_52W,weekly,dispersion_x_correlation,MKT_XS_DISP21,MKT_AVG_CORR63,low,high,6,4,-0.00837816764904159,-7.864397624509995,-0.22581968228223273,-0.050090384323308784
XS004_HIGH_52W,weekly,dispersion_x_correlation,MKT_XS_DISP21,MKT_AVG_CORR63,mid,low,75,9,-0.0020647113361766203,-1.4981634930925307,0.009071705512717819,-0.15419330594046174
XS004_HIGH_52W,weekly,dispersion_x_correlation,MKT_XS_DISP21,MKT_AVG_CORR63,mid,mid,20,7,7.347800135787397e-05,0.03909695955873521,0.029696245272260523,0.001337667994828701
XS004_HIGH_52W,weekly,dispersion_x_correlation,MKT_XS_DISP21,MKT_AVG_CORR63,mid,high,31,6,-0.005797374754634577,-2.052561805336143,-0.06107617644033159,-0.17936122920889722
XS004_HIGH_52W,weekly,dispersion_x_correlation,MKT_XS_DISP21,MKT_AVG_CORR63,high,low,124,8,-0.00037294916599741083,-0.1396396831075577,0.01908485092369113,-0.04967788323166238
XS004_HIGH_52W,weekly,dispersion_x_correlation,MKT_XS_DISP21,MKT_AVG_CORR63,high,mid,78,7,-0.0018190642070995738,-0.715364105411351,0.0012970827644994969,-0.13500798449402282
XS004_HIGH_52W,weekly,dispersion_x_correlation,MKT_XS_DISP21,MKT_AVG_CORR63,high,high,79,6,-0.006535275032815729,-1.4576692649070373,-0.02001622940879726,-0.47523829156520997
XS007_ST_REV_21,monthly,trend_x_volatility,MKT_TREND126,MKT_LOG_RV21,low,low,3,3,0.006667162189863444,1.2577250893520913,-0.04344766750444856,0.01933896389724235
XS007_ST_REV_21,monthly,trend_x_volatility,MKT_TREND126,MKT_LOG_RV21,low,mid,7,4,0.01968932710016699,2.702121340516651,0.07153820039843505,0.13027064861105514
XS007_ST_REV_21,monthly,trend_x_volatility,MKT_TREND126,MKT_LOG_RV21,low,high,28,7,0.013357876590689639,0.515117678766446,0.03161803652942077,0.10686044243154257
XS007_ST_REV_21,monthly,trend_x_volatility,MKT_TREND126,MKT_LOG_RV21,mid,low,3,3,0.0107934176019527,1.9677044367275753,0.10456536041558728,0.03108262901255871
XS007_ST_REV_21,monthly,trend_x_volatility,MKT_TREND126,MKT_LOG_RV21,mid,mid,13,5,-0.0001666093852399353,-0.011620106010473774,-0.0887923369852022,-0.018163105786938395
XS007_ST_REV_21,monthly,trend_x_volatility,MKT_TREND126,MKT_LOG_RV21,mid,high,3,3,0.013178361807300884,0.9424703551243313,0.07950290962320268,0.03176050677777284
XS007_ST_REV_21,monthly,trend_x_volatility,MKT_TREND126,MKT_LOG_RV21,high,low,16,8,-0.009286178334187822,-0.9617177814347814,-0.0329595024888695,-0.1639121127323375
XS007_ST_REV_21,monthly,trend_x_volatility,MKT_TREND126,MKT_LOG_RV21,high,mid,16,7,-0.01576883067753706,-1.9820977889317093,-0.03279587233391454,-0.26105736469664054
XS007_ST_REV_21,monthly,trend_x_volatility,MKT_TREND126,MKT_LOG_RV21,high,high,12,6,-0.0032011532818164525,-0.23881522838511027,0.018374438844205285,-0.05655523870711471
XS007_ST_REV_21,monthly,breadth_x_volatility,MKT_BREADTH_RSP63,MKT_LOG_RV21,low,low,16,7,-0.004354605376105672,-0.5447848797279856,-0.022038226557864332,-0.07908104502969368
XS007_ST_REV_21,monthly,breadth_x_volatility,MKT_BREADTH_RSP63,MKT_LOG_RV21,low,mid,19,7,0.0005008225545814803,0.046634598874308895,-0.023857303781244992,-0.015238138592721218
XS007_ST_REV_21,monthly,breadth_x_volatility,MKT_BREADTH_RSP63,MKT_LOG_RV21,low,high,14,7,0.013243272180031327,0.3777533288515208,0.003587620156796625,-0.04122223455720153
XS007_ST_REV_21,monthly,breadth_x_volatility,MKT_BREADTH_RSP63,MKT_LOG_RV21,mid,low,5,4,-0.009318539324380514,-0.7504802576497008,0.001578432295304718,-0.054323264321299455
XS007_ST_REV_21,monthly,breadth_x_volatility,MKT_BREADTH_RSP63,MKT_LOG_RV21,mid,mid,12,6,-0.006069092856956809,-0.687696523743646,-0.058872111469116646,-0.0765874204719939
XS007_ST_REV_21,monthly,breadth_x_volatility,MKT_BREADTH_RSP63,MKT_LOG_RV21,mid,high,6,3,0.011992678259033976,0.8889574249254933,0.05674490066782669,0.05744037297460515
XS007_ST_REV_21,monthly,breadth_x_volatility,MKT_BREADTH_RSP63,MKT_LOG_RV21,high,low,1,1,0.0200692686680366,,0.0007205023608099571,0.01991378952845671
XS007_ST_REV_21,monthly,breadth_x_volatility,MKT_BREADTH_RSP63,MKT_LOG_RV21,high,mid,5,4,-0.01066568748022192,-0.5973368380963616,-0.003702565177632322,-0.05712426280780866
XS007_ST_REV_21,monthly,breadth_x_volatility,MKT_BREADTH_RSP63,MKT_LOG_RV21,high,high,23,8,0.005120865674120551,0.39071507757950197,0.04146134485311915,0.06584757208479701
XS007_ST_REV_21,monthly,dispersion_x_correlation,MKT_XS_DISP21,MKT_AVG_CORR63,low,low,4,3,-0.011265913831926322,-0.7020524865097446,0.007032973781295364,-0.05196587388529275
XS007_ST_REV_21,monthly,dispersion_x_correlation,MKT_XS_DISP21,MKT_AVG_CORR63,low,mid,0,0,,,,0.0
XS007_ST_REV_21,monthly,dispersion_x_correlation,MKT_XS_DISP21,MKT_AVG_CORR63,low,high,1,1,0.12515956907333803,,0.3621050293357799,0.11128443601125702
XS007_ST_REV_21,monthly,dispersion_x_correlation,MKT_XS_DISP21,MKT_AVG_CORR63,mid,low,22,8,-0.007605522606851398,-0.7789875370149305,-0.0019005552875634845,-0.19123183634817803
XS007_ST_REV_21,monthly,dispersion_x_correlation,MKT_XS_DISP21,MKT_AVG_CORR63,mid,mid,6,3,-0.006734413151855652,-0.5318340896591314,-0.022881734453800196,-0.04917523753556314
XS007_ST_REV_21,monthly,dispersion_x_correlation,MKT_XS_DISP21,MKT_AVG_CORR63,mid,high,7,4,-0.011054439790478567,-1.9700035693725113,-0.10281312257169338,-0.08210954754230189
XS007_ST_REV_21,monthly,dispersion_x_correlation,MKT_XS_DISP21,MKT_AVG_CORR63,high,low,26,8,0.0027085141101018673,0.20066132490796024,0.014411054554276919,0.03298210099653059
XS007_ST_REV_21,monthly,dispersion_x_correlation,MKT_XS_DISP21,MKT_AVG_CORR63,high,mid,14,6,0.0007515463452779013,0.1176294653629748,-0.061138995872928134,0.0024299139014830337
XS007_ST_REV_21,monthly,dispersion_x_correlation,MKT_XS_DISP21,MKT_AVG_CORR63,high,high,21,6,0.013636803753017044,0.47890832167582764,0.03865986675114407,0.047411413209205576
XS007_ST_REV_21,weekly,trend_x_volatility,MKT_TREND126,MKT_LOG_RV21,low,low,9,3,-7.847593476607696e-05,-0.05222378788419943,0.0545766854679208,-0.0017984509808901192
XS007_ST_REV_21,weekly,trend_x_volatility,MKT_TREND126,MKT_LOG_RV21,low,mid,28,6,0.0036309132798003313,2.4218826395180617,0.05177608633268812,0.09736263541605751
XS007_ST_REV_21,weekly,trend_x_volatility,MKT_TREND126,MKT_LOG_RV21,low,high,123,7,0.0037994893290299765,0.5655737768671789,0.026091512816913263,0.192796860743141
XS007_ST_REV_21,weekly,trend_x_volatility,MKT_TREND126,MKT_LOG_RV21,mid,low,14,7,-0.006551486522358422,-4.448540119121754,-0.048792440927007505,-0.0926365089331655
XS007_ST_REV_21,weekly,trend_x_volatility,MKT_TREND126,MKT_LOG_RV21,mid,mid,44,8,-0.0015400052164770998,-0.396709010209016,-0.006844098825644038,-0.08226315385975828
XS007_ST_REV_21,weekly,trend_x_volatility,MKT_TREND126,MKT_LOG_RV21,mid,high,36,8,0.0013430738597513937,0.4651740575600331,0.05011000110455021,0.032508225088944034
XS007_ST_REV_21,weekly,trend_x_volatility,MKT_TREND126,MKT_LOG_RV21,high,low,68,9,-0.0022205825490026966,-1.0992502028326685,-0.01707196456616747,-0.1585625516129275
XS007_ST_REV_21,weekly,trend_x_volatility,MKT_TREND126,MKT_LOG_RV21,high,mid,72,7,-0.0013831374348036965,-0.5248145225526332,0.015487149460201716,-0.12023064592479597
XS007_ST_REV_21,weekly,trend_x_volatility,MKT_TREND126,MKT_LOG_RV21,high,high,49,8,0.001656939028689314,0.4863349609912145,0.03298217540162361,0.06261214546770735
XS007_ST_REV_21,weekly,breadth_x_volatility,MKT_BREADTH_RSP63,MKT_LOG_RV21,low,low,71,8,-0.0025991742565389785,-1.3591099398885802,-0.02229576799108945,-0.19215827092357174
XS007_ST_REV_21,weekly,breadth_x_volatility,MKT_BREADTH_RSP63,MKT_LOG_RV21,low,mid,79,8,-0.002164568234686698,-0.8283625206350861,0.014611121790301315,-0.19451116241727867
XS007_ST_REV_21,weekly,breadth_x_volatility,MKT_BREADTH_RSP63,MKT_LOG_RV21,low,high,72,9,0.005537126602619373,0.6577697625068315,0.043703398628315564,0.15383941981647337
XS007_ST_REV_21,weekly,breadth_x_volatility,MKT_BREADTH_RSP63,MKT_LOG_RV21,mid,low,10,7,-0.004057671151311037,-2.2110466666586914,0.008805514252781404,-0.04149017706889163
XS007_ST_REV_21,weekly,breadth_x_volatility,MKT_BREADTH_RSP63,MKT_LOG_RV21,mid,mid,26,7,0.0026092015538805493,1.1953008741180993,-0.008873751275104242,0.062443213470147946
XS007_ST_REV_21,weekly,breadth_x_volatility,MKT_BREADTH_RSP63,MKT_LOG_RV21,mid,high,40,8,-0.00037339271404467913,-0.1442761895444735,0.007074233350834158,-0.027840109123638008
XS007_ST_REV_21,weekly,breadth_x_volatility,MKT_BREADTH_RSP63,MKT_LOG_RV21,high,low,10,5,-0.0018308624330718114,-0.8873011533280387,0.014214679057333129,-0.01934906353451976
XS007_ST_REV_21,weekly,breadth_x_volatility,MKT_BREADTH_RSP63,MKT_LOG_RV21,high,mid,39,6,0.0009610537728950153,0.25246620589025,0.03436163440616307,0.026936784578633934
XS007_ST_REV_21,weekly,breadth_x_volatility,MKT_BREADTH_RSP63,MKT_LOG_RV21,high,high,96,9,0.0022202130416740205,0.6682415157901019,0.03333050703803761,0.1619179206069571
XS007_ST_REV_21,weekly,dispersion_x_correlation,MKT_XS_DISP21,MKT_AVG_CORR63,low,low,26,7,0.0007005026492128077,0.3418263193193716,0.024861356966335388,0.012133768192971562
XS007_ST_REV_21,weekly,dispersion_x_correlation,MKT_XS_DISP21,MKT_AVG_CORR63,low,mid,4,2,0.002593224387301696,1.8407009622775088,0.13084026490322828,0.01026613799562201
XS007_ST_REV_21,weekly,dispersion_x_correlation,MKT_XS_DISP21,MKT_AVG_CORR63,low,high,6,4,0.00657593659909859,1.7539673551519666,0.049308356250318236,0.03675373358358758
XS007_ST_REV_21,weekly,dispersion_x_correlation,MKT_XS_DISP21,MKT_AVG_CORR63,mid,low,75,9,-0.0030231179639907467,-1.5815845424377022,-0.011411676936133628,-0.23627578485562928
XS007_ST_REV_21,weekly,dispersion_x_correlation,MKT_XS_DISP21,MKT_AVG_CORR63,mid,mid,20,7,-0.012663440913501921,-4.825520866325093,-0.05098200243315717,-0.26098862610191326
XS007_ST_REV_21,weekly,dispersion_x_correlation,MKT_XS_DISP21,MKT_AVG_CORR63,mid,high,31,6,0.0026290738267797857,1.06677164375618,0.0020700333100684997,0.06759725058767974
XS007_ST_REV_21,weekly,dispersion_x_correlation,MKT_XS_DISP21,MKT_AVG_CORR63,high,low,124,8,0.0006514014112861122,0.19146964040184022,0.024285370076443956,0.03002736510067925
XS007_ST_REV_21,weekly,dispersion_x_correlation,MKT_XS_DISP21,MKT_AVG_CORR63,high,mid,78,7,0.0007436061741548763,0.24945051970014837,0.01554809690374768,0.024709716010311647
XS007_ST_REV_21,weekly,dispersion_x_correlation,MKT_XS_DISP21,MKT_AVG_CORR63,high,high,79,6,0.006069054836775316,0.7634619076982608,0.04635203552948193,0.24556499489100336
XS008_SAME_MONTH_5Y,monthly,trend_x_volatility,MKT_TREND126,MKT_LOG_RV21,low,low,3,3,0.028230774470228075,6.165275364568837,0.0011912336920246968,0.08217803202776108
XS008_SAME_MONTH_5Y,monthly,trend_x_volatility,MKT_TREND126,MKT_LOG_RV21,low,mid,7,4,0.003832095256072215,0.4302560336925406,0.07374371458096299,0.02093839415421707
XS008_SAME_MONTH_5Y,monthly,trend_x_volatility,MKT_TREND126,MKT_LOG_RV21,low,high,28,7,0.00896667475300835,0.6287850514861936,0.01528995211992269,0.13473874138776903
XS008_SAME_MONTH_5Y,monthly,trend_x_volatility,MKT_TREND126,MKT_LOG_RV21,mid,low,3,3,-0.019146687619095142,-3.297790051664861,-0.021130963344853426,-0.05729061665270667
XS008_SAME_MONTH_5Y,monthly,trend_x_volatility,MKT_TREND126,MKT_LOG_RV21,mid,mid,13,5,0.023343683156045052,1.7217477691680834,0.011648136562886102,0.2795448939399533
XS008_SAME_MONTH_5Y,monthly,trend_x_volatility,MKT_TREND126,MKT_LOG_RV21,mid,high,3,3,-0.0007188198571041285,-0.050456675427465625,-0.10890024620052484,-0.01023274802268663
XS008_SAME_MONTH_5Y,monthly,trend_x_volatility,MKT_TREND126,MKT_LOG_RV21,high,low,16,8,-0.023615151688514663,-3.5783169721208883,-0.021070942345926998,-0.3953849007383553
XS008_SAME_MONTH_5Y,monthly,trend_x_volatility,MKT_TREND126,MKT_LOG_RV21,high,mid,16,7,-0.006274893032574572,-0.552156470304098,-0.012166342722566096,-0.10954693016566118
XS008_SAME_MONTH_5Y,monthly,trend_x_volatility,MKT_TREND126,MKT_LOG_RV21,high,high,12,6,-0.008766552612108283,-0.971315698266738,-0.024478371509862675,-0.11498170609180675
XS008_SAME_MONTH_5Y,monthly,breadth_x_volatility,MKT_BREADTH_RSP63,MKT_LOG_RV21,low,low,16,7,-0.013730166373669694,-1.5427637774938128,0.005903254866280876,-0.23855111573447452
XS008_SAME_MONTH_5Y,monthly,breadth_x_volatility,MKT_BREADTH_RSP63,MKT_LOG_RV21,low,mid,19,7,-0.000468842896447447,-0.0422180226598117,-0.004978633691537627,-0.027279189102060106
XS008_SAME_MONTH_5Y,monthly,breadth_x_volatility,MKT_BREADTH_RSP63,MKT_LOG_RV21,low,high,14,7,0.0027643794487774353,0.17486367487641244,-0.019787611730128583,-0.041162979908090314
XS008_SAME_MONTH_5Y,monthly,breadth_x_volatility,MKT_BREADTH_RSP63,MKT_LOG_RV21,mid,low,5,4,-0.02396101871138665,-4.6072342304105245,-0.06669998343323538,-0.12075565878139775
XS008_SAME_MONTH_5Y,monthly,breadth_x_volatility,MKT_BREADTH_RSP63,MKT_LOG_RV21,mid,mid,12,6,0.024405316444619563,1.906728332658699,0.06708143068226172,0.2753661511482256
XS008_SAME_MONTH_5Y,monthly,breadth_x_volatility,MKT_BREADTH_RSP63,MKT_LOG_RV21,mid,high,6,3,-0.011413062107903086,-1.0697256493194682,-0.08686918955642194,-0.07272384689720779
XS008_SAME_MONTH_5Y,monthly,breadth_x_volatility,MKT_BREADTH_RSP63,MKT_LOG_RV21,high,low,1,1,-0.011102410927187445,,-0.15790642718763528,-0.011190710847428655
XS008_SAME_MONTH_5Y,monthly,breadth_x_volatility,MKT_BREADTH_RSP63,MKT_LOG_RV21,high,mid,5,4,-0.010812304600607048,-0.8800590506611359,-0.047482566844944604,-0.05715060411765628
XS008_SAME_MONTH_5Y,monthly,breadth_x_volatility,MKT_BREADTH_RSP63,MKT_LOG_RV21,high,high,23,8,0.007542994023137237,0.6399978897495108,0.026344311486880028,0.12341111407857382
XS008_SAME_MONTH_5Y,monthly,dispersion_x_correlation,MKT_XS_DISP21,MKT_AVG_CORR63,low,low,4,3,-0.017556271891624953,-3.399210041467813,-0.02230502404798433,-0.07236940418830352
XS008_SAME_MONTH_5Y,monthly,dispersion_x_correlation,MKT_XS_DISP21,MKT_AVG_CORR63,low,mid,0,0,,,,0.0
XS008_SAME_MONTH_5Y,monthly,dispersion_x_correlation,MKT_XS_DISP21,MKT_AVG_CORR63,low,high,1,1,0.04536110080078237,,0.05707849027034087,0.041772361586211434
XS008_SAME_MONTH_5Y,monthly,dispersion_x_correlation,MKT_XS_DISP21,MKT_AVG_CORR63,mid,low,22,8,-0.010793755422688144,-1.1928475289289573,-0.021033505348707307,-0.2555400499907521
XS008_SAME_MONTH_5Y,monthly,dispersion_x_correlation,MKT_XS_DISP21,MKT_AVG_CORR63,mid,mid,6,3,-0.0025412386295390332,-0.22361569970295517,-0.09200400715058328,-0.024667524010893532
XS008_SAME_MONTH_5Y,monthly,dispersion_x_correlation,MKT_XS_DISP21,MKT_AVG_CORR63,mid,high,7,4,0.008490111372222284,0.7972342660143437,0.07027063410781843,0.05718233397044644
XS008_SAME_MONTH_5Y,monthly,dispersion_x_correlation,MKT_XS_DISP21,MKT_AVG_CORR63,high,low,26,8,-0.0003534680277146959,-0.025377694281849716,-5.109708860312265e-06,-0.042025881206798316
XS008_SAME_MONTH_5Y,monthly,dispersion_x_correlation,MKT_XS_DISP21,MKT_AVG_CORR63,high,mid,14,6,0.0013600232911886961,0.17329458790255076,-0.002200026581011081,0.004420197886329417
XS008_SAME_MONTH_5Y,monthly,dispersion_x_correlation,MKT_XS_DISP21,MKT_AVG_CORR63,high,high,21,6,0.011014714089769496,0.7262417034416236,0.0223635734416307,0.12119112579224411
XS008_SAME_MONTH_5Y,weekly,trend_x_volatility,MKT_TREND126,MKT_LOG_RV21,low,low,9,3,9.40598833406334e-05,0.033196237772282734,0.03254810746225148,-0.0007823791709230116
XS008_SAME_MONTH_5Y,weekly,trend_x_volatility,MKT_TREND126,MKT_LOG_RV21,low,mid,28,6,-0.0007805349975701806,-0.3319203483846975,0.0076174788037258615,-0.024235537802804377
XS008_SAME_MONTH_5Y,weekly,trend_x_volatility,MKT_TREND126,MKT_LOG_RV21,low,high,123,7,-0.0010098147338663376,-0.33962061855250086,-0.009081148092105104,-0.20125921118311707
XS008_SAME_MONTH_5Y,weekly,trend_x_volatility,MKT_TREND126,MKT_LOG_RV21,mid,low,14,7,-0.00886762767665197,-4.146762651653675,-0.03038710412919087,-0.12656269872206916
XS008_SAME_MONTH_5Y,weekly,trend_x_volatility,MKT_TREND126,MKT_LOG_RV21,mid,mid,44,8,0.0024085448367602113,0.9065727958704662,0.014391629690893038,0.09526533593295888
XS008_SAME_MONTH_5Y,weekly,trend_x_volatility,MKT_TREND126,MKT_LOG_RV21,mid,high,36,8,0.002978401744969001,1.0184429761638678,0.00860638547540487,0.09002086495235986
XS008_SAME_MONTH_5Y,weekly,trend_x_volatility,MKT_TREND126,MKT_LOG_RV21,high,low,68,9,-0.0027349657187411428,-1.2613405946951493,-0.02275712346738651,-0.19778286334488998
XS008_SAME_MONTH_5Y,weekly,trend_x_volatility,MKT_TREND126,MKT_LOG_RV21,high,mid,72,7,-0.0013593205861987766,-0.409325208171526,-0.005966040405663214,-0.1287525309899375
XS008_SAME_MONTH_5Y,weekly,trend_x_volatility,MKT_TREND126,MKT_LOG_RV21,high,high,49,8,-0.0020305123990817485,-0.8043961805070923,-0.02985736278266603,-0.1088936653652136
XS008_SAME_MONTH_5Y,weekly,breadth_x_volatility,MKT_BREADTH_RSP63,MKT_LOG_RV21,low,low,71,8,-0.0023952468592211024,-0.9961072785612423,-0.011750848568981846,-0.18511223280134753
XS008_SAME_MONTH_5Y,weekly,breadth_x_volatility,MKT_BREADTH_RSP63,MKT_LOG_RV21,low,mid,79,8,-0.0016318454956666113,-0.5397489469933902,0.0005428717790699409,-0.15850425980745464
XS008_SAME_MONTH_5Y,weekly,breadth_x_volatility,MKT_BREADTH_RSP63,MKT_LOG_RV21,low,high,72,9,-0.0018388038196205966,-0.5812245267721239,-0.02129798690803565,-0.18758592149648556
XS008_SAME_MONTH_5Y,weekly,breadth_x_volatility,MKT_BREADTH_RSP63,MKT_LOG_RV21,mid,low,10,7,-0.00782712651454458,-6.44907492006872,-0.0626891349803286,-0.07880329322988999
XS008_SAME_MONTH_5Y,weekly,breadth_x_volatility,MKT_BREADTH_RSP63,MKT_LOG_RV21,mid,mid,26,7,0.0006360742864784769,0.247027768646083,0.0034573149401032,0.011757208136815057
XS008_SAME_MONTH_5Y,weekly,breadth_x_volatility,MKT_BREADTH_RSP63,MKT_LOG_RV21,mid,high,40,8,0.0003718136969780128,0.1408018496996085,-0.012478787819364026,-8.337641770994608e-06
XS008_SAME_MONTH_5Y,weekly,breadth_x_volatility,MKT_BREADTH_RSP63,MKT_LOG_RV21,high,low,10,5,-0.006094412524731552,-3.666351237414391,-0.021876928822969453,-0.06121241520664465
XS008_SAME_MONTH_5Y,weekly,breadth_x_volatility,MKT_BREADTH_RSP63,MKT_LOG_RV21,high,mid,39,6,0.002528917266369083,0.8264012882599354,0.007286901146324567,0.08902431881085654
XS008_SAME_MONTH_5Y,weekly,breadth_x_volatility,MKT_BREADTH_RSP63,MKT_LOG_RV21,high,high,96,9,1.0848647207096588e-05,0.003971564902779241,-0.00247453692095688,-0.032537752457714245
XS008_SAME_MONTH_5Y,weekly,dispersion_x_correlation,MKT_XS_DISP21,MKT_AVG_CORR63,low,low,26,7,-0.00354591958338651,-1.5912265875808462,-0.01920741431117293,-0.09942072532247567
XS008_SAME_MONTH_5Y,weekly,dispersion_x_correlation,MKT_XS_DISP21,MKT_AVG_CORR63,low,mid,4,2,-0.0035228712019597097,-1.8981444512117622,-0.06758240056172814,-0.014343301945031925
XS008_SAME_MONTH_5Y,weekly,dispersion_x_correlation,MKT_XS_DISP21,MKT_AVG_CORR63,low,high,6,4,-0.0009461623561914748,-0.4469740426568048,-0.0534643955272893,-0.006460518821508648
XS008_SAME_MONTH_5Y,weekly,dispersion_x_correlation,MKT_XS_DISP21,MKT_AVG_CORR63,mid,low,75,9,-0.0026958690361284354,-1.1980601596772051,-0.031916293601927215,-0.21133079537194804
XS008_SAME_MONTH_5Y,weekly,dispersion_x_correlation,MKT_XS_DISP21,MKT_AVG_CORR63,mid,mid,20,7,-3.846155498195003e-05,-0.01853340714030358,0.014383539679802358,-0.0017027496324482539
XS008_SAME_MONTH_5Y,weekly,dispersion_x_correlation,MKT_XS_DISP21,MKT_AVG_CORR63,mid,high,31,6,0.0033253071470430978,1.2521061959224253,0.01201712369586128,0.09040550427901331
XS008_SAME_MONTH_5Y,weekly,dispersion_x_correlation,MKT_XS_DISP21,MKT_AVG_CORR63,high,low,124,8,-0.0007481496234681104,-0.2206751023039324,0.0034537565858518264,-0.1439709523069176
XS008_SAME_MONTH_5Y,weekly,dispersion_x_correlation,MKT_XS_DISP21,MKT_AVG_CORR63,high,mid,78,7,-0.0006999767177826136,-0.29272277924506585,-0.00955383214487306,-0.0782116464789417
XS008_SAME_MONTH_5Y,weekly,dispersion_x_correlation,MKT_XS_DISP21,MKT_AVG_CORR63,high,high,79,6,-0.0010164793804924848,-0.338740345680571,-0.004964614774270909,-0.13794750009337753
XS013_LOW_BETA_FP,monthly,trend_x_volatility,MKT_TREND126,MKT_LOG_RV21,low,low,3,3,-0.00506128956757516,-0.739494458915007,-0.03998690842660236,-0.01523582235049796
XS013_LOW_BETA_FP,monthly,trend_x_volatility,MKT_TREND126,MKT_LOG_RV21,low,mid,7,4,-0.023463524687711512,-2.225063037124037,-0.12123833619122901,-0.1597659556451005
XS013_LOW_BETA_FP,monthly,trend_x_volatility,MKT_TREND126,MKT_LOG_RV21,low,high,28,7,-0.012292564311815675,-0.8194653197972307,-0.0925285547392178,-0.277643244019778
XS013_LOW_BETA_FP,monthly,trend_x_volatility,MKT_TREND126,MKT_LOG_RV21,mid,low,3,3,-0.00907222069188418,-1.1337626262957434,0.010453115712152197,-0.027215173402256914
XS013_LOW_BETA_FP,monthly,trend_x_volatility,MKT_TREND126,MKT_LOG_RV21,mid,mid,13,5,-0.006405304491850257,-0.5264862053930859,0.035722071824823634,-0.08470680947987175
XS013_LOW_BETA_FP,monthly,trend_x_volatility,MKT_TREND126,MKT_LOG_RV21,mid,high,3,3,0.024295624689923634,1.5939939086562043,0.06936823990808218,0.07574236546707647
XS013_LOW_BETA_FP,monthly,trend_x_volatility,MKT_TREND126,MKT_LOG_RV21,high,low,16,8,0.0206403765594217,1.3771945797955196,0.11422928008109247,0.3281694206513797
XS013_LOW_BETA_FP,monthly,trend_x_volatility,MKT_TREND126,MKT_LOG_RV21,high,mid,16,7,-0.004681071219926704,-0.6243407090733972,0.013712477163811673,-0.07524622443294811
XS013_LOW_BETA_FP,monthly,trend_x_volatility,MKT_TREND126,MKT_LOG_RV21,high,high,12,6,-0.025329964639765196,-1.5871093418913553,-0.10365666537806399,-0.2942991234069915
XS013_LOW_BETA_FP,monthly,breadth_x_volatility,MKT_BREADTH_RSP63,MKT_LOG_RV21,low,low,16,7,0.011039965683019723,0.8593443859246975,0.08947724613526589,0.17880859001042063
XS013_LOW_BETA_FP,monthly,breadth_x_volatility,MKT_BREADTH_RSP63,MKT_LOG_RV21,low,mid,19,7,-0.008546487972683776,-0.7558263290668902,0.004769530640691754,-0.1571313315897933
XS013_LOW_BETA_FP,monthly,breadth_x_volatility,MKT_BREADTH_RSP63,MKT_LOG_RV21,low,high,14,7,-0.008258686966988091,-0.5315347774782891,-0.10176423922586533,-0.07689981216820299
XS013_LOW_BETA_FP,monthly,breadth_x_volatility,MKT_BREADTH_RSP63,MKT_LOG_RV21,mid,low,5,4,0.021730094763079168,1.1825894070828358,0.06867814526524536,0.10435069893580896
XS013_LOW_BETA_FP,monthly,breadth_x_volatility,MKT_BREADTH_RSP63,MKT_LOG_RV21,mid,mid,12,6,-0.009350216235881744,-1.2974153084001496,0.0033843530058843365,-0.10842517383087967
XS013_LOW_BETA_FP,monthly,breadth_x_volatility,MKT_BREADTH_RSP63,MKT_LOG_RV21,mid,high,6,3,0.0026781564543775596,0.17900098149400756,-0.02642125400794181,0.03110283808167103
XS013_LOW_BETA_FP,monthly,breadth_x_volatility,MKT_BREADTH_RSP63,MKT_LOG_RV21,high,low,1,1,0.0025555694286577557,,-0.035959561336351906,0.002559135952395251
XS013_LOW_BETA_FP,monthly,breadth_x_volatility,MKT_BREADTH_RSP63,MKT_LOG_RV21,high,mid,5,4,-0.009564980883057706,-0.803083764948282,-0.059223020647732806,-0.054162484137247356
XS013_LOW_BETA_FP,monthly,breadth_x_volatility,MKT_BREADTH_RSP63,MKT_LOG_RV21,high,high,23,8,-0.02068312276202967,-1.329669345330975,-0.08884121410003715,-0.4504030278731611
XS013_LOW_BETA_FP,monthly,dispersion_x_correlation,MKT_XS_DISP21,MKT_AVG_CORR63,low,low,4,3,0.018021766568208752,1.158651408245245,0.13835487105937633,0.07046128253114162
XS013_LOW_BETA_FP,monthly,dispersion_x_correlation,MKT_XS_DISP21,MKT_AVG_CORR63,low,mid,0,0,,,,0.0
XS013_LOW_BETA_FP,monthly,dispersion_x_correlation,MKT_XS_DISP21,MKT_AVG_CORR63,low,high,1,1,-0.08554008741707064,,-0.5979735318444995,-0.08386107177612548
XS013_LOW_BETA_FP,monthly,dispersion_x_correlation,MKT_XS_DISP21,MKT_AVG_CORR63,mid,low,22,8,0.0008088516594850618,0.06432107846064171,0.05769935465199503,0.019390551405584322
XS013_LOW_BETA_FP,monthly,dispersion_x_correlation,MKT_XS_DISP21,MKT_AVG_CORR63,mid,mid,6,3,-0.021034055864559104,-2.171134385495599,-0.1227058421244079,-0.12218122130686453
XS013_LOW_BETA_FP,monthly,dispersion_x_correlation,MKT_XS_DISP21,MKT_AVG_CORR63,mid,high,7,4,0.005823344206958863,0.6016631831647535,-0.013756022433028998,0.043612976072485335
XS013_LOW_BETA_FP,monthly,dispersion_x_correlation,MKT_XS_DISP21,MKT_AVG_CORR63,high,low,26,8,-0.011265916980964963,-0.8734187466467043,-0.051289155403061816,-0.2891125470671385
XS013_LOW_BETA_FP,monthly,dispersion_x_correlation,MKT_XS_DISP21,MKT_AVG_CORR63,high,mid,14,6,0.0019395765643833163,0.12246598408626116,0.04379832438188814,0.043621918650029255
XS013_LOW_BETA_FP,monthly,dispersion_x_correlation,MKT_XS_DISP21,MKT_AVG_CORR63,high,high,21,6,-0.01252241899594347,-0.8501694925862086,-0.08211202500845106,-0.21213245512810072
XS013_LOW_BETA_FP,weekly,trend_x_volatility,MKT_TREND126,MKT_LOG_RV21,low,low,9,3,-9.959238333578924e-06,-0.004283366463776533,0.012673219867054481,-0.00010416831628681615
XS013_LOW_BETA_FP,weekly,trend_x_volatility,MKT_TREND126,MKT_LOG_RV21,low,mid,28,6,-0.005749549140830844,-1.9727120062621621,-0.09703528299418894,-0.16057964709209238
XS013_LOW_BETA_FP,weekly,trend_x_volatility,MKT_TREND126,MKT_LOG_RV21,low,high,123,7,-0.0015203153419365803,-0.3065205638302602,-0.02209365973656526,-0.1366572180893724
XS013_LOW_BETA_FP,weekly,trend_x_volatility,MKT_TREND126,MKT_LOG_RV21,mid,low,14,7,0.004748258970624951,2.6678132841372695,0.0747559925661079,0.06671025478929964
XS013_LOW_BETA_FP,weekly,trend_x_volatility,MKT_TREND126,MKT_LOG_RV21,mid,mid,44,8,-0.0011770660516347135,-0.3897582244446091,-0.011175413361030754,-0.0546743678197902
XS013_LOW_BETA_FP,weekly,trend_x_volatility,MKT_TREND126,MKT_LOG_RV21,mid,high,36,8,-0.00468093638783445,-1.7361698195007462,-0.013443802258896806,-0.16506774652827613
XS013_LOW_BETA_FP,weekly,trend_x_volatility,MKT_TREND126,MKT_LOG_RV21,high,low,68,9,0.00230631056360301,0.8856001339118601,0.045834765094015475,0.15892829140780174
XS013_LOW_BETA_FP,weekly,trend_x_volatility,MKT_TREND126,MKT_LOG_RV21,high,mid,72,7,-0.0014986167614160018,-0.5671411268384017,-0.001298850477182859,-0.10516971740396072
XS013_LOW_BETA_FP,weekly,trend_x_volatility,MKT_TREND126,MKT_LOG_RV21,high,high,49,8,-0.003596813224140065,-1.0086415924143117,-0.03404193955409991,-0.17204145891541392
XS013_LOW_BETA_FP,weekly,breadth_x_volatility,MKT_BREADTH_RSP63,MKT_LOG_RV21,low,low,71,8,0.00289204874426585,1.160127546681005,0.04151973280067907,0.20818888101192523
XS013_LOW_BETA_FP,weekly,breadth_x_volatility,MKT_BREADTH_RSP63,MKT_LOG_RV21,low,mid,79,8,-0.0015779503365169235,-0.547397291216238,-0.01287074099640028,-0.12124490941024074
XS013_LOW_BETA_FP,weekly,breadth_x_volatility,MKT_BREADTH_RSP63,MKT_LOG_RV21,low,high,72,9,-0.0032374856087375864,-0.6521322056949315,-0.0196215683029992,-0.20768095529228997
XS013_LOW_BETA_FP,weekly,breadth_x_volatility,MKT_BREADTH_RSP63,MKT_LOG_RV21,mid,low,10,7,-0.0003377766878428945,-0.14115487391481393,0.11725325347639466,-0.0037123149284129546
XS013_LOW_BETA_FP,weekly,breadth_x_volatility,MKT_BREADTH_RSP63,MKT_LOG_RV21,mid,mid,26,7,-0.005427548637177127,-1.7143745497461473,-0.05220392467723305,-0.1430258345304666
XS013_LOW_BETA_FP,weekly,breadth_x_volatility,MKT_BREADTH_RSP63,MKT_LOG_RV21,mid,high,40,8,-0.0009038774773956453,-0.2315451144512049,0.0010291778493325353,-0.03348335463852056
XS013_LOW_BETA_FP,weekly,breadth_x_volatility,MKT_BREADTH_RSP63,MKT_LOG_RV21,high,low,10,5,0.0021257416804305374,0.8760045856777318,0.015697333750989282,0.021057811797302227
XS013_LOW_BETA_FP,weekly,breadth_x_volatility,MKT_BREADTH_RSP63,MKT_LOG_RV21,high,mid,39,6,-0.001407803791941048,-0.5842536671253155,-0.023798276045028925,-0.05615298837513601
XS013_LOW_BETA_FP,weekly,breadth_x_volatility,MKT_BREADTH_RSP63,MKT_LOG_RV21,high,high,96,9,-0.0027343987716476116,-0.6822972813911824,-0.03643714857527153,-0.23260211360225194
XS013_LOW_BETA_FP,weekly,dispersion_x_correlation,MKT_XS_DISP21,MKT_AVG_CORR63,low,low,26,7,-0.005476873633764679,-2.263271073471881,-0.06047099644560893,-0.14096735433531687
XS013_LOW_BETA_FP,weekly,dispersion_x_correlation,MKT_XS_DISP21,MKT_AVG_CORR63,low,mid,4,2,0.0003760755603943178,0.2045070443769695,-0.013504438163683949,0.0013597325941481914
XS013_LOW_BETA_FP,weekly,dispersion_x_correlation,MKT_XS_DISP21,MKT_AVG_CORR63,low,high,6,4,-0.01092008605571678,-3.3456218367267714,-0.27494022090932396,-0.06575249523075788
XS013_LOW_BETA_FP,weekly,dispersion_x_correlation,MKT_XS_DISP21,MKT_AVG_CORR63,mid,low,75,9,-0.0007344122736007034,-0.28104189658071577,-0.0003214564296811976,-0.05275243762307026
XS013_LOW_BETA_FP,weekly,dispersion_x_correlation,MKT_XS_DISP21,MKT_AVG_CORR63,mid,mid,20,7,0.006564094904454065,1.9739949199631681,0.03679645608550558,0.13463256216763697
XS013_LOW_BETA_FP,weekly,dispersion_x_correlation,MKT_XS_DISP21,MKT_AVG_CORR63,mid,high,31,6,-0.004941418092951627,-1.4377438281702697,-0.07246268278754533,-0.14690345650978465
XS013_LOW_BETA_FP,weekly,dispersion_x_correlation,MKT_XS_DISP21,MKT_AVG_CORR63,high,low,124,8,0.0011366486999131757,0.38188639903260796,0.04238830229445206,0.14325328758613748
XS013_LOW_BETA_FP,weekly,dispersion_x_correlation,MKT_XS_DISP21,MKT_AVG_CORR63,high,mid,78,7,-0.0023502609152078312,-0.6144275800618583,-0.018712118481583082,-0.17012711952764106
XS013_LOW_BETA_FP,weekly,dispersion_x_correlation,MKT_XS_DISP21,MKT_AVG_CORR63,high,high,79,6,-0.0038410898581194954,-0.7585955760624382,-0.03646258851074234,-0.2713984970894433
XS015_MAX_21,monthly,trend_x_volatility,MKT_TREND126,MKT_LOG_RV21,low,low,3,3,-0.0009766621738707866,-0.2829117462067692,0.006785644188077676,-0.0031592230863701914
XS015_MAX_21,monthly,trend_x_volatility,MKT_TREND126,MKT_LOG_RV21,low,mid,7,4,-0.008060481413446967,-1.3553036468135218,-0.009232475778069566,-0.054976301322291705
XS015_MAX_21,monthly,trend_x_volatility,MKT_TREND126,MKT_LOG_RV21,low,high,28,7,-0.009676142965543755,-1.0188602477885735,-0.06062258825531014,-0.22346313369526002
XS015_MAX_21,monthly,trend_x_volatility,MKT_TREND126,MKT_LOG_RV21,mid,low,3,3,0.001519706407516012,0.19521321827295865,0.07305471568050396,0.004441949874828571
XS015_MAX_21,monthly,trend_x_volatility,MKT_TREND126,MKT_LOG_RV21,mid,mid,13,5,-0.0012086808808543942,-0.19771690609295434,-0.015437101690623447,-0.014877839909609194
XS015_MAX_21,monthly,trend_x_volatility,MKT_TREND126,MKT_LOG_RV21,mid,high,3,3,0.025998513744494394,4.853075371470568,0.08252277867932478,0.07921039942611831
XS015_MAX_21,monthly,trend_x_volatility,MKT_TREND126,MKT_LOG_RV21,high,low,16,8,0.0007930766005012635,0.11297809854210711,0.047096874196974337,0.014929594608933033
XS015_MAX_21,monthly,trend_x_volatility,MKT_TREND126,MKT_LOG_RV21,high,mid,16,7,-0.006339552567487673,-1.3142080231981486,0.009288970574764212,-0.09795158949311769
XS015_MAX_21,monthly,trend_x_volatility,MKT_TREND126,MKT_LOG_RV21,high,high,12,6,-0.01243441555087535,-1.4049926562961321,-0.03879879058091712,-0.14071663259153666
XS015_MAX_21,monthly,breadth_x_volatility,MKT_BREADTH_RSP63,MKT_LOG_RV21,low,low,16,7,0.004585700581344013,0.7977699156860935,0.0596066727456168,0.07459199853534595
XS015_MAX_21,monthly,breadth_x_volatility,MKT_BREADTH_RSP63,MKT_LOG_RV21,low,mid,19,7,-0.0007792397217741714,-0.1303838819816045,0.0037384926155668327,-0.011327048242654687
XS015_MAX_21,monthly,breadth_x_volatility,MKT_BREADTH_RSP63,MKT_LOG_RV21,low,high,14,7,-0.0034543499361078256,-0.3815937523319815,-0.060412736826950766,-0.022251196106254756
XS015_MAX_21,monthly,breadth_x_volatility,MKT_BREADTH_RSP63,MKT_LOG_RV21,mid,low,5,4,-0.007563623302791411,-0.8722407100685929,0.04744400061534387,-0.03686852303419991
XS015_MAX_21,monthly,breadth_x_volatility,MKT_BREADTH_RSP63,MKT_LOG_RV21,mid,mid,12,6,-0.011917540744887841,-2.396857508423086,-0.01685841031783517,-0.1405503521478445
XS015_MAX_21,monthly,breadth_x_volatility,MKT_BREADTH_RSP63,MKT_LOG_RV21,mid,high,6,3,-0.0007743515367952999,-0.08871148995912041,-0.02810550512435538,0.004218244886449691
XS015_MAX_21,monthly,breadth_x_volatility,MKT_BREADTH_RSP63,MKT_LOG_RV21,high,low,1,1,-0.021234734478591255,,-0.1978557002492537,-0.021511154103754627
XS015_MAX_21,monthly,breadth_x_volatility,MKT_BREADTH_RSP63,MKT_LOG_RV21,high,mid,5,4,-0.003150603754535064,-0.9866398968982819,0.0029166881779775972,-0.01592833033451941
XS015_MAX_21,monthly,breadth_x_volatility,MKT_BREADTH_RSP63,MKT_LOG_RV21,high,high,23,8,-0.012571410438520208,-1.2767744148268059,-0.03917557720688138,-0.2669364156408733
XS015_MAX_21,monthly,dispersion_x_correlation,MKT_XS_DISP21,MKT_AVG_CORR63,low,low,4,3,0.019490094411299147,3.5269369751138684,0.09891043593121764,0.07806286692335047
XS015_MAX_21,monthly,dispersion_x_correlation,MKT_XS_DISP21,MKT_AVG_CORR63,low,mid,0,0,,,,0.0
XS015_MAX_21,monthly,dispersion_x_correlation,MKT_XS_DISP21,MKT_AVG_CORR63,low,high,1,1,-0.07162174899029694,,-0.40240113962865487,-0.06973640361867747
XS015_MAX_21,monthly,dispersion_x_correlation,MKT_XS_DISP21,MKT_AVG_CORR63,mid,low,22,8,-0.0026588295066476875,-0.5610790978589356,0.029735214843663357,-0.055928567764932435
XS015_MAX_21,monthly,dispersion_x_correlation,MKT_XS_DISP21,MKT_AVG_CORR63,mid,mid,6,3,-0.006513516970066524,-0.9586077286495195,-0.04945379719886434,-0.0368962269962335
XS015_MAX_21,monthly,dispersion_x_correlation,MKT_XS_DISP21,MKT_AVG_CORR63,mid,high,7,4,-0.006464388649078501,-1.2827173506619682,-0.0560815480208333,-0.04527794310361083
XS015_MAX_21,monthly,dispersion_x_correlation,MKT_XS_DISP21,MKT_AVG_CORR63,high,low,26,8,-0.007028394759011347,-1.0340642240236633,-0.005914472398161728,-0.17674686660979988
XS015_MAX_21,monthly,dispersion_x_correlation,MKT_XS_DISP21,MKT_AVG_CORR63,high,mid,14,6,-0.0035176907289118453,-0.37751607402031534,0.010835737556275541,-0.034575185543344385
XS015_MAX_21,monthly,dispersion_x_correlation,MKT_XS_DISP21,MKT_AVG_CORR63,high,high,21,6,-0.006329846463522378,-0.6580396700165313,-0.04738621110981847,-0.09546444947505753
XS015_MAX_21,weekly,trend_x_volatility,MKT_TREND126,MKT_LOG_RV21,low,low,9,3,-0.0007251155919421172,-0.6783969442449265,0.053418254553132274,-0.006489562124922341
XS015_MAX_21,weekly,trend_x_volatility,MKT_TREND126,MKT_LOG_RV21,low,mid,28,6,-0.0035478813880844918,-2.4860854493642517,-0.04002965303873048,-0.09745459153689506
XS015_MAX_21,weekly,trend_x_volatility,MKT_TREND126,MKT_LOG_RV21,low,high,123,7,-0.001525672980031927,-0.442524877568093,-0.013772944655320085,-0.1545365688717815
XS015_MAX_21,weekly,trend_x_volatility,MKT_TREND126,MKT_LOG_RV21,mid,low,14,7,0.0009879568098152428,0.7380687708589654,0.022669598129584776,0.014176645012789781
XS015_MAX_21,weekly,trend_x_volatility,MKT_TREND126,MKT_LOG_RV21,mid,mid,44,8,-0.002125838228381022,-1.1035819628924814,-0.014570952418200313,-0.09344729246279941
XS015_MAX_21,weekly,trend_x_volatility,MKT_TREND126,MKT_LOG_RV21,mid,high,36,8,0.00028770812647262015,0.14620975834844394,0.02074601418791542,0.013942700401424089
XS015_MAX_21,weekly,trend_x_volatility,MKT_TREND126,MKT_LOG_RV21,high,low,68,9,-0.0010964871271548966,-0.7460351980388762,0.02463082584109291,-0.0721549153771972
XS015_MAX_21,weekly,trend_x_volatility,MKT_TREND126,MKT_LOG_RV21,high,mid,72,7,-0.002246989505408274,-1.229465198527383,0.0006117521014973238,-0.15798652638607033
XS015_MAX_21,weekly,trend_x_volatility,MKT_TREND126,MKT_LOG_RV21,high,high,49,8,-0.0020419008352724703,-1.0716004925190246,-0.0141171604845554,-0.09396954493122035
XS015_MAX_21,weekly,breadth_x_volatility,MKT_BREADTH_RSP63,MKT_LOG_RV21,low,low,71,8,-0.0004662104432900625,-0.34245410308859336,0.025408828239814156,-0.03080852255068659
XS015_MAX_21,weekly,breadth_x_volatility,MKT_BREADTH_RSP63,MKT_LOG_RV21,low,mid,79,8,-0.0018554548611681872,-1.0274286597722082,-0.012859998521289547,-0.1418718450987984
XS015_MAX_21,weekly,breadth_x_volatility,MKT_BREADTH_RSP63,MKT_LOG_RV21,low,high,72,9,-0.0009056894195927321,-0.25997346056439735,-0.006595451164888567,-0.05450612492551101
XS015_MAX_21,weekly,breadth_x_volatility,MKT_BREADTH_RSP63,MKT_LOG_RV21,mid,low,10,7,-0.0039972623883748224,-2.5883167728623513,0.04496675708840321,-0.03970380143831344
XS015_MAX_21,weekly,breadth_x_volatility,MKT_BREADTH_RSP63,MKT_LOG_RV21,mid,mid,26,7,-0.004928340732671595,-2.800603232324971,-0.041004145194019466,-0.1278688195070269
XS015_MAX_21,weekly,breadth_x_volatility,MKT_BREADTH_RSP63,MKT_LOG_RV21,mid,high,40,8,-0.0005134217399070634,-0.22476810105859124,0.004180879488646805,-0.014386528090957702
XS015_MAX_21,weekly,breadth_x_volatility,MKT_BREADTH_RSP63,MKT_LOG_RV21,high,low,10,5,0.0005817795720744034,0.35293117384416545,0.021934044607585756,0.006044491499670283
XS015_MAX_21,weekly,breadth_x_volatility,MKT_BREADTH_RSP63,MKT_LOG_RV21,high,mid,39,6,-0.0020498208262250826,-1.168376132657341,0.009336964565356919,-0.07914774577993952
XS015_MAX_21,weekly,breadth_x_volatility,MKT_BREADTH_RSP63,MKT_LOG_RV21,high,high,96,9,-0.001995905386586505,-0.7376344297142242,-0.013867908763088799,-0.1656707603851091
XS015_MAX_21,weekly,dispersion_x_correlation,MKT_XS_DISP21,MKT_AVG_CORR63,low,low,26,7,-0.0019153070036528246,-1.0184177179337612,-0.014849613728691147,-0.0483017698425013
XS015_MAX_21,weekly,dispersion_x_correlation,MKT_XS_DISP21,MKT_AVG_CORR63,low,mid,4,2,0.01326200334205227,20.930248899475355,0.16391381146247475,0.0525547347542821
XS015_MAX_21,weekly,dispersion_x_correlation,MKT_XS_DISP21,MKT_AVG_CORR63,low,high,6,4,-0.004968821838059911,-3.7578192153288286,-0.15570335654324213,-0.029362359912095688
XS015_MAX_21,weekly,dispersion_x_correlation,MKT_XS_DISP21,MKT_AVG_CORR63,mid,low,75,9,-0.0025393190362957723,-1.8518657713698001,-0.008663258283305846,-0.18811160705282698
XS015_MAX_21,weekly,dispersion_x_correlation,MKT_XS_DISP21,MKT_AVG_CORR63,mid,mid,20,7,-0.00038885817500182717,-0.18380474676600544,0.011494821585658885,-0.004469897192931267
XS015_MAX_21,weekly,dispersion_x_correlation,MKT_XS_DISP21,MKT_AVG_CORR63,mid,high,31,6,-0.003380110659635143,-1.3382347898099973,-0.07714680154435272,-0.09741885936782847
XS015_MAX_21,weekly,dispersion_x_correlation,MKT_XS_DISP21,MKT_AVG_CORR63,high,low,124,8,-0.0007327688786170394,-0.44167649706034784,0.031531221175239085,-0.08427493242687821
XS015_MAX_21,weekly,dispersion_x_correlation,MKT_XS_DISP21,MKT_AVG_CORR63,high,mid,78,7,-0.0013385849140693333,-0.5717625071383051,-0.004160071981278124,-0.09136683583122496
XS015_MAX_21,weekly,dispersion_x_correlation,MKT_XS_DISP21,MKT_AVG_CORR63,high,high,79,6,-0.00220790650871437,-0.5886013058604314,-0.012571644774659878,-0.15716812940466754
XS018_AMIHUD_252,monthly,trend_x_volatility,MKT_TREND126,MKT_LOG_RV21,low,low,3,3,0.004867392655094689,3.5795950894622237,0.012674176046361743,0.014298991911745667
XS018_AMIHUD_252,monthly,trend_x_volatility,MKT_TREND126,MKT_LOG_RV21,low,mid,7,4,-0.007320056884454933,-1.174473758074246,-0.02629765395323699,-0.05307594339379682
XS018_AMIHUD_252,monthly,trend_x_volatility,MKT_TREND126,MKT_LOG_RV21,low,high,28,7,-0.006623044671168314,-0.6380768163350689,-0.01430139822462754,-0.2660669136969192
XS018_AMIHUD_252,monthly,trend_x_volatility,MKT_TREND126,MKT_LOG_RV21,mid,low,3,3,0.0070528097895603175,0.8991865497134979,-0.09290546024629032,0.01950521089000598
XS018_AMIHUD_252,monthly,trend_x_volatility,MKT_TREND126,MKT_LOG_RV21,mid,mid,13,5,-0.003315936135060469,-0.5135174652602411,-0.009704039557002256,-0.04707476109020975
XS018_AMIHUD_252,monthly,trend_x_volatility,MKT_TREND126,MKT_LOG_RV21,mid,high,3,3,0.022010613371951242,3.5484183156941067,0.09135120211743142,0.0630372711950552
XS018_AMIHUD_252,monthly,trend_x_volatility,MKT_TREND126,MKT_LOG_RV21,high,low,16,8,-0.011589372825167116,-1.259772854643737,-0.04734611940388114,-0.20569130792543425
XS018_AMIHUD_252,monthly,trend_x_volatility,MKT_TREND126,MKT_LOG_RV21,high,mid,16,7,-0.011465665595654075,-1.9458580911570553,-0.03272174936205429,-0.19409028118459554
XS018_AMIHUD_252,monthly,trend_x_volatility,MKT_TREND126,MKT_LOG_RV21,high,high,12,6,0.01732868818072945,1.481427851168685,0.0825038109696863,0.18052270823234998
XS018_AMIHUD_252,monthly,breadth_x_volatility,MKT_BREADTH_RSP63,MKT_LOG_RV21,low,low,16,7,-0.003848819768052472,-0.4570362958773848,-0.036455851668865835,-0.07730036993132171
XS018_AMIHUD_252,monthly,breadth_x_volatility,MKT_BREADTH_RSP63,MKT_LOG_RV21,low,mid,19,7,-0.006770878006902581,-1.0983849115946291,-0.011136080210845929,-0.13660821533629544
XS018_AMIHUD_252,monthly,breadth_x_volatility,MKT_BREADTH_RSP63,MKT_LOG_RV21,low,high,14,7,0.001638781168963131,0.1440363123187779,0.03586400385083783,-0.032739003472760625
XS018_AMIHUD_252,monthly,breadth_x_volatility,MKT_BREADTH_RSP63,MKT_LOG_RV21,mid,low,5,4,-0.015377446411168338,-1.5355035474671914,-0.11407749774817626,-0.08329410299256845
XS018_AMIHUD_252,monthly,breadth_x_volatility,MKT_BREADTH_RSP63,MKT_LOG_RV21,mid,mid,12,6,-0.014800477192741746,-2.4950230116723406,-0.04668823866127846,-0.18398755707372474
XS018_AMIHUD_252,monthly,breadth_x_volatility,MKT_BREADTH_RSP63,MKT_LOG_RV21,mid,high,6,3,0.007063359243706342,0.7691346965780412,-0.0040163739493309925,0.025979599098956134
XS018_AMIHUD_252,monthly,breadth_x_volatility,MKT_BREADTH_RSP63,MKT_LOG_RV21,high,low,1,1,-0.011201009524027583,,0.15544935238085067,-0.011292632199792452
XS018_AMIHUD_252,monthly,breadth_x_volatility,MKT_BREADTH_RSP63,MKT_LOG_RV21,high,mid,5,4,0.005690838193322834,1.1587770863004978,-0.012387938753028535,0.026354786741418078
XS018_AMIHUD_252,monthly,breadth_x_volatility,MKT_BREADTH_RSP63,MKT_LOG_RV21,high,high,23,8,0.001009032854964019,0.0881875098462114,0.01676792945579196,-0.015747529895709565
XS018_AMIHUD_252,monthly,dispersion_x_correlation,MKT_XS_DISP21,MKT_AVG_CORR63,low,low,4,3,-0.013500090589984054,-2.054655505051904,-0.08167254668824617,-0.05707457052081346
XS018_AMIHUD_252,monthly,dispersion_x_correlation,MKT_XS_DISP21,MKT_AVG_CORR63,low,mid,0,0,,,,0.0
XS018_AMIHUD_252,monthly,dispersion_x_correlation,MKT_XS_DISP21,MKT_AVG_CORR63,low,high,1,1,0.04391531695863127,,0.19695112510541435,0.04046704785911874
XS018_AMIHUD_252,monthly,dispersion_x_correlation,MKT_XS_DISP21,MKT_AVG_CORR63,mid,low,22,8,-0.010026848835396139,-1.126412039826047,-0.06196395292874291,-0.24001458046933516
XS018_AMIHUD_252,monthly,dispersion_x_correlation,MKT_XS_DISP21,MKT_AVG_CORR63,mid,mid,6,3,0.0003363059942563436,0.04365373247159796,0.08465793176236625,0.00030686640870480897
XS018_AMIHUD_252,monthly,dispersion_x_correlation,MKT_XS_DISP21,MKT_AVG_CORR63,mid,high,7,4,-0.0005751779925744811,-0.07519570484013452,-0.051473079575596596,-0.01076763283434238
XS018_AMIHUD_252,monthly,dispersion_x_correlation,MKT_XS_DISP21,MKT_AVG_CORR63,high,low,26,8,4.750830236276683e-05,0.0064070334088450745,-0.0017987995309725574,-0.0224962600709847
XS018_AMIHUD_252,monthly,dispersion_x_correlation,MKT_XS_DISP21,MKT_AVG_CORR63,high,mid,14,6,0.0031714634274506476,0.29710068207672763,0.017626630767125902,0.017256230567990263
XS018_AMIHUD_252,monthly,dispersion_x_correlation,MKT_XS_DISP21,MKT_AVG_CORR63,high,high,21,6,-0.007232776282737526,-0.6782262243804488,0.008426204406234993,-0.21631212600213678
XS018_AMIHUD_252,weekly,trend_x_volatility,MKT_TREND126,MKT_LOG_RV21,low,low,9,3,-0.0015774208969109428,-1.555270543491061,-0.020421508548135223,-0.014829721983260036
XS018_AMIHUD_252,weekly,trend_x_volatility,MKT_TREND126,MKT_LOG_RV21,low,mid,28,6,0.00044429906238214426,0.20808689970355157,-0.0017250981320018548,0.007348986317484945
XS018_AMIHUD_252,weekly,trend_x_volatility,MKT_TREND126,MKT_LOG_RV21,low,high,123,7,-0.001083556433256011,-0.40654144739866604,-0.0026063474098292814,-0.20868433258221936
XS018_AMIHUD_252,weekly,trend_x_volatility,MKT_TREND126,MKT_LOG_RV21,mid,low,14,7,-0.0025018041692643845,-1.7890656060666377,-0.04077772493746147,-0.03608945223513425
XS018_AMIHUD_252,weekly,trend_x_volatility,MKT_TREND126,MKT_LOG_RV21,mid,mid,44,8,0.00044076868233556985,0.26945267841866105,-0.006570676512063081,0.013793930604523542
XS018_AMIHUD_252,weekly,trend_x_volatility,MKT_TREND126,MKT_LOG_RV21,mid,high,36,8,-0.0033467638309161102,-2.2444428040283237,-0.018493288861256035,-0.12623319678199665
XS018_AMIHUD_252,weekly,trend_x_volatility,MKT_TREND126,MKT_LOG_RV21,high,low,68,9,-0.0014415193302238487,-0.8776218157496725,-0.02762206968517431,-0.10926724961405755
XS018_AMIHUD_252,weekly,trend_x_volatility,MKT_TREND126,MKT_LOG_RV21,high,mid,72,7,-0.002144498500026541,-1.22688430750017,0.0033174054600888297,-0.1668111406593292
XS018_AMIHUD_252,weekly,trend_x_volatility,MKT_TREND126,MKT_LOG_RV21,high,high,49,8,0.0048796156291456075,1.8209871303502048,0.038995653979824615,0.22316954362380842
XS018_AMIHUD_252,weekly,breadth_x_volatility,MKT_BREADTH_RSP63,MKT_LOG_RV21,low,low,71,8,-0.0016820036901524437,-1.044977564123398,-0.02963731395068042,-0.13040675651276162
XS018_AMIHUD_252,weekly,breadth_x_volatility,MKT_BREADTH_RSP63,MKT_LOG_RV21,low,mid,79,8,-0.00026427254141746644,-0.16324776502291835,0.004701574075438361,-0.029946475980334567
XS018_AMIHUD_252,weekly,breadth_x_volatility,MKT_BREADTH_RSP63,MKT_LOG_RV21,low,high,72,9,0.001668179540783123,0.5092468337205094,0.021691746902505058,0.06056868344850206
XS018_AMIHUD_252,weekly,breadth_x_volatility,MKT_BREADTH_RSP63,MKT_LOG_RV21,mid,low,10,7,-0.0037770108108187927,-2.7564067656760365,-0.07559500037510486,-0.03855988455803279
XS018_AMIHUD_252,weekly,breadth_x_volatility,MKT_BREADTH_RSP63,MKT_LOG_RV21,mid,mid,26,7,-0.002637328641214055,-1.2238335248438843,-0.010882110005133987,-0.07563704438992583
XS018_AMIHUD_252,weekly,breadth_x_volatility,MKT_BREADTH_RSP63,MKT_LOG_RV21,mid,high,40,8,-0.0022593299438601194,-1.239835154448212,-0.016127048001641366,-0.096246653693641
XS018_AMIHUD_252,weekly,breadth_x_volatility,MKT_BREADTH_RSP63,MKT_LOG_RV21,high,low,10,5,0.0009947009211889845,0.7921895650197686,0.022721682959982736,0.008780217238342589
XS018_AMIHUD_252,weekly,breadth_x_volatility,MKT_BREADTH_RSP63,MKT_LOG_RV21,high,mid,39,6,-0.0008492723279205275,-0.4471531198530832,-0.004796123408373814,-0.040084703367060326
XS018_AMIHUD_252,weekly,breadth_x_volatility,MKT_BREADTH_RSP63,MKT_LOG_RV21,high,high,96,9,-0.0004624531516386939,-0.21927260117815045,8.045893419247076e-05,-0.07607001549526865
XS018_AMIHUD_252,weekly,dispersion_x_correlation,MKT_XS_DISP21,MKT_AVG_CORR63,low,low,26,7,-0.0027764498273035133,-2.5165978313913566,-0.022294700604219824,-0.0744478349497729
XS018_AMIHUD_252,weekly,dispersion_x_correlation,MKT_XS_DISP21,MKT_AVG_CORR63,low,mid,4,2,-0.0014575474687330836,-1.7025576949010783,-0.050284856153848506,-0.005864282828817451
XS018_AMIHUD_252,weekly,dispersion_x_correlation,MKT_XS_DISP21,MKT_AVG_CORR63,low,high,6,4,0.00972613016387136,6.771711959495626,0.05157977338480643,0.057046576751495576
XS018_AMIHUD_252,weekly,dispersion_x_correlation,MKT_XS_DISP21,MKT_AVG_CORR63,mid,low,75,9,-0.001082959762882026,-0.6665871508934916,-0.024173919902798633,-0.09199548527151327
XS018_AMIHUD_252,weekly,dispersion_x_correlation,MKT_XS_DISP21,MKT_AVG_CORR63,mid,mid,20,7,0.00012258664042294476,0.06044178051222089,0.04255904698494463,-0.0036902626385834844
XS018_AMIHUD_252,weekly,dispersion_x_correlation,MKT_XS_DISP21,MKT_AVG_CORR63,mid,high,31,6,-0.0003817336961810865,-0.16940141748171178,0.021717491380155312,-0.019275892640399344
XS018_AMIHUD_252,weekly,dispersion_x_correlation,MKT_XS_DISP21,MKT_AVG_CORR63,high,low,124,8,-0.0006915537240444881,-0.37962009837468913,-0.0069422228654641375,-0.10768906869365338
XS018_AMIHUD_252,weekly,dispersion_x_correlation,MKT_XS_DISP21,MKT_AVG_CORR63,high,mid,78,7,-0.0008478190547920744,-0.44502745253851783,-0.0019265336369560554,-0.0828271079653385
XS018_AMIHUD_252,weekly,dispersion_x_correlation,MKT_XS_DISP21,MKT_AVG_CORR63,high,high,79,6,-0.00028262258302153644,-0.08676390898493937,-0.00045626318873656803,-0.08885927507359741
XS019_PRICE_DELAY_52W,monthly,trend_x_volatility,MKT_TREND126,MKT_LOG_RV21,low,low,3,3,-0.024161734828350195,-3.7690144274853803,-0.054406462378473124,-0.07325234314443385
XS019_PRICE_DELAY_52W,monthly,trend_x_volatility,MKT_TREND126,MKT_LOG_RV21,low,mid,7,4,-0.012811357458971677,-1.0958965176192126,-0.06325989243299156,-0.08735984507553453
XS019_PRICE_DELAY_52W,monthly,trend_x_volatility,MKT_TREND126,MKT_LOG_RV21,low,high,28,7,-0.0055307839331183595,-0.49984885515400185,-0.054869937275049456,-0.10216112421428286
XS019_PRICE_DELAY_52W,monthly,trend_x_volatility,MKT_TREND126,MKT_LOG_RV21,mid,low,3,3,-0.004139128653095329,-1.1252915529318779,-0.010735530241550864,-0.012296322989227467
XS019_PRICE_DELAY_52W,monthly,trend_x_volatility,MKT_TREND126,MKT_LOG_RV21,mid,mid,13,5,-0.00669416816814221,-0.5286116958096183,0.020788900413868775,-0.08890075736679245
XS019_PRICE_DELAY_52W,monthly,trend_x_volatility,MKT_TREND126,MKT_LOG_RV21,mid,high,3,3,0.00455821107929244,0.36685852398346447,0.13604169708457672,0.016560345936464674
XS019_PRICE_DELAY_52W,monthly,trend_x_volatility,MKT_TREND126,MKT_LOG_RV21,high,low,16,8,0.01099958706486872,0.9488211984878103,0.017541656987964588,0.17864371613444996
XS019_PRICE_DELAY_52W,monthly,trend_x_volatility,MKT_TREND126,MKT_LOG_RV21,high,mid,16,7,-0.0022070979038387242,-0.39889832585837426,-0.0021857297956085625,-0.030937184931012357
XS019_PRICE_DELAY_52W,monthly,trend_x_volatility,MKT_TREND126,MKT_LOG_RV21,high,high,12,6,-0.02202556203205137,-1.5479011387262105,-0.013303962342330783,-0.25108547083959987
XS019_PRICE_DELAY_52W,monthly,breadth_x_volatility,MKT_BREADTH_RSP63,MKT_LOG_RV21,low,low,16,7,0.002929688813882912,0.27711381562487575,-0.005467834268396166,0.048726177222570485
XS019_PRICE_DELAY_52W,monthly,breadth_x_volatility,MKT_BREADTH_RSP63,MKT_LOG_RV21,low,mid,19,7,-0.007639367503083799,-0.747128314688419,-0.019942034577199313,-0.13582730254727252
XS019_PRICE_DELAY_52W,monthly,breadth_x_volatility,MKT_BREADTH_RSP63,MKT_LOG_RV21,low,high,14,7,-0.002325173151560833,-0.19339867036943512,-0.022088359339547385,0.003379563622206677
XS019_PRICE_DELAY_52W,monthly,breadth_x_volatility,MKT_BREADTH_RSP63,MKT_LOG_RV21,mid,low,5,4,0.0050978916704422115,0.3829967155184287,0.005741690941439328,0.025775828606188128
XS019_PRICE_DELAY_52W,monthly,breadth_x_volatility,MKT_BREADTH_RSP63,MKT_LOG_RV21,mid,mid,12,6,-0.00044117730410692113,-0.05052552241587798,0.017509129222287888,-0.0039705216865772094
XS019_PRICE_DELAY_52W,monthly,breadth_x_volatility,MKT_BREADTH_RSP63,MKT_LOG_RV21,mid,high,6,3,-0.0010297544544114838,-0.114912063742985,0.0379013592125434,0.00267544320519858
XS019_PRICE_DELAY_52W,monthly,breadth_x_volatility,MKT_BREADTH_RSP63,MKT_LOG_RV21,high,low,1,1,0.018726323219225294,,0.14401742753450356,0.018593044172030025
XS019_PRICE_DELAY_52W,monthly,breadth_x_volatility,MKT_BREADTH_RSP63,MKT_LOG_RV21,high,mid,5,4,-0.012315028930438964,-1.1265256351621726,-0.007749222416210311,-0.06739996313948962
XS019_PRICE_DELAY_52W,monthly,breadth_x_volatility,MKT_BREADTH_RSP63,MKT_LOG_RV21,high,high,23,8,-0.015946222192423157,-1.2416657179356918,-0.052437035872922644,-0.3427412559448233
XS019_PRICE_DELAY_52W,monthly,dispersion_x_correlation,MKT_XS_DISP21,MKT_AVG_CORR63,low,low,4,3,0.008779775468350265,0.5410389258531606,0.07307890832474823,0.03490118676458791
XS019_PRICE_DELAY_52W,monthly,dispersion_x_correlation,MKT_XS_DISP21,MKT_AVG_CORR63,low,mid,0,0,,,,0.0
XS019_PRICE_DELAY_52W,monthly,dispersion_x_correlation,MKT_XS_DISP21,MKT_AVG_CORR63,low,high,1,1,-0.0605534597069739,,-0.2938760412391047,-0.0586366412914058
XS019_PRICE_DELAY_52W,monthly,dispersion_x_correlation,MKT_XS_DISP21,MKT_AVG_CORR63,mid,low,22,8,0.0026487510916840037,0.2795941406476432,-0.0021767690856625316,0.061119404938528576
XS019_PRICE_DELAY_52W,monthly,dispersion_x_correlation,MKT_XS_DISP21,MKT_AVG_CORR63,mid,mid,6,3,-0.012759012328517874,-1.2452814948014168,-0.028479103462651364,-0.07328601461219093
XS019_PRICE_DELAY_52W,monthly,dispersion_x_correlation,MKT_XS_DISP21,MKT_AVG_CORR63,mid,high,7,4,-0.0003539813195087005,-0.031452622356469395,-0.009083666947420563,0.0002595971519220863
XS019_PRICE_DELAY_52W,monthly,dispersion_x_correlation,MKT_XS_DISP21,MKT_AVG_CORR63,high,low,26,8,-0.00985189385753758,-0.9635181418201533,-0.0449925606030175,-0.24817282830874374
XS019_PRICE_DELAY_52W,monthly,dispersion_x_correlation,MKT_XS_DISP21,MKT_AVG_CORR63,high,mid,14,6,-0.005154984691750368,-0.38548129533611536,0.05138261345428247,-0.055996666844939647
XS019_PRICE_DELAY_52W,monthly,dispersion_x_correlation,MKT_XS_DISP21,MKT_AVG_CORR63,high,high,21,6,-0.007233700501708816,-0.642157178250835,-0.03218170383036218,-0.11097702428772724
XS019_PRICE_DELAY_52W,weekly,trend_x_volatility,MKT_TREND126,MKT_LOG_RV21,low,low,9,3,-0.006077245545092234,-2.748992827433055,-0.017134347567888317,-0.05430818960695224
XS019_PRICE_DELAY_52W,weekly,trend_x_volatility,MKT_TREND126,MKT_LOG_RV21,low,mid,28,6,-0.0032726393993827312,-1.4790914828477812,-0.05394290508661683,-0.09056527626657462
XS019_PRICE_DELAY_52W,weekly,trend_x_volatility,MKT_TREND126,MKT_LOG_RV21,low,high,123,7,-0.0009093185212363684,-0.24492183091551367,-0.01505282367917568,-0.05482526337465295
XS019_PRICE_DELAY_52W,weekly,trend_x_volatility,MKT_TREND126,MKT_LOG_RV21,mid,low,14,7,0.002358420242435671,1.4281118771142929,0.026218993091789246,0.032980442958299
XS019_PRICE_DELAY_52W,weekly,trend_x_volatility,MKT_TREND126,MKT_LOG_RV21,mid,mid,44,8,-0.0018916383796231874,-0.8260964694477326,0.0048172486937455745,-0.08373366640601612
XS019_PRICE_DELAY_52W,weekly,trend_x_volatility,MKT_TREND126,MKT_LOG_RV21,mid,high,36,8,-0.003135259864034142,-1.4523785557104785,-0.0208994436524617,-0.109871595635288
XS019_PRICE_DELAY_52W,weekly,trend_x_volatility,MKT_TREND126,MKT_LOG_RV21,high,low,68,9,0.0014452970593222063,0.7261545065663025,0.0130336132691935,0.09960280470976332
XS019_PRICE_DELAY_52W,weekly,trend_x_volatility,MKT_TREND126,MKT_LOG_RV21,high,mid,72,7,-0.0006196492494928784,-0.28057645489972227,-0.017526991285731788,-0.04435997547780695
XS019_PRICE_DELAY_52W,weekly,trend_x_volatility,MKT_TREND126,MKT_LOG_RV21,high,high,49,8,-0.0021731379099688246,-0.71566000209221,0.02881563475678108,-0.09974857476727998
XS019_PRICE_DELAY_52W,weekly,breadth_x_volatility,MKT_BREADTH_RSP63,MKT_LOG_RV21,low,low,71,8,0.0002469335788425483,0.1270260985462932,0.007482711730589874,0.019880719688965105
XS019_PRICE_DELAY_52W,weekly,breadth_x_volatility,MKT_BREADTH_RSP63,MKT_LOG_RV21,low,mid,79,8,-0.0005719366678207663,-0.25441842211977467,-0.006420097140792345,-0.04321438070096398
XS019_PRICE_DELAY_52W,weekly,breadth_x_volatility,MKT_BREADTH_RSP63,MKT_LOG_RV21,low,high,72,9,-3.435249414794925e-05,-0.008642829883546067,0.009503453567298654,0.03298233828901126
XS019_PRICE_DELAY_52W,weekly,breadth_x_volatility,MKT_BREADTH_RSP63,MKT_LOG_RV21,mid,low,10,7,0.002304367301001009,0.98276672677786,0.04472601671648758,0.02205127889284994
XS019_PRICE_DELAY_52W,weekly,breadth_x_volatility,MKT_BREADTH_RSP63,MKT_LOG_RV21,mid,mid,26,7,-0.006063580610181875,-2.628867183998592,-0.043848877178221946,-0.1585312330406279
XS019_PRICE_DELAY_52W,weekly,breadth_x_volatility,MKT_BREADTH_RSP63,MKT_LOG_RV21,mid,high,40,8,-2.2814091218209542e-05,-0.009128431972200805,-0.0041363100979296425,0.0023853346652705568
XS019_PRICE_DELAY_52W,weekly,breadth_x_volatility,MKT_BREADTH_RSP63,MKT_LOG_RV21,high,low,10,5,0.0036026916414348296,1.8819899481752513,0.012060977744245624,0.036343059479294997
XS019_PRICE_DELAY_52W,weekly,breadth_x_volatility,MKT_BREADTH_RSP63,MKT_LOG_RV21,high,mid,39,6,-0.00042678577505268376,-0.20353993436871992,-0.02341352030043048,-0.016913304408805764
XS019_PRICE_DELAY_52W,weekly,breadth_x_volatility,MKT_BREADTH_RSP63,MKT_LOG_RV21,high,high,96,9,-0.0034147223706082717,-1.1010328900459823,-0.017819869102846605,-0.29981310673150274
XS019_PRICE_DELAY_52W,weekly,dispersion_x_correlation,MKT_XS_DISP21,MKT_AVG_CORR63,low,low,26,7,-0.0010671793626787411,-0.5106549069439379,-0.010345484994777776,-0.02567817146381028
XS019_PRICE_DELAY_52W,weekly,dispersion_x_correlation,MKT_XS_DISP21,MKT_AVG_CORR63,low,mid,4,2,-0.005297834618005204,-2.6294382406600088,-0.13263265033375765,-0.0214113975352756
XS019_PRICE_DELAY_52W,weekly,dispersion_x_correlation,MKT_XS_DISP21,MKT_AVG_CORR63,low,high,6,4,-0.008697511780224284,-3.0871491937173685,-0.11242499800588619,-0.0522206166519744
XS019_PRICE_DELAY_52W,weekly,dispersion_x_correlation,MKT_XS_DISP21,MKT_AVG_CORR63,mid,low,75,9,-0.0015695319452775551,-0.725644167756481,-0.007395004576246722,-0.11462288901606033
XS019_PRICE_DELAY_52W,weekly,dispersion_x_correlation,MKT_XS_DISP21,MKT_AVG_CORR63,mid,mid,20,7,0.002380855798473519,0.7876613433071984,0.02521350611828425,0.0491602935260438
XS019_PRICE_DELAY_52W,weekly,dispersion_x_correlation,MKT_XS_DISP21,MKT_AVG_CORR63,mid,high,31,6,-0.005186826344048979,-1.8135147080506144,-0.04308658186331297,-0.15372393953856262
XS019_PRICE_DELAY_52W,weekly,dispersion_x_correlation,MKT_XS_DISP21,MKT_AVG_CORR63,high,low,124,8,0.0014113351289238762,0.6282847645361617,0.006731556752883749,0.17822639663539497
XS019_PRICE_DELAY_52W,weekly,dispersion_x_correlation,MKT_XS_DISP21,MKT_AVG_CORR63,high,mid,78,7,-0.0021682486283631655,-0.8249393760892922,0.011573660621533144,-0.15683962119032036
XS019_PRICE_DELAY_52W,weekly,dispersion_x_correlation,MKT_XS_DISP21,MKT_AVG_CORR63,high,high,79,6,-0.0018727449231971496,-0.4706034018288891,-0.01937355169526553,-0.10771934863194374
XS020_VOLUME_SHOCK_50D,monthly,trend_x_volatility,MKT_TREND126,MKT_LOG_RV21,low,low,3,3,-0.002003676051779757,-0.916208480547682,-0.023575749789362013,-0.006058470168002015
XS020_VOLUME_SHOCK_50D,monthly,trend_x_volatility,MKT_TREND126,MKT_LOG_RV21,low,mid,7,4,-0.003054539654584005,-0.7293187542972471,-0.036868272708740976,-0.020580678465102975
XS020_VOLUME_SHOCK_50D,monthly,trend_x_volatility,MKT_TREND126,MKT_LOG_RV21,low,high,28,7,0.005699665997192428,1.0172513396594436,0.020217342575287966,0.15531104512944174
XS020_VOLUME_SHOCK_50D,monthly,trend_x_volatility,MKT_TREND126,MKT_LOG_RV21,mid,low,3,3,0.01973425875971076,6.969814370229727,0.017274804665520182,0.05779852219704955
XS020_VOLUME_SHOCK_50D,monthly,trend_x_volatility,MKT_TREND126,MKT_LOG_RV21,mid,mid,13,5,-0.003252490878892891,-0.4220573918243767,0.015872466605702476,-0.03941913214117042
XS020_VOLUME_SHOCK_50D,monthly,trend_x_volatility,MKT_TREND126,MKT_LOG_RV21,mid,high,3,3,0.005768546958089223,3.3110745476658825,0.021864262300508905,0.018053397154024937
XS020_VOLUME_SHOCK_50D,monthly,trend_x_volatility,MKT_TREND126,MKT_LOG_RV21,high,low,16,8,0.0004981363171404282,0.0846651337314906,0.037423297521789,0.005272045213291679
XS020_VOLUME_SHOCK_50D,monthly,trend_x_volatility,MKT_TREND126,MKT_LOG_RV21,high,mid,16,7,-0.0055562839841896555,-1.6818172790437054,0.000663635278420607,-0.08813985087431997
XS020_VOLUME_SHOCK_50D,monthly,trend_x_volatility,MKT_TREND126,MKT_LOG_RV21,high,high,12,6,-0.004923461870452552,-0.5871129664208561,-0.0027657647151437433,-0.06021893098703357
XS020_VOLUME_SHOCK_50D,monthly,breadth_x_volatility,MKT_BREADTH_RSP63,MKT_LOG_RV21,low,low,16,7,0.002768024958128501,0.5464561409012578,0.03176955919873898,0.040340580234297076
XS020_VOLUME_SHOCK_50D,monthly,breadth_x_volatility,MKT_BREADTH_RSP63,MKT_LOG_RV21,low,mid,19,7,0.00021130388609360095,0.03554406568781279,0.010032972342649238,0.008864570860976228
XS020_VOLUME_SHOCK_50D,monthly,breadth_x_volatility,MKT_BREADTH_RSP63,MKT_LOG_RV21,low,high,14,7,0.004686229087390097,0.6541849818044935,-0.002289086485689835,0.060232522161905125
XS020_VOLUME_SHOCK_50D,monthly,breadth_x_volatility,MKT_BREADTH_RSP63,MKT_LOG_RV21,mid,low,5,4,-0.0009975152165556,-0.13825940988548466,0.009549138660286342,-0.005001114029708924
XS020_VOLUME_SHOCK_50D,monthly,breadth_x_volatility,MKT_BREADTH_RSP63,MKT_LOG_RV21,mid,mid,12,6,-0.01260915875787394,-3.1136444975947697,-0.01945268819755193,-0.15170122004236478
XS020_VOLUME_SHOCK_50D,monthly,breadth_x_volatility,MKT_BREADTH_RSP63,MKT_LOG_RV21,mid,high,6,3,0.006003836235235038,2.3423468329786727,0.030938259223806646,0.037425882218103085
XS020_VOLUME_SHOCK_50D,monthly,breadth_x_volatility,MKT_BREADTH_RSP63,MKT_LOG_RV21,high,low,1,1,0.02186110595076185,,0.02381128449584316,0.021672631037751057
XS020_VOLUME_SHOCK_50D,monthly,breadth_x_volatility,MKT_BREADTH_RSP63,MKT_LOG_RV21,high,mid,5,4,-0.0010539142992042505,-0.26428098929132193,0.0003376210455925344,-0.005303012299204823
XS020_VOLUME_SHOCK_50D,monthly,breadth_x_volatility,MKT_BREADTH_RSP63,MKT_LOG_RV21,high,high,23,8,0.0007036748571892804,0.10484076121902189,0.019343776429768807,0.015487106916424902
XS020_VOLUME_SHOCK_50D,monthly,dispersion_x_correlation,MKT_XS_DISP21,MKT_AVG_CORR63,low,low,4,3,0.007277341602799886,2.312606578896859,0.019102685252307298,0.029142449578900848
XS020_VOLUME_SHOCK_50D,monthly,dispersion_x_correlation,MKT_XS_DISP21,MKT_AVG_CORR63,low,mid,0,0,,,,0.0
XS020_VOLUME_SHOCK_50D,monthly,dispersion_x_correlation,MKT_XS_DISP21,MKT_AVG_CORR63,low,high,1,1,0.057486027522756,,0.047586741914537115,0.05265478489602596
XS020_VOLUME_SHOCK_50D,monthly,dispersion_x_correlation,MKT_XS_DISP21,MKT_AVG_CORR63,mid,low,22,8,-0.0010223381438104195,-0.17903465466743237,0.02525602384904589,-0.022983469985564185
XS020_VOLUME_SHOCK_50D,monthly,dispersion_x_correlation,MKT_XS_DISP21,MKT_AVG_CORR63,mid,mid,6,3,-0.001986821821734819,-0.23590808581405198,0.0005754438987029634,-0.014662381778373309
XS020_VOLUME_SHOCK_50D,monthly,dispersion_x_correlation,MKT_XS_DISP21,MKT_AVG_CORR63,mid,high,7,4,-0.0011351445194872475,-0.5391178198621736,-0.01493549079904006,-0.008872691286585006
XS020_VOLUME_SHOCK_50D,monthly,dispersion_x_correlation,MKT_XS_DISP21,MKT_AVG_CORR63,high,low,26,8,-0.006021369055691643,-0.9275250140418196,0.010749573672051827,-0.1526218426948976
XS020_VOLUME_SHOCK_50D,monthly,dispersion_x_correlation,MKT_XS_DISP21,MKT_AVG_CORR63,high,mid,14,6,0.005960457187622543,1.0557444706923995,0.018039652143495843,0.0861864125250903
XS020_VOLUME_SHOCK_50D,monthly,dispersion_x_correlation,MKT_XS_DISP21,MKT_AVG_CORR63,high,high,21,6,0.0026325788291188205,0.5708645788269303,0.0012696746613636118,0.05317468580358195
XS020_VOLUME_SHOCK_50D,weekly,trend_x_volatility,MKT_TREND126,MKT_LOG_RV21,low,low,9,3,-0.002492687636430229,-2.8792959572387864,-0.04678241073765638,-0.023125972378148413
XS020_VOLUME_SHOCK_50D,weekly,trend_x_volatility,MKT_TREND126,MKT_LOG_RV21,low,mid,28,6,-0.0010451462588305926,-0.7155771484353676,0.005827429342613944,-0.029580235499297364
XS020_VOLUME_SHOCK_50D,weekly,trend_x_volatility,MKT_TREND126,MKT_LOG_RV21,low,high,123,7,0.00017078142693367692,0.06618754586794444,0.010118415944990612,-0.018430858826909327
XS020_VOLUME_SHOCK_50D,weekly,trend_x_volatility,MKT_TREND126,MKT_LOG_RV21,mid,low,14,7,0.0007372945365155061,0.6977943569427268,-0.01647467656389847,0.009865337106608044
XS020_VOLUME_SHOCK_50D,weekly,trend_x_volatility,MKT_TREND126,MKT_LOG_RV21,mid,mid,44,8,-0.000194274701949894,-0.10412964713637744,0.0028050720796874763,-0.011704585120138184
XS020_VOLUME_SHOCK_50D,weekly,trend_x_volatility,MKT_TREND126,MKT_LOG_RV21,mid,high,36,8,-0.0038672491706003443,-2.7025678665159214,0.0012359162577278426,-0.14084253116386353
XS020_VOLUME_SHOCK_50D,weekly,trend_x_volatility,MKT_TREND126,MKT_LOG_RV21,high,low,68,9,-0.0022990259936216018,-1.8153374343913404,0.011033898536317623,-0.1584889434773944
XS020_VOLUME_SHOCK_50D,weekly,trend_x_volatility,MKT_TREND126,MKT_LOG_RV21,high,mid,72,7,-0.0010224081739683962,-0.641479755084012,0.015806890903215316,-0.07639023559204389
XS020_VOLUME_SHOCK_50D,weekly,trend_x_volatility,MKT_TREND126,MKT_LOG_RV21,high,high,49,8,-0.001964138044289498,-1.143192284883544,0.0015793230548547005,-0.09786055891308329
XS020_VOLUME_SHOCK_50D,weekly,breadth_x_volatility,MKT_BREADTH_RSP63,MKT_LOG_RV21,low,low,71,8,-0.0019743754234671012,-1.5441122829960083,0.0020077130924150816,-0.14310121722171754
XS020_VOLUME_SHOCK_50D,weekly,breadth_x_volatility,MKT_BREADTH_RSP63,MKT_LOG_RV21,low,mid,79,8,-0.0016266790583048744,-0.8926839840068475,-0.0029490697939599025,-0.13122086458334697
XS020_VOLUME_SHOCK_50D,weekly,breadth_x_volatility,MKT_BREADTH_RSP63,MKT_LOG_RV21,low,high,72,9,-0.002149331208198113,-0.7162175012410361,0.0067245007715636945,-0.18815402386406826
XS020_VOLUME_SHOCK_50D,weekly,breadth_x_volatility,MKT_BREADTH_RSP63,MKT_LOG_RV21,mid,low,10,7,-0.00047243813997761565,-0.6959423602856832,0.008149119215710253,-0.0046159283436655475
XS020_VOLUME_SHOCK_50D,weekly,breadth_x_volatility,MKT_BREADTH_RSP63,MKT_LOG_RV21,mid,mid,26,7,-0.00045568322529526266,-0.329643012703388,0.038501549626416796,-0.013757660307386814
XS020_VOLUME_SHOCK_50D,weekly,breadth_x_volatility,MKT_BREADTH_RSP63,MKT_LOG_RV21,mid,high,40,8,-0.0029117477592716075,-1.734422789674745,-0.0020585405164988578,-0.11766193551916412
XS020_VOLUME_SHOCK_50D,weekly,breadth_x_volatility,MKT_BREADTH_RSP63,MKT_LOG_RV21,high,low,10,5,-0.002354079631698358,-2.1217599574869084,-0.012542088978246099,-0.024032433183551707
XS020_VOLUME_SHOCK_50D,weekly,breadth_x_volatility,MKT_BREADTH_RSP63,MKT_LOG_RV21,high,mid,39,6,0.0007417907385893705,0.5164654266211591,0.016836501578639432,0.027303468679254324
XS020_VOLUME_SHOCK_50D,weekly,breadth_x_volatility,MKT_BREADTH_RSP63,MKT_LOG_RV21,high,high,96,9,0.0005912931100226342,0.34641439899455995,0.010048151471951003,0.048682010479376266
XS020_VOLUME_SHOCK_50D,weekly,dispersion_x_correlation,MKT_XS_DISP21,MKT_AVG_CORR63,low,low,26,7,-0.002323138383358211,-1.3545923645847906,0.007100715004158671,-0.06269972353504681
XS020_VOLUME_SHOCK_50D,weekly,dispersion_x_correlation,MKT_XS_DISP21,MKT_AVG_CORR63,low,mid,4,2,-0.007459650264767748,-4.58431317146603,-0.062449072931901106,-0.03014599279820028
XS020_VOLUME_SHOCK_50D,weekly,dispersion_x_correlation,MKT_XS_DISP21,MKT_AVG_CORR63,low,high,6,4,0.00018996517133634816,0.08214807407111527,-0.00957922461338708,0.0006094924761624564
XS020_VOLUME_SHOCK_50D,weekly,dispersion_x_correlation,MKT_XS_DISP21,MKT_AVG_CORR63,mid,low,75,9,-0.0009576564684967467,-0.7779731617234487,0.01685482828219797,-0.07222372490442985
XS020_VOLUME_SHOCK_50D,weekly,dispersion_x_correlation,MKT_XS_DISP21,MKT_AVG_CORR63,mid,mid,20,7,-0.0042090210004331495,-2.404244435071674,0.003087054340640932,-0.08412856422729355
XS020_VOLUME_SHOCK_50D,weekly,dispersion_x_correlation,MKT_XS_DISP21,MKT_AVG_CORR63,mid,high,31,6,-0.0035979598324382654,-2.4336265101182795,-0.01602073927413886,-0.11090979059001457
XS020_VOLUME_SHOCK_50D,weekly,dispersion_x_correlation,MKT_XS_DISP21,MKT_AVG_CORR63,high,low,124,8,-0.0005457483909431713,-0.32627179986403737,0.01154938474674334,-0.07256354587160721
XS020_VOLUME_SHOCK_50D,weekly,dispersion_x_correlation,MKT_XS_DISP21,MKT_AVG_CORR63,high,mid,78,7,-0.00029961883525771063,-0.19437937052340237,0.0031819579882507902,-0.025749481635874462
XS020_VOLUME_SHOCK_50D,weekly,dispersion_x_correlation,MKT_XS_DISP21,MKT_AVG_CORR63,high,high,79,6,-0.000590432084351008,-0.20145190850879593,0.006365526245666918,-0.08874725277796613
XS032_GROSS_PROFIT_AT,monthly,trend_x_volatility,MKT_TREND126,MKT_LOG_RV21,low,low,3,3,0.015072764332423105,1.539320234795574,0.1342951292818109,0.04229940124288746
XS032_GROSS_PROFIT_AT,monthly,trend_x_volatility,MKT_TREND126,MKT_LOG_RV21,low,mid,7,4,0.002115527394156848,0.6277806340440996,0.05313358897723982,0.013236401251229725
XS032_GROSS_PROFIT_AT,monthly,trend_x_volatility,MKT_TREND126,MKT_LOG_RV21,low,high,28,7,-0.0007639523606362354,-0.1470445725676711,0.01895743890735973,-0.02410849271940322
XS032_GROSS_PROFIT_AT,monthly,trend_x_volatility,MKT_TREND126,MKT_LOG_RV21,mid,low,3,3,0.019258846953896496,3.196296607223656,0.06904107229605362,0.05565527198669745
XS032_GROSS_PROFIT_AT,monthly,trend_x_volatility,MKT_TREND126,MKT_LOG_RV21,mid,mid,13,5,0.002990670498294917,0.5597494035650928,0.007693373313869717,0.034018574158462794
XS032_GROSS_PROFIT_AT,monthly,trend_x_volatility,MKT_TREND126,MKT_LOG_RV21,mid,high,3,3,0.0024378873919067567,0.49416209401527866,-0.05645005143548945,0.008093928957622985
XS032_GROSS_PROFIT_AT,monthly,trend_x_volatility,MKT_TREND126,MKT_LOG_RV21,high,low,16,8,-0.010471751785812812,-2.251066129227309,-0.027071456602017097,-0.17301965709815031
XS032_GROSS_PROFIT_AT,monthly,trend_x_volatility,MKT_TREND126,MKT_LOG_RV21,high,mid,16,7,8.297530617810273e-05,0.016593922398028302,0.016082515272550904,-0.0007181497273583744
XS032_GROSS_PROFIT_AT,monthly,trend_x_volatility,MKT_TREND126,MKT_LOG_RV21,high,high,12,6,-0.003377830289172462,-0.41057632499511787,-0.011492192789469216,-0.03917961747914755
XS032_GROSS_PROFIT_AT,monthly,breadth_x_volatility,MKT_BREADTH_RSP63,MKT_LOG_RV21,low,low,16,7,0.0008997881786467418,0.13062335759663374,0.017343624443952963,0.004069589858968076
XS032_GROSS_PROFIT_AT,monthly,breadth_x_volatility,MKT_BREADTH_RSP63,MKT_LOG_RV21,low,mid,19,7,0.0021947137090005367,0.41630801977503035,0.033304580517309265,0.034307077156973995
XS032_GROSS_PROFIT_AT,monthly,breadth_x_volatility,MKT_BREADTH_RSP63,MKT_LOG_RV21,low,high,14,7,-0.004319557254220364,-0.8452258800461369,0.004559158560256069,-0.06626302126925665
XS032_GROSS_PROFIT_AT,monthly,breadth_x_volatility,MKT_BREADTH_RSP63,MKT_LOG_RV21,mid,low,5,4,-0.012250632027200559,-2.6854412255590057,0.002924555695093817,-0.061257692420861626
XS032_GROSS_PROFIT_AT,monthly,breadth_x_volatility,MKT_BREADTH_RSP63,MKT_LOG_RV21,mid,mid,12,6,0.005903859942512237,1.5773744636729925,0.05182528415999315,0.07084856814004223
XS032_GROSS_PROFIT_AT,monthly,breadth_x_volatility,MKT_BREADTH_RSP63,MKT_LOG_RV21,mid,high,6,3,0.006125102505312008,1.2026503684176104,-0.05138085593818534,0.04093940989836217
XS032_GROSS_PROFIT_AT,monthly,breadth_x_volatility,MKT_BREADTH_RSP63,MKT_LOG_RV21,high,low,1,1,-0.017696645436391267,,-0.11525547047739652,-0.01787688130667183
XS032_GROSS_PROFIT_AT,monthly,breadth_x_volatility,MKT_BREADTH_RSP63,MKT_LOG_RV21,high,mid,5,4,-0.011506173329075109,-3.391303956150752,-0.1050842438933989,-0.05861881961468208
XS032_GROSS_PROFIT_AT,monthly,breadth_x_volatility,MKT_BREADTH_RSP63,MKT_LOG_RV21,high,high,23,8,-0.001342946994128296,-0.1969355876197642,0.020348205974413062,-0.029870569870033295
XS032_GROSS_PROFIT_AT,monthly,dispersion_x_correlation,MKT_XS_DISP21,MKT_AVG_CORR63,low,low,4,3,0.011729031154931957,2.3566933661808176,0.01030469576211071,0.04749054897050298
XS032_GROSS_PROFIT_AT,monthly,dispersion_x_correlation,MKT_XS_DISP21,MKT_AVG_CORR63,low,mid,0,0,,,,0.0
XS032_GROSS_PROFIT_AT,monthly,dispersion_x_correlation,MKT_XS_DISP21,MKT_AVG_CORR63,low,high,1,1,-0.009887701214451372,,0.014138978743808454,-0.009387540149165527
XS032_GROSS_PROFIT_AT,monthly,dispersion_x_correlation,MKT_XS_DISP21,MKT_AVG_CORR63,mid,low,22,8,-0.005709693719211767,-1.138009807695422,0.005237182583627486,-0.13198416177050007
XS032_GROSS_PROFIT_AT,monthly,dispersion_x_correlation,MKT_XS_DISP21,MKT_AVG_CORR63,mid,mid,6,3,-0.004917828090455915,-0.6172511414205454,-0.04128666995199338,-0.036288131850825
XS032_GROSS_PROFIT_AT,monthly,dispersion_x_correlation,MKT_XS_DISP21,MKT_AVG_CORR63,mid,high,7,4,-0.003688855137186388,-0.7329056027840005,0.012213470480402073,-0.025725682281215235
XS032_GROSS_PROFIT_AT,monthly,dispersion_x_correlation,MKT_XS_DISP21,MKT_AVG_CORR63,high,low,26,8,0.0015740342066652552,0.24638626011238657,0.0036022636920447085,0.03671566708594859
XS032_GROSS_PROFIT_AT,monthly,dispersion_x_correlation,MKT_XS_DISP21,MKT_AVG_CORR63,high,mid,14,6,0.0012247355312150568,0.18780073531320957,0.03334373306113842,0.023230294758743594
XS032_GROSS_PROFIT_AT,monthly,dispersion_x_correlation,MKT_XS_DISP21,MKT_AVG_CORR63,high,high,21,6,0.0010330217685565058,0.22260968122932212,0.02670786523224202,0.012226665809351611
XS032_GROSS_PROFIT_AT,weekly,trend_x_volatility,MKT_TREND126,MKT_LOG_RV21,low,low,9,3,0.002524129903329866,1.824734736567213,0.01886163445397214,0.021820632027623438
XS032_GROSS_PROFIT_AT,weekly,trend_x_volatility,MKT_TREND126,MKT_LOG_RV21,low,mid,28,6,2.3696899379049047e-05,0.016000458098184855,0.017642213170296028,-0.002119025421235758
XS032_GROSS_PROFIT_AT,weekly,trend_x_volatility,MKT_TREND126,MKT_LOG_RV21,low,high,123,7,-0.0001859299087830788,-0.10114710969675055,0.005073414853080613,-0.03049782828203273
XS032_GROSS_PROFIT_AT,weekly,trend_x_volatility,MKT_TREND126,MKT_LOG_RV21,mid,low,14,7,0.0007243361780120654,0.5100649868478327,0.007558297154730499,0.008833463862718438
XS032_GROSS_PROFIT_AT,weekly,trend_x_volatility,MKT_TREND126,MKT_LOG_RV21,mid,mid,44,8,0.001554686852852735,1.1401989804799073,0.01741125726691667,0.06746662745190111
XS032_GROSS_PROFIT_AT,weekly,trend_x_volatility,MKT_TREND126,MKT_LOG_RV21,mid,high,36,8,0.0005023873275324756,0.3757564007660488,0.016459813950253654,0.017279972584706038
XS032_GROSS_PROFIT_AT,weekly,trend_x_volatility,MKT_TREND126,MKT_LOG_RV21,high,low,68,9,-0.0016033848327303064,-1.3193260481024418,-0.014641449287910857,-0.11140835729366555
XS032_GROSS_PROFIT_AT,weekly,trend_x_volatility,MKT_TREND126,MKT_LOG_RV21,high,mid,72,7,0.0010704565461358438,0.7770554265055878,0.012507248582380266,0.07514849795039139
XS032_GROSS_PROFIT_AT,weekly,trend_x_volatility,MKT_TREND126,MKT_LOG_RV21,high,high,49,8,-0.002436994651905411,-1.474274572737265,-0.016101301672819323,-0.12095462198652054
XS032_GROSS_PROFIT_AT,weekly,breadth_x_volatility,MKT_BREADTH_RSP63,MKT_LOG_RV21,low,low,71,8,-0.0006888365964037083,-0.5360381400846179,-0.00832576311805915,-0.052718216532125835
XS032_GROSS_PROFIT_AT,weekly,breadth_x_volatility,MKT_BREADTH_RSP63,MKT_LOG_RV21,low,mid,79,8,0.0008470335377361902,0.5938584977181025,0.0029447675040039168,0.06439287688522623
XS032_GROSS_PROFIT_AT,weekly,breadth_x_volatility,MKT_BREADTH_RSP63,MKT_LOG_RV21,low,high,72,9,-0.0016287477842940293,-0.7993858688784642,-0.009465519237297847,-0.12798830655835888
XS032_GROSS_PROFIT_AT,weekly,breadth_x_volatility,MKT_BREADTH_RSP63,MKT_LOG_RV21,mid,low,10,7,0.0019294468825563071,1.7013717715919132,0.04729127703499448,0.019270196516997896
XS032_GROSS_PROFIT_AT,weekly,breadth_x_volatility,MKT_BREADTH_RSP63,MKT_LOG_RV21,mid,mid,26,7,0.0021952832274926026,1.835485835703269,0.05442977719734084,0.05676699479881657
XS032_GROSS_PROFIT_AT,weekly,breadth_x_volatility,MKT_BREADTH_RSP63,MKT_LOG_RV21,mid,high,40,8,0.0003110935743616011,0.18709533842986203,-0.01229191083961614,0.010502947725411119
XS032_GROSS_PROFIT_AT,weekly,breadth_x_volatility,MKT_BREADTH_RSP63,MKT_LOG_RV21,high,low,10,5,-0.004655936348442291,-3.9690462822207158,-0.06018312702937072,-0.047306241388195745
XS032_GROSS_PROFIT_AT,weekly,breadth_x_volatility,MKT_BREADTH_RSP63,MKT_LOG_RV21,high,mid,39,6,0.0005679382726653276,0.3930197360114304,0.01314841914094436,0.019336228297013914
XS032_GROSS_PROFIT_AT,weekly,breadth_x_volatility,MKT_BREADTH_RSP63,MKT_LOG_RV21,high,high,96,9,-0.00020177161914384026,-0.13721490719705334,0.01667513922749991,-0.016687118850899456
XS032_GROSS_PROFIT_AT,weekly,dispersion_x_correlation,MKT_XS_DISP21,MKT_AVG_CORR63,low,low,26,7,0.0012620364041425534,0.8743562900698894,0.001004139494210854,0.03341939144964734
XS032_GROSS_PROFIT_AT,weekly,dispersion_x_correlation,MKT_XS_DISP21,MKT_AVG_CORR63,low,mid,4,2,0.003280964400385805,24.07869918151443,0.10733529745433947,0.013051677517633857
XS032_GROSS_PROFIT_AT,weekly,dispersion_x_correlation,MKT_XS_DISP21,MKT_AVG_CORR63,low,high,6,4,0.00912030709869982,4.277514390763926,0.09980420906938699,0.0536619562349916
XS032_GROSS_PROFIT_AT,weekly,dispersion_x_correlation,MKT_XS_DISP21,MKT_AVG_CORR63,mid,low,75,9,-0.0007667969327986841,-0.5834827811242297,-0.013709462207941246,-0.06042535334057876
XS032_GROSS_PROFIT_AT,weekly,dispersion_x_correlation,MKT_XS_DISP21,MKT_AVG_CORR63,mid,mid,20,7,-0.003043898732373185,-1.7149589012822537,-0.029741783755043105,-0.06177534762758644
XS032_GROSS_PROFIT_AT,weekly,dispersion_x_correlation,MKT_XS_DISP21,MKT_AVG_CORR63,mid,high,31,6,-0.000747744658243988,-0.6514605727415741,-0.0006734334330620044,-0.021473074960350905
XS032_GROSS_PROFIT_AT,weekly,dispersion_x_correlation,MKT_XS_DISP21,MKT_AVG_CORR63,high,low,124,8,0.0004229131627124122,0.2961907686609601,0.015213677721541178,0.0469858926533267
XS032_GROSS_PROFIT_AT,weekly,dispersion_x_correlation,MKT_XS_DISP21,MKT_AVG_CORR63,high,mid,78,7,0.00018720207403283854,0.13290300448323145,0.007945637593663624,0.013676144944749436
XS032_GROSS_PROFIT_AT,weekly,dispersion_x_correlation,MKT_XS_DISP21,MKT_AVG_CORR63,high,high,79,6,-0.0010172110322220734,-0.5095556371488084,-0.0006131267272242104,-0.09155192597794698
XS041_ASSET_GROWTH,monthly,trend_x_volatility,MKT_TREND126,MKT_LOG_RV21,low,low,3,3,0.005594595349752041,3.0049482240394436,-0.062374889214234196,0.01638146003946676
XS041_ASSET_GROWTH,monthly,trend_x_volatility,MKT_TREND126,MKT_LOG_RV21,low,mid,7,4,-0.0003187424566633964,-0.12178663427767991,-0.028424590052345898,-0.003148780016271245
XS041_ASSET_GROWTH,monthly,trend_x_volatility,MKT_TREND126,MKT_LOG_RV21,low,high,28,7,0.010766293580987438,0.9784394073712266,-0.022827952127855766,0.24414311265472735
XS041_ASSET_GROWTH,monthly,trend_x_volatility,MKT_TREND126,MKT_LOG_RV21,mid,low,3,3,-0.008844719065213558,-2.0456594390867315,0.052309530580465335,-0.026257289814347058
XS041_ASSET_GROWTH,monthly,trend_x_volatility,MKT_TREND126,MKT_LOG_RV21,mid,mid,13,5,0.003772335983168387,0.47313754728861585,-0.008008422232634406,0.04013817161983486
XS041_ASSET_GROWTH,monthly,trend_x_volatility,MKT_TREND126,MKT_LOG_RV21,mid,high,3,3,0.0166953099882536,10.909878543583542,0.17919052834851032,0.04975323744264588
XS041_ASSET_GROWTH,monthly,trend_x_volatility,MKT_TREND126,MKT_LOG_RV21,high,low,16,8,-0.005135330818969136,-0.4377022108971831,-0.009025761591128915,-0.0916526458680006
XS041_ASSET_GROWTH,monthly,trend_x_volatility,MKT_TREND126,MKT_LOG_RV21,high,mid,16,7,-0.0019285679019982321,-0.22414054056753394,-0.0223060988748354,-0.0423512070781256
XS041_ASSET_GROWTH,monthly,trend_x_volatility,MKT_TREND126,MKT_LOG_RV21,high,high,12,6,0.023025005204090277,1.9000352792634667,0.06904062560663193,0.263211570317727
XS041_ASSET_GROWTH,monthly,breadth_x_volatility,MKT_BREADTH_RSP63,MKT_LOG_RV21,low,low,16,7,-0.007266931431862127,-0.6332496987549828,-0.024989473982988182,-0.1255411839216254
XS041_ASSET_GROWTH,monthly,breadth_x_volatility,MKT_BREADTH_RSP63,MKT_LOG_RV21,low,mid,19,7,-0.0015802456930930659,-0.2547094100397585,-0.02463470574284185,-0.03998048487096263
XS041_ASSET_GROWTH,monthly,breadth_x_volatility,MKT_BREADTH_RSP63,MKT_LOG_RV21,low,high,14,7,0.02296461284218702,1.50847034516907,0.0349474021070582,0.2727421363361172
XS041_ASSET_GROWTH,monthly,breadth_x_volatility,MKT_BREADTH_RSP63,MKT_LOG_RV21,mid,low,5,4,-0.002670590300223119,-2.5440735078995163,0.015659276257618183,-0.013088910938794218
XS041_ASSET_GROWTH,monthly,breadth_x_volatility,MKT_BREADTH_RSP63,MKT_LOG_RV21,mid,mid,12,6,-0.0007701122312725553,-0.11139537261660987,-0.01691204124450024,-0.012420783641391216
XS041_ASSET_GROWTH,monthly,breadth_x_volatility,MKT_BREADTH_RSP63,MKT_LOG_RV21,mid,high,6,3,0.005437157947431252,1.6387620206677935,0.05379502899528949,0.029227806725067383
XS041_ASSET_GROWTH,monthly,breadth_x_volatility,MKT_BREADTH_RSP63,MKT_LOG_RV21,high,low,1,1,0.037708190161018895,,0.14692694108035068,0.0371016192175387
XS041_ASSET_GROWTH,monthly,breadth_x_volatility,MKT_BREADTH_RSP63,MKT_LOG_RV21,high,mid,5,4,0.011043619819322493,0.8591392448592127,0.0022049405319926165,0.04703945303779188
XS041_ASSET_GROWTH,monthly,breadth_x_volatility,MKT_BREADTH_RSP63,MKT_LOG_RV21,high,high,23,8,0.011900638487229854,1.3193429496179576,-0.0037024943793651783,0.25513797735391563
XS041_ASSET_GROWTH,monthly,dispersion_x_correlation,MKT_XS_DISP21,MKT_AVG_CORR63,low,low,4,3,-0.011032137989668095,-1.544788040484875,-0.017680241372165194,-0.047266172869670026
XS041_ASSET_GROWTH,monthly,dispersion_x_correlation,MKT_XS_DISP21,MKT_AVG_CORR63,low,mid,0,0,,,,0.0
XS041_ASSET_GROWTH,monthly,dispersion_x_correlation,MKT_XS_DISP21,MKT_AVG_CORR63,low,high,1,1,0.0016279274057777737,,-0.11954601219024506,0.0015300787198841634
XS041_ASSET_GROWTH,monthly,dispersion_x_correlation,MKT_XS_DISP21,MKT_AVG_CORR63,mid,low,22,8,0.0009463946254215397,0.08761665940346247,-0.00636914797601516,0.008555767700563217
XS041_ASSET_GROWTH,monthly,dispersion_x_correlation,MKT_XS_DISP21,MKT_AVG_CORR63,mid,mid,6,3,0.023489032564961116,1.5129350736178588,0.0553371989707582,0.13657142574092546
XS041_ASSET_GROWTH,monthly,dispersion_x_correlation,MKT_XS_DISP21,MKT_AVG_CORR63,mid,high,7,4,-0.0011113704722967022,-0.13573228578915186,0.031254241136658666,-0.010642907772363604
XS041_ASSET_GROWTH,monthly,dispersion_x_correlation,MKT_XS_DISP21,MKT_AVG_CORR63,high,low,26,8,0.003798259393328383,0.5220457864197794,-0.006820125852055644,0.08555337039078861
XS041_ASSET_GROWTH,monthly,dispersion_x_correlation,MKT_XS_DISP21,MKT_AVG_CORR63,high,mid,14,6,0.01388807070508479,1.520196906979612,0.031677382674195634,0.17885775038882631
XS041_ASSET_GROWTH,monthly,dispersion_x_correlation,MKT_XS_DISP21,MKT_AVG_CORR63,high,high,21,6,0.007010297104589579,0.6165491922024555,-0.02829932209130782,0.09705831699870318
XS041_ASSET_GROWTH,weekly,trend_x_volatility,MKT_TREND126,MKT_LOG_RV21,low,low,9,3,0.001460601270289451,1.5898304743903175,-0.0003182745780839884,0.012792721204890604
XS041_ASSET_GROWTH,weekly,trend_x_volatility,MKT_TREND126,MKT_LOG_RV21,low,mid,28,6,-0.001324898692839162,-1.1589498177471915,-0.012700319091716135,-0.038561315074783116
XS041_ASSET_GROWTH,weekly,trend_x_volatility,MKT_TREND126,MKT_LOG_RV21,low,high,123,7,0.002081675986999286,0.8798389508835672,-0.0030681226331267216,0.212103150337917
XS041_ASSET_GROWTH,weekly,trend_x_volatility,MKT_TREND126,MKT_LOG_RV21,mid,low,14,7,-0.0009048300145597099,-0.941054418420474,0.004427792298669654,-0.012838306651517473
XS041_ASSET_GROWTH,weekly,trend_x_volatility,MKT_TREND126,MKT_LOG_RV21,mid,mid,44,8,0.0008436724634900316,0.43501820835294763,0.00800304047087803,0.031307160393702835
XS041_ASSET_GROWTH,weekly,trend_x_volatility,MKT_TREND126,MKT_LOG_RV21,mid,high,36,8,0.000670413324448779,0.3157893619705804,-0.033589133415106866,0.01956374493118434
XS041_ASSET_GROWTH,weekly,trend_x_volatility,MKT_TREND126,MKT_LOG_RV21,high,low,68,9,0.0005690668001574538,0.2645787318645419,-0.015504086041805159,0.02665160066861667
XS041_ASSET_GROWTH,weekly,trend_x_volatility,MKT_TREND126,MKT_LOG_RV21,high,mid,72,7,0.0001643055775531523,0.07217844319075047,0.008164475997504172,-0.002578909656614014
XS041_ASSET_GROWTH,weekly,trend_x_volatility,MKT_TREND126,MKT_LOG_RV21,high,high,49,8,0.002815167738974892,0.9395743135000869,0.014747219481850262,0.12256199750575539
XS041_ASSET_GROWTH,weekly,breadth_x_volatility,MKT_BREADTH_RSP63,MKT_LOG_RV21,low,low,71,8,0.0006718792203685219,0.3470813352933248,-0.012927247447566027,0.037526710739661816
XS041_ASSET_GROWTH,weekly,breadth_x_volatility,MKT_BREADTH_RSP63,MKT_LOG_RV21,low,mid,79,8,0.00016475894132241285,0.07703736197698671,0.014697770468487744,0.0009215006326698076
XS041_ASSET_GROWTH,weekly,breadth_x_volatility,MKT_BREADTH_RSP63,MKT_LOG_RV21,low,high,72,9,0.0015764984628859875,0.505000632917519,0.00618016979282671,0.06963854662176633
XS041_ASSET_GROWTH,weekly,breadth_x_volatility,MKT_BREADTH_RSP63,MKT_LOG_RV21,mid,low,10,7,-0.005919707360269555,-3.743582420541615,-0.03275217335066062,-0.060116965078941764
XS041_ASSET_GROWTH,weekly,breadth_x_volatility,MKT_BREADTH_RSP63,MKT_LOG_RV21,mid,mid,26,7,0.00019779290917156287,0.13607088800487976,-0.010674826255067807,0.002629437079429873
XS041_ASSET_GROWTH,weekly,breadth_x_volatility,MKT_BREADTH_RSP63,MKT_LOG_RV21,mid,high,40,8,0.0025483548106593535,1.3137226057533307,-0.015871576791015057,0.09568991260648185
XS041_ASSET_GROWTH,weekly,breadth_x_volatility,MKT_BREADTH_RSP63,MKT_LOG_RV21,high,low,10,5,0.0050667982596006465,2.6612119074991174,0.0250203072419662,0.049196269561269754
XS041_ASSET_GROWTH,weekly,breadth_x_volatility,MKT_BREADTH_RSP63,MKT_LOG_RV21,high,mid,39,6,-0.00016164475448819055,-0.07956440551112824,-0.007672083754048385,-0.013384002049793947
XS041_ASSET_GROWTH,weekly,breadth_x_volatility,MKT_BREADTH_RSP63,MKT_LOG_RV21,high,high,96,9,0.0021112725368403404,0.9874671756358092,-0.00702170089219471,0.18890043354660846
XS041_ASSET_GROWTH,weekly,dispersion_x_correlation,MKT_XS_DISP21,MKT_AVG_CORR63,low,low,26,7,0.00010310550816843972,0.06712391974957693,-0.011355933160738572,0.0021102660272420224
XS041_ASSET_GROWTH,weekly,dispersion_x_correlation,MKT_XS_DISP21,MKT_AVG_CORR63,low,mid,4,2,-0.0018792794415875558,-3.380383554809405,0.00200302594590645,-0.007538615863584376
XS041_ASSET_GROWTH,weekly,dispersion_x_correlation,MKT_XS_DISP21,MKT_AVG_CORR63,low,high,6,4,0.0012697696354639725,0.749385138920878,0.025187264711636518,0.006805923633898266
XS041_ASSET_GROWTH,weekly,dispersion_x_correlation,MKT_XS_DISP21,MKT_AVG_CORR63,mid,low,75,9,0.002187689933571898,1.0295617259500023,-0.0005440307269319611,0.15288226340509942
XS041_ASSET_GROWTH,weekly,dispersion_x_correlation,MKT_XS_DISP21,MKT_AVG_CORR63,mid,mid,20,7,0.00249240197401282,0.7383208735603116,0.023297807084913875,0.040684087640379445
XS041_ASSET_GROWTH,weekly,dispersion_x_correlation,MKT_XS_DISP21,MKT_AVG_CORR63,mid,high,31,6,0.0011215225544783326,0.7941212780430759,-0.004645118867726586,0.03420577667884245
XS041_ASSET_GROWTH,weekly,dispersion_x_correlation,MKT_XS_DISP21,MKT_AVG_CORR63,high,low,124,8,-0.0006237320942225989,-0.28637094546911956,-0.01164697259111234,-0.09742695437321458
XS041_ASSET_GROWTH,weekly,dispersion_x_correlation,MKT_XS_DISP21,MKT_AVG_CORR63,high,mid,78,7,0.0017759042604040805,0.7926689385690517,0.001095118449191861,0.12073746068421634
XS041_ASSET_GROWTH,weekly,dispersion_x_correlation,MKT_XS_DISP21,MKT_AVG_CORR63,high,high,79,6,0.0019810256447405005,0.7754886550434619,-0.0007720438480146148,0.1185416358262733
XS056_CFO_ACCRUALS_PT,monthly,trend_x_volatility,MKT_TREND126,MKT_LOG_RV21,low,low,3,3,-0.014039372626244847,-4.772255869430081,-0.04208365799038299,-0.04202781347776721
XS056_CFO_ACCRUALS_PT,monthly,trend_x_volatility,MKT_TREND126,MKT_LOG_RV21,low,mid,7,4,0.0008654017379448835,0.12281823062377309,-0.0330703722190251,0.0025262168653660856
XS056_CFO_ACCRUALS_PT,monthly,trend_x_volatility,MKT_TREND126,MKT_LOG_RV21,low,high,28,7,0.013405402000512394,0.921153376731874,0.013121009901085074,0.2569287812268275
XS056_CFO_ACCRUALS_PT,monthly,trend_x_volatility,MKT_TREND126,MKT_LOG_RV21,mid,low,3,3,0.004447871602773601,2.5311712233603254,0.07075597916995072,0.013270223169330717
XS056_CFO_ACCRUALS_PT,monthly,trend_x_volatility,MKT_TREND126,MKT_LOG_RV21,mid,mid,13,5,0.01279112584605009,0.737575357470357,-0.016189189025992715,0.1402743436200948
XS056_CFO_ACCRUALS_PT,monthly,trend_x_volatility,MKT_TREND126,MKT_LOG_RV21,mid,high,3,3,0.008535282604779315,1.5342194690799422,-0.011671614034554368,0.024185214286318188
XS056_CFO_ACCRUALS_PT,monthly,trend_x_volatility,MKT_TREND126,MKT_LOG_RV21,high,low,16,8,-0.003523522088272439,-0.2736631992914072,-0.002203906070029517,-0.07928404353625182
XS056_CFO_ACCRUALS_PT,monthly,trend_x_volatility,MKT_TREND126,MKT_LOG_RV21,high,mid,16,7,-0.00331083894997463,-0.5312313779120682,-0.004232639284205642,-0.0595410830224645
XS056_CFO_ACCRUALS_PT,monthly,trend_x_volatility,MKT_TREND126,MKT_LOG_RV21,high,high,12,6,0.015878825963194138,1.0968744747917785,-0.00028523274750980504,0.16316036959216837
XS056_CFO_ACCRUALS_PT,monthly,breadth_x_volatility,MKT_BREADTH_RSP63,MKT_LOG_RV21,low,low,16,7,-0.016104776342746416,-1.5220798092557601,-0.02534986793181997,-0.2738518362805159
XS056_CFO_ACCRUALS_PT,monthly,breadth_x_volatility,MKT_BREADTH_RSP63,MKT_LOG_RV21,low,mid,19,7,-0.0029097747075422843,-0.2848066719480668,-0.0339623692467063,-0.07349473871763079
XS056_CFO_ACCRUALS_PT,monthly,breadth_x_volatility,MKT_BREADTH_RSP63,MKT_LOG_RV21,low,high,14,7,0.013158157955690895,0.737577655731595,0.005133421100226425,0.09832487029390595
XS056_CFO_ACCRUALS_PT,monthly,breadth_x_volatility,MKT_BREADTH_RSP63,MKT_LOG_RV21,mid,low,5,4,0.029131036356093976,4.888721331693862,0.07947068956886737,0.13925770735065937
XS056_CFO_ACCRUALS_PT,monthly,breadth_x_volatility,MKT_BREADTH_RSP63,MKT_LOG_RV21,mid,mid,12,6,0.012714812065123085,0.8428583884475481,0.01982013469811629,0.1345052889406832
XS056_CFO_ACCRUALS_PT,monthly,breadth_x_volatility,MKT_BREADTH_RSP63,MKT_LOG_RV21,mid,high,6,3,0.017109789451061674,2.5646207997400965,0.04962983989236383,0.09650143262671732
XS056_CFO_ACCRUALS_PT,monthly,breadth_x_volatility,MKT_BREADTH_RSP63,MKT_LOG_RV21,high,low,1,1,0.02687038322070001,,0.058998905483013585,0.026552495085168278
XS056_CFO_ACCRUALS_PT,monthly,breadth_x_volatility,MKT_BREADTH_RSP63,MKT_LOG_RV21,high,mid,5,4,0.0044153999252995344,0.8180167800030868,-0.020446178421669438,0.02224892723994399
XS056_CFO_ACCRUALS_PT,monthly,breadth_x_volatility,MKT_BREADTH_RSP63,MKT_LOG_RV21,high,high,23,8,0.013244785534824874,1.0171140831779237,-0.0017694040261196351,0.24944806218469082
XS056_CFO_ACCRUALS_PT,monthly,dispersion_x_correlation,MKT_XS_DISP21,MKT_AVG_CORR63,low,low,4,3,-0.01622081063541747,-1.7961469256477691,-0.006276595458282063,-0.06945492143881613
XS056_CFO_ACCRUALS_PT,monthly,dispersion_x_correlation,MKT_XS_DISP21,MKT_AVG_CORR63,low,mid,0,0,,,,0.0
XS056_CFO_ACCRUALS_PT,monthly,dispersion_x_correlation,MKT_XS_DISP21,MKT_AVG_CORR63,low,high,1,1,0.0023180636760344875,,-0.09356229417642183,0.0021784161620557116
XS056_CFO_ACCRUALS_PT,monthly,dispersion_x_correlation,MKT_XS_DISP21,MKT_AVG_CORR63,mid,low,22,8,0.004496328398991622,0.4601883793050893,0.015395378294551267,0.07776281746240013
XS056_CFO_ACCRUALS_PT,monthly,dispersion_x_correlation,MKT_XS_DISP21,MKT_AVG_CORR63,mid,mid,6,3,0.01453810719181046,2.0840130806571335,-0.023690521875191255,0.08618709491731102
XS056_CFO_ACCRUALS_PT,monthly,dispersion_x_correlation,MKT_XS_DISP21,MKT_AVG_CORR63,mid,high,7,4,0.007025546273218212,0.8895866072832387,0.013827931597035301,0.04252732570879126
XS056_CFO_ACCRUALS_PT,monthly,dispersion_x_correlation,MKT_XS_DISP21,MKT_AVG_CORR63,high,low,26,8,0.011262136688270611,0.8857332575748649,-0.019906372648178426,0.2575337842742559
XS056_CFO_ACCRUALS_PT,monthly,dispersion_x_correlation,MKT_XS_DISP21,MKT_AVG_CORR63,high,mid,14,6,0.005656429476733726,0.4343801369200057,0.0010903101651043609,0.05273192035216209
XS056_CFO_ACCRUALS_PT,monthly,dispersion_x_correlation,MKT_XS_DISP21,MKT_AVG_CORR63,high,high,21,6,0.0038549573487635528,0.21674334432483594,0.009411910823760075,-0.02997422871453778
XS056_CFO_ACCRUALS_PT,weekly,trend_x_volatility,MKT_TREND126,MKT_LOG_RV21,low,low,9,3,0.0005192472978731032,0.45716973178460657,0.03150850064684116,0.004123184605731813
XS056_CFO_ACCRUALS_PT,weekly,trend_x_volatility,MKT_TREND126,MKT_LOG_RV21,low,mid,28,6,-0.0013437692299021395,-1.0465394567099828,-0.012304873738466521,-0.03958741542818378
XS056_CFO_ACCRUALS_PT,weekly,trend_x_volatility,MKT_TREND126,MKT_LOG_RV21,low,high,123,7,0.0012865964608640252,0.32214747385483367,0.0005424675402938059,0.04403400692565805
XS056_CFO_ACCRUALS_PT,weekly,trend_x_volatility,MKT_TREND126,MKT_LOG_RV21,mid,low,14,7,-0.002145296109852622,-1.4901990689936893,-0.022577739807759293,-0.03122464358223161
XS056_CFO_ACCRUALS_PT,weekly,trend_x_volatility,MKT_TREND126,MKT_LOG_RV21,mid,mid,44,8,0.004129176446499057,1.6013672784491855,0.013485866311033512,0.17311198599046174
XS056_CFO_ACCRUALS_PT,weekly,trend_x_volatility,MKT_TREND126,MKT_LOG_RV21,mid,high,36,8,0.0018288830344656529,0.833765578512916,0.0023416409208139566,0.05838752096180669
XS056_CFO_ACCRUALS_PT,weekly,trend_x_volatility,MKT_TREND126,MKT_LOG_RV21,high,low,68,9,0.0014001090219662776,0.6256638798114179,0.0005633055925216584,0.08133158458395068
XS056_CFO_ACCRUALS_PT,weekly,trend_x_volatility,MKT_TREND126,MKT_LOG_RV21,high,mid,72,7,-0.0006572094694055589,-0.3028703759283904,-0.013927757326546684,-0.062005329218856146
XS056_CFO_ACCRUALS_PT,weekly,trend_x_volatility,MKT_TREND126,MKT_LOG_RV21,high,high,49,8,0.0011212451280021506,0.4351908188915104,0.012658616247099238,0.03793185762201616
XS056_CFO_ACCRUALS_PT,weekly,breadth_x_volatility,MKT_BREADTH_RSP63,MKT_LOG_RV21,low,low,71,8,0.0005671489482346787,0.2741632913016867,0.003086870924190082,0.028421713119697642
XS056_CFO_ACCRUALS_PT,weekly,breadth_x_volatility,MKT_BREADTH_RSP63,MKT_LOG_RV21,low,mid,79,8,-7.151397239384882e-05,-0.03008500820090412,-0.012777098101663886,-0.02443495937455443
XS056_CFO_ACCRUALS_PT,weekly,breadth_x_volatility,MKT_BREADTH_RSP63,MKT_LOG_RV21,low,high,72,9,0.0015970007450726636,0.3481094987515849,-0.00013064372853432982,0.0356230369956307
XS056_CFO_ACCRUALS_PT,weekly,breadth_x_volatility,MKT_BREADTH_RSP63,MKT_LOG_RV21,mid,low,10,7,-0.0007605380217400204,-0.4851777596521965,-0.01899828194728677,-0.008572191540209547
XS056_CFO_ACCRUALS_PT,weekly,breadth_x_volatility,MKT_BREADTH_RSP63,MKT_LOG_RV21,mid,mid,26,7,0.0020755491879286482,1.020834618030168,-0.0035715523035599,0.05120582961260514
XS056_CFO_ACCRUALS_PT,weekly,breadth_x_volatility,MKT_BREADTH_RSP63,MKT_LOG_RV21,mid,high,40,8,0.003378328261555691,1.2970716360163264,0.004878744877750693,0.1230597266365529
XS056_CFO_ACCRUALS_PT,weekly,breadth_x_volatility,MKT_BREADTH_RSP63,MKT_LOG_RV21,high,low,10,5,0.003718429852936611,1.5506552790317605,-0.002339208734021517,0.03438060402796281
XS056_CFO_ACCRUALS_PT,weekly,breadth_x_volatility,MKT_BREADTH_RSP63,MKT_LOG_RV21,high,mid,39,6,0.0012416530344735272,0.662880073854035,0.008930621421052692,0.04474837110537111
XS056_CFO_ACCRUALS_PT,weekly,breadth_x_volatility,MKT_BREADTH_RSP63,MKT_LOG_RV21,high,high,96,9,0.00030119771970504747,0.11349547385271347,0.006099493021434866,-0.018329378122702647
XS056_CFO_ACCRUALS_PT,weekly,dispersion_x_correlation,MKT_XS_DISP21,MKT_AVG_CORR63,low,low,26,7,-7.541742396943291e-05,-0.04406100825997894,0.009205387608614167,-0.005383671906108799
XS056_CFO_ACCRUALS_PT,weekly,dispersion_x_correlation,MKT_XS_DISP21,MKT_AVG_CORR63,low,mid,4,2,-2.2844371808189434e-05,-0.013626364353751442,0.027998759533995977,-0.0003456968638336378
XS056_CFO_ACCRUALS_PT,weekly,dispersion_x_correlation,MKT_XS_DISP21,MKT_AVG_CORR63,low,high,6,4,-0.0020860544946488258,-1.489472343504269,-0.0571520255700683,-0.01239054673580323
XS056_CFO_ACCRUALS_PT,weekly,dispersion_x_correlation,MKT_XS_DISP21,MKT_AVG_CORR63,mid,low,75,9,0.0010773755816845061,0.5359753143666632,-0.005580120018258946,0.0699425207978007
XS056_CFO_ACCRUALS_PT,weekly,dispersion_x_correlation,MKT_XS_DISP21,MKT_AVG_CORR63,mid,mid,20,7,-0.0007234316550008224,-0.32220173993416656,-0.03186187756556074,-0.019309414613468745
XS056_CFO_ACCRUALS_PT,weekly,dispersion_x_correlation,MKT_XS_DISP21,MKT_AVG_CORR63,mid,high,31,6,0.0024581235762656823,0.9566275997017181,0.010528085503651294,0.0656194370350781
XS056_CFO_ACCRUALS_PT,weekly,dispersion_x_correlation,MKT_XS_DISP21,MKT_AVG_CORR63,high,low,124,8,0.0002491147783401236,0.09896195885917614,-0.004358886364499535,-0.0025831662489025596
XS056_CFO_ACCRUALS_PT,weekly,dispersion_x_correlation,MKT_XS_DISP21,MKT_AVG_CORR63,high,mid,78,7,0.002296033183568722,0.951674027998126,0.012985629308671372,0.15094867674765594
XS056_CFO_ACCRUALS_PT,weekly,dispersion_x_correlation,MKT_XS_DISP21,MKT_AVG_CORR63,high,high,79,6,0.0013629009177532666,0.3038842558564086,0.0034393239704334872,0.01960461424793597
