group_id,strategy_id,portfolio_mode,signal,top_n,frequency,variant_id,cost_bps,borrow_fee_annual,valid_scenario,invalid_reason,is_primary_scenario,collateralized_total_return,signed_skipped_rebalance_count,terminal_last_close_count,observations,total_return,cagr,annualized_volatility,sharpe_zero_rf,sharpe_excess_rf,sortino,max_drawdown,max_drawdown_duration,calmar,average_l1_turnover,annualized_l1_turnover,total_cost,corporate_action_events_applied,valuation_fallback_count,valuation_fallback_sid_count,unfilled_execution_count,skipped_signed_rebalance_count,average_target_risk_allocation,minimum_target_risk_allocation,maximum_target_risk_allocation,below_full_investment_fraction,leveraged_rebalance_fraction,average_actual_risky_weight,average_long_exposure,average_short_exposure,average_gross_exposure,average_net_exposure,total_short_borrow_fee,relative_observations,annualized_excess_return,geometric_excess_return,beta,annualized_alpha_zero_rf,annualized_alpha_excess_rf,tracking_error,information_ratio,base_target_gross_exposure,base_target_net_exposure,high_vol_rebalance_count,high_vol_rebalance_fraction,average_q4_target_risk_allocation,minimum_q4_target_risk_allocation,delta_vs_g00_cagr,delta_vs_g00_sharpe_excess_rf,delta_vs_g00_max_drawdown,delta_vs_g00_annualized_volatility,delta_vs_g00_annualized_l1_turnover
G32,G32__mom_12_1__top10__monthly__long_only,long_only,mom_12_1,10,monthly,base,0.0,0.0,True,,False,True,0,0,2134.0,3.021298545652347,0.17860551387596302,0.32269899213222397,0.6717968319404424,0.5854570535187512,0.8083478646526854,-0.4556585740553273,1010.0,0.3919722442318758,0.6943493832533965,8.363428560049345,0.0,0.0,0.0,0.0,0.0,0.0,0.9299161412837307,0.48069152055167214,1.0,0.39215686274509803,0.0,0.9306607073923634,0.9306607073923634,0.0,0.9306607073923634,0.9306607073923634,0.0,2134.0,0.061834297931458136,0.02826311091679843,1.2155200762299327,0.028438629640286973,0.034463735947202506,0.2268046508130605,0.27263240727115384,1.0,1.0,40,0.39215686274509803,0.821286160273513,0.48069152055167214,-0.04930696955082697,-0.10435180263673094,-0.006795876850421156,-0.020561613456224537,-0.5449352687771203
G32,G32__mom_12_1__top10__monthly__long_only,long_only,mom_12_1,10,monthly,base,5.0,0.0,True,,True,True,0,0,2134.0,2.8813623757227513,0.17368626589231018,0.3226932001376274,0.6588363013097462,0.5724944511092444,0.7900073313384209,-0.46010168314632605,1108.0,0.37749539341952976,0.6943493832533965,8.363428560049345,0.04198533607420722,0.0,0.0,0.0,0.0,0.0,0.9299161412837307,0.48069152055167214,1.0,0.39215686274509803,0.0,0.9306607073923634,0.9306607073923634,0.0,0.9306607073923634,0.9306607073923634,0.0,2134.0,0.05764813178313647,0.023971360050634282,1.21544779827156,0.024263663240799843,0.03028672959010533,0.22680814450497022,0.25417134781010114,1.0,1.0,40,0.39215686274509803,0.821286160273513,0.48069152055167214,-0.048767916349407414,-0.10433226263406259,-0.0063891451648099284,-0.0205630546916844,-0.5449352687771203
G32,G32__mom_12_1__top10__monthly__long_only,long_only,mom_12_1,10,monthly,base,10.0,0.0,True,,False,True,0,0,2134.0,2.7462445812942726,0.16878566244249482,0.3226922083286012,0.6458656977423087,0.5595230612498651,0.7716770389546728,-0.4645103713949825,1109.0,0.36336252716082623,0.6943493832533965,8.363428560049345,0.08230977833714993,0.0,0.0,0.0,0.0,0.0,0.9299161412837307,0.48069152055167214,1.0,0.39215686274509803,0.0,0.9306607073923634,0.9306607073923634,0.0,0.9306607073923634,0.9306607073923634,0.0,2134.0,0.05346196563481479,0.01969587542974043,1.215375520313187,0.02008869684131271,0.026109723233008104,0.22681846751567059,0.23570376001734153,1.0,1.0,40,0.39215686274509803,0.821286160273513,0.48069152055167214,-0.048232253858414786,-0.1043112886625055,-0.00598850139655055,-0.020564810019025992,-0.5449352687771185
G32,G32__mom_12_1__top10__monthly__long_only,long_only,mom_12_1,10,monthly,base,20.0,0.0,True,,False,True,0,0,2134.0,2.489813061351786,0.15904013483177426,0.3227046252300893,0.6198965876267926,0.5335562352599998,0.7350494772238781,-0.4732254935156238,1277.0,0.3360768534472952,0.6943493832533965,8.363428560049345,0.1582227779201994,0.0,0.0,0.0,0.0,0.0,0.9299161412837307,0.48069152055167214,1.0,0.39215686274509803,0.0,0.9306607073923634,0.9306607073923634,0.0,0.9306607073923634,0.9306607073923634,0.0,2134.0,0.0450896333381716,0.011193483051166637,1.2152309643964414,0.011738764042338697,0.01775571051881378,0.22685959714754664,0.1987556793061123,1.0,1.0,40,0.39215686274509803,0.821286160273513,0.48069152055167214,-0.047171035133155736,-0.10426504747429943,-0.005205206690271635,-0.02056926262143549,-0.5449352687771203
G32,G32__mom_12_1__top10__monthly__long_short,long_short,mom_12_1,10,monthly,base,0.0,0.0,True,,False,True,0,0,2134.0,0.8636328919770726,0.0762826549095168,0.18745731732957624,0.4861625053407704,0.33756049152592105,0.46665726068546043,-0.34802816841067163,1209.0,0.21918528967891937,0.7323366071869738,8.820984138300831,0.0,4.0,27.0,3.0,0.0,0.0,0.9254459132516328,0.3154879394049634,1.0,0.20588235294117646,0.0,0.000971560491068596,0.4653633709505789,0.46439181045951033,0.9297551814100893,0.000971560491068596,0.0,2134.0,-0.06381914361593707,-0.061007488991334846,0.010620778438103154,0.08948898839403717,0.06193594664341146,0.2667966478329517,-0.23920519292242345,1.0,0.0,21,0.20588235294117646,0.6378801500793593,0.3154879394049634,0.008464636431988498,0.05783089536728925,0.08910131834502977,-0.04496039538163865,-0.6191021938051371
G32,G32__mom_12_1__top10__monthly__long_short,long_short,mom_12_1,10,monthly,base,0.0,0.01,True,,False,True,0,0,2134.0,0.7922368650592735,0.07132929690530054,0.18749425787633833,0.46149568451234174,0.31291791111342526,0.4321268637399129,-0.35421142961252583,1309.0,0.20137491605882996,0.732513027781165,8.823109121877724,0.0,4.0,27.0,3.0,0.0,0.0,0.9254459132516328,0.3154879394049634,1.0,0.20588235294117646,0.0,0.0009713901818827293,0.46546083003014843,0.46448943984826574,0.9299502698784141,0.0009713901818827293,0.039073780212645376,2134.0,-0.06842607177256939,-0.06532899881878182,0.010608514935962514,0.08488396051443119,0.05733047861724039,0.26682429678258807,-0.2564461804927902,1.0,0.0,21,0.20588235294117646,0.6378801500793593,0.3154879394049634,0.008845334261350646,0.054745724457359035,0.08917343471487749,-0.044973794070612055,-0.6193766185859797
G32,G32__mom_12_1__top10__monthly__long_short,long_short,mom_12_1,10,monthly,base,0.0,0.03,True,,False,True,0,0,2134.0,0.6593642780639173,0.061628334608824886,0.18756718750809184,0.4128842192712332,0.26435441433416446,0.3642923352685198,-0.3662326240486389,1356.0,0.16827647391850079,0.7328611580598481,8.82730234619041,0.0,4.0,27.0,3.0,0.0,0.0,0.9254459132516328,0.3154879394049634,1.0,0.20588235294117646,0.0,0.0009710532025600391,0.4656530574434397,0.4646820042408797,0.9303350616843195,0.0009710532025600391,0.1115921276742822,2134.0,-0.07751033087816417,-0.07379251061507058,0.010584342619174137,0.07580344700269206,0.048249097423932054,0.2668788837855135,-0.2904326103988731,1.0,0.0,21,0.20588235294117646,0.6378801500793593,0.3154879394049634,0.009585110692915288,0.048664538170680754,0.09084898226499905,-0.04500017529112585,-0.6199184835193421
G32,G32__mom_12_1__top10__monthly__long_short,long_short,mom_12_1,10,monthly,base,5.0,0.0,True,,False,True,0,0,2134.0,0.7952980024157414,0.07154521530636959,0.18745928501923892,0.46262279535412715,0.31401764303790924,0.43358199894656374,-0.35454501557489215,1309.0,0.20179444686412965,0.7323366071869738,8.820984138300831,0.0370090508027911,4.0,27.0,3.0,0.0,0.0,0.9254459132516328,0.3154879394049634,1.0,0.20588235294117646,0.0,0.000971560491068596,0.4653633709505789,0.46439181045951033,0.9297551814100893,0.000971560491068596,0.0,2134.0,-0.0682309242026573,-0.06514062287435131,0.01064552521285744,0.08507337319898053,0.0575209680934189,0.2667946149093591,-0.2557432586330055,1.0,0.0,21,0.20588235294117646,0.6378801500793593,0.3154879394049634,0.008756523345789594,0.05460625494111493,0.08878547399321945,-0.044954599222894576,-0.6191021938051371
G32,G32__mom_12_1__top10__monthly__long_short,long_short,mom_12_1,10,monthly,base,5.0,0.01,True,,True,True,0,0,2134.0,0.7265043535519247,0.06661252659683226,0.18749622586084438,0.43795563328440873,0.2893747527174079,0.3991282685799135,-0.3606681183645568,1316.0,0.18469202905675605,0.732513027781165,8.823109121877724,0.036308369861430594,4.0,27.0,3.0,0.0,0.0,0.9254459132516328,0.3154879394049634,1.0,0.20588235294117646,0.0,0.0009713901818827293,0.46546083003014843,0.46448943984826574,0.9299502698784141,0.0009713901818827293,0.03829856638288163,2134.0,-0.07283883431802103,-0.0694440999732949,0.01063332603940438,0.08046735339266455,0.052914509905182115,0.26682225567168383,-0.2729863524114978,1.0,0.0,21,0.20588235294117646,0.6378801500793593,0.3154879394049634,0.009134036771512755,0.05152149743286391,0.0896533005926794,-0.04496799027332313,-0.6193766185859797
G32,G32__mom_12_1__top10__monthly__long_short,long_short,mom_12_1,10,monthly,base,5.0,0.03,True,,False,True,0,0,2134.0,0.5984766409821405,0.05695205803131831,0.18756915552274558,0.3893434996057926,0.2408106488095365,0.3314443479814209,-0.3725723127193076,1367.0,0.15286175619342238,0.7328611580598481,8.82730234619041,0.03497897504940606,4.0,27.0,3.0,0.0,0.0,0.9254459132516328,0.3154879394049634,1.0,0.20588235294117646,0.0,0.0009710532025600391,0.4656530574434397,0.4646820042408797,0.9303350616843195,0.0009710532025600391,0.10940634375247528,2134.0,-0.08192503122401472,-0.07787228340120222,0.010609280718154476,0.07138488240207727,0.04383117471676415,0.2668768261288517,-0.30697693918339775,1.0,0.0,21,0.20588235294117646,0.6378801500793593,0.3154879394049634,0.00986759964400541,0.04544113627823551,0.09127941253819721,-0.04499435650281722,-0.6199184835193421
G32,G32__mom_12_1__top10__monthly__long_short,long_short,mom_12_1,10,monthly,base,10.0,0.0,True,,False,True,0,0,2134.0,0.7294426318505967,0.06682672309450499,0.18747037960152713,0.43906220299399057,0.2904611625593411,0.4005697800367057,-0.3609994704096521,1316.0,0.1851158480057378,0.7323366071869738,8.820984138300831,0.07262659015468824,4.0,27.0,3.0,0.0,0.0,0.9254459132516328,0.3154879394049634,1.0,0.20588235294117646,0.0,0.000971560491068596,0.4653633709505789,0.46439181045951033,0.9297551814100893,0.000971560491068596,0.0,2134.0,-0.0726427047893775,-0.06925722628701758,0.010670271987611715,0.08065775800392397,0.05310598954342639,0.26679899505594096,-0.27227503152381133,1.0,0.0,21,0.20588235294117646,0.6378801500793593,0.3154879394049634,0.00904577237689419,0.051377087592728216,0.08926930321268983,-0.04494786351568866,-0.6191021938051371
G32,G32__mom_12_1__top10__monthly__long_short,long_short,mom_12_1,10,monthly,base,10.0,0.01,True,,False,True,0,0,2134.0,0.6631574979645742,0.06191462551122484,0.1875073232133451,0.41439589909489294,0.2658191615826019,0.36619404182056753,-0.36706297510309405,1356.0,0.16867575786916503,0.732513027781165,8.823109121877724,0.07126052291259623,4.0,27.0,3.0,0.0,0.0,0.9254459132516328,0.3154879394049634,1.0,0.20588235294117646,0.0,0.0009713901818827293,0.46546083003014843,0.46448943984826574,0.9299502698784141,0.0009713901818827293,0.03754334861713867,2134.0,-0.07725159686347283,-0.07354273885474667,0.01065813714284628,0.07605074627089772,0.04849854119312369,0.26682662996979783,-0.2895198161900743,1.0,0.0,21,0.20588235294117646,0.6378801500793593,0.3154879394049634,0.009420120211025139,0.04829318472881158,0.09011177765565548,-0.044961246758009,-0.6193766185859797
G32,G32__mom_12_1__top10__monthly__long_short,long_short,mom_12_1,10,monthly,base,10.0,0.03,True,,False,True,0,0,2134.0,0.5397998532928034,0.052294497483299285,0.18758025779199997,0.365785461066812,0.21725681429714933,0.2986633361297529,-0.37885125951419063,1612.0,0.13803437673760852,0.7328611580598481,8.82730234619041,0.06866839904264559,4.0,27.0,3.0,0.0,0.0,0.9254459132516328,0.3154879394049634,1.0,0.20588235294117646,0.0,0.0009710532025600391,0.4656530574434397,0.4646820042408797,0.9303350616843195,0.0009710532025600391,0.10727661835615786,2134.0,-0.08633973156986552,-0.0819357275663659,0.010634218817134871,0.06696631780146223,0.039413252009596,0.2668811884989163,-0.3235137405355797,1.0,0.0,21,0.20588235294117646,0.6378801500793593,0.3154879394049634,0.010147506293515983,0.042214518478081026,0.09168930974438816,-0.04498759766491922,-0.6199184835193421
G32,G32__mom_12_1__top10__monthly__long_short,long_short,mom_12_1,10,monthly,base,20.0,0.0,True,,False,True,0,0,2134.0,0.6048175267020031,0.05744630794552941,0.1875199416314287,0.3918921691804159,0.2433210932388065,0.33474777014831525,-0.3737234836108887,1366.0,0.15371340165859373,0.7323366071869738,8.820984138300831,0.13989305460462734,4.0,27.0,3.0,0.0,0.0,0.9254459132516328,0.3154879394049634,1.0,0.20588235294117646,0.0,0.000971560491068596,0.4653633709505789,0.46439181045951033,0.9297551814100893,0.000971560491068596,0.0,2134.0,-0.0814662659628181,-0.07744107978949819,0.010719765537120389,0.07182652761381057,0.04427603244344114,0.2668269928339231,-0.3053149349605865,1.0,0.0,21,0.20588235294117646,0.6378801500793593,0.3154879394049634,0.009616418567803008,0.04491035937301899,0.09017305668204922,-0.04493157856100069,-0.6191021938051371
G32,G32__mom_12_1__top10__monthly__long_short,long_short,mom_12_1,10,monthly,base,20.0,0.01,True,,False,True,0,0,2134.0,0.5432811139942337,0.05257515917102884,0.1875568982072205,0.3672311781509081,0.21868446694093663,0.30053235329974254,-0.3796694531456287,1612.0,0.1384761369012817,0.732513027781165,8.823109121877724,0.13729626866798664,4.0,27.0,3.0,0.0,0.0,0.9254459132516328,0.3154879394049634,1.0,0.20588235294117646,0.0,0.0009713901818827293,0.46546083003014843,0.46448943984826574,0.9299502698784141,0.0009713901818827293,0.03609065586356877,2134.0,-0.08607712195437613,-0.08169086696055487,0.010707759349730055,0.0672175320273644,0.03966660376900713,0.2668546230684434,-0.3225618539585837,1.0,0.0,21,0.20588235294117646,0.6378801500793593,0.3154879394049634,0.00998449129571774,0.04182948779701262,0.09096613420891186,-0.04494494568268201,-0.6193766185859797
G32,G32__mom_12_1__top10__monthly__long_short,long_short,mom_12_1,10,monthly,base,20.0,0.03,True,,False,True,0,0,2134.0,0.4287639269778314,0.04303525471920433,0.1876298572744718,0.3186312203197047,0.17013272067442445,0.23331658575780728,-0.3912291493240251,1646.0,0.11000012344060164,0.7328611580598481,8.82730234619041,0.13236769843293622,4.0,27.0,3.0,0.0,0.0,0.9254459132516328,0.3154879394049634,1.0,0.20588235294117646,0.0,0.0009710532025600391,0.4656530574434397,0.4646820042408797,0.9303350616843195,0.0009710532025600391,0.10317906742236929,2134.0,-0.09516913226156672,-0.09001386538029085,0.010684095015095629,0.05812918860023255,0.030577406595260117,0.26690917159680844,-0.3565599926454708,1.0,0.0,21,0.20588235294117646,0.6378801500793593,0.3154879394049634,0.01069963340264593,0.03575681724812735,0.09244902537597754,-0.044971264958028806,-0.6199184835193421
G32,G32__mom_12_1__top10__weekly__long_only,long_only,mom_12_1,10,weekly,base,0.0,0.0,True,,False,True,0,0,2134.0,3.2836811402810744,0.1874356502716199,0.31178331936993486,0.7082533867820203,0.6188941879263719,0.8502558064725637,-0.3830318928674403,525.0,0.4893473722734823,0.19210390774687247,10.072222132137801,0.0,0.0,0.0,0.0,0.0,0.0,0.9292013886638669,0.4976668665732314,1.0,0.44819819819819817,0.0,0.929751697922992,0.929751697922992,0.0,0.929751697922992,0.929751697922992,0.0,2134.0,0.06586772923255299,0.035966878982635835,1.1351383307304734,0.04492752289334103,0.04871255322663045,0.2245756912112415,0.2932985706391355,1.0,1.0,199,0.44819819819819817,0.8420372691796832,0.4976668665732314,-0.06127576126188411,-0.12216659504460092,0.013516398237148286,-0.029398836088919633,-0.5903703001536389
G32,G32__mom_12_1__top10__weekly__long_only,long_only,mom_12_1,10,weekly,base,5.0,0.0,True,,False,True,0,0,2134.0,3.1048085718127325,0.18146971245571386,0.31182197299854086,0.69204809782629,0.6026992261230391,0.8273453856362999,-0.38348625775409906,525.0,0.47321047048334325,0.19210390774687247,10.072222132137801,0.052542481664654715,0.0,0.0,0.0,0.0,0.0,0.9292013886638669,0.4976668665732314,1.0,0.44819819819819817,0.0,0.929751697922992,0.929751697922992,0.0,0.929751697922992,0.929751697922992,0.0,2134.0,0.06084194062073725,0.030761953580627416,1.13529412338934,0.03987759360726094,0.04366692880290379,0.22460381203474136,0.27088560995272126,1.0,1.0,199,0.44819819819819817,0.8420372691796832,0.4976668665732314,-0.06060107108854074,-0.12270440856334175,0.013437058718586026,-0.029380744022156624,-0.5903703001536389
G32,G32__mom_12_1__top10__weekly__long_only,long_only,mom_12_1,10,weekly,base,10.0,0.0,True,,True,True,0,0,2134.0,2.9333536398064775,0.17553193131710043,0.31186523091758694,0.6758368479940063,0.5864996231588487,0.8044661258720056,-0.38394046352131217,525.0,0.4571852878105327,0.19210390774687247,10.072222132137801,0.10256071709321923,0.0,0.0,0.0,0.0,0.0,0.9292013886638669,0.4976668665732314,1.0,0.44819819819819817,0.0,0.929751697922992,0.929751697922992,0.0,0.929751697922992,0.929751697922992,0.0,2134.0,0.05581615200892123,0.025581593202492568,1.135449916048206,0.034827664321180535,0.038621304379176706,0.22463832816613716,0.248471186838788,1.0,1.0,199,0.44819819819819817,0.8420372691796832,0.4976668665732314,-0.059931365489646865,-0.12323871359338057,0.013357807201561822,-0.029362871871247476,-0.5903703001536389
G32,G32__mom_12_1__top10__weekly__long_only,long_only,mom_12_1,10,weekly,base,20.0,0.0,True,,False,True,0,0,2134.0,2.6114872897491863,0.16374034117264036,0.31196555176182766,0.6433993635036778,0.5540893851775188,0.7588040043047525,-0.390542599336015,1016.0,0.41926371527978046,0.19210390774687247,10.072222132137801,0.19547826423399717,0.0,0.0,0.0,0.0,0.0,0.9292013886638669,0.4976668665732314,1.0,0.44819819819819817,0.0,0.929751697922992,0.929751697922992,0.0,0.929751697922992,0.929751697922992,0.0,2134.0,0.04576457478528987,0.015294133130526624,1.135761501365939,0.0247278057490204,0.028530055531723233,0.22472653401942566,0.2036456219332512,1.0,1.0,199,0.44819819819819817,0.8420372691796832,0.4976668665732314,-0.058606786929553234,-0.12429658097050766,0.007505366564573124,-0.029327790671635934,-0.5903703001536389
G32,G32__mom_12_1__top10__weekly__long_short,long_short,mom_12_1,10,weekly,base,0.0,0.0,True,,False,True,4,0,2134.0,0.6231400315816062,0.058864866542647,0.18806638285653915,0.3984363349370422,0.2503051392635139,0.3432975284236091,-0.43908923106918596,1500.0,0.13406128499054862,0.2074092565918446,10.874698641775215,0.0,3.0,28.0,4.0,7.0,0.0,0.9279483190490074,0.3566454599559301,1.0,0.21396396396396397,0.0,0.00064643591263724,0.46454202347916135,0.46389558756652416,0.9284376110456856,0.00064643591263724,0.0,2134.0,-0.08002138234311763,-0.07620347190550547,-0.03275761288087396,0.08000839895742037,0.051249323258243516,0.27313688908737804,-0.2929717132332072,1.0,0.0,95,0.21396396396396397,0.663253196397466,0.3566454599559301,0.014513891303290997,0.06649562435340209,0.12043811781075509,-0.04142681051159894,-0.8456116524958688
G32,G32__mom_12_1__top10__weekly__long_short,long_short,mom_12_1,10,weekly,base,0.0,0.01,True,,False,True,4,0,2134.0,0.5609475889205096,0.05399089434297788,0.18807678293416863,0.37389045472785803,0.22576190391876524,0.30931099682526775,-0.4457328994325359,1510.0,0.12112835828747187,0.20742418763138745,10.875481492830684,0.0,3.0,28.0,4.0,7.0,0.0,0.9279483190490074,0.3566454599559301,1.0,0.21396396396396397,0.0,0.0006465271631007338,0.4645682255511975,0.4639216983880967,0.9284899239392942,0.0006465271631007338,0.03735344886883134,2134.0,-0.0846337487583347,-0.08045572234685228,-0.03276920453530033,0.0753978287138312,0.04663833393967552,0.2731456127468089,-0.3098484647336642,1.0,0.0,95,0.21396396396396397,0.663253196397466,0.3566454599559301,0.014824665907761783,0.06363963344295384,0.12005314015191804,-0.04143136188284566,-0.845794800493989
G32,G32__mom_12_1__top10__weekly__long_short,long_short,mom_12_1,10,weekly,base,0.0,0.03,True,,False,True,4,0,2134.0,0.44525551959240595,0.044449768196750616,0.18809733139969656,0.32551915858854713,0.17739597587958447,0.2425434488402423,-0.45859811948768836,1521.0,0.09692531719581969,0.20745399259915193,10.877044200531355,0.0,3.0,28.0,4.0,7.0,0.0,0.9279483190490074,0.3566454599559301,1.0,0.21396396396396397,0.0,0.0006467071199812949,0.4646198743911468,0.4639731672711656,0.9285930416623124,0.0006467071199812949,0.10677842937002922,2134.0,-0.09372457760336335,-0.08877978662218873,-0.03279205238805359,0.06631054023184003,0.037550219429826816,0.2731628418870754,-0.3431088099534005,1.0,0.0,95,0.21396396396396397,0.663253196397466,0.3566454599559301,0.015427622162304016,0.05801053721134858,0.11926486353467369,-0.041440289369451544,-0.846160440933577
G32,G32__mom_12_1__top10__weekly__long_short,long_short,mom_12_1,10,weekly,base,5.0,0.0,True,,False,True,4,0,2134.0,0.5500865714317462,0.05312221109418447,0.18808059972427504,0.36950439998099516,0.22137798727991162,0.3031668878091653,-0.44720955876031865,1510.0,0.11878594733404445,0.2074092565918446,10.874698641775215,0.04381793458462078,3.0,28.0,4.0,7.0,0.0,0.9279483190490074,0.3566454599559301,1.0,0.21396396396396397,0.0,0.00064643591263724,0.46454202347916135,0.46389558756652416,0.9284376110456856,0.00064643591263724,0.0,2134.0,-0.08545725350415971,-0.08121359674103282,-0.03259889333825772,0.07454793359017135,0.045793235020072244,0.27312528069148306,-0.31288664779695197,1.0,0.0,95,0.21396396396396397,0.663253196397466,0.3566454599559301,0.014874351600091568,0.06308664186275201,0.11997041604418468,-0.04147458739396295,-0.8456116524958741
G32,G32__mom_12_1__top10__weekly__long_short,long_short,mom_12_1,10,weekly,base,5.0,0.01,True,,False,True,4,0,2134.0,0.49068831231884236,0.048274262020857384,0.18809102177266987,0.3449604053975036,0.19683668784268848,0.2692760002609308,-0.4537576811186538,1511.0,0.10638775723167114,0.20742418763138745,10.875481492830684,0.04300455893902114,3.0,28.0,4.0,7.0,0.0,0.9279483190490074,0.3566454599559301,1.0,0.21396396396396397,0.0,0.0006465271631007338,0.4645682255511975,0.4639216983880967,0.9284899239392942,0.0006465271631007338,0.03647138454933405,2134.0,-0.0900699075310128,-0.08544314355463292,-0.03261052390354819,0.06993708176433486,0.041181963026771316,0.27313402563869793,-0.32976450781037947,1.0,0.0,95,0.21396396396396397,0.663253196397466,0.3566454599559301,0.015181349126853386,0.06022666311222549,0.11957307495905001,-0.04147912929105854,-0.845794800493989
G32,G32__mom_12_1__top10__weekly__long_short,long_short,mom_12_1,10,weekly,base,5.0,0.03,True,,False,True,4,0,2134.0,0.38019448472057404,0.03878407317062704,0.1881116133403593,0.2965927969663111,0.14847454640703098,0.2026962115049102,-0.4664378821569123,1529.0,0.08314949247106791,0.20745399259915193,10.877044200531355,0.04146167183232699,3.0,28.0,4.0,7.0,0.0,0.9279483190490074,0.3566454599559301,1.0,0.21396396396396397,0.0,0.0006467071199812949,0.4646198743911468,0.4639731672711656,0.9285930416623124,0.0006467071199812949,0.10429010671495234,2134.0,-0.09916131311088126,-0.09372276807313247,-0.03263344854341609,0.060849228445963854,0.032093281525745185,0.27315129661556925,-0.36302706353409714,1.0,0.0,95,0.21396396396396397,0.663253196397466,0.3566454599559301,0.015776943070602144,0.05458972781465958,0.11876158013572435,-0.04148803789887609,-0.8461604409335752
G32,G32__mom_12_1__top10__weekly__long_short,long_short,mom_12_1,10,weekly,base,10.0,0.0,True,,False,True,4,0,2134.0,0.4803005441437924,0.04740898586020359,0.18810288306136283,0.3405622335264461,0.19244697581210699,0.2631535697647898,-0.45521474555608255,1512.0,0.1041464195152325,0.2074092565918446,10.874698641775215,0.08566250046592468,3.0,28.0,4.0,7.0,0.0,0.9279483190490074,0.3566454599559301,1.0,0.21396396396396397,0.0,0.00064643591263724,0.46454202347916135,0.46389558756652416,0.9284376110456856,0.00064643591263724,0.0,2134.0,-0.09089312466520204,-0.08619804546734368,-0.032440173795641424,0.06908746822292204,0.040337146781900694,0.27311922802454863,-0.33279650547720624,1.0,0.0,95,0.21396396396396397,0.663253196397466,0.3566454599559301,0.01523047433646249,0.0596642776758298,0.11948738950319038,-0.041521627587897875,-0.8456116524958688
G32,G32__mom_12_1__top10__weekly__long_short,long_short,mom_12_1,10,weekly,base,10.0,0.01,True,,True,True,4,0,2134.0,0.4235717161818171,0.042586928722055495,0.18811332712375428,0.3160211839246415,0.16790867165751872,0.22935914222614553,-0.4616686676168764,1526.0,0.09224565518359366,0.20742418763138745,10.875481492830684,0.08408567087525831,3.0,28.0,4.0,7.0,0.0,0.9279483190490074,0.3566454599559301,1.0,0.21396396396396397,0.0,0.0006465271631007338,0.4645682255511975,0.4639216983880967,0.9284899239392942,0.0006465271631007338,0.035616767282805065,2134.0,-0.09550606630369146,-0.09040500310967167,-0.03245184327179602,0.06447633481483793,0.03572559211386654,0.2731279944235544,-0.3496751276091642,1.0,0.0,95,0.21396396396396397,0.663253196397466,0.3566454599559301,0.015533725636979193,0.05680067942210401,0.11907816478104127,-0.04152616005884882,-0.845794800493989
G32,G32__mom_12_1__top10__weekly__long_short,long_short,mom_12_1,10,weekly,base,10.0,0.03,True,,False,True,4,0,2134.0,0.31804402447931257,0.03314742040497465,0.1881339618838159,0.2676593504475404,0.11955240409387893,0.1629687070147272,-0.47416645547584924,1530.0,0.06990671740308915,0.20745399259915193,10.877044200531355,0.08109412583083793,3.0,28.0,4.0,7.0,0.0,0.9279483190490074,0.3566454599559301,1.0,0.21396396396396397,0.0,0.0006467071199812949,0.4646198743911468,0.4639731672711656,0.9285930416623124,0.0006467071199812949,0.10187872282754934,2134.0,-0.10459804861839919,-0.09864041188162492,-0.03247484469877853,0.055387916660087674,0.026636343621663536,0.2731453075644403,-0.3829392111878857,1.0,0.0,95,0.21396396396396397,0.663253196397466,0.3566454599559301,0.01612201748364325,0.05115663084922223,0.11824436884385758,-0.041535049883675706,-0.8461604409335752
G32,G32__mom_12_1__top10__weekly__long_short,long_short,mom_12_1,10,weekly,base,20.0,0.0,True,,False,True,4,0,2134.0,0.34995629732078015,0.036070257349843704,0.18817163664342132,0.28266213024893366,0.13458827878741442,0.1834921304665324,-0.47088607005390837,1529.0,0.07660081629875838,0.2074092565918446,10.874698641775215,0.16378599437295666,3.0,28.0,4.0,7.0,0.0,0.9279483190490074,0.3566454599559301,1.0,0.21396396396396397,0.0,0.00064643591263724,0.46454202347916135,0.46389558756652416,0.9284376110456856,0.00064643591263724,0.0,2134.0,-0.10176486698728589,-0.09609041073683994,-0.032122734710409065,0.0581665374884243,0.029424970305558452,0.27312379101596557,-0.3725961279635914,1.0,0.0,95,0.21396396396396397,0.663253196397466,0.3566454599559301,0.015929844263175903,0.052784567031686616,0.11847768204003462,-0.041613483173501886,-0.8456116524958688
G32,G32__mom_12_1__top10__weekly__long_short,long_short,mom_12_1,10,weekly,base,20.0,0.01,True,,False,True,4,0,2134.0,0.2982139701091031,0.03129959300017493,0.18818212485280003,0.25813014303187515,0.11005913759796504,0.1498932299738465,-0.47715555465531057,1533.0,0.06559620378470758,0.20742418763138745,10.875481492830684,0.16082189581723344,3.0,28.0,4.0,7.0,0.0,0.9279483190490074,0.3566454599559301,1.0,0.21396396396396397,0.0,0.0006465271631007338,0.4645682255511975,0.4639216983880967,0.9284899239392942,0.0006465271631007338,0.033986119684013265,2134.0,-0.1063783838490482,-0.10025253123227058,-0.03213448200829176,0.053554840915844636,0.02481285028805756,0.2731326008053244,-0.38947523486904995,1.0,0.0,95,0.21396396396396397,0.663253196397466,0.3566454599559301,0.01622569483117143,0.04991483730627074,0.11804608270561412,-0.04161799694349447,-0.845794800493989
G32,G32__mom_12_1__top10__weekly__long_short,long_short,mom_12_1,10,weekly,base,20.0,0.03,True,,False,True,4,0,2134.0,0.20196297354481918,0.021960680336671645,0.18820284624724862,0.2097861100784801,0.061720868306450995,0.08388663921858315,-0.48929619040307715,1557.0,0.04488218131962291,0.20745399259915193,10.877044200531355,0.15519666266047993,3.0,28.0,4.0,7.0,0.0,0.9279483190490074,0.3566454599559301,1.0,0.21396396396396397,0.0,0.0006467071199812949,0.4646198743911468,0.4639731672711656,0.9285930416623124,0.0006467071199812949,0.09727628497603127,2134.0,-0.11547151963343509,-0.10840017628814125,-0.03215763700950346,0.044465293088335245,0.015722467813500167,0.27314999924615146,-0.4227403256530012,1.0,0.0,95,0.21396396396396397,0.663253196397466,0.3566454599559301,0.016799561495427544,0.04425874450799179,0.1171703461523449,-0.041626849504175084,-0.8461604409335752
G32,G32__mom_12_1__top20__monthly__long_only,long_only,mom_12_1,20,monthly,base,0.0,0.0,True,,False,True,0,0,2134.0,2.2833076946879305,0.15072156681112814,0.27717518016028964,0.6459625068590423,0.5454402164932526,0.7514039220623042,-0.39066229015377507,942.0,0.38581038049974087,0.6395391006310684,7.703239476392214,0.0,3.0,5.0,2.0,0.0,0.0,0.9301772310541636,0.4365857380965059,1.0,0.4117647058823529,0.0,0.9304843140568945,0.9304843140568945,0.0,0.9304843140568945,0.9304843140568945,0.0,2134.0,0.024090911562103738,0.003936027922560911,1.1197913263106587,0.005528782837900039,0.008883352052174347,0.1765834349280598,0.13642792469134146,1.0,1.0,42,0.4117647058823529,0.8304304182743979,0.4365857380965059,-0.04781590928329896,-0.11971348784286606,-0.006317622954691793,-0.01995881964757318,-0.3838172625861054
G32,G32__mom_12_1__top20__monthly__long_only,long_only,mom_12_1,20,monthly,base,5.0,0.0,True,,True,True,0,0,2134.0,2.177926827853944,0.14629716155694195,0.27716789073692166,0.6320676411638201,0.5315420757067999,0.7318337868469892,-0.3950853499677366,1050.0,0.37029254961969316,0.6395391006310684,7.703239476392214,0.03996643477461743,3.0,5.0,2.0,0.0,0.0,0.9301772310541636,0.4365857380965059,1.0,0.4117647058823529,0.0,0.9304843140568945,0.9304843140568945,0.0,0.9304843140568945,0.9304843140568945,0.0,2134.0,0.020234992251093827,7.599786410180748e-05,1.1197620150095824,0.0016774054262112801,0.005031140697337972,0.17657810530414217,0.11459513746758473,1.0,1.0,42,0.4117647058823529,0.8304304182743979,0.4365857380965059,-0.04740288664132736,-0.12000028245803684,-0.009394832901778505,-0.019959778812367546,-0.3838172625861054
G32,G32__mom_12_1__top20__monthly__long_only,long_only,mom_12_1,20,monthly,base,10.0,0.0,True,,False,True,0,0,2134.0,2.075892435241131,0.14188819719237156,0.2771653634241721,0.6181614234792423,0.5176343109315347,0.712275623755998,-0.3994780913340853,1054.0,0.35518392690454165,0.6395391006310684,7.703239476392214,0.07849236571527186,3.0,5.0,2.0,0.0,0.0,0.9301772310541636,0.4365857380965059,1.0,0.4117647058823529,0.0,0.9304843140568945,0.9304843140568945,0.0,0.9304843140568945,0.9304843140568945,0.0,2134.0,0.01637907294008404,-0.0037705609378553815,1.1197327037085072,-0.0021739719854774785,0.00117892934250157,0.17658025065800315,0.09275710550330274,1.0,1.0,42,0.4117647058823529,0.8304304182743979,0.4365857380965059,-0.046992168683729935,-0.12028575185999646,-0.009123870754850605,-0.019960804477639316,-0.3838172625861054
G32,G32__mom_12_1__top20__monthly__long_only,long_only,mom_12_1,20,monthly,base,20.0,0.0,True,,False,True,0,0,2134.0,1.881445802596056,0.13311639726487057,0.2771745954061343,0.5903177985401571,0.489792776502549,0.6731977901256353,-0.4081734000725473,1225.0,0.32612707550568193,0.6395391006310684,7.703239476392214,0.15141866344379307,3.0,5.0,2.0,0.0,0.0,0.9301772310541636,0.4365857380965059,1.0,0.4117647058823529,0.0,0.9304843140568945,0.9304843140568945,0.0,0.9304843140568945,0.9304843140568945,0.0,2134.0,0.008667234318064328,-0.011423433909855334,1.1196740811063552,-0.009876726808854996,-0.006525493367171261,0.17660696426027658,0.049076401683066644,1.0,1.0,42,0.4117647058823529,0.8304304182743979,0.4365857380965059,-0.04617760614258623,-0.12085250468232417,-0.008591924775016135,-0.019963055091437865,-0.38381726258610716
G32,G32__mom_12_1__top20__monthly__long_short,long_short,mom_12_1,20,monthly,base,0.0,0.0,True,,False,True,0,0,2134.0,0.7266851002885759,0.06662571206470846,0.1501708277388205,0.5048158985242143,0.31931236281795794,0.4379951148107253,-0.29549806563266034,1069.0,0.2254691986631555,0.6580613540666925,7.926339758636488,0.0,7.0,33.0,6.0,0.0,0.0,0.9134118486737928,0.3178061248742466,1.0,0.24509803921568626,0.0,0.00032809880563004973,0.458978595452753,0.458650496647123,0.917629092099876,0.00032809880563004973,0.0,2134.0,-0.07914524131624598,-0.06943259643792482,-0.006743929051133884,0.07685361919303096,0.04881180391249231,0.24468408682297782,-0.32345888261015265,1.0,0.0,25,0.24509803921568626,0.6467203425890752,0.3178061248742466,0.011792927254272965,0.09001815419497283,0.13531530940026548,-0.04479580580582848,-0.60504266713144
G32,G32__mom_12_1__top20__monthly__long_short,long_short,mom_12_1,20,monthly,base,0.0,0.01,True,,False,True,0,0,2134.0,0.661365834703477,0.061779472685460135,0.15019836130331635,0.4744257420678319,0.28894848219822344,0.395829598166194,-0.30025982868534895,1138.0,0.20575337352303844,0.6582182262550273,7.928229281939655,0.0,7.0,33.0,6.0,0.0,0.0,0.9134118486737928,0.3178061248742466,1.0,0.24509803921568626,0.0,0.00032801112662344834,0.4590737633304087,0.4587457522037853,0.9178195155341939,0.00032801112662344834,0.04060054894434355,2134.0,-0.08369589363464547,-0.073660651645274,-0.006756707550007777,0.0723049469523909,0.04426267014834139,0.24470290894891142,-0.3420306444012046,1.0,0.0,25,0.24509803921568626,0.6467203425890752,0.3178061248742466,0.012221304098336633,0.08537556791923223,0.13608625735151114,-0.04481029783415616,-0.6053658414886778
G32,G32__mom_12_1__top20__monthly__long_short,long_short,mom_12_1,20,monthly,base,0.0,0.03,True,,False,True,0,0,2134.0,0.539713684025035,0.05228754336185393,0.15025274101162328,0.41453315925532125,0.22910804772923973,0.31304986428725856,-0.309554987575124,1204.0,0.16891197189696253,0.6585304899249831,7.9319904934544345,0.0,7.0,33.0,6.0,0.0,0.0,0.9134118486737928,0.3178061248742466,1.0,0.24509803921568626,0.0,0.0003278377188605311,0.4592614699574658,0.4589336322386052,0.918195102196071,0.0003278377188605311,0.11599808829291214,2134.0,-0.0926691192350239,-0.08194179462312567,-0.006781892803973867,0.06333562390439643,0.03529243732585351,0.24474008019292787,-0.37864300429244413,1.0,0.0,25,0.24509803921568626,0.6467203425890752,0.3178061248742466,0.01305367579271803,0.07622314982398434,0.13754494001157347,-0.044838825089587225,-0.6060051749461897
G32,G32__mom_12_1__top20__monthly__long_short,long_short,mom_12_1,20,monthly,base,5.0,0.0,True,,False,True,0,0,2134.0,0.6696870209962829,0.062406091153573096,0.15017400168332717,0.4784080615111951,0.2929018786170777,0.4012424767657559,-0.3000948891566312,1129.0,0.20795452841251466,0.6580613540666925,7.926339758636488,0.03521049274905876,7.0,33.0,6.0,0.0,0.0,0.9134118486737928,0.3178061248742466,1.0,0.24509803921568626,0.0,0.00032809880563004973,0.458978595452753,0.458650496647123,0.917629092099876,0.00032809880563004973,0.0,2134.0,-0.08310940961864419,-0.07311396435440769,-0.006705033851790801,0.0728834239292559,0.04484264159215123,0.24468018145198805,-0.3396654732126402,1.0,0.0,25,0.24509803921568626,0.6467203425890752,0.3178061248742466,0.012064168223415793,0.08549804285602783,0.13552845562500643,-0.044787290715601225,-0.60504266713144
G32,G32__mom_12_1__top20__monthly__long_short,long_short,mom_12_1,20,monthly,base,5.0,0.01,True,,True,True,0,0,2134.0,0.6065110943976073,0.05757802419151359,0.15020155809605565,0.4480175274830272,0.2625377054934259,0.3591791767506567,-0.30482662040786923,1160.0,0.18888778189540031,0.6582182262550273,7.928229281939655,0.0345437699006524,7.0,33.0,6.0,0.0,0.0,0.9134118486737928,0.3178061248742466,1.0,0.24509803921568626,0.0,0.00032801112662344834,0.4590737633304087,0.4587457522037853,0.9178195155341939,0.00032801112662344834,0.039877363341575794,2134.0,-0.08766093197105054,-0.07732616521014227,-0.0067177609134407325,0.06833387368421241,0.04029263122450964,0.2446990105199064,-0.3582398301684971,1.0,0.0,25,0.24509803921568626,0.6467203425890752,0.3178061248742466,0.012489417936647491,0.08085640393888041,0.13628441314634965,-0.04480176282498324,-0.6053658414886778
G32,G32__mom_12_1__top20__monthly__long_short,long_short,mom_12_1,20,monthly,base,5.0,0.03,True,,False,True,0,0,2134.0,0.48885191745877665,0.04812168247929405,0.15025598222415706,0.38812412634500487,0.20269661954006618,0.27659995007140453,-0.31406317887398194,1208.0,0.15322293639077922,0.6585304899249831,7.9319904934544345,0.03327873493465085,7.0,33.0,6.0,0.0,0.0,0.9134118486737928,0.3178061248742466,1.0,0.24509803921568626,0.0,0.0003278377188605311,0.4592614699574658,0.4589336322386052,0.918195102196071,0.0003278377188605311,0.11395720029560112,2134.0,-0.09663589082448212,-0.08557626011672564,-0.006742845015410816,0.059362801709272286,0.031320652230475816,0.24473619511884506,-0.3948573719451481,1.0,0.0,25,0.24509803921568626,0.6467203425890752,0.3178061248742466,0.01331568877125025,0.0717058656032526,0.13771418219300124,-0.04483025113628902,-0.6060051749461897
G32,G32__mom_12_1__top20__monthly__long_short,long_short,mom_12_1,20,monthly,base,10.0,0.0,True,,False,True,0,0,2134.0,0.6145506887242516,0.05820163341812212,0.15018639423943522,0.45197359638372425,0.26647618068836565,0.36456946551313457,-0.30466353865609075,1147.0,0.19103576908105532,0.6580613540666925,7.926339758636488,0.06922100392340903,7.0,33.0,6.0,0.0,0.0,0.9134118486737928,0.3178061248742466,1.0,0.24509803921568626,0.0,0.00032809880563004973,0.458978595452753,0.458650496647123,0.917629092099876,0.00032809880563004973,0.0,2134.0,-0.08707357792104228,-0.07678210330325307,-0.006666138652447729,0.0689132286654809,0.040873479271810245,0.2446819343588707,-0.35586435160894636,1.0,0.0,25,0.24509803921568626,0.6467203425890752,0.3178061248742466,0.012333155050889222,0.08097154027795025,0.13573123996593767,-0.04477755190744359,-0.60504266713144
G32,G32__mom_12_1__top20__monthly__long_short,long_short,mom_12_1,20,monthly,base,10.0,0.01,True,,False,True,0,0,2134.0,0.5534485125729709,0.053391677150569805,0.15021397593597755,0.4215845559728663,0.23611358648634284,0.32261015299171286,-0.3093654158792274,1173.0,0.1725845049577658,0.6582182262550273,7.928229281939655,0.06791782242784454,7.0,33.0,6.0,0.0,0.0,0.9134118486737928,0.3178061248742466,1.0,0.24509803921568626,0.0,0.00032801112662344834,0.4590737633304087,0.4587457522037853,0.9178195155341939,0.00032801112662344834,0.03917079546280247,2134.0,-0.09162597030745574,-0.08097850365673732,-0.0066788142768738,0.0643628004160338,0.03632259230067779,0.2447007724681591,-0.3744408707143672,1.0,0.0,25,0.24509803921568626,0.6467203425890752,0.3178061248742466,0.012755294055175906,0.07633166444628445,0.1364723761041013,-0.044792003895971766,-0.6053658414886778
G32,G32__mom_12_1__top20__monthly__long_short,long_short,mom_12_1,20,monthly,base,10.0,0.03,True,,False,True,0,0,2134.0,0.43965263025997126,0.04397080220266436,0.1502684493543429,0.3616940247466044,0.17627553777411528,0.2402348901445775,-0.3185437206465046,1218.0,0.13803694548874748,0.6585304899249831,7.9319904934544345,0.06544492264707079,7.0,33.0,6.0,0.0,0.0,0.9134118486737928,0.3178061248742466,1.0,0.24509803921568626,0.0,0.0003278377188605311,0.4592614699574658,0.4589336322386052,0.918195102196071,0.0003278377188605311,0.11196294470607655,2134.0,-0.10060266241394011,-0.08919765592392322,-0.006703797226847805,0.055389979514148396,0.02734886713509838,0.2447379746059657,-0.4110627399606168,1.0,0.0,25,0.24509803921568626,0.6467203425890752,0.3178061248742466,0.013575496112264562,0.06718461386993019,0.13787355896251158,-0.044820452854491905,-0.6060051749461897
G32,G32__mom_12_1__top20__monthly__long_short,long_short,mom_12_1,20,monthly,base,20.0,0.0,True,,False,True,0,0,2134.0,0.5096245251011662,0.049838011294625284,0.1502388243646572,0.3990443108233506,0.2135986469236598,0.2914803085793383,-0.31371696189648823,1206.0,0.15886297952569575,0.6580613540666925,7.926339758636488,0.13380204058934472,7.0,33.0,6.0,0.0,0.0,0.9134118486737928,0.3178061248742466,1.0,0.24509803921568626,0.0,0.00032809880563004973,0.458978595452753,0.458650496647123,0.917629092099876,0.00032809880563004973,0.0,2134.0,-0.09500191452583862,-0.08407886545308996,-0.00658834825376159,0.06097283813793081,0.03293515463112813,0.24470241412735097,-0.3882344800913839,1.0,0.0,25,0.24509803921568626,0.6467203425890752,0.3178061248742466,0.012864414160554782,0.0719080805056348,0.13610624307977498,-0.04475441167007052,-0.60504266713144
G32,G32__mom_12_1__top20__monthly__long_short,long_short,mom_12_1,20,monthly,base,20.0,0.01,True,,False,True,0,0,2134.0,0.45246995443778637,0.04506409200052497,0.15026646391563597,0.36866386703675647,0.18324482046980364,0.24973445594081758,-0.31835966044762,1217.0,0.1415508859921636,0.6582182262550273,7.928229281939655,0.1313122350253632,7.0,33.0,6.0,0.0,0.0,0.9134118486737928,0.3178061248742466,1.0,0.24509803921568626,0.0,0.00032801112662344834,0.4590737633304087,0.4587457522037853,0.9178195155341939,0.00032801112662344834,0.03780584926471972,2134.0,-0.09955604698026607,-0.08824382569366689,-0.006600921003739812,0.05642065387967665,0.028382514453014093,0.24472127661462156,-0.40681402270160366,1.0,0.0,25,0.24509803921568626,0.6467203425890752,0.3178061248742466,0.013280380732319672,0.06727417359746585,0.136818237449579,-0.04476882282814024,-0.6053658414886778
G32,G32__mom_12_1__top20__monthly__long_short,long_short,mom_12_1,20,monthly,base,20.0,0.03,True,,False,True,0,0,2134.0,0.34602815855426305,0.03571378951288473,0.15032105048695124,0.30879013225440555,0.12342390394398335,0.16777789931986056,-0.3274224903194578,1483.0,0.10907555396710743,0.6585304899249831,7.9319904934544345,0.12658663707289738,7.0,33.0,6.0,0.0,0.0,0.9134118486737928,0.3178061248742466,1.0,0.24509803921568626,0.0,0.0003278377188605311,0.4592614699574658,0.4589336322386052,0.918195102196071,0.0003278377188605311,0.10810967669899499,2134.0,-0.1085362055928568,-0.09640140769269863,-0.0066257016497216735,0.04744433512389985,0.019405296944342756,0.24475852637632242,-0.44344198014160147,1.0,0.0,25,0.24509803921568626,0.6467203425890752,0.3178061248742466,0.01408854093329143,0.058138913840795656,0.13816321829070322,-0.04479719188835116,-0.6060051749461897
G32,G32__mom_12_1__top20__weekly__long_only,long_only,mom_12_1,20,weekly,base,0.0,0.0,True,,False,True,1,0,2134.0,2.514604549462695,0.1600094131686829,0.2683189720163845,0.6885178101439087,0.5846783715868741,0.7947280433188436,-0.36969994106478987,528.0,0.43280886847812955,0.17333530434191077,9.088163323433792,0.0,4.0,1.0,1.0,2.0,0.0,0.9316929701946972,0.4415404950491261,1.0,0.39414414414414417,0.0,0.9319490122674771,0.9319490122674771,0.0,0.9319490122674771,0.9319490122674771,0.0,2134.0,0.029788528379442077,0.01203912066809646,1.0436219868027103,0.023029133027748932,0.02425957392667523,0.17877407791095062,0.166626664936737,1.0,1.0,175,0.39414414414414417,0.8266953072368317,0.4415404950491261,-0.05754156074424441,-0.13643322638079758,0.020163989197904908,-0.026792922596292124,-0.42023545179055866
G32,G32__mom_12_1__top20__weekly__long_only,long_only,mom_12_1,20,weekly,base,5.0,0.0,True,,False,True,1,0,2134.0,2.3819117548864917,0.15474945477973634,0.26835611423509254,0.6715196038383668,0.5676936915975096,0.7710693723828789,-0.3700607559230902,529.0,0.41817310347790015,0.17333530434191077,9.088163323433792,0.04790034237393759,4.0,1.0,1.0,2.0,0.0,0.9316929701946972,0.4415404950491261,1.0,0.39414414414414417,0.0,0.9319490122674771,0.9319490122674771,0.0,0.9319490122674771,0.9319490122674771,0.0,2134.0,0.025252528865409147,0.0074501202666601655,1.0438131714164687,0.018463508719334245,0.019699227875177083,0.17879044855693518,0.14124092796471488,1.0,1.0,175,0.39414414414414417,0.8266953072368317,0.4415404950491261,-0.05702592729331846,-0.1372838738917468,0.020064224031386135,-0.026766531410753747,-0.42023545179055866
G32,G32__mom_12_1__top20__weekly__long_only,long_only,mom_12_1,20,weekly,base,10.0,0.0,True,,True,True,1,0,2134.0,2.2541934415636176,0.14951187498516916,0.26839768989437124,0.6545152906265918,0.5507046224212337,0.7474413790664096,-0.37042144630369434,529.0,0.4036264003531537,0.17333530434191077,9.088163323433792,0.09374972685846261,4.0,1.0,1.0,2.0,0.0,0.9316929701946972,0.4415404950491261,1.0,0.39414414414414417,0.0,0.9319490122674771,0.9319490122674771,0.0,0.9319490122674771,0.9319490122674771,0.0,2134.0,0.02071652935137657,0.002880643855909271,1.0440043560302275,0.013897884410919836,0.015138881823679373,0.1788134800492342,0.1158555235638416,1.0,1.0,175,0.39414414414414417,0.8266953072368317,0.4415404950491261,-0.05651362010655894,-0.13812969869046776,0.019964535516753756,-0.026740157140034138,-0.42023545179055866
G32,G32__mom_12_1__top20__weekly__long_only,long_only,mom_12_1,20,weekly,base,20.0,0.0,True,,False,True,1,0,2134.0,2.0129464268878166,0.13910349472429484,0.26849413307693354,0.620491744335127,0.5167167080137132,0.7002796995882041,-0.37114245372404886,579.0,0.3747981221995175,0.17333530434191077,9.088163323433792,0.17962637402024867,4.0,1.0,1.0,2.0,0.0,0.9316929701946972,0.4415404950491261,1.0,0.39414414414414417,0.0,0.9319490122674771,0.9319490122674771,0.0,0.9319490122674771,0.9319490122674771,0.0,2134.0,0.011644530323310545,-0.006200047979185213,1.044386725257744,0.004766635794090358,0.006018189720683024,0.17887951453735113,0.06509705906474325,1.0,1.0,175,0.39414414414414417,0.8266953072368317,0.4415404950491261,-0.05549891275034197,-0.13980642244466945,0.019765388372090853,-0.02668746484923118,-0.42023545179055866
G32,G32__mom_12_1__top20__weekly__long_short,long_short,mom_12_1,20,weekly,base,0.0,0.0,True,,False,True,7,0,2134.0,0.6253907471242719,0.05903814552404896,0.15491282970323159,0.4479735127380832,0.26815526131514955,0.36576207352410894,-0.3876333858651717,1464.0,0.1523040782265949,0.18446951918687834,9.67194262548334,0.0,7.0,29.0,5.0,10.0,2.0,0.9180606726540529,0.3529870264299359,1.0,0.25,0.0,0.0003384326894905053,0.45956178860608893,0.45922335591659835,0.9187851445226872,0.0003384326894905053,0.0,2134.0,-0.08555701816299054,-0.07605229631505273,-0.04639849938397092,0.07658647119121821,0.047445640597183106,0.25345090286779604,-0.33756840948251987,1.0,0.0,111,0.25,0.6722426906162116,0.3529870264299359,0.008922110337632058,0.061724977390668956,0.11547954147175177,-0.03972615810831032,-0.7763316681675079
G32,G32__mom_12_1__top20__weekly__long_short,long_short,mom_12_1,20,weekly,base,0.0,0.01,True,,False,True,7,0,2134.0,0.5637312536184347,0.054212678397646874,0.15492145855976658,0.41847350269500283,0.2386560090977748,0.32511895776784727,-0.3925922617717089,1481.0,0.13808901416699693,0.18448321926919242,9.672660936078445,0.0,7.0,29.0,5.0,10.0,2.0,0.9180606726540529,0.3529870264299359,1.0,0.25,0.0,0.00033848215510808336,0.45958776139073404,0.4592492792356259,0.9188370406263601,0.00033848215510808336,0.03884699042317602,2134.0,-0.09012333724721942,-0.08026222896902709,-0.0464103202442956,0.07202198379495652,0.042880726389455386,0.2534578943815083,-0.3555751832750751,1.0,0.0,111,0.25,0.6722426906162116,0.3529870264299359,0.009310216364190077,0.05780474094141469,0.11572583651034718,-0.03973050275241721,-0.7765016690614459
G32,G32__mom_12_1__top20__weekly__long_short,long_short,mom_12_1,20,weekly,base,0.0,0.03,True,,False,True,7,0,2134.0,0.4489634318318312,0.044765841405618456,0.15493852697093788,0.3603393313966049,0.1805236110250278,0.2453212037248409,-0.4066944751770205,1513.0,0.11007241095698038,0.18451062463175086,9.67409782980194,0.0,7.0,29.0,5.0,10.0,2.0,0.9180606726540529,0.3529870264299359,1.0,0.25,0.0,0.00033857971869952663,0.4596389585124226,0.45930037879372315,0.9189393373061456,0.00033857971869952663,0.11103083332941868,2134.0,-0.09912341743706109,-0.08850403157336019,-0.046433619862244244,0.06302551397091434,0.033883415286084705,0.2534717122999122,-0.391063036335102,1.0,0.0,111,0.25,0.6722426906162116,0.3529870264299359,0.010063889202490059,0.050078222310409204,0.11530575287753353,-0.039739009719978124,-0.7768387888377841
G32,G32__mom_12_1__top20__weekly__long_short,long_short,mom_12_1,20,weekly,base,5.0,0.0,True,,False,True,7,0,2134.0,0.5601630617378939,0.05392832538410497,0.15492208099634444,0.41673205519156875,0.23691485981476745,0.3226586429561382,-0.3929510969567408,1481.0,0.13723927939573058,0.18446951918687834,9.67194262548334,0.0410495516993636,7.0,29.0,5.0,10.0,2.0,0.9180606726540529,0.3529870264299359,1.0,0.25,0.0,0.0003384326894905053,0.45956178860608893,0.45922335591659835,0.9187851445226872,0.0003384326894905053,0.0,2134.0,-0.09039286544518237,-0.08051031003674644,-0.04621120010062091,0.07172160116159909,0.04258593072119882,0.25342934504724285,-0.35667876357543304,1.0,0.0,111,0.25,0.6722426906162116,0.3529870264299359,0.009284711107854969,0.057329865762910964,0.11562687960416795,-0.03975979923258066,-0.7763316681675079
G32,G32__mom_12_1__top20__weekly__long_short,long_short,mom_12_1,20,weekly,base,5.0,0.01,True,,False,True,7,0,2134.0,0.5009734263480092,0.04912576408640734,0.15493073336875712,0.38723375912169195,0.20741740882250032,0.2821332538933129,-0.4001436473144464,1512.0,0.12277032114870153,0.18448321926919242,9.672660936078445,0.0402760341928209,7.0,29.0,5.0,10.0,2.0,0.9180606726540529,0.3529870264299359,1.0,0.25,0.0,0.00033848215510808336,0.45958776139073404,0.4592492792356259,0.9188370406263601,0.00033848215510808336,0.03802389232481378,2134.0,-0.0949594523674793,-0.08470025871948993,-0.04622305760646475,0.0671568516056341,0.03802075332348606,0.25343635717069285,-0.3746875682225925,1.0,0.0,111,0.25,0.6722426906162116,0.3529870264299359,0.00966901548845274,0.05340575586777482,0.11542129040450955,-0.03976413236369447,-0.7765016690614459
G32,G32__mom_12_1__top20__weekly__long_short,long_short,mom_12_1,20,weekly,base,5.0,0.03,True,,False,True,7,0,2134.0,0.3908031623472936,0.039723763981007076,0.15494784802274716,0.3291029356309996,0.14928853033430203,0.2025665142688742,-0.4140717080837062,1524.0,0.09593450411003875,0.18451062463175086,9.67409782980194,0.03880920607892314,7.0,29.0,5.0,10.0,2.0,0.9180606726540529,0.3529870264299359,1.0,0.25,0.0,0.00033857971869952663,0.4596389585124226,0.45930037879372315,0.9189393373061456,0.00033857971869952663,0.10870827100223847,2134.0,-0.10396007099935159,-0.09290294381081093,-0.04624642850822837,0.05815985438526376,0.029022912819607154,0.2534502155150623,-0.4101794539337188,1.0,0.0,111,0.25,0.6722426906162116,0.3529870264299359,0.010415276455529275,0.04567162594277903,0.11497536763020322,-0.03977261666315393,-0.7768387888377841
G32,G32__mom_12_1__top20__weekly__long_short,long_short,mom_12_1,20,weekly,base,10.0,0.0,True,,False,True,7,0,2134.0,0.49753600053957925,0.048841754507361834,0.15493937213266898,0.38547432524012704,0.20566755840428497,0.27967999761378226,-0.4004995407087074,1512.0,0.12195208618949596,0.18446951918687834,9.67194262548334,0.08042269871600644,7.0,29.0,5.0,10.0,2.0,0.9180606726540529,0.3529870264299359,1.0,0.25,0.0,0.0003384326894905053,0.45956178860608893,0.45922335591659835,0.9187851445226872,0.0003384326894905053,0.0,2134.0,-0.09522871272737415,-0.0849480401610674,-0.046023900817270896,0.06685673113198001,0.0377262208452146,0.2534127013010601,-0.37578508195704163,1.0,0.0,111,0.25,0.6722426906162116,0.3529870264299359,0.009643586619813738,0.05292155342139318,0.11532269425294628,-0.03979242815905573,-0.7763316681675079
G32,G32__mom_12_1__top20__weekly__long_short,long_short,mom_12_1,20,weekly,base,10.0,0.01,True,,True,True,7,0,2134.0,0.4407179329813671,0.04406199659505772,0.15494804807324963,0.35597928371145954,0.17617344962589956,0.23927353206453336,-0.4076032429966976,1513.0,0.10810021105601142,0.18448321926919242,9.672660936078445,0.07891835441080325,7.0,29.0,5.0,10.0,2.0,0.9180606726540529,0.3529870264299359,1.0,0.25,0.0,0.00033848215510808336,0.45958776139073404,0.4592492792356259,0.9188370406263601,0.00033848215510808336,0.03722355535575471,2134.0,-0.09979556748773948,-0.08911809424826732,-0.04603579496863414,0.06229171941631141,0.03316078025751646,0.2534197342103174,-0.39379556528505166,1.0,0.0,111,0.25,0.6722426906162116,0.3529870264299359,0.010024116210058519,0.048994187624825575,0.115103803946631,-0.039796749806286974,-0.7765016690614459
G32,G32__mom_12_1__top20__weekly__long_short,long_short,mom_12_1,20,weekly,base,10.0,0.03,True,,False,True,7,0,2134.0,0.33496224793621643,0.034704632880077746,0.15496520908400843,0.29785484344862795,0.11805112694365971,0.15994014610569407,-0.42135925367163574,1531.0,0.08236352370968215,0.18451062463175086,9.67409782980194,0.07606526441651261,7.0,29.0,5.0,10.0,2.0,0.9180606726540529,0.3529870264299359,1.0,0.25,0.0,0.00033857971869952663,0.4596389585124226,0.45930037879372315,0.9189393373061456,0.00033857971869952663,0.10644953464869694,2134.0,-0.10879672456164244,-0.09728183674757375,-0.04605923715421256,0.05329419479961286,0.02416241035312929,0.2534336333354896,-0.4292907895836376,1.0,0.0,111,0.25,0.6722426906162116,0.3529870264299359,0.010763017731646247,0.041253663195021315,0.11463280539127862,-0.03980521149650107,-0.7768387888377841
G32,G32__mom_12_1__top20__weekly__long_short,long_short,mom_12_1,20,weekly,base,20.0,0.0,True,,False,True,7,0,2134.0,0.37967575635692663,0.03873796232344051,0.1549980619210387,0.32292955628751596,0.1431717399875374,0.1941142058861135,-0.4153222034224603,1525.0,0.09327207166922584,0.18446951918687834,9.67194262548334,0.15441059132645119,7.0,29.0,5.0,10.0,2.0,0.9180606726540529,0.3529870264299359,1.0,0.25,0.0,0.0003384326894905053,0.45956178860608893,0.45922335591659835,0.9187851445226872,0.0003384326894905053,0.0,2134.0,-0.10490040729175772,-0.09376299704085465,-0.04564930225057096,0.05712699107274189,0.028006801093246145,0.25339415961917666,-0.41398115666679697,1.0,0.0,111,0.25,0.6722426906162116,0.3529870264299359,0.010350265638065011,0.044073198346155,0.11467590133441374,-0.03985463906687428,-0.7763316681675079
G32,G32__mom_12_1__top20__weekly__long_short,long_short,mom_12_1,20,weekly,base,20.0,0.01,True,,False,True,7,0,2134.0,0.32732134519061207,0.03400350557514131,0.1550067851407464,0.2934456377750346,0.11368893066586488,0.1539493341967053,-0.42225141578446534,1531.0,0.08052905047569602,0.18448321926919242,9.672660936078445,0.15156490041750723,7.0,29.0,5.0,10.0,2.0,0.9180606726540529,0.3529870264299359,1.0,0.25,0.0,0.00033848215510808336,0.45958776139073404,0.4592492792356259,0.9188370406263601,0.00033848215510808336,0.035688399279639606,2134.0,-0.10946779772825958,-0.09789352856068269,-0.045661269692972496,0.052561455037666224,0.02344083412557745,0.25340123462343833,-0.4319939399306083,1.0,0.0,111,0.25,0.6722426906162116,0.3529870264299359,0.010723325576412812,0.04014117491328578,0.1144315743307408,-0.039858937843749,-0.7765016690614459
G32,G32__mom_12_1__top20__weekly__long_short,long_short,mom_12_1,20,weekly,base,20.0,0.03,True,,False,True,7,0,2134.0,0.22987453708437422,0.024734816524232928,0.15502403917919316,0.23534305492420024,0.05558881262671546,0.07509001783918559,-0.4356695349167339,1537.0,0.05677426246698728,0.18451062463175086,9.67409782980194,0.14616637101382446,7.0,29.0,5.0,10.0,2.0,0.9180606726540529,0.3529870264299359,1.0,0.25,0.0,0.00033857971869952663,0.4596389585124226,0.45930037879372315,0.9189393373061456,0.00033857971869952663,0.1021158123036988,2134.0,-0.11847003168622344,-0.10597990769721355,-0.04568485444618096,0.04356287562831175,0.014441405420174242,0.25341521636527764,-0.4674937574208584,1.0,0.0,111,0.25,0.6722426906162116,0.3529870264299359,0.011447664237967727,0.03239151483130896,0.11391265278667984,-0.03986735451184115,-0.7768387888377841
G32,G32__mom_12_1__top50__monthly__long_only,long_only,mom_12_1,50,monthly,base,0.0,0.0,True,,False,True,0,0,2134.0,1.7363606107208334,0.12622448972548117,0.2276761945644887,0.636565463874645,0.5141683726929754,0.7068457225774409,-0.3606713049745096,421.0,0.34997097907304286,0.6041758783998795,7.277289961757499,0.0,7.0,8.0,5.0,1.0,0.0,0.9313092050216545,0.4153744731345143,1.0,0.37254901960784315,0.0,0.9311571888369864,0.9311571888369864,0.0,0.9311571888369864,0.9311571888369864,0.0,2134.0,-0.01002306024718599,-0.017436212743119805,1.0012457080848762,-0.010216087526676094,-0.010174671549357544,0.12215702920256571,-0.08205062215916653,1.0,1.0,38,0.37254901960784315,0.8156194450581253,0.4153744731345143,-0.03869586034715944,-0.125798657658848,-6.106226635438361e-16,-0.012670041503422602,-0.35376050095334577
G32,G32__mom_12_1__top50__monthly__long_only,long_only,mom_12_1,50,monthly,base,5.0,0.0,True,,True,True,0,0,2134.0,1.6533176523292665,0.12213333956802885,0.22766507982179882,0.6205942492300521,0.4981908459026808,0.6844406334747414,-0.3608615250118422,422.0,0.33844932502577235,0.6041758783998795,7.277289961757499,0.04066629277900111,7.0,8.0,5.0,1.0,0.0,0.9313092050216545,0.4153744731345143,1.0,0.37254901960784315,0.0,0.9311571888369864,0.9311571888369864,0.0,0.9311571888369864,0.9311571888369864,0.0,2134.0,-0.013666223365434568,-0.02100549757897384,1.0012140354537387,-0.013854342848389486,-0.013813838323855115,0.12214586077791208,-0.11188445747075094,1.0,1.0,38,0.37254901960784315,0.8156194450581253,0.4153744731345143,-0.038349954116507545,-0.125903985070418,-4.996003610813204e-16,-0.012672629109044986,-0.35376050095334577
G32,G32__mom_12_1__top50__monthly__long_only,long_only,mom_12_1,50,monthly,base,10.0,0.0,True,,False,True,0,0,2134.0,1.5727690241485393,0.11805572425171351,0.22765895982049478,0.6046082099215035,0.4822011841555577,0.662049664492004,-0.36105174504917437,530.0,0.32697729860199015,0.6041758783998795,7.277289961757499,0.07994909702545093,7.0,8.0,5.0,1.0,0.0,0.9313092050216545,0.4153744731345143,1.0,0.37254901960784315,0.0,0.9311571888369864,0.9311571888369864,0.0,0.9311571888369864,0.9311571888369864,0.0,2134.0,-0.01730938648368283,-0.024562974072094453,1.0011823628226006,-0.01749259817010252,-0.017453005098352358,0.1221440020800946,-0.14171294692253814,1.0,1.0,38,0.37254901960784315,0.8156194450581253,0.4153744731345143,-0.03800593383815748,-0.1260074222517341,-2.7755575615628914e-16,-0.01267531947934511,-0.35376050095334577
G32,G32__mom_12_1__top50__monthly__long_only,long_only,mom_12_1,50,monthly,base,20.0,0.0,True,,False,True,0,0,2134.0,1.418860358060884,0.10994093646909353,0.2276617053245239,0.5725958599288489,0.4501896607405487,0.6173133192838056,-0.36143218512383923,550.0,0.30418136788627154,0.6041758783998795,7.277289961757499,0.15454053348754665,7.0,8.0,5.0,1.0,0.0,0.9313092050216545,0.4153744731345143,1.0,0.37254901960784315,0.0,0.9311571888369864,0.9311571888369864,0.0,0.9311571888369864,0.9311571888369864,0.0,2134.0,-0.024595712720179762,-0.03164264308055354,1.0011190175603248,-0.024769108813529003,-0.024731338647347296,0.12216821343633447,-0.2013266137594566,1.0,1.0,38,0.37254901960784315,0.8156194450581253,0.4153744731345143,-0.037323518918743276,-0.1262084621339779,5.551115123125783e-17,-0.012681007780037001,-0.35376050095334577
G32,G32__mom_12_1__top50__monthly__long_short,long_short,mom_12_1,50,monthly,base,0.0,0.0,True,,False,True,1,0,2134.0,0.6164082435860783,0.05834532929054426,0.11308302675133595,0.5581845508058405,0.3118213398975696,0.42230118717392073,-0.20153396653619593,1061.0,0.2895061824730439,0.5818188701558565,7.008000111755454,0.0,18.0,43.0,13.0,1.0,1.0,0.9131675119469748,0.3427392765448051,1.0,0.23529411764705882,0.0,0.0002899558067962636,0.45804897145450424,0.45775901564770793,0.9158079871022122,0.0002899558067962636,0.0,2134.0,-0.09183266416238436,-0.07665673721336072,-0.018205722356656063,0.0659422454925175,0.037573767676647205,0.22572305280235883,-0.40683777320162445,1.0,0.0,24,0.23529411764705882,0.6309619257746429,0.3427392765448051,0.011453938622882555,0.11568739981755621,0.11603294464501546,-0.03454418981401523,-0.5576408188867115
G32,G32__mom_12_1__top50__monthly__long_short,long_short,mom_12_1,50,monthly,base,0.0,0.01,True,,False,True,1,0,2134.0,0.5553415529843961,0.05354318173580963,0.11310360731269907,0.5178873507197204,0.2715576566365285,0.36714584678250156,-0.20668809419600676,1126.0,0.2590530525915706,0.581954999038704,7.009639782235636,0.0,18.0,43.0,13.0,1.0,1.0,0.9131675119469748,0.3427392765448051,1.0,0.23529411764705882,0.0,0.00028990435302685326,0.45814560535357957,0.45785570100055273,0.9160013063541322,0.00028990435302685326,0.0423647735231568,2134.0,-0.09637893510532636,-0.08084632493000928,-0.018217264659885463,0.061397763074044806,0.03302885150165776,0.2257352467919826,-0.42695563264934244,1.0,0.0,24,0.23529411764705882,0.6309619257746429,0.3427392765448051,0.011877568415313934,0.10933594757093026,0.11722151576100903,-0.034554897157827016,-0.5579652144437848
G32,G32__mom_12_1__top50__monthly__long_short,long_short,mom_12_1,50,monthly,base,0.0,0.03,True,,False,True,1,0,2134.0,0.44159958368932917,0.04413742463973058,0.11314429418579301,0.4384687906904987,0.19220600064735782,0.25899158028138947,-0.21675365026067428,1180.0,0.2036294410112569,0.5822266410144206,7.01291170601437,0.0,18.0,43.0,13.0,1.0,1.0,0.9131675119469748,0.3427392765448051,1.0,0.23529411764705882,0.0,0.00028980239556461896,0.458336209316863,0.45804640692129833,0.9163826162381614,0.00028980239556461896,0.1210563030212353,2134.0,-0.10534362080816898,-0.08905228777192643,-0.018239998610984073,0.052436600084738286,0.024066833868663772,0.22575934354929458,-0.46661909603385776,1.0,0.0,24,0.23529411764705882,0.6309619257746429,0.3427392765448051,0.012700734702312484,0.09681519165941722,0.11949190467734572,-0.034575933862982675,-0.5586134619801468
G32,G32__mom_12_1__top50__monthly__long_short,long_short,mom_12_1,50,monthly,base,5.0,0.0,True,,False,True,1,0,2134.0,0.5691420858097862,0.05464278349990881,0.11308335598281757,0.5271864701841291,0.28081540633746704,0.37974464066705105,-0.2055720212768225,1117.0,0.26580846537636094,0.5818188701558565,7.008000111755454,0.03258680953217207,18.0,43.0,13.0,1.0,1.0,0.9131675119469748,0.3427392765448051,1.0,0.23529411764705882,0.0,0.0002899558067962636,0.45804897145450424,0.45775901564770793,0.9158079871022122,0.0002899558067962636,0.0,2134.0,-0.09533784737618677,-0.07988698788516355,-0.01819834423725514,0.06243591901061481,0.034067584305253654,0.22572201414090226,-0.4223684062852377,1.0,0.0,24,0.23529411764705882,0.6309619257746429,0.3427392765448051,0.011704776275550506,0.11031775090511425,0.11660962335658459,-0.03453361699158783,-0.5576408188867115
G32,G32__mom_12_1__top50__monthly__long_short,long_short,mom_12_1,50,monthly,base,5.0,0.01,True,,True,True,1,0,2134.0,0.5098505894540801,0.04985657492387108,0.11310396603657807,0.4868882380296011,0.24055089345568506,0.32474179982819384,-0.21070096295243712,1148.0,0.23662243506274588,0.581954999038704,7.009639782235636,0.03196476040587993,18.0,43.0,13.0,1.0,1.0,0.9131675119469748,0.3427392765448051,1.0,0.23529411764705882,0.0,0.00028990435302685326,0.45814560535357957,0.45785570100055273,0.9160013063541322,0.00028990435302685326,0.04170298769146402,2134.0,-0.09988487191563433,-0.0840626697922579,-0.018209852459070797,0.05789067771458985,0.029521910159976107,0.2257342174343414,-0.4424888395339866,1.0,0.0,24,0.23529411764705882,0.6309619257746429,0.3427392765448051,0.012125630347301478,0.10396855173551345,0.11778230785496019,-0.034544297553930015,-0.5579652144437848
G32,G32__mom_12_1__top50__monthly__long_short,long_short,mom_12_1,50,monthly,base,5.0,0.03,True,,False,True,1,0,2134.0,0.39941597603714474,0.040482028136557435,0.11314471053183917,0.4074675651464247,0.1611975224600041,0.21688649268634874,-0.22071734187731307,1194.0,0.18341118007419457,0.5822266410144206,7.01291170601437,0.03078439552228375,18.0,43.0,13.0,1.0,1.0,0.9131675119469748,0.3427392765448051,1.0,0.23529411764705882,0.0,0.00028980239556461896,0.458336209316863,0.45804640692129833,0.9163826162381614,0.00028980239556461896,0.11918806403472745,2134.0,-0.10885106294373813,-0.09224140349871912,-0.018232519067125627,0.048927998964957385,0.020558378558544275,0.2257583322610241,-0.4821574550696247,1.0,0.0,24,0.23529411764705882,0.6309619257746429,0.3427392765448051,0.012943384141493434,0.0914523040349559,0.12002197284963273,-0.03456528163131564,-0.5586134619801468
G32,G32__mom_12_1__top50__monthly__long_short,long_short,mom_12_1,50,monthly,base,10.0,0.0,True,,False,True,1,0,2134.0,0.5232435400221924,0.050952007796336574,0.11309321292389711,0.4961467678976702,0.24978868479615352,0.33728953177214094,-0.20959093846379018,1135.0,0.24310215016828726,0.5818188701558565,7.008000111755454,0.06418908853515208,18.0,43.0,13.0,1.0,1.0,0.9131675119469748,0.3427392765448051,1.0,0.23529411764705882,0.0,0.0002899558067962636,0.45804897145450424,0.45775901564770793,0.9158079871022122,0.0002899558067962636,0.0,2134.0,-0.09884303058998908,-0.08310696985705429,-0.01819096611785422,0.05892959252871219,0.03056140093386017,0.22572574890174776,-0.43788992204435107,1.0,0.0,24,0.23529411764705882,0.6309619257746429,0.3427392765448051,0.011953774849885274,0.10493897458897442,0.11717591897590424,-0.0345217541128935,-0.5576408188867115
G32,G32__mom_12_1__top50__monthly__long_short,long_short,mom_12_1,50,monthly,base,10.0,0.01,True,,False,True,1,0,2134.0,0.46567617736528644,0.046181690255959085,0.11311385492562763,0.45585091199751004,0.20952675122078693,0.28244284287161736,-0.21469480937178254,1161.0,0.21510389743977096,0.581954999038704,7.009639782235636,0.06296982212292147,18.0,43.0,13.0,1.0,1.0,0.9131675119469748,0.3427392765448051,1.0,0.23529411764705882,0.0,0.00028990435302685326,0.45814560535357957,0.45785570100055273,0.9160013063541322,0.00028990435302685326,0.041054520276827225,2134.0,-0.10339080872594227,-0.0872687877820344,-0.01820244025825617,0.05438359235513492,0.026014968818294463,0.22573796334251386,-0.45801249907206193,1.0,0.0,24,0.23529411764705882,0.6309619257746429,0.3427392765448051,0.012371866194594183,0.09859354296086893,0.11833285277700467,-0.034532407803307366,-0.5579652144437848
G32,G32__mom_12_1__top50__monthly__long_short,long_short,mom_12_1,50,monthly,base,10.0,0.03,True,,False,True,1,0,2134.0,0.35845376325897726,0.036838259933188455,0.11315466197639937,0.376434844398374,0.13017838455065234,0.1748935884052978,-0.2275366244218795,1207.0,0.16190035352236753,0.5822266410144206,7.01291170601437,0.06065600627444264,18.0,43.0,13.0,1.0,1.0,0.9131675119469748,0.3427392765448051,1.0,0.23529411764705882,0.0,0.00028980239556461896,0.458336209316863,0.45804640692129833,0.9163826162381614,0.00028980239556461896,0.11735720758078273,2134.0,-0.11235850507930716,-0.09542037422653642,-0.01822503952326716,0.045419397845176596,0.01704992324842488,0.22576209992351817,-0.49768541804568206,1.0,0.0,24,0.23529411764705882,0.6309619257746429,0.3427392765448051,0.013184232858114455,0.08608478869775113,0.12009517532724662,-0.03455333907657793,-0.558613461980145
G32,G32__mom_12_1__top50__monthly__long_short,long_short,mom_12_1,50,monthly,base,20.0,0.0,True,,False,True,1,0,2134.0,0.43539378853467103,0.043605631889514385,0.11314149756714607,0.4339739767595899,0.18770430076836603,0.25271857801734265,-0.2175716990519302,1186.0,0.2004195953771844,0.5818188701558565,7.008000111755454,0.12455578672965698,18.0,43.0,13.0,1.0,1.0,0.9131675119469748,0.3427392765448051,1.0,0.23529411764705882,0.0,0.0002899558067962636,0.45804897145450424,0.45775901564770793,0.9158079871022122,0.0002899558067962636,0.0,2134.0,-0.10585339701759382,-0.08951624527192253,-0.018176209879052364,0.051916939564906874,0.023549034191073126,0.2257475374398873,-0.4689016687315173,1.0,0.0,24,0.23529411764705882,0.6309619257746429,0.3427392765448051,0.012446289348646583,0.09416827995704653,0.1182777341287583,-0.03449417051860214,-0.5576408188867115
G32,G32__mom_12_1__top50__monthly__long_short,long_short,mom_12_1,50,monthly,base,20.0,0.01,True,,False,True,1,0,2134.0,0.3811272829060275,0.03886695310928223,0.11316221079770436,0.3936930888212132,0.14745774244383714,0.19819496520675775,-0.22362240538438383,1197.0,0.17380616688419012,0.581954999038704,7.009639782235636,0.12221333029561371,18.0,43.0,13.0,1.0,1.0,0.9131675119469748,0.3427392765448051,1.0,0.23529411764705882,0.0,0.00028990435302685326,0.45814560535357957,0.45785570100055273,0.9160013063541322,0.00028990435302685326,0.0397963674343136,2134.0,-0.1104026823465582,-0.09365046026313956,-0.01818761585662692,0.04736942163622501,0.019001086134931143,0.22575977970248026,-0.48902724166392025,1.0,0.0,24,0.23529411764705882,0.6309619257746429,0.3427392765448051,0.012858894022974833,0.08783491488784673,0.11934569105403786,-0.034504770223815234,-0.5579652144437866
G32,G32__mom_12_1__top50__monthly__long_short,long_short,mom_12_1,50,monthly,base,20.0,0.03,True,,False,True,1,0,2134.0,0.28005455597324924,0.029585475196247657,0.11320315769312086,0.3143063676664584,0.06813952264824949,0.09127885509917329,-0.24119838464139098,1468.0,0.12266033721674695,0.5822266410144206,7.01291170601437,0.11776722743670445,18.0,43.0,13.0,1.0,1.0,0.9131675119469748,0.3427392765448051,1.0,0.23529411764705882,0.0,0.00028980239556461896,0.458336209316863,0.45804640692129833,0.9163826162381614,0.00028980239556461896,0.11380435950424325,2134.0,-0.11937338935044556,-0.10174799692014733,-0.018210080435550294,0.03840219560561472,0.010033012628185808,0.22578397084038812,-0.5287062181877976,1.0,0.0,24,0.23529411764705882,0.6309619257746429,0.3427392765448051,0.013660562126463657,0.07535007963026859,0.12052114177072304,-0.03452559541889502,-0.5586134619801468
G32,G32__mom_12_1__top50__weekly__long_only,long_only,mom_12_1,50,weekly,base,0.0,0.0,True,,False,True,2,0,2134.0,1.4138165120941122,0.10966737389538994,0.21679706326102957,0.5892417867321357,0.4606976007527892,0.620530649752882,-0.32115742785230583,414.0,0.3414754397205593,0.15981667779455014,8.379366656549497,0.0,9.0,7.0,4.0,5.0,0.0,0.9322436162954516,0.43232315057061654,1.0,0.38738738738738737,0.0,0.9323764642838122,0.9323764642838122,0.0,0.9323764642838122,0.9323764642838122,0.0,2134.0,-0.027207973739134746,-0.031881310132214555,0.9234431822487144,-0.015345199116125002,-0.01747424014295831,0.125764079243761,-0.216341374283822,1.0,1.0,172,0.38738738738738737,0.8250939862510492,0.43232315057061654,-0.04234120898857546,-0.13969831352982964,0.020190432411399284,-0.019072437279323534,-0.3824791579603293
G32,G32__mom_12_1__top50__weekly__long_only,long_only,mom_12_1,50,weekly,base,5.0,0.0,True,,False,True,2,0,2134.0,1.3296668174266055,0.10502735133096519,0.21682840741125414,0.5698591712497838,0.4413332963261864,0.5939497082649549,-0.3215395329895744,414.0,0.32663899942397007,0.15981667779455014,8.379366656549497,0.04465928214688143,9.0,7.0,4.0,5.0,0.0,0.9322436162954516,0.43232315057061654,1.0,0.38738738738738737,0.0,0.9323764642838122,0.9323764642838122,0.0,0.9323764642838122,0.9323764642838122,0.0,2134.0,-0.03139220610255588,-0.035929453451286286,0.923593494689011,-0.019552722972774945,-0.02167761702941856,0.1257741051622256,-0.24959196538958217,1.0,1.0,172,0.38738738738738737,0.8250939862510492,0.43232315057061654,-0.0419447332703122,-0.14046731163936238,0.020074260973375613,-0.01905012640007206,-0.3824791579603293
G32,G32__mom_12_1__top50__weekly__long_only,long_only,mom_12_1,50,weekly,base,10.0,0.0,True,,True,True,2,0,2134.0,1.2484302667607032,0.10040554860911399,0.21686436353297017,0.5504704518648038,0.4219656259210632,0.5674099121862894,-0.32192150612051307,417.0,0.3118945044060729,0.15981667779455014,8.379366656549497,0.08760172976741626,9.0,7.0,4.0,5.0,0.0,0.9322436162954516,0.43232315057061654,1.0,0.38738738738738737,0.0,0.9323764642838122,0.9323764642838122,0.0,0.9323764642838122,0.9323764642838122,0.0,2134.0,-0.0355764384659765,-0.03996170104292151,0.9237438071293085,-0.023760246829424497,-0.025880993915878333,0.12579208925386223,-0.28281936230647503,1.0,1.0,172,0.38738738738738737,0.8250939862510492,0.43232315057061654,-0.04155070958697582,-0.14122992921421057,0.019958175102390008,-0.01902788318725862,-0.3824791579603293
G32,G32__mom_12_1__top50__weekly__long_only,long_only,mom_12_1,50,weekly,base,20.0,0.0,True,,False,True,2,0,2134.0,1.0942994433298248,0.0912163346909396,0.21695010222439515,0.5116796826659542,0.3832251517746087,0.5144581929080692,-0.32268505645909473,422.0,0.2826791413642753,0.15981667779455014,8.379366656549497,0.1685857404042661,9.0,7.0,4.0,5.0,0.0,0.9322436162954516,0.43232315057061654,1.0,0.38738738738738737,0.0,0.9323764642838122,0.9323764642838122,0.0,0.9323764642838122,0.9323764642838122,0.0,2134.0,-0.04394490319281881,-0.047978742859829296,0.9240444320099024,-0.03217529454272453,-0.034287747688798866,0.12585191680039748,-0.34917945081850377,1.0,1.0,172,0.38738738738738737,0.8250939862510492,0.43232315057061654,-0.040769968648612015,-0.1427355021032375,0.019726259985256955,-0.018983605685100546,-0.3824791579603293
G32,G32__mom_12_1__top50__weekly__long_short,long_short,mom_12_1,50,weekly,base,0.0,0.0,True,,False,True,12,0,2134.0,0.4461685387855412,0.04452766291392973,0.11624046409678371,0.4330886213052699,0.19340467278238493,0.25895274916060285,-0.3006586765776308,1472.0,0.1481003755513857,0.16045621622878442,8.412898369918572,0.0,16.0,37.0,9.0,15.0,5.0,0.9152793294700686,0.3413701278435069,1.0,0.22972972972972974,0.0,0.00010327597580152849,0.4578806255367222,0.45777734956092075,0.915657975097643,0.00010327597580152849,0.0,2134.0,-0.10461144031778288,-0.08871182812100639,-0.057116653742458126,0.059192868454788224,0.029744276430358426,0.23353919701197146,-0.44793953929892294,1.0,0.0,102,0.22972972972972974,0.6312159047520636,0.3413701278435069,0.013232428208600933,0.09836092170790803,0.12256288013088912,-0.032959599558770786,-0.7203985948485716
G32,G32__mom_12_1__top50__weekly__long_short,long_short,mom_12_1,50,weekly,base,0.0,0.01,True,,False,True,12,0,2134.0,0.3914703271026456,0.03978264830256828,0.11624668272845792,0.39389885518824047,0.1542137462769051,0.20614319075473397,-0.3036088990471517,1489.0,0.13103255019013746,0.16046813191521705,8.413523122647518,0.0,16.0,37.0,9.0,15.0,5.0,0.9152793294700686,0.3413701278435069,1.0,0.22972972972972974,0.0,0.0001033013562790287,0.45790700297965276,0.4578037016233738,0.9157107046030266,0.0001033013562790287,0.03998082983762514,2134.0,-0.10916442740717348,-0.09285157074750981,-0.057127309851847656,0.05464153257070838,0.025192537047951286,0.23354397243203606,-0.467425582730214,1.0,0.0,102,0.22972972972972974,0.6312159047520636,0.3413701278435069,0.01360992375340338,0.0925502511388232,0.1235014445479804,-0.032963807224219877,-0.7205718394773353
G32,G32__mom_12_1__top50__weekly__long_short,long_short,mom_12_1,50,weekly,base,0.0,0.03,True,,False,True,12,0,2134.0,0.28964176954014476,0.03049309193094296,0.11625902443704683,0.31666875906833936,0.07698207107630368,0.1025749403912082,-0.3093873278893211,1532.0,0.0985596020980259,0.16049199788923452,8.414774442282415,0.0,16.0,37.0,9.0,15.0,5.0,0.9152793294700686,0.3413701278435069,1.0,0.22972972972972974,0.0,0.00010335142293207225,0.45795899825334396,0.4578556468304119,0.915814645083756,0.00010335142293207225,0.11429654975602352,2134.0,-0.1181382616543683,-0.10095615537846976,-0.0571483121598318,0.04567095271226034,0.016221161908204454,0.23355342704941642,-0.5058297073473129,1.0,0.0,102,0.22972972972972974,0.6312159047520636,0.3413701278435069,0.01434271182346096,0.08109715090330949,0.1253115149008437,-0.03297201913218986,-0.7209153479625616
G32,G32__mom_12_1__top50__weekly__long_short,long_short,mom_12_1,50,weekly,base,5.0,0.0,True,,False,True,12,0,2134.0,0.39555482647788076,0.04014260653134172,0.11624951357733627,0.39687079118447205,0.1571926828394645,0.21010674130869397,-0.3036497532830904,1488.0,0.13220035945136127,0.16045621622878442,8.412898369918572,0.03689424954633507,16.0,37.0,9.0,15.0,5.0,0.9152793294700686,0.3413701278435069,1.0,0.22972972972972974,0.0,0.00010327597580152849,0.4578806255367222,0.45777734956092075,0.915657975097643,0.00010327597580152849,0.0,2134.0,-0.1088178262250962,-0.0925375286326861,-0.05699112703591078,0.05496703169942925,0.025521872876025118,0.23352390899622333,-0.4659815206624349,1.0,0.0,102,0.22972972972972974,0.6312159047520636,0.3413701278435069,0.013546787442222818,0.0927420993300697,0.12331258901458647,-0.03299513945114392,-0.7203985948485734
G32,G32__mom_12_1__top50__weekly__long_short,long_short,mom_12_1,50,weekly,base,5.0,0.01,True,,False,True,12,0,2134.0,0.3427674168741901,0.0354171885817145,0.11625576028052718,0.3576839215419328,0.11800485143528602,0.15747094776869833,-0.3065875619585021,1520.0,0.11552063089404899,0.16046813191521705,8.413523122647518,0.03619994828030799,16.0,37.0,9.0,15.0,5.0,0.9152793294700686,0.3413701278435069,1.0,0.22972972972972974,0.0,0.0001033013562790287,0.45790700297965276,0.4578037016233738,0.9157107046030266,0.0001033013562790287,0.039245151302053735,2134.0,-0.11337104641436584,-0.09666017433904057,-0.0570018153581168,0.05041546770697072,0.02096990447751022,0.23352870402376902,-0.48546942821567113,1.0,0.0,102,0.22972972972972974,0.6312159047520636,0.3413701278435069,0.0139209449969076,0.08692447809232762,0.12423899450676046,-0.032999330446742706,-0.7205718394773353
G32,G32__mom_12_1__top50__weekly__long_short,long_short,mom_12_1,50,weekly,base,5.0,0.03,True,,False,True,12,0,2134.0,0.24449637003375457,0.02616599166447342,0.1162681570635575,0.28045952917681816,0.04077927077143395,0.05424340579443961,-0.31333893746518815,1539.0,0.08350699046900437,0.16049199788923452,8.414774442282415,0.03488300956327136,16.0,37.0,9.0,15.0,5.0,0.9152793294700686,0.3413701278435069,1.0,0.22972972972972974,0.0,0.00010335142293207225,0.45795899825334396,0.4578556468304119,0.915814645083756,0.00010335142293207225,0.11221963826600931,2134.0,-0.12234535006504198,-0.10473129263081105,-0.05702288121025657,0.04144442829145371,0.011998067989456117,0.2335381971771962,-0.5238772566708345,1.0,0.0,102,0.22972972972972974,0.6312159047520636,0.3413701278435069,0.01464722537323112,0.07545773845665385,0.12584265438234987,-0.03300750954248369,-0.7209153479625616
G32,G32__mom_12_1__top50__weekly__long_short,long_short,mom_12_1,50,weekly,base,10.0,0.0,True,,False,True,12,0,2134.0,0.3467008477893996,0.035774899266119986,0.11626675041687454,0.3606332022749004,0.12097791127231491,0.16142595032848372,-0.3066287598576496,1520.0,0.11667170190665824,0.16045621622878442,8.412898369918572,0.07247475021021338,16.0,37.0,9.0,15.0,5.0,0.9152793294700686,0.3413701278435069,1.0,0.22972972972972974,0.0,0.00010327597580152849,0.4578806255367222,0.45777734956092075,0.915657975097643,0.00010327597580152849,0.0,2134.0,-0.11302421213240958,-0.0963480930728112,-0.05686560032936347,0.05074119494407019,0.021299469321691734,0.23351269673565345,-0.48401741623650524,1.0,0.0,102,0.22972972972972974,0.6312159047520636,0.3413701278435069,0.013858256399313085,0.08710384614243132,0.12405112928431772,-0.03302959085713997,-0.7203985948485734
G32,G32__mom_12_1__top50__weekly__long_short,long_short,mom_12_1,50,weekly,base,10.0,0.01,True,,True,True,12,0,2134.0,0.2957579296648454,0.031069001769345572,0.11627302528152585,0.32145200609761343,0.08179595315657638,0.10896641210416154,-0.3095542039976321,1532.0,0.10036691916347945,0.16046813191521705,8.413523122647518,0.07111939165493422,16.0,37.0,9.0,15.0,5.0,0.9152793294700686,0.3413701278435069,1.0,0.22972972972972974,0.0,0.0001033013562790287,0.45790700297965276,0.4578037016233738,0.9157107046030266,0.0001033013562790287,0.03852707244933164,2134.0,-0.11757766542155866,-0.10045370834672591,-0.056876320864385876,0.04618940284323256,0.01674727190706866,0.23351751155617623,-0.5035068446816399,1.0,0.0,102,0.22972972972972974,0.6312159047520636,0.3413701278435069,0.014229096716206271,0.08128046783743498,0.1249654751025483,-0.03303376516073096,-0.7205718394773335
G32,G32__mom_12_1__top50__weekly__long_short,long_short,mom_12_1,50,weekly,base,10.0,0.03,True,,False,True,12,0,2134.0,0.20092092750124557,0.021856015158684405,0.11628547732159526,0.24423878915750113,0.004581940930487985,0.006084410497097092,-0.32076069185485756,1543.0,0.06813807213189992,0.16049199788923452,8.414774442282415,0.06854827618017109,16.0,37.0,9.0,15.0,5.0,0.9152793294700686,0.3413701278435069,1.0,0.22972972972972974,0.0,0.00010335142293207225,0.45795899825334396,0.4578556468304119,0.915814645083756,0.00010335142293207225,0.11019210430477913,2134.0,-0.12655243847571518,-0.1084914904218826,-0.05689745026068124,0.037217903870647544,0.007774974070708261,0.23352704361609983,-0.5419177004773694,1.0,0.0,102,0.22972972972972974,0.6312159047520636,0.3413701278435069,0.014948909910040706,0.06980244075077179,0.12571483163642172,-0.03304191140504424,-0.7209153479625616
G32,G32__mom_12_1__top50__weekly__long_short,long_short,mom_12_1,50,weekly,base,20.0,0.0,True,,False,True,12,0,2134.0,0.25403106387003294,0.02709127385386556,0.11632576988598615,0.28812943803559565,0.048570644066151594,0.064591338639603,-0.31255074683758777,1539.0,0.08667800070221278,0.16045621622878442,8.412898369918572,0.13987888187947067,16.0,37.0,9.0,15.0,5.0,0.9152793294700686,0.3413701278435069,1.0,0.22972972972972974,0.0,0.00010327597580152849,0.4578806255367222,0.45777734956092075,0.915657975097643,0.00010327597580152849,0.0,2134.0,-0.12143698394703646,-0.1039240390320972,-0.05661454691626881,0.042289521433352004,0.012854662213024885,0.23350250161512529,-0.5200671646216329,1.0,0.0,102,0.22972972972972974,0.6312159047520636,0.3413701278435069,0.01447259404964466,0.0757823049270774,0.12549507208234023,-0.03309521401712785,-0.7203985948485734
G32,G32__mom_12_1__top50__weekly__long_short,long_short,mom_12_1,50,weekly,base,20.0,0.01,True,,False,True,12,0,2134.0,0.2065872624338676,0.02242418975008853,0.11633210132029422,0.24896790214127437,0.00940874895281789,0.012491861060031435,-0.3195780324299665,1543.0,0.07016812006627098,0.16046813191521705,8.413523122647518,0.13729589604179793,16.0,37.0,9.0,15.0,5.0,0.9152793294700686,0.3413701278435069,1.0,0.22972972972972974,0.0,0.0001033013562790287,0.45790700297965276,0.4578037016233738,0.9157107046030266,0.0001033013562790287,0.03714185931957551,2134.0,-0.12599090343594385,-0.10799579193241954,-0.05662533187692411,0.03773727311575673,0.008302006766186025,0.23350735657398772,-0.5395586044246241,1.0,0.0,102,0.22972972972972974,0.6312159047520636,0.3413701278435069,0.01483686171715263,0.0699509966823093,0.12562374757450978,-0.0330993548886238,-0.7205718394773335
G32,G32__mom_12_1__top50__weekly__long_short,long_short,mom_12_1,50,weekly,base,20.0,0.03,True,,False,True,12,0,2134.0,0.11826483223218553,0.013287178488772033,0.11634466437692972,0.17179341625437602,-0.06776574051658935,-0.08968424231635325,-0.3353695635766393,1578.0,0.039619512119905366,0.16049199788923452,8.414774442282415,0.13239483842655125,16.0,37.0,9.0,15.0,5.0,0.9152793294700686,0.3413701278435069,1.0,0.22972972972972974,0.0,0.00010335142293207225,0.45795899825334396,0.4578556468304119,0.915814645083756,0.00010335142293207225,0.10627998453561274,2134.0,-0.1349666152970621,-0.11596729004050643,-0.05664658836153078,0.028764855029034697,-0.0006712137667879901,0.23351696755018955,-0.5779734839527406,1.0,0.0,102,0.22972972972972974,0.6312159047520636,0.3413701278435069,0.015543861238306733,0.05845745708307534,0.12541586525300513,-0.033107435348595365,-0.7209153479625616
G32,G32__mom_255_0__top10__monthly__long_only,long_only,mom_255_0,10,monthly,base,0.0,0.0,True,,False,True,0,0,2134.0,3.5585806310904546,0.19618937038054374,0.31711156948144853,0.7245583351463398,0.6366982365882972,0.8854308346249564,-0.5094065241060078,1032.0,0.3851332110927511,0.6712661596473629,8.085391456221096,0.0,0.0,0.0,0.0,0.0,0.0,0.9322372167814112,0.4980363919042438,1.0,0.43137254901960786,0.0,0.9329196135522579,0.9329196135522579,0.0,0.9329196135522579,0.9329196135522579,0.0,2134.0,0.07481196818577755,0.043603978389795926,1.1577769887806317,0.05036381433640536,0.054778487133589966,0.2282935221624308,0.3277007927213496,1.0,1.0,44,0.43137254901960786,0.8429135479932711,0.4980363919042438,-0.04848153694663976,-0.09704109909805003,0.0003890615919938112,-0.022181059344599963,-0.43235326850204814
G32,G32__mom_255_0__top10__monthly__long_only,long_only,mom_255_0,10,monthly,base,5.0,0.0,True,,True,True,0,0,2134.0,3.405131750123113,0.1913623784820082,0.31709583047898304,0.7118206421344105,0.6239557129787161,0.867235101282129,-0.5141972450291928,1061.0,0.37215753357671894,0.6712661596473629,8.085391456221096,0.041068101150824654,0.0,0.0,0.0,0.0,0.0,0.9322372167814112,0.4980363919042438,1.0,0.43137254901960786,0.0,0.9329196135522579,0.9329196135522579,0.0,0.9329196135522579,0.9329196135522579,0.0,2134.0,0.0707614950163502,0.03939271546295226,1.1576632423961302,0.046330966608619385,0.05074246427718671,0.2282900069919741,0.30996317337200807,1.0,1.0,44,0.43137254901960786,0.8429135479932711,0.4980363919042438,-0.04801785228828809,-0.09723926679450867,0.0006896535885552169,-0.02218017205459083,-0.43235326850204814
G32,G32__mom_255_0__top10__monthly__long_only,long_only,mom_255_0,10,monthly,base,10.0,0.0,True,,False,True,0,0,2134.0,3.256792249674688,0.1865530234441901,0.3170848036181433,0.6990712956626322,0.6112028408093738,0.8490462426275212,-0.5189432730568082,1065.0,0.35948635068590307,0.6712661596473629,8.085391456221096,0.08048674416187854,0.0,0.0,0.0,0.0,0.0,0.9322372167814112,0.4980363919042438,1.0,0.43137254901960786,0.0,0.9329196135522579,0.9329196135522579,0.0,0.9329196135522579,0.9329196135522579,0.0,2134.0,0.06671102184692301,0.035196839646600496,1.1575494960116284,0.04229811888083363,0.04670644142078384,0.2282930377687743,0.2922166286756892,1.0,1.0,44,0.43137254901960786,0.8429135479932711,0.4980363919042438,-0.04755691950852459,-0.09743646708907028,0.0009844018529310272,-0.022179400162000318,-0.43235326850204814
G32,G32__mom_255_0__top10__monthly__long_only,long_only,mom_255_0,10,monthly,base,20.0,0.0,True,,False,True,0,0,2134.0,2.974773802591744,0.17698699268146112,0.31707688807772455,0.6735399084308579,0.5856683185938782,0.8126902385510052,-0.5283028373123205,1433.0,0.3350104905395965,0.6712661596473629,8.085391456221096,0.15461943674996212,0.0,0.0,0.0,0.0,0.0,0.9322372167814112,0.4980363919042438,1.0,0.43137254901960786,0.0,0.9329196135522579,0.9329196135522579,0.0,0.9329196135522579,0.9329196135522579,0.0,2134.0,0.05861007550806825,0.02685104757673207,1.157322003242624,0.03423242342526184,0.03863439570797761,0.22831873555840798,0.2567028735715592,1.0,1.0,44,0.43137254901960786,0.8429135479932711,0.4980363919042438,-0.046643258515610186,-0.09782783429262831,0.001556689969175129,-0.02217820262133574,-0.43235326850204814
G32,G32__mom_255_0__top10__monthly__long_short,long_short,mom_255_0,10,monthly,base,0.0,0.0,True,,False,True,0,0,2134.0,0.40539666153599097,0.041006144636143826,0.19395982922290944,0.30473260920643497,0.16108820025559845,0.21710216561328122,-0.5093627177438245,2009.0,0.08050480179974065,0.7194543010462762,8.665816941936965,0.0,4.0,28.0,4.0,0.0,0.0,0.9223355675819687,0.29698144353265166,1.0,0.22549019607843138,0.0,0.0006205419794101136,0.4644693383919195,0.4638487964125094,0.9283181348044289,0.0006205419794101136,0.0,2134.0,-0.09584797781301194,-0.09178414307018529,-0.03370801917325577,0.06432907261362067,0.0355481690201207,0.27735393200016306,-0.3455800216055909,1.0,0.0,23,0.22549019607843138,0.6555751257982958,0.29698144353265166,0.002591371753280225,-0.003114376200958946,0.06011736095470632,-0.05149015992525505,-0.6000086528226465
G32,G32__mom_255_0__top10__monthly__long_short,long_short,mom_255_0,10,monthly,base,0.0,0.01,True,,False,True,0,0,2134.0,0.35144725929023535,0.03620531860335974,0.1940032816501768,0.2808805361940402,0.13726244542671462,0.18480673986799412,-0.5175887881020966,2022.0,0.06994996691508333,0.7196382916385428,8.668033106034256,0.0,4.0,28.0,4.0,0.0,0.0,0.9223355675819687,0.29698144353265166,1.0,0.22549019607843138,0.0,0.0006199081407906563,0.4645669472559671,0.46394703911517643,0.9285139863711436,0.0006199081407906563,0.03082177463152039,2134.0,-0.10046211688003863,-0.0959725778376461,-0.033729835528412806,0.0597183140750946,0.03093671280540498,0.277387217071388,-0.36217284250046683,1.0,0.0,23,0.22549019607843138,0.6555751257982958,0.29698144353265166,0.0030047134548006407,-0.006454468362236981,0.060436227346623905,-0.05150699726537239,-0.6002857729302473
G32,G32__mom_255_0__top10__monthly__long_short,long_short,mom_255_0,10,monthly,base,0.0,0.03,True,,False,True,0,0,2134.0,0.25105531281964,0.026803163851321754,0.1940890739894482,0.23387830741895388,0.09031227063063262,0.12135482547414483,-0.5334081653035601,2038.0,0.05024888180342759,0.7200032029547638,8.672428457708177,0.0,4.0,28.0,4.0,0.0,0.0,0.9223355675819687,0.29698144353265166,1.0,0.22549019607843138,0.0,0.000618656256363702,0.4647594712970917,0.46414081504072796,0.9289002863378197,0.000618656256363702,0.08817759662884403,2134.0,-0.1095606385401794,-0.10417539784894911,-0.03377285086644581,0.050626457807735344,0.021843480888359117,0.2774529354666,-0.39488008427781945,1.0,0.0,23,0.22549019607843138,0.6555751257982958,0.29698144353265166,0.003808310083945953,-0.013037640065313189,0.060974191831678626,-0.051540174987308396,-0.6008418130975208
G32,G32__mom_255_0__top10__monthly__long_short,long_short,mom_255_0,10,monthly,base,5.0,0.0,True,,False,True,0,0,2134.0,0.3547542703258324,0.03650442130517173,0.19393941067556933,0.28239714469249017,0.13873219355339708,0.1867780165195031,-0.51762647409065,2022.0,0.07052270919740254,0.7194543010462762,8.665816941936965,0.0288525823100278,4.0,28.0,4.0,0.0,0.0,0.9223355675819687,0.29698144353265166,1.0,0.22549019607843138,0.0,0.0006205419794101136,0.4644693383919195,0.4638487964125094,0.9283181348044289,0.0006205419794101136,0.0,2134.0,-0.10018592683521865,-0.09571162854543033,-0.03371985775010719,0.05999295802462541,0.03121170331187311,0.27734122503852676,-0.3612370530969616,1.0,0.0,23,0.22549019607843138,0.6555751257982958,0.29698144353265166,0.0028903988890217336,-0.006577671296167709,0.06009026838560616,-0.05148497256887796,-0.6000086528226465
G32,G32__mom_255_0__top10__monthly__long_short,long_short,mom_255_0,10,monthly,base,5.0,0.01,True,,True,True,0,0,2134.0,0.3027366639749487,0.03172321223239005,0.19398285953301173,0.25854225728610936,0.11490364825691282,0.154542502968242,-0.5257162211359991,2024.0,0.06034284459368713,0.7196382916385428,8.668033106034256,0.02833546194284302,4.0,28.0,4.0,0.0,0.0,0.9223355675819687,0.29698144353265166,1.0,0.22549019607843138,0.0,0.0006199081407906563,0.4645669472559671,0.46394703911517643,0.9285139863711436,0.0006199081407906563,0.03024450570894685,2134.0,-0.10480109627486454,-0.09988294868371346,-0.033741625575577104,0.05538116159361764,0.026599210540777372,0.27737449949685755,-0.37783248447484574,1.0,0.0,23,0.22549019607843138,0.6555751257982958,0.29698144353265166,0.0033005343047838517,-0.009918327924003073,0.06038449029764825,-0.05150178993862428,-0.6002857729302473
G32,G32__mom_255_0__top10__monthly__long_short,long_short,mom_255_0,10,monthly,base,5.0,0.03,True,,False,True,0,0,2134.0,0.20594072001376085,0.02235947874147981,0.194068644312718,0.21153443119755552,0.06794792294718922,0.09120832213394856,-0.5412733591778487,2041.0,0.04130903241837375,0.7200032029547638,8.672428457708177,0.027354231855252435,4.0,28.0,4.0,0.0,0.0,0.9223355675819687,0.29698144353265166,1.0,0.22549019607843138,0.0,0.000618656256363702,0.4647594712970917,0.46414081504072796,0.9289002863378197,0.000618656256363702,0.08654916028852362,2134.0,-0.11390166236537212,-0.10805224843312237,-0.033784542197038546,0.046287245599377524,0.01750392161463691,0.2774401961997007,-0.41054491715896146,1.0,0.0,23,0.22549019607843138,0.6555751257982958,0.29698144353265166,0.0040978788117079085,-0.01650259089569117,0.060876445682421565,-0.051534927988275386,-0.6008418130975244
G32,G32__mom_255_0__top10__monthly__long_short,long_short,mom_255_0,10,monthly,base,10.0,0.0,True,,False,True,0,0,2134.0,0.3059175897260522,0.03202037820949655,0.19392756381635223,0.2600454819495132,0.11636633777439342,0.15650403388791273,-0.5257544719263874,2024.0,0.06090367256824746,0.7194543010462762,8.665816941936965,0.056691069983280704,4.0,28.0,4.0,0.0,0.0,0.9223355675819687,0.29698144353265166,1.0,0.22549019607843138,0.0,0.0006205419794101136,0.4644693383919195,0.4638487964125094,0.9283181348044289,0.0006205419794101136,0.0,2134.0,-0.10452387585742537,-0.09962368906844714,-0.033731696326958695,0.05565684343563015,0.026875237603625552,0.2773345127266741,-0.3768873726885859,1.0,0.0,23,0.22549019607843138,0.6555751257982958,0.29698144353265166,0.0031868884371140487,-0.010042984544186867,0.06004496241716839,-0.051478731564499364,-0.6000086528226465
G32,G32__mom_255_0__top10__monthly__long_short,long_short,mom_255_0,10,monthly,base,10.0,0.01,True,,False,True,0,0,2134.0,0.2557633347866941,0.027258713499316745,0.19397101151130194,0.2361888337164425,0.09253605530442228,0.1243296641151066,-0.5337100986863136,2035.0,0.05107400734296011,0.7196382916385428,8.668033106034256,0.05568230147107987,4.0,28.0,4.0,0.0,0.0,0.9223355675819687,0.29698144353265166,1.0,0.22549019607843138,0.0,0.0006199081407906563,0.4645669472559671,0.46394703911517643,0.9285139863711436,0.0006199081407906563,0.02968175606956757,2134.0,-0.10914007566969061,-0.10377795791445864,-0.033753415622741416,0.05104400911214055,0.022261708276149587,0.27736777887887826,-0.3934850547919996,1.0,0.0,23,0.22549019607843138,0.6555751257982958,0.29698144353265166,0.003593835766752443,-0.013383776951808021,0.06031529901913513,-0.05149552884923356,-0.6002857729302473
G32,G32__mom_255_0__top10__monthly__long_short,long_short,mom_255_0,10,monthly,base,10.0,0.03,True,,False,True,0,0,2134.0,0.16243594230059277,0.017933259079753627,0.19405679351981647,0.18917748663630202,0.04557685527330748,0.06111562791439889,-0.5490092366874126,2045.0,0.03266476751458413,0.7200032029547638,8.672428457708177,0.0537679406415102,4.0,28.0,4.0,0.0,0.0,0.9223355675819687,0.29698144353265166,1.0,0.22549019607843138,0.0,0.000618656256363702,0.4647594712970917,0.46414081504072796,0.9289002863378197,0.000618656256363702,0.08496143473076104,2134.0,-0.11824268619056494,-0.11191386145408981,-0.0337962335276314,0.04194803339101962,0.013164362340914601,0.2774334584691348,-0.4262019687280067,1.0,0.0,23,0.22549019607843138,0.6555751257982958,0.29698144353265166,0.004384963679013728,-0.019968286258979624,0.0607626807329531,-0.05152862700919572,-0.6008418130975244
G32,G32__mom_255_0__top10__monthly__long_short,long_short,mom_255_0,10,monthly,base,20.0,0.0,True,,False,True,0,0,2134.0,0.21340877352444476,0.023105082788249298,0.1939295903092557,0.21530540380619834,0.07161694107939807,0.09612057828119339,-0.5416118548739297,2041.0,0.04265985424862504,0.7194543010462762,8.665816941936965,0.10947203372017392,4.0,28.0,4.0,0.0,0.0,0.9223355675819687,0.29698144353265166,1.0,0.22549019607843138,0.0,0.0006205419794101136,0.4644693383919195,0.4638487964125094,0.9283181348044289,0.0006205419794101136,0.0,2134.0,-0.11319977390183877,-0.10740175331188184,-0.033755373480661634,0.04698461425763966,0.018202306187130438,0.27733907340462816,-0.40816381374680744,1.0,0.0,23,0.22549019607843138,0.6555751257982958,0.29698144353265166,0.0037723123298025983,-0.016974746675225222,0.05990224116137788,-0.05146308942362951,-0.6000086528226465
G32,G32__mom_255_0__top10__monthly__long_short,long_short,mom_255_0,10,monthly,base,20.0,0.01,True,,False,True,0,0,2134.0,0.16678540172447787,0.018382289975107824,0.1939730429018065,0.19144839735694744,0.04778634684464219,0.0640722582715051,-0.5493057118855289,2045.0,0.033464589166585165,0.7196382916385428,8.668033106034256,0.10755223970182697,4.0,28.0,4.0,0.0,0.0,0.9223355675819687,0.29698144353265166,1.0,0.22549019607843138,0.0,0.0006199081407906563,0.4645669472559671,0.46394703911517643,0.9285139863711436,0.0006199081407906563,0.02859821682500647,2134.0,-0.1178180344593424,-0.11152210874301012,-0.03377699571706997,0.0423697041491867,0.013586703746894399,0.2773723298672453,-0.4247649162255368,1.0,0.0,23,0.22549019607843138,0.6555751257982958,0.29698144353265166,0.004172937748989924,-0.020314523819817708,0.06012701094418893,-0.05147984620178231,-0.6002857729302473
G32,G32__mom_255_0__top10__monthly__long_short,long_short,mom_255_0,10,monthly,base,20.0,0.03,True,,False,True,0,0,2134.0,0.08003048064531715,0.009132969016972359,0.1940588337344899,0.1444362427259684,0.000826430144897313,0.0011059015295273157,-0.5641013010416562,2073.0,0.016190299508452882,0.7200032029547638,8.672428457708177,0.10390810647804935,4.0,28.0,4.0,0.0,0.0,0.9223355675819687,0.29698144353265166,1.0,0.22549019607843138,0.0,0.000618656256363702,0.4647594712970917,0.46414081504072796,0.9289002863378197,0.000618656256363702,0.08190364976800778,2134.0,-0.12692473384095052,-0.1195915903721973,-0.03381961618881686,0.03326960897430385,0.004485243793470055,0.2774379889765344,-0.4574886601116684,1.0,0.0,23,0.22549019607843138,0.6555751257982958,0.29698144353265166,0.004951738396212559,-0.026896989495955287,0.060489411522953285,-0.05151286394472701,-0.6008418130975226
G32,G32__mom_255_0__top10__weekly__long_only,long_only,mom_255_0,10,weekly,base,0.0,0.0,True,,False,True,0,0,2134.0,2.486540094891546,0.1589117174930752,0.3066151911406977,0.6355902064192949,0.5447205925562767,0.7454410724671632,-0.43813151514663207,1061.0,0.3627032340732012,0.3414202374718327,17.901043828607506,0.0,0.0,0.0,0.0,0.0,0.0,0.9333974836510011,0.5554286215438063,1.0,0.4346846846846847,0.0,0.9338214508907833,0.9338214508907833,0.0,0.9338214508907833,0.9338214508907833,0.0,2134.0,0.0399277499750639,0.01108144657192806,1.0776771492967587,0.027891375651630634,0.030073725560378295,0.2268699892973723,0.175993969492052,1.0,1.0,193,0.4346846846846847,0.846779703321474,0.5554286215438063,-0.04710415602269649,-0.10124028771464666,0.006084632439246618,-0.027085394635445237,-1.1432783979396461
G32,G32__mom_255_0__top10__weekly__long_only,long_only,mom_255_0,10,weekly,base,5.0,0.0,True,,False,True,0,0,2134.0,2.23201591510511,0.14858398160169362,0.30663809854080654,0.6063644187838464,0.515500324872912,0.7045781696284098,-0.44899872227102755,1067.0,0.3309229497361562,0.3414202374718327,17.901043828607506,0.07671334349397113,0.0,0.0,0.0,0.0,0.0,0.9333974836510011,0.5554286215438063,1.0,0.4346846846846847,0.0,0.9338214508907833,0.9338214508907833,0.0,0.9338214508907833,0.9338214508907833,0.0,2134.0,0.030980569745336268,0.0020711121458852704,1.077783094916701,0.018927778738861766,0.021113031928073202,0.22688375381380332,0.13654820684411406,1.0,1.0,193,0.4346846846846847,0.846779703321474,0.5554286215438063,-0.046001160013208586,-0.10189885950023381,0.006586216472627748,-0.02707439926521954,-1.1432783979396461
G32,G32__mom_255_0__top10__weekly__long_only,long_only,mom_255_0,10,weekly,base,10.0,0.0,True,,True,True,0,0,2134.0,1.996021482042066,0.13834599341283926,0.30666651810776757,0.5771326236102385,0.48627569064427867,0.6638132697241439,-0.4596582478119057,1486.0,0.30097576639036205,0.3414202374718327,17.901043828607506,0.1471138914029994,0.0,0.0,0.0,0.0,0.0,0.9333974836510011,0.5554286215438063,1.0,0.4346846846846847,0.0,0.9338214508907833,0.9338214508907833,0.0,0.9338214508907833,0.9338214508907833,0.0,2134.0,0.02203338951560893,-0.006860922755241329,1.0778890405366437,0.009964181826093113,0.012152338295768329,0.22690496966492574,0.09710404116818595,1.0,1.0,193,0.4346846846846847,0.846779703321474,0.5554286215438063,-0.04491406859202743,-0.10255371370935407,0.007065728541655936,-0.027063623953738514,-1.1432783979396461
G32,G32__mom_255_0__top10__weekly__long_only,long_only,mom_255_0,10,weekly,base,20.0,0.0,True,,False,True,0,0,2134.0,1.5743381256993265,0.11813622558271808,0.3067398873166309,0.518657332442958,0.42781963941916057,0.582582788221233,-0.48036986619094935,1684.0,0.2459276359682361,0.3414202374718327,17.901043828607506,0.27095079748596596,0.0,0.0,0.0,0.0,0.0,0.9333974836510011,0.5554286215438063,1.0,0.4346846846846847,0.0,0.9338214508907833,0.9338214508907833,0.0,0.9338214508907833,0.9338214508907833,0.0,2134.0,0.004139029056153644,-0.024492741455602228,1.0781009317765287,-0.007963011999444766,-0.00576904896884183,0.22696974627926605,0.018236038608691652,1.0,1.0,193,0.4346846846846847,0.846779703321474,0.5554286215438063,-0.04278683479651782,-0.10385185280115428,0.007961181378910165,-0.027042736001128997,-1.1432783979396461
G32,G32__mom_255_0__top10__weekly__long_short,long_short,mom_255_0,10,weekly,base,0.0,0.0,True,,False,True,4,0,2134.0,0.39802642794766885,0.04035997254105905,0.1934664067665518,0.30144092744410295,0.15742740466175711,0.2166151590933556,-0.48945528086489676,1520.0,0.08245895819070655,0.3566643646297369,18.70031041691284,0.0,5.0,28.0,4.0,7.0,0.0,0.9278344098478659,0.3008266844984446,1.0,0.20270270270270271,0.0,0.00025127114514174434,0.46413496072980026,0.46388368958465853,0.9280186503144587,0.00025127114514174434,0.0,2134.0,-0.0966351695683562,-0.09234788973593325,-0.09464036766319588,0.07298358361733226,0.042502489455153794,0.28499365913251107,-0.33907831445268954,1.0,0.0,90,0.20270270270270271,0.6439830885828048,0.3008266844984446,0.03344742767124935,0.12229383661499892,0.16860513025194368,-0.04791216236280629,-1.4648883488780697
G32,G32__mom_255_0__top10__weekly__long_short,long_short,mom_255_0,10,weekly,base,0.0,0.01,True,,False,True,4,0,2134.0,0.3444710547433172,0.03557223264456244,0.19347658088374015,0.2775927544528411,0.13358121409899032,0.18361307625523404,-0.49304035725716866,1521.0,0.07214872397556707,0.35668769743105,18.70153378170821,0.0,5.0,28.0,4.0,7.0,0.0,0.9278344098478659,0.3008266844984446,1.0,0.20270270270270271,0.0,0.0002513436634550455,0.46416124788161367,0.4639099042181587,0.9280711520997722,0.0002513436634550455,0.03293928850168364,2134.0,-0.10124616564370835,-0.0965249076289182,-0.09465287368197257,0.06837452539789597,0.0378929867990294,0.28500218166101676,-0.3552469846147744,1.0,0.0,90,0.20270270270270271,0.6439830885828048,0.3008266844984446,0.033664265652299644,0.11907676927916752,0.1682708791954446,-0.047918115996770955,-1.4651047857702366
G32,G32__mom_255_0__top10__weekly__long_short,long_short,mom_255_0,10,weekly,base,0.0,0.03,True,,False,True,4,0,2134.0,0.24484458142751242,0.026199893210922864,0.1934966886774067,0.23059601681952324,0.08658853100285316,0.11877672643490322,-0.5000330017868617,1539.0,0.052396328076942666,0.35673381969888934,18.70395202365011,0.0,5.0,28.0,4.0,7.0,0.0,0.9278344098478659,0.3008266844984446,1.0,0.20270270270270271,0.0,0.00025148669689093763,0.464213064454979,0.4639615777580881,0.9281746422130671,0.00025148669689093763,0.09416103331171828,2134.0,-0.11033429697656634,-0.10470171555077237,-0.09467752425486585,0.059290213766524415,0.028807799139494793,0.285019017111537,-0.3871120534156815,1.0,0.0,90,0.20270270270270271,0.6439830885828048,0.3008266844984446,0.03408342257512746,0.11273558486578895,0.167595550936547,-0.04792980281332901,-1.4655343089982402
G32,G32__mom_255_0__top10__weekly__long_short,long_short,mom_255_0,10,weekly,base,5.0,0.0,True,,False,True,4,0,2134.0,0.29158923146890103,0.030676729732976638,0.19345990974313867,0.2531068250143422,0.10907729930445097,0.14974116001082977,-0.49774004875752453,1533.0,0.061632030232553967,0.3566643646297369,18.70031041691284,0.06497402929707831,5.0,28.0,4.0,7.0,0.0,0.9278344098478659,0.3008266844984446,1.0,0.20270270270270271,0.0,0.00025127114514174434,0.46413496072980026,0.46388368958465853,0.9280186503144587,0.00025127114514174434,0.0,2134.0,-0.10598783913069663,-0.10079594233400441,-0.09449826135218933,0.06360889413319394,0.0331317198328729,0.2849708870991755,-0.37192514719516173,1.0,0.0,90,0.20270270270270271,0.6439830885828048,0.3008266844984446,0.03386662551891414,0.11569037854762967,0.1675721546149791,-0.047945036961550225,-1.4648883488780662
G32,G32__mom_255_0__top10__weekly__long_short,long_short,mom_255_0,10,weekly,base,5.0,0.01,True,,False,True,4,0,2134.0,0.24210480204936213,0.02593292447148543,0.19347012061105234,0.22925810844285902,0.08523063725363951,0.11688331141222356,-0.5012674775234401,1539.0,0.05173470379448816,0.35668769743105,18.70153378170821,0.06377802158904919,5.0,28.0,4.0,7.0,0.0,0.9278344098478659,0.3008266844984446,1.0,0.20270270270270271,0.0,0.0002513436634550455,0.46416124788161367,0.4639099042181587,0.9280711520997722,0.0002513436634550455,0.03161432072681033,2134.0,-0.110599268761842,-0.10493462987477695,-0.09451079730193189,0.0589994069958832,0.028521787416146565,0.28497943889389765,-0.38809560855027114,1.0,0.0,90,0.20270270270270271,0.6439830885828048,0.3008266844984446,0.03407790097661443,0.1124699574467005,0.16722725067251165,-0.04795096128460505,-1.4651047857702366
G32,G32__mom_255_0__top10__weekly__long_short,long_short,mom_255_0,10,weekly,base,5.0,0.03,True,,False,True,4,0,2134.0,0.15005197888061472,0.016646595088244176,0.1934903006310417,0.18226032225838643,0.038237047545371806,0.05233043750029397,-0.508147670782165,1543.0,0.03275936513222809,0.35673381969888934,18.70395202365011,0.06150933044210081,5.0,28.0,4.0,7.0,0.0,0.9278344098478659,0.3008266844984446,1.0,0.20270270270270271,0.0,0.00025148669689093763,0.464213064454979,0.4639615777580881,0.9281746422130671,0.00025148669689093763,0.09042551861533293,2134.0,-0.11968825810645795,-0.11303639915057774,-0.0945355067549947,0.04991424647646342,0.019435749210240428,0.2849963318756224,-0.419964205569818,1.0,0.0,90,0.20270270270270271,0.6439830885828048,0.3008266844984446,0.03448622084900267,0.10612220318757332,0.16653162876424887,-0.047962590245137604,-1.4655343089982367
G32,G32__mom_255_0__top10__weekly__long_short,long_short,mom_255_0,10,weekly,base,10.0,0.0,True,,False,True,4,0,2134.0,0.1932348959173662,0.02108153117880507,0.1934621705087929,0.20476020638105016,0.06072122579252028,0.0831663789883338,-0.505892298220528,1540.0,0.0416719749499235,0.3566643646297369,18.70031041691284,0.12498555637931609,5.0,28.0,4.0,7.0,0.0,0.9278344098478659,0.3008266844984446,1.0,0.20270270270270271,0.0,0.00025127114514174434,0.46413496072980026,0.46388368958465853,0.9280186503144587,0.00025127114514174434,0.0,2134.0,-0.1153405086930373,-0.10916718156461869,-0.09435615504118285,0.05423420464905541,0.02376095021059182,0.2849540591953931,-0.40476878630442076,1.0,0.0,90,0.20270270270270271,0.6439830885828048,0.3008266844984446,0.03427479469464167,0.10907031719714899,0.16651981071287147,-0.047977033439496386,-1.4648883488780697
G32,G32__mom_255_0__top10__weekly__long_short,long_short,mom_255_0,10,weekly,base,10.0,0.01,True,,True,True,4,0,2134.0,0.14751275093205973,0.016381266794344818,0.19347241843840896,0.1809120444964624,0.03687519083727543,0.050453551873312866,-0.5093629930141439,1543.0,0.03216030025544071,0.35668769743105,18.70153378170821,0.12271926558411445,5.0,28.0,4.0,7.0,0.0,0.9278344098478659,0.3008266844984446,1.0,0.20270270270270271,0.0,0.0002513436634550455,0.46416124788161367,0.4639099042181587,0.9280711520997722,0.0002513436634550455,0.03036088836626774,2134.0,-0.11995237187997605,-0.11326788228355758,-0.0943687209218912,0.04962428859387008,0.019150588033263385,0.28496264060641574,-0.4209406946282888,1.0,0.0,90,0.20270270270270271,0.6439830885828048,0.3008266844984446,0.034480592280736216,0.10584696627473793,0.16616475733098213,-0.04798292843167504,-1.4651047857702366
G32,G32__mom_255_0__top10__weekly__long_short,long_short,mom_255_0,10,weekly,base,10.0,0.03,True,,False,True,4,0,2134.0,0.06245929220337576,0.007180176565399599,0.19349267130205278,0.1339153738621165,-0.010117140773218274,-0.013814303870591146,-0.5161325173993461,1571.0,0.013911498158609713,0.35673381969888934,18.70395202365011,0.11841919084791094,5.0,28.0,4.0,7.0,0.0,0.9278344098478659,0.3008266844984446,1.0,0.20270270270270271,0.0,0.00025148669689093763,0.464213064454979,0.4639615777580881,0.9281746422130671,0.00025148669689093763,0.08689046177427714,2134.0,-0.12904221923634965,-0.12129528547423807,-0.09439348925512366,0.04053827918640232,0.010063699280985949,0.2849795918132329,-0.45281214144246534,1.0,0.0,90,0.20270270270270271,0.6439830885828048,0.3008266844984446,0.0348782403242662,0.09949347765446642,0.1654498139181786,-0.04799449950018042,-1.4655343089982367
G32,G32__mom_255_0__top10__weekly__long_short,long_short,mom_255_0,10,weekly,base,20.0,0.0,True,,False,True,4,0,2134.0,0.01837206903770272,0.0021521466997571626,0.19349296299022165,0.1080556859149542,-0.035982547568721636,-0.049057573962495486,-0.5238568645580572,2080.0,0.004108272402944999,0.3566643646297369,18.70031041691284,0.231644490673763,5.0,28.0,4.0,7.0,0.0,0.9278344098478659,0.3008266844984446,1.0,0.20270270270270271,0.0,0.00025127114514174434,0.46413496072980026,0.46388368958465853,0.9280186503144587,0.00025127114514174434,0.0,2134.0,-0.13404584781771844,-0.12568194205318603,-0.0940719424191697,0.035484825680778515,0.005019410966029833,0.28493823961707015,-0.4704382535593092,1.0,0.0,90,0.20270270270270271,0.6439830885828048,0.3008266844984446,0.035058715379248165,0.09579034421605867,0.1623118971021308,-0.048038380267670544,-1.4648883488780697
G32,G32__mom_255_0__top10__weekly__long_short,long_short,mom_255_0,10,weekly,base,20.0,0.01,True,,False,True,4,0,2134.0,-0.0206598745965495,-0.002462203452830991,0.1935032859560453,0.08421192672046535,-0.059824034186029273,-0.08147804858899338,-0.5318024705797709,2080.0,-0.004629921049721144,0.35668769743105,18.70153378170821,0.22757132184909085,5.0,28.0,4.0,7.0,0.0,0.9278344098478659,0.3008266844984446,1.0,0.20270270270270271,0.0,0.0002513436634550455,0.46416124788161367,0.4639099042181587,0.9280711520997722,0.0002513436634550455,0.02805179817984477,2134.0,-0.13865857811624394,-0.12970768772202795,-0.09408456816180996,0.03087405178984399,0.0004081892674971415,0.2849468813036197,-0.486612022149135,1.0,0.0,90,0.20270270270270271,0.6439830885828048,0.3008266844984446,0.03525380690203831,0.09256240824256912,0.1573523014284236,-0.0480442165556951,-1.4651047857702366
G32,G32__mom_255_0__top10__weekly__long_short,long_short,mom_255_0,10,weekly,base,20.0,0.03,True,,False,True,4,0,2134.0,-0.09326699795315219,-0.011495101136990038,0.19352368631943223,0.03722397652822766,-0.10680735866748796,-0.14517136038649028,-0.5470772808613102,2080.0,-0.021011841542555604,0.35673381969888934,18.70395202365011,0.21983854404493183,5.0,28.0,4.0,7.0,0.0,0.9278344098478659,0.3008266844984446,1.0,0.20270270270270271,0.0,0.00025148669689093763,0.464213064454979,0.4639615777580881,0.9281746422130671,0.00025148669689093763,0.08037471162516119,2134.0,-0.14775014149613303,-0.13758835293524346,-0.09410945425538142,0.02178634460628014,-0.008680400577522967,0.2849639510278832,-0.5184871313132373,1.0,0.0,90,0.20270270270270271,0.6439830885828048,0.3008266844984446,0.035630598601120965,0.08619996273810183,0.15256452532659215,-0.048055671766615765,-1.4655343089982402
G32,G32__mom_255_0__top20__monthly__long_only,long_only,mom_255_0,20,monthly,base,0.0,0.0,True,,False,True,0,0,2134.0,3.56527507595691,0.19639667545304929,0.27007742691879577,0.7999346489564128,0.696769175744952,0.9648612680307677,-0.3729438129365925,597.0,0.5266119684533832,0.6370955035914316,7.673806384402137,0.0,2.0,0.0,0.0,0.0,0.0,0.9364556346892877,0.47269215184795443,1.0,0.38235294117647056,0.0,0.9367715474291748,0.9367715474291748,0.0,0.9367715474291748,0.9367715474291748,0.0,2134.0,0.061090429039994426,0.0437848397180785,1.0540488413660263,0.05271535229839079,0.05423403987316967,0.17927362808840297,0.3407664010116963,1.0,1.0,39,0.38235294117647056,0.8338070445719828,0.47269215184795443,-0.0432315464042938,-0.0973707487606249,-0.0046240259434383035,-0.01791959757775574,-0.3300671786580258
G32,G32__mom_255_0__top20__monthly__long_only,long_only,mom_255_0,20,monthly,base,5.0,0.0,True,,True,True,0,0,2134.0,3.4192996280457457,0.1918142144444066,0.2700537439114,0.7857628657382077,0.6825877988661875,0.9446351768463163,-0.3772999089750766,610.0,0.5083865908302599,0.6370955035914316,7.673806384402137,0.0486710954842699,2.0,0.0,0.0,0.0,0.0,0.9364556346892877,0.47269215184795443,1.0,0.38235294117647056,0.0,0.9367715474291748,0.9367715474291748,0.0,0.9367715474291748,0.9367715474291748,0.0,2134.0,0.05724434106581006,0.039786915427952846,1.053967370240326,0.04888188858982839,0.050398273107840785,0.17925468394807845,0.3193464170921806,1.0,1.0,39,0.38235294117647056,0.8338070445719828,0.47269215184795443,-0.04286211912409871,-0.09768616555469734,-0.004371144175085884,-0.017918703308856088,-0.3300671786580258
G32,G32__mom_255_0__top20__monthly__long_only,long_only,mom_255_0,20,monthly,base,10.0,0.0,True,,False,True,0,0,2134.0,3.2779432265854487,0.1872477143743576,0.2700348317740291,0.771574964519107,0.6683921279903389,0.9244181182814769,-0.3816275301680674,610.0,0.4906556775185857,0.6370955035914316,7.673806384402137,0.09545398089335014,2.0,0.0,0.0,0.0,0.0,0.9364556346892877,0.47269215184795443,1.0,0.38235294117647056,0.0,0.9367715474291748,0.9367715474291748,0.0,0.9367715474291748,0.9367715474291748,0.0,2134.0,0.05339825309162583,0.035802916106085415,1.0538858991146254,0.045048424881266244,0.04656250634251201,0.1792429284737604,0.2979099568742143,1.0,1.0,39,0.38235294117647056,0.8338070445719828,0.47269215184795443,-0.04249474235345069,-0.09800072476124999,-0.00412143942465748,-0.017917841471295992,-0.3300671786580258
G32,G32__mom_255_0__top20__monthly__long_only,long_only,mom_255_0,20,monthly,base,20.0,0.0,True,,False,True,0,0,2134.0,3.008513546832833,0.17816239667004474,0.2700113238664064,0.7431537941567271,0.6399608949834882,0.8840142880474395,-0.3901980451188506,739.0,0.45659479563968136,0.6370955035914316,7.673806384402137,0.18361982537095503,2.0,0.0,0.0,0.0,0.0,0.9364556346892877,0.47269215184795443,1.0,0.38235294117647056,0.0,0.9367715474291748,0.9367715474291748,0.0,0.9367715474291748,0.9367715474291748,0.0,2134.0,0.04570607714325711,0.02787651754752028,1.053722956863225,0.037381497464141426,0.038890972811854156,0.1792409883158165,0.2549979085292956,1.0,1.0,39,0.38235294117647056,0.8338070445719828,0.47269215184795443,-0.04176610425400046,-0.09862703802018469,-0.0028985429760683967,-0.01791621505126878,-0.3300671786580258
G32,G32__mom_255_0__top20__monthly__long_short,long_short,mom_255_0,20,monthly,base,0.0,0.0,True,,False,True,0,0,2134.0,0.8445582457842349,0.07497589172364094,0.1604483650944766,0.5312185720334729,0.3576324545961438,0.48445459184141076,-0.3638169123564736,1008.0,0.20608138098368106,0.6519677469203761,7.852942346223687,0.0,7.0,28.0,4.0,0.0,0.0,0.9171764448980215,0.31265051583260534,1.0,0.22549019607843138,0.0,0.0011957936008485642,0.4612484363780974,0.46005264277724883,0.9213010791553463,0.0011957936008485642,0.0,2134.0,-0.06972071126275049,-0.06214756203776167,-0.046374485355349056,0.09241905702496543,0.0632803050363234,0.25686822441173546,-0.27142598669968143,1.0,0.0,23,0.22549019607843138,0.6326955382433996,0.31265051583260534,0.004498376386277647,0.058502359465765874,0.09243520470878958,-0.046283676423573006,-0.554835207177307
G32,G32__mom_255_0__top20__monthly__long_short,long_short,mom_255_0,20,monthly,base,0.0,0.01,True,,False,True,0,0,2134.0,0.7745239516578135,0.07007348666122581,0.1604810900860119,0.50265435141159,0.3290947193916109,0.44526745510824706,-0.3682243967357641,1042.0,0.19030104274027823,0.652131764873208,7.854917940159765,0.0,7.0,28.0,4.0,0.0,0.0,0.9171764448980215,0.31265051583260534,1.0,0.22549019607843138,0.0,0.001195723000843479,0.4613444753521301,0.46014875235128666,0.9214932277034169,0.001195723000843479,0.040266173716172055,2134.0,-0.07428734440233441,-0.06642461845833951,-0.04639496737953051,0.08785559765414339,0.05871618067008093,0.2568916026644019,-0.28917778406085903,1.0,0.0,23,0.22549019607843138,0.6326955382433996,0.31265051583260534,0.004943427868230613,0.05421259735198608,0.09332430512432949,-0.0462991070207259,-0.5551312215693516
G32,G32__mom_255_0__top20__monthly__long_short,long_short,mom_255_0,20,monthly,base,0.0,0.03,True,,False,True,0,0,2134.0,0.6441177263833024,0.06047175717260367,0.16054571478951019,0.4463635256651227,0.27285638827305353,0.3683131264173511,-0.37682604702901656,1059.0,0.1604765850168186,0.6524575555548521,7.858842084340168,0.0,7.0,28.0,4.0,0.0,0.0,0.9171764448980215,0.31265051583260534,1.0,0.22549019607843138,0.0,0.0011955829921330135,0.46153390086276047,0.4603383178706275,0.9218722187333881,0.0011955829921330135,0.11491282840284159,2134.0,-0.08329211136947068,-0.07480155554026696,-0.04643534471208416,0.07885708731064994,0.04971635930150543,0.2569377655381123,-0.3241723192969689,1.0,0.0,23,0.22549019607843138,0.6326955382433996,0.31265051583260534,0.005808663361913068,0.04575644637677054,0.09501731502199984,-0.04632949626821001,-0.555719486920049
G32,G32__mom_255_0__top20__monthly__long_short,long_short,mom_255_0,20,monthly,base,5.0,0.0,True,,False,True,0,0,2134.0,0.7842239603159968,0.07076256007088255,0.16043213332191877,0.5067722765234995,0.33316111167369333,0.4507793953397784,-0.3675904198817824,1042.0,0.19250382013122075,0.6519677469203761,7.852942346223687,0.03446476866446417,7.0,28.0,4.0,0.0,0.0,0.9171764448980215,0.31265051583260534,1.0,0.22549019607843138,0.0,0.0011957936008485642,0.4612484363780974,0.46005264277724883,0.9213010791553463,0.0011957936008485642,0.0,2134.0,-0.0736513052222733,-0.06582344295091051,-0.0463827715110069,0.08848974703726836,0.059350719690413695,0.2568592736985511,-0.2867379641846615,1.0,0.0,23,0.22549019607843138,0.6326955382433996,0.31265051583260534,0.004776591178045353,0.054369588238825206,0.09276153818644539,-0.04627777916904302,-0.554835207177307
G32,G32__mom_255_0__top20__monthly__long_short,long_short,mom_255_0,20,monthly,base,5.0,0.01,True,,True,True,0,0,2134.0,0.7164660785015111,0.0658783165680743,0.16046487291588465,0.4782044052531984,0.30461978901604275,0.4116724295120573,-0.371972777012073,1056.0,0.1771052094114299,0.652131764873208,7.854917940159765,0.03378126696259411,7.0,28.0,4.0,0.0,0.0,0.9171764448980215,0.31265051583260534,1.0,0.22549019607843138,0.0,0.001195723000843479,0.4613444753521301,0.46014875235128666,0.9214932277034169,0.001195723000843479,0.03954913403899639,2134.0,-0.078218853536573,-0.07008465449246956,-0.04640322034974837,0.08392536734951841,0.05478567590540033,0.25688265506266905,-0.30449254550678306,1.0,0.0,23,0.22549019607843138,0.6326955382433996,0.31265051583260534,0.005218572336190705,0.05007920061278287,0.0936374723679343,-0.04629318484486114,-0.5551312215693498
G32,G32__mom_255_0__top20__monthly__long_short,long_short,mom_255_0,20,monthly,base,5.0,0.03,True,,False,True,0,0,2134.0,0.5902999774153181,0.05631215687472224,0.1605295259802482,0.42190633090914265,0.24837433342444018,0.334875577459125,-0.3805253856190923,1071.0,0.1479852829873773,0.6524575555548521,7.858842084340168,0.03248609572198925,7.0,28.0,4.0,0.0,0.0,0.9171764448980215,0.31265051583260534,1.0,0.22549019607843138,0.0,0.0011955829921330135,0.46153390086276047,0.4603383178706275,0.9218722187333881,0.0011955829921330135,0.11289226609511652,2134.0,-0.08722543934443325,-0.07843055904662695,-0.04644353082768766,0.07492502780592024,0.04578402714570312,0.2569288236034265,-0.33949261947763026,1.0,0.0,23,0.22549019607843138,0.6326955382433996,0.31265051583260534,0.006077818573941039,0.04162183916258108,0.09530507556961737,-0.04632352497247971,-0.555719486920049
G32,G32__mom_255_0__top20__monthly__long_short,long_short,mom_255_0,20,monthly,base,10.0,0.0,True,,False,True,0,0,2134.0,0.7258428082047159,0.06656425650362441,0.1604242274318448,0.4822960017333958,0.30866880787762485,0.4171563066746356,-0.37134290029302275,1045.0,0.17925280502494934,0.6519677469203761,7.852942346223687,0.06773416188220102,7.0,28.0,4.0,0.0,0.0,0.9171764448980215,0.31265051583260534,1.0,0.22549019607843138,0.0,0.0011957936008485642,0.4612484363780974,0.46005264277724883,0.9213010791553463,0.0011957936008485642,0.0,2134.0,-0.07758189918179595,-0.06948621275456188,-0.04639105766666458,0.08456043704957139,0.05542113434450411,0.2568555237124706,-0.302044893021817,1.0,0.0,23,0.22549019607843138,0.6326955382433996,0.31265051583260534,0.005052629988218607,0.050229191016287256,0.09307957015831847,-0.04627072574850988,-0.554835207177307
G32,G32__mom_255_0__top20__monthly__long_short,long_short,mom_255_0,20,monthly,base,10.0,0.01,True,,False,True,0,0,2134.0,0.6602881120805035,0.0616981135291772,0.1604569838771723,0.4537259658218563,0.28012538394954856,0.3781311636378971,-0.3757002646182057,1058.0,0.16422163980074936,0.652131764873208,7.854917940159765,0.06639845913718512,7.0,28.0,4.0,0.0,0.0,0.9171764448980215,0.31265051583260534,1.0,0.22549019607843138,0.0,0.001195723000843479,0.4613444753521301,0.46014875235128666,0.9214932277034169,0.001195723000843479,0.03884863398712321,2134.0,-0.08215036267081165,-0.07373163266322716,-0.046411473319966236,0.07999513704489339,0.05085517114071969,0.2568789101793669,-0.3198018965957531,1.0,0.0,23,0.22549019607843138,0.6326955382433996,0.31265051583260534,0.005491556524068998,0.045938824508423154,0.09394246595188871,-0.04628610631608299,-0.5551312215693498
G32,G32__mom_255_0__top20__monthly__long_short,long_short,mom_255_0,20,monthly,base,10.0,0.03,True,,False,True,0,0,2134.0,0.5382256968268195,0.05216740410966958,0.16052166979156093,0.39742357163856146,0.22387573300693922,0.3014950258383843,-0.3842040939464336,1127.0,0.1357804482867974,0.6524575555548521,7.858842084340168,0.06386718035658889,7.0,28.0,4.0,0.0,0.0,0.9171764448980215,0.31265051583260534,1.0,0.22549019607843138,0.0,0.0011955829921330135,0.46153390086276047,0.4603383178706275,0.9218722187333881,0.0011955829921330135,0.11091806093823617,2134.0,-0.09115876731939575,-0.08204660896493984,-0.04645171694329112,0.07099296830119065,0.04185169498990091,0.25692508835032574,-0.354806795648924,1.0,0.0,23,0.22549019607843138,0.6326955382433996,0.31265051583260534,0.00634484417309248,0.03748152717826583,0.09558491009423226,-0.04631639695071746,-0.555719486920049
G32,G32__mom_255_0__top20__monthly__long_short,long_short,mom_255_0,20,monthly,base,20.0,0.0,True,,False,True,0,0,2134.0,0.6146916160715372,0.05821254032062928,0.16043339692633057,0.43326873883011335,0.2596365679337306,0.3500804228261978,-0.37878521823138045,1059.0,0.15368218589002655,0.6519677469203761,7.852942346223687,0.13084832014489928,7.0,28.0,4.0,0.0,0.0,0.9171764448980215,0.31265051583260534,1.0,0.22549019607843138,0.0,0.0011957936008485642,0.4612484363780974,0.46005264277724883,0.9213010791553463,0.0011957936008485642,0.0,2134.0,-0.08544308710084145,-0.07677258768045095,-0.046407629977980154,0.07670181707417735,0.04756196365268483,0.2568636265168364,-0.33263988467141337,1.0,0.0,23,0.22549019607843138,0.6326955382433996,0.31265051583260534,0.0055982248280364785,0.04193230813156268,0.09369108410763266,-0.04625315226317753,-0.554835207177307
G32,G32__mom_255_0__top20__monthly__long_short,long_short,mom_255_0,20,monthly,base,20.0,0.01,True,,False,True,0,0,2134.0,0.5533328615772759,0.05338241604620175,0.16046619381056784,0.40469883513731125,0.23109340337689008,0.3112243197713597,-0.3830929975887776,1127.0,0.13934584130275304,0.652131764873208,7.854917940159765,0.12829744819950442,7.0,28.0,4.0,0.0,0.0,0.9171764448980215,0.31265051583260534,1.0,0.22549019607843138,0.0,0.001195723000843479,0.4613444753521301,0.46014875235128666,0.9214932277034169,0.001195723000843479,0.03749559807508391,2134.0,-0.09001338093928883,-0.08098658341868951,-0.04642797926040214,0.07213467643564347,0.04299416161135847,0.2568870291620827,-0.35040064589051295,1.0,0.0,23,0.22549019607843138,0.6326955382433996,0.31265051583260534,0.006031088960522055,0.03764392456805707,0.09452828257284512,-0.04626848206765896,-0.5551312215693498
G32,G32__mom_255_0__top20__monthly__long_short,long_short,mom_255_0,20,monthly,base,20.0,0.03,True,,False,True,0,0,2134.0,0.43908574354750507,0.04392225005327033,0.16053095887181482,0.3483965945078683,0.17484415582852378,0.23492021236057117,-0.3940089227200524,1615.0,0.11147526748899939,0.6524575555548521,7.858842084340168,0.1234623541222045,7.0,28.0,4.0,0.0,0.0,0.9171764448980215,0.31265051583260534,1.0,0.22549019607843138,0.0,0.0011955829921330135,0.46153390086276047,0.4603383178706275,0.9218722187333881,0.0011955829921330135,0.10710409732865331,2134.0,-0.09902542326932072,-0.08924001478241278,-0.04646808917449811,0.06312884929173145,0.03398703067829652,0.25693323848066935,-0.38541305070099374,1.0,0.0,23,0.22549019607843138,0.6326955382433996,0.31265051583260534,0.006872550919187627,0.029190580881756467,0.09361227118135029,-0.046298672624770776,-0.555719486920049
G32,G32__mom_255_0__top20__weekly__long_only,long_only,mom_255_0,20,weekly,base,0.0,0.0,True,,False,True,0,0,2134.0,2.9298557709169795,0.1754084357263217,0.2596452440129808,0.7533707921216635,0.6460749454733321,0.8830193252010513,-0.358476508571133,894.0,0.4893164029785097,0.3016030971655293,15.813386755228091,0.0,2.0,0.0,0.0,0.0,0.0,0.9355291147649386,0.5007823791829907,1.0,0.40765765765765766,0.0,0.935943047690008,0.935943047690008,0.0,0.935943047690008,0.935943047690008,0.0,2134.0,0.04065528049933822,0.02547385065516526,0.9886103302249286,0.042420153825331555,0.04212023554563329,0.17729092494137588,0.2293139398577877,1.0,1.0,181,0.40765765765765766,0.8418504251692415,0.5007823791829907,-0.048594896967890794,-0.11156948850208936,0.0037842518334431086,-0.02379528019238042,-0.8878923764159516
G32,G32__mom_255_0__top20__weekly__long_only,long_only,mom_255_0,20,weekly,base,5.0,0.0,True,,False,True,0,0,2134.0,2.6753218993691905,0.16615064333924212,0.25965587979765664,0.7228841738434151,0.6155907862011011,0.8402868678344391,-0.36751805810841,939.0,0.45208837953271735,0.3016030971655293,15.813386755228091,0.08359632480570123,2.0,0.0,0.0,0.0,0.0,0.9355291147649386,0.5007823791829907,1.0,0.40765765765765766,0.0,0.935943047690008,0.935943047690008,0.0,0.935943047690008,0.935943047690008,0.0,2134.0,0.032747263497770435,0.01739697820879908,0.9887045488022621,0.03449753729127223,0.034200196671718815,0.17728693279225013,0.18471335130009053,1.0,1.0,181,0.40765765765765766,0.8418504251692415,0.5007823791829907,-0.04767307150118527,-0.11257721032110857,0.004062522920444789,-0.023780922095430035,-0.8878923764159516
G32,G32__mom_255_0__top20__weekly__long_only,long_only,mom_255_0,20,weekly,base,10.0,0.0,True,,True,True,0,0,2134.0,2.4372319321435616,0.1569640953954059,0.2596711212078457,0.6923877723223459,0.5850987583135318,0.7976544775890139,-0.37643398606803735,945.0,0.4169764187206942,0.3016030971655293,15.813386755228091,0.16086805172893714,2.0,0.0,0.0,0.0,0.0,0.9355291147649386,0.5007823791829907,1.0,0.40765765765765766,0.0,0.935943047690008,0.935943047690008,0.0,0.935943047690008,0.935943047690008,0.0,2134.0,0.024839246496202484,0.009382262295710781,0.988798767379595,0.026574920757212822,0.026280157797804123,0.17728968698745234,0.14010542247705857,1.0,1.0,181,0.40765765765765766,0.8418504251692415,0.5007823791829907,-0.046762746554487894,-0.11358057132175892,0.004332143594800941,-0.023766600640913516,-0.8878923764159516
G32,G32__mom_255_0__top20__weekly__long_only,long_only,mom_255_0,20,weekly,base,20.0,0.0,True,,False,True,0,0,2134.0,2.0062133148585604,0.1388025947911118,0.2597154174163676,0.6313721256044179,0.5240975996208398,0.7126954439545512,-0.39389583530614725,1326.0,0.35238401209098946,0.3016030971655293,15.813386755228091,0.29821829619448487,2.0,0.0,0.0,0.0,0.0,0.9355291147649386,0.5007823791829907,1.0,0.40765765765765766,0.0,0.935943047690008,0.935943047690008,0.0,0.935943047690008,0.935943047690008,0.0,2134.0,0.009023212493067007,-0.006462565248727203,0.9889872045342615,0.010729687689094389,0.010440080049975344,0.17731543238333242,0.05088791410755506,1.0,1.0,181,0.40765765765765766,0.8418504251692415,0.5007823791829907,-0.044976112867489704,-0.1155735062966815,0.004846176236060151,-0.023738070738691164,-0.8878923764159516
G32,G32__mom_255_0__top20__weekly__long_short,long_short,mom_255_0,20,weekly,base,0.0,0.0,True,,False,True,5,0,2134.0,0.5917145017681891,0.056423064014073265,0.158818545563024,0.4252264149934398,0.24982152499229493,0.3413233539886743,-0.41453903639114464,1471.0,0.13611037576889243,0.3098326559034367,16.24487169808984,0.0,7.0,28.0,4.0,8.0,1.0,0.9161402269037427,0.29541280224580685,1.0,0.21621621621621623,0.0,0.00026440159399266397,0.45840323265796595,0.45813883106397335,0.9165420637219392,0.00026440159399266397,0.0,2134.0,-0.08742002188910669,-0.07833379917338004,-0.09275857081411636,0.08190713960608802,0.05147342666161803,0.26244405341686494,-0.33309964829056016,1.0,0.0,96,0.21621621621621623,0.6121485494298105,0.29541280224580685,0.018788128862253867,0.10182658498818584,0.16064158057561773,-0.046976713007837595,-1.3685540843177755
G32,G32__mom_255_0__top20__weekly__long_short,long_short,mom_255_0,20,weekly,base,0.0,0.01,True,,False,True,5,0,2134.0,0.531479830974527,0.05162145777968563,0.15882722360537085,0.3965250983811794,0.2211213998298663,0.3017416971664409,-0.4185484833563462,1473.0,0.12333447577143855,0.30985326614881514,16.245952316241155,0.0,7.0,28.0,4.0,8.0,1.0,0.9161402269037427,0.29541280224580685,1.0,0.21621621621621623,0.0,0.0002644537371352751,0.4584291341447754,0.4581646804076401,0.9165938145524154,0.0002644537371352751,0.03797294275996535,2134.0,-0.09197488218761442,-0.08252291462027099,-0.09277039554098687,0.0773541115946837,0.04691996755843356,0.26245096407947327,-0.3504459681076399,1.0,0.0,96,0.21621621621621623,0.6121485494298105,0.29541280224580685,0.01914074370914203,0.09732482405096811,0.16060935112991626,-0.04698189565831434,-1.3687563332880437
G32,G32__mom_255_0__top20__weekly__long_short,long_short,mom_255_0,20,weekly,base,0.0,0.03,True,,False,True,5,0,2134.0,0.4193481549312639,0.04222117672571479,0.15884439663180666,0.3399647015684973,0.16456362811443295,0.22402217982242495,-0.42637087958952136,1521.0,0.09902453180283384,0.30989418334859953,16.248097650659844,0.0,7.0,28.0,4.0,8.0,1.0,0.9161402269037427,0.29541280224580685,1.0,0.21621621621621623,0.0,0.00026455658547134994,0.45848019069454216,0.4582156341090708,0.916695824803613,0.00026455658547134994,0.10848289678592687,2134.0,-0.1009523747565835,-0.09072409994161001,-0.09279370316217819,0.06838023063164747,0.03794523687277327,0.26246462697490697,-0.38463230615162136,1.0,0.0,96,0.21621621621621623,0.6121485494298105,0.29541280224580685,0.019824790478439894,0.08845202878914965,0.16051753503544852,-0.04699204734832374,-1.3691550014874103
G32,G32__mom_255_0__top20__weekly__long_short,long_short,mom_255_0,20,weekly,base,5.0,0.0,True,,False,True,5,0,2134.0,0.485902719150215,0.047876296383093875,0.1588157044929932,0.37407566687150917,0.1986528952959045,0.2707804743046288,-0.4225118931072184,1489.0,0.1133134881269356,0.3098326559034367,16.24487169808984,0.06640903501639095,7.0,28.0,4.0,8.0,1.0,0.9161402269037427,0.29541280224580685,1.0,0.21621621621621623,0.0,0.00026440159399266397,0.45840323265796595,0.45813883106397335,0.9165420637219392,0.00026440159399266397,0.0,2134.0,-0.09554477208545871,-0.08579034487000672,-0.09265610255301795,0.07376651155687944,0.04333554691579486,0.26242795678869885,-0.3640800060124282,1.0,0.0,96,0.21621621621621623,0.6121485494298105,0.29541280224580685,0.019340278540558774,0.09345374475030929,0.16012545667568012,-0.046999387881649396,-1.3685540843177755
G32,G32__mom_255_0__top20__weekly__long_short,long_short,mom_255_0,20,weekly,base,5.0,0.01,True,,False,True,5,0,2134.0,0.42966570239155955,0.04311297282168147,0.15882442676214312,0.3453741016686478,0.16995266729392497,0.23137649923280246,-0.42646721230488494,1520.0,0.10109328824758432,0.30985326614881514,16.245952316241155,0.06511959885832194,7.0,28.0,4.0,8.0,1.0,0.9161402269037427,0.29541280224580685,1.0,0.21621621621621623,0.0,0.0002644537371352751,0.4584291341447754,0.4581646804076401,0.9165938145524154,0.0002644537371352751,0.03664015265830953,2134.0,-0.10010001893733055,-0.08994606096491459,-0.09266795576504845,0.06921310140599657,0.03878170486603093,0.26243489854385893,-0.38142800173583447,1.0,0.0,96,0.21621621621621623,0.6121485494298105,0.29541280224580685,0.019686635799111674,0.08894893984592538,0.16007825406696596,-0.047004534438257584,-1.3687563332880437
G32,G32__mom_255_0__top20__weekly__long_short,long_short,mom_255_0,20,weekly,base,5.0,0.03,True,,False,True,5,0,2134.0,0.32497660110753346,0.03378763867857981,0.15884168685270678,0.28881323585799157,0.11339471371882927,0.15400594295231862,-0.43418400754840913,1539.0,0.07781870840743178,0.30989418334859953,16.248097650659844,0.0626755042154611,7.0,28.0,4.0,8.0,1.0,0.9161402269037427,0.29541280224580685,1.0,0.21621621621621623,0.0,0.00026455658547134994,0.45848019069454216,0.4582156341090708,0.916695824803613,0.00026455658547134994,0.10472463298919577,2134.0,-0.10907828108427163,-0.09808185957049718,-0.09269131922428549,0.060238459517309204,0.029806211672699,0.2624486226206831,-0.41561765497212166,1.0,0.0,96,0.21621621621621623,0.6121485494298105,0.29541280224580685,0.020358483938941914,0.08007019859035797,0.15995771506728018,-0.04701461491442463,-1.3691550014874103
G32,G32__mom_255_0__top20__weekly__long_short,long_short,mom_255_0,20,weekly,base,10.0,0.0,True,,False,True,5,0,2134.0,0.38710715867173917,0.039397100723763456,0.1588207503673562,0.3229070524658168,0.14747523300961574,0.20055434593571034,-0.43037775758655517,1522.0,0.0915407453784136,0.3098326559034367,16.24487169808984,0.1282307748081784,7.0,28.0,4.0,8.0,1.0,0.9161402269037427,0.29541280224580685,1.0,0.21621621621621623,0.0,0.00026440159399266397,0.45840323265796595,0.45813883106397335,0.9165420637219392,0.00026440159399266397,0.0,2134.0,-0.1036695222818114,-0.09318793804608363,-0.09255363429191961,0.0656258835076702,0.035197667169971025,0.262416632494019,-0.39505697979785737,1.0,0.0,96,0.21621621621621623,0.6121485494298105,0.29541280224580685,0.019881967759320756,0.08506573279128923,0.15958706371532416,-0.04702102242277428,-1.3685540843177755
G32,G32__mom_255_0__top20__weekly__long_short,long_short,mom_255_0,20,weekly,base,10.0,0.01,True,,True,True,5,0,2134.0,0.33460315140021857,0.034671761626241304,0.15882951716383278,0.29420669281577383,0.11877635694217104,0.16132890981142467,-0.4342796690653028,1537.0,0.07983740454823755,0.30985326614881514,16.245952316241155,0.12577078468953073,7.0,28.0,4.0,8.0,1.0,0.9161402269037427,0.29541280224580685,1.0,0.21621621621621623,0.0,0.0002644537371352751,0.4584291341447754,0.4581646804076401,0.9165938145524154,0.0002644537371352751,0.03536918295547968,2134.0,-0.10822515568704624,-0.09731051495867248,-0.09256551598911017,0.06107209121730989,0.030643442173628757,0.2624236056631455,-0.412406328361966,1.0,0.0,96,0.21621621621621623,0.6121485494298105,0.29541280224580685,0.020222145567957303,0.08055853132951743,0.15952535346078056,-0.04702613284424573,-1.3687563332880437
G32,G32__mom_255_0__top20__weekly__long_short,long_short,mom_255_0,20,weekly,base,10.0,0.03,True,,False,True,5,0,2134.0,0.2368638856141092,0.025420790588485787,0.15884686492237313,0.2376482233995126,0.06222108811623983,0.08430901047887207,-0.4418922680767703,1543.0,0.05752712238918245,0.30989418334859953,16.248097650659844,0.1211068991856483,7.0,28.0,4.0,8.0,1.0,0.9161402269037427,0.29541280224580685,1.0,0.21621621621621623,0.0,0.00026455658547134994,0.45848019069454216,0.4582156341090708,0.916695824803613,0.00026455658547134994,0.10113966221743467,2134.0,-0.11720418741195933,-0.10538143618404626,-0.09258893528639298,0.0520966884029714,0.021667186472625177,0.2624373915631556,-0.4465986600227054,1.0,0.0,96,0.21621621621621623,0.6121485494298105,0.29541280224580685,0.02088194763042789,0.07167511991415043,0.1593769915867702,-0.04703614202573966,-1.3691550014874103
G32,G32__mom_255_0__top20__weekly__long_short,long_short,mom_255_0,20,weekly,base,20.0,0.0,True,,False,True,5,0,2134.0,0.20873909328145124,0.02263934173245774,0.15885449876826754,0.22054672829842673,0.045123326190808735,0.061081144675688655,-0.4457941502134376,1567.0,0.05078429522150181,0.3098326559034367,16.24487169808984,0.23935518199992056,7.0,28.0,4.0,8.0,1.0,0.9161402269037427,0.29541280224580685,1.0,0.21621621621621623,0.0,0.00026440159399266397,0.45840323265796595,0.45813883106397335,0.9165420637219392,0.00026440159399266397,0.0,2134.0,-0.1199190226745158,-0.10780808464265511,-0.09234869776972282,0.04934462740925264,0.018921907678324305,0.2624083031161541,-0.45699400990918376,1.0,0.0,96,0.21621621621621623,0.6121485494298105,0.29541280224580685,0.02093449290128254,0.06825764004580473,0.15844664364805727,-0.04706116335966315,-1.3685540843177755
G32,G32__mom_255_0__top20__weekly__long_short,long_short,mom_255_0,20,weekly,base,20.0,0.01,True,,False,True,5,0,2134.0,0.16297592041829767,0.01798908599346971,0.158863355494469,0.19185313927179967,0.016431515137466556,0.02221537867393931,-0.4495913687716564,1570.0,0.04001208039784726,0.30985326614881514,16.245952316241155,0.23487481529261542,7.0,28.0,4.0,8.0,1.0,0.9161402269037427,0.29541280224580685,1.0,0.21621621621621623,0.0,0.0002644537371352751,0.4584291341447754,0.4581646804076401,0.9165938145524154,0.0002644537371352751,0.03300017016265255,2134.0,-0.1244754291864779,-0.1118651557970278,-0.09236063643723343,0.04479007083993626,0.014366916788824126,0.2624153400706735,-0.47434509412808823,1.0,0.0,96,0.21621621621621623,0.6121485494298105,0.29541280224580685,0.02126254287539371,0.06374758926661965,0.15835727227956164,-0.047066201410517594,-1.3687563332880437
G32,G32__mom_255_0__top20__weekly__long_short,long_short,mom_255_0,20,weekly,base,20.0,0.03,True,,False,True,5,0,2134.0,0.07778612161653187,0.008885107482519139,0.1588808803483326,0.1353080530450003,-0.04010979066156808,-0.054098141760260274,-0.45699971618304924,1578.0,0.019442260395103283,0.30989418334859953,16.248097650659844,0.22637666715375748,7.0,28.0,4.0,8.0,1.0,0.9161402269037427,0.29541280224580685,1.0,0.21621621621621623,0.0,0.00026455658547134994,0.45848019069454216,0.4582156341090708,0.916695824803613,0.00026455658547134994,0.09445457903422796,2134.0,-0.13345600006733513,-0.11980783479791271,-0.09238416741060754,0.03581314617429532,0.005389136072477096,0.2624292515290924,-0.508540870690783,1.0,0.0,96,0.21621621621621623,0.6121485494298105,0.29541280224580685,0.02189870389456454,0.05485866804687172,0.15815588261782698,-0.04707606780640641,-1.3691550014874103
G32,G32__mom_255_0__top50__monthly__long_only,long_only,mom_255_0,50,monthly,base,0.0,0.0,True,,False,True,0,0,2134.0,1.9760168364927364,0.1374457736881478,0.22281795514218752,0.6900851127544613,0.5650264842584811,0.7759609247955376,-0.36291835968402675,664.0,0.378723671648396,0.5772809653639428,6.953341112331202,0.0,7.0,2.0,2.0,1.0,0.0,0.9361878417562939,0.4253438462096006,1.0,0.4117647058823529,0.0,0.9362674459730397,0.9362674459730397,0.0,0.9362674459730397,0.9362674459730397,0.0,2134.0,-0.0011905089553287114,-0.007646310846269903,0.9634242507725128,0.004477044666910452,0.003465990978224725,0.12457561050068729,-0.009556517126778546,1.0,1.0,42,0.4117647058823529,0.8450276156938563,0.4253438462096006,-0.037081497339425784,-0.12008975918906872,-0.009222473943047427,-0.011694118813375176,-0.275781779686028
G32,G32__mom_255_0__top50__monthly__long_only,long_only,mom_255_0,50,monthly,base,5.0,0.0,True,,True,True,0,0,2134.0,1.8896628238524413,0.13349749741808448,0.22280068079894952,0.6745080403297088,0.5494392494051216,0.7540582004975493,-0.366805032916258,672.0,0.3639467440147205,0.5772809653639428,6.953341112331202,0.038611216418527834,7.0,2.0,2.0,1.0,0.0,0.9361878417562939,0.4253438462096006,1.0,0.4117647058823529,0.0,0.9362674459730397,0.9362674459730397,0.0,0.9362674459730397,0.9362674459730397,0.0,2134.0,-0.004673012063519259,-0.011090946725211446,0.963388905073332,0.0010000185113361727,-1.2031774232240406e-05,0.12455516041967303,-0.037517611055006714,1.0,1.0,42,0.4117647058823529,0.8450276156938563,0.4253438462096006,-0.03679136087999521,-0.12028655519367071,-0.009003435020373207,-0.011693410060090587,-0.275781779686028
G32,G32__mom_255_0__top50__monthly__long_only,long_only,mom_255_0,50,monthly,base,10.0,0.0,True,,False,True,0,0,2134.0,1.8057885785292451,0.12956169331427825,0.22278810432664786,0.6589146576084712,0.5338383414796432,0.7321670644565094,-0.3706693816296992,737.0,0.3495343822158775,0.5772809653639428,6.953341112331202,0.0759444170071552,7.0,2.0,2.0,1.0,0.0,0.9361878417562939,0.4253438462096006,1.0,0.4117647058823529,0.0,0.9362674459730397,0.9362674459730397,0.0,0.9362674459730397,0.9362674459730397,0.0,2134.0,-0.008155515171710108,-0.014524701381957928,0.9633535593741516,-0.002477007644238516,-0.003490054526689561,0.12454311332618297,-0.06548346957049739,1.0,1.0,42,0.4117647058823529,0.8450276156938563,0.4253438462096006,-0.03650270103358566,-0.1204814959173649,-0.008786648231915828,-0.01169272155361234,-0.275781779686028
G32,G32__mom_255_0__top50__monthly__long_only,long_only,mom_255_0,50,monthly,base,20.0,0.0,True,,False,True,0,0,2134.0,1.6451995079805446,0.12172735943941704,0.22277704788016775,0.6276828901174271,0.5025994404672733,0.6884244424634729,-0.3783315861356864,739.0,0.32174781038705086,0.5772809653639428,6.953341112331202,0.14693439186336543,7.0,2.0,2.0,1.0,0.0,0.9361878417562939,0.4253438462096006,1.0,0.4117647058823529,0.0,0.9362674459730397,0.9362674459730397,0.0,0.9362674459730397,0.9362674459730397,0.0,2134.0,-0.01512052138809156,-0.021359691060255037,0.9632828679757902,-0.00943105995538751,-0.010446100031603806,0.12454423615472422,-0.1214068338683051,1.0,1.0,42,0.4117647058823529,0.8450276156938563,0.4253438462096006,-0.03592978732553706,-0.12086558103855782,-0.008359759835648906,-0.011691405314050246,-0.275781779686028
G32,G32__mom_255_0__top50__monthly__long_short,long_short,mom_255_0,50,monthly,base,0.0,0.0,True,,False,True,1,0,2134.0,0.6252579709853514,0.05902792917728128,0.11755048404658516,0.5468653767929595,0.30989774289129596,0.4182900808166107,-0.26146765621359636,1056.0,0.2257561414367083,0.5690868447377312,6.854643044582306,0.0,15.0,32.0,7.0,1.0,1.0,0.9103478839640318,0.3454094479547636,1.0,0.24509803921568626,0.0,0.0010434252525590164,0.4561076734738238,0.4550642482212648,0.9111719216950885,0.0010434252525590164,0.0,2134.0,-0.09066957290301308,-0.07606120946910244,-0.04458489019567638,0.07119289070212581,0.04209461309396999,0.2322152640988733,-0.390454836183411,1.0,0.0,25,0.24509803921568626,0.6342193665732494,0.3454094479547636,0.00879901404716188,0.09551365166725836,0.10590968675744733,-0.038027475392809235,-0.564081939066507
G32,G32__mom_255_0__top50__monthly__long_short,long_short,mom_255_0,50,monthly,base,0.0,0.01,True,,False,True,1,0,2134.0,0.5641733675515619,0.05424787107502249,0.1175721148097643,0.5083019214656468,0.2713633785742836,0.36568917876747253,-0.2645471564380414,1124.0,0.20505936183716905,0.5692233429327288,6.856287163422147,0.0,15.0,32.0,7.0,1.0,1.0,0.9103478839640318,0.3454094479547636,1.0,0.24509803921568626,0.0,0.0010435089538919145,0.45620319397866643,0.4551596850247745,0.9113628790034409,0.0010435089538919145,0.040059671935278506,2134.0,-0.09519173078476084,-0.080231525454156,-0.0446007214838573,0.06667318593963248,0.037574361469167164,0.23222872486594642,-0.4099050659633518,1.0,0.0,25,0.24509803921568626,0.6342193665732494,0.3454094479547636,0.009250069887136295,0.0890930960669557,0.10725794815395079,-0.038040221605726995,-0.5644357562948032
G32,G32__mom_255_0__top50__monthly__long_short,long_short,mom_255_0,50,monthly,base,0.0,0.03,True,,False,True,1,0,2134.0,0.450364501125335,0.04488508695493465,0.11761487520613599,0.4323010298723284,0.19542056513269548,0.2625157077707776,-0.27058137888092826,1160.0,0.1658838724991742,0.5694953635807389,6.859563648303333,0.0,15.0,32.0,7.0,1.0,1.0,0.9103478839640318,0.3454094479547636,1.0,0.24509803921568626,0.0,0.0010436736753423926,0.45639159929998224,0.4553479256246399,0.9117395249246221,0.0010436736753423926,0.11447520758207193,2134.0,-0.1041088309734257,-0.08839999693407107,-0.04463193239814222,0.05776092200269302,0.028661019319882772,0.23225532472139776,-0.44825164330811196,1.0,0.0,25,0.24509803921568626,0.6342193665732494,0.3454094479547636,0.010126786412468149,0.07643512390295279,0.10986500799837434,-0.038065285138859,-0.565136250879176
G32,G32__mom_255_0__top50__monthly__long_short,long_short,mom_255_0,50,monthly,base,5.0,0.0,True,,False,True,1,0,2134.0,0.5787581887282902,0.055403946498917556,0.11753985624238146,0.5177353550006168,0.28073548030571016,0.37839435860155746,-0.26381204812363024,1059.0,0.21001295010208784,0.5690868447377312,6.854643044582306,0.030230450618692107,15.0,32.0,7.0,1.0,1.0,0.9103478839640318,0.3454094479547636,1.0,0.24509803921568626,0.0,0.0010434252525590164,0.4561076734738238,0.4550642482212648,0.9111719216950885,0.0010434252525590164,0.0,2134.0,-0.09409932345497284,-0.07922291850481511,-0.04460284684005093,0.0677659226015722,0.03866709163366312,0.23221273177585844,-0.40522895853015284,1.0,0.0,25,0.24509803921568626,0.6342193665732494,0.3454094479547636,0.009064129950586058,0.09020362568455847,0.10654460435759916,-0.03802053294278525,-0.5640819390665062
G32,G32__mom_255_0__top50__monthly__long_short,long_short,mom_255_0,50,monthly,base,5.0,0.01,True,,True,True,1,0,2134.0,0.5194106783683095,0.05063938173685889,0.11756151901025455,0.4791672005613573,0.24219659604890642,0.32592476671765797,-0.2668823177014099,1145.0,0.18974423698431245,0.5692233429327288,6.856287163422147,0.02965618063993819,15.0,32.0,7.0,1.0,1.0,0.9103478839640318,0.3454094479547636,1.0,0.24509803921568626,0.0,0.0010435089538919145,0.45620319397866643,0.4551596850247745,0.9113628790034409,0.0010435089538919145,0.03944427001674531,2134.0,-0.0986222386954592,-0.08337971747335833,-0.04461864678019823,0.06324545562284134,0.03414607863415087,0.23222620293112445,-0.4246817863387682,1.0,0.0,25,0.24509803921568626,0.6342193665732494,0.3454094479547636,0.009512348220702987,0.08378287739091653,0.10788273400418191,-0.03803325054438106,-0.5644357562948032
G32,G32__mom_255_0__top50__monthly__long_short,long_short,mom_255_0,50,monthly,base,5.0,0.03,True,,False,True,1,0,2134.0,0.40883918271626785,0.04130693817118858,0.11760434180608005,0.4031569955586737,0.166244821064737,0.22300886521418292,-0.2728984568411539,1204.0,0.1513637660297659,0.5694953635807389,6.859563648303333,0.02856639470925654,15.0,32.0,7.0,1.0,1.0,0.9103478839640318,0.3454094479547636,1.0,0.24509803921568626,0.0,0.0010436736753423926,0.45639159929998224,0.4553479256246399,0.9117395249246221,0.0010436736753423926,0.11273829840102059,2134.0,-0.1075408495461491,-0.09152171862668133,-0.044649795429155384,0.054331671375623794,0.02523121784570734,0.232252822849585,-0.4630335520864532,1.0,0.0,25,0.24509803921568626,0.6342193665732494,0.3454094479547636,0.01038352793178278,0.0711245760781093,0.1104700735743766,-0.03805825776003406,-0.565136250879176
G32,G32__mom_255_0__top50__monthly__long_short,long_short,mom_255_0,50,monthly,base,10.0,0.0,True,,False,True,1,0,2134.0,0.5335748548826176,0.051791235789667045,0.1175379738968709,0.4885637104549388,0.25154927296759516,0.33858198551674124,-0.2661496889506837,1140.0,0.19459438781934374,0.5690868447377312,6.854643044582306,0.059565494237095534,15.0,32.0,7.0,1.0,1.0,0.9103478839640318,0.3454094479547636,1.0,0.24509803921568626,0.0,0.0010434252525590164,0.4561076734738238,0.4550642482212648,0.9111719216950885,0.0010434252525590164,0.0,2134.0,-0.09752907400693268,-0.08237479341885606,-0.04462080348442558,0.0643389545010185,0.035239570173356174,0.2322146263987535,-0.41999539615328985,1.0,0.0,25,0.24509803921568626,0.6342193665732494,0.3454094479547636,0.009327382305284647,0.08488306760425396,0.10717327782814728,-0.03801231421493029,-0.5640819390665062
G32,G32__mom_255_0__top50__monthly__long_short,long_short,mom_255_0,50,monthly,base,10.0,0.01,True,,False,True,1,0,2134.0,0.47591555847368605,0.04704211884523124,0.11755967108190038,0.4499937398628087,0.21300875339785094,0.28624671512749433,-0.26921075294576124,1159.0,0.17474086131585156,0.5692233429327288,6.856287163422147,0.058439515673847385,15.0,32.0,7.0,1.0,1.0,0.9103478839640318,0.3454094479547636,1.0,0.24509803921568626,0.0,0.0010435089538919145,0.45620319397866643,0.4551596850247745,0.9113628790034409,0.0010435089538919145,0.038841138959447845,2134.0,-0.10205274660615762,-0.08651811508662419,-0.0446365720765391,0.05981772530605016,0.03071779579913451,0.23222810972076624,-0.43945044692852664,1.0,0.0,25,0.24509803921568626,0.6342193665732494,0.3454094479547636,0.009772775907587641,0.07846346725073255,0.10850132866569445,-0.03802500303732273,-0.5644357562948032
G32,G32__mom_255_0__top50__monthly__long_short,long_short,mom_255_0,50,monthly,base,10.0,0.03,True,,False,True,1,0,2134.0,0.36849031284318956,0.037739926713514116,0.11760256110812481,0.3739799041794206,0.13705370288417515,0.18359426129030335,-0.27520885786837723,1217.0,0.1371319477353589,0.5694953635807389,6.859563648303333,0.05630257378806424,15.0,32.0,7.0,1.0,1.0,0.9103478839640318,0.3454094479547636,1.0,0.24509803921568626,0.0,0.0010436736753423926,0.45639159929998224,0.4553479256246399,0.9117395249246221,0.0010436736753423926,0.11103582826645318,2134.0,-0.11097286811887269,-0.09463372366565527,-0.04466765846016861,0.05090242074855441,0.021801416371531723,0.2322547532504385,-0.47780666085749174,1.0,0.0,25,0.24509803921568626,0.6342193665732494,0.3454094479547636,0.010638444011787117,0.06580747964915615,0.11106905122586935,-0.038049953597052294,-0.565136250879176
G32,G32__mom_255_0__top50__monthly__long_short,long_short,mom_255_0,50,monthly,base,20.0,0.0,True,,False,True,1,0,2134.0,0.4470110527942286,0.04459950397733836,0.11756044531053325,0.43012160602934185,0.19313110412176662,0.2592350062014942,-0.2708047875505405,1161.0,0.16469245016214762,0.5690868447377312,6.854643044582306,0.11565315014045505,15.0,32.0,7.0,1.0,1.0,0.9103478839640318,0.3454094479547636,1.0,0.24509803921568626,0.0,0.0010434252525590164,0.4561076734738238,0.4550642482212648,0.9111719216950885,0.0010434252525590164,0.0,2134.0,-0.10438857511085249,-0.08864915107216881,-0.044656716773174766,0.057485018299910956,0.028384527252742143,0.2322316957957079,-0.449501842344045,1.0,0.0,25,0.24509803921568626,0.6342193665732494,0.3454094479547636,0.009848330486328459,0.07422268665086262,0.10841203097966251,-0.03799205294146915,-0.564081939066507
G32,G32__mom_255_0__top50__monthly__long_short,long_short,mom_255_0,50,monthly,base,20.0,0.01,True,,False,True,1,0,2134.0,0.39258695256245657,0.03988114658088948,0.11758221853597296,0.39155665541132734,0.15459597072543507,0.20717750621881018,-0.2738475153266957,1206.0,0.14563267639405789,0.5692233429327288,6.856287163422147,0.11348853128128501,15.0,32.0,7.0,1.0,1.0,0.9103478839640318,0.3454094479547636,1.0,0.24509803921568626,0.0,0.0010435089538919145,0.45620319397866643,0.4551596850247745,0.9113628790034409,0.0010435089538919145,0.037670620432866425,2134.0,-0.10891376242755432,-0.09276563686641434,-0.044672422669220946,0.052962264672467924,0.023861230129101955,0.2322452087837541,-0.4689602123459307,1.0,0.0,25,0.24509803921568626,0.6342193665732494,0.3454094479547636,0.01028811326832418,0.06780940253665167,0.1097200821165567,-0.03800468372990583,-0.5644357562948032
G32,G32__mom_255_0__top50__monthly__long_short,long_short,mom_255_0,50,monthly,base,20.0,0.03,True,,False,True,1,0,2134.0,0.2911909248087099,0.030639190895930257,0.11762525745466279,0.3155526133775356,0.07865143306652334,0.10506976844160648,-0.27980969859271276,1403.0,0.10950010328458361,0.5694953635807389,6.859563648303333,0.10937968705645197,15.0,32.0,7.0,1.0,1.0,0.9103478839640318,0.3454094479547636,1.0,0.24509803921568626,0.0,0.0010436736753423926,0.45639159929998224,0.4553479256246399,0.9117395249246221,0.0010436736753423926,0.10773121391633306,2134.0,-0.11783690526431936,-0.10082869273344452,-0.044703384522194994,0.044043919494416106,0.014941813423180994,0.2322719101743739,-0.5073230989311427,1.0,0.0,25,0.24509803921568626,0.6342193665732494,0.3454094479547636,0.011142833407929858,0.055165967853738035,0.11224887868189204,-0.0380295200176623,-0.565136250879176
G32,G32__mom_255_0__top50__weekly__long_only,long_only,mom_255_0,50,weekly,base,0.0,0.0,True,,False,True,1,0,2134.0,1.4525282405830935,0.11175419795047037,0.21240667512788364,0.6057587906990515,0.47457165288959463,0.6397163724148363,-0.34378864810647514,790.0,0.32506657379757015,0.2850101836780508,14.94340179539351,0.0,9.0,4.0,3.0,2.0,0.0,0.9361294927488755,0.4543095189714678,1.0,0.38513513513513514,0.0,0.9363592845430682,0.9363592845430682,0.0,0.9363592845430682,0.9363592845430682,0.0,2134.0,-0.02628665199147058,-0.030060680439284705,0.8953373355367772,-0.010068767857303382,-0.012976761277507841,0.1264993296365963,-0.20780072168750727,1.0,1.0,171,0.38513513513513514,0.8341607881900626,0.4543095189714678,-0.03649425476033924,-0.12156208880963221,0.010386787128987551,-0.017277046347369457,-0.8305179101969671
G32,G32__mom_255_0__top50__weekly__long_only,long_only,mom_255_0,50,weekly,base,5.0,0.0,True,,False,True,1,0,2134.0,1.3021465792130007,0.10347778306922528,0.2124324107306243,0.5705276483892577,0.43935493357920163,0.5913663028270305,-0.35238400418141225,895.0,0.29365062500383377,0.2850101836780508,14.94340179539351,0.07197000055522927,9.0,4.0,3.0,2.0,0.0,0.9361294927488755,0.4543095189714678,1.0,0.38513513513513514,0.0,0.9363592845430682,0.9363592845430682,0.0,0.9363592845430682,0.9363592845430682,0.0,2134.0,-0.03375529891753966,-0.0372813594644818,0.8954228778230799,-0.017550669891055283,-0.020456332574733786,0.1265176436273894,-0.2668030952027002,1.0,1.0,171,0.38513513513513514,0.8341607881900626,0.4543095189714678,-0.035749333204835004,-0.12241152269731648,0.010651807988879158,-0.017260440421938,-0.8305179101969671
G32,G32__mom_255_0__top50__weekly__long_only,long_only,mom_255_0,50,weekly,base,10.0,0.0,True,,True,True,1,0,2134.0,1.160963460370949,0.09526164045432184,0.21246285002318552,0.5352931903027932,0.4041378230690881,0.5431606286766636,-0.3608682884471329,1351.0,0.2639789737808387,0.2850101836780508,14.94340179539351,0.139081149787129,9.0,4.0,3.0,2.0,0.0,0.9361294927488755,0.4543095189714678,1.0,0.38513513513513514,0.0,0.9363592845430682,0.9363592845430682,0.0,0.9363592845430682,0.9363592845430682,0.0,2134.0,-0.041223945843608806,-0.04444945452722579,0.8955084201093826,-0.025032571924807196,-0.027935903871959843,0.1265438576966641,-0.3257680506502809,1.0,1.0,171,0.38513513513513514,0.8341607881900626,0.4543095189714678,-0.03501349574934176,-0.12325309744770652,0.01090797054528958,-0.017243910901318188,-0.8305179101969671
G32,G32__mom_255_0__top50__weekly__long_only,long_only,mom_255_0,50,weekly,base,20.0,0.0,True,,False,True,1,0,2134.0,0.9039818713754466,0.07900845813103996,0.21253783128162695,0.4648237086163263,0.3337117957424426,0.44719036355180114,-0.3775092868745733,1379.0,0.20928878011228996,0.2850101836780508,14.94340179539351,0.2599783922080915,9.0,4.0,3.0,2.0,0.0,0.9361294927488755,0.4543095189714678,1.0,0.38513513513513514,0.0,0.9363592845430682,0.9363592845430682,0.0,0.9363592845430682,0.9363592845430682,0.0,2134.0,-0.056161239695746774,-0.05862938803447265,0.8956795046819872,-0.03999637599231066,-0.04289504646641164,0.12661996496536135,-0.4435417409182704,1.0,1.0,171,0.38513513513513514,0.8341607881900626,0.4543095189714678,-0.03356870450837564,-0.12491189939529512,0.011394459578337013,-0.017211085699460643,-0.8305179101969671
G32,G32__mom_255_0__top50__weekly__long_short,long_short,mom_255_0,50,weekly,base,0.0,0.0,True,,False,True,8,0,2134.0,0.3868617234874956,0.03937538129884266,0.11835559142462962,0.3856470110171402,0.150230675129026,0.20200952079739323,-0.2986439335436123,1476.0,0.1318472497720852,0.274945192311127,14.415683072777592,0.0,17.0,35.0,9.0,11.0,2.0,0.9137284750058886,0.29314703399350006,1.0,0.21846846846846846,0.0,-4.6686923057250847e-05,0.45700892662896775,0.457055613552025,0.9140645401809927,-4.6686923057250847e-05,0.0,2134.0,-0.10931038258326937,-0.09320688695067757,-0.08351883565979237,0.05858504625986893,0.028400422204173575,0.23870722420696763,-0.45792657908205325,1.0,0.0,97,0.21846846846846846,0.6051076587898407,0.29314703399350006,0.01760816902390676,0.1122441969390757,0.15819772503550522,-0.03751036598689578,-1.2759349947485568
G32,G32__mom_255_0__top50__weekly__long_short,long_short,mom_255_0,50,weekly,base,0.0,0.01,True,,False,True,8,0,2134.0,0.3344915451918522,0.0346615437427773,0.1183618915929892,0.34722426239443316,0.11180735376360972,0.15010180125877004,-0.3069721950782047,1489.0,0.1129142779004687,0.2749639671997288,14.416667461126174,0.0,17.0,35.0,9.0,11.0,2.0,0.9137284750058886,0.29314703399350006,1.0,0.21846846846846846,0.0,-4.667327228420574e-05,0.4570349745035565,0.45708164777584076,0.9141166222793972,-4.667327228420574e-05,0.0377127888368127,2134.0,-0.11385574214935815,-0.09731942945339932,-0.08352947265479345,0.05404133493724261,0.023856309941884927,0.23871198882193187,-0.4769586257952435,1.0,0.0,97,0.21846846846846846,0.6051076587898407,0.29314703399350006,0.0179715303439059,0.10578019164848242,0.15766885676121367,-0.03751481900157501,-1.2761211283835738
G32,G32__mom_255_0__top50__weekly__long_short,long_short,mom_255_0,50,weekly,base,0.0,0.03,True,,False,True,8,0,2134.0,0.23698797800286742,0.02543293879783426,0.11837440030869421,0.27150581026943826,0.036088448567798394,0.04829578059210071,-0.32309891060134366,1536.0,0.07871564391999684,0.2750012904487426,14.41862436069771,0.0,17.0,35.0,9.0,11.0,2.0,0.9137284750058886,0.29314703399350006,1.0,0.21846846846846846,0.0,-4.664633063032955e-05,0.45708631990831516,0.45713296623894556,0.9142192861472607,-4.664633063032955e-05,0.10785109560472636,2134.0,-0.12281452518237282,-0.10537083759495901,-0.08355043939380581,0.04508580078142516,0.014899985487688889,0.2387214254404813,-0.5144679617916964,1.0,0.0,97,0.21846846846846846,0.6051076587898407,0.29314703399350006,0.01867655514512386,0.0930397374459892,0.15658873038357773,-0.03752350828933328,-1.2764906870865662
G32,G32__mom_255_0__top50__weekly__long_short,long_short,mom_255_0,50,weekly,base,5.0,0.0,True,,False,True,8,0,2134.0,0.30473597866267443,0.031910065255236875,0.11835338027804491,0.32473973523362876,0.08929837104523786,0.11975238090974086,-0.3118868914650669,1521.0,0.10231294141713226,0.274945192311127,14.415683072777592,0.05889284605931203,17.0,35.0,9.0,11.0,2.0,0.9137284750058886,0.29314703399350006,1.0,0.21846846846846846,0.0,-4.6686923057250847e-05,0.45700892662896775,0.457055613552025,0.9140645401809927,-4.6686923057250847e-05,0.0,2134.0,-0.1165198172778464,-0.09971993055059324,-0.08345373268977255,0.051365523608617146,0.02118258683075095,0.23869608500993195,-0.48815135477818217,1.0,0.0,97,0.21846846846846846,0.6051076587898407,0.29314703399350006,0.018128748716202375,0.10164315545115396,0.15715893583748453,-0.03753365370007629,-1.2759349947485568
G32,G32__mom_255_0__top50__weekly__long_short,long_short,mom_255_0,50,weekly,base,5.0,0.01,True,,False,True,8,0,2134.0,0.25546176982611746,0.02722957916946922,0.1183597303007517,0.2863163793550694,0.05087477671233959,0.06811549619607686,-0.3200587362423256,1532.0,0.08507681899003977,0.2749639671997288,14.416667461126174,0.05779169715853945,17.0,35.0,9.0,11.0,2.0,0.9137284750058886,0.29314703399350006,1.0,0.21846846846846846,0.0,-4.667327228420574e-05,0.4570349745035565,0.45708164777584076,0.9141166222793972,-4.667327228420574e-05,0.03655088571275233,2134.0,-0.12106553321218994,-0.10380337588195551,-0.08346440653466114,0.04682146162776844,0.016638122866895238,0.2387008801936561,-0.5071851143320899,1.0,0.0,97,0.21846846846846846,0.6051076587898407,0.29314703399350006,0.01848636977598942,0.0951738391209501,0.1566123494068986,-0.037538066806212994,-1.2761211283835703
G32,G32__mom_255_0__top50__weekly__long_short,long_short,mom_255_0,50,weekly,base,5.0,0.03,True,,False,True,8,0,2134.0,0.1637228066097105,0.018066266921997753,0.1183723370671552,0.21059680254062074,-0.024844594723435604,-0.03315902159648404,-0.3358825517127457,1543.0,0.05378745287563621,0.2750012904487426,14.41862436069771,0.055702157304165105,17.0,35.0,9.0,11.0,2.0,0.9137284750058886,0.29314703399350006,1.0,0.21846846846846846,0.0,-4.664633063032955e-05,0.45708631990831516,0.45713296623894556,0.9142192861472607,-4.664633063032955e-05,0.10457112378380362,2134.0,-0.13002502695774018,-0.11179782003392694,-0.08348544588689454,0.0378652280111145,0.00768109689554455,0.2387103769607056,-0.5446978410123485,1.0,0.0,97,0.21846846846846846,0.6051076587898407,0.29314703399350006,0.019180204690115055,0.0824230415514443,0.1554991473114048,-0.0375466773945511,-1.2764906870865662
G32,G32__mom_255_0__top50__weekly__long_short,long_short,mom_255_0,50,weekly,base,10.0,0.0,True,,False,True,8,0,2134.0,0.22746142965878224,0.024497182013991425,0.1183592163998696,0.26381224572684986,0.02836218069012397,0.03793261099776231,-0.3248818378927618,1538.0,0.07540335948874294,0.274945192311127,14.415683072777592,0.11425266207183743,17.0,35.0,9.0,11.0,2.0,0.9137284750058886,0.29314703399350006,1.0,0.21846846846846846,0.0,-4.6686923057250847e-05,0.45700892662896775,0.457055613552025,0.9140645401809927,-4.6686923057250847e-05,0.0,2134.0,-0.12372925197242385,-0.1061872296534452,-0.08338862971975272,0.044146000957364886,0.01396475145732783,0.23868893562821,-0.5183702866108078,1.0,0.0,97,0.21846846846846846,0.6051076587898407,0.29314703399350006,0.018640678231864025,0.09102186456767128,0.1560959966590072,-0.0375558130199099,-1.2759349947485568
G32,G32__mom_255_0__top50__weekly__long_short,long_short,mom_255_0,50,weekly,base,10.0,0.01,True,,True,True,8,0,2134.0,0.181100619512639,0.019849816704450074,0.11836561664592947,0.22539094657975062,-0.010059020955238588,-0.013431736257363412,-0.3329001796144595,1543.0,0.05962693299666787,0.2749639671997288,14.416667461126174,0.11213920800369297,17.0,35.0,9.0,11.0,2.0,0.9137284750058886,0.29314703399350006,1.0,0.21846846846846846,0.0,-4.667327228420574e-05,0.4570349745035565,0.45708164777584076,0.9141166222793972,-4.667327228420574e-05,0.035436515209071526,2134.0,-0.12827532427502175,-0.11024177908028462,-0.08339934041452864,0.03960158831829425,0.009419935791905547,0.23869376170071657,-0.5374054326390746,1.0,0.0,97,0.21846846846846846,0.6051076587898407,0.29314703399350006,0.018992622829518174,0.08454848025156332,0.15553263699851688,-0.037560186133524034,-1.2761211283835703
G32,G32__mom_255_0__top50__weekly__long_short,long_short,mom_255_0,50,weekly,base,10.0,0.03,True,,False,True,8,0,2134.0,0.09478629043054076,0.010751345535382484,0.11837832220068857,0.14967549455716828,-0.08577360597172919,-0.11417146239915846,-0.34842673771161525,1578.0,0.03085683264721528,0.2750012904487426,14.41862436069771,0.10812792462442021,17.0,35.0,9.0,11.0,2.0,0.9137284750058886,0.29314703399350006,1.0,0.21846846846846846,0.0,-4.664633063032955e-05,0.45708631990831516,0.45713296623894556,0.9142192861472607,-4.664633063032955e-05,0.10142450318909248,2134.0,-0.1372355287331078,-0.11817965325340433,-0.08342045237998326,0.030644655240803596,0.00046220830339994436,0.2387033192545123,-0.5749209066790704,1.0,0.0,97,0.21846846846846846,0.6051076587898407,0.29314703399350006,0.019675392397702884,0.07178978898603171,0.15438816210395556,-0.03756871786124334,-1.2764906870865627
G32,G32__mom_255_0__top50__weekly__long_short,long_short,mom_255_0,50,weekly,base,20.0,0.0,True,,False,True,8,0,2134.0,0.08633931742527068,0.009827276431295218,0.11839502404768748,0.1419463480576378,-0.0934721257940359,-0.12434728815640944,-0.35014603767748287,1578.0,0.02806622201547531,0.274945192311127,14.415683072777592,0.2152118025460968,17.0,35.0,9.0,11.0,2.0,0.9137284750058886,0.29314703399350006,1.0,0.21846846846846846,0.0,-4.6686923057250847e-05,0.45700892662896775,0.457055613552025,0.9140645401809927,-4.6686923057250847e-05,0.0,2134.0,-0.13814812136157822,-0.11898584850744337,-0.08325842377971286,0.029706955654860957,-0.00047091928951777096,0.23868660754471346,-0.5787845526092148,1.0,0.0,97,0.21846846846846846,0.6051076587898407,0.29314703399350006,0.019638974178244915,0.06974152792205741,0.15390328937292408,-0.03759673705940081,-1.2759349947485568
G32,G32__mom_255_0__top50__weekly__long_short,long_short,mom_255_0,50,weekly,base,20.0,0.01,True,,False,True,8,0,2134.0,0.045299920334848975,0.005245466819604916,0.11840152580649016,0.10353714759296359,-0.1318805526740728,-0.17516185191185432,-0.35786590006270924,1578.0,0.014657632422328438,0.2749639671997288,14.416667461126174,0.21131659589267685,17.0,35.0,9.0,11.0,2.0,0.9137284750058886,0.29314703399350006,1.0,0.21846846846846846,0.0,-4.667327228420574e-05,0.4570349745035565,0.45708164777584076,0.9141166222793972,-4.667327228420574e-05,0.03334180122307989,2134.0,-0.142694906400685,-0.12298320449252755,-0.08326920817426375,0.025161841699346207,-0.00501643835807348,0.2386914963487137,-0.5978214916890733,1.0,0.0,97,0.21846846846846846,0.6051076587898407,0.29314703399350006,0.019979754809627916,0.0632637401007683,0.15330909479059363,-0.037601029971971844,-1.2761211283835703
G32,G32__mom_255_0__top50__weekly__long_short,long_short,mom_255_0,50,weekly,base,20.0,0.03,True,,False,True,8,0,2134.0,-0.03110622345207603,-0.003724664858793969,0.1184144310703198,0.027845680122744142,-0.20756982198867896,-0.27482289359484335,-0.37281445635587906,1578.0,-0.009990666389928024,0.2750012904487426,14.41862436069771,0.20392062321607374,17.0,35.0,9.0,11.0,2.0,0.9137284750058886,0.29314703399350006,1.0,0.21846846846846846,0.0,-4.664633063032955e-05,0.45708631990831516,0.45713296623894556,0.9142192861472607,-4.664633063032955e-05,0.09550735488007536,2134.0,-0.1516565322838428,-0.13080911010417726,-0.08329046536616075,0.01620350970018201,-0.013975568880889017,0.23870117737865978,-0.6353405288959463,1.0,0.0,97,0.21846846846846846,0.6051076587898407,0.29314703399350006,0.020640762550450432,0.050496616706540154,0.15210724670641662,-0.037609403565627794,-1.2764906870865662
G32,G32__mom_255_21__top10__monthly__long_only,long_only,mom_255_21,10,monthly,base,0.0,0.0,True,,False,True,0,0,2134.0,2.396322762283946,0.15532943252900844,0.3250739462025821,0.6079963506394694,0.5222838256450364,0.7186499711832324,-0.4893800924175493,1276.0,0.31740039068952997,0.7051199736209908,8.493160169612908,0.0,0.0,0.0,0.0,0.0,0.0,0.9269757131928762,0.4715684840666673,1.0,0.43137254901960786,0.0,0.9277860781749285,0.9277860781749285,0.0,0.9277860781749285,0.9277860781749285,0.0,2134.0,0.042689910325797456,0.007956116308345475,1.2127292528183526,0.009726690902234004,0.015673258701124772,0.23061723715107807,0.18511153308905165,1.0,1.0,44,0.43137254901960786,0.8307164260380312,0.4715684840666673,-0.049277309680071574,-0.10811287110643697,-0.0016052071200225448,-0.02259867135896626,-0.6138627639505181
G32,G32__mom_255_21__top10__monthly__long_only,long_only,mom_255_21,10,monthly,base,5.0,0.0,True,,True,True,0,0,2134.0,2.2763333827694976,0.15043264967465375,0.3250728800091446,0.594926253820179,0.5092130586944287,0.7002869626566226,-0.49364814226295983,1361.0,0.30473658623538435,0.7051199736209908,8.493160169612908,0.03973340512401725,0.0,0.0,0.0,0.0,0.0,0.9269757131928762,0.4715684840666673,1.0,0.43137254901960786,0.0,0.9277860781749285,0.9277860781749285,0.0,0.9277860781749285,0.9277860781749285,0.0,2134.0,0.03844052806903327,0.003683964929428827,1.2127177398611477,0.005479092622659271,0.011425385164825282,0.23061757252571996,0.1666851647427957,1.0,1.0,44,0.43137254901960786,0.8307164260380312,0.4715684840666673,-0.04870019047137436,-0.10807757571311438,-0.0012507294048103579,-0.022598635640822817,-0.6138627639505181
G32,G32__mom_255_21__top10__monthly__long_only,long_only,mom_255_21,10,monthly,base,10.0,0.0,True,,False,True,0,0,2134.0,2.1605372061283377,0.1455546557764713,0.3250768666974332,0.5818470270960884,0.4961344903224549,0.6819343376422147,-0.497968364175155,1429.0,0.29229699364049166,0.7051199736209908,8.493160169612908,0.0778980500940969,0.0,0.0,0.0,0.0,0.0,0.9269757131928762,0.4715684840666673,1.0,0.43137254901960786,0.0,0.9277860781749285,0.9277860781749285,0.0,0.9277860781749285,0.9277860781749285,0.0,2134.0,0.034191145812269286,-0.0005717942043313902,1.2127062269039421,0.001231494343084838,0.00717751162852601,0.2306250302347414,0.1482542713488986,1.0,1.0,44,0.43137254901960786,0.8307164260380312,0.4715684840666673,-0.04812680380959339,-0.10804055743893765,-0.0009879778955976803,-0.02259897618170459,-0.6138627639505181
G32,G32__mom_255_21__top10__monthly__long_only,long_only,mom_255_21,10,monthly,base,20.0,0.0,True,,False,True,0,0,2134.0,1.940949673562037,0.13585477611731456,0.32509999774002535,0.5556636272158423,0.46995639204477563,0.6452630545506647,-0.5074643642717971,1448.0,0.2677129384489173,0.7051199736209908,8.493160169612908,0.14975599659496874,0.0,0.0,0.0,0.0,0.0,0.9269757131928762,0.4715684840666673,1.0,0.43137254901960786,0.0,0.9277860781749285,0.9277860781749285,0.0,0.9277860781749285,0.9277860781749285,0.0,2134.0,0.025692381298740945,-0.009034361464044236,1.2126832009895314,-0.00726370221606441,-0.001318235444072916,0.23066130923281525,0.1113857429501046,1.0,1.0,44,0.43137254901960786,0.8307164260380312,0.4715684840666673,-0.046991154364059956,-0.10796137113191767,-0.0014354155989324546,-0.022600785954583147,-0.6138627639505181
G32,G32__mom_255_21__top10__monthly__long_short,long_short,mom_255_21,10,monthly,base,0.0,0.0,True,,False,True,0,0,2134.0,0.6960703050731734,0.06437481001727141,0.18813811634370384,0.42590240411272706,0.2778298271072369,0.38516223641954545,-0.3478092550131089,1074.0,0.18508653547716875,0.729693847048574,8.78915212958601,0.0,4.0,27.0,3.0,0.0,0.0,0.928764945626155,0.31382492538573686,1.0,0.23529411764705882,0.0,0.0007896613385463757,0.46671741378859005,0.4659277524500437,0.9326451662386337,0.0007896613385463757,0.0,2134.0,-0.07482538659732027,-0.07139637440639272,0.011233152189139978,0.07838785573454331,0.05085339029406679,0.2671910518528855,-0.28004450777235945,1.0,0.0,24,0.23529411764705882,0.6972510189111575,0.31382492538573686,0.006635873790816808,0.03896571027732881,0.08556344260145893,-0.04379463542325035,-0.6380016995669795
G32,G32__mom_255_21__top10__monthly__long_short,long_short,mom_255_21,10,monthly,base,0.0,0.01,True,,False,True,0,0,2134.0,0.6308417051346751,0.059456930816493836,0.18817479608557264,0.4012411819614339,0.25319222174022527,0.350628104556403,-0.354083385693569,1181.0,0.16791787815751705,0.7298701718587783,8.791275959446127,0.0,4.0,27.0,3.0,0.0,0.0,0.928764945626155,0.31382492538573686,1.0,0.23529411764705882,0.0,0.0007894190635150648,0.466815417781583,0.466025998718068,0.932841416499651,0.0007894190635150648,0.03754613809023005,2134.0,-0.07945038505661671,-0.07568693109102656,0.011221787200303935,0.07376461832416602,0.04622974160887094,0.2672184466356836,-0.2973237291695533,1.0,0.0,24,0.23529411764705882,0.6972510189111575,0.31382492538573686,0.007002034337648233,0.03592264657804026,0.0863143489162761,-0.04380721088534495,-0.6382663293351776
G32,G32__mom_255_21__top10__monthly__long_short,long_short,mom_255_21,10,monthly,base,0.0,0.03,True,,False,True,0,0,2134.0,0.5094745645805419,0.04982569569845796,0.18824720925395716,0.352640393445461,0.20463816582129934,0.2827873326817953,-0.366278847448405,1231.0,0.13603214066429686,0.7302203907552065,8.795494341130192,0.0,4.0,27.0,3.0,0.0,0.0,0.928764945626155,0.31382492538573686,1.0,0.23529411764705882,0.0,0.0007889401624245502,0.4670087202592883,0.46621978009686366,0.9332285003561519,0.0007889401624245502,0.10725961317778573,2134.0,-0.08857029271701819,-0.08408961007720733,0.01119938960800478,0.06464818125720541,0.03711249387733564,0.2672725305700209,-0.33138569282866975,1.0,0.0,24,0.23529411764705882,0.6972510189111575,0.31382492538573686,0.007713629772942862,0.029924592009296452,0.08771839100065332,-0.043831968615829636,-0.638793360316436
G32,G32__mom_255_21__top10__monthly__long_short,long_short,mom_255_21,10,monthly,base,5.0,0.0,True,,False,True,0,0,2134.0,0.6340997817608762,0.05970665272300413,0.1881277772057067,0.4025479869059852,0.2544624786512809,0.35235028454145595,-0.354494830728058,1181.0,0.16842742840672512,0.729693847048574,8.78915212958601,0.035370436326963704,4.0,27.0,3.0,0.0,0.0,0.928764945626155,0.31382492538573686,1.0,0.23529411764705882,0.0,0.0007896613385463757,0.46671741378859005,0.4659277524500437,0.9326451662386337,0.0007896613385463757,0.0,2134.0,-0.07922340465808876,-0.07546906360149686,0.011273610343082517,0.0739835685265456,0.0464502238276,0.2671781959573632,-0.29651897444030717,1.0,0.0,24,0.23529411764705882,0.6972510189111575,0.31382492538573686,0.006942770671199826,0.03593199999595151,0.0860360733585469,-0.0437887091532187,-0.6380016995669795
G32,G32__mom_255_21__top10__monthly__long_short,long_short,mom_255_21,10,monthly,base,5.0,0.01,True,,True,True,0,0,2134.0,0.5712403499064471,0.05480922186761439,0.1881644600906931,0.37788474063528493,0.22982287515370156,0.31788921386001656,-0.360706206066679,1219.0,0.1519497611789982,0.7298701718587783,8.791275959446127,0.03470434368386414,4.0,27.0,3.0,0.0,0.0,0.928764945626155,0.31382492538573686,1.0,0.23529411764705882,0.0,0.0007894190635150648,0.466815417781583,0.466025998718068,0.932841416499651,0.0007894190635150648,0.03681152586572742,2134.0,-0.08384938445519367,-0.07974178032271959,0.011262310525264045,0.06935933967985891,0.04182558550244851,0.2672055838713651,-0.31380101882735895,1.0,0.0,24,0.23529411764705882,0.6972510189111575,0.31382492538573686,0.0073057777110117905,0.03288890102328926,0.08676312976676237,-0.04380127453754251,-0.6382663293351793
G32,G32__mom_255_21__top10__monthly__long_short,long_short,mom_255_21,10,monthly,base,5.0,0.03,True,,False,True,0,0,2134.0,0.4542827521916064,0.04521803231047494,0.18823687886293092,0.32927989778900796,0.18126481567653446,0.2501919113668632,-0.3727796444437199,1233.0,0.12129962830441429,0.7302203907552065,8.795494341130192,0.03344075030366806,4.0,27.0,3.0,0.0,0.0,0.928764945626155,0.31382492538573686,1.0,0.23529411764705882,0.0,0.0007889401624245502,0.4670087202592883,0.46621978009686366,0.9332285003561519,0.0007889401624245502,0.10518812681977467,2134.0,-0.09297124242123589,-0.0881095219422068,0.011240041960122576,0.060240932314001114,0.03270637102649886,0.26725965377804445,-0.3478686030868216,1.0,0.0,24,0.23529411764705882,0.6972510189111575,0.31382492538573686,0.008011221206832841,0.026890785548578156,0.08812146546126276,-0.043826011942605075,-0.638793360316436
G32,G32__mom_255_21__top10__monthly__long_short,long_short,mom_255_21,10,monthly,base,10.0,0.0,True,,False,True,0,0,2134.0,0.5743697535463612,0.05505708840323442,0.1881265210776981,0.3791726946623608,0.23108140123029214,0.31959696890990463,-0.36111472952732904,1219.0,0.15246425554366017,0.729693847048574,8.78915212958601,0.06942740475711055,4.0,27.0,3.0,0.0,0.0,0.928764945626155,0.31382492538573686,1.0,0.23529411764705882,0.0,0.0007896613385463757,0.46671741378859005,0.4659277524500437,0.9326451662386337,0.0007896613385463757,0.0,2134.0,-0.08362142271885746,-0.07952553153378383,0.011314068497024979,0.06957928131854767,0.04204705736113299,0.2671717354834632,-0.31298753428217063,1.0,0.0,24,0.23529411764705882,0.6972510189111575,0.31382492538573686,0.007246956278355719,0.03289450126335164,0.08648732687343064,-0.0437819640260054,-0.6380016995669795
G32,G32__mom_255_21__top10__monthly__long_short,long_short,mom_255_21,10,monthly,base,10.0,0.01,True,,False,True,0,0,2134.0,0.5137943452920024,0.050180028875872695,0.18816320959520158,0.35450861485131674,0.2064409901224903,0.28521043315148414,-0.367263950777443,1231.0,0.13663205650772164,0.7298701718587783,8.791275959446127,0.06812856707087946,4.0,27.0,3.0,0.0,0.0,0.928764945626155,0.31382492538573686,1.0,0.23529411764705882,0.0,0.0007894190635150648,0.466815417781583,0.466025998718068,0.932841416499651,0.0007894190635150648,0.03609569065278154,2134.0,-0.08824838385377078,-0.08378047548465646,0.011302833850224224,0.0649540610355517,0.03742142939602595,0.2671991188725312,-0.3302719867720452,1.0,0.0,24,0.23529411764705882,0.6972510189111575,0.31382492538573686,0.007606828564519295,0.029851789006089174,0.08719095941816318,-0.04379451923803271,-0.6382663293351793
G32,G32__mom_255_21__top10__monthly__long_short,long_short,mom_255_21,10,monthly,base,10.0,0.03,True,,False,True,0,0,2134.0,0.4010877688011829,0.040628734061924465,0.18823563893203654,0.3059020643199264,0.15788127363347107,0.21765948788067804,-0.3818596027152784,2008.0,0.10639704690683922,0.7302203907552065,8.795494341130192,0.06566434874539277,4.0,27.0,3.0,0.0,0.0,0.928764945626155,0.31382492538573686,1.0,0.23529411764705882,0.0,0.0007889401624245502,0.4670087202592883,0.46621978009686366,0.9332285003561519,0.0007889401624245502,0.10316928372011888,2134.0,-0.0973721921254534,-0.09211341131691435,0.011280694312240337,0.05583368337079703,0.02830024817566227,0.2672531794118776,-0.36434437315107904,1.0,0.0,24,0.23529411764705882,0.6972510189111575,0.31382492538573686,0.008306156750844965,0.023854444509012973,0.08586134223981517,-0.04381923613466446,-0.6387933603164377
G32,G32__mom_255_21__top10__monthly__long_short,long_short,mom_255_21,10,monthly,base,20.0,0.0,True,,False,True,0,0,2134.0,0.4613134386702378,0.04581347215074971,0.18815125726387422,0.33237303179560684,0.18429161317455278,0.2542834568483464,-0.37440683058496427,1368.0,0.12236281074031646,0.729693847048574,8.78915212958601,0.13379401067438496,4.0,27.0,3.0,0.0,0.0,0.928764945626155,0.31382492538573686,1.0,0.23529411764705882,0.0,0.0007896613385463757,0.46671741378859005,0.4659277524500437,0.9326451662386337,0.0007896613385463757,0.0,2134.0,-0.0924174588403946,-0.08759003614707352,0.011394984804910007,0.06077070690255209,0.03324072442819923,0.2671780021969968,-0.34590220033254454,1.0,0.0,24,0.23529411764705882,0.6972510189111575,0.31382492538573686,0.007847256390259412,0.02681299415204108,0.08708042811344174,-0.04376602032575638,-0.6380016995669795
G32,G32__mom_255_21__top10__monthly__long_short,long_short,mom_255_21,10,monthly,base,20.0,0.01,True,,False,True,0,0,2134.0,0.4050626474412884,0.040976925268483066,0.18818796451094014,0.30771085788035385,0.15965315960203058,0.22005045288239466,-0.3828315025549588,2008.0,0.10703645074924437,0.7298701718587783,8.791275959446127,0.131324239683191,4.0,27.0,3.0,0.0,0.0,0.928764945626155,0.31382492538573686,1.0,0.23529411764705882,0.0,0.0007894190635150648,0.466815417781583,0.466025998718068,0.932841416499651,0.0007894190635150648,0.034718261675498574,2134.0,-0.09704638265092469,-0.09180963522810884,0.011383880500144534,0.05614350374693749,0.028613117183181096,0.2672053835692849,-0.3631902222724532,1.0,0.0,24,0.23529411764705882,0.6972510189111575,0.31382492538573686,0.008200915071159567,0.02377232090168238,0.0853404892134021,-0.04377855491516566,-0.6382663293351776
G32,G32__mom_255_21__top10__monthly__long_short,long_short,mom_255_21,10,monthly,base,20.0,0.03,True,,False,True,0,0,2134.0,0.30040490303160006,0.03150496952628079,0.18826042985226563,0.259107934459377,0.11109717118639874,0.1528009458261196,-0.4059800715674794,2023.0,0.0776022562010023,0.7302203907552065,8.795494341130192,0.1266373438147884,4.0,27.0,3.0,0.0,0.0,0.928764945626155,0.31382492538573686,1.0,0.23529411764705882,0.0,0.0007889401624245502,0.4670087202592883,0.46621978009686366,0.9332285003561519,0.0007889401624245502,0.09928368690094755,2134.0,-0.10617409153388868,-0.1000733524458515,0.011361999016475919,0.04701918548438855,0.019488002473988818,0.2672594393580339,-0.39726975327390646,1.0,0.0,24,0.23529411764705882,0.6972510189111575,0.31382492538573686,0.008888121828644291,0.017779013255725035,0.08490337395985209,-0.043803230256990566,-0.638793360316436
G32,G32__mom_255_21__top10__weekly__long_only,long_only,mom_255_21,10,weekly,base,0.0,0.0,True,,False,True,0,0,2134.0,2.0676548151901013,0.14152664270541782,0.31576118164154715,0.5783589157095139,0.49012093800676004,0.6724721916149545,-0.5074575532557362,1472.0,0.2788935582836712,0.35256501911295113,18.48537715956414,0.0,0.0,0.0,0.0,0.0,0.0,0.9254200484350792,0.4875685362998098,1.0,0.47297297297297297,0.0,0.925771597108419,0.925771597108419,0.0,0.925771597108419,0.925771597108419,0.0,2134.0,0.02766943198401636,-0.0040859956928644145,1.1602311011538236,0.0028410039430327686,0.007326291023349458,0.22601454848448882,0.12242323412165342,1.0,1.0,210,0.47297297297297297,0.8423166738341672,0.4875685362998098,-0.05146161013089148,-0.11312986748739051,0.020922754294890433,-0.030416896305199448,-1.5229001175391979
G32,G32__mom_255_21__top10__weekly__long_only,long_only,mom_255_21,10,weekly,base,5.0,0.0,True,,False,True,0,0,2134.0,1.8366824783024325,0.13102331386671162,0.3158102410667243,0.5490412394257846,0.46081560120169374,0.6315007790482562,-0.5174101889342351,1483.0,0.25322909495963797,0.35256501911295113,18.48537715956414,0.07584675267108967,0.0,0.0,0.0,0.0,0.0,0.9254200484350792,0.4875685362998098,1.0,0.47297297297297297,0.0,0.925771597108419,0.925771597108419,0.0,0.925771597108419,0.925771597108419,0.0,2134.0,0.018438983525286428,-0.013249524506802505,1.1603018170604957,-0.006400402218587062,-0.0019132209549368013,0.22607156566682926,0.08156259488404968,1.0,1.0,210,0.47297297297297297,0.8423166738341672,0.4875685362998098,-0.050088187689842883,-0.11349863899580137,0.020277223515559273,-0.030401675731224098,-1.5229001175391979
G32,G32__mom_255_21__top10__weekly__long_only,long_only,mom_255_21,10,weekly,base,10.0,0.0,True,,True,True,0,0,2134.0,1.623055019981158,0.12061432312972009,0.3158647098805205,0.5197237696544085,0.43151199109843325,0.5906314468818753,-0.527163967730217,1499.0,0.2287984963180299,0.35256501911295113,18.48537715956414,0.14534841802574344,0.0,0.0,0.0,0.0,0.0,0.9254200484350792,0.4875685362998098,1.0,0.47297297297297297,0.0,0.925771597108419,0.925771597108419,0.0,0.925771597108419,0.925771597108419,0.0,2134.0,0.009208535066556545,-0.022330748945949434,1.1603725329671681,-0.015641808380206866,-0.011152732933222925,0.22613613495808707,0.0407212012722482,1.0,1.0,210,0.47297297297297297,0.8423166738341672,0.4875685362998098,-0.04873582990717071,-0.11386212324603878,0.019649162149833477,-0.030386890816370804,-1.5229001175391979
G32,G32__mom_255_21__top10__weekly__long_only,long_only,mom_255_21,10,weekly,base,20.0,0.0,True,,False,True,0,0,2134.0,1.2427354360605323,0.10007605587935586,0.3159898642068299,0.461095488515645,0.37291598101541884,0.509204618081343,-0.5460905913609643,1724.0,0.1832590736089168,0.35256501911295113,18.48537715956414,0.2673469195703563,0.0,0.0,0.0,0.0,0.0,0.9254200484350792,0.4875685362998098,1.0,0.47297297297297297,0.0,0.925771597108419,0.925771597108419,0.0,0.925771597108419,0.925771597108419,0.0,2134.0,-0.009252361850903109,-0.040249163824435115,1.1605139647805123,-0.03412462070344628,-0.02963175688979517,0.2262879032520808,-0.040887567200603464,1.0,1.0,210,0.47297297297297297,0.8423166738341672,0.4875685362998098,-0.04609324248660074,-0.11457307806799566,0.01980518090328498,-0.03035863109868181,-1.5229001175391979
G32,G32__mom_255_21__top10__weekly__long_short,long_short,mom_255_21,10,weekly,base,0.0,0.0,True,,False,True,4,0,2134.0,0.4320591869740784,0.0433190420843832,0.18760282903085954,0.3201250099881195,0.17161484476966365,0.2341923639057751,-0.43290620333711916,1669.0,0.10006565336891038,0.3696368493536145,19.380472258892794,0.0,3.0,27.0,3.0,7.0,0.0,0.9293936921394486,0.35537150479912066,1.0,0.23198198198198197,0.0,0.0005142760169655481,0.4650832695241831,0.46456899350721753,0.9296522630314006,0.0005142760169655481,0.0,2134.0,-0.09489750513604028,-0.08976627780707762,0.006011215600268597,0.05912489644079971,0.03144953374198861,0.2675341043512628,-0.354711805308542,1.0,0.0,103,0.23198198198198197,0.6956388282516036,0.35537150479912066,0.016592148759544498,0.062457624053915556,0.11359724026786022,-0.04105857646072486,-1.521890002489453
G32,G32__mom_255_21__top10__weekly__long_short,long_short,mom_255_21,10,weekly,base,0.0,0.01,True,,False,True,4,0,2134.0,0.37710424210702365,0.038509149036559887,0.1876128366297099,0.29548604483674135,0.14697766759365552,0.20036113115657916,-0.4418333027407978,1683.0,0.08715764248117652,0.3696592812355653,19.38164838748122,0.0,3.0,27.0,3.0,7.0,0.0,0.9293936921394486,0.35537150479912066,1.0,0.23198198198198197,0.0,0.000514357006605111,0.46510951497218184,0.46459515796557677,0.9297046729377585,0.000514357006605111,0.03446832248895365,2134.0,-0.09951688759702898,-0.09396262300511153,0.006002182718643045,0.05450691365970979,0.02683120455584826,0.2675423652865362,-0.37196683781444123,1.0,0.0,103,0.23198198198198197,0.6956388282516036,0.35537150479912066,0.016880172204816687,0.059583615162099327,0.11293598099154412,-0.041063291159502996,-1.52211385837456
G32,G32__mom_255_21__top10__weekly__long_short,long_short,mom_255_21,10,weekly,base,0.0,0.03,True,,False,True,4,0,2134.0,0.2748847590124537,0.029093562252701544,0.18763261024081734,0.24693104956973883,0.09842635068946196,0.13389840803828085,-0.45901936245398633,1976.0,0.06338199351147847,0.36970359848054263,19.383971990061365,0.0,3.0,27.0,3.0,7.0,0.0,0.9293936921394486,0.35537150479912066,1.0,0.23198198198198197,0.0,0.0005145167363205323,0.4651612493245734,0.46464673258825284,0.9298079819128263,0.0005145167363205323,0.09848679258178188,2134.0,-0.10862154527306891,-0.1021771616641399,0.005984377989273515,0.045405014895259166,0.017728622989877332,0.2675586821714325,-0.40597279217974314,1.0,0.0,103,0.23198198198198197,0.6956388282516036,0.35537150479912066,0.017438772637225645,0.053918840656279256,0.1116036751249212,-0.04107254188667456,-1.5225562258719307
G32,G32__mom_255_21__top10__weekly__long_short,long_short,mom_255_21,10,weekly,base,5.0,0.0,True,,False,True,4,0,2134.0,0.31922561775894476,0.03325674928532796,0.18761077079025124,0.2684604025540709,0.11994388447208607,0.16329646798879835,-0.45272367419480297,1963.0,0.07345926705617316,0.3696368493536145,19.380472258892794,0.0703850213286059,3.0,27.0,3.0,7.0,0.0,0.9293936921394486,0.35537150479912066,1.0,0.23198198198198197,0.0,0.0005142760169655481,0.4650832695241831,0.46456899350721753,0.9296522630314006,0.0005142760169655481,0.0,2134.0,-0.10458779960351329,-0.09854502894534804,0.0060747920826207565,0.049424750551812335,0.021751142013144827,0.2675309230232224,-0.3909372360459235,1.0,0.0,103,0.23198198198198197,0.6956388282516036,0.35537150479912066,0.017205733441543657,0.05646461883603916,0.11211374883108893,-0.041098105507526766,-1.521890002489453
G32,G32__mom_255_21__top10__weekly__long_short,long_short,mom_255_21,10,weekly,base,5.0,0.01,True,,False,True,4,0,2134.0,0.2685943165702316,0.028492640311430728,0.1876208100265409,0.2438230394946503,0.09530837994717063,0.12962065463449216,-0.461339926647235,1976.0,0.06176062089075961,0.3696592812355653,19.38164838748122,0.06905777522959658,3.0,27.0,3.0,7.0,0.0,0.9293936921394486,0.35537150479912066,1.0,0.23198198198198197,0.0,0.000514357006605111,0.46510951497218184,0.46459515796557677,0.9297046729377585,0.000514357006605111,0.03303318632083005,2134.0,-0.10920758648022409,-0.10270143026586834,0.0060657212736373225,0.044806369231990904,0.01713241322183182,0.2675392117606849,-0.4081928243771265,1.0,0.0,103,0.23198198198198197,0.6956388282516036,0.35537150479912066,0.017487240832043525,0.053586994728251035,0.11143046042444682,-0.04110279788483709,-1.52211385837456
G32,G32__mom_255_21__top10__weekly__long_short,long_short,mom_255_21,10,weekly,base,5.0,0.03,True,,False,True,4,0,2134.0,0.17441773466517763,0.01916668333496152,0.18764064583100953,0.19527122460173477,0.04676038233270496,0.06346342035203043,-0.4779275141939221,1995.0,0.04010374537086082,0.36970359848054263,19.383971990061365,0.06654161038182238,3.0,27.0,3.0,7.0,0.0,0.9293936921394486,0.35537150479912066,1.0,0.23198198198198197,0.0,0.0005145167363205323,0.4651612493245734,0.46464673258825284,0.9298079819128263,0.0005145167363205323,0.09444245777161031,2134.0,-0.11831304395686203,-0.11083777225646727,0.0060478419425844645,0.03570368222676126,0.008029041317264637,0.267555583311349,-0.44219986924804167,1.0,0.0,103,0.23198198198198197,0.6956388282516036,0.35537150479912066,0.01803313772403082,0.04791512859926446,0.11005811510685715,-0.04111200465645426,-1.5225562258719307
G32,G32__mom_255_21__top10__weekly__long_short,long_short,mom_255_21,10,weekly,base,10.0,0.0,True,,False,True,4,0,2134.0,0.21526018963222904,0.02328930044713351,0.1876281946948297,0.2167892125621895,0.06827386391629248,0.09273331874858298,-0.4718529643948458,1993.0,0.049357113771664386,0.3696368493536145,19.380472258892794,0.1351415812613867,3.0,27.0,3.0,7.0,0.0,0.9293936921394486,0.35537150479912066,1.0,0.23198198198198197,0.0,0.0005142760169655481,0.4650832695241831,0.46456899350721753,0.9296522630314006,0.0005142760169655481,0.0,2134.0,-0.11427809407098634,-0.10724103437685271,0.006138368564972956,0.03972460466282489,0.012052750284301,0.2675343918603378,-0.42715291023459695,1.0,0.0,103,0.23198198198198197,0.6956388282516036,0.35537150479912066,0.01780562388572321,0.05045438115019678,0.11058165061535574,-0.04113693662708931,-1.521890002489453
G32,G32__mom_255_21__top10__weekly__long_short,long_short,mom_255_21,10,weekly,base,10.0,0.01,True,,True,True,4,0,2134.0,0.16861321269753704,0.018570549712838336,0.1876382657994415,0.19215471394551578,0.04364129468938345,0.05921389325941417,-0.48016912557415126,1996.0,0.03867501828784395,0.3696592812355653,19.38164838748122,0.13263205922018248,3.0,27.0,3.0,7.0,0.0,0.9293936921394486,0.35537150479912066,1.0,0.23198198198198197,0.0,0.000514357006605111,0.46510951497218184,0.46459515796557677,0.9297046729377585,0.000514357006605111,0.03167806753765934,2134.0,-0.11889828536341929,-0.11135786333494078,0.00612925982863151,0.035105824804271914,0.007433621887815272,0.26754270871466523,-0.4444086177292334,1.0,0.0,103,0.23198198198198197,0.6956388282516036,0.35537150479912066,0.018080713910409336,0.04757356853131165,0.10987890262961142,-0.04114160670854,-1.52211385837456
G32,G32__mom_255_21__top10__weekly__long_short,long_short,mom_255_21,10,weekly,base,10.0,0.03,True,,False,True,4,0,2134.0,0.08184827309789067,0.009333388853901559,0.18765816425570805,0.14360856677658992,-0.004900895721072915,-0.006635966873282836,-0.49617895030594517,2026.0,0.018810529644892368,0.36970359848054263,19.383971990061365,0.12787322632703735,3.0,27.0,3.0,7.0,0.0,0.9293936921394486,0.35537150479912066,1.0,0.23198198198198197,0.0,0.0005145167363205323,0.4651612493245734,0.46464673258825284,0.9298079819128263,0.0005145167363205323,0.09062225572887196,2134.0,-0.12800454264065553,-0.11941673600185464,0.0061113058958953284,0.026002349558262996,-0.001670540355348438,0.26755913555452904,-0.47841589252917877,1.0,0.0,103,0.23198198198198197,0.6956388282516036,0.35537150479912066,0.01861409995263056,0.04189545160262559,0.10847137092767889,-0.04115076957652736,-1.5225562258719307
G32,G32__mom_255_21__top10__weekly__long_short,long_short,mom_255_21,10,weekly,base,20.0,0.0,True,,False,True,4,0,2134.0,0.031207123938353565,0.003635449074760322,0.18769147693940122,0.11345842653412727,-0.03503202194868657,-0.04736063607214674,-0.5081411759641239,2034.0,0.00715440756766579,0.3696368493536145,19.380472258892794,0.24956535323599927,3.0,27.0,3.0,7.0,0.0,0.9293936921394486,0.35537150479912066,1.0,0.23198198198198197,0.0,0.0005142760169655481,0.4650832695241831,0.46456899350721753,0.9296522630314006,0.0005142760169655481,0.0,2134.0,-0.13365868300593275,-0.12438784907924788,0.006265521529677263,0.020324312884849715,-0.0073440331733869366,0.26756127849956735,-0.499544193223568,1.0,0.0,103,0.23198198198198197,0.6956388282516036,0.35537150479912066,0.018965140197608824,0.038392574954537725,0.1073940200011354,-0.04121249016783607,-1.521890002489453
G32,G32__mom_255_21__top10__weekly__long_short,long_short,mom_255_21,10,weekly,base,20.0,0.01,True,,False,True,4,0,2134.0,-0.008384984086177716,-0.0009938472433761447,0.18770161245430744,0.08883343784589467,-0.05965493877951472,-0.0805645388088529,-0.5158879550474953,2034.0,-0.0019264788674599818,0.3696592812355653,19.38164838748122,0.2450742623200722,3.0,27.0,3.0,7.0,0.0,0.9293936921394486,0.35537150479912066,1.0,0.23198198198198197,0.0,0.000514357006605111,0.46510951497218184,0.46459515796557677,0.9297046729377585,0.000514357006605111,0.029188456743661148,2134.0,-0.13827968312980976,-0.1284266343873097,0.006256336938620089,0.01570473594883395,-0.01196396078021778,0.2675696525232179,-0.5167988291116489,1.0,0.0,103,0.23198198198198197,0.6956388282516036,0.35537150479912066,0.019227686483880256,0.03550666804952678,0.10665942820360896,-0.04121711574990036,-1.5221138583745564
G32,G32__mom_255_21__top10__weekly__long_short,long_short,mom_255_21,10,weekly,base,20.0,0.03,True,,False,True,4,0,2134.0,-0.08202658936311447,-0.010055886707088568,0.18772163755213297,0.040306076293416676,-0.10817806317867036,-0.14579429589984258,-0.530801558191289,2034.0,-0.018944719645047934,0.36970359848054263,19.383971990061365,0.236552876141832,3.0,27.0,3.0,7.0,0.0,0.9293936921394486,0.35537150479912066,1.0,0.23198198198198197,0.0,0.0005145167363205323,0.4651612493245734,0.46464673258825284,0.9298079819128263,0.0005145167363205323,0.08360001795462618,2134.0,-0.14738754000824225,-0.13633272406744712,0.006238233802517217,0.006599684221266687,-0.021069703700574344,0.2675861917951901,-0.5508039821466288,1.0,0.0,103,0.23198198198198197,0.6956388282516036,0.35537150479912066,0.019736618984835533,0.029818577104693836,0.1051948782488683,-0.04122619099691652,-1.5225562258719307
G32,G32__mom_255_21__top20__monthly__long_only,long_only,mom_255_21,20,monthly,base,0.0,0.0,True,,False,True,0,0,2134.0,2.5293652434919967,0.16058365527800644,0.276741527683306,0.6773721732855521,0.5766896967953787,0.7954851104010909,-0.4048326795787053,798.0,0.3966667301787989,0.6378815870156338,7.683274748195806,0.0,1.0,0.0,0.0,0.0,0.0,0.9315886104773643,0.45206325532618785,1.0,0.38235294117647056,0.0,0.9322169712304479,0.9322169712304479,0.0,0.9322169712304479,0.9322169712304479,0.0,2134.0,0.03250314739186108,0.012540112705549639,1.1145806759473817,0.014748429068383199,0.017955886012124677,0.1769893757523354,0.18364462416853403,1.0,1.0,39,0.38235294117647056,0.821077904325414,0.45206325532618785,-0.046257345451805154,-0.11325498598609518,-0.0054538236255523564,-0.01921812970002179,-0.41988257486520286
G32,G32__mom_255_21__top20__monthly__long_only,long_only,mom_255_21,20,monthly,base,5.0,0.0,True,,True,True,0,0,2134.0,2.4163759717217603,0.15613288258458802,0.2767359035196215,0.6634894921929897,0.5628044565290842,0.775894312112332,-0.40900242930310127,803.0,0.3817407218109258,0.6378815870156338,7.683274748195806,0.04198603409820773,1.0,0.0,0.0,0.0,0.0,0.9315886104773643,0.45206325532618785,1.0,0.38235294117647056,0.0,0.9322169712304479,0.9322169712304479,0.0,0.9322169712304479,0.9322169712304479,0.0,2134.0,0.02865750144445821,0.00865707862685624,1.1145694227443246,0.010904526848261212,0.014111664696466792,0.17698292296361415,0.1619224101658096,1.0,1.0,39,0.38235294117647056,0.821077904325414,0.45206325532618785,-0.045827499975741676,-0.11344758253342857,-0.00519996708739745,-0.01921753204296256,-0.41988257486520286
G32,G32__mom_255_21__top20__monthly__long_only,long_only,mom_255_21,20,monthly,base,10.0,0.0,True,,False,True,0,0,2134.0,2.306965932107326,0.15169761508804336,0.27673498344192843,0.6495952044607407,0.5489093209115072,0.7563148776150348,-0.4131445882374214,942.0,0.3671780277583291,0.6378815870156338,7.683274748195806,0.08241570917406688,1.0,0.0,0.0,0.0,0.0,0.9315886104773643,0.45206325532618785,1.0,0.38235294117647056,0.0,0.9322169712304479,0.9322169712304479,0.0,0.9322169712304479,0.9322169712304479,0.0,2134.0,0.024811855497055526,0.004787571908914776,1.1145581695412676,0.0070606246281394724,0.010267443380809095,0.17698382559923279,0.14019278548786826,1.0,1.0,39,0.38235294117647056,0.821077904325414,0.45206325532618785,-0.04540009569831294,-0.11363863875727398,-0.004949296869441011,-0.01921707955620655,-0.41988257486520286
G32,G32__mom_255_21__top20__monthly__long_only,long_only,mom_255_21,20,monthly,base,20.0,0.0,True,,False,True,0,0,2134.0,2.098438312200271,0.14287340118268377,0.27674725549231055,0.621774643977904,0.5210921987802685,0.7171907048034877,-0.42134682026902814,948.0,0.33908740806791826,0.6378815870156338,7.683274748195806,0.15882016743997687,1.0,0.0,0.0,0.0,0.0,0.9315886104773643,0.45206325532618785,1.0,0.38235294117647056,0.0,0.9322169712304479,0.9322169712304479,0.0,0.9322169712304479,0.9322169712304479,0.0,2134.0,0.017120563602249776,-0.002911029136893158,1.1145356631351537,-0.0006271798121044989,0.0025790007494931586,0.1770076957764417,0.09672214265685271,1.0,1.0,39,0.38235294117647056,0.821077904325414,0.45206325532618785,-0.04455256739759972,-0.11401598992846129,-0.004028168174744329,-0.019216610177319127,-0.41988257486520286
G32,G32__mom_255_21__top20__monthly__long_short,long_short,mom_255_21,20,monthly,base,0.0,0.0,True,,False,True,0,0,2134.0,0.9689969920785055,0.08329524898431573,0.15049326024875023,0.6071121477622662,0.42204341201334483,0.5823778146015903,-0.2820882071089331,913.0,0.2952808621033557,0.6514963679769908,7.847264593477307,0.0,6.0,28.0,4.0,0.0,0.0,0.9155280687611941,0.3234784319955673,1.0,0.22549019607843138,0.0,0.0013630781409376088,0.45983511483581374,0.4584720366948762,0.9183071515306899,0.0013630781409376088,0.0,2134.0,-0.06358757619997926,-0.05488941834423714,-0.0037932899221874866,0.09195407137897135,0.06399688623978152,0.24443802316701818,-0.2601378270701016,1.0,0.0,23,0.22549019607843138,0.6253853484192092,0.3234784319955673,0.013604906170522832,0.12102640707693602,0.13417731170178887,-0.044448096848038854,-0.644323646119334
G32,G32__mom_255_21__top20__monthly__long_short,long_short,mom_255_21,20,monthly,base,0.0,0.01,True,,False,True,0,0,2134.0,0.89459607495883,0.07837897335846145,0.15052041482664522,0.5768027767165211,0.3917586923300231,0.5398823587216566,-0.28512426524738577,913.0,0.27489408272725074,0.6516463964452758,7.849071684268682,0.0,6.0,28.0,4.0,0.0,0.0,0.9155280687611941,0.3234784319955673,1.0,0.22549019607843138,0.0,0.001363298457882117,0.4599302600620718,0.4585669616041898,0.9184972216662616,0.001363298457882117,0.04272323019844244,2134.0,-0.0681332694288121,-0.05917857600526276,-0.003804929284585621,0.08741018171430093,0.05945256833797833,0.244456495612007,-0.2787132706710764,1.0,0.0,23,0.22549019607843138,0.6253853484192092,0.3234784319955673,0.014022591855186839,0.11641157290902487,0.13535790125541441,-0.04446316917746959,-0.6446615724980918
G32,G32__mom_255_21__top20__monthly__long_short,long_short,mom_255_21,20,monthly,base,0.0,0.03,True,,False,True,0,0,2134.0,0.7560211557230636,0.06874981415701509,0.1505740428319475,0.5170689613057274,0.3320738148700809,0.4564544905165128,-0.29436338455479893,921.0,0.2335542318247009,0.6519436377871753,7.852651952053211,0.0,6.0,28.0,4.0,0.0,0.0,0.9155280687611941,0.3234784319955673,1.0,0.22549019607843138,0.0,0.0013637326456668907,0.4601179214102431,0.45875418876457624,0.9188721101748192,0.0013637326456668907,0.12190370934860481,2134.0,-0.07709669872662446,-0.06757944387786245,-0.0038278661926683835,0.07845030657899334,0.05049184912460724,0.244492974387209,-0.3153329821433834,1.0,0.0,23,0.22549019607843138,0.6253853484192092,0.3234784319955673,0.014834092611860888,0.10731317255799433,0.13699714631525428,-0.04449284618092669,-0.6453305472702855
G32,G32__mom_255_21__top20__monthly__long_short,long_short,mom_255_21,20,monthly,base,5.0,0.0,True,,False,True,0,0,2134.0,0.9046380574098036,0.07905236466534582,0.15049693625604804,0.5810185315050302,0.3959470288407197,0.5456548058380009,-0.28497993028080226,913.0,0.27739625238679905,0.6514963679769908,7.847264593477307,0.036599169302017606,6.0,28.0,4.0,0.0,0.0,0.9155280687611941,0.3234784319955673,1.0,0.22549019607843138,0.0,0.0013630781409376088,0.45983511483581374,0.4584720366948762,0.9183071515306899,0.0013630781409376088,0.0,2134.0,-0.06751235375384848,-0.05859108219844553,-0.0037608025046534837,0.0880242597742676,0.06006793673746687,0.24443539245482634,-0.27619712953935394,1.0,0.0,23,0.22549019607843138,0.6253853484192092,0.3234784319955673,0.01389493633544242,0.11672038150636882,0.13487141458130875,-0.044438714575236155,-0.644323646119334
G32,G32__mom_255_21__top20__monthly__long_short,long_short,mom_255_21,20,monthly,base,5.0,0.01,True,,True,True,0,0,2134.0,0.8326549922434454,0.07415437344487463,0.15052411185270168,0.550709017572135,0.36566224487985427,0.503262061251072,-0.2893585961449251,919.0,0.2562715413774487,0.6516463964452758,7.849071684268682,0.0358767995076745,6.0,28.0,4.0,0.0,0.0,0.9155280687611941,0.3234784319955673,1.0,0.22549019607843138,0.0,0.001363298457882117,0.4599302600620718,0.4585669616041898,0.9184972216662616,0.001363298457882117,0.04194971566977522,2134.0,-0.07205887689402417,-0.06286428780482571,-0.0037723968454044378,0.0834795332219762,0.055522783174997474,0.24445387166772659,-0.294774946301403,1.0,0.0,23,0.22549019607843138,0.6253853484192092,0.3234784319955673,0.014309440403941533,0.11210660290500057,0.1357804039122929,-0.04445376744016291,-0.6446615724980918
G32,G32__mom_255_21__top20__monthly__long_short,long_short,mom_255_21,20,monthly,base,5.0,0.03,True,,False,True,0,0,2134.0,0.6985848207660197,0.06456103050864481,0.15057778059201363,0.49097490493149004,0.3059772242139173,0.42003576892118577,-0.29888302383287024,1047.0,0.21600768648789542,0.6519436377871753,7.852651952053211,0.03450746318965185,6.0,28.0,4.0,0.0,0.0,0.9155280687611941,0.3234784319955673,1.0,0.22549019607843138,0.0,0.0013637326456668907,0.4601179214102431,0.45875418876457624,0.9188721101748192,0.0013637326456668907,0.11972308522395263,2134.0,-0.08102395114238503,-0.07123390811930952,-0.003795244929817926,0.07451799937254944,0.046560407666484276,0.24449036335517738,-0.3313993649094442,1.0,0.0,23,0.22549019607843138,0.6253853484192092,0.3234784319955673,0.015114733549473014,0.10301030912369102,0.13732217511432004,-0.04448340616845206,-0.6453305472702855
G32,G32__mom_255_21__top20__monthly__long_short,long_short,mom_255_21,20,monthly,base,10.0,0.0,True,,False,True,0,0,2134.0,0.8423607857707782,0.07482458378594936,0.1505095749141763,0.5548931447932723,0.36982991418359984,0.5090037666004288,-0.28906067422945614,918.0,0.25885424914823824,0.6514963679769908,7.847264593477307,0.07191968957049669,6.0,28.0,4.0,0.0,0.0,0.9155280687611941,0.3234784319955673,1.0,0.22549019607843138,0.0,0.0013630781409376088,0.45983511483581374,0.4584720366948762,0.9183071515306899,0.0013630781409376088,0.0,2134.0,-0.07143713130771775,-0.06227956920121467,-0.003728315087119417,0.0840944481695638,0.05613898723515209,0.24443828029897527,-0.2922501795559279,1.0,0.0,23,0.22549019607843138,0.6253853484192092,0.3234784319955673,0.014182569783550258,0.11240537592019106,0.13532735234029075,-0.04442828503468241,-0.644323646119334
G32,G32__mom_255_21__top20__monthly__long_short,long_short,mom_255_21,20,monthly,base,10.0,0.01,True,,False,True,0,0,2134.0,0.7727178218112178,0.06994481531951924,0.1505367738303324,0.5245852975639866,0.3395468759298064,0.46671556828437627,-0.29391009460955,920.0,0.23798030963325248,0.6516463964452758,7.849071684268682,0.0705080759345971,6.0,28.0,4.0,0.0,0.0,0.9155280687611941,0.3234784319955673,1.0,0.22549019607843138,0.0,0.001363298457882117,0.4599302600620718,0.4585669616041898,0.9184972216662616,0.001363298457882117,0.04119406347295801,2134.0,-0.0759844843592362,-0.06653687654007424,-0.003739864406223285,0.07954888472965152,0.051592998012016666,0.24445676827717447,-0.3108299471302921,1.0,0.0,23,0.22549019607843138,0.6253853484192092,0.3234784319955673,0.014593909108805939,0.10779342003327103,0.13612533949331873,-0.044443318322641395,-0.6446615724980918
G32,G32__mom_255_21__top20__monthly__long_short,long_short,mom_255_21,20,monthly,base,10.0,0.03,True,,False,True,0,0,2134.0,0.6430074943506063,0.060387167873174885,0.1505904878767576,0.46485445450238455,0.27986527963099317,0.3836944247495116,-0.3033754423034575,1054.0,0.199050942998779,0.6519436377871753,7.852651952053211,0.06783193894663166,6.0,28.0,4.0,0.0,0.0,0.9155280687611941,0.3234784319955673,1.0,0.22549019607843138,0.0,0.0013637326456668907,0.4601179214102431,0.45875418876457624,0.9188721101748192,0.0013637326456668907,0.11759254960419707,2134.0,-0.08495120355814556,-0.07487535466572348,-0.0037626236669676236,0.07058569216610562,0.04262896620836137,0.24449327684022884,-0.34745823957220456,1.0,0.0,23,0.22549019607843138,0.6253853484192092,0.3234784319955673,0.015393027613501482,0.09870074512247926,0.1376352769897699,-0.044472918553193186,-0.6453305472702855
G32,G32__mom_255_21__top20__monthly__long_short,long_short,mom_255_21,20,monthly,base,20.0,0.0,True,,False,True,0,0,2134.0,0.723786860005986,0.06641413865676915,0.15056172955407573,0.5025658011633747,0.31755220787309757,0.4359348089856048,-0.29814158343063424,996.0,0.22276040092280885,0.6514963679769908,7.847264593477307,0.138897168335723,6.0,28.0,4.0,0.0,0.0,0.9155280687611941,0.3234784319955673,1.0,0.22549019607843138,0.0,0.0013630781409376088,0.45983511483581374,0.4584720366948762,0.9183071515306899,0.0013630781409376088,0.0,2134.0,-0.07928668641545625,-0.0696171816346445,-0.0036633402520513843,0.07623482496015624,0.04828108823052265,0.24446061050026377,-0.3243331768386085,1.0,0.0,23,0.22549019607843138,0.6253853484192092,0.3234784319955673,0.014750696941031649,0.10375650935682237,0.13601337297649418,-0.04440429273885538,-0.644323646119334
G32,G32__mom_255_21__top20__monthly__long_short,long_short,mom_255_21,20,monthly,base,20.0,0.01,True,,False,True,0,0,2134.0,0.6586006634297052,0.06157063149132158,0.15058898199359344,0.47226671182828756,0.2872780865269162,0.3938613259489334,-0.3029310122981026,1053.0,0.20324968059305967,0.6516463964452758,7.849071684268682,0.1362015083349935,6.0,28.0,4.0,0.0,0.0,0.9155280687611941,0.3234784319955673,1.0,0.22549019607843138,0.0,0.001363298457882117,0.4599302600620718,0.4585669616041898,0.9184972216662616,0.001363298457882117,0.03973456117481455,2134.0,-0.08383569928966007,-0.07384285314818813,-0.00367479952786086,0.07168758774500229,0.04373342768605521,0.2444791219983826,-0.3429155774300217,1.0,0.0,23,0.22549019607843138,0.6253853484192092,0.3234784319955673,0.015155757110315582,0.09915049585763733,0.13677892488585808,-0.044419286551149656,-0.6446615724980918
G32,G32__mom_255_21__top20__monthly__long_short,long_short,mom_255_21,20,monthly,base,20.0,0.03,True,,False,True,0,0,2134.0,0.5371936146750074,0.05208401416207198,0.15064280033874194,0.41255309994190076,0.22761403292898946,0.3112615230442695,-0.3122792312063477,1069.0,0.16678667345525752,0.6519436377871753,7.852651952053211,0.13109007827667463,6.0,28.0,4.0,0.0,0.0,0.9155280687611941,0.3234784319955673,1.0,0.22549019607843138,0.0,0.0013637326456668907,0.4601179214102431,0.45875418876457624,0.9188721101748192,0.0013637326456668907,0.11347675301862463,2134.0,-0.09280570838966685,-0.08211936172735837,-0.0036973811412669547,0.06272107775321774,0.03476608329211531,0.24451567619720554,-0.3795491145312813,1.0,0.0,23,0.22549019607843138,0.6253853484192092,0.3234784319955673,0.015942624680475977,0.09006958672588786,0.1382262810772526,-0.04444880914923577,-0.6453305472702855
G32,G32__mom_255_21__top20__weekly__long_only,long_only,mom_255_21,20,weekly,base,0.0,0.0,True,,False,True,0,0,2134.0,2.4820145961161386,0.15873398085126245,0.27006256077894153,0.681732165670972,0.5785584511287375,0.7890831117622527,-0.383512063828333,894.0,0.41389566541070966,0.31846752529982403,16.697607530809144,0.0,0.0,0.0,0.0,0.0,0.0,0.9307031672889879,0.44758312024142327,1.0,0.41216216216216217,0.0,0.9310627069919741,0.9310627069919741,0.0,0.9310627069919741,0.9310627069919741,0.0,2134.0,0.029156471773132638,0.010926381938272202,1.05859577941362,0.02007682941780889,0.02172282813772319,0.1783147382063987,0.16351128384791236,1.0,1.0,183,0.41216216216216217,0.8318699796519704,0.44758312024142327,-0.05541983745503365,-0.1319997561508819,0.007064887214009052,-0.025830473058113146,-1.1629561755366353
G32,G32__mom_255_21__top20__weekly__long_only,long_only,mom_255_21,20,weekly,base,5.0,0.0,True,,False,True,0,0,2134.0,2.244315809193268,0.1490992922176959,0.27008595604375374,0.6507705511486797,0.547604637461118,0.7459381341823715,-0.39230135886692286,898.0,0.38006315514260974,0.31846752529982403,16.697607530809144,0.09019782520896413,0.0,0.0,0.0,0.0,0.0,0.9307031672889879,0.44758312024142327,1.0,0.41216216216216217,0.0,0.9310627069919741,0.9310627069919741,0.0,0.9310627069919741,0.9310627069919741,0.0,2134.0,0.020810123818767994,0.002520689965487791,1.0585915940472828,0.011731130002124869,0.013376985273345984,0.17835103310443895,0.11668070241332433,1.0,1.0,183,0.41216216216216217,0.8318699796519704,0.44758312024142327,-0.054258958456741585,-0.1327412294200241,0.0072871690049767235,-0.025816313440493066,-1.1629561755366318
G32,G32__mom_255_21__top20__weekly__long_only,long_only,mom_255_21,20,weekly,base,10.0,0.0,True,,True,True,0,0,2134.0,2.022802589550065,0.13954289480365345,0.27011422884233094,0.6198031078750428,0.5166468627690128,0.7028962988949318,-0.4009670780210147,942.0,0.34801584083254833,0.31846752529982403,16.697607530809144,0.17329407164940075,0.0,0.0,0.0,0.0,0.0,0.9307031672889879,0.44758312024142327,1.0,0.41216216216216217,0.0,0.9310627069919741,0.9310627069919741,0.0,0.9310627069919741,0.9310627069919741,0.0,2134.0,0.012463775864403557,-0.005816697581432691,1.0585874086809461,0.003385430586440876,0.005031142408968915,0.17839470903211935,0.06986628657332825,1.0,1.0,183,0.41216216216216217,0.8318699796519704,0.44758312024142327,-0.053113590475180245,-0.1334772733220565,0.007501600123614172,-0.025802398829048834,-1.1629561755366318
G32,G32__mom_255_21__top20__weekly__long_only,long_only,mom_255_21,20,weekly,base,20.0,0.0,True,,False,True,0,0,2134.0,1.6240099802013162,0.12066249244421567,0.2701854006518736,0.5578574647089225,0.45472615333792527,0.6171283100135593,-0.41793461783366037,1332.0,0.2887114091425655,0.31846752529982403,16.697607530809144,0.32026416110528133,0.0,0.0,0.0,0.0,0.0,0.9307031672889879,0.44758312024142327,1.0,0.41216216216216217,0.0,0.9310627069919741,0.9310627069919741,0.0,0.9310627069919741,0.9310627069919741,0.0,2134.0,-0.004228920044325029,-0.022288724088106053,1.0585790379482722,-0.013305968244926619,-0.0116605433197848,0.1785041813891518,-0.02369087385749067,1.0,1.0,183,0.41216216216216217,0.8318699796519704,0.44758312024142327,-0.05086869055188892,-0.1349326399599478,0.007907614978463151,-0.025775307765442512,-1.1629561755366353
G32,G32__mom_255_21__top20__weekly__long_short,long_short,mom_255_21,20,weekly,base,0.0,0.0,True,,False,True,5,0,2134.0,0.7937832110407639,0.07143840957909231,0.15398863001394397,0.525351326593415,0.34447725570159676,0.47008461892409925,-0.3814350297465501,1127.0,0.1872885393524569,0.32513751091637655,17.047322315563044,0.0,5.0,28.0,4.0,8.0,1.0,0.9221843912941726,0.3551300826213856,1.0,0.25,0.0,0.000587948408569263,0.4615642501917639,0.46097630178319465,0.9225405519749584,0.000587948408569263,0.0,2134.0,-0.07405573159521563,-0.06523380450985242,-0.030450881898036596,0.08561661282942959,0.05692020510058827,0.2505542164681247,-0.2955676924504559,1.0,0.0,111,0.25,0.6887375651766904,0.3551300826213856,0.012997825524197211,0.09682412721001626,0.11919294859639473,-0.03792754629225542,-1.2784543578044136
G32,G32__mom_255_21__top20__weekly__long_short,long_short,mom_255_21,20,weekly,base,0.0,0.01,True,,False,True,5,0,2134.0,0.7254879166640305,0.06653835488262416,0.1539966085363317,0.49555980376113984,0.3146856020332317,0.42888821664063204,-0.3840380475737818,1139.0,0.17325979887407053,0.32515722460188895,17.04835592608067,0.0,5.0,28.0,4.0,8.0,1.0,0.9221843912941726,0.3551300826213856,1.0,0.25,0.0,0.0005880289187690976,0.4615902392650242,0.46100221034625505,0.9225924496112793,0.0005880289187690976,0.0427129677858407,2134.0,-0.07863933354719804,-0.06950881037613489,-0.030461703863125352,0.08103468778273916,0.052337880556212364,0.25056071048326933,-0.3138534105986622,1.0,0.0,111,0.25,0.6887375651766904,0.3551300826213856,0.01335013988454816,0.09296574514629741,0.11988619378747123,-0.03793204243060208,-1.2786746923515722
G32,G32__mom_255_21__top20__weekly__long_short,long_short,mom_255_21,20,weekly,base,0.0,0.03,True,,False,True,5,0,2134.0,0.5983958111050072,0.05694574647120598,0.1540123938444878,0.43685050847038465,0.25597633334577424,0.34800611386834346,-0.3891364950964197,1206.0,0.14633874537286987,0.32519643219305344,17.050411623812728,0.0,5.0,28.0,4.0,8.0,1.0,0.9221843912941726,0.3551300826213856,1.0,0.25,0.0,0.0005881876899216032,0.4616414683513095,0.46105328066138784,0.9226947490126973,0.0005881876899216032,0.12190198315664337,2134.0,-0.08767347009163802,-0.07787778986147251,-0.03048303535091752,0.07200385663472873,0.04330626194688006,0.25057354730052384,-0.3498911638365697,1.0,0.0,111,0.25,0.6887375651766904,0.3551300826213856,0.01403396810013758,0.08536062833031785,0.1212213196615034,-0.037940849431757795,-1.2791141359803646
G32,G32__mom_255_21__top20__weekly__long_short,long_short,mom_255_21,20,weekly,base,5.0,0.0,True,,False,True,5,0,2134.0,0.6688577583762016,0.06234376808513198,0.154008568514717,0.4699416796785666,0.28907396072823305,0.3935047084362969,-0.38719666652756635,1161.0,0.16101318393115205,0.32513751091637655,17.047322315563044,0.07755128952775547,5.0,28.0,4.0,8.0,1.0,0.9221843912941726,0.3551300826213856,1.0,0.25,0.0,0.000587948408569263,0.4615642501917639,0.46097630178319465,0.9225405519749584,0.000587948408569263,0.0,2134.0,-0.08257881728064596,-0.07316833751954432,-0.03039408112597488,0.0770847256449666,0.048389875010416465,0.2505581236245462,-0.32957948473619564,1.0,0.0,111,0.25,0.6887375651766904,0.3551300826213856,0.013558227129601981,0.08918643979168545,0.11997270754548928,-0.037952546688679506,-1.2784543578044136
G32,G32__mom_255_21__top20__weekly__long_short,long_short,mom_255_21,20,weekly,base,5.0,0.01,True,,False,True,5,0,2134.0,0.6053117646897381,0.05748475968085631,0.15401658761707585,0.4401544604450004,0.2592867372176622,0.3525117013467268,-0.389775774304964,1206.0,0.14748161243053481,0.32515722460188895,17.04835592608067,0.07602952866495093,5.0,28.0,4.0,8.0,1.0,0.9221843912941726,0.3551300826213856,1.0,0.25,0.0,0.0005880289187690976,0.4615902392650242,0.46100221034625505,0.9225924496112793,0.0005880289187690976,0.04109292910746726,2134.0,-0.08716277463116952,-0.07740753294068267,-0.03040493941269526,0.07250245082791218,0.043807199675141864,0.25056464845466647,-0.34786541185573305,1.0,0.0,111,0.25,0.6887375651766904,0.3551300826213856,0.013904330356222815,0.0853256583894712,0.12064741193584416,-0.03795701314384875,-1.2786746923515722
G32,G32__mom_255_21__top20__weekly__long_short,long_short,mom_255_21,20,weekly,base,5.0,0.03,True,,False,True,5,0,2134.0,0.4870583776734916,0.04797250332186764,0.15403245252845302,0.381453653368365,0.20058620563021007,0.27202896266731375,-0.3948273867919967,1502.0,0.12150247152723617,0.32519643219305344,17.050411623812728,0.07314521906762736,5.0,28.0,4.0,8.0,1.0,0.9221843912941726,0.3551300826213856,1.0,0.25,0.0,0.0005881876899216032,0.4616414683513095,0.46105328066138784,0.9226947490126973,0.0005881876899216032,0.1173371243219799,2134.0,-0.096197620899076,-0.08570641004619109,-0.030426342801691517,0.06347092109780451,0.03477488046365255,0.2505775458275292,-0.38390359591632434,1.0,0.0,111,0.25,0.6887375651766904,0.3551300826213856,0.014576052581011946,0.07771587421586837,0.1219465107360278,-0.037965761764408495,-1.2791141359803646
G32,G32__mom_255_21__top20__weekly__long_short,long_short,mom_255_21,20,weekly,base,10.0,0.0,True,,False,True,5,0,2134.0,0.5526109017483691,0.053324589171912073,0.15403731885242705,0.4145226634880596,0.2336716774200376,0.3173052019297314,-0.39290595528462624,1220.0,0.13571845489917056,0.32513751091637655,17.047322315563044,0.14939461786944308,5.0,28.0,4.0,8.0,1.0,0.9221843912941726,0.3551300826213856,1.0,0.25,0.0,0.000587948408569263,0.4615642501917639,0.46097630178319465,0.9225405519749584,0.000587948408569263,0.0,2134.0,-0.0911019029660761,-0.08103703392223079,-0.03033728035391283,0.06855283846050374,0.03985954492024483,0.25056744932145897,-0.3635823536248689,1.0,0.0,111,0.25,0.6887375651766904,0.3551300826213856,0.014107936171676272,0.08153371470799922,0.12072075337021404,-0.037976575227475856,-1.27845435780441
G32,G32__mom_255_21__top20__weekly__long_short,long_short,mom_255_21,20,weekly,base,10.0,0.01,True,,True,True,5,0,2134.0,0.49348476222050897,0.048506291020105285,0.15404537876543772,0.38474147951200904,0.2038906164650709,0.2765165741843352,-0.3954613672210733,1502.0,0.12265747059178349,0.32515722460188895,17.04835592608067,0.14649920715027054,5.0,28.0,4.0,8.0,1.0,0.9221843912941726,0.3551300826213856,1.0,0.25,0.0,0.0005880289187690976,0.4615902392650242,0.46100221034625505,0.9225924496112793,0.0005880289187690976,0.03955318642934956,2134.0,-0.09568621571514134,-0.08524071207286929,-0.030348174962264805,0.06397021387308474,0.03527651879407097,0.2505740052555392,-0.38186808570808883,1.0,0.0,111,0.25,0.6887375651766904,0.3551300826213856,0.014447908074919184,0.07767120653559659,0.12137723890000018,-0.037981011993249575,-1.2786746923515722
G32,G32__mom_255_21__top20__weekly__long_short,long_short,mom_255_21,20,weekly,base,10.0,0.03,True,,False,True,5,0,2134.0,0.3834569300788897,0.039073728905067995,0.15406132374984316,0.32605257260020265,0.1452022353566121,0.1964351159345059,-0.40046656429316163,1514.0,0.09757051496679774,0.32519643219305344,17.050411623812728,0.14101002488864206,5.0,28.0,4.0,8.0,1.0,0.9221843912941726,0.3551300826213856,1.0,0.25,0.0,0.0005881876899216032,0.4616414683513095,0.46105328066138784,0.9226947490126973,0.0005881876899216032,0.11299723212217425,2134.0,-0.1047217717065146,-0.09347006069726765,-0.030369650252465685,0.05493798556087971,0.026243498980424416,0.25058696376414014,-0.41790590433539804,1.0,0.0,111,0.25,0.6887375651766904,0.3551300826213856,0.015107680074618896,0.07005808021644411,0.12264093763702189,-0.03798970222620815,-1.2791141359803646
G32,G32__mom_255_21__top20__weekly__long_short,long_short,mom_255_21,20,weekly,base,20.0,0.0,True,,False,True,5,0,2134.0,0.3437889478715179,0.03551017651727628,0.15412123380171014,0.3036946121040452,0.12290819459837993,0.1660828084882527,-0.40467095296323297,1528.0,0.08775074231854396,0.32513751091637655,17.047322315563044,0.27758819807704843,5.0,28.0,4.0,8.0,1.0,0.9221843912941726,0.3551300826213856,1.0,0.25,0.0,0.000587948408569263,0.4615642501917639,0.46097630178319465,0.9225405519749584,0.000587948408569263,0.0,2134.0,-0.10814807433693645,-0.09657904790379722,-0.03022367880978927,0.05148906409157808,0.022798884739901566,0.25060235356558824,-0.43155250857862226,1.0,0.0,111,0.25,0.6887375651766904,0.3551300826213856,0.015175834750912783,0.06619785689466963,0.1220212665581698,-0.03802171116711267,-1.27845435780441
G32,G32__mom_255_21__top20__weekly__long_short,long_short,mom_255_21,20,weekly,base,20.0,0.01,True,,False,True,5,0,2134.0,0.2926037867840878,0.030772301481305053,0.15412937600059368,0.2739306799639318,0.0931446420234493,0.12570586512100704,-0.40870962914502384,1531.0,0.07529135426947822,0.32515722460188895,17.04835592608067,0.2723426925284401,5.0,28.0,4.0,8.0,1.0,0.9221843912941726,0.3551300826213856,1.0,0.25,0.0,0.0005880289187690976,0.4615902392650242,0.46100221034625505,0.9225924496112793,0.0005880289187690976,0.036697316552940215,2134.0,-0.11273309788308453,-0.10071256167601934,-0.030234646061404625,0.04690573996343048,0.01821515703192972,0.25060897256637776,-0.44983663884271097,1.0,0.0,111,0.25,0.6887375651766904,0.3551300826213856,0.015503779887815754,0.0623339110308241,0.12232477433126254,-0.038026088558420434,-1.2786746923515722
G32,G32__mom_255_21__top20__weekly__long_short,long_short,mom_255_21,20,weekly,base,20.0,0.03,True,,False,True,5,0,2134.0,0.1973543664004218,0.02149717543242846,0.15414548248655152,0.21527578231069738,0.0344907745577056,0.04643275869353733,-0.4221039505938744,1562.0,0.05092862884174207,0.32519643219305344,17.050411623812728,0.26239338597031775,5.0,28.0,4.0,8.0,1.0,0.9221843912941726,0.3551300826213856,1.0,0.25,0.0,0.0005881876899216032,0.4616414683513095,0.46105328066138784,0.9226947490126973,0.0005881876899216032,0.10494410814113136,2134.0,-0.12177007332139138,-0.10880455670987851,-0.030256265154013872,0.03787211448703049,0.009180736013968589,0.2506220550707909,-0.4858713383664344,1.0,0.0,111,0.25,0.6887375651766904,0.3551300826213856,0.01614011180028376,0.0547180723030822,0.12172554143679504,-0.03803466204027439,-1.2791141359803646
G32,G32__mom_255_21__top50__monthly__long_only,long_only,mom_255_21,50,monthly,base,0.0,0.0,True,,False,True,0,0,2134.0,1.748154413339262,0.1267966104361391,0.2264973942113561,0.6409006390184879,0.5178649574135332,0.7130285059442829,-0.3504943979835681,418.0,0.3617650129805601,0.6045766220080974,7.282116912884787,0.0,6.0,7.0,4.0,0.0,0.0,0.9321717968110552,0.41366908824852616,1.0,0.35294117647058826,0.0,0.9323762134969279,0.9323762134969279,0.0,0.9323762134969279,0.9323762134969279,0.0,2134.0,-0.00979153796726318,-0.016937071499648407,0.9924651349482729,-0.008623981522926406,-0.008827911105063039,0.12261159334012676,-0.07985817409697368,1.0,1.0,36,0.35294117647058826,0.8078200909646562,0.41366908824852616,-0.036990957949880804,-0.11949254569860157,-1.6653345369377348e-16,-0.0129507630848818,-0.36874218365020894
G32,G32__mom_255_21__top50__monthly__long_only,long_only,mom_255_21,50,monthly,base,5.0,0.0,True,,True,True,0,0,2134.0,1.6646989899277558,0.12270066810081803,0.22648303289278734,0.6248418593219749,0.5017981823180715,0.6904308953458226,-0.3507122624079164,419.0,0.34986135716607436,0.6045766220080974,7.282116912884787,0.04055791850349181,6.0,7.0,4.0,0.0,0.0,0.9321717968110552,0.41366908824852616,1.0,0.35294117647058826,0.0,0.9323762134969279,0.9323762134969279,0.0,0.9323762134969279,0.9323762134969279,0.0,2134.0,-0.01343778327573442,-0.0205105372252595,0.9924385722123933,-0.012266110832870474,-0.012470775439798196,0.1225930407117791,-0.10961293722477414,1.0,1.0,36,0.35294117647058826,0.8078200909646562,0.41366908824852616,-0.036642665246632955,-0.11958676309103167,1.6653345369377348e-16,-0.012956556480434145,-0.36874218365020717
G32,G32__mom_255_21__top50__monthly__long_only,long_only,mom_255_21,50,monthly,base,10.0,0.0,True,,False,True,0,0,2134.0,1.583751793814372,0.1186182787002028,0.22647372663290571,0.6087674544809925,0.48571852634248736,0.6678487208134517,-0.350930126832265,421.0,0.33801110144327706,0.6045766220080974,7.282116912884787,0.07973462951199847,6.0,7.0,4.0,0.0,0.0,0.9321717968110552,0.41366908824852616,1.0,0.35294117647058826,0.0,0.9323762134969279,0.9323762134969279,0.0,0.9323762134969279,0.9323762134969279,0.0,2134.0,-0.01708402858420554,-0.024072178822578113,0.9924120094765136,-0.015908240142814348,-0.01611363977453326,0.1225838264348727,-0.13936608997339528,1.0,1.0,36,0.35294117647058826,0.8078200909646562,0.41366908824852616,-0.036296291690796484,-0.11967959162957598,-3.885780586188048e-16,-0.012962484289963189,-0.36874218365020717
G32,G32__mom_255_21__top50__monthly__long_only,long_only,mom_255_21,50,monthly,base,20.0,0.0,True,,False,True,0,0,2134.0,1.4290858809671878,0.11049399684296546,0.2264702814434089,0.5765760638436113,0.45352486989519447,0.6227352828438872,-0.3513658556809618,530.0,0.31446993228418124,0.6045766220080974,7.282116912884787,0.15412034670588845,6.0,7.0,4.0,0.0,0.0,0.9321717968110552,0.41366908824852616,1.0,0.35294117647058826,0.0,0.9323762134969279,0.9323762134969279,0.0,0.9323762134969279,0.9323762134969279,0.0,2134.0,-0.024376519201148125,-0.03116013084565594,0.9923588840047542,-0.023192498762702594,-0.023399368444003615,0.12259341922397146,-0.19884035664763997,1.0,1.0,36,0.35294117647058826,0.8078200909646562,0.41366908824852616,-0.03560926916306495,-0.11986093968681566,2.220446049250313e-16,-0.012974741537983725,-0.36874218365020894
G32,G32__mom_255_21__top50__monthly__long_short,long_short,mom_255_21,50,monthly,base,0.0,0.0,True,,False,True,0,0,2134.0,0.5902047814703124,0.05630468982120096,0.11275610655809332,0.542363306154888,0.2952828551485335,0.3991891190580776,-0.20998942779006957,1073.0,0.26813106932930847,0.5843443956273224,7.0384200305551525,0.0,15.0,39.0,10.0,0.0,0.0,0.9118546460691875,0.3565950555595774,1.0,0.23529411764705882,0.0,0.00025329140502514775,0.45743321333078485,0.45717992192575974,0.9146131352565446,0.00025329140502514775,0.0,2134.0,-0.09379908791134332,-0.07843707360607233,-0.020274632093234643,0.06429640729872249,0.03587043396504106,0.22589694445188563,-0.4152295558443104,1.0,0.0,24,0.23529411764705882,0.6253822457940473,0.3565950555595774,0.011022876334628957,0.10956653556283147,0.11838207493664404,-0.03491439185694478,-0.5895804390651831
G32,G32__mom_255_21__top50__monthly__long_short,long_short,mom_255_21,50,monthly,base,0.0,0.01,True,,False,True,0,0,2134.0,0.5302092673729275,0.05151839315530582,0.11277633128494521,0.5020092446820384,0.2549616009221378,0.34409603819065965,-0.21362909661517138,1161.0,0.24115812860506716,0.5844798739139013,7.040051864612427,0.0,15.0,39.0,10.0,0.0,0.0,0.9118546460691875,0.3565950555595774,1.0,0.23529411764705882,0.0,0.00025328597330413874,0.4575276580149483,0.45727437204164423,0.9148020300565926,0.00025328597330413874,0.0422636624545239,2134.0,-0.09833910176697698,-0.08261283236631901,-0.02028763388903163,0.059758408121569004,0.03133196218576012,0.2259091595277167,-0.4353037387796213,1.0,0.0,24,0.23529411764705882,0.6253822457940473,0.3565950555595774,0.011454715263660618,0.10314784343065442,0.11910467818552184,-0.03492568781515967,-0.5899248428401442
G32,G32__mom_255_21__top50__monthly__long_short,long_short,mom_255_21,50,monthly,base,0.0,0.03,True,,False,True,0,0,2134.0,0.41845520620463605,0.04214372624544427,0.11281631266165969,0.42247913585672525,0.17549698600282784,0.23606150876617257,-0.2293663561759801,1209.0,0.18373979056069462,0.5847498302712526,7.0433034851416485,0.0,15.0,39.0,10.0,0.0,0.0,0.9118546460691875,0.3565950555595774,1.0,0.23529411764705882,0.0,0.00025327502124179144,0.457713937559843,0.4574606625386013,0.9151746000984443,0.00025327502124179144,0.12079004336088212,2134.0,-0.10729132436950355,-0.09079167087255068,-0.020313260058706054,0.0508101563930185,0.02238277881206588,0.22593329789033043,-0.474880530543061,1.0,0.0,24,0.23529411764705882,0.6253822457940473,0.3565950555595774,0.012293890409555367,0.09049399908920125,0.12044607621781,-0.0349478890286813,-0.5906102082464484
G32,G32__mom_255_21__top50__monthly__long_short,long_short,mom_255_21,50,monthly,base,5.0,0.0,True,,False,True,0,0,2134.0,0.5435060601233137,0.052593275275353735,0.11275634668953584,0.5111410727616065,0.2640524910467701,0.35643860114405485,-0.21275073610207929,1147.0,0.2472060789962161,0.5843443956273224,7.0384200305551525,0.03269193321832063,15.0,39.0,10.0,0.0,0.0,0.9118546460691875,0.3565950555595774,1.0,0.23529411764705882,0.0,0.00025329140502514775,0.45743321333078485,0.45717992192575974,0.9146131352565446,0.00025329140502514775,0.0,2134.0,-0.0973194626457747,-0.08167506173856047,-0.020258525210696578,0.06077353674062653,0.03234797069335366,0.2258944387942169,-0.43081832012000015,1.0,0.0,24,0.23529411764705882,0.6253822457940473,0.3565950555595774,0.011291242263550133,0.10417671754670588,0.11856272205649931,-0.03490348886886206,-0.5895804390651831
G32,G32__mom_255_21__top50__monthly__long_short,long_short,mom_255_21,50,monthly,base,5.0,0.01,True,,True,True,0,0,2134.0,0.4852621376849011,0.047822940451562435,0.11277660163032069,0.47078592527870067,0.22373033623837132,0.3014978104029039,-0.21867186462633736,1192.0,0.2186972728900512,0.5844798739139013,7.040051864612427,0.03207576592944419,15.0,39.0,10.0,0.0,0.0,0.9118546460691875,0.3565950555595774,1.0,0.23529411764705882,0.0,0.00025328597330413874,0.4575276580149483,0.45727437204164423,0.9148020300565926,0.00025328597330413874,0.0415980021610288,2134.0,-0.10186022590502572,-0.08583689474228887,-0.020271487574848278,0.05623478204976995,0.02780874445975542,0.2259066626830728,-0.450895182529108,1.0,0.0,24,0.23529411764705882,0.6253822457940473,0.3565950555595774,0.011720199780149737,0.09776026663615353,0.11959115460528141,-0.03491475750581552,-0.5899248428401442
G32,G32__mom_255_21__top50__monthly__long_short,long_short,mom_255_21,50,monthly,base,5.0,0.03,True,,False,True,0,0,2134.0,0.37677168867809896,0.038479530928233086,0.11281664181971261,0.3912536198115557,0.14426388851118055,0.193761876256106,-0.23663599147191627,1220.0,0.16261064383690677,0.5847498302712526,7.0433034851416485,0.03090635875869518,15.0,39.0,10.0,0.0,0.0,0.9118546460691875,0.3565950555595774,1.0,0.23529411764705882,0.0,0.00025327502124179144,0.457713937559843,0.4574606625386013,0.9151746000984443,0.00025327502124179144,0.1189101944271091,2134.0,-0.11081394316639737,-0.0939884630405179,-0.02029703494081021,0.04728502345143471,0.018858056334004496,0.22593081788440858,-0.490477324891075,1.0,0.0,24,0.23529411764705882,0.6253822457940473,0.3565950555595774,0.012553754550197787,0.08511090454166205,0.12052648673000682,-0.03493690488447378,-0.5906102082464484
G32,G32__mom_255_21__top50__monthly__long_short,long_short,mom_255_21,50,monthly,base,10.0,0.0,True,,False,True,0,0,2134.0,0.4981644889146497,0.0488937248660537,0.11276610182927528,0.47987847762144503,0.2328026638049791,0.3137926437315859,-0.2170819610525636,1173.0,0.22523163430523235,0.5843443956273224,7.0384200305551525,0.06439514560208129,15.0,39.0,10.0,0.0,0.0,0.9118546460691875,0.3565950555595774,1.0,0.23529411764705882,0.0,0.00025329140502514775,0.45743321333078485,0.45717992192575974,0.9146131352565446,0.00025329140502514775,0.0,2134.0,-0.10083983738020619,-0.08490269911856026,-0.020242418328158537,0.05725066618253047,0.028825507421666136,0.22589668278657635,-0.4463980441690598,1.0,0.0,24,0.23529411764705882,0.6253822457940473,0.3565950555595774,0.0115576521331218,0.0987787620564789,0.11916411843321006,-0.03489139657821501,-0.5895804390651831
G32,G32__mom_255_21__top50__monthly__long_short,long_short,mom_255_21,50,monthly,base,10.0,0.01,True,,False,True,0,0,2134.0,0.44162155216304844,0.044139303593550894,0.11278638932615537,0.4395256635702333,0.19248302838916434,0.2590076431366703,-0.22604173423654683,1206.0,0.19527059347085107,0.5844798739139013,7.040051864612427,0.06318754334042377,15.0,39.0,10.0,0.0,0.0,0.9118546460691875,0.3565950555595774,1.0,0.23529411764705882,0.0,0.00025328597330413874,0.4575276580149483,0.45727437204164423,0.9148020300565926,0.00025328597330413874,0.04094578330538625,2134.0,-0.10538135004307454,-0.08905064849663093,-0.02025534126066504,0.05271115597797082,0.024285526733750652,0.22590891725525716,-0.4664771595713635,1.0,0.0,24,0.23529411764705882,0.6253822457940473,0.3565950555595774,0.011983741842432893,0.09236605853404774,0.11969993133425566,-0.03490263788885292,-0.5899248428401442
G32,G32__mom_255_21__top50__monthly__long_short,long_short,mom_255_21,50,monthly,base,10.0,0.03,True,,False,True,0,0,2134.0,0.3363003986882198,0.03482705691628141,0.11282649302481416,0.35999790121207875,0.11302148863209911,0.15157708965882,-0.24383938769402225,1463.0,0.14282785585068625,0.5847498302712526,7.0433034851416485,0.0608954627391379,15.0,39.0,10.0,0.0,0.0,0.9118546460691875,0.3565950555595774,1.0,0.23529411764705882,0.0,0.00025327502124179144,0.457713937559843,0.4574606625386013,0.9151746000984443,0.00025327502124179144,0.11706808829904698,2134.0,-0.11433656196329132,-0.09717502906778935,-0.020280809822914355,0.04375989050985079,0.015333333855942979,0.22593309282203866,-0.506063810905962,1.0,0.0,24,0.23529411764705882,0.6253822457940473,0.3565950555595774,0.012811702804350705,0.0797241474976032,0.12059268229857023,-0.03492473142226944,-0.5906102082464484
G32,G32__mom_255_21__top50__monthly__long_short,long_short,mom_255_21,50,monthly,base,20.0,0.0,True,,False,True,0,0,2134.0,0.41139779447361224,0.04153007965652189,0.11281414485283653,0.41726395094941854,0.17027631394186923,0.22884825142051823,-0.23156486259867637,1209.0,0.17934534277118466,0.5843443956273224,7.0384200305551525,0.12495189237057536,15.0,39.0,10.0,0.0,0.0,0.9118546460691875,0.3565950555595774,1.0,0.23529411764705882,0.0,0.00025329140502514775,0.45743321333078485,0.45717992192575974,0.9146131352565446,0.00025329140502514775,0.0,2134.0,-0.10788058684906908,-0.09132704097145132,-0.02021020456308238,0.05020492506633842,0.021780580878291194,0.22591541885567665,-0.47752644505414354,1.0,0.0,24,0.23529411764705882,0.6253822457940473,0.3565950555595774,0.01208464051575759,0.08797263351077284,0.11941584550154272,-0.03486365654304238,-0.5895804390651831
G32,G32__mom_255_21__top50__monthly__long_short,long_short,mom_255_21,50,monthly,base,20.0,0.01,True,,False,True,0,0,2134.0,0.3581107571124442,0.036807341139531324,0.11283450445404233,0.37692605236277094,0.12997196693434168,0.17438513888727705,-0.24058062524223112,1406.0,0.15299378785166706,0.5844798739139013,7.040051864612427,0.12263236403634419,15.0,39.0,10.0,0.0,0.0,0.9118546460691875,0.3565950555595774,1.0,0.23529411764705882,0.0,0.00025328597330413874,0.4575276580149483,0.45727437204164423,0.9148020300565926,0.00025328597330413874,0.03968048379754046,2134.0,-0.112423598319172,-0.09544734903242136,-0.020223048632298336,0.045663903834372715,0.01723909128174129,0.22592767978135112,-0.49760878537757575,1.0,0.0,24,0.23529411764705882,0.6253822457940473,0.3565950555595774,0.012505035217967024,0.08157193116386077,0.1198736794224255,-0.03487484321631626,-0.5899248428401442
G32,G32__mom_255_21__top50__monthly__long_short,long_short,mom_255_21,50,monthly,base,20.0,0.03,True,,False,True,0,0,2134.0,0.25885595671845296,0.027557137561166734,0.11287474919383896,0.2974275764600944,0.05054044530492983,0.06758547715800514,-0.2580497879100464,1512.0,0.10679000275238698,0.5847498302712526,7.0433034851416485,0.1182290060424923,15.0,39.0,10.0,0.0,0.0,0.9118546460691875,0.3565950555595774,1.0,0.23529411764705882,0.0,0.00025327502124179144,0.457713937559843,0.4574606625386013,0.9151746000984443,0.00025327502124179144,0.11349378448025435,2134.0,-0.12138179955707913,-0.10351760069518734,-0.020248359587122712,0.036709624626683035,0.008283888899820038,0.225951906653278,-0.5372019265291657,1.0,0.0,24,0.23529411764705882,0.6253822457940473,0.3565950555595774,0.013321887860564633,0.06895380475096392,0.1206835032009157,-0.03489682908796894,-0.5906102082464484
G32,G32__mom_255_21__top50__weekly__long_only,long_only,mom_255_21,50,weekly,base,0.0,0.0,True,,False,True,1,0,2134.0,1.7246293703272642,0.12565324244521459,0.22032731611870526,0.64824932691618,0.5217785291204281,0.7078588830996335,-0.3370005633917206,362.0,0.37285766284953825,0.296670201804686,15.554749549916918,0.0,8.0,5.0,2.0,2.0,0.0,0.9302943151813015,0.41669783327900267,1.0,0.3761261261261261,0.0,0.9305120999301877,0.9305120999301877,0.0,0.9305120999301877,0.9305120999301877,0.0,2134.0,-0.012126828278144566,-0.01793459197060283,0.9486905043673436,-0.004176223739069615,-0.005597175527428537,0.12450072589109012,-0.09740367529063877,1.0,1.0,167,0.3761261261261261,0.8146747062305258,0.41669783327900267,-0.04674525547315572,-0.1438885127623084,0.021753032380711634,-0.020525883779125537,-1.0061275375340148
G32,G32__mom_255_21__top50__weekly__long_only,long_only,mom_255_21,50,weekly,base,5.0,0.0,True,,False,True,1,0,2134.0,1.5509505826099095,0.11693183842075383,0.22036483970596304,0.6128701657735266,0.48641974049688547,0.6589369438227672,-0.33812511682967195,614.0,0.34582417158810885,0.296670201804686,15.554749549916918,0.08160870012269988,8.0,5.0,2.0,2.0,0.0,0.9302943151813015,0.41669783327900267,1.0,0.3761261261261261,0.0,0.9305120999301877,0.9305120999301877,0.0,0.9305120999301877,0.9305120999301877,0.0,2134.0,-0.01989882681209347,-0.0255434975188727,0.9488306983762334,-0.01196994587621685,-0.013386984571030427,0.12452567023169916,-0.15979698623640126,1.0,1.0,167,0.3761261261261261,0.8146747062305258,0.41669783327900267,-0.04579791433226546,-0.14481145400283063,0.021274175679413254,-0.020511834495780867,-1.0061275375340148
G32,G32__mom_255_21__top50__weekly__long_only,long_only,mom_255_21,50,weekly,base,10.0,0.0,True,,True,True,1,0,2134.0,1.3883162305948478,0.10827655197506458,0.22040720166610364,0.5774903739312618,0.4510630876592474,0.610159974149058,-0.3468980357920035,787.0,0.3121278900523556,0.296670201804686,15.554749549916918,0.15738199962022487,8.0,5.0,2.0,2.0,0.0,0.9302943151813015,0.41669783327900267,1.0,0.3761261261261261,0.0,0.9305120999301877,0.9305120999301877,0.0,0.9305120999301877,0.9305120999301877,0.0,2134.0,-0.02767082534604247,-0.033094719417752376,0.9489708923851228,-0.01976366801336411,-0.02117679361463244,0.12455918257191714,-0.22215002358470098,1.0,1.0,167,0.3761261261261261,0.8146747062305258,0.41669783327900267,-0.044862499407690215,-0.1457266646942701,0.013146436787572768,-0.020497901500292653,-1.0061275375340148
G32,G32__mom_255_21__top50__weekly__long_only,long_only,mom_255_21,50,weekly,base,20.0,0.0,True,,False,True,1,0,2134.0,1.0934226102056575,0.09116237426778095,0.22050642923241975,0.5067382417300285,0.38036551413744224,0.5130496015070317,-0.36410111167199644,1360.0,0.25037653373029345,0.296670201804686,15.554749549916918,0.29299531294748804,8.0,5.0,2.0,2.0,0.0,0.9302943151813015,0.41669783327900267,1.0,0.3761261261261261,0.0,0.9305120999301877,0.9305120999301877,0.0,0.9305120999301877,0.9305120999301877,0.0,2134.0,-0.04321482241394034,-0.04802582011505206,0.9492512804029022,-0.03535111228765861,-0.03675641170183634,0.12465188184259027,-0.3466840754840091,1.0,1.0,167,0.3761261261261261,0.8146747062305258,0.41669783327900267,-0.04302694511524294,-0.14753309198874476,0.009433619923827352,-0.020470388525640038,-1.0061275375340148
G32,G32__mom_255_21__top50__weekly__long_short,long_short,mom_255_21,50,weekly,base,0.0,0.0,True,,False,True,9,0,2134.0,0.5906383289680344,0.05633869356672361,0.11379259102808324,0.5387448793153851,0.2939423327893347,0.3967629498451737,-0.25100831554538516,1141.0,0.22444951054435058,0.2830246296991751,14.839296985839413,0.0,16.0,36.0,8.0,12.0,3.0,0.9134300772617175,0.36992985663524897,1.0,0.240990990990991,0.0,0.0002247897979719671,0.45708265696415207,0.4568578671661801,0.9139405241303322,0.0002247897979719671,0.0,2134.0,-0.093648686932934,-0.07840740736342972,-0.033905446994205876,0.06655895569715008,0.03775732564248859,0.2286221370234614,-0.4096221308758202,1.0,0.0,107,0.240990990990991,0.6407752738710524,0.36992985663524897,0.011088307232684905,0.10787585085312237,0.12358285768721422,-0.03183310670292365,-1.3022877716696666
G32,G32__mom_255_21__top50__weekly__long_short,long_short,mom_255_21,50,weekly,base,0.0,0.01,True,,False,True,9,0,2134.0,0.5305940661465134,0.05154961493812471,0.11379820486453528,0.4987865724138336,0.25398106393338965,0.3422486173683334,-0.2563098505700604,1166.0,0.20112225426948235,0.28304183869521904,14.840199272694782,0.0,16.0,36.0,8.0,12.0,3.0,0.9134300772617175,0.36992985663524897,1.0,0.240990990990991,0.0,0.00022481435628092758,0.4571085822360031,0.45688376787972224,0.9139923501157253,0.00022481435628092758,0.041741027805244565,2134.0,-0.09819284610211486,-0.08258559322043704,-0.03391566876674734,0.06201638043110766,0.03321435838663006,0.22862657757675597,-0.42949007566344266,1.0,0.0,107,0.240990990990991,0.6407752738710524,0.36992985663524897,0.01148980855273981,0.10211478712908986,0.12424153523539072,-0.03183724339819442,-1.3024965508629478
G32,G32__mom_255_21__top50__weekly__long_short,long_short,mom_255_21,50,weekly,base,0.0,0.03,True,,False,True,9,0,2134.0,0.41880059067512754,0.04217368848689351,0.11380935400899822,0.4200410754772663,0.1752304805699301,0.23535020198580742,-0.2674793386659048,1218.0,0.1576708268281259,0.28307613328229736,14.841997376143246,0.0,16.0,36.0,8.0,12.0,3.0,0.9134300772617175,0.36992985663524897,1.0,0.240990990990991,0.0,0.00022486278595938795,0.45715968591528666,0.45693482312932726,0.9140945090446139,0.00022486278595938795,0.11925324449581765,2134.0,-0.10714925919603112,-0.09076553060149158,-0.033935816970254856,0.05306308937915042,0.024260294679798535,0.22863537218291816,-0.46864690346473203,1.0,0.0,107,0.240990990990991,0.6407752738710524,0.36992985663524897,0.012269405762454014,0.09075901543714139,0.12534201364515513,-0.03184531592029177,-1.302912855881944
G32,G32__mom_255_21__top50__weekly__long_short,long_short,mom_255_21,50,weekly,base,5.0,0.0,True,,False,True,9,0,2134.0,0.49376362435509535,0.04852940795036842,0.11379693475922802,0.47351143649955624,0.22869424884076434,0.30781637859328953,-0.2605442839481593,1203.0,0.18626164894112338,0.2830246296991751,14.839296985839413,0.06702908947448367,16.0,36.0,8.0,12.0,3.0,0.9134300772617175,0.36992985663524897,1.0,0.240990990990991,0.0,0.0002247897979719671,0.45708265696415207,0.4568578671661801,0.9139405241303322,0.0002247897979719671,0.0,2134.0,-0.10106971260625532,-0.08522054392810176,-0.03380320802939521,0.059122087701317654,0.03032322398394728,0.22860783180572947,-0.4421095804458011,1.0,0.0,107,0.240990990990991,0.6407752738710524,0.36992985663524897,0.01168178313323412,0.09807023937145853,0.12432801295668378,-0.03186747019076537,-1.3022877716696666
G32,G32__mom_255_21__top50__weekly__long_short,long_short,mom_255_21,50,weekly,base,5.0,0.01,True,,False,True,9,0,2134.0,0.4373707472562429,0.043775262985525476,0.11380259578303298,0.4335549508413151,0.18873513722699314,0.2536069989185363,-0.2657787837289497,1207.0,0.16470563365271845,0.28304183869521904,14.840199272694782,0.0657415185605445,16.0,36.0,8.0,12.0,3.0,0.9134300772617175,0.36992985663524897,1.0,0.240990990990991,0.0,0.00022481435628092758,0.4571085822360031,0.45688376787972224,0.9139923501157253,0.00022481435628092758,0.040385071497400025,2134.0,-0.10561418383301675,-0.08936825224419705,-0.033813463077134606,0.05457920553381514,0.025779948887226,0.22861230159289397,-0.4619794433507404,1.0,0.0,107,0.240990990990991,0.6407752738710524,0.36992985663524897,0.012077064317890275,0.09230128162365454,0.1249566977860962,-0.03187157162632931,-1.3024965508629478
G32,G32__mom_255_21__top50__weekly__long_short,long_short,mom_255_21,50,weekly,base,5.0,0.03,True,,False,True,9,0,2134.0,0.33237608949405884,0.03446772475844018,0.11381383761282074,0.3548131024099957,0.10998886382739316,0.14730684169248626,-0.2818277183458855,1480.0,0.12230069121922969,0.28307613328229736,14.841997376143246,0.06329961528165974,16.0,36.0,8.0,12.0,3.0,0.9134300772617175,0.36992985663524897,1.0,0.240990990990991,0.0,0.00022486278595938795,0.45715968591528666,0.45693482312932726,0.9140945090446139,0.00022486278595938795,0.1154276121563147,2134.0,-0.11457122183275129,-0.09748852497301298,-0.03383367673118716,0.04562529971785439,0.01682526856793798,0.22862115364527438,-0.5011400738993668,1.0,0.0,107,0.240990990990991,0.6407752738710524,0.36992985663524897,0.012844535302746676,0.08093008270259286,0.1251238679468939,-0.03187957471034397,-1.302912855881944
G32,G32__mom_255_21__top50__weekly__long_short,long_short,mom_255_21,50,weekly,base,10.0,0.0,True,,False,True,9,0,2134.0,0.40277464155938514,0.040776606920486236,0.11380989276033084,0.4082520705964654,0.16343901360357938,0.2193637261597006,-0.2708596165108409,1219.0,0.15054516965564038,0.2830246296991751,14.839296985839413,0.12981222823882904,16.0,36.0,8.0,12.0,3.0,0.9134300772617175,0.36992985663524897,1.0,0.240990990990991,0.0,0.0002247897979719671,0.45708265696415207,0.4568578671661801,0.9139405241303322,0.0002247897979719671,0.0,2134.0,-0.10849073827957693,-0.09198440105540219,-0.03370096906458456,0.05168521970548495,0.022889122325405683,0.22859781436065754,-0.4745921940811372,1.0,0.0,107,0.240990990990991,0.6407752738710524,0.36992985663524897,0.012265610477288337,0.08823207961119048,0.1248719329017382,-0.03190086644313096,-1.3022877716696666
G32,G32__mom_255_21__top50__weekly__long_short,long_short,mom_255_21,50,weekly,base,10.0,0.01,True,,True,True,9,0,2134.0,0.3498116402684568,0.03605714635168966,0.11381560124855297,0.36830048455205716,0.12348513964480394,0.16546128034345053,-0.2793848007761346,1462.0,0.12905908357048215,0.28304183869521904,14.840199272694782,0.12734537383981173,16.0,36.0,8.0,12.0,3.0,0.9134300772617175,0.36992985663524897,1.0,0.240990990990991,0.0,0.00022481435628092758,0.4571085822360031,0.45688376787972224,0.9139923501157253,0.00022481435628092758,0.03908670817929656,2134.0,-0.11303552156391788,-0.09610184930181385,-0.03371125738752185,0.047142030636523356,0.018345539387822695,0.22860231365580658,-0.49446359381169264,1.0,0.0,107,0.240990990990991,0.6407752738710524,0.36992985663524897,0.012654741645612963,0.08245651147147594,0.124887736433196,-0.031904932576478834,-1.3024965508629478
G32,G32__mom_255_21__top50__weekly__long_short,long_short,mom_255_21,50,weekly,base,10.0,0.03,True,,False,True,9,0,2134.0,0.25120332336405893,0.02681750839749708,0.11382693632656937,0.2895683504061668,0.04474924589080907,0.05976326929310803,-0.2958973505674144,1512.0,0.09063112037357442,0.28307613328229736,14.841997376143246,0.12266598955201927,16.0,36.0,8.0,12.0,3.0,0.9134300772617175,0.36992985663524897,1.0,0.240990990990991,0.0,0.00022486278595938795,0.45715968591528666,0.45693482312932726,0.9140945090446139,0.00022486278595938795,0.11176350826357422,2134.0,-0.1219931844694712,-0.10416288308679861,-0.03373153649211933,0.038187510056558585,0.009390242456077679,0.22861122370542988,-0.5336272755648335,1.0,0.0,107,0.240990990990991,0.6407752738710524,0.36992985663524897,0.013410223276244181,0.07107241481325077,0.12485813343779673,-0.031912866144161334,-1.302912855881944
G32,G32__mom_255_21__top50__weekly__long_short,long_short,mom_255_21,50,weekly,base,20.0,0.0,True,,False,True,9,0,2134.0,0.23704849781500759,0.025438863085147423,0.11386163785311484,0.2777148969867851,0.032966391540311786,0.043998754851593096,-0.29915092332419335,1521.0,0.08503688640659494,0.2830246296991751,14.839296985839413,0.24368964354807568,16.0,36.0,8.0,12.0,3.0,0.9134300772617175,0.36992985663524897,1.0,0.240990990990991,0.0,0.0002247897979719671,0.45708265696415207,0.4568578671661801,0.9139405241303322,0.0002247897979719671,0.0,2134.0,-0.12333278962621927,-0.10536566900714017,-0.03349649113496329,0.03681148371382045,0.008020919008323376,0.22859064480202898,-0.5395355953128864,1.0,0.0,107,0.240990990990991,0.6407752738710524,0.36992985663524897,0.013404757700989122,0.06848263497458779,0.12438372047592244,-0.03196474058829715,-1.3022877716696666
G32,G32__mom_255_21__top50__weekly__long_short,long_short,mom_255_21,50,weekly,base,20.0,0.01,True,,False,True,9,0,2134.0,0.19033353019994093,0.020788030450339612,0.1138674420584687,0.23778232950661768,-0.006967782580623142,-0.00928405120542476,-0.3073468891368072,1528.0,0.06763702898937227,0.28304183869521904,14.840199272694782,0.23915917140311543,16.0,36.0,8.0,12.0,3.0,0.9134300772617175,0.36992985663524897,1.0,0.240990990990991,0.0,0.00022481435628092758,0.4571085822360031,0.45688376787972224,0.9139923501157253,0.00022481435628092758,0.03665205421455109,2134.0,-0.12787819702572117,-0.10942324346875498,-0.03350684600829633,0.03226768084193879,0.003476720389015089,0.22859520392892183,-0.5594089238437521,1.0,0.0,107,0.240990990990991,0.6407752738710524,0.36992985663524897,0.013781796455410111,0.06269770348590425,0.12433810846270771,-0.03196873602599869,-1.3024965508629478
G32,G32__mom_255_21__top50__weekly__long_short,long_short,mom_255_21,50,weekly,base,20.0,0.03,True,,False,True,9,0,2134.0,0.10335881293745475,0.011682742782425093,0.11387896523736728,0.1590877900292648,-0.0856647410822171,-0.11376657205909949,-0.32322175238621564,1561.0,0.03614466754225581,0.28307613328229736,14.841997376143246,0.2305617708138013,16.0,36.0,8.0,12.0,3.0,0.9134300772617175,0.36992985663524897,1.0,0.240990990990991,0.0,0.00022486278595938795,0.45715968591528666,0.45693482312932726,0.9140945090446139,0.00022486278595938795,0.10488995983663922,2134.0,-0.13683710974291144,-0.11736706463111456,-0.03352725601398361,0.02331193073396653,-0.005479809767643388,0.22860423161319635,-0.5985764514387599,1.0,0.0,107,0.240990990990991,0.6407752738710524,0.36992985663524897,0.014513704641014393,0.051295412425201595,0.12419226419416457,-0.03197653039764732,-1.302912855881944
